order_item_id,order_id,product_id,category,quantity,unit_price,item_discount,item_total,updated_at
ITEM000021426,ORD00004664,SKU00209,Electronics,2,731.51,146.3,1316.72,2026-09-27 10:00:00
ITEM000009868,ORD00005082,SKU00294,Sports,3,1437.95,287.59,2588.31,2026-09-27 10:00:00
ITEM000015419,ORD00004704,SKU00023,Beauty,3,139.02,41.71,375.35,2026-09-27 10:00:00
ITEM000018694,ORD00009138,SKU00336,Books,3,406.24,0.0,2031.2,2026-09-27 10:00:00
ITEM000007065,ORD00010779,SKU00305,Grocery,4,248.44,0.0,248.44,2026-09-27 10:00:00
ITEM000004826,ORD00001406,SKU00405,Fashion,4,498.48,99.7,897.26,2026-09-27 10:00:00
ITEM000005494,ORD00008409,SKU00160,Electronics,2,368.18,36.82,331.36,2026-09-27 10:00:00
ITEM000023219,ORD00011440,SKU00460,Home,4,409.22,0.0,409.22,2026-09-27 10:00:00
ITEM000000857,ORD00010398,SKU00294,Beauty,2,817.98,0.0,1635.96,2026-09-27 10:00:00
ITEM000016606,ORD00004329,SKU00018,Electronics,1,122.11,0.0,122.11,2026-09-27 10:00:00
ITEM000001518,ORD00000320,SKU00011,Sports,3,7033.15,0.0,14066.3,2026-09-27 10:00:00
ITEM000016266,ORD00004917,SKU00013,Home,3,101.97,0.0,101.97,2026-09-27 10:00:00
ITEM000022181,ORD00006653,SKU00275,Books,3,475.85,95.17,856.53,2026-09-27 10:00:00
ITEM000003628,ORD00004921,SKU00331,Beauty,2,421.44,0.0,842.88,2026-09-27 10:00:00
ITEM000016474,ORD00005689,SKU00251,Grocery,1,133.77,0.0,267.54,2026-09-27 10:00:00
ITEM000006658,ORD00003581,SKU00220,Grocery,1,1583.88,0.0,3167.76,2026-09-27 10:00:00
ITEM000021092,ORD00007708,SKU00010,Books,4,1325.69,0.0,2651.38,2026-09-27 10:00:00
ITEM000002774,ORD00010867,SKU00485,Electronics ,1,343.33,0.0,686.66,2026-09-27 10:00:00
ITEM000020679,ORD00003372,SKU00317,Books,4,196.5,0.0,589.5,2026-09-27 10:00:00
ITEM000000627,ORD00001845,SKU00361,Books,1,739.02,0.0,1478.04,2026-09-27 10:00:00
ITEM000019456,ORD00001931,SKU00121,Sports,3,379.92,37.99,721.85,2026-09-27 10:00:00
ITEM000019855,ORD00007071,SKU00324,Electronics,4,289.84,86.95,782.57,2026-09-27 10:00:00
ITEM000000813,ORD00009882,SKU00403,Books,4,525.24,78.79,446.45,2026-09-27 10:00:00
ITEM000021968,ORD00001692,SKU00029,Electronics,1,1505.22,451.57,2558.87,2026-09-27 10:00:00
ITEM000017961,ORD00000083,SKU00095,Beauty,4,282.78,84.83,480.73,2026-09-27 10:00:00
ITEM000021209,ORD00006393,SKU00074,Beauty,3,118.79,0.0,118.79,2026-09-27 10:00:00
ITEM000021555,ORD00001957,SKU00470,Beauty,3,201.22,0.0,201.22,2026-09-27 10:00:00
ITEM000018046,ORD00008893,SKU00250,Grocery,3,168.49,25.27,143.22,2026-09-27 10:00:00
ITEM000018698,ORD00003564,SKU00438,Beauty,4,369.56,55.43,314.13,2026-09-27 10:00:00
ITEM000017104,ORD00004666,SKU00227,Books,4,588.53,88.28,1677.31,2026-09-27 10:00:00
ITEM000000631,ORD00009823,SKU00403,Books,2,908.57,90.86,1726.28,2026-09-27 10:00:00
ITEM000024979,ORD00000257,SKU00166,Books,1,1021.07,204.21,3880.07,2026-09-27 10:00:00
ITEM000019896,ORD00003484,SKU00069,Electronics,1,381.73,0.0,381.73,2026-09-27 10:00:00
ITEM000012786,ORD00006045,SKU00159,Sports,2,174.86,0.0,524.58,2026-09-27 10:00:00
ITEM000017082,ORD00006897,SKU00482,Sports,2,284.16,0.0,568.32,2026-09-27 10:00:00
ITEM000003078,ORD00002498,SKU00111,Sports,1,1025.3,0.0,2050.6,2026-09-27 10:00:00
ITEM000002768,ORD00000829,SKU00380,Sports,4,1259.94,125.99,1133.95,2026-09-27 10:00:00
ITEM000006897,ORD00004210,SKU00349,Electronics,1,663.17,33.16,630.01,2026-09-27 10:00:00
ITEM000022230,ORD00004991,SKU00154,Beauty,4,647.8,32.39,615.41,2026-09-27 10:00:00
ITEM000015375,ORD00000076,SKU00042,Grocery,4,307.09,92.13,829.14,2026-09-27 10:00:00
ITEM000023424,ORD00011284,SKU00278,Grocery,4,280.84,0.0,842.52,2026-09-27 10:00:00
ITEM000020580,ORD00007972,SKU00085,Fashion,3,338.54,0.0,338.54,2026-09-27 10:00:00
ITEM000014249,ORD00010865,SKU00121,Fashion,4,349.4,0.0,698.8,2026-09-27 10:00:00
ITEM000003230,ORD00002287,SKU00124,Beauty,3,170.14,0.0,170.14,2026-09-27 10:00:00
ITEM000006738,ORD00011541,SKU00049,Home,3,153.01,0.0,459.03,2026-09-27 10:00:00
ITEM000000232,ORD00001317,SKU00141,Grocery,3,182.17,0.0,182.17,2026-09-27 10:00:00
ITEM000008697,ORD00006102,SKU00455,Home,2,112.13,11.21,100.92,2026-09-27 10:00:00
ITEM000012571,ORD00010256,SKU00129,Electronics,1,461.18,46.12,415.06,2026-09-27 10:00:00
ITEM000019217,ORD00007439,SKU00356,Home,3,309.13,0.0,927.39,2026-09-27 10:00:00
ITEM000024608,ORD00007241,SKU00226,Beauty,3,633.47,0.0,633.47,2026-09-27 10:00:00
ITEM000001278,ORD00001980,SKU00020,Grocery,2,1377.94,0.0,1377.94,2026-09-27 10:00:00
ITEM000021417,ORD00005726,SKU00403,Home,4,903.19,180.64,1625.74,2026-09-27 10:00:00
ITEM000020298,ORD00005587,SKU00126,Sports,3,766.22,0.0,2298.66,2026-09-27 10:00:00
ITEM000022814,ORD00000221,SKU00101,Home,4,118.17,0.0,236.34,2026-09-27 10:00:00
ITEM000017555,ORD00000844,SKU00469,Beauty,2,832.82,83.28,749.54,2026-09-27 10:00:00
ITEM000005204,ORD00005035,SKU00028,Home,4,486.67,0.0,973.34,2026-09-27 10:00:00
ITEM000010815,ORD00008057,SKU00306,Sports,4,83.34,0.0,83.34,2026-09-27 10:00:00
ITEM000006022,ORD00010859,SKU00178,Sports,2,243.93,0.0,731.79,2026-09-27 10:00:00
ITEM000005911,ORD00001774,SKU00308,Sports,2,505.96,101.19,910.73,2026-09-27 10:00:00
ITEM000022480,ORD00004677,SKU00374,Sports,1,195.5,58.65,332.35,2026-09-27 10:00:00
ITEM000017822,ORD00001398,SKU00050,Grocery,3,69.03,0.0,138.06,2026-09-27 10:00:00
ITEM000007403,ORD00011358,SKU00469,Electronics,3,402.78,0.0,402.78,2026-09-27 10:00:00
ITEM000006548,ORD00001745,SKU00298,Fashion,2,463.31,0.0,1853.24,2026-09-27 10:00:00
ITEM000006527,ORD00002441,SKU00118,Sports,2,803.51,0.0,803.51,2026-09-27 10:00:00
ITEM000004945,ORD00001855,SKU00403,Beauty,4,319.5,0.0,319.5,2026-09-27 10:00:00
ITEM000018995,ORD00011021,SKU00438,Grocery,4,136.7,0.0,136.7,2026-09-27 10:00:00
ITEM000022355,ORD00011553,SKU00084,Grocery,2,348.11,0.0,348.11,2026-09-27 10:00:00
ITEM000004883,ORD00008479,SKU00376,Books,4,166.84,0.0,166.84,2026-09-27 10:00:00
ITEM000004971,ORD00007896,SKU00131,Grocery,4,401.68,0.0,401.68,2026-09-27 10:00:00
ITEM000011424,ORD00008994,SKU00178,Home,3,464.3,0.0,464.3,2026-09-27 10:00:00
ITEM000009378,ORD00004849,SKU00049,Grocery,3,491.76,0.0,983.52,2026-09-27 10:00:00
ITEM000022539,ORD00001512,SKU00062,Electronics,4,80.06,12.01,68.05,2026-09-27 10:00:00
ITEM000013485,ORD00006585,SKU00202,Grocery,3,585.63,58.56,1112.7,2026-09-27 10:00:00
ITEM000004282,ORD00004852,SKU00133,Home,4,172.55,0.0,345.1,2026-09-27 10:00:00
ITEM000021213,ORD00001277,SKU00181,Home,1,1228.87,245.77,2211.97,2026-09-27 10:00:00
ITEM000003015,ORD00006175,SKU00431,Books,4,273.54,13.68,259.86,2026-09-27 10:00:00
ITEM000006860,ORD00006509,SKU00180,Sports,4,307.4,0.0,922.2,2026-09-27 10:00:00
ITEM000010307,ORD00005782,SKU00054,Fashion,4,94.85,18.97,170.73,2026-09-27 10:00:00
ITEM000017187,ORD00005218,SKU00055,Sports,4,319.13,15.96,303.17,2026-09-27 10:00:00
ITEM000008389,ORD00007646,SKU00028,Books,1,731.52,73.15,658.37,2026-09-27 10:00:00
ITEM000009725,ORD00007571,SKU00493,Grocery,2,294.39,58.88,529.9,2026-09-27 10:00:00
ITEM000015632,ORD00002909,SKU00250,Fashion,4,117.77,0.0,235.54,2026-09-27 10:00:00
ITEM000021726,ORD00006032,SKU00456,Sports,1,190.9,114.54,649.06,2026-09-27 10:00:00
ITEM000014211,ORD00011598,SKU00307,Sports,1,175.06,0.0,350.12,2026-09-27 10:00:00
ITEM000012631,ORD00006766,SKU00410,Electronics,1,367.74,0.0,367.74,2026-09-27 10:00:00
ITEM000016090,ORD00006809,SKU00132,Grocery,2,199.29,19.93,179.36,2026-09-27 10:00:00
ITEM000022765,ORD00000187,SKU00169,Electronics,4,332.17,0.0,332.17,2026-09-27 10:00:00
ITEM000004537,ORD00002010,SKU00248,Electronics,1,351.29,0.0,351.29,2026-09-27 10:00:00
ITEM000016142,ORD00008578,SKU00478,Books,4,342.54,34.25,650.83,2026-09-27 10:00:00
ITEM000017838,ORD00005236,SKU00117,Grocery,1,661.96,0.0,1323.92,2026-09-27 10:00:00
ITEM000011325,ORD00001774,SKU00070,Beauty,3,1509.34,0.0,1509.34,2026-09-27 10:00:00
ITEM000012230,ORD00010992,SKU00053,Home,2,423.08,63.46,359.62,2026-09-27 10:00:00
ITEM000013848,ORD00002951,SKU00245,Books,3,161.41,0.0,322.82,2026-09-27 10:00:00
ITEM000005966,ORD00002750,SKU00391,Beauty,1,327.73,65.55,589.91,2026-09-27 10:00:00
ITEM000002162,ORD00004803,SKU00273,Books,4,445.9,66.88,379.02,2026-09-27 10:00:00
ITEM000015953,ORD00008200,SKU00269,Fashion,4,154.89,15.49,294.29,2026-09-27 10:00:00
ITEM000005070,ORD00007956,SKU00037,Books,1,117.51,0.0,235.02,2026-09-27 10:00:00
ITEM000021854,ORD00001474,SKU00314,Sports,1,1139.66,0.0,2279.32,2026-09-27 10:00:00
ITEM000013565,ORD00002611,SKU00020,Fashion,3,375.57,112.67,1014.04,2026-09-27 10:00:00
ITEM000021492,ORD00011663,SKU00036,Grocery,4,256.81,0.0,513.62,2026-09-27 10:00:00
ITEM000009247,ORD00007370,SKU00024,Books,2,792.61,0.0,1585.22,2026-09-27 10:00:00
ITEM000020634,ORD00008087,SKU00132,Grocery,3,669.9,33.49,636.41,2026-09-27 10:00:00
ITEM000001627,ORD00006033,SKU00261,Books,2,277.64,0.0,277.64,2026-09-27 10:00:00
ITEM000009478,ORD00004301,SKU00099,Grocery,2,360.69,0.0,360.69,2026-09-27 10:00:00
ITEM000019894,ORD00007080,SKU00157,Electronics,4,319.05,0.0,319.05,2026-09-27 10:00:00
ITEM000005528,ORD00004280,SKU00124,Beauty,4,60.34,0.0,60.34,2026-09-27 10:00:00
ITEM000021369,ORD00011091,SKU00182,Home,4,55.04,0.0,275.2,2026-09-27 10:00:00
ITEM000017021,ORD00000316,SKU00101,Grocery,1,299.36,14.97,284.39,2026-09-27 10:00:00
ITEM000019427,ORD00004512,SKU00367,Sports,4,324.7,0.0,324.7,2026-09-27 10:00:00
ITEM000004369,ORD00007714,SKU00411,Electronics,2,703.44,0.0,703.44,2026-09-27 10:00:00
ITEM000001865,ORD00003694,SKU00385,Sports,1,192.83,19.28,366.38,2026-09-27 10:00:00
ITEM000019108,ORD00005935,SKU00087,Electronics,3,171.55,25.73,488.92,2026-09-27 10:00:00
ITEM000001638,ORD00006140,SKU00072,Beauty,3,162.5,0.0,487.5,2026-09-27 10:00:00
ITEM000000564,ORD00002478,SKU00250,Books,3,131.9,13.19,250.61,2026-09-27 10:00:00
ITEM000005433,ORD00005657,SKU00088,Sports,1,268.98,0.0,806.94,2026-09-27 10:00:00
ITEM000012211,ORD00000912,SKU00076,Home,2,232.98,69.89,629.05,2026-09-27 10:00:00
ITEM000024847,ORD00000014,SKU00282,Grocery,1,562.0,28.1,533.9,2026-09-27 10:00:00
ITEM000005864,ORD00010567,SKU00444,Electronics ,1,461.15,0.0,461.15,2026-09-27 10:00:00
ITEM000022333,ORD00010178,SKU00411,Beauty,3,532.93,159.88,1438.91,2026-09-27 10:00:00
ITEM000014373,ORD00006774,SKU00389,Fashion,2,586.8,0.0,586.8,2026-09-27 10:00:00
ITEM000024840,ORD00000496,SKU00269,Beauty,4,1036.07,51.8,984.27,2026-09-27 10:00:00
ITEM000004895,ORD00009704,SKU00156,Sports,3,268.1,53.62,482.58,2026-09-27 10:00:00
ITEM000003460,ORD00011744,SKU00231,Sports,2,471.2,0.0,471.2,2026-09-27 10:00:00
ITEM000018628,ORD00005322,SKU00430,Beauty,2,1018.71,0.0,2037.42,2026-09-27 10:00:00
ITEM000010706,ORD00003326,SKU00333,Home,3,143.37,0.0,286.74,2026-09-27 10:00:00
ITEM000024405,ORD00001212,SKU00296,Books,3,194.51,9.73,184.78,2026-09-27 10:00:00
ITEM000023772,ORD00007621,SKU00219,Home,4,224.68,0.0,224.68,2026-09-27 10:00:00
ITEM000018489,ORD00000877,SKU00456,Fashion,1,743.98,0.0,743.98,2026-09-27 10:00:00
ITEM000011401,ORD00004102,SKU00310,Beauty,1,330.43,0.0,330.43,2026-09-27 10:00:00
ITEM000003146,ORD00000197,SKU00117,Sports,1,265.9,0.0,265.9,2026-09-27 10:00:00
ITEM000024446,ORD00005198,SKU00464,Electronics ,3,308.48,30.85,277.63,2026-09-27 10:00:00
ITEM000015883,ORD00005630,SKU00122,Books,1,314.06,31.41,596.71,2026-09-27 10:00:00
ITEM000014818,ORD00009323,SKU00167,Sports,1,90.04,0.0,90.04,2026-09-27 10:00:00
ITEM000005753,ORD00007567,SKU00279,Sports,2,368.85,55.33,313.52,2026-09-27 10:00:00
ITEM000020503,ORD00005387,SKU00289,Sports,4,176.29,0.0,176.29,2026-09-27 10:00:00
ITEM000000640,ORD00010570,SKU00031,Books,3,329.65,32.96,296.69,2026-09-27 10:00:00
ITEM000016661,ORD00006657,SKU00051,Sports,3,807.26,0.0,807.26,2026-09-27 10:00:00
ITEM000002068,ORD00009868,SKU00150,Beauty,2,263.01,0.0,526.02,2026-09-27 10:00:00
ITEM000007340,ORD00001835,SKU00422,Grocery,2,293.57,0.0,293.57,2026-09-27 10:00:00
ITEM000012346,ORD00006669,SKU00481,Home,3,293.83,117.53,1057.79,2026-09-27 10:00:00
ITEM000012561,ORD00007111,SKU00374,Grocery,1,304.86,0.0,304.86,2026-09-27 10:00:00
ITEM000013862,ORD00003511,SKU00118,Beauty,3,584.18,233.67,2103.05,2026-09-27 10:00:00
ITEM000022003,ORD00010960,SKU00166,Sports,3,442.23,0.0,2211.15,2026-09-27 10:00:00
ITEM000018741,ORD00009490,SKU00178,Home,1,435.75,65.36,1241.89,2026-09-27 10:00:00
ITEM000014054,ORD00007774,SKU00494,Beauty,2,373.97,74.79,673.15,2026-09-27 10:00:00
ITEM000021905,ORD00001598,SKU00487,Grocery,4,896.92,0.0,896.92,2026-09-27 10:00:00
ITEM000007523,ORD00007388,SKU00489,Grocery,1,466.54,0.0,933.08,2026-09-27 10:00:00
ITEM000000252,ORD00003844,SKU00485,Home,4,290.37,14.52,275.85,2026-09-27 10:00:00
ITEM000015990,ORD00008147,SKU00433,Sports,2,283.43,0.0,566.86,2026-09-27 10:00:00
ITEM000014774,ORD00001701,SKU00419,Fashion,1,297.87,0.0,297.87,2026-09-27 10:00:00
ITEM000021196,ORD00005442,SKU00465,Electronics,4,560.63,84.09,476.54,2026-09-27 10:00:00
ITEM000003561,ORD00003573,SKU00025,Books,3,151.85,0.0,303.7,2026-09-27 10:00:00
ITEM000021272,ORD00004379,SKU00033,Books,1,710.29,35.51,674.78,2026-09-27 10:00:00
ITEM000020710,ORD00000438,SKU00462,Beauty,3,1003.83,0.0,1003.83,2026-09-27 10:00:00
ITEM000012069,ORD00002724,SKU00012,Home,3,371.71,0.0,371.71,2026-09-27 10:00:00
ITEM000008179,ORD00009012,SKU00022,Sports,1,85.18,8.52,76.66,2026-09-27 10:00:00
ITEM000009880,ORD00011825,SKU00366,Home,2,225.48,0.0,225.48,2026-09-27 10:00:00
ITEM000011471,ORD00009039,SKU00077,Home,4,1077.84,161.68,3071.84,2026-09-27 10:00:00
ITEM000022222,ORD00011152,SKU00432,Sports,4,172.71,0.0,345.42,2026-09-27 10:00:00
ITEM000021447,ORD00001358,SKU00019,Home,3,154.56,0.0,309.12,2026-09-27 10:00:00
ITEM000006814,ORD00010651,SKU00047,Beauty,1,642.6,64.26,578.34,2026-09-27 10:00:00
ITEM000001245,ORD00001621,SKU00330,Electronics ,3,463.89,0.0,463.89,2026-09-27 10:00:00
ITEM000017700,ORD00004709,SKU00349,Electronics,4,1512.84,0.0,1512.84,2026-09-27 10:00:00
ITEM000020228,ORD00002918,SKU00129,Home,3,329.58,0.0,329.58,2026-09-27 10:00:00
ITEM000005800,ORD00002884,SKU00213,Fashion,3,198.11,0.0,396.22,2026-09-27 10:00:00
ITEM000001360,ORD00007972,SKU00459,Electronics,3,819.56,81.96,737.6,2026-09-27 10:00:00
ITEM000014432,ORD00002930,SKU00032,Sports,4,576.78,0.0,1153.56,2026-09-27 10:00:00
ITEM000012847,ORD00006842,SKU00466,Books,1,357.93,0.0,1073.79,2026-09-27 10:00:00
ITEM000012582,ORD00009938,SKU00118,Fashion,4,318.64,31.86,605.42,2026-09-27 10:00:00
ITEM000005736,ORD00001770,SKU00037,Beauty,2,1942.96,97.15,1845.81,2026-09-27 10:00:00
ITEM000010695,ORD00001850,SKU00323,Books,1,87.94,8.79,79.15,2026-09-27 10:00:00
ITEM000007508,ORD00008116,SKU00162,Home,4,98.41,4.92,93.49,2026-09-27 10:00:00
ITEM000018285,ORD00005737,SKU00075,Sports,2,284.66,42.7,811.28,2026-09-27 10:00:00
ITEM000002946,ORD00002495,SKU00170,Fashion,4,580.3,58.03,1102.57,2026-09-27 10:00:00
ITEM000012901,ORD00002327,SKU00374,Beauty,4,268.95,0.0,268.95,2026-09-27 10:00:00
ITEM000020062,ORD00004758,SKU00317,Beauty,2,241.32,24.13,458.51,2026-09-27 10:00:00
ITEM000002796,ORD00011940,SKU00281,Electronics,1,743.6,74.36,1412.84,2026-09-27 10:00:00
ITEM000006126,ORD00011210,SKU00064,Sports,4,1035.93,0.0,3107.79,2026-09-27 10:00:00
ITEM000007747,ORD00002913,SKU00115,Grocery,2,332.21,0.0,332.21,2026-09-27 10:00:00
ITEM000023533,ORD00010331,SKU00282,Grocery,2,76.18,0.0,304.72,2026-09-27 10:00:00
ITEM000022199,ORD00002706,SKU00079,Fashion,1,252.32,0.0,504.64,2026-09-27 10:00:00
ITEM000008199,ORD00008290,SKU00203,Fashion,2,129.84,12.98,246.7,2026-09-27 10:00:00
ITEM000003595,ORD00009269,SKU00475,Grocery,3,200.01,0.0,400.02,2026-09-27 10:00:00
ITEM000024378,ORD00005755,SKU00346,Home,1,851.28,0.0,851.28,2026-09-27 10:00:00
ITEM000019897,ORD00006147,SKU00409,Grocery,3,748.11,0.0,748.11,2026-09-27 10:00:00
ITEM000017450,ORD00010905,SKU00112,Books,4,253.45,0.0,1013.8,2026-09-27 10:00:00
ITEM000018621,ORD00004496,SKU00414,Beauty,1,719.73,35.99,683.74,2026-09-27 10:00:00
ITEM000019781,ORD00005540,SKU00078,Electronics,1,407.81,0.0,1223.43,2026-09-27 10:00:00
ITEM000017180,ORD00003505,SKU00088,Home,1,92.01,4.6,87.41,2026-09-27 10:00:00
ITEM000018493,ORD00009171,SKU00106,Sports,3,708.16,35.41,672.75,2026-09-27 10:00:00
ITEM000023869,ORD00011572,SKU00201,Home,1,218.34,0.0,218.34,2026-09-27 10:00:00
ITEM000006114,ORD00009830,SKU00482,Electronics,3,271.3,0.0,813.9,2026-09-27 10:00:00
ITEM000024915,ORD00009634,SKU00412,Fashion,2,102.15,51.08,459.67,2026-09-27 10:00:00
ITEM000024076,ORD00006072,SKU00485,Home,1,157.54,0.0,315.08,2026-09-27 10:00:00
ITEM000011583,ORD00004858,SKU00247,Grocery,4,320.16,80.04,1520.76,2026-09-27 10:00:00
ITEM000008547,ORD00000505,SKU00423,Sports,4,92.8,9.28,176.32,2026-09-27 10:00:00
ITEM000001712,ORD00008456,SKU00136,Electronics,4,109.42,5.47,103.95,2026-09-27 10:00:00
ITEM000009732,ORD00007136,SKU00132,Sports,2,347.56,34.76,312.8,2026-09-27 10:00:00
ITEM000014672,ORD00008743,SKU00331,Grocery,1,120.36,0.0,240.72,2026-09-27 10:00:00
ITEM000020987,ORD00010505,SKU00332,Electronics,3,396.11,79.22,713.0,2026-09-27 10:00:00
ITEM000006452,ORD00009891,SKU00020,Grocery,1,317.21,95.16,539.26,2026-09-27 10:00:00
ITEM000020621,ORD00004367,SKU00377,Grocery,1,864.65,0.0,864.65,2026-09-27 10:00:00
ITEM000022459,ORD00003332,SKU00211,Electronics,2,215.65,43.13,388.17,2026-09-27 10:00:00
ITEM000019877,ORD00007639,SKU00157,Sports,2,263.09,0.0,789.27,2026-09-27 10:00:00
ITEM000020250,ORD00010629,SKU00288,Grocery,1,248.89,0.0,248.89,2026-09-27 10:00:00
ITEM000008785,ORD00005234,SKU00057,Electronics,1,278.86,13.94,264.92,2026-09-27 10:00:00
ITEM000017751,ORD00011667,SKU00286,Home,3,142.0,0.0,142.0,2026-09-27 10:00:00
ITEM000008161,ORD00008483,SKU00227,Fashion,4,236.87,11.84,225.03,2026-09-27 10:00:00
ITEM000022293,ORD00002984,SKU00173,Books,2,828.51,82.85,1574.17,2026-09-27 10:00:00
ITEM000007069,ORD00003065,SKU00101,Fashion,2,738.03,73.8,664.23,2026-09-27 10:00:00
ITEM000019343,ORD00003446,SKU00254,Beauty,1,237.26,47.45,427.07,2026-09-27 10:00:00
ITEM000003191,ORD00007684,SKU00148,Beauty,3,576.46,57.65,1095.27,2026-09-27 10:00:00
ITEM000005243,ORD00008549,SKU00114,Books,3,145.29,43.59,392.28,2026-09-27 10:00:00
ITEM000017163,ORD00001138,SKU00397,Beauty,4,34.88,0.0,34.88,2026-09-27 10:00:00
ITEM000007893,ORD00009818,SKU00425,Electronics,2,627.91,0.0,627.91,2026-09-27 10:00:00
ITEM000013458,ORD00003115,SKU00381,Grocery,4,286.69,0.0,286.69,2026-09-27 10:00:00
ITEM000023731,ORD00009236,SKU00137,Books,3,200.61,30.09,571.74,2026-09-27 10:00:00
ITEM000017064,ORD00011116,SKU00355,Sports,4,347.66,0.0,695.32,2026-09-27 10:00:00
ITEM000012774,ORD00006164,SKU00342,Grocery,2,803.2,0.0,803.2,2026-09-27 10:00:00
ITEM000020476,ORD00009975,SKU00483,Books,4,68.45,0.0,205.35,2026-09-27 10:00:00
ITEM000020313,ORD00010885,SKU00314,Fashion,1,771.03,0.0,3855.15,2026-09-27 10:00:00
ITEM000008194,ORD00004575,SKU00082,Home,1,651.13,0.0,1953.39,2026-09-27 10:00:00
ITEM000002376,ORD00002227,SKU00067,Grocery,1,484.31,0.0,484.31,2026-09-27 10:00:00
ITEM000016763,ORD00010871,SKU00178,Fashion,3,330.78,16.54,314.24,2026-09-27 10:00:00
ITEM000023955,ORD00008462,SKU00019,Electronics,3,203.31,0.0,203.31,2026-09-27 10:00:00
ITEM000001057,ORD00003822,SKU00402,Electronics,3,831.61,498.97,2827.47,2026-09-27 10:00:00
ITEM000006928,ORD00007518,SKU00070,Electronics,2,375.33,0.0,1501.32,2026-09-27 10:00:00
ITEM000018696,ORD00006911,SKU00430,Home,3,213.52,32.03,608.53,2026-09-27 10:00:00
ITEM000021486,ORD00008852,SKU00358,Sports,2,343.14,17.16,325.98,2026-09-27 10:00:00
ITEM000017855,ORD00000066,SKU00078,Books,2,693.61,34.68,658.93,2026-09-27 10:00:00
ITEM000001816,ORD00005722,SKU00326,Electronics,2,663.62,66.36,597.26,2026-09-27 10:00:00
ITEM000020286,ORD00009251,SKU00171,Books,1,46.46,4.65,41.81,2026-09-27 10:00:00
ITEM000015013,ORD00003217,SKU00093,Sports,2,387.91,0.0,775.82,2026-09-27 10:00:00
ITEM000001867,ORD00000944,SKU00295,Home,2,592.01,0.0,592.01,2026-09-27 10:00:00
ITEM000014584,ORD00011925,SKU00448,Beauty,1,142.86,14.29,271.43,2026-09-27 10:00:00
ITEM000011026,ORD00001823,SKU00257,Sports,4,242.99,0.0,242.99,2026-09-27 10:00:00
ITEM000009036,ORD00009197,SKU00332,Sports,2,319.12,15.96,303.16,2026-09-27 10:00:00
ITEM000024887,ORD00002759,SKU00423,Beauty,2,215.73,0.0,431.46,2026-09-27 10:00:00
ITEM000006190,ORD00011788,SKU00412,Fashion,2,245.26,0.0,245.26,2026-09-27 10:00:00
ITEM000004947,ORD00003936,SKU00413,Sports,2,729.17,0.0,1458.34,2026-09-27 10:00:00
ITEM000017955,ORD00009120,SKU00153,Electronics,2,274.12,27.41,520.83,2026-09-27 10:00:00
ITEM000000465,ORD00006032,SKU00129,Grocery,1,456.05,45.6,410.45,2026-09-27 10:00:00
ITEM000010258,ORD00001598,SKU00427,Electronics,4,272.56,0.0,272.56,2026-09-27 10:00:00
ITEM000002869,ORD00004685,SKU00057,Home,4,640.51,128.1,1152.92,2026-09-27 10:00:00
ITEM000022687,ORD00007038,SKU00080,Electronics,3,290.35,29.04,261.31,2026-09-27 10:00:00
ITEM000006837,ORD00004130,SKU00043,Grocery,1,635.54,31.78,603.76,2026-09-27 10:00:00
ITEM000002091,ORD00002038,SKU00130,Grocery,2,179.73,0.0,539.19,2026-09-27 10:00:00
ITEM000020442,ORD00007102,SKU00262,Grocery,2,152.51,22.88,434.65,2026-09-27 10:00:00
ITEM000023494,ORD00005618,SKU00195,Fashion,4,321.49,48.22,916.25,2026-09-27 10:00:00
ITEM000017331,ORD00004814,SKU00324,Electronics,3,86.6,34.64,311.76,2026-09-27 10:00:00
ITEM000014894,ORD00001372,SKU00278,Grocery,1,1438.22,0.0,1438.22,2026-09-27 10:00:00
ITEM000012683,ORD00006852,SKU00302,Sports,4,371.09,37.11,333.98,2026-09-27 10:00:00
ITEM000000852,ORD00011113,SKU00362,Home,1,210.46,0.0,841.84,2026-09-27 10:00:00
ITEM000004183,ORD00000862,SKU00371,Beauty,4,280.79,28.08,533.5,2026-09-27 10:00:00
ITEM000002844,ORD00003916,SKU00340,Home,1,213.6,0.0,213.6,2026-09-27 10:00:00
ITEM000017999,ORD00007905,SKU00195,Beauty,4,182.99,91.5,823.45,2026-09-27 10:00:00
ITEM000007809,ORD00006845,SKU00420,Fashion,2,265.41,79.62,716.61,2026-09-27 10:00:00
ITEM000019733,ORD00003812,SKU00130,Books,3,93.68,0.0,93.68,2026-09-27 10:00:00
ITEM000008394,ORD00009961,SKU00062,Grocery,4,98.57,19.71,177.43,2026-09-27 10:00:00
ITEM000021614,ORD00000887,SKU00438,Grocery,4,34.97,0.0,69.94,2026-09-27 10:00:00
ITEM000002126,ORD00007795,SKU00031,Fashion,4,369.84,18.49,351.35,2026-09-27 10:00:00
ITEM000004068,ORD00004344,SKU00099,Electronics,4,383.23,0.0,383.23,2026-09-27 10:00:00
ITEM000007024,ORD00001123,SKU00104,Sports,1,261.2,0.0,522.4,2026-09-27 10:00:00
ITEM000010454,ORD00005010,SKU00243,Books,3,773.41,38.67,734.74,2026-09-27 10:00:00
ITEM000017986,ORD00004989,SKU00023,Beauty,1,131.54,0.0,131.54,2026-09-27 10:00:00
ITEM000018077,ORD00010759,SKU00436,Fashion,1,236.12,0.0,944.48,2026-09-27 10:00:00
ITEM000024738,ORD00001291,SKU00115,Books,3,449.44,134.83,1213.49,2026-09-27 10:00:00
ITEM000019323,ORD00006559,SKU00272,Sports,2,317.2,0.0,317.2,2026-09-27 10:00:00
ITEM000006468,ORD00006305,SKU00119,Grocery,4,583.64,0.0,2334.56,2026-09-27 10:00:00
ITEM000005815,ORD00009786,SKU00351,Sports,1,563.18,112.64,1013.72,2026-09-27 10:00:00
ITEM000008253,ORD00006662,SKU00128,Fashion,2,316.8,0.0,316.8,2026-09-27 10:00:00
ITEM000017858,ORD00004453,SKU00044,Electronics,2,210.13,0.0,210.13,2026-09-27 10:00:00
ITEM000023546,ORD00001012,SKU00277,Home,1,454.54,0.0,909.08,2026-09-27 10:00:00
ITEM000001521,ORD00001250,SKU00419,Electronics,2,818.35,81.84,736.51,2026-09-27 10:00:00
ITEM000001282,ORD00003936,SKU00126,Books,2,1723.23,86.16,1637.07,2026-09-27 10:00:00
ITEM000020182,ORD00009315,SKU00370,Home,2,227.28,0.0,227.28,2026-09-27 10:00:00
ITEM000014868,ORD00006910,SKU00155,Home,4,526.55,105.31,947.79,2026-09-27 10:00:00
ITEM000006740,ORD00000067,SKU00041,Electronics,3,827.8,41.39,786.41,2026-09-27 10:00:00
ITEM000010076,ORD00000726,SKU00310,Books,1,559.22,55.92,503.3,2026-09-27 10:00:00
ITEM000022935,ORD00001972,SKU00463,Grocery,3,167.5,16.75,150.75,2026-09-27 10:00:00
ITEM000012856,ORD00001830,SKU00111,Home,4,503.15,25.16,477.99,2026-09-27 10:00:00
ITEM000020517,ORD00005561,SKU00379,Home,4,163.75,16.38,147.37,2026-09-27 10:00:00
ITEM000024997,ORD00002202,SKU00287,Sports,1,281.33,0.0,562.66,2026-09-27 10:00:00
ITEM000001220,ORD00011611,SKU00228,Electronics,4,346.23,0.0,1384.92,2026-09-27 10:00:00
ITEM000020746,ORD00010181,SKU00020,Home,2,63.22,0.0,252.88,2026-09-27 10:00:00
ITEM000012810,ORD00007975,SKU00159,Electronics,4,161.13,0.0,322.26,2026-09-27 10:00:00
ITEM000004849,ORD00001332,SKU00035,Electronics,3,400.46,80.09,720.83,2026-09-27 10:00:00
ITEM000009572,ORD00001657,SKU00172,Electronics,1,316.18,0.0,316.18,2026-09-27 10:00:00
ITEM000021429,ORD00002606,SKU00143,Sports,1,106.73,5.34,101.39,2026-09-27 10:00:00
ITEM000002552,ORD00011379,SKU00249,Beauty,4,463.42,0.0,463.42,2026-09-27 10:00:00
ITEM000001764,ORD00004169,SKU00444,Sports,1,127.33,0.0,127.33,2026-09-27 10:00:00
ITEM000013778,ORD00011044,SKU00219,Books,1,161.11,32.22,290.0,2026-09-27 10:00:00
ITEM000012733,ORD00004868,SKU00044,Books,2,597.01,0.0,1194.02,2026-09-27 10:00:00
ITEM000013554,ORD00009233,SKU00009,Grocery,3,317.26,95.18,856.6,2026-09-27 10:00:00
ITEM000023250,ORD00010160,SKU00003,Electronics ,1,313.34,31.33,282.01,2026-09-27 10:00:00
ITEM000021404,ORD00011460,SKU00033,Books,4,831.97,41.6,790.37,2026-09-27 10:00:00
ITEM000012928,ORD00001409,SKU00371,Electronics,1,580.67,87.1,493.57,2026-09-27 10:00:00
ITEM000016935,ORD00001020,SKU00051,Fashion,1,251.52,12.58,238.94,2026-09-27 10:00:00
ITEM000010126,ORD00000251,SKU00162,Home,4,829.62,0.0,829.62,2026-09-27 10:00:00
ITEM000005772,ORD00005153,SKU00464,Fashion,1,261.58,0.0,784.74,2026-09-27 10:00:00
ITEM000017248,ORD00004480,SKU00015,Home,1,190.83,9.54,181.29,2026-09-27 10:00:00
ITEM000011071,ORD00008234,SKU00308,Home,3,1066.66,320.0,1813.32,2026-09-27 10:00:00
ITEM000018816,ORD00003988,SKU00106,Beauty,1,351.84,0.0,351.84,2026-09-27 10:00:00
ITEM000022006,ORD00010291,SKU00088,Beauty,2,2317.89,695.37,3940.41,2026-09-27 10:00:00
ITEM000002094,ORD00010713,SKU00010,Electronics,1,151.34,7.57,143.77,2026-09-27 10:00:00
ITEM000012103,ORD00006423,SKU00445,Sports,1,535.42,53.54,481.88,2026-09-27 10:00:00
ITEM000007210,ORD00011536,SKU00398,Fashion,4,180.17,18.02,162.15,2026-09-27 10:00:00
ITEM000014441,ORD00009527,SKU00448,Sports,4,1435.01,0.0,7175.05,2026-09-27 10:00:00
ITEM000019777,ORD00004331,SKU00257,Grocery,4,204.77,20.48,389.06,2026-09-27 10:00:00
ITEM000001008,ORD00009854,SKU00293,Fashion,2,1023.38,102.34,1944.42,2026-09-27 10:00:00
ITEM000024610,ORD00010644,SKU00009,Beauty,1,302.19,60.44,1148.32,2026-09-27 10:00:00
ITEM000004970,ORD00000749,SKU00238,Books,3,136.96,20.54,390.34,2026-09-27 10:00:00
ITEM000002085,ORD00002825,SKU00018,Grocery,2,260.71,0.0,260.71,2026-09-27 10:00:00
ITEM000008204,ORD00002943,SKU00056,Sports,4,1101.48,0.0,1101.48,2026-09-27 10:00:00
ITEM000023191,ORD00009270,SKU00321,Home,3,893.08,0.0,893.08,2026-09-27 10:00:00
ITEM000001516,ORD00000549,SKU00105,Grocery,2,356.09,35.61,676.57,2026-09-27 10:00:00
ITEM000006082,ORD00001853,SKU00454,Fashion,3,62.4,6.24,118.56,2026-09-27 10:00:00
ITEM000002349,ORD00000019,SKU00020,Beauty,3,737.6,0.0,1475.2,2026-09-27 10:00:00
ITEM000002235,ORD00011170,SKU00176,Sports,4,689.44,0.0,689.44,2026-09-27 10:00:00
ITEM000008209,ORD00000601,SKU00291,Electronics,4,467.98,0.0,467.98,2026-09-27 10:00:00
ITEM000019727,ORD00002938,SKU00487,Sports,3,244.42,12.22,232.2,2026-09-27 10:00:00
ITEM000018691,ORD00002833,SKU00430,Home,4,924.09,0.0,924.09,2026-09-27 10:00:00
ITEM000014389,ORD00009148,SKU00248,Books,2,493.29,0.0,1973.16,2026-09-27 10:00:00
ITEM000005135,ORD00005907,SKU00224,Books,3,512.58,0.0,1025.16,2026-09-27 10:00:00
ITEM000003527,ORD00003885,SKU00132,Sports,1,593.2,88.98,504.22,2026-09-27 10:00:00
ITEM000015544,ORD00010178,SKU00141,Electronics,2,627.62,0.0,1255.24,2026-09-27 10:00:00
ITEM000001269,ORD00001355,SKU00231,Electronics,4,554.47,166.34,942.6,2026-09-27 10:00:00
ITEM000022018,ORD00003679,SKU00240,Books,2,250.52,25.05,225.47,2026-09-27 10:00:00
ITEM000006123,ORD00002902,SKU00394,Home,1,908.2,45.41,862.79,2026-09-27 10:00:00
ITEM000003397,ORD00003402,SKU00333,Books,1,196.48,0.0,196.48,2026-09-27 10:00:00
ITEM000009697,ORD00010960,SKU00102,Sports,3,412.33,0.0,412.33,2026-09-27 10:00:00
ITEM000013877,ORD00011870,SKU00066,Electronics,1,221.0,0.0,221.0,2026-09-27 10:00:00
ITEM000017322,ORD00007593,SKU00269,Beauty,3,438.56,0.0,438.56,2026-09-27 10:00:00
ITEM000024236,ORD00002038,SKU00328,Fashion,2,593.41,237.36,2136.28,2026-09-27 10:00:00
ITEM000018418,ORD00011177,SKU00020,Grocery,3,1115.02,223.0,4237.08,2026-09-27 10:00:00
ITEM000008731,ORD00011474,SKU00042,Grocery,1,570.43,57.04,513.39,2026-09-27 10:00:00
ITEM000021564,ORD00002254,SKU00410,Fashion,2,337.44,0.0,337.44,2026-09-27 10:00:00
ITEM000001355,ORD00001290,SKU00293,Books,2,708.96,0.0,2835.84,2026-09-27 10:00:00
ITEM000003571,ORD00006671,SKU00039,Home,4,197.13,78.85,709.67,2026-09-27 10:00:00
ITEM000008311,ORD00011433,SKU00478,Sports,2,447.21,89.44,804.98,2026-09-27 10:00:00
ITEM000016753,ORD00000408,SKU00495,Electronics,2,101.75,10.18,193.32,2026-09-27 10:00:00
ITEM000006569,ORD00004173,SKU00020,Beauty,3,369.24,73.85,664.63,2026-09-27 10:00:00
ITEM000024493,ORD00009469,SKU00170,Electronics,2,193.11,0.0,579.33,2026-09-27 10:00:00
ITEM000022493,ORD00006065,SKU00092,Grocery,3,434.51,0.0,434.51,2026-09-27 10:00:00
ITEM000021017,ORD00000242,SKU00003,Grocery,4,709.37,35.47,673.9,2026-09-27 10:00:00
ITEM000022660,ORD00002897,SKU00272,Books,1,2137.01,320.55,6090.48,2026-09-27 10:00:00
ITEM000010325,ORD00011592,SKU00330,Home,3,883.01,88.3,794.71,2026-09-27 10:00:00
ITEM000017023,ORD00000308,SKU00069,Fashion,3,175.09,0.0,175.09,2026-09-27 10:00:00
ITEM000002899,ORD00002786,SKU00134,Sports,1,282.83,28.28,254.55,2026-09-27 10:00:00
ITEM000023390,ORD00008699,SKU00177,Grocery,4,575.14,86.27,488.87,2026-09-27 10:00:00
ITEM000012660,ORD00002039,SKU00298,Electronics,4,170.34,0.0,340.68,2026-09-27 10:00:00
ITEM000017246,ORD00011276,SKU00429,Fashion,4,444.11,44.41,843.81,2026-09-27 10:00:00
ITEM000015106,ORD00000082,SKU00458,Fashion,3,129.87,0.0,129.87,2026-09-27 10:00:00
ITEM000015571,ORD00002480,SKU00132,Home,2,408.89,40.89,368.0,2026-09-27 10:00:00
ITEM000000117,ORD00003565,SKU00200,Sports,1,950.69,0.0,950.69,2026-09-27 10:00:00
ITEM000017687,ORD00005095,SKU00075,Sports,2,221.63,0.0,221.63,2026-09-27 10:00:00
ITEM000011119,ORD00003494,SKU00150,Home,1,2304.59,0.0,2304.59,2026-09-27 10:00:00
ITEM000024903,ORD00007190,SKU00072,Home,3,312.55,0.0,312.55,2026-09-27 10:00:00
ITEM000000274,ORD00001223,SKU00376,Beauty,3,539.95,107.99,2051.81,2026-09-27 10:00:00
ITEM000012481,ORD00002071,SKU00134,Fashion,1,349.3,0.0,349.3,2026-09-27 10:00:00
ITEM000020781,ORD00010824,SKU00217,Beauty,4,224.91,0.0,224.91,2026-09-27 10:00:00
ITEM000007240,ORD00004924,SKU00248,Fashion,2,292.69,0.0,585.38,2026-09-27 10:00:00
ITEM000010553,ORD00002863,SKU00406,Books,1,1246.3,498.52,4486.68,2026-09-27 10:00:00
ITEM000022099,ORD00004117,SKU00275,Electronics,4,129.37,6.47,122.9,2026-09-27 10:00:00
ITEM000007625,ORD00005053,SKU00485,Home,1,267.53,0.0,267.53,2026-09-27 10:00:00
ITEM000009734,ORD00002038,SKU00025,Beauty,3,457.36,91.47,823.25,2026-09-27 10:00:00
ITEM000008665,ORD00007801,SKU00146,Books,2,418.13,0.0,1254.39,2026-09-27 10:00:00
ITEM000012601,ORD00006637,SKU00104,Sports,1,447.65,44.76,850.54,2026-09-27 10:00:00
ITEM000012174,ORD00002862,SKU00160,Home,1,339.0,0.0,678.0,2026-09-27 10:00:00
ITEM000016712,ORD00001249,SKU00066,Grocery,3,604.47,241.79,2176.09,2026-09-27 10:00:00
ITEM000017778,ORD00001952,SKU00010,Electronics,4,430.27,0.0,430.27,2026-09-27 10:00:00
ITEM000024703,ORD00000017,SKU00454,Home,4,348.94,0.0,697.88,2026-09-27 10:00:00
ITEM000014310,ORD00002221,SKU00009,Home,4,884.32,44.22,840.1,2026-09-27 10:00:00
ITEM000011074,ORD00004101,SKU00494,Fashion,4,352.39,0.0,352.39,2026-09-27 10:00:00
ITEM000023378,ORD00006582,SKU00243,Electronics,3,608.12,243.25,2189.23,2026-09-27 10:00:00
ITEM000011975,ORD00004487,SKU00233,Sports,4,146.94,0.0,293.88,2026-09-27 10:00:00
ITEM000016693,ORD00004408,SKU00023,Fashion,3,500.58,0.0,2002.32,2026-09-27 10:00:00
ITEM000018354,ORD00005683,SKU00008,Electronics,4,358.53,0.0,717.06,2026-09-27 10:00:00
ITEM000013282,ORD00002069,SKU00404,Books,2,236.07,0.0,944.28,2026-09-27 10:00:00
ITEM000002890,ORD00001778,SKU00459,Fashion,4,471.48,0.0,2357.4,2026-09-27 10:00:00
ITEM000003423,ORD00005278,SKU00298,Sports,1,755.93,0.0,755.93,2026-09-27 10:00:00
ITEM000016242,ORD00011038,SKU00202,Grocery,3,73.81,7.38,66.43,2026-09-27 10:00:00
ITEM000015346,ORD00011628,SKU00178,Fashion,2,116.92,0.0,233.84,2026-09-27 10:00:00
ITEM000011289,ORD00003199,SKU00464,Beauty,2,161.51,8.08,153.43,2026-09-27 10:00:00
ITEM000003871,ORD00004429,SKU00483,Grocery,4,53.06,0.0,159.18,2026-09-27 10:00:00
ITEM000002898,ORD00002392,SKU00480,Fashion,3,1045.91,0.0,3137.73,2026-09-27 10:00:00
ITEM000000265,ORD00010286,SKU00295,Fashion,4,126.12,0.0,378.36,2026-09-27 10:00:00
ITEM000018885,ORD00010814,SKU00250,Books,4,1078.41,0.0,1078.41,2026-09-27 10:00:00
ITEM000003605,ORD00009067,SKU00356,Grocery,4,65.75,0.0,131.5,2026-09-27 10:00:00
ITEM000017209,ORD00005891,SKU00353,Home,1,119.48,17.92,101.56,2026-09-27 10:00:00
ITEM000015222,ORD00009775,SKU00405,Beauty,3,356.69,107.01,963.06,2026-09-27 10:00:00
ITEM000018845,ORD00009813,SKU00258,Books,3,203.11,0.0,406.22,2026-09-27 10:00:00
ITEM000001145,ORD00004439,SKU00490,Electronics,1,280.3,42.05,798.85,2026-09-27 10:00:00
ITEM000009979,ORD00010448,SKU00195,Beauty,2,215.52,0.0,215.52,2026-09-27 10:00:00
ITEM000017443,ORD00002720,SKU00138,Home,1,519.41,0.0,1038.82,2026-09-27 10:00:00
ITEM000006495,ORD00004303,SKU00133,Beauty,4,275.0,41.25,783.75,2026-09-27 10:00:00
ITEM000006531,ORD00008654,SKU00278,Fashion,4,777.65,116.65,661.0,2026-09-27 10:00:00
ITEM000000591,ORD00004207,SKU00493,Beauty,4,608.22,0.0,1216.44,2026-09-27 10:00:00
ITEM000004906,ORD00002580,SKU00043,Books,4,166.2,33.24,631.56,2026-09-27 10:00:00
ITEM000022488,ORD00000938,SKU00201,Home,1,431.56,0.0,863.12,2026-09-27 10:00:00
ITEM000015744,ORD00008058,SKU00451,Grocery,3,248.98,0.0,497.96,2026-09-27 10:00:00
ITEM000024735,ORD00008117,SKU00137,Sports,4,439.17,0.0,439.17,2026-09-27 10:00:00
ITEM000017716,ORD00009209,SKU00172,Electronics,4,191.47,0.0,191.47,2026-09-27 10:00:00
ITEM000019948,ORD00000829,SKU00215,Grocery,2,284.2,28.42,255.78,2026-09-27 10:00:00
ITEM000003080,ORD00004360,SKU00095,Grocery,1,285.31,171.19,970.05,2026-09-27 10:00:00
ITEM000015638,ORD00002855,SKU00476,Electronics,3,512.79,0.0,512.79,2026-09-27 10:00:00
ITEM000013572,ORD00000446,SKU00255,Sports,1,1080.73,0.0,1080.73,2026-09-27 10:00:00
ITEM000019707,ORD00007623,SKU00320,Books,2,3195.93,639.19,5752.67,2026-09-27 10:00:00
ITEM000009764,ORD00006879,SKU00021,Sports,4,447.3,134.19,1207.71,2026-09-27 10:00:00
ITEM000013227,ORD00007090,SKU00388,Sports,1,899.07,44.95,854.12,2026-09-27 10:00:00
ITEM000017392,ORD00001699,SKU00065,Fashion,3,304.61,45.69,258.92,2026-09-27 10:00:00
ITEM000023273,ORD00000363,SKU00432,Home,1,359.25,0.0,359.25,2026-09-27 10:00:00
ITEM000014934,ORD00010192,SKU00045,Sports,2,368.05,110.42,993.73,2026-09-27 10:00:00
ITEM000022690,ORD00010040,SKU00310,Home,3,213.5,42.7,811.3,2026-09-27 10:00:00
ITEM000023365,ORD00011454,SKU00194,Electronics,4,413.95,41.4,786.5,2026-09-27 10:00:00
ITEM000003717,ORD00004991,SKU00418,Beauty,1,305.11,0.0,915.33,2026-09-27 10:00:00
ITEM000008285,ORD00000088,SKU00446,Electronics,1,2502.39,0.0,5004.78,2026-09-27 10:00:00
ITEM000002097,ORD00009054,SKU00259,Beauty,4,264.47,0.0,528.94,2026-09-27 10:00:00
ITEM000019541,ORD00010809,SKU00042,Beauty,3,207.91,41.58,374.24,2026-09-27 10:00:00
ITEM000016044,ORD00001883,SKU00256,Electronics,4,349.52,0.0,699.04,2026-09-27 10:00:00
ITEM000016088,ORD00006733,SKU00035,Electronics,2,162.67,8.13,154.54,2026-09-27 10:00:00
ITEM000002451,ORD00008982,SKU00386,Sports,3,92.35,27.7,249.35,2026-09-27 10:00:00
ITEM000002076,ORD00009328,SKU00116,Sports,3,381.31,0.0,381.31,2026-09-27 10:00:00
ITEM000019774,ORD00000819,SKU00198,Sports,1,557.77,0.0,1115.54,2026-09-27 10:00:00
ITEM000016853,ORD00002507,SKU00145,Beauty,1,59.74,2.99,56.75,2026-09-27 10:00:00
ITEM000000208,ORD00003487,SKU00066,Grocery,4,209.32,0.0,209.32,2026-09-27 10:00:00
ITEM000018886,ORD00011790,SKU00315,Beauty,2,214.81,42.96,386.66,2026-09-27 10:00:00
ITEM000006543,ORD00004713,SKU00204,Fashion,2,288.74,0.0,577.48,2026-09-27 10:00:00
ITEM000018125,ORD00005916,SKU00011,Grocery,1,788.5,0.0,1577.0,2026-09-27 10:00:00
ITEM000017464,ORD00000388,SKU00453,Sports,1,411.65,0.0,823.3,2026-09-27 10:00:00
ITEM000005918,ORD00006663,SKU00290,Fashion,3,267.69,26.77,508.61,2026-09-27 10:00:00
ITEM000004599,ORD00008894,SKU00022,Home,1,1211.32,0.0,1211.32,2026-09-27 10:00:00
ITEM000008354,ORD00009999,SKU00025,Electronics,3,529.8,52.98,476.82,2026-09-27 10:00:00
ITEM000011818,ORD00002905,SKU00476,Grocery,3,106.5,10.65,95.85,2026-09-27 10:00:00
ITEM000024625,ORD00005183,SKU00116,Electronics,4,261.78,0.0,785.34,2026-09-27 10:00:00
ITEM000022268,ORD00010687,SKU00155,Sports,1,427.91,0.0,1283.73,2026-09-27 10:00:00
ITEM000016116,ORD00011310,SKU00052,Sports,1,367.16,0.0,367.16,2026-09-27 10:00:00
ITEM000013827,ORD00010870,SKU00171,Grocery,1,468.5,0.0,468.5,2026-09-27 10:00:00
ITEM000014659,ORD00010554,SKU00390,Electronics,4,232.59,0.0,232.59,2026-09-27 10:00:00
ITEM000019315,ORD00000509,SKU00408,Electronics,3,1022.01,0.0,2044.02,2026-09-27 10:00:00
ITEM000012979,ORD00005222,SKU00036,Home,4,480.11,0.0,960.22,2026-09-27 10:00:00
ITEM000015639,ORD00010167,SKU00348,Sports,3,171.46,0.0,171.46,2026-09-27 10:00:00
ITEM000015494,ORD00002054,SKU00053,Electronics,3,1325.67,0.0,2651.34,2026-09-27 10:00:00
ITEM000003814,ORD00010305,SKU00127,Sports,4,138.44,13.84,124.6,2026-09-27 10:00:00
ITEM000008708,ORD00005282,SKU00178,Beauty,4,375.01,0.0,375.01,2026-09-27 10:00:00
ITEM000008261,ORD00002767,SKU00334,Grocery,2,454.87,45.49,409.38,2026-09-27 10:00:00
ITEM000022510,ORD00011309,SKU00114,Fashion,1,336.71,168.36,1515.19,2026-09-27 10:00:00
ITEM000003767,ORD00008233,SKU00396,Grocery,1,571.41,257.13,1457.1,2026-09-27 10:00:00
ITEM000017144,ORD00008146,SKU00099,Fashion,2,840.4,84.04,756.36,2026-09-27 10:00:00
ITEM000021999,ORD00005442,SKU00234,Electronics,2,166.06,0.0,332.12,2026-09-27 10:00:00
ITEM000002249,ORD00011867,SKU00380,Electronics,3,168.66,16.87,151.79,2026-09-27 10:00:00
ITEM000010055,ORD00000139,SKU00014,Home,4,254.2,50.84,457.56,2026-09-27 10:00:00
ITEM000022104,ORD00002722,SKU00094,Books,2,330.67,0.0,661.34,2026-09-27 10:00:00
ITEM000013229,ORD00007662,SKU00325,Books,3,124.56,0.0,249.12,2026-09-27 10:00:00
ITEM000005213,ORD00008087,SKU00242,Sports,2,174.64,52.39,471.53,2026-09-27 10:00:00
ITEM000016652,ORD00005396,SKU00150,Sports,1,189.64,0.0,189.64,2026-09-27 10:00:00
ITEM000021149,ORD00009699,SKU00424,Grocery,4,206.47,0.0,206.47,2026-09-27 10:00:00
ITEM000009696,ORD00002386,SKU00352,Electronics,3,52.67,0.0,52.67,2026-09-27 10:00:00
ITEM000024634,ORD00001556,SKU00198,Sports,1,147.91,14.79,133.12,2026-09-27 10:00:00
ITEM000005151,ORD00010525,SKU00055,Beauty,4,253.98,0.0,507.96,2026-09-27 10:00:00
ITEM000005009,ORD00005347,SKU00176,Fashion,3,553.66,55.37,498.29,2026-09-27 10:00:00
ITEM000019965,ORD00000778,SKU00027,Grocery,2,171.85,51.56,463.99,2026-09-27 10:00:00
ITEM000007749,ORD00006597,SKU00268,Home,1,1050.81,0.0,2101.62,2026-09-27 10:00:00
ITEM000011007,ORD00011912,SKU00159,Beauty,3,240.66,0.0,481.32,2026-09-27 10:00:00
ITEM000000587,ORD00007142,SKU00119,Sports,1,499.31,149.79,1348.14,2026-09-27 10:00:00
ITEM000003806,ORD00011730,SKU00063,Electronics,2,476.93,95.39,858.47,2026-09-27 10:00:00
ITEM000013407,ORD00004679,SKU00006,Electronics,3,541.45,0.0,541.45,2026-09-27 10:00:00
ITEM000022496,ORD00011198,SKU00181,Fashion,3,539.21,0.0,539.21,2026-09-27 10:00:00
ITEM000011684,ORD00002674,SKU00152,Electronics,4,562.24,168.67,1518.05,2026-09-27 10:00:00
ITEM000008216,ORD00011004,SKU00158,Home,2,385.72,38.57,347.15,2026-09-27 10:00:00
ITEM000005191,ORD00007010,SKU00102,Electronics ,1,116.63,0.0,116.63,2026-09-27 10:00:00
ITEM000020197,ORD00010213,SKU00466,Sports,3,542.08,0.0,1084.16,2026-09-27 10:00:00
ITEM000014961,ORD00011986,SKU00391,Fashion,3,156.82,0.0,156.82,2026-09-27 10:00:00
ITEM000010562,ORD00004529,SKU00322,Beauty,1,160.9,8.04,152.86,2026-09-27 10:00:00
ITEM000005960,ORD00005817,SKU00226,Grocery,2,577.36,28.87,548.49,2026-09-27 10:00:00
ITEM000014853,ORD00009491,SKU00073,Sports,3,993.66,298.1,2682.88,2026-09-27 10:00:00
ITEM000022645,ORD00011160,SKU00378,Home,4,370.64,74.13,667.15,2026-09-27 10:00:00
ITEM000005564,ORD00003263,SKU00108,Books,1,310.96,0.0,310.96,2026-09-27 10:00:00
ITEM000018023,ORD00005183,SKU00059,Home,3,143.26,0.0,143.26,2026-09-27 10:00:00
ITEM000024005,ORD00002633,SKU00139,Books,4,456.63,45.66,410.97,2026-09-27 10:00:00
ITEM000013668,ORD00004929,SKU00376,Sports,1,100.8,0.0,100.8,2026-09-27 10:00:00
ITEM000006993,ORD00009134,SKU00405,Grocery,3,519.39,51.94,467.45,2026-09-27 10:00:00
ITEM000002746,ORD00000382,SKU00098,Sports,1,1070.44,321.13,2890.19,2026-09-27 10:00:00
ITEM000004452,ORD00005257,SKU00446,Home,3,218.57,0.0,437.14,2026-09-27 10:00:00
ITEM000022610,ORD00000906,SKU00030,Sports,2,761.4,0.0,2284.2,2026-09-27 10:00:00
ITEM000019717,ORD00009910,SKU00368,Home,2,316.74,0.0,316.74,2026-09-27 10:00:00
ITEM000000481,ORD00010231,SKU00230,Electronics,2,467.51,187.0,1683.04,2026-09-27 10:00:00
ITEM000005657,ORD00003221,SKU00020,Beauty,4,665.5,0.0,665.5,2026-09-27 10:00:00
ITEM000017770,ORD00003918,SKU00331,Beauty,3,180.63,0.0,180.63,2026-09-27 10:00:00
ITEM000012824,ORD00001805,SKU00296,Sports,4,404.3,0.0,1212.9,2026-09-27 10:00:00
ITEM000002350,ORD00004261,SKU00162,Sports,3,435.98,130.79,1177.15,2026-09-27 10:00:00
ITEM000020969,ORD00001264,SKU00187,Beauty,3,92.1,27.63,248.67,2026-09-27 10:00:00
ITEM000006960,ORD00006418,SKU00444,Fashion,4,239.0,0.0,239.0,2026-09-27 10:00:00
ITEM000023842,ORD00000802,SKU00499,Beauty,2,250.97,12.55,238.42,2026-09-27 10:00:00
ITEM000011052,ORD00000546,SKU00376,Books,3,184.25,55.28,497.47,2026-09-27 10:00:00
ITEM000000533,ORD00007221,SKU00081,Books,3,159.55,0.0,159.55,2026-09-27 10:00:00
ITEM000005587,ORD00004893,SKU00282,Grocery,2,133.43,26.69,240.17,2026-09-27 10:00:00
ITEM000003302,ORD00006535,SKU00136,Grocery,1,202.48,40.5,769.42,2026-09-27 10:00:00
ITEM000007784,ORD00005041,SKU00381,Electronics,1,187.37,0.0,187.37,2026-09-27 10:00:00
ITEM000007814,ORD00004255,SKU00480,Fashion,3,684.94,0.0,2054.82,2026-09-27 10:00:00
ITEM000000094,ORD00006746,SKU00154,Electronics,3,248.3,0.0,248.3,2026-09-27 10:00:00
ITEM000011315,ORD00000385,SKU00269,Electronics,1,301.43,0.0,602.86,2026-09-27 10:00:00
ITEM000003946,ORD00011139,SKU00207,Books,1,191.55,0.0,383.1,2026-09-27 10:00:00
ITEM000001973,ORD00002432,SKU00323,Electronics,2,731.98,0.0,3659.9,2026-09-27 10:00:00
ITEM000024344,ORD00004167,SKU00154,Grocery,4,271.48,0.0,814.44,2026-09-27 10:00:00
ITEM000017799,ORD00006545,SKU00462,Books,1,385.73,0.0,771.46,2026-09-27 10:00:00
ITEM000002237,ORD00007373,SKU00015,Books,2,306.0,30.6,275.4,2026-09-27 10:00:00
ITEM000002391,ORD00003968,SKU00393,Books,2,151.21,0.0,453.63,2026-09-27 10:00:00
ITEM000024346,ORD00011747,SKU00102,Electronics,2,119.81,11.98,107.83,2026-09-27 10:00:00
ITEM000011227,ORD00003094,SKU00440,Home,2,68.99,3.45,65.54,2026-09-27 10:00:00
ITEM000024441,ORD00001074,SKU00100,Beauty,1,109.86,43.94,395.5,2026-09-27 10:00:00
ITEM000008626,ORD00005988,SKU00118,Beauty,1,221.44,22.14,199.3,2026-09-27 10:00:00
ITEM000005498,ORD00011423,SKU00206,Beauty,4,346.53,0.0,1386.12,2026-09-27 10:00:00
ITEM000019085,ORD00001527,SKU00365,Sports,4,502.31,150.69,853.93,2026-09-27 10:00:00
ITEM000018792,ORD00009399,SKU00278,Home,1,194.58,0.0,194.58,2026-09-27 10:00:00
ITEM000005039,ORD00009937,SKU00115,Sports,1,593.64,0.0,1780.92,2026-09-27 10:00:00
ITEM000016899,ORD00000923,SKU00193,Beauty,3,249.11,0.0,249.11,2026-09-27 10:00:00
ITEM000000779,ORD00008385,SKU00375,Books,2,1114.24,0.0,1114.24,2026-09-27 10:00:00
ITEM000012790,ORD00009213,SKU00375,Electronics,3,373.67,56.05,1064.96,2026-09-27 10:00:00
ITEM000008229,ORD00002057,SKU00154,Fashion,1,174.07,0.0,174.07,2026-09-27 10:00:00
ITEM000011233,ORD00001305,SKU00091,Fashion,4,370.93,37.09,333.84,2026-09-27 10:00:00
ITEM000017179,ORD00003440,SKU00443,Electronics,4,134.93,20.24,384.55,2026-09-27 10:00:00
ITEM000020069,ORD00004192,SKU00358,Books,1,175.69,0.0,351.38,2026-09-27 10:00:00
ITEM000020942,ORD00008030,SKU00445,Grocery,4,488.26,0.0,1464.78,2026-09-27 10:00:00
ITEM000020849,ORD00010173,SKU00357,Sports,3,506.12,0.0,1012.24,2026-09-27 10:00:00
ITEM000022906,ORD00006528,SKU00191,Beauty,3,174.07,8.7,165.37,2026-09-27 10:00:00
ITEM000022398,ORD00004761,SKU00114,Electronics,4,157.24,15.72,298.76,2026-09-27 10:00:00
ITEM000022498,ORD00008299,SKU00363,Books,4,387.05,0.0,1161.15,2026-09-27 10:00:00
ITEM000011806,ORD00009045,SKU00131,Beauty,1,182.94,0.0,182.94,2026-09-27 10:00:00
ITEM000010381,ORD00007171,SKU00256,Electronics,3,326.51,0.0,326.51,2026-09-27 10:00:00
ITEM000010242,ORD00004757,SKU00369,Grocery,1,156.5,15.65,140.85,2026-09-27 10:00:00
ITEM000004621,ORD00009325,SKU00485,Home,2,483.36,0.0,483.36,2026-09-27 10:00:00
ITEM000020362,ORD00003229,SKU00457,Sports,3,128.95,6.45,122.5,2026-09-27 10:00:00
ITEM000008464,ORD00006978,SKU00149,Grocery,3,307.79,123.12,1108.04,2026-09-27 10:00:00
ITEM000015509,ORD00004273,SKU00460,Home,1,566.64,0.0,566.64,2026-09-27 10:00:00
ITEM000005996,ORD00000927,SKU00469,Beauty,2,116.02,0.0,116.02,2026-09-27 10:00:00
ITEM000004311,ORD00006054,SKU00164,Home,3,87.57,0.0,350.28,2026-09-27 10:00:00
ITEM000018209,ORD00000621,SKU00039,Fashion,1,186.12,0.0,372.24,2026-09-27 10:00:00
ITEM000021168,ORD00003264,SKU00290,Fashion,4,188.57,0.0,377.14,2026-09-27 10:00:00
ITEM000006008,ORD00001127,SKU00463,Books,1,1988.88,0.0,1988.88,2026-09-27 10:00:00
ITEM000022997,ORD00001494,SKU00008,Books,3,267.51,13.38,254.13,2026-09-27 10:00:00
ITEM000014667,ORD00008714,SKU00413,Books,2,934.62,46.73,887.89,2026-09-27 10:00:00
ITEM000005905,ORD00001829,SKU00291,Home,4,308.51,15.43,293.08,2026-09-27 10:00:00
ITEM000001377,ORD00009117,SKU00003,Grocery,1,216.07,0.0,216.07,2026-09-27 10:00:00
ITEM000002672,ORD00004068,SKU00409,Fashion,2,140.92,0.0,140.92,2026-09-27 10:00:00
ITEM000014646,ORD00009394,SKU00263,Beauty,2,827.3,82.73,1571.87,2026-09-27 10:00:00
ITEM000024479,ORD00000029,SKU00256,Beauty,1,271.42,0.0,271.42,2026-09-27 10:00:00
ITEM000012587,ORD00003976,SKU00380,Electronics,1,498.87,0.0,498.87,2026-09-27 10:00:00
ITEM000011458,ORD00008290,SKU00386,Fashion,2,936.5,0.0,936.5,2026-09-27 10:00:00
ITEM000009004,ORD00000768,SKU00225,Home,2,205.24,20.52,184.72,2026-09-27 10:00:00
ITEM000015908,ORD00003412,SKU00181,Beauty,1,219.88,0.0,439.76,2026-09-27 10:00:00
ITEM000005602,ORD00011901,SKU00322,Beauty,1,251.72,0.0,251.72,2026-09-27 10:00:00
ITEM000023740,ORD00003407,SKU00048,Beauty,3,638.72,191.62,1724.54,2026-09-27 10:00:00
ITEM000024529,ORD00003264,SKU00061,Beauty,2,900.11,0.0,900.11,2026-09-27 10:00:00
ITEM000012420,ORD00001206,SKU00356,Beauty,3,651.7,0.0,1955.1,2026-09-27 10:00:00
ITEM000017184,ORD00010281,SKU00486,Beauty,4,354.47,0.0,354.47,2026-09-27 10:00:00
ITEM000024639,ORD00002727,SKU00071,Electronics,2,495.73,0.0,1487.19,2026-09-27 10:00:00
ITEM000019362,ORD00002515,SKU00351,Fashion,1,306.5,0.0,306.5,2026-09-27 10:00:00
ITEM000001654,ORD00006293,SKU00197,Beauty,1,611.76,0.0,611.76,2026-09-27 10:00:00
ITEM000011430,ORD00011787,SKU00322,Fashion,4,932.57,0.0,3730.28,2026-09-27 10:00:00
ITEM000015987,ORD00006087,SKU00202,Beauty,2,210.37,21.04,189.33,2026-09-27 10:00:00
ITEM000014272,ORD00006572,SKU00423,Home,3,669.0,0.0,2676.0,2026-09-27 10:00:00
ITEM000019492,ORD00011244,SKU00196,Sports,4,284.67,56.93,512.41,2026-09-27 10:00:00
ITEM000018096,ORD00006619,SKU00470,Books,1,342.87,0.0,685.74,2026-09-27 10:00:00
ITEM000013313,ORD00007946,SKU00230,Sports,4,734.17,220.25,1248.09,2026-09-27 10:00:00
ITEM000012066,ORD00002609,SKU00234,Beauty,3,267.28,106.91,962.21,2026-09-27 10:00:00
ITEM000019813,ORD00000391,SKU00409,Electronics,4,394.19,19.71,374.48,2026-09-27 10:00:00
ITEM000016494,ORD00002130,SKU00317,Home,2,290.27,0.0,580.54,2026-09-27 10:00:00
ITEM000017819,ORD00005367,SKU00057,Electronics,3,159.79,0.0,319.58,2026-09-27 10:00:00
ITEM000012588,ORD00009645,SKU00261,Electronics,2,244.13,97.65,878.87,2026-09-27 10:00:00
ITEM000000204,ORD00005122,SKU00343,Grocery,4,147.84,0.0,147.84,2026-09-27 10:00:00
ITEM000015347,ORD00000190,SKU00296,Electronics,2,993.25,297.97,1688.53,2026-09-27 10:00:00
ITEM000017521,ORD00003683,SKU00337,Electronics ,2,279.83,0.0,279.83,2026-09-27 10:00:00
ITEM000001116,ORD00007987,SKU00268,Sports,4,341.28,0.0,1023.84,2026-09-27 10:00:00
ITEM000019310,ORD00002496,SKU00355,Grocery,3,101.39,0.0,304.17,2026-09-27 10:00:00
ITEM000022300,ORD00006998,SKU00449,Books,3,1835.55,0.0,5506.65,2026-09-27 10:00:00
ITEM000022914,ORD00008603,SKU00414,Books,1,272.52,0.0,545.04,2026-09-27 10:00:00
ITEM000004782,ORD00008981,SKU00400,Sports,2,261.08,130.54,1174.86,2026-09-27 10:00:00
ITEM000017413,ORD00005779,SKU00012,Fashion,4,211.66,10.58,201.08,2026-09-27 10:00:00
ITEM000016309,ORD00001285,SKU00388,Books,3,712.77,106.92,605.85,2026-09-27 10:00:00
ITEM000014780,ORD00001243,SKU00014,Sports,1,528.03,0.0,2640.15,2026-09-27 10:00:00
ITEM000024536,ORD00006772,SKU00494,Beauty,1,967.98,96.8,1839.16,2026-09-27 10:00:00
ITEM000017965,ORD00002021,SKU00132,Fashion,4,614.36,0.0,2457.44,2026-09-27 10:00:00
ITEM000011872,ORD00003446,SKU00263,Books,3,82.32,8.23,156.41,2026-09-27 10:00:00
ITEM000016707,ORD00003094,SKU00116,Fashion,3,876.83,0.0,876.83,2026-09-27 10:00:00
ITEM000006756,ORD00009986,SKU00214,Grocery,1,393.9,0.0,787.8,2026-09-27 10:00:00
ITEM000007700,ORD00006393,SKU00058,Books,3,518.4,103.68,933.12,2026-09-27 10:00:00
ITEM000014760,ORD00005934,SKU00143,Beauty,4,760.79,38.04,722.75,2026-09-27 10:00:00
ITEM000016859,ORD00001768,SKU00450,Home,4,209.86,20.99,188.87,2026-09-27 10:00:00
ITEM000004055,ORD00004335,SKU00299,Sports,4,464.08,0.0,464.08,2026-09-27 10:00:00
ITEM000013625,ORD00011883,SKU00059,Grocery,2,554.07,0.0,554.07,2026-09-27 10:00:00
ITEM000002155,ORD00011958,SKU00259,Beauty,2,89.09,4.45,84.64,2026-09-27 10:00:00
ITEM000003250,ORD00011102,SKU00481,Electronics,4,497.24,0.0,994.48,2026-09-27 10:00:00
ITEM000005917,ORD00001693,SKU00245,Electronics,1,240.69,0.0,962.76,2026-09-27 10:00:00
ITEM000014014,ORD00009569,SKU00282,Sports,4,250.58,0.0,501.16,2026-09-27 10:00:00
ITEM000018566,ORD00002158,SKU00351,Beauty,4,191.15,9.56,181.59,2026-09-27 10:00:00
ITEM000007849,ORD00003521,SKU00342,Sports,4,70.56,3.53,67.03,2026-09-27 10:00:00
ITEM000020424,ORD00002235,SKU00191,Books,3,277.16,0.0,554.32,2026-09-27 10:00:00
ITEM000017968,ORD00006024,SKU00197,Fashion,2,258.61,155.17,879.27,2026-09-27 10:00:00
ITEM000003643,ORD00010114,SKU00093,Grocery,4,222.24,66.67,600.05,2026-09-27 10:00:00
ITEM000013257,ORD00011322,SKU00466,Home,4,421.57,0.0,421.57,2026-09-27 10:00:00
ITEM000001040,ORD00008649,SKU00260,Fashion,2,118.92,0.0,356.76,2026-09-27 10:00:00
ITEM000008991,ORD00003381,SKU00098,Beauty,1,615.11,0.0,615.11,2026-09-27 10:00:00
ITEM000002194,ORD00008266,SKU00001,Sports,3,273.02,0.0,273.02,2026-09-27 10:00:00
ITEM000013142,ORD00003649,SKU00135,Sports,1,454.8,0.0,1364.4,2026-09-27 10:00:00
ITEM000010893,ORD00011286,SKU00296,Books,4,243.27,0.0,486.54,2026-09-27 10:00:00
ITEM000017803,ORD00010930,SKU00113,Sports,4,314.88,31.49,283.39,2026-09-27 10:00:00
ITEM000004764,ORD00010463,SKU00101,Books,2,310.92,0.0,621.84,2026-09-27 10:00:00
ITEM000013593,ORD00010545,SKU00323,Fashion,2,161.21,16.12,145.09,2026-09-27 10:00:00
ITEM000009099,ORD00008983,SKU00093,Beauty,2,273.52,0.0,273.52,2026-09-27 10:00:00
ITEM000002063,ORD00008733,SKU00121,Fashion,1,257.73,77.32,695.87,2026-09-27 10:00:00
ITEM000000245,ORD00011079,SKU00181,Electronics,2,796.04,39.8,756.24,2026-09-27 10:00:00
ITEM000000696,ORD00006009,SKU00050,Books,4,1177.53,0.0,2355.06,2026-09-27 10:00:00
ITEM000016270,ORD00000041,SKU00077,Electronics,2,253.27,25.33,227.94,2026-09-27 10:00:00
ITEM000022244,ORD00001566,SKU00471,Grocery,1,105.33,0.0,210.66,2026-09-27 10:00:00
ITEM000010520,ORD00002211,SKU00265,Beauty,4,731.5,73.15,1389.85,2026-09-27 10:00:00
ITEM000003901,ORD00002533,SKU00206,Beauty,1,125.88,37.76,339.88,2026-09-27 10:00:00
ITEM000013412,ORD00005864,SKU00403,Sports,1,358.4,0.0,358.4,2026-09-27 10:00:00
ITEM000006870,ORD00000814,SKU00144,Home,4,265.48,13.27,252.21,2026-09-27 10:00:00
ITEM000015327,ORD00011956,SKU00271,Fashion,3,503.5,75.52,427.98,2026-09-27 10:00:00
ITEM000006578,ORD00001758,SKU00499,Home,2,464.47,0.0,928.94,2026-09-27 10:00:00
ITEM000011472,ORD00008713,SKU00191,Sports,3,208.17,0.0,208.17,2026-09-27 10:00:00
ITEM000018297,ORD00005835,SKU00352,Beauty,4,171.6,17.16,154.44,2026-09-27 10:00:00
ITEM000012778,ORD00008880,SKU00092,Grocery,1,396.83,0.0,793.66,2026-09-27 10:00:00
ITEM000000090,ORD00007600,SKU00081,Sports,2,201.66,0.0,403.32,2026-09-27 10:00:00
ITEM000008235,ORD00006324,SKU00087,Sports,3,261.72,78.52,444.92,2026-09-27 10:00:00
ITEM000017682,ORD00006159,SKU00174,Beauty,3,251.15,50.23,452.07,2026-09-27 10:00:00
ITEM000024576,ORD00001061,SKU00391,Grocery,3,92.27,0.0,92.27,2026-09-27 10:00:00
ITEM000001859,ORD00002588,SKU00387,Fashion,2,195.46,0.0,195.46,2026-09-27 10:00:00
ITEM000006152,ORD00003874,SKU00117,Electronics,4,275.89,0.0,275.89,2026-09-27 10:00:00
ITEM000003607,ORD00008606,SKU00248,Home,1,653.63,196.09,1764.8,2026-09-27 10:00:00
ITEM000007161,ORD00011510,SKU00459,Home,1,201.23,20.12,382.34,2026-09-27 10:00:00
ITEM000023237,ORD00002663,SKU00008,Electronics,3,200.79,0.0,200.79,2026-09-27 10:00:00
ITEM000011741,ORD00001689,SKU00263,Fashion,3,248.56,0.0,994.24,2026-09-27 10:00:00
ITEM000024854,ORD00002355,SKU00359,Fashion,1,179.67,0.0,359.34,2026-09-27 10:00:00
ITEM000000192,ORD00006460,SKU00374,Home,2,81.18,4.06,77.12,2026-09-27 10:00:00
ITEM000019420,ORD00007828,SKU00430,Grocery,1,197.19,9.86,187.33,2026-09-27 10:00:00
ITEM000012792,ORD00009999,SKU00241,Home,2,643.55,96.53,547.02,2026-09-27 10:00:00
ITEM000004789,ORD00004390,SKU00309,Grocery,2,74.88,14.98,134.78,2026-09-27 10:00:00
ITEM000019162,ORD00004217,SKU00293,Beauty,3,511.93,0.0,1023.86,2026-09-27 10:00:00
ITEM000000951,ORD00001945,SKU00163,Electronics,1,242.59,0.0,242.59,2026-09-27 10:00:00
ITEM000011064,ORD00010346,SKU00093,Home,4,184.47,73.79,664.09,2026-09-27 10:00:00
ITEM000011142,ORD00001493,SKU00391,Fashion,2,433.06,0.0,433.06,2026-09-27 10:00:00
ITEM000021671,ORD00010440,SKU00116,Fashion,3,676.46,0.0,676.46,2026-09-27 10:00:00
ITEM000024624,ORD00001950,SKU00375,Home,3,208.44,156.33,885.87,2026-09-27 10:00:00
ITEM000014599,ORD00010563,SKU00316,Electronics,3,148.46,0.0,296.92,2026-09-27 10:00:00
ITEM000003431,ORD00009276,SKU00112,Fashion,1,256.84,0.0,770.52,2026-09-27 10:00:00
ITEM000009793,ORD00004243,SKU00467,Grocery,3,627.81,0.0,1883.43,2026-09-27 10:00:00
ITEM000003696,ORD00002417,SKU00466,Books,1,500.34,0.0,1000.68,2026-09-27 10:00:00
ITEM000014378,ORD00007140,SKU00036,Grocery,3,553.1,0.0,553.1,2026-09-27 10:00:00
ITEM000022633,ORD00000871,SKU00022,Grocery,2,181.02,0.0,362.04,2026-09-27 10:00:00
ITEM000015476,ORD00000721,SKU00002,Grocery,1,293.2,0.0,879.6,2026-09-27 10:00:00
ITEM000024843,ORD00004952,SKU00066,Books,3,568.41,56.84,511.57,2026-09-27 10:00:00
ITEM000003156,ORD00008615,SKU00461,Sports,1,378.03,113.41,1020.68,2026-09-27 10:00:00
ITEM000012866,ORD00007429,SKU00404,Home,3,218.46,0.0,218.46,2026-09-27 10:00:00
ITEM000021143,ORD00004941,SKU00033,Home,2,540.59,0.0,540.59,2026-09-27 10:00:00
ITEM000011586,ORD00004994,SKU00458,Beauty,2,203.76,40.75,366.77,2026-09-27 10:00:00
ITEM000005162,ORD00000457,SKU00318,Grocery,1,241.47,72.44,410.5,2026-09-27 10:00:00
ITEM000008409,ORD00007946,SKU00171,Fashion,1,298.63,149.32,1343.83,2026-09-27 10:00:00
ITEM000009611,ORD00000442,SKU00412,Grocery,3,438.69,0.0,877.38,2026-09-27 10:00:00
ITEM000022204,ORD00011616,SKU00378,Beauty,2,363.17,0.0,363.17,2026-09-27 10:00:00
ITEM000000605,ORD00001517,SKU00249,Grocery,2,164.73,0.0,494.19,2026-09-27 10:00:00
ITEM000021480,ORD00005899,SKU00195,Home,4,262.61,0.0,262.61,2026-09-27 10:00:00
ITEM000003035,ORD00003193,SKU00357,Beauty,4,114.0,0.0,342.0,2026-09-27 10:00:00
ITEM000000567,ORD00006955,SKU00174,Beauty,3,190.22,19.02,171.2,2026-09-27 10:00:00
ITEM000009866,ORD00006070,SKU00267,Fashion,3,463.86,0.0,1391.58,2026-09-27 10:00:00
ITEM000012474,ORD00009332,SKU00067,Fashion,3,69.74,6.97,132.51,2026-09-27 10:00:00
ITEM000002701,ORD00007342,SKU00372,Fashion,3,448.03,89.61,806.45,2026-09-27 10:00:00
ITEM000006207,ORD00011657,SKU00065,Electronics ,2,138.57,0.0,138.57,2026-09-27 10:00:00
ITEM000013344,ORD00006436,SKU00212,Beauty,1,162.42,0.0,324.84,2026-09-27 10:00:00
ITEM000007739,ORD00005277,SKU00008,Grocery,4,179.15,17.92,340.38,2026-09-27 10:00:00
ITEM000014229,ORD00006749,SKU00116,Fashion,2,223.5,0.0,670.5,2026-09-27 10:00:00
ITEM000016820,ORD00010748,SKU00166,Grocery,2,288.68,28.87,259.81,2026-09-27 10:00:00
ITEM000005477,ORD00001365,SKU00325,Fashion,1,1468.86,73.44,1395.42,2026-09-27 10:00:00
ITEM000020154,ORD00010210,SKU00034,Grocery,3,118.02,0.0,118.02,2026-09-27 10:00:00
ITEM000024489,ORD00003445,SKU00024,Books,3,488.08,0.0,488.08,2026-09-27 10:00:00
ITEM000008192,ORD00002507,SKU00245,Books,1,524.54,0.0,2622.7,2026-09-27 10:00:00
ITEM000009554,ORD00004211,SKU00048,Grocery,4,499.82,24.99,474.83,2026-09-27 10:00:00
ITEM000010726,ORD00010486,SKU00315,Electronics,3,1034.88,0.0,2069.76,2026-09-27 10:00:00
ITEM000023746,ORD00001922,SKU00050,Fashion,4,212.44,31.87,605.45,2026-09-27 10:00:00
ITEM000016129,ORD00006534,SKU00421,Fashion,4,1043.65,52.18,991.47,2026-09-27 10:00:00
ITEM000013775,ORD00004799,SKU00091,Electronics,4,1206.31,120.63,2291.99,2026-09-27 10:00:00
ITEM000020411,ORD00001053,SKU00255,Home,4,860.29,86.03,1634.55,2026-09-27 10:00:00
ITEM000009804,ORD00005295,SKU00051,Home,3,524.72,236.12,1338.04,2026-09-27 10:00:00
ITEM000000033,ORD00009317,SKU00482,Books,1,182.24,9.11,173.13,2026-09-27 10:00:00
ITEM000003718,ORD00003053,SKU00319,Grocery,4,472.55,0.0,472.55,2026-09-27 10:00:00
ITEM000016355,ORD00003867,SKU00119,Beauty,3,472.68,0.0,472.68,2026-09-27 10:00:00
ITEM000020292,ORD00005675,SKU00438,Grocery,1,463.15,0.0,463.15,2026-09-27 10:00:00
ITEM000021843,ORD00007870,SKU00057,Electronics,3,222.53,22.25,422.81,2026-09-27 10:00:00
ITEM000017080,ORD00011030,SKU00330,Beauty,1,357.36,0.0,1072.08,2026-09-27 10:00:00
ITEM000009690,ORD00009414,SKU00398,Home,3,182.52,0.0,182.52,2026-09-27 10:00:00
ITEM000023008,ORD00008582,SKU00021,Electronics,1,675.19,0.0,675.19,2026-09-27 10:00:00
ITEM000007828,ORD00002854,SKU00315,Grocery,3,1673.38,0.0,5020.14,2026-09-27 10:00:00
ITEM000007722,ORD00010272,SKU00018,Books,3,317.1,63.42,1204.98,2026-09-27 10:00:00
ITEM000019968,ORD00008381,SKU00286,Home,2,80.15,0.0,80.15,2026-09-27 10:00:00
ITEM000024293,ORD00009550,SKU00419,Sports,3,855.98,85.6,770.38,2026-09-27 10:00:00
ITEM000006472,ORD00005622,SKU00137,Sports,1,2051.72,205.17,1846.55,2026-09-27 10:00:00
ITEM000021189,ORD00006503,SKU00273,Books,4,293.31,0.0,1173.24,2026-09-27 10:00:00
ITEM000012743,ORD00009573,SKU00197,Books,1,300.33,30.03,570.63,2026-09-27 10:00:00
ITEM000004735,ORD00006688,SKU00293,Grocery,1,1076.92,161.54,3069.22,2026-09-27 10:00:00
ITEM000007331,ORD00005931,SKU00422,Electronics,3,503.08,50.31,955.85,2026-09-27 10:00:00
ITEM000024379,ORD00004074,SKU00179,Books,2,126.14,25.23,479.33,2026-09-27 10:00:00
ITEM000011070,ORD00008636,SKU00127,Grocery,3,722.17,72.22,649.95,2026-09-27 10:00:00
ITEM000000689,ORD00001900,SKU00475,Fashion,3,1486.64,148.66,1337.98,2026-09-27 10:00:00
ITEM000008100,ORD00008399,SKU00302,Sports,1,167.22,0.0,334.44,2026-09-27 10:00:00
ITEM000011147,ORD00007407,SKU00402,Electronics,4,325.29,0.0,650.58,2026-09-27 10:00:00
ITEM000007669,ORD00000143,SKU00443,Beauty,2,543.53,0.0,1087.06,2026-09-27 10:00:00
ITEM000012184,ORD00003338,SKU00199,Sports,3,291.19,29.12,262.07,2026-09-27 10:00:00
ITEM000010328,ORD00009706,SKU00356,Electronics,2,310.61,62.12,1180.32,2026-09-27 10:00:00
ITEM000023957,ORD00001170,SKU00321,Home,3,505.99,50.6,961.38,2026-09-27 10:00:00
ITEM000018449,ORD00005537,SKU00275,Books,1,184.41,18.44,165.97,2026-09-27 10:00:00
ITEM000022200,ORD00001236,SKU00179,Books,3,168.9,16.89,152.01,2026-09-27 10:00:00
ITEM000021603,ORD00001339,SKU00077,Sports,1,238.29,47.66,428.92,2026-09-27 10:00:00
ITEM000021167,ORD00008701,SKU00305,Books,2,131.38,0.0,525.52,2026-09-27 10:00:00
ITEM000011647,ORD00001451,SKU00452,Books,2,391.54,0.0,1566.16,2026-09-27 10:00:00
ITEM000022111,ORD00005305,SKU00407,Sports,2,808.08,0.0,1616.16,2026-09-27 10:00:00
ITEM000003537,ORD00001976,SKU00131,Books,4,168.93,0.0,168.93,2026-09-27 10:00:00
ITEM000004328,ORD00003691,SKU00190,Sports,1,282.45,84.74,762.61,2026-09-27 10:00:00
ITEM000019500,ORD00011429,SKU00307,Electronics,4,296.44,44.47,251.97,2026-09-27 10:00:00
ITEM000021578,ORD00008754,SKU00070,Electronics,4,515.79,0.0,515.79,2026-09-27 10:00:00
ITEM000020267,ORD00008147,SKU00252,Home,3,511.72,0.0,2558.6,2026-09-27 10:00:00
ITEM000001775,ORD00001200,SKU00349,Sports,1,654.75,32.74,622.01,2026-09-27 10:00:00
ITEM000007374,ORD00002763,SKU00493,Beauty,4,507.94,0.0,1015.88,2026-09-27 10:00:00
ITEM000022796,ORD00006688,SKU00132,Electronics,1,211.21,0.0,422.42,2026-09-27 10:00:00
ITEM000018881,ORD00001141,SKU00014,Books,1,203.47,0.0,203.47,2026-09-27 10:00:00
ITEM000006321,ORD00004494,SKU00203,Grocery,4,162.69,8.13,154.56,2026-09-27 10:00:00
ITEM000021210,ORD00005832,SKU00380,Beauty,4,243.72,0.0,243.72,2026-09-27 10:00:00
ITEM000005137,ORD00005027,SKU00246,Fashion,4,63.99,38.39,217.57,2026-09-27 10:00:00
ITEM000005823,ORD00001166,SKU00499,Electronics,4,719.13,0.0,719.13,2026-09-27 10:00:00
ITEM000009225,ORD00010584,SKU00249,Grocery,2,413.5,0.0,413.5,2026-09-27 10:00:00
ITEM000003262,ORD00009202,SKU00292,Sports,4,59.73,5.97,53.76,2026-09-27 10:00:00
ITEM000021919,ORD00004321,SKU00472,Fashion,4,132.35,26.47,238.23,2026-09-27 10:00:00
ITEM000017864,ORD00011989,SKU00126,Electronics ,1,917.23,91.72,1742.74,2026-09-27 10:00:00
ITEM000022523,ORD00003766,SKU00404,Beauty,1,312.17,0.0,312.17,2026-09-27 10:00:00
ITEM000015534,ORD00011709,SKU00210,Electronics,3,424.11,63.62,360.49,2026-09-27 10:00:00
ITEM000000469,ORD00007079,SKU00415,Home,3,382.98,114.89,651.07,2026-09-27 10:00:00
ITEM000001309,ORD00007067,SKU00438,Grocery,4,1051.49,52.57,998.92,2026-09-27 10:00:00
ITEM000020578,ORD00001750,SKU00476,Fashion,4,847.87,169.57,1526.17,2026-09-27 10:00:00
ITEM000016622,ORD00005112,SKU00212,Fashion,3,451.33,67.7,383.63,2026-09-27 10:00:00
ITEM000015643,ORD00011672,SKU00307,Sports,2,370.11,0.0,370.11,2026-09-27 10:00:00
ITEM000020164,ORD00006729,SKU00452,Electronics,1,337.34,0.0,337.34,2026-09-27 10:00:00
ITEM000002322,ORD00002272,SKU00411,Home,4,303.78,0.0,303.78,2026-09-27 10:00:00
ITEM000011708,ORD00008456,SKU00285,Home,2,870.95,0.0,870.95,2026-09-27 10:00:00
ITEM000022503,ORD00010707,SKU00497,Beauty,4,85.28,0.0,85.28,2026-09-27 10:00:00
ITEM000004453,ORD00005562,SKU00281,Fashion,4,505.31,50.53,454.78,2026-09-27 10:00:00
ITEM000005522,ORD00001857,SKU00267,Home,2,383.01,57.45,325.56,2026-09-27 10:00:00
ITEM000013205,ORD00000557,SKU00011,Beauty,3,377.28,0.0,377.28,2026-09-27 10:00:00
ITEM000001007,ORD00005053,SKU00384,Grocery,3,475.95,0.0,951.9,2026-09-27 10:00:00
ITEM000013149,ORD00007736,SKU00237,Grocery,1,2430.42,0.0,4860.84,2026-09-27 10:00:00
ITEM000001422,ORD00001990,SKU00315,Sports,2,795.94,0.0,1591.88,2026-09-27 10:00:00
ITEM000016950,ORD00009542,SKU00384,Sports,1,343.96,171.98,1547.82,2026-09-27 10:00:00
ITEM000002024,ORD00011571,SKU00477,Books,2,422.77,126.83,1141.48,2026-09-27 10:00:00
ITEM000016194,ORD00000488,SKU00254,Fashion,2,447.92,44.79,403.13,2026-09-27 10:00:00
ITEM000021193,ORD00004373,SKU00458,Sports,2,368.19,36.82,699.56,2026-09-27 10:00:00
ITEM000009104,ORD00004528,SKU00493,Home,4,521.51,130.38,2477.17,2026-09-27 10:00:00
ITEM000024770,ORD00006520,SKU00123,Fashion,3,328.47,0.0,328.47,2026-09-27 10:00:00
ITEM000015219,ORD00009850,SKU00451,Grocery,2,181.9,0.0,181.9,2026-09-27 10:00:00
ITEM000004029,ORD00004720,SKU00059,Fashion,2,568.9,0.0,2275.6,2026-09-27 10:00:00
ITEM000010310,ORD00010407,SKU00376,Fashion,3,58.93,0.0,58.93,2026-09-27 10:00:00
ITEM000013618,ORD00000598,SKU00475,Books,3,288.05,43.21,244.84,2026-09-27 10:00:00
ITEM000009294,ORD00007983,SKU00457,Beauty,2,169.68,0.0,169.68,2026-09-27 10:00:00
ITEM000009091,ORD00005935,SKU00041,Books,2,608.63,273.88,1552.01,2026-09-27 10:00:00
ITEM000012305,ORD00009635,SKU00197,Electronics,1,154.7,7.74,146.96,2026-09-27 10:00:00
ITEM000016047,ORD00009264,SKU00468,Books,1,185.23,18.52,351.94,2026-09-27 10:00:00
ITEM000000027,ORD00005466,SKU00220,Home,1,297.15,0.0,594.3,2026-09-27 10:00:00
ITEM000012667,ORD00003933,SKU00101,Books,2,1044.78,0.0,2089.56,2026-09-27 10:00:00
ITEM000024795,ORD00005764,SKU00260,Fashion,2,505.1,0.0,1010.2,2026-09-27 10:00:00
ITEM000019281,ORD00005144,SKU00191,Beauty,3,233.58,23.36,210.22,2026-09-27 10:00:00
ITEM000022261,ORD00003363,SKU00197,Sports,3,160.17,48.05,272.29,2026-09-27 10:00:00
ITEM000004517,ORD00005500,SKU00207,Beauty,4,451.29,180.52,1624.64,2026-09-27 10:00:00
ITEM000024200,ORD00007057,SKU00164,Sports,4,98.59,0.0,197.18,2026-09-27 10:00:00
ITEM000002364,ORD00005418,SKU00310,Grocery,4,244.49,24.45,464.53,2026-09-27 10:00:00
ITEM000014852,ORD00005178,SKU00443,Home,2,270.43,81.13,730.16,2026-09-27 10:00:00
ITEM000019458,ORD00000762,SKU00142,Electronics ,1,468.06,46.81,421.25,2026-09-27 10:00:00
ITEM000000663,ORD00006491,SKU00183,Electronics,4,261.1,26.11,234.99,2026-09-27 10:00:00
ITEM000013135,ORD00011489,SKU00240,Fashion,2,397.1,0.0,397.1,2026-09-27 10:00:00
ITEM000012791,ORD00007832,SKU00407,Sports,3,178.12,0.0,534.36,2026-09-27 10:00:00
ITEM000006956,ORD00006955,SKU00097,Electronics,2,517.62,0.0,2070.48,2026-09-27 10:00:00
ITEM000020869,ORD00010562,SKU00009,Sports,3,814.17,81.42,1546.92,2026-09-27 10:00:00
ITEM000011478,ORD00007774,SKU00226,Sports,1,1829.5,0.0,1829.5,2026-09-27 10:00:00
ITEM000015073,ORD00006441,SKU00297,Grocery,1,386.79,0.0,773.58,2026-09-27 10:00:00
ITEM000024041,ORD00008456,SKU00015,Sports,1,651.52,97.73,553.79,2026-09-27 10:00:00
ITEM000017755,ORD00007532,SKU00237,Sports,1,1014.64,0.0,1014.64,2026-09-27 10:00:00
ITEM000001264,ORD00001374,SKU00262,Home,2,257.89,12.89,245.0,2026-09-27 10:00:00
ITEM000004221,ORD00006482,SKU00092,Electronics,1,105.99,21.2,190.78,2026-09-27 10:00:00
ITEM000022315,ORD00010199,SKU00483,Fashion,2,247.68,0.0,247.68,2026-09-27 10:00:00
ITEM000024242,ORD00011642,SKU00274,Sports,3,378.8,37.88,719.72,2026-09-27 10:00:00
ITEM000001851,ORD00001122,SKU00056,Home,3,625.35,0.0,625.35,2026-09-27 10:00:00
ITEM000016091,ORD00010192,SKU00038,Home,4,577.17,28.86,548.31,2026-09-27 10:00:00
ITEM000023769,ORD00000384,SKU00160,Grocery,3,1969.93,98.5,1871.43,2026-09-27 10:00:00
ITEM000019860,ORD00003629,SKU00429,Grocery,4,198.61,19.86,178.75,2026-09-27 10:00:00
ITEM000012414,ORD00000302,SKU00143,Beauty,4,158.78,0.0,635.12,2026-09-27 10:00:00
ITEM000003902,ORD00004634,SKU00028,Home,1,265.52,13.28,252.24,2026-09-27 10:00:00
ITEM000018208,ORD00003034,SKU00071,Grocery,3,113.29,22.66,430.5,2026-09-27 10:00:00
ITEM000012082,ORD00010202,SKU00068,Home,2,557.36,0.0,1672.08,2026-09-27 10:00:00
ITEM000018544,ORD00010202,SKU00079,Electronics,3,135.16,0.0,135.16,2026-09-27 10:00:00
ITEM000011513,ORD00011536,SKU00174,Beauty,4,1190.83,119.08,1071.75,2026-09-27 10:00:00
ITEM000018849,ORD00006532,SKU00103,Beauty,4,214.02,0.0,214.02,2026-09-27 10:00:00
ITEM000003154,ORD00004675,SKU00217,Books,2,391.6,39.16,352.44,2026-09-27 10:00:00
ITEM000020981,ORD00009761,SKU00253,Fashion,1,316.43,0.0,316.43,2026-09-27 10:00:00
ITEM000016796,ORD00002749,SKU00368,Sports,3,123.89,6.19,117.7,2026-09-27 10:00:00
ITEM000017087,ORD00004149,SKU00110,Books,4,151.38,15.14,287.62,2026-09-27 10:00:00
ITEM000019019,ORD00011910,SKU00245,Home,2,188.38,0.0,376.76,2026-09-27 10:00:00
ITEM000010413,ORD00002176,SKU00391,Electronics,2,111.64,0.0,111.64,2026-09-27 10:00:00
ITEM000003785,ORD00007837,SKU00495,Grocery,3,82.38,0.0,82.38,2026-09-27 10:00:00
ITEM000017083,ORD00005380,SKU00060,Fashion,4,383.17,19.16,364.01,2026-09-27 10:00:00
ITEM000007078,ORD00004128,SKU00182,Beauty,4,613.54,122.71,1104.37,2026-09-27 10:00:00
ITEM000007529,ORD00005129,SKU00415,Grocery,1,801.59,0.0,801.59,2026-09-27 10:00:00
ITEM000007440,ORD00007566,SKU00062,Books,1,377.85,0.0,1511.4,2026-09-27 10:00:00
ITEM000008852,ORD00009810,SKU00293,Books,4,88.12,0.0,88.12,2026-09-27 10:00:00
ITEM000018569,ORD00001332,SKU00276,Sports,3,829.77,0.0,829.77,2026-09-27 10:00:00
ITEM000014205,ORD00002426,SKU00260,Sports,2,293.25,146.62,1319.63,2026-09-27 10:00:00
ITEM000010027,ORD00004793,SKU00434,Books,2,484.73,72.71,412.02,2026-09-27 10:00:00
ITEM000023704,ORD00006620,SKU00264,Home,3,244.65,0.0,489.3,2026-09-27 10:00:00
ITEM000013659,ORD00002028,SKU00277,Fashion,1,822.48,0.0,822.48,2026-09-27 10:00:00
ITEM000014318,ORD00002129,SKU00126,Sports,3,495.03,0.0,990.06,2026-09-27 10:00:00
ITEM000019949,ORD00006414,SKU00231,Grocery,1,359.89,215.93,1223.63,2026-09-27 10:00:00
ITEM000008336,ORD00011168,SKU00363,Books,1,293.69,0.0,1468.45,2026-09-27 10:00:00
ITEM000017851,ORD00010813,SKU00383,Electronics,1,180.04,90.02,810.18,2026-09-27 10:00:00
ITEM000019535,ORD00008998,SKU00418,Electronics,2,249.77,0.0,249.77,2026-09-27 10:00:00
ITEM000004050,ORD00006980,SKU00089,Fashion,3,455.91,0.0,455.91,2026-09-27 10:00:00
ITEM000018659,ORD00002152,SKU00277,Home,3,938.72,93.87,844.85,2026-09-27 10:00:00
ITEM000010515,ORD00008227,SKU00018,Beauty,1,343.65,0.0,1374.6,2026-09-27 10:00:00
ITEM000017111,ORD00005571,SKU00340,Electronics,4,246.49,0.0,492.98,2026-09-27 10:00:00
ITEM000021061,ORD00000303,SKU00033,Beauty,1,558.56,111.71,1005.41,2026-09-27 10:00:00
ITEM000020175,ORD00009115,SKU00055,Fashion,1,245.49,24.55,220.94,2026-09-27 10:00:00
ITEM000018059,ORD00009258,SKU00201,Home,1,455.59,91.12,820.06,2026-09-27 10:00:00
ITEM000013774,ORD00006666,SKU00094,Electronics,1,1092.33,218.47,1966.19,2026-09-27 10:00:00
ITEM000018687,ORD00001139,SKU00298,Beauty,3,123.32,0.0,123.32,2026-09-27 10:00:00
ITEM000004801,ORD00010623,SKU00467,Books,3,845.81,211.45,4017.6,2026-09-27 10:00:00
ITEM000024080,ORD00008191,SKU00209,Sports,1,1136.37,0.0,1136.37,2026-09-27 10:00:00
ITEM000015594,ORD00007685,SKU00262,Fashion,3,391.15,0.0,391.15,2026-09-27 10:00:00
ITEM000010733,ORD00007836,SKU00061,Sports,1,355.04,17.75,337.29,2026-09-27 10:00:00
ITEM000014883,ORD00002981,SKU00156,Fashion,4,211.52,21.15,190.37,2026-09-27 10:00:00
ITEM000023292,ORD00011007,SKU00041,Beauty,1,333.0,0.0,1665.0,2026-09-27 10:00:00
ITEM000014782,ORD00008832,SKU00223,Sports,1,467.73,46.77,420.96,2026-09-27 10:00:00
ITEM000014383,ORD00010385,SKU00184,Grocery,4,132.76,13.28,252.24,2026-09-27 10:00:00
ITEM000019533,ORD00004070,SKU00262,Grocery,3,595.25,178.58,1607.17,2026-09-27 10:00:00
ITEM000017541,ORD00009920,SKU00284,Fashion,3,156.34,0.0,312.68,2026-09-27 10:00:00
ITEM000016915,ORD00010177,SKU00417,Electronics,4,451.06,0.0,451.06,2026-09-27 10:00:00
ITEM000016319,ORD00009925,SKU00036,Sports,3,198.67,9.93,188.74,2026-09-27 10:00:00
ITEM000020810,ORD00000323,SKU00314,Grocery,4,121.47,0.0,121.47,2026-09-27 10:00:00
ITEM000020376,ORD00011103,SKU00303,Books,4,158.64,0.0,158.64,2026-09-27 10:00:00
ITEM000020735,ORD00002411,SKU00329,Grocery,4,160.17,0.0,160.17,2026-09-27 10:00:00
ITEM000005795,ORD00011976,SKU00086,Beauty,2,390.73,0.0,781.46,2026-09-27 10:00:00
ITEM000005501,ORD00010454,SKU00322,Home,1,1471.67,294.33,2649.01,2026-09-27 10:00:00
ITEM000002689,ORD00011637,SKU00359,Beauty,4,57.85,0.0,57.85,2026-09-27 10:00:00
ITEM000021342,ORD00000614,SKU00134,Beauty,4,281.06,14.05,267.01,2026-09-27 10:00:00
ITEM000014863,ORD00009049,SKU00021,Beauty,3,102.8,10.28,195.32,2026-09-27 10:00:00
ITEM000003528,ORD00011237,SKU00063,Fashion,2,914.96,457.48,4117.32,2026-09-27 10:00:00
ITEM000013295,ORD00003750,SKU00135,Grocery,1,1315.93,263.19,2368.67,2026-09-27 10:00:00
ITEM000002067,ORD00003647,SKU00151,Books,3,429.68,0.0,859.36,2026-09-27 10:00:00
ITEM000011940,ORD00001463,SKU00206,Grocery,2,317.44,0.0,1269.76,2026-09-27 10:00:00
ITEM000004990,ORD00005702,SKU00394,Beauty,3,206.52,51.63,980.97,2026-09-27 10:00:00
ITEM000014244,ORD00006620,SKU00412,Electronics,4,394.53,59.18,1124.41,2026-09-27 10:00:00
ITEM000013174,ORD00000090,SKU00185,Fashion,4,625.78,0.0,1877.34,2026-09-27 10:00:00
ITEM000003003,ORD00003557,SKU00175,Grocery,2,245.61,0.0,245.61,2026-09-27 10:00:00
ITEM000004463,ORD00009169,SKU00351,Books,3,333.42,33.34,633.5,2026-09-27 10:00:00
ITEM000012087,ORD00008370,SKU00199,Fashion,1,194.75,0.0,194.75,2026-09-27 10:00:00
ITEM000010014,ORD00000642,SKU00327,Sports,1,1639.18,163.92,1475.26,2026-09-27 10:00:00
ITEM000020297,ORD00004214,SKU00316,Electronics,1,492.5,0.0,985.0,2026-09-27 10:00:00
ITEM000000277,ORD00002291,SKU00369,Grocery,1,179.51,0.0,359.02,2026-09-27 10:00:00
ITEM000002966,ORD00004656,SKU00152,Grocery,3,372.21,0.0,372.21,2026-09-27 10:00:00
ITEM000017635,ORD00003847,SKU00173,Beauty,3,1605.13,481.54,4333.85,2026-09-27 10:00:00
ITEM000022190,ORD00010856,SKU00041,Fashion,2,247.42,37.11,705.15,2026-09-27 10:00:00
ITEM000010148,ORD00011324,SKU00015,Electronics,4,223.14,0.0,223.14,2026-09-27 10:00:00
ITEM000014294,ORD00011918,SKU00229,Beauty,3,152.85,61.14,550.26,2026-09-27 10:00:00
ITEM000022541,ORD00009747,SKU00368,Electronics,1,607.68,151.92,2886.48,2026-09-27 10:00:00
ITEM000008270,ORD00011124,SKU00322,Home,3,405.64,0.0,811.28,2026-09-27 10:00:00
ITEM000010333,ORD00008865,SKU00166,Grocery,3,91.49,9.15,82.34,2026-09-27 10:00:00
ITEM000005568,ORD00008564,SKU00189,Fashion,4,227.82,11.39,216.43,2026-09-27 10:00:00
ITEM000018967,ORD00002175,SKU00075,Beauty,1,423.93,42.39,381.54,2026-09-27 10:00:00
ITEM000015538,ORD00002667,SKU00405,Home,1,294.53,29.45,265.08,2026-09-27 10:00:00
ITEM000000086,ORD00011424,SKU00059,Beauty,4,157.58,23.64,449.1,2026-09-27 10:00:00
ITEM000003200,ORD00005570,SKU00265,Electronics,2,958.57,0.0,1917.14,2026-09-27 10:00:00
ITEM000019437,ORD00003883,SKU00307,Electronics,2,395.75,79.15,712.35,2026-09-27 10:00:00
ITEM000019336,ORD00004341,SKU00044,Home,3,371.75,0.0,743.5,2026-09-27 10:00:00
ITEM000014016,ORD00002181,SKU00052,Home,3,251.29,12.56,238.73,2026-09-27 10:00:00
ITEM000002053,ORD00006630,SKU00091,Grocery,2,246.0,24.6,467.4,2026-09-27 10:00:00
ITEM000022472,ORD00001048,SKU00228,Grocery,4,271.36,0.0,271.36,2026-09-27 10:00:00
ITEM000016780,ORD00006249,SKU00452,Grocery,1,602.5,0.0,602.5,2026-09-27 10:00:00
ITEM000008195,ORD00001368,SKU00408,Books,3,546.42,0.0,546.42,2026-09-27 10:00:00
ITEM000023288,ORD00005252,SKU00250,Beauty,3,382.74,38.27,344.47,2026-09-27 10:00:00
ITEM000022134,ORD00002824,SKU00226,Fashion,4,289.95,29.0,260.95,2026-09-27 10:00:00
ITEM000011446,ORD00002181,SKU00139,Sports,1,1095.15,0.0,1095.15,2026-09-27 10:00:00
ITEM000007920,ORD00009290,SKU00049,Beauty,1,199.86,19.99,379.73,2026-09-27 10:00:00
ITEM000016277,ORD00007550,SKU00283,Fashion,4,622.15,279.97,1586.48,2026-09-27 10:00:00
ITEM000010551,ORD00011038,SKU00447,Grocery,2,308.65,0.0,925.95,2026-09-27 10:00:00
ITEM000006792,ORD00002162,SKU00171,Books,1,1397.57,139.76,2655.38,2026-09-27 10:00:00
ITEM000021288,ORD00011777,SKU00391,Beauty,3,309.25,0.0,309.25,2026-09-27 10:00:00
ITEM000018548,ORD00000792,SKU00109,Fashion,3,362.46,0.0,362.46,2026-09-27 10:00:00
ITEM000016195,ORD00005322,SKU00404,Beauty,1,323.81,0.0,323.81,2026-09-27 10:00:00
ITEM000012978,ORD00009827,SKU00135,Fashion,2,230.07,0.0,460.14,2026-09-27 10:00:00
ITEM000007348,ORD00003317,SKU00491,Books,4,481.36,0.0,481.36,2026-09-27 10:00:00
ITEM000001904,ORD00003847,SKU00112,Books,1,157.55,15.76,141.79,2026-09-27 10:00:00
ITEM000003190,ORD00008744,SKU00354,Grocery,4,1355.66,67.78,1287.88,2026-09-27 10:00:00
ITEM000015127,ORD00010360,SKU00465,Grocery,1,867.83,0.0,2603.49,2026-09-27 10:00:00
ITEM000013729,ORD00007397,SKU00261,Fashion,3,1762.06,0.0,1762.06,2026-09-27 10:00:00
ITEM000006940,ORD00008304,SKU00187,Beauty,4,303.57,91.07,819.64,2026-09-27 10:00:00
ITEM000012152,ORD00009835,SKU00498,Home,1,107.52,0.0,215.04,2026-09-27 10:00:00
ITEM000004716,ORD00005100,SKU00110,Fashion,3,288.93,0.0,577.86,2026-09-27 10:00:00
ITEM000016285,ORD00001316,SKU00424,Beauty,2,472.24,0.0,944.48,2026-09-27 10:00:00
ITEM000002132,ORD00007672,SKU00305,Fashion,1,81.64,36.74,208.18,2026-09-27 10:00:00
ITEM000005406,ORD00006269,SKU00258,Books,4,285.45,28.54,256.91,2026-09-27 10:00:00
ITEM000009234,ORD00003009,SKU00279,Fashion,1,282.58,56.52,508.64,2026-09-27 10:00:00
ITEM000001801,ORD00010546,SKU00103,Home,3,864.6,0.0,864.6,2026-09-27 10:00:00
ITEM000007796,ORD00008977,SKU00297,Books,1,264.98,26.5,238.48,2026-09-27 10:00:00
ITEM000005023,ORD00008763,SKU00365,Books,3,140.8,28.16,535.04,2026-09-27 10:00:00
ITEM000008522,ORD00003235,SKU00365,Grocery,3,195.39,19.54,371.24,2026-09-27 10:00:00
ITEM000009826,ORD00011056,SKU00294,Beauty,3,111.86,0.0,223.72,2026-09-27 10:00:00
ITEM000010816,ORD00001355,SKU00070,Beauty,2,252.32,75.7,681.26,2026-09-27 10:00:00
ITEM000021475,ORD00010315,SKU00202,Home,4,402.27,40.23,362.04,2026-09-27 10:00:00
ITEM000005929,ORD00008086,SKU00155,Sports,1,697.56,0.0,1395.12,2026-09-27 10:00:00
ITEM000001038,ORD00006354,SKU00119,Books,3,615.03,92.25,1752.84,2026-09-27 10:00:00
ITEM000004529,ORD00006122,SKU00092,Home,2,348.0,52.2,295.8,2026-09-27 10:00:00
ITEM000014864,ORD00005123,SKU00457,Fashion,4,1009.49,0.0,1009.49,2026-09-27 10:00:00
ITEM000002440,ORD00002839,SKU00202,Beauty,4,135.73,27.15,515.77,2026-09-27 10:00:00
ITEM000001491,ORD00009072,SKU00111,Electronics,3,1176.45,0.0,2352.9,2026-09-27 10:00:00
ITEM000009744,ORD00006458,SKU00201,Books,3,203.04,40.61,771.55,2026-09-27 10:00:00
ITEM000011216,ORD00000445,SKU00195,Fashion,3,419.88,0.0,419.88,2026-09-27 10:00:00
ITEM000019017,ORD00000763,SKU00399,Sports,3,258.3,0.0,516.6,2026-09-27 10:00:00
ITEM000012099,ORD00007377,SKU00315,Fashion,2,338.38,33.84,304.54,2026-09-27 10:00:00
ITEM000018399,ORD00006428,SKU00398,Beauty,2,554.98,55.5,1054.46,2026-09-27 10:00:00
ITEM000000060,ORD00007892,SKU00496,Sports,1,294.49,14.72,279.77,2026-09-27 10:00:00
ITEM000007723,ORD00000919,SKU00311,Electronics ,2,96.97,0.0,96.97,2026-09-27 10:00:00
ITEM000022732,ORD00009595,SKU00145,Sports,1,257.28,12.86,244.42,2026-09-27 10:00:00
ITEM000000049,ORD00005763,SKU00369,Electronics,4,398.74,0.0,797.48,2026-09-27 10:00:00
ITEM000017948,ORD00003684,SKU00107,Grocery,4,600.84,0.0,600.84,2026-09-27 10:00:00
ITEM000005273,ORD00005365,SKU00431,Fashion,1,1370.9,137.09,1233.81,2026-09-27 10:00:00
ITEM000020281,ORD00003418,SKU00225,Fashion,2,2258.31,1693.73,9597.82,2026-09-27 10:00:00
ITEM000007876,ORD00003769,SKU00491,Books,1,374.95,112.48,1012.37,2026-09-27 10:00:00
ITEM000018453,ORD00004169,SKU00004,Books,1,526.63,26.33,500.3,2026-09-27 10:00:00
ITEM000012927,ORD00000039,SKU00350,Electronics,2,110.32,0.0,220.64,2026-09-27 10:00:00
ITEM000019344,ORD00000650,SKU00449,Beauty,4,76.9,7.69,69.21,2026-09-27 10:00:00
ITEM000016160,ORD00010372,SKU00432,Fashion,4,494.16,0.0,494.16,2026-09-27 10:00:00
ITEM000004944,ORD00011412,SKU00274,Electronics,2,122.16,12.22,109.94,2026-09-27 10:00:00
ITEM000002674,ORD00003672,SKU00407,Grocery,2,377.3,0.0,377.3,2026-09-27 10:00:00
ITEM000012031,ORD00002068,SKU00477,Electronics,2,411.73,123.52,699.94,2026-09-27 10:00:00
ITEM000017824,ORD00004822,SKU00368,Home,4,267.71,13.39,254.32,2026-09-27 10:00:00
ITEM000017155,ORD00001981,SKU00178,Fashion,1,236.59,70.98,638.79,2026-09-27 10:00:00
ITEM000023462,ORD00009087,SKU00072,Home,2,83.29,33.32,299.84,2026-09-27 10:00:00
ITEM000018290,ORD00001476,SKU00104,Sports,2,354.07,0.0,354.07,2026-09-27 10:00:00
ITEM000012295,ORD00011983,SKU00059,Home,1,1055.81,316.74,2850.69,2026-09-27 10:00:00
ITEM000006908,ORD00006789,SKU00267,Electronics,2,703.2,0.0,703.2,2026-09-27 10:00:00
ITEM000013882,ORD00002926,SKU00441,Beauty,3,153.03,45.91,260.15,2026-09-27 10:00:00
ITEM000017321,ORD00007216,SKU00300,Electronics,2,123.85,12.38,111.47,2026-09-27 10:00:00
ITEM000009947,ORD00009892,SKU00056,Sports,3,594.3,29.72,564.58,2026-09-27 10:00:00
ITEM000010766,ORD00008073,SKU00477,Books,3,507.45,0.0,1014.9,2026-09-27 10:00:00
ITEM000010383,ORD00006292,SKU00275,Fashion,4,308.87,61.77,555.97,2026-09-27 10:00:00
ITEM000012359,ORD00006730,SKU00081,Sports,3,233.01,0.0,466.02,2026-09-27 10:00:00
ITEM000010181,ORD00006802,SKU00112,Grocery,3,455.13,0.0,455.13,2026-09-27 10:00:00
ITEM000024418,ORD00011643,SKU00440,Books,2,125.91,0.0,125.91,2026-09-27 10:00:00
ITEM000022823,ORD00003457,SKU00470,Home,2,471.46,0.0,471.46,2026-09-27 10:00:00
ITEM000010798,ORD00004517,SKU00018,Electronics,2,330.0,0.0,660.0,2026-09-27 10:00:00
ITEM000009573,ORD00001194,SKU00381,Books,4,117.13,11.71,105.42,2026-09-27 10:00:00
ITEM000001711,ORD00009727,SKU00214,Books,3,570.07,0.0,1710.21,2026-09-27 10:00:00
ITEM000024393,ORD00002798,SKU00402,Beauty,4,492.93,24.65,468.28,2026-09-27 10:00:00
ITEM000013438,ORD00003371,SKU00024,Grocery,3,181.71,0.0,545.13,2026-09-27 10:00:00
ITEM000020497,ORD00006708,SKU00273,Sports,3,1083.77,0.0,4335.08,2026-09-27 10:00:00
ITEM000006050,ORD00005158,SKU00057,Beauty,4,332.51,33.25,299.26,2026-09-27 10:00:00
ITEM000017057,ORD00011429,SKU00073,Beauty,1,294.39,0.0,1471.95,2026-09-27 10:00:00
ITEM000018350,ORD00003395,SKU00017,Fashion,3,658.4,65.84,592.56,2026-09-27 10:00:00
ITEM000020417,ORD00002496,SKU00384,Grocery,2,246.77,0.0,1233.85,2026-09-27 10:00:00
ITEM000000091,ORD00011466,SKU00439,Home,1,298.17,44.73,253.44,2026-09-27 10:00:00
ITEM000016425,ORD00005122,SKU00321,Grocery,3,153.66,15.37,138.29,2026-09-27 10:00:00
ITEM000016342,ORD00000055,SKU00092,Home,4,321.53,0.0,321.53,2026-09-27 10:00:00
ITEM000014933,ORD00006130,SKU00115,Home,2,134.36,0.0,134.36,2026-09-27 10:00:00
ITEM000023919,ORD00003051,SKU00426,Fashion,2,509.79,0.0,2548.95,2026-09-27 10:00:00
ITEM000010946,ORD00011457,SKU00244,Grocery,2,324.24,32.42,616.06,2026-09-27 10:00:00
ITEM000022414,ORD00004124,SKU00489,Electronics,3,181.47,27.22,517.19,2026-09-27 10:00:00
ITEM000015059,ORD00000086,SKU00221,Electronics,4,342.95,51.44,977.41,2026-09-27 10:00:00
ITEM000001834,ORD00007698,SKU00276,Electronics,4,284.93,28.49,541.37,2026-09-27 10:00:00
ITEM000018235,ORD00001794,SKU00207,Grocery,3,108.18,10.82,97.36,2026-09-27 10:00:00
ITEM000014064,ORD00002747,SKU00490,Fashion,3,200.43,0.0,200.43,2026-09-27 10:00:00
ITEM000018130,ORD00003679,SKU00291,Home,4,275.21,0.0,550.42,2026-09-27 10:00:00
ITEM000014725,ORD00009959,SKU00265,Electronics,4,171.74,8.59,163.15,2026-09-27 10:00:00
ITEM000023557,ORD00010667,SKU00341,Sports,4,1114.22,0.0,1114.22,2026-09-27 10:00:00
ITEM000013887,ORD00003954,SKU00358,Books,2,1077.74,53.89,1023.85,2026-09-27 10:00:00
ITEM000023236,ORD00000116,SKU00485,Grocery,3,211.81,0.0,635.43,2026-09-27 10:00:00
ITEM000012402,ORD00002402,SKU00037,Home,2,427.8,0.0,427.8,2026-09-27 10:00:00
ITEM000001176,ORD00003296,SKU00192,Books,2,282.63,0.0,565.26,2026-09-27 10:00:00
ITEM000019924,ORD00002309,SKU00008,Electronics,2,1677.89,0.0,3355.78,2026-09-27 10:00:00
ITEM000005791,ORD00005344,SKU00088,Grocery,1,483.41,0.0,483.41,2026-09-27 10:00:00
ITEM000001860,ORD00004309,SKU00329,Fashion,3,556.91,55.69,501.22,2026-09-27 10:00:00
ITEM000004061,ORD00005049,SKU00148,Sports,3,69.52,6.95,62.57,2026-09-27 10:00:00
ITEM000007163,ORD00011529,SKU00371,Electronics,2,173.98,0.0,521.94,2026-09-27 10:00:00
ITEM000014523,ORD00011865,SKU00101,Fashion,1,357.62,71.52,643.72,2026-09-27 10:00:00
ITEM000000839,ORD00000748,SKU00188,Home,4,594.06,0.0,1188.12,2026-09-27 10:00:00
ITEM000000595,ORD00001887,SKU00142,Home,1,356.61,0.0,713.22,2026-09-27 10:00:00
ITEM000010945,ORD00010255,SKU00447,Sports,1,277.0,0.0,554.0,2026-09-27 10:00:00
ITEM000002979,ORD00006043,SKU00482,Books,2,88.27,0.0,264.81,2026-09-27 10:00:00
ITEM000017110,ORD00005467,SKU00186,Grocery,4,563.44,112.69,2141.07,2026-09-27 10:00:00
ITEM000005454,ORD00008607,SKU00382,Beauty,4,265.33,0.0,530.66,2026-09-27 10:00:00
ITEM000010429,ORD00003347,SKU00128,Fashion,3,179.25,0.0,537.75,2026-09-27 10:00:00
ITEM000017802,ORD00011207,SKU00376,Home,3,546.95,0.0,1093.9,2026-09-27 10:00:00
ITEM000007277,ORD00003686,SKU00066,Books,2,145.0,0.0,435.0,2026-09-27 10:00:00
ITEM000007068,ORD00006450,SKU00460,Electronics,2,100.43,30.13,271.16,2026-09-27 10:00:00
ITEM000015823,ORD00005774,SKU00215,Grocery,2,517.42,0.0,1552.26,2026-09-27 10:00:00
ITEM000024665,ORD00011615,SKU00481,Electronics,2,232.78,0.0,232.78,2026-09-27 10:00:00
ITEM000020144,ORD00008110,SKU00380,Home,4,114.76,22.95,436.09,2026-09-27 10:00:00
ITEM000006229,ORD00008557,SKU00119,Beauty,2,93.16,4.66,88.5,2026-09-27 10:00:00
ITEM000008221,ORD00011485,SKU00023,Home,3,272.09,0.0,544.18,2026-09-27 10:00:00
ITEM000019496,ORD00002534,SKU00027,Sports,3,177.55,0.0,177.55,2026-09-27 10:00:00
ITEM000018251,ORD00010804,SKU00406,Fashion,1,237.44,0.0,474.88,2026-09-27 10:00:00
ITEM000020961,ORD00004985,SKU00499,Grocery,3,1282.15,64.11,1218.04,2026-09-27 10:00:00
ITEM000015822,ORD00006023,SKU00261,Sports,1,447.9,22.4,425.5,2026-09-27 10:00:00
ITEM000017236,ORD00002616,SKU00404,Beauty,4,412.3,0.0,412.3,2026-09-27 10:00:00
ITEM000015788,ORD00002722,SKU00072,Electronics,4,265.85,13.29,252.56,2026-09-27 10:00:00
ITEM000005867,ORD00009400,SKU00092,Books,2,97.82,0.0,97.82,2026-09-27 10:00:00
ITEM000016769,ORD00004795,SKU00056,Home,1,219.24,0.0,657.72,2026-09-27 10:00:00
ITEM000013391,ORD00007640,SKU00454,Beauty,4,612.73,0.0,1838.19,2026-09-27 10:00:00
ITEM000012591,ORD00005876,SKU00324,Electronics,2,422.13,0.0,1266.39,2026-09-27 10:00:00
ITEM000020649,ORD00001700,SKU00054,Grocery,3,60.71,6.07,115.35,2026-09-27 10:00:00
ITEM000023422,ORD00006308,SKU00418,Grocery,4,772.49,77.25,1467.73,2026-09-27 10:00:00
ITEM000009628,ORD00006179,SKU00066,Grocery,4,1051.48,105.15,946.33,2026-09-27 10:00:00
ITEM000006011,ORD00003009,SKU00087,Beauty,4,966.52,144.98,821.54,2026-09-27 10:00:00
ITEM000004216,ORD00002202,SKU00090,Grocery,3,400.32,40.03,360.29,2026-09-27 10:00:00
ITEM000017147,ORD00001837,SKU00473,Fashion,3,244.4,24.44,219.96,2026-09-27 10:00:00
ITEM000000055,ORD00005041,SKU00277,Home,3,207.64,0.0,207.64,2026-09-27 10:00:00
ITEM000008999,ORD00007228,SKU00414,Grocery,2,121.2,0.0,121.2,2026-09-27 10:00:00
ITEM000006021,ORD00001022,SKU00260,Home,2,576.56,0.0,1153.12,2026-09-27 10:00:00
ITEM000002365,ORD00007902,SKU00241,Beauty,3,232.22,0.0,464.44,2026-09-27 10:00:00
ITEM000010530,ORD00006010,SKU00245,Home,1,339.95,0.0,679.9,2026-09-27 10:00:00
ITEM000009319,ORD00000340,SKU00364,Fashion,1,183.37,0.0,366.74,2026-09-27 10:00:00
ITEM000002625,ORD00002246,SKU00048,Electronics,1,987.29,0.0,987.29,2026-09-27 10:00:00
ITEM000017631,ORD00010463,SKU00269,Home,2,238.34,0.0,238.34,2026-09-27 10:00:00
ITEM000023334,ORD00001751,SKU00451,Home,2,139.17,13.92,264.42,2026-09-27 10:00:00
ITEM000007859,ORD00011732,SKU00050,Beauty,2,1001.69,150.25,2854.82,2026-09-27 10:00:00
ITEM000019961,ORD00010466,SKU00309,Electronics,3,893.59,0.0,893.59,2026-09-27 10:00:00
ITEM000021024,ORD00001223,SKU00124,Books,1,542.33,0.0,1626.99,2026-09-27 10:00:00
ITEM000010721,ORD00007320,SKU00001,Grocery,3,588.01,0.0,1764.03,2026-09-27 10:00:00
ITEM000006874,ORD00000689,SKU00343,Home,4,215.43,64.63,581.66,2026-09-27 10:00:00
ITEM000011952,ORD00002994,SKU00488,Electronics,4,608.93,60.89,548.04,2026-09-27 10:00:00
ITEM000005386,ORD00010257,SKU00131,Electronics,4,283.59,0.0,283.59,2026-09-27 10:00:00
ITEM000010129,ORD00000525,SKU00413,Sports,4,320.48,32.05,288.43,2026-09-27 10:00:00
ITEM000020536,ORD00009191,SKU00046,Beauty,4,919.16,0.0,2757.48,2026-09-27 10:00:00
ITEM000002531,ORD00011637,SKU00118,Books,1,1588.07,0.0,1588.07,2026-09-27 10:00:00
ITEM000015147,ORD00011365,SKU00141,Home,3,52.43,5.24,99.62,2026-09-27 10:00:00
ITEM000017446,ORD00009908,SKU00356,Sports,1,269.4,0.0,269.4,2026-09-27 10:00:00
ITEM000015868,ORD00008611,SKU00489,Beauty,4,152.36,0.0,761.8,2026-09-27 10:00:00
ITEM000006659,ORD00000427,SKU00365,Electronics,4,243.43,0.0,486.86,2026-09-27 10:00:00
ITEM000009331,ORD00008225,SKU00437,Books,4,217.59,0.0,435.18,2026-09-27 10:00:00
ITEM000019517,ORD00011594,SKU00476,Sports,2,99.81,0.0,99.81,2026-09-27 10:00:00
ITEM000001873,ORD00000842,SKU00375,Electronics,2,500.88,0.0,1001.76,2026-09-27 10:00:00
ITEM000002403,ORD00010035,SKU00118,Home,4,1121.17,336.35,3027.16,2026-09-27 10:00:00
ITEM000006455,ORD00007718,SKU00023,Beauty,3,631.19,63.12,568.07,2026-09-27 10:00:00
ITEM000008291,ORD00007684,SKU00392,Beauty,3,199.99,0.0,199.99,2026-09-27 10:00:00
ITEM000004974,ORD00002256,SKU00248,Grocery,1,313.79,0.0,627.58,2026-09-27 10:00:00
ITEM000006421,ORD00004019,SKU00285,Fashion,2,306.44,0.0,306.44,2026-09-27 10:00:00
ITEM000012602,ORD00009688,SKU00451,Home,4,805.85,161.17,1450.53,2026-09-27 10:00:00
ITEM000011780,ORD00009926,SKU00180,Beauty,3,285.95,0.0,285.95,2026-09-27 10:00:00
ITEM000016747,ORD00003400,SKU00319,Grocery,2,961.96,0.0,2885.88,2026-09-27 10:00:00
ITEM000005774,ORD00007290,SKU00060,Home,3,199.5,0.0,598.5,2026-09-27 10:00:00
ITEM000009235,ORD00008445,SKU00042,Home,1,108.03,0.0,216.06,2026-09-27 10:00:00
ITEM000020249,ORD00002484,SKU00239,Books,3,308.99,0.0,308.99,2026-09-27 10:00:00
ITEM000008375,ORD00003320,SKU00280,Beauty,1,407.31,20.37,386.94,2026-09-27 10:00:00
ITEM000006712,ORD00007336,SKU00002,Grocery,1,992.32,0.0,992.32,2026-09-27 10:00:00
ITEM000015103,ORD00010323,SKU00378,Electronics,2,786.42,78.64,1494.2,2026-09-27 10:00:00
ITEM000012666,ORD00005433,SKU00082,Sports,3,229.67,22.97,206.7,2026-09-27 10:00:00
ITEM000021111,ORD00010013,SKU00392,Electronics,3,470.48,0.0,470.48,2026-09-27 10:00:00
ITEM000019660,ORD00006719,SKU00056,Grocery,2,289.09,0.0,578.18,2026-09-27 10:00:00
ITEM000009778,ORD00001106,SKU00114,Beauty,4,766.62,0.0,2299.86,2026-09-27 10:00:00
ITEM000003047,ORD00002355,SKU00280,Beauty,1,396.13,0.0,396.13,2026-09-27 10:00:00
ITEM000010792,ORD00003564,SKU00477,Fashion,1,201.2,10.06,191.14,2026-09-27 10:00:00
ITEM000003351,ORD00007120,SKU00041,Beauty,2,365.88,36.59,329.29,2026-09-27 10:00:00
ITEM000009843,ORD00008739,SKU00339,Sports,1,225.12,33.77,641.59,2026-09-27 10:00:00
ITEM000000311,ORD00008259,SKU00166,Grocery,1,186.04,111.62,632.54,2026-09-27 10:00:00
ITEM000022637,ORD00002072,SKU00036,Electronics ,1,321.62,0.0,964.86,2026-09-27 10:00:00
ITEM000001387,ORD00008852,SKU00055,Grocery,1,191.43,0.0,191.43,2026-09-27 10:00:00
ITEM000024298,ORD00008842,SKU00179,Books,3,417.31,41.73,792.89,2026-09-27 10:00:00
ITEM000006015,ORD00011970,SKU00087,Beauty,2,269.03,40.35,228.68,2026-09-27 10:00:00
ITEM000012447,ORD00010951,SKU00258,Books,2,151.47,0.0,151.47,2026-09-27 10:00:00
ITEM000002354,ORD00009297,SKU00047,Books,3,864.05,43.2,820.85,2026-09-27 10:00:00
ITEM000009671,ORD00002520,SKU00252,Electronics,2,201.96,20.2,181.76,2026-09-27 10:00:00
ITEM000020937,ORD00008989,SKU00023,Sports,2,362.09,0.0,724.18,2026-09-27 10:00:00
ITEM000003724,ORD00010532,SKU00356,Sports,1,206.64,20.66,185.98,2026-09-27 10:00:00
ITEM000012821,ORD00004825,SKU00241,Electronics,3,280.21,0.0,560.42,2026-09-27 10:00:00
ITEM000020124,ORD00005855,SKU00151,Grocery,2,920.58,92.06,828.52,2026-09-27 10:00:00
ITEM000016054,ORD00004659,SKU00196,Grocery,3,694.64,0.0,694.64,2026-09-27 10:00:00
ITEM000007975,ORD00006898,SKU00057,Fashion,4,903.71,180.74,1626.68,2026-09-27 10:00:00
ITEM000010244,ORD00007410,SKU00158,Electronics,1,219.49,0.0,219.49,2026-09-27 10:00:00
ITEM000008239,ORD00000447,SKU00013,Sports,1,247.36,148.42,841.02,2026-09-27 10:00:00
ITEM000011546,ORD00003321,SKU00302,Fashion,3,1044.52,52.23,992.29,2026-09-27 10:00:00
ITEM000017329,ORD00003915,SKU00024,Electronics,4,1098.82,0.0,3296.46,2026-09-27 10:00:00
ITEM000008585,ORD00001652,SKU00223,Sports,1,498.87,0.0,2494.35,2026-09-27 10:00:00
ITEM000022423,ORD00006392,SKU00132,Home,4,332.38,49.86,947.28,2026-09-27 10:00:00
ITEM000011764,ORD00008473,SKU00202,Books,4,94.17,0.0,188.34,2026-09-27 10:00:00
ITEM000011594,ORD00002174,SKU00436,Grocery,3,148.96,14.9,134.06,2026-09-27 10:00:00
ITEM000001417,ORD00005885,SKU00474,Books,2,326.43,65.29,1240.43,2026-09-27 10:00:00
ITEM000008875,ORD00003312,SKU00400,Electronics,1,1101.58,0.0,2203.16,2026-09-27 10:00:00
ITEM000020877,ORD00001881,SKU00218,Fashion,1,920.46,0.0,1840.92,2026-09-27 10:00:00
ITEM000004996,ORD00008689,SKU00311,Books,4,1826.28,91.31,1734.97,2026-09-27 10:00:00
ITEM000021212,ORD00008262,SKU00296,Sports,2,1035.6,103.56,932.04,2026-09-27 10:00:00
ITEM000021401,ORD00008128,SKU00090,Home,4,290.74,0.0,290.74,2026-09-27 10:00:00
ITEM000002131,ORD00005131,SKU00280,Electronics,2,603.71,0.0,1207.42,2026-09-27 10:00:00
ITEM000017123,ORD00002695,SKU00069,Fashion,1,1061.46,0.0,3184.38,2026-09-27 10:00:00
ITEM000022424,ORD00003818,SKU00011,Electronics,2,893.7,0.0,2681.1,2026-09-27 10:00:00
ITEM000003612,ORD00006306,SKU00460,Grocery,4,361.29,0.0,722.58,2026-09-27 10:00:00
ITEM000020891,ORD00007280,SKU00054,Sports,4,548.47,0.0,548.47,2026-09-27 10:00:00
ITEM000021502,ORD00005886,SKU00474,Grocery,4,241.17,60.29,1145.56,2026-09-27 10:00:00
ITEM000004120,ORD00006254,SKU00328,Beauty,2,1368.36,0.0,2736.72,2026-09-27 10:00:00
ITEM000016033,ORD00009192,SKU00408,Sports,2,691.04,103.66,1969.46,2026-09-27 10:00:00
ITEM000002693,ORD00011614,SKU00321,Electronics,1,132.69,0.0,132.69,2026-09-27 10:00:00
ITEM000023574,ORD00001339,SKU00413,Sports,3,503.47,25.17,478.3,2026-09-27 10:00:00
ITEM000004414,ORD00007808,SKU00288,Books,3,323.83,16.19,307.64,2026-09-27 10:00:00
ITEM000003356,ORD00004477,SKU00032,Fashion,2,202.76,0.0,202.76,2026-09-27 10:00:00
ITEM000018829,ORD00002990,SKU00213,Beauty,3,126.82,0.0,380.46,2026-09-27 10:00:00
ITEM000013612,ORD00011307,SKU00283,Sports,2,674.7,0.0,3373.5,2026-09-27 10:00:00
ITEM000018611,ORD00006545,SKU00319,Grocery,3,382.48,0.0,1147.44,2026-09-27 10:00:00
ITEM000020029,ORD00011073,SKU00390,Grocery,2,407.03,0.0,1221.09,2026-09-27 10:00:00
ITEM000009938,ORD00000714,SKU00115,Fashion,1,416.0,83.2,748.8,2026-09-27 10:00:00
ITEM000006395,ORD00000782,SKU00292,Fashion,1,321.01,0.0,642.02,2026-09-27 10:00:00
ITEM000016604,ORD00007884,SKU00267,Sports,4,285.0,14.25,270.75,2026-09-27 10:00:00
ITEM000008524,ORD00008714,SKU00223,Sports,1,122.16,0.0,610.8,2026-09-27 10:00:00
ITEM000024797,ORD00006821,SKU00259,Electronics,4,321.31,0.0,321.31,2026-09-27 10:00:00
ITEM000024054,ORD00002752,SKU00076,Home,2,426.14,63.92,362.22,2026-09-27 10:00:00
ITEM000000214,ORD00003830,SKU00190,Fashion,4,351.73,35.17,668.29,2026-09-27 10:00:00
ITEM000023082,ORD00011526,SKU00476,Fashion,2,162.11,8.11,154.0,2026-09-27 10:00:00
ITEM000010037,ORD00002728,SKU00200,Sports,4,1838.11,91.91,1746.2,2026-09-27 10:00:00
ITEM000010634,ORD00007148,SKU00229,Beauty,3,157.36,0.0,314.72,2026-09-27 10:00:00
ITEM000004268,ORD00008497,SKU00129,Beauty,2,66.58,0.0,66.58,2026-09-27 10:00:00
ITEM000008671,ORD00006176,SKU00252,Fashion,1,345.28,0.0,690.56,2026-09-27 10:00:00
ITEM000017570,ORD00002177,SKU00410,Sports,4,389.2,38.92,350.28,2026-09-27 10:00:00
ITEM000024673,ORD00000704,SKU00228,Sports,3,346.88,0.0,346.88,2026-09-27 10:00:00
ITEM000008126,ORD00010994,SKU00195,Grocery,4,350.45,17.52,332.93,2026-09-27 10:00:00
ITEM000010043,ORD00005068,SKU00029,Fashion,4,170.57,25.59,486.12,2026-09-27 10:00:00
ITEM000024238,ORD00006474,SKU00331,Electronics,2,583.51,116.7,1050.32,2026-09-27 10:00:00
ITEM000011666,ORD00005065,SKU00323,Fashion,3,648.55,32.43,616.12,2026-09-27 10:00:00
ITEM000006458,ORD00003453,SKU00121,Electronics,4,579.51,0.0,1738.53,2026-09-27 10:00:00
ITEM000013907,ORD00006061,SKU00091,Grocery,1,181.29,0.0,362.58,2026-09-27 10:00:00
ITEM000018219,ORD00007736,SKU00482,Home,4,934.01,0.0,934.01,2026-09-27 10:00:00
ITEM000014618,ORD00001114,SKU00311,Fashion,4,387.19,38.72,348.47,2026-09-27 10:00:00
ITEM000013617,ORD00007495,SKU00015,Grocery,4,725.95,0.0,1451.9,2026-09-27 10:00:00
ITEM000006231,ORD00005843,SKU00365,Electronics,2,533.21,159.96,906.46,2026-09-27 10:00:00
ITEM000024012,ORD00000491,SKU00316,Grocery,3,210.68,0.0,632.04,2026-09-27 10:00:00
ITEM000009325,ORD00003227,SKU00145,Sports,1,166.62,0.0,499.86,2026-09-27 10:00:00
ITEM000014027,ORD00008534,SKU00011,Grocery,3,75.52,37.76,339.84,2026-09-27 10:00:00
ITEM000022284,ORD00001507,SKU00125,Fashion,2,400.81,40.08,360.73,2026-09-27 10:00:00
ITEM000023985,ORD00009981,SKU00494,Sports,4,328.12,32.81,295.31,2026-09-27 10:00:00
ITEM000022828,ORD00000141,SKU00130,Sports,4,135.86,0.0,271.72,2026-09-27 10:00:00
ITEM000022802,ORD00005921,SKU00078,Books,3,445.11,0.0,1335.33,2026-09-27 10:00:00
ITEM000006627,ORD00006349,SKU00142,Sports,4,311.5,46.72,264.78,2026-09-27 10:00:00
ITEM000013006,ORD00008560,SKU00310,Home,3,201.49,80.6,725.36,2026-09-27 10:00:00
ITEM000007707,ORD00010005,SKU00462,Books,3,106.49,0.0,532.45,2026-09-27 10:00:00
ITEM000019809,ORD00002177,SKU00141,Grocery,1,105.11,15.77,299.56,2026-09-27 10:00:00
ITEM000006185,ORD00003218,SKU00016,Electronics,4,164.2,32.84,295.56,2026-09-27 10:00:00
ITEM000004389,ORD00007313,SKU00053,Fashion,2,343.29,0.0,686.58,2026-09-27 10:00:00
ITEM000006903,ORD00003054,SKU00104,Grocery,4,955.79,0.0,955.79,2026-09-27 10:00:00
ITEM000006194,ORD00010551,SKU00193,Electronics,4,299.23,0.0,598.46,2026-09-27 10:00:00
ITEM000016118,ORD00008128,SKU00119,Electronics,3,383.21,19.16,364.05,2026-09-27 10:00:00
ITEM000017784,ORD00003837,SKU00200,Electronics,2,61.83,0.0,61.83,2026-09-27 10:00:00
ITEM000001042,ORD00004658,SKU00099,Fashion,1,328.11,0.0,1640.55,2026-09-27 10:00:00
ITEM000006780,ORD00010022,SKU00056,Electronics,4,607.55,0.0,607.55,2026-09-27 10:00:00
ITEM000016335,ORD00011904,SKU00046,Sports,1,370.38,37.04,333.34,2026-09-27 10:00:00
ITEM000013853,ORD00001488,SKU00162,Sports,1,54.37,0.0,163.11,2026-09-27 10:00:00
ITEM000013217,ORD00002033,SKU00371,Home,1,196.72,0.0,196.72,2026-09-27 10:00:00
ITEM000002523,ORD00001753,SKU00199,Beauty,1,1032.95,51.65,981.3,2026-09-27 10:00:00
ITEM000016564,ORD00004555,SKU00285,Sports,1,106.08,5.3,100.78,2026-09-27 10:00:00
ITEM000000377,ORD00003169,SKU00439,Sports,2,126.82,12.68,240.96,2026-09-27 10:00:00
ITEM000018274,ORD00002995,SKU00111,Grocery,1,416.9,0.0,416.9,2026-09-27 10:00:00
ITEM000006263,ORD00003456,SKU00071,Sports,3,1229.98,0.0,2459.96,2026-09-27 10:00:00
ITEM000002072,ORD00002535,SKU00196,Home,4,284.63,28.46,256.17,2026-09-27 10:00:00
ITEM000024590,ORD00007726,SKU00271,Books,4,159.09,23.86,135.23,2026-09-27 10:00:00
ITEM000004677,ORD00008345,SKU00410,Fashion,4,325.69,32.57,293.12,2026-09-27 10:00:00
ITEM000019635,ORD00005384,SKU00331,Home,3,80.72,0.0,80.72,2026-09-27 10:00:00
ITEM000010184,ORD00008691,SKU00448,Fashion,2,260.94,0.0,260.94,2026-09-27 10:00:00
ITEM000024586,ORD00006643,SKU00369,Home,4,443.0,44.3,398.7,2026-09-27 10:00:00
ITEM000005395,ORD00001594,SKU00261,Grocery,3,486.62,0.0,1946.48,2026-09-27 10:00:00
ITEM000011066,ORD00002209,SKU00460,Sports,4,371.41,0.0,742.82,2026-09-27 10:00:00
ITEM000003361,ORD00011553,SKU00492,Electronics,2,144.86,21.73,412.85,2026-09-27 10:00:00
ITEM000018088,ORD00010013,SKU00216,Home,2,254.4,25.44,483.36,2026-09-27 10:00:00
ITEM000024589,ORD00003275,SKU00466,Sports,3,50.28,2.51,47.77,2026-09-27 10:00:00
ITEM000016114,ORD00007054,SKU00365,Books,1,438.01,65.7,372.31,2026-09-27 10:00:00
ITEM000021885,ORD00000412,SKU00267,Sports,3,628.65,0.0,628.65,2026-09-27 10:00:00
ITEM000016203,ORD00009094,SKU00441,Beauty,3,401.15,240.69,1363.91,2026-09-27 10:00:00
ITEM000024146,ORD00010996,SKU00335,Electronics,4,427.43,21.37,406.06,2026-09-27 10:00:00
ITEM000012543,ORD00008793,SKU00492,Beauty,1,285.72,0.0,285.72,2026-09-27 10:00:00
ITEM000021071,ORD00005078,SKU00253,Home,1,1610.4,0.0,1610.4,2026-09-27 10:00:00
ITEM000004878,ORD00010310,SKU00418,Home,4,307.57,0.0,307.57,2026-09-27 10:00:00
ITEM000000843,ORD00008719,SKU00132,Fashion,4,219.16,0.0,1095.8,2026-09-27 10:00:00
ITEM000002773,ORD00008640,SKU00342,Electronics,3,734.04,0.0,734.04,2026-09-27 10:00:00
ITEM000009097,ORD00006959,SKU00487,Grocery,3,481.39,0.0,481.39,2026-09-27 10:00:00
ITEM000007223,ORD00010493,SKU00143,Sports,2,419.39,41.94,377.45,2026-09-27 10:00:00
ITEM000008437,ORD00009991,SKU00371,Electronics,1,1170.09,117.01,2223.17,2026-09-27 10:00:00
ITEM000001326,ORD00004703,SKU00500,Electronics,2,856.81,128.52,2441.91,2026-09-27 10:00:00
ITEM000001446,ORD00010772,SKU00034,Home,4,258.1,0.0,258.1,2026-09-27 10:00:00
ITEM000003277,ORD00007155,SKU00109,Books,3,761.45,0.0,2284.35,2026-09-27 10:00:00
ITEM000001428,ORD00002659,SKU00227,Home,2,216.72,43.34,390.1,2026-09-27 10:00:00
ITEM000020098,ORD00004891,SKU00467,Grocery,4,1119.65,223.93,2015.37,2026-09-27 10:00:00
ITEM000001749,ORD00008061,SKU00471,Electronics,1,563.78,0.0,2255.12,2026-09-27 10:00:00
ITEM000007261,ORD00001212,SKU00416,Beauty,1,266.29,39.94,758.93,2026-09-27 10:00:00
ITEM000019651,ORD00009241,SKU00140,Beauty,3,265.52,0.0,531.04,2026-09-27 10:00:00
ITEM000019710,ORD00006966,SKU00377,Beauty,4,507.52,50.75,456.77,2026-09-27 10:00:00
ITEM000010508,ORD00000304,SKU00441,Home,1,261.88,0.0,261.88,2026-09-27 10:00:00
ITEM000014655,ORD00004904,SKU00156,Grocery,4,655.88,0.0,655.88,2026-09-27 10:00:00
ITEM000017164,ORD00009303,SKU00383,Fashion,4,314.71,62.94,566.48,2026-09-27 10:00:00
ITEM000009277,ORD00006998,SKU00058,Electronics,3,117.03,0.0,117.03,2026-09-27 10:00:00
ITEM000016510,ORD00002487,SKU00298,Sports,4,124.0,6.2,117.8,2026-09-27 10:00:00
ITEM000020506,ORD00009094,SKU00389,Books,3,327.84,0.0,655.68,2026-09-27 10:00:00
ITEM000014985,ORD00009379,SKU00239,Fashion,1,252.94,37.94,720.88,2026-09-27 10:00:00
ITEM000019434,ORD00002063,SKU00040,Grocery,2,181.41,9.07,172.34,2026-09-27 10:00:00
ITEM000022864,ORD00010986,SKU00070,Home,2,871.16,87.12,784.04,2026-09-27 10:00:00
ITEM000016431,ORD00005301,SKU00352,Electronics,2,671.02,67.1,1274.94,2026-09-27 10:00:00
ITEM000001016,ORD00010163,SKU00102,Grocery,2,249.34,0.0,498.68,2026-09-27 10:00:00
ITEM000008637,ORD00007291,SKU00081,Beauty,4,97.47,0.0,97.47,2026-09-27 10:00:00
ITEM000002351,ORD00004423,SKU00139,Grocery,3,492.67,0.0,492.67,2026-09-27 10:00:00
ITEM000024185,ORD00005113,SKU00240,Electronics,4,209.67,0.0,209.67,2026-09-27 10:00:00
ITEM000010559,ORD00009619,SKU00455,Electronics,2,503.59,0.0,503.59,2026-09-27 10:00:00
ITEM000011765,ORD00002249,SKU00070,Fashion,2,177.71,35.54,319.88,2026-09-27 10:00:00
ITEM000012903,ORD00010197,SKU00423,Sports,1,145.17,14.52,275.82,2026-09-27 10:00:00
ITEM000014857,ORD00004956,SKU00122,Beauty,4,419.4,0.0,1677.6,2026-09-27 10:00:00
ITEM000004916,ORD00007946,SKU00377,Books,1,598.71,59.87,538.84,2026-09-27 10:00:00
ITEM000014065,ORD00004725,SKU00132,Home,1,213.96,0.0,213.96,2026-09-27 10:00:00
ITEM000006289,ORD00009286,SKU00056,Fashion,3,126.59,0.0,379.77,2026-09-27 10:00:00
ITEM000002113,ORD00003745,SKU00464,Books,1,148.73,0.0,297.46,2026-09-27 10:00:00
ITEM000024199,ORD00010288,SKU00384,Fashion,3,263.08,52.62,473.54,2026-09-27 10:00:00
ITEM000011857,ORD00009916,SKU00474,Sports,1,822.57,0.0,1645.14,2026-09-27 10:00:00
ITEM000023411,ORD00003242,SKU00350,Books,4,523.37,0.0,1570.11,2026-09-27 10:00:00
ITEM000016719,ORD00004636,SKU00120,Electronics,2,376.0,0.0,376.0,2026-09-27 10:00:00
ITEM000019611,ORD00000610,SKU00147,Home,4,1179.19,0.0,3537.57,2026-09-27 10:00:00
ITEM000011453,ORD00001747,SKU00152,Books,2,862.57,129.39,733.18,2026-09-27 10:00:00
ITEM000024976,ORD00003697,SKU00335,Electronics,3,245.11,12.26,232.85,2026-09-27 10:00:00
ITEM000024462,ORD00010816,SKU00341,Beauty,3,521.39,52.14,469.25,2026-09-27 10:00:00
ITEM000018365,ORD00003871,SKU00243,Sports,3,359.25,143.7,1293.3,2026-09-27 10:00:00
ITEM000016527,ORD00011282,SKU00063,Books,2,172.48,0.0,172.48,2026-09-27 10:00:00
ITEM000009412,ORD00001991,SKU00489,Grocery,3,141.56,14.16,127.4,2026-09-27 10:00:00
ITEM000024826,ORD00003047,SKU00299,Beauty,1,311.09,93.33,839.94,2026-09-27 10:00:00
ITEM000015164,ORD00008196,SKU00118,Electronics,2,674.34,33.72,640.62,2026-09-27 10:00:00
ITEM000024122,ORD00002755,SKU00036,Sports,1,549.11,27.46,521.65,2026-09-27 10:00:00
ITEM000006367,ORD00010063,SKU00298,Books,2,382.45,38.24,344.21,2026-09-27 10:00:00
ITEM000009416,ORD00004240,SKU00288,Home,2,452.71,0.0,1358.13,2026-09-27 10:00:00
ITEM000013301,ORD00000368,SKU00208,Home,1,435.73,87.15,784.31,2026-09-27 10:00:00
ITEM000020865,ORD00001598,SKU00214,Sports,4,209.99,0.0,419.98,2026-09-27 10:00:00
ITEM000009316,ORD00006683,SKU00222,Grocery,3,297.42,29.74,565.1,2026-09-27 10:00:00
ITEM000002551,ORD00002026,SKU00165,Home,1,1200.13,0.0,1200.13,2026-09-27 10:00:00
ITEM000008417,ORD00007333,SKU00475,Books,2,500.97,75.15,425.82,2026-09-27 10:00:00
ITEM000023591,ORD00005104,SKU00439,Books,2,1879.59,0.0,3759.18,2026-09-27 10:00:00
ITEM000015393,ORD00002931,SKU00166,Sports,3,193.44,0.0,193.44,2026-09-27 10:00:00
ITEM000021901,ORD00011517,SKU00374,Beauty,1,190.16,0.0,190.16,2026-09-27 10:00:00
ITEM000013366,ORD00010607,SKU00107,Grocery,2,161.67,16.17,145.5,2026-09-27 10:00:00
ITEM000020088,ORD00008810,SKU00347,Beauty,2,215.04,0.0,645.12,2026-09-27 10:00:00
ITEM000001502,ORD00003472,SKU00420,Beauty,4,188.21,56.46,508.17,2026-09-27 10:00:00
ITEM000019388,ORD00008826,SKU00030,Electronics,2,181.75,27.26,517.99,2026-09-27 10:00:00
ITEM000004955,ORD00000980,SKU00428,Sports,3,392.43,0.0,392.43,2026-09-27 10:00:00
ITEM000009982,ORD00000536,SKU00211,Electronics,2,898.14,0.0,898.14,2026-09-27 10:00:00
ITEM000014744,ORD00006223,SKU00426,Grocery,2,779.22,0.0,3116.88,2026-09-27 10:00:00
ITEM000017818,ORD00003192,SKU00421,Electronics,2,508.09,203.24,1829.12,2026-09-27 10:00:00
ITEM000009748,ORD00001026,SKU00049,Home,3,428.27,0.0,428.27,2026-09-27 10:00:00
ITEM000010975,ORD00003667,SKU00189,Sports,1,146.73,7.34,139.39,2026-09-27 10:00:00
ITEM000006696,ORD00004953,SKU00486,Grocery,3,355.24,0.0,1420.96,2026-09-27 10:00:00
ITEM000002577,ORD00005024,SKU00456,Sports,3,1114.96,0.0,2229.92,2026-09-27 10:00:00
ITEM000016987,ORD00010520,SKU00472,Electronics,3,168.07,25.21,479.0,2026-09-27 10:00:00
ITEM000008405,ORD00005592,SKU00479,Grocery,3,753.95,37.7,716.25,2026-09-27 10:00:00
ITEM000012757,ORD00001857,SKU00477,Home,1,977.85,97.79,880.06,2026-09-27 10:00:00
ITEM000013064,ORD00007451,SKU00429,Books,2,393.81,39.38,748.24,2026-09-27 10:00:00
ITEM000020954,ORD00008361,SKU00111,Beauty,4,1625.75,0.0,3251.5,2026-09-27 10:00:00
ITEM000020894,ORD00005409,SKU00183,Home,2,241.63,48.33,434.93,2026-09-27 10:00:00
ITEM000020842,ORD00001209,SKU00199,Sports,1,157.17,70.73,400.78,2026-09-27 10:00:00
ITEM000018575,ORD00005108,SKU00304,Beauty,4,1456.51,436.95,3932.58,2026-09-27 10:00:00
ITEM000010363,ORD00008995,SKU00469,Home,3,202.46,0.0,607.38,2026-09-27 10:00:00
ITEM000017041,ORD00011997,SKU00196,Grocery,1,334.37,33.44,300.93,2026-09-27 10:00:00
ITEM000012178,ORD00011585,SKU00194,Sports,2,171.06,34.21,650.03,2026-09-27 10:00:00
ITEM000016921,ORD00006935,SKU00454,Electronics,4,241.02,0.0,482.04,2026-09-27 10:00:00
ITEM000002293,ORD00008214,SKU00306,Grocery,3,621.08,124.22,1117.94,2026-09-27 10:00:00
ITEM000004791,ORD00009021,SKU00401,Home,4,169.9,0.0,339.8,2026-09-27 10:00:00
ITEM000007282,ORD00004499,SKU00208,Sports,2,125.1,18.76,106.34,2026-09-27 10:00:00
ITEM000001635,ORD00004477,SKU00259,Books,4,294.18,29.42,264.76,2026-09-27 10:00:00
ITEM000023408,ORD00001217,SKU00081,Home,1,202.8,0.0,202.8,2026-09-27 10:00:00
ITEM000013463,ORD00003812,SKU00279,Grocery,4,382.22,152.89,1375.99,2026-09-27 10:00:00
ITEM000016573,ORD00011334,SKU00224,Electronics,1,136.93,0.0,410.79,2026-09-27 10:00:00
ITEM000015701,ORD00009575,SKU00303,Sports,2,260.49,0.0,260.49,2026-09-27 10:00:00
ITEM000019179,ORD00006189,SKU00357,Sports,4,364.73,18.24,346.49,2026-09-27 10:00:00
ITEM000019934,ORD00009124,SKU00490,Beauty,3,150.36,0.0,150.36,2026-09-27 10:00:00
ITEM000022838,ORD00004081,SKU00145,Beauty,3,1593.6,239.04,4541.76,2026-09-27 10:00:00
ITEM000004720,ORD00007622,SKU00338,Beauty,4,760.09,152.02,1368.16,2026-09-27 10:00:00
ITEM000004494,ORD00000569,SKU00258,Electronics,1,58.12,0.0,174.36,2026-09-27 10:00:00
ITEM000018455,ORD00008473,SKU00436,Home,4,544.34,0.0,544.34,2026-09-27 10:00:00
ITEM000020850,ORD00010383,SKU00370,Fashion,3,411.51,41.15,370.36,2026-09-27 10:00:00
ITEM000003177,ORD00010684,SKU00041,Beauty,1,267.66,13.38,254.28,2026-09-27 10:00:00
ITEM000011263,ORD00001423,SKU00438,Electronics,3,244.5,12.23,232.27,2026-09-27 10:00:00
ITEM000000463,ORD00004172,SKU00494,Home,4,433.41,0.0,433.41,2026-09-27 10:00:00
ITEM000009524,ORD00003409,SKU00079,Electronics,3,419.99,0.0,419.99,2026-09-27 10:00:00
ITEM000007286,ORD00003562,SKU00391,Fashion,1,394.7,39.47,749.93,2026-09-27 10:00:00
ITEM000024831,ORD00003781,SKU00288,Sports,3,220.09,11.0,209.09,2026-09-27 10:00:00
ITEM000009345,ORD00008412,SKU00072,Beauty,2,526.74,0.0,526.74,2026-09-27 10:00:00
ITEM000001645,ORD00011732,SKU00328,Electronics,3,257.67,0.0,257.67,2026-09-27 10:00:00
ITEM000023384,ORD00008067,SKU00107,Beauty,1,503.45,0.0,503.45,2026-09-27 10:00:00
ITEM000017221,ORD00000287,SKU00259,Beauty,3,515.2,51.52,463.68,2026-09-27 10:00:00
ITEM000004377,ORD00003112,SKU00347,Books,2,187.31,28.1,533.83,2026-09-27 10:00:00
ITEM000021233,ORD00004338,SKU00233,Beauty,4,238.42,0.0,476.84,2026-09-27 10:00:00
ITEM000017583,ORD00000963,SKU00299,Electronics,4,1931.18,0.0,1931.18,2026-09-27 10:00:00
ITEM000023325,ORD00001071,SKU00411,Fashion,4,904.02,271.21,2440.85,2026-09-27 10:00:00
ITEM000013531,ORD00007534,SKU00419,Beauty,2,383.84,0.0,767.68,2026-09-27 10:00:00
ITEM000020853,ORD00005354,SKU00122,Books,1,679.35,135.87,1222.83,2026-09-27 10:00:00
ITEM000015159,ORD00011970,SKU00437,Fashion,3,103.88,15.58,296.06,2026-09-27 10:00:00
ITEM000003726,ORD00003828,SKU00285,Beauty,2,607.42,60.74,546.68,2026-09-27 10:00:00
ITEM000006506,ORD00004146,SKU00371,Beauty,1,891.22,44.56,846.66,2026-09-27 10:00:00
ITEM000019643,ORD00009402,SKU00040,Sports,3,165.01,16.5,313.52,2026-09-27 10:00:00
ITEM000016762,ORD00000708,SKU00198,Books,1,476.4,0.0,476.4,2026-09-27 10:00:00
ITEM000024202,ORD00002646,SKU00329,Electronics,1,222.66,22.27,423.05,2026-09-27 10:00:00
ITEM000023699,ORD00010362,SKU00156,Electronics,1,767.33,0.0,2301.99,2026-09-27 10:00:00
ITEM000002304,ORD00011769,SKU00368,Fashion,1,283.55,0.0,567.1,2026-09-27 10:00:00
ITEM000011890,ORD00002500,SKU00248,Electronics,1,213.95,0.0,213.95,2026-09-27 10:00:00
ITEM000018772,ORD00008102,SKU00242,Beauty,2,1038.61,0.0,3115.83,2026-09-27 10:00:00
ITEM000022755,ORD00011859,SKU00300,Sports,2,1266.14,189.92,3608.5,2026-09-27 10:00:00
ITEM000000023,ORD00004241,SKU00395,Electronics,1,156.68,62.67,564.05,2026-09-27 10:00:00
ITEM000008911,ORD00007048,SKU00489,Sports,2,1004.53,100.45,904.08,2026-09-27 10:00:00
ITEM000014449,ORD00004559,SKU00014,Grocery,4,344.98,34.5,310.48,2026-09-27 10:00:00
ITEM000000307,ORD00002166,SKU00391,Fashion,3,371.19,37.12,705.26,2026-09-27 10:00:00
ITEM000004402,ORD00009720,SKU00097,Books,3,230.26,23.03,437.49,2026-09-27 10:00:00
ITEM000005729,ORD00004087,SKU00011,Home,4,63.88,0.0,191.64,2026-09-27 10:00:00
ITEM000012677,ORD00010152,SKU00230,Beauty,2,715.8,0.0,715.8,2026-09-27 10:00:00
ITEM000010395,ORD00009024,SKU00284,Fashion,1,650.18,0.0,1300.36,2026-09-27 10:00:00
ITEM000022923,ORD00003778,SKU00107,Books,4,481.22,48.12,433.1,2026-09-27 10:00:00
ITEM000019947,ORD00003553,SKU00119,Books,1,210.79,31.62,600.75,2026-09-27 10:00:00
ITEM000015752,ORD00008411,SKU00045,Sports,2,194.19,77.68,699.08,2026-09-27 10:00:00
ITEM000020720,ORD00002262,SKU00080,Grocery,2,1133.4,0.0,1133.4,2026-09-27 10:00:00
ITEM000009912,ORD00011835,SKU00332,Sports,2,120.86,0.0,362.58,2026-09-27 10:00:00
ITEM000001488,ORD00009446,SKU00474,Home,4,311.77,15.59,296.18,2026-09-27 10:00:00
ITEM000005880,ORD00002457,SKU00051,Grocery,1,512.66,0.0,512.66,2026-09-27 10:00:00
ITEM000018215,ORD00001252,SKU00071,Beauty,1,223.08,0.0,446.16,2026-09-27 10:00:00
ITEM000013490,ORD00003622,SKU00243,Sports,4,188.06,0.0,940.3,2026-09-27 10:00:00
ITEM000014500,ORD00001758,SKU00283,Electronics,3,210.18,21.02,399.34,2026-09-27 10:00:00
ITEM000011911,ORD00007421,SKU00035,Fashion,4,155.0,0.0,155.0,2026-09-27 10:00:00
ITEM000015010,ORD00010266,SKU00133,Sports,1,372.9,0.0,372.9,2026-09-27 10:00:00
ITEM000022973,ORD00002776,SKU00059,Sports,2,455.54,0.0,455.54,2026-09-27 10:00:00
ITEM000022042,ORD00011089,SKU00401,Fashion,4,225.8,11.29,214.51,2026-09-27 10:00:00
ITEM000008483,ORD00010373,SKU00208,Electronics,1,1387.73,0.0,2775.46,2026-09-27 10:00:00
ITEM000019841,ORD00000549,SKU00060,Sports,4,241.9,0.0,483.8,2026-09-27 10:00:00
ITEM000023803,ORD00000193,SKU00450,Electronics,3,447.72,0.0,895.44,2026-09-27 10:00:00
ITEM000014108,ORD00002318,SKU00440,Fashion,2,417.57,0.0,835.14,2026-09-27 10:00:00
ITEM000009811,ORD00009006,SKU00225,Beauty,2,233.62,0.0,233.62,2026-09-27 10:00:00
ITEM000022785,ORD00005431,SKU00089,Grocery,3,710.04,319.52,1810.6,2026-09-27 10:00:00
ITEM000017643,ORD00006399,SKU00044,Fashion,4,302.87,0.0,908.61,2026-09-27 10:00:00
ITEM000009649,ORD00011803,SKU00233,Electronics,3,233.93,0.0,467.86,2026-09-27 10:00:00
ITEM000006151,ORD00006272,SKU00180,Grocery,4,235.57,47.11,424.03,2026-09-27 10:00:00
ITEM000007049,ORD00006756,SKU00386,Grocery,2,643.79,0.0,1287.58,2026-09-27 10:00:00
ITEM000021749,ORD00011993,SKU00243,Fashion,1,265.51,0.0,796.53,2026-09-27 10:00:00
ITEM000008842,ORD00009850,SKU00067,Electronics,2,631.45,0.0,631.45,2026-09-27 10:00:00
ITEM000011397,ORD00008261,SKU00132,Grocery,2,252.65,0.0,1010.6,2026-09-27 10:00:00
ITEM000021339,ORD00007895,SKU00049,Fashion,2,96.09,0.0,192.18,2026-09-27 10:00:00
ITEM000011722,ORD00011319,SKU00294,Fashion,4,470.94,0.0,470.94,2026-09-27 10:00:00
ITEM000004507,ORD00006975,SKU00135,Fashion,2,3534.06,0.0,14136.24,2026-09-27 10:00:00
ITEM000021915,ORD00001179,SKU00082,Grocery,1,730.86,146.17,2777.27,2026-09-27 10:00:00
ITEM000015829,ORD00006873,SKU00011,Beauty,4,406.5,162.6,1463.4,2026-09-27 10:00:00
ITEM000004915,ORD00011385,SKU00454,Beauty,3,450.05,0.0,450.05,2026-09-27 10:00:00
ITEM000005737,ORD00009996,SKU00377,Home,2,134.76,0.0,134.76,2026-09-27 10:00:00
ITEM000009227,ORD00011048,SKU00314,Electronics,3,996.22,747.17,4233.93,2026-09-27 10:00:00
ITEM000012445,ORD00003367,SKU00208,Electronics,4,103.02,0.0,412.08,2026-09-27 10:00:00
ITEM000017108,ORD00004952,SKU00454,Beauty,2,157.37,15.74,299.0,2026-09-27 10:00:00
ITEM000021461,ORD00011209,SKU00070,Beauty,3,116.89,0.0,233.78,2026-09-27 10:00:00
ITEM000013697,ORD00007462,SKU00146,Fashion,4,214.75,0.0,214.75,2026-09-27 10:00:00
ITEM000020613,ORD00001532,SKU00046,Grocery,4,84.35,0.0,84.35,2026-09-27 10:00:00
ITEM000000854,ORD00006295,SKU00026,Books,2,167.36,0.0,334.72,2026-09-27 10:00:00
ITEM000021740,ORD00009050,SKU00184,Books,4,658.24,65.82,592.42,2026-09-27 10:00:00
ITEM000017547,ORD00003146,SKU00158,Electronics,3,159.46,15.95,143.51,2026-09-27 10:00:00
ITEM000020805,ORD00008824,SKU00093,Home,4,298.37,29.84,566.9,2026-09-27 10:00:00
ITEM000007102,ORD00003190,SKU00047,Fashion,3,326.29,16.31,309.98,2026-09-27 10:00:00
ITEM000005254,ORD00007187,SKU00135,Fashion,2,187.1,9.36,177.74,2026-09-27 10:00:00
ITEM000018930,ORD00010833,SKU00405,Fashion,4,372.79,0.0,1118.37,2026-09-27 10:00:00
ITEM000014579,ORD00006201,SKU00110,Electronics,1,322.14,144.96,821.46,2026-09-27 10:00:00
ITEM000011406,ORD00009661,SKU00123,Home,1,179.77,0.0,359.54,2026-09-27 10:00:00
ITEM000017475,ORD00000144,SKU00233,Books,4,202.21,10.11,192.1,2026-09-27 10:00:00
ITEM000012848,ORD00005280,SKU00208,Electronics,1,303.99,0.0,607.98,2026-09-27 10:00:00
ITEM000011300,ORD00006146,SKU00248,Sports,4,250.37,0.0,500.74,2026-09-27 10:00:00
ITEM000023216,ORD00001121,SKU00262,Sports,1,1351.64,67.58,1284.06,2026-09-27 10:00:00
ITEM000020115,ORD00001335,SKU00437,Fashion,2,309.07,61.81,556.33,2026-09-27 10:00:00
ITEM000009089,ORD00003269,SKU00149,Electronics,2,85.06,17.01,153.11,2026-09-27 10:00:00
ITEM000006278,ORD00005553,SKU00380,Home,1,1211.95,0.0,1211.95,2026-09-27 10:00:00
ITEM000013488,ORD00007654,SKU00207,Home,3,257.65,12.88,244.77,2026-09-27 10:00:00
ITEM000016702,ORD00000521,SKU00492,Electronics,4,396.09,19.8,376.29,2026-09-27 10:00:00
ITEM000017008,ORD00009992,SKU00439,Fashion,3,490.86,0.0,490.86,2026-09-27 10:00:00
ITEM000012036,ORD00008963,SKU00050,Grocery,4,408.65,122.59,1103.36,2026-09-27 10:00:00
ITEM000007671,ORD00008649,SKU00153,Electronics,3,498.44,99.69,897.19,2026-09-27 10:00:00
ITEM000014387,ORD00006372,SKU00279,Home,2,266.78,13.34,253.44,2026-09-27 10:00:00
ITEM000004647,ORD00001179,SKU00304,Beauty,1,252.32,0.0,756.96,2026-09-27 10:00:00
ITEM000015679,ORD00010409,SKU00145,Home,1,423.72,0.0,423.72,2026-09-27 10:00:00
ITEM000005245,ORD00000240,SKU00359,Electronics,3,663.09,0.0,1326.18,2026-09-27 10:00:00
ITEM000014269,ORD00010711,SKU00090,Sports,3,1014.0,0.0,1014.0,2026-09-27 10:00:00
ITEM000004589,ORD00008217,SKU00310,Electronics,1,443.62,44.36,399.26,2026-09-27 10:00:00
ITEM000009846,ORD00007346,SKU00423,Home,3,180.37,18.04,162.33,2026-09-27 10:00:00
ITEM000006225,ORD00004248,SKU00213,Fashion,1,92.06,0.0,92.06,2026-09-27 10:00:00
ITEM000004470,ORD00007454,SKU00167,Grocery,2,420.86,0.0,841.72,2026-09-27 10:00:00
ITEM000015435,ORD00001303,SKU00432,Books,2,675.79,67.58,608.21,2026-09-27 10:00:00
ITEM000007777,ORD00007366,SKU00249,Books,4,94.77,4.74,90.03,2026-09-27 10:00:00
ITEM000024464,ORD00003711,SKU00198,Beauty,3,179.39,8.97,170.42,2026-09-27 10:00:00
ITEM000004888,ORD00008372,SKU00280,Fashion,1,1926.31,0.0,1926.31,2026-09-27 10:00:00
ITEM000001181,ORD00010468,SKU00246,Fashion,2,190.51,38.1,342.92,2026-09-27 10:00:00
ITEM000011181,ORD00001280,SKU00029,Grocery,1,1143.88,114.39,2173.37,2026-09-27 10:00:00
ITEM000016815,ORD00007939,SKU00058,Home,1,239.77,0.0,479.54,2026-09-27 10:00:00
ITEM000023012,ORD00001345,SKU00486,Home,1,142.57,64.16,363.55,2026-09-27 10:00:00
ITEM000020494,ORD00004214,SKU00367,Fashion,3,227.97,22.8,205.17,2026-09-27 10:00:00
ITEM000000408,ORD00000298,SKU00373,Grocery,1,1115.63,0.0,1115.63,2026-09-27 10:00:00
ITEM000016999,ORD00002844,SKU00264,Beauty,4,497.81,248.91,2240.14,2026-09-27 10:00:00
ITEM000015564,ORD00011030,SKU00317,Beauty,2,218.07,10.9,207.17,2026-09-27 10:00:00
ITEM000017271,ORD00008514,SKU00382,Beauty,1,366.01,0.0,366.01,2026-09-27 10:00:00
ITEM000005683,ORD00009214,SKU00476,Beauty,4,88.74,8.87,79.87,2026-09-27 10:00:00
ITEM000008292,ORD00010737,SKU00334,Beauty,1,129.65,0.0,129.65,2026-09-27 10:00:00
ITEM000015373,ORD00003997,SKU00210,Home,1,433.3,0.0,433.3,2026-09-27 10:00:00
ITEM000020445,ORD00004582,SKU00307,Home,4,333.54,33.35,633.73,2026-09-27 10:00:00
ITEM000008845,ORD00003158,SKU00148,Sports,4,1072.12,0.0,1072.12,2026-09-27 10:00:00
ITEM000017371,ORD00001258,SKU00336,Books,1,134.61,40.38,228.84,2026-09-27 10:00:00
ITEM000017017,ORD00005884,SKU00397,Electronics,1,206.8,20.68,392.92,2026-09-27 10:00:00
ITEM000005691,ORD00010014,SKU00408,Fashion,2,320.0,0.0,320.0,2026-09-27 10:00:00
ITEM000003731,ORD00005272,SKU00141,Sports,3,1077.99,53.9,1024.09,2026-09-27 10:00:00
ITEM000019366,ORD00008081,SKU00143,Books,2,454.37,90.87,1726.61,2026-09-27 10:00:00
ITEM000003392,ORD00005256,SKU00138,Grocery,2,137.78,6.89,130.89,2026-09-27 10:00:00
ITEM000021083,ORD00009743,SKU00402,Fashion,4,339.74,33.97,305.77,2026-09-27 10:00:00
ITEM000012952,ORD00009446,SKU00334,Home,1,189.11,0.0,378.22,2026-09-27 10:00:00
ITEM000006593,ORD00005251,SKU00290,Home,1,131.76,0.0,131.76,2026-09-27 10:00:00
ITEM000005108,ORD00004581,SKU00094,Grocery,4,351.1,0.0,351.1,2026-09-27 10:00:00
ITEM000015085,ORD00004348,SKU00080,Electronics,3,296.32,44.45,844.51,2026-09-27 10:00:00
ITEM000006509,ORD00005574,SKU00234,Sports,2,323.29,0.0,969.87,2026-09-27 10:00:00
ITEM000001129,ORD00008073,SKU00049,Fashion,4,157.87,0.0,157.87,2026-09-27 10:00:00
ITEM000014921,ORD00006260,SKU00197,Books,2,1939.78,0.0,1939.78,2026-09-27 10:00:00
ITEM000018776,ORD00000885,SKU00246,Sports,1,133.86,0.0,401.58,2026-09-27 10:00:00
ITEM000006301,ORD00000865,SKU00012,Beauty,1,123.9,0.0,495.6,2026-09-27 10:00:00
ITEM000001968,ORD00002834,SKU00116,Fashion,3,220.39,0.0,220.39,2026-09-27 10:00:00
ITEM000023777,ORD00002030,SKU00073,Beauty,4,31.66,0.0,31.66,2026-09-27 10:00:00
ITEM000011578,ORD00011905,SKU00410,Grocery,3,496.76,198.7,1788.34,2026-09-27 10:00:00
ITEM000011455,ORD00007495,SKU00456,Sports,3,372.69,18.63,354.06,2026-09-27 10:00:00
ITEM000013200,ORD00001327,SKU00214,Sports,4,297.42,29.74,267.68,2026-09-27 10:00:00
ITEM000006719,ORD00007245,SKU00005,Books,3,449.86,0.0,449.86,2026-09-27 10:00:00
ITEM000011537,ORD00010004,SKU00090,Grocery,3,385.87,0.0,771.74,2026-09-27 10:00:00
ITEM000000474,ORD00000742,SKU00324,Home,1,839.02,167.8,1510.24,2026-09-27 10:00:00
ITEM000020723,ORD00008817,SKU00465,Books,1,271.68,0.0,1086.72,2026-09-27 10:00:00
ITEM000018615,ORD00004429,SKU00114,Home,1,462.14,0.0,924.28,2026-09-27 10:00:00
ITEM000011499,ORD00010594,SKU00434,Electronics,1,193.79,0.0,387.58,2026-09-27 10:00:00
ITEM000022040,ORD00011834,SKU00463,Beauty,1,356.87,107.06,963.55,2026-09-27 10:00:00
ITEM000014426,ORD00001368,SKU00310,Fashion,1,987.98,0.0,1975.96,2026-09-27 10:00:00
ITEM000014604,ORD00004798,SKU00494,Electronics,2,347.04,0.0,347.04,2026-09-27 10:00:00
ITEM000008025,ORD00002600,SKU00473,Beauty,1,569.88,0.0,569.88,2026-09-27 10:00:00
ITEM000009760,ORD00011319,SKU00396,Books,2,190.87,0.0,190.87,2026-09-27 10:00:00
ITEM000024120,ORD00011161,SKU00347,Fashion,3,146.02,0.0,292.04,2026-09-27 10:00:00
ITEM000000132,ORD00004718,SKU00023,Books,4,281.06,140.53,1264.77,2026-09-27 10:00:00
ITEM000001331,ORD00010300,SKU00181,Beauty,2,233.63,0.0,233.63,2026-09-27 10:00:00
ITEM000015051,ORD00007976,SKU00454,Fashion,2,85.68,0.0,257.04,2026-09-27 10:00:00
ITEM000006009,ORD00007635,SKU00335,Sports,2,191.0,0.0,191.0,2026-09-27 10:00:00
ITEM000020501,ORD00000551,SKU00443,Grocery,4,187.6,0.0,375.2,2026-09-27 10:00:00
ITEM000000059,ORD00004217,SKU00334,Beauty,1,493.53,49.35,444.18,2026-09-27 10:00:00
ITEM000010264,ORD00010837,SKU00172,Beauty,2,553.82,0.0,553.82,2026-09-27 10:00:00
ITEM000024581,ORD00005782,SKU00483,Beauty,2,241.4,24.14,217.26,2026-09-27 10:00:00
ITEM000021032,ORD00007027,SKU00310,Beauty,4,188.6,18.86,358.34,2026-09-27 10:00:00
ITEM000022975,ORD00008257,SKU00185,Sports,1,766.94,0.0,1533.88,2026-09-27 10:00:00
ITEM000017889,ORD00005957,SKU00338,Books,4,203.2,40.64,365.76,2026-09-27 10:00:00
ITEM000024172,ORD00009173,SKU00340,Electronics,1,60.7,0.0,121.4,2026-09-27 10:00:00
ITEM000015339,ORD00003758,SKU00162,Beauty,3,168.48,0.0,168.48,2026-09-27 10:00:00
ITEM000020167,ORD00001502,SKU00407,Sports,4,696.42,139.28,1253.56,2026-09-27 10:00:00
ITEM000005274,ORD00000521,SKU00017,Sports,1,92.9,13.94,78.96,2026-09-27 10:00:00
ITEM000014422,ORD00008558,SKU00477,Sports,2,314.04,0.0,628.08,2026-09-27 10:00:00
ITEM000016339,ORD00009951,SKU00080,Fashion,3,486.28,0.0,486.28,2026-09-27 10:00:00
ITEM000009441,ORD00003614,SKU00476,Grocery,3,983.72,0.0,1967.44,2026-09-27 10:00:00
ITEM000014765,ORD00000886,SKU00316,Sports,4,587.48,0.0,587.48,2026-09-27 10:00:00
ITEM000005748,ORD00003669,SKU00266,Electronics,1,256.48,25.65,487.31,2026-09-27 10:00:00
ITEM000000002,ORD00002124,SKU00294,Books,3,413.0,20.65,392.35,2026-09-27 10:00:00
ITEM000023534,ORD00002527,SKU00377,Home,3,345.69,17.28,328.41,2026-09-27 10:00:00
ITEM000001794,ORD00006054,SKU00035,Books,1,413.04,0.0,413.04,2026-09-27 10:00:00
ITEM000002611,ORD00002761,SKU00229,Books,2,89.59,4.48,85.11,2026-09-27 10:00:00
ITEM000021616,ORD00003720,SKU00189,Sports,4,336.89,33.69,303.2,2026-09-27 10:00:00
ITEM000013456,ORD00004478,SKU00093,Grocery,1,186.12,0.0,372.24,2026-09-27 10:00:00
ITEM000024592,ORD00005268,SKU00340,Home,1,515.93,0.0,515.93,2026-09-27 10:00:00
ITEM000011672,ORD00006926,SKU00237,Sports,3,323.7,64.74,582.66,2026-09-27 10:00:00
ITEM000019488,ORD00006853,SKU00365,Electronics,3,199.47,0.0,199.47,2026-09-27 10:00:00
ITEM000023353,ORD00006123,SKU00156,Home,3,126.41,0.0,126.41,2026-09-27 10:00:00
ITEM000017674,ORD00006220,SKU00175,Sports,2,1151.8,0.0,1151.8,2026-09-27 10:00:00
ITEM000024834,ORD00010705,SKU00258,Sports,4,543.9,54.39,489.51,2026-09-27 10:00:00
ITEM000014298,ORD00001048,SKU00432,Beauty,4,127.32,12.73,241.91,2026-09-27 10:00:00
ITEM000002749,ORD00011330,SKU00019,Home,2,461.08,230.54,2074.86,2026-09-27 10:00:00
ITEM000011701,ORD00009262,SKU00099,Fashion,3,125.94,12.59,113.35,2026-09-27 10:00:00
ITEM000000373,ORD00009984,SKU00265,Beauty,3,205.63,0.0,616.89,2026-09-27 10:00:00
ITEM000005223,ORD00006504,SKU00077,Fashion,3,1781.19,267.18,5076.39,2026-09-27 10:00:00
ITEM000002757,ORD00007221,SKU00312,Grocery,3,876.41,0.0,3505.64,2026-09-27 10:00:00
ITEM000011719,ORD00001492,SKU00424,Sports,3,1321.6,0.0,5286.4,2026-09-27 10:00:00
ITEM000023115,ORD00002031,SKU00064,Books,3,254.09,25.41,482.77,2026-09-27 10:00:00
ITEM000005515,ORD00009585,SKU00219,Home,4,534.23,0.0,534.23,2026-09-27 10:00:00
ITEM000022012,ORD00000528,SKU00341,Fashion,4,156.31,23.45,445.48,2026-09-27 10:00:00
ITEM000021820,ORD00008779,SKU00129,Beauty,1,57.74,17.32,155.9,2026-09-27 10:00:00
ITEM000023520,ORD00009370,SKU00219,Beauty,1,296.26,0.0,296.26,2026-09-27 10:00:00
ITEM000006239,ORD00004891,SKU00449,Books,1,209.34,0.0,628.02,2026-09-27 10:00:00
ITEM000022322,ORD00006767,SKU00128,Grocery,3,265.06,26.51,503.61,2026-09-27 10:00:00
ITEM000002874,ORD00009399,SKU00304,Beauty,4,197.9,0.0,791.6,2026-09-27 10:00:00
ITEM000009363,ORD00002234,SKU00276,Sports,1,145.84,0.0,145.84,2026-09-27 10:00:00
ITEM000020637,ORD00001958,SKU00287,Grocery,3,297.41,0.0,594.82,2026-09-27 10:00:00
ITEM000021251,ORD00002747,SKU00494,Beauty,3,579.62,115.92,1043.32,2026-09-27 10:00:00
ITEM000004115,ORD00006236,SKU00014,Beauty,4,177.87,0.0,355.74,2026-09-27 10:00:00
ITEM000002756,ORD00005801,SKU00485,Beauty,4,478.85,47.89,430.96,2026-09-27 10:00:00
ITEM000024285,ORD00003736,SKU00452,Electronics,4,267.93,26.79,509.07,2026-09-27 10:00:00
ITEM000001481,ORD00006662,SKU00040,Grocery,3,1444.34,0.0,1444.34,2026-09-27 10:00:00
ITEM000007910,ORD00001137,SKU00233,Grocery,3,339.68,0.0,339.68,2026-09-27 10:00:00
ITEM000020957,ORD00005872,SKU00497,Home,1,616.5,0.0,1849.5,2026-09-27 10:00:00
ITEM000016370,ORD00005161,SKU00472,Books,3,141.63,0.0,424.89,2026-09-27 10:00:00
ITEM000018632,ORD00000688,SKU00319,Beauty,2,145.18,0.0,290.36,2026-09-27 10:00:00
ITEM000020682,ORD00001612,SKU00043,Fashion,1,690.22,103.53,1967.13,2026-09-27 10:00:00
ITEM000006941,ORD00007040,SKU00310,Grocery,1,400.8,0.0,1603.2,2026-09-27 10:00:00
ITEM000015577,ORD00001073,SKU00086,Electronics,3,246.5,0.0,246.5,2026-09-27 10:00:00
ITEM000023858,ORD00010478,SKU00450,Fashion,1,355.57,0.0,355.57,2026-09-27 10:00:00
ITEM000023854,ORD00005030,SKU00020,Sports,1,241.21,0.0,1206.05,2026-09-27 10:00:00
ITEM000012344,ORD00011046,SKU00354,Electronics,1,252.82,25.28,227.54,2026-09-27 10:00:00
ITEM000000351,ORD00003350,SKU00061,Fashion,1,202.27,10.11,192.16,2026-09-27 10:00:00
ITEM000024040,ORD00002417,SKU00273,Beauty,2,778.19,0.0,778.19,2026-09-27 10:00:00
ITEM000006345,ORD00011038,SKU00009,Grocery,4,140.45,0.0,140.45,2026-09-27 10:00:00
ITEM000002975,ORD00001295,SKU00258,Home,1,188.87,0.0,755.48,2026-09-27 10:00:00
ITEM000021985,ORD00004197,SKU00235,Home,4,47.74,0.0,47.74,2026-09-27 10:00:00
ITEM000001840,ORD00009266,SKU00404,Sports,3,222.45,0.0,444.9,2026-09-27 10:00:00
ITEM000019198,ORD00010497,SKU00280,Grocery,4,163.72,0.0,327.44,2026-09-27 10:00:00
ITEM000012110,ORD00008923,SKU00034,Sports,1,331.46,0.0,662.92,2026-09-27 10:00:00
ITEM000007034,ORD00009514,SKU00489,Electronics,1,749.0,74.9,674.1,2026-09-27 10:00:00
ITEM000004403,ORD00002019,SKU00020,Books,3,177.47,35.49,319.45,2026-09-27 10:00:00
ITEM000017139,ORD00007660,SKU00474,Home,3,190.93,0.0,381.86,2026-09-27 10:00:00
ITEM000002534,ORD00002883,SKU00343,Fashion,4,367.71,36.77,698.65,2026-09-27 10:00:00
ITEM000016169,ORD00000658,SKU00195,Fashion,1,80.07,0.0,80.07,2026-09-27 10:00:00
ITEM000013974,ORD00003959,SKU00132,Grocery,3,675.96,0.0,675.96,2026-09-27 10:00:00
ITEM000021262,ORD00002363,SKU00290,Sports,4,395.79,59.37,1128.0,2026-09-27 10:00:00
ITEM000001659,ORD00010166,SKU00175,Fashion,1,371.08,55.66,1057.58,2026-09-27 10:00:00
ITEM000017040,ORD00000353,SKU00353,Sports,3,461.12,0.0,1844.48,2026-09-27 10:00:00
ITEM000008733,ORD00005737,SKU00360,Books,1,343.55,17.18,326.37,2026-09-27 10:00:00
ITEM000018301,ORD00008654,SKU00436,Books,1,284.79,28.48,541.1,2026-09-27 10:00:00
ITEM000018970,ORD00004216,SKU00406,Fashion,4,168.69,8.43,160.26,2026-09-27 10:00:00
ITEM000019478,ORD00005130,SKU00090,Grocery,3,734.5,0.0,734.5,2026-09-27 10:00:00
ITEM000014526,ORD00004747,SKU00168,Beauty,4,401.17,80.23,722.11,2026-09-27 10:00:00
ITEM000007935,ORD00007638,SKU00186,Home,1,130.53,0.0,522.12,2026-09-27 10:00:00
ITEM000007236,ORD00004306,SKU00141,Sports,2,347.83,0.0,347.83,2026-09-27 10:00:00
ITEM000016946,ORD00004117,SKU00308,Grocery,1,62.34,3.12,59.22,2026-09-27 10:00:00
ITEM000021963,ORD00002446,SKU00137,Beauty,1,382.18,76.44,687.92,2026-09-27 10:00:00
ITEM000000997,ORD00003631,SKU00087,Beauty,4,513.9,0.0,1027.8,2026-09-27 10:00:00
ITEM000012734,ORD00009643,SKU00112,Beauty,2,742.53,0.0,2970.12,2026-09-27 10:00:00
ITEM000004837,ORD00004927,SKU00259,Electronics,2,246.33,0.0,738.99,2026-09-27 10:00:00
ITEM000013430,ORD00000363,SKU00332,Grocery,3,1084.81,54.24,1030.57,2026-09-27 10:00:00
ITEM000006149,ORD00007005,SKU00134,Beauty,4,263.2,0.0,263.2,2026-09-27 10:00:00
ITEM000013212,ORD00002046,SKU00112,Home,3,247.17,0.0,247.17,2026-09-27 10:00:00
ITEM000019431,ORD00007850,SKU00011,Books,4,93.59,9.36,84.23,2026-09-27 10:00:00
ITEM000015474,ORD00003463,SKU00167,Electronics,2,131.79,0.0,395.37,2026-09-27 10:00:00
ITEM000020636,ORD00002070,SKU00465,Books,3,284.85,0.0,569.7,2026-09-27 10:00:00
ITEM000006662,ORD00008227,SKU00360,Books,2,303.36,0.0,303.36,2026-09-27 10:00:00
ITEM000024481,ORD00011928,SKU00295,Sports,4,711.26,0.0,1422.52,2026-09-27 10:00:00
ITEM000022517,ORD00008284,SKU00105,Home,1,702.63,0.0,2107.89,2026-09-27 10:00:00
ITEM000023700,ORD00005638,SKU00320,Electronics,2,450.37,0.0,450.37,2026-09-27 10:00:00
ITEM000008631,ORD00005438,SKU00075,Fashion,3,234.37,0.0,234.37,2026-09-27 10:00:00
ITEM000008777,ORD00007558,SKU00077,Books,3,280.36,0.0,560.72,2026-09-27 10:00:00
ITEM000022957,ORD00010224,SKU00089,Grocery,4,639.89,0.0,2559.56,2026-09-27 10:00:00
ITEM000010635,ORD00010797,SKU00466,Sports,3,142.23,14.22,270.24,2026-09-27 10:00:00
ITEM000013626,ORD00006648,SKU00125,Beauty,3,85.8,0.0,257.4,2026-09-27 10:00:00
ITEM000013996,ORD00007226,SKU00051,Beauty,4,916.24,0.0,1832.48,2026-09-27 10:00:00
ITEM000020391,ORD00001233,SKU00484,Grocery,4,178.87,26.83,509.78,2026-09-27 10:00:00
ITEM000016810,ORD00000617,SKU00014,Books,3,267.24,13.36,253.88,2026-09-27 10:00:00
ITEM000018961,ORD00000524,SKU00057,Grocery,3,774.61,0.0,774.61,2026-09-27 10:00:00
ITEM000004297,ORD00010551,SKU00204,Grocery,3,444.31,0.0,444.31,2026-09-27 10:00:00
ITEM000021165,ORD00010826,SKU00233,Sports,2,246.32,0.0,492.64,2026-09-27 10:00:00
ITEM000012052,ORD00006876,SKU00479,Home,3,398.26,0.0,796.52,2026-09-27 10:00:00
ITEM000006615,ORD00000799,SKU00194,Beauty,4,293.88,0.0,587.76,2026-09-27 10:00:00
ITEM000013359,ORD00010024,SKU00476,Electronics,2,955.2,0.0,955.2,2026-09-27 10:00:00
ITEM000012160,ORD00002865,SKU00418,Sports,1,331.21,0.0,331.21,2026-09-27 10:00:00
ITEM000019797,ORD00008615,SKU00436,Grocery,2,971.1,97.11,873.99,2026-09-27 10:00:00
ITEM000022920,ORD00004996,SKU00176,Books,2,147.48,0.0,294.96,2026-09-27 10:00:00
ITEM000011083,ORD00002494,SKU00288,Books,1,167.32,16.73,150.59,2026-09-27 10:00:00
ITEM000007019,ORD00011876,SKU00083,Home,3,162.82,0.0,651.28,2026-09-27 10:00:00
ITEM000000025,ORD00006546,SKU00333,Grocery,1,197.79,19.78,178.01,2026-09-27 10:00:00
ITEM000009450,ORD00000398,SKU00262,Grocery,4,137.99,20.7,393.27,2026-09-27 10:00:00
ITEM000020212,ORD00000467,SKU00282,Beauty,1,204.18,40.84,367.52,2026-09-27 10:00:00
ITEM000016928,ORD00011057,SKU00129,Sports,2,729.37,36.47,692.9,2026-09-27 10:00:00
ITEM000015052,ORD00002854,SKU00273,Home,2,98.24,0.0,196.48,2026-09-27 10:00:00
ITEM000003828,ORD00011188,SKU00447,Home,1,196.09,39.22,745.14,2026-09-27 10:00:00
ITEM000009343,ORD00001089,SKU00109,Home,3,237.97,0.0,237.97,2026-09-27 10:00:00
ITEM000020280,ORD00006477,SKU00403,Sports,1,511.57,0.0,1534.71,2026-09-27 10:00:00
ITEM000004119,ORD00007933,SKU00296,Sports,2,390.97,19.55,371.42,2026-09-27 10:00:00
ITEM000004745,ORD00009475,SKU00236,Grocery,4,324.63,0.0,649.26,2026-09-27 10:00:00
ITEM000004482,ORD00003593,SKU00080,Books,3,293.97,29.4,264.57,2026-09-27 10:00:00
ITEM000003134,ORD00001164,SKU00433,Sports,4,208.6,0.0,417.2,2026-09-27 10:00:00
ITEM000015948,ORD00001156,SKU00394,Electronics,4,95.84,0.0,287.52,2026-09-27 10:00:00
ITEM000016254,ORD00011441,SKU00232,Sports,2,112.95,0.0,225.9,2026-09-27 10:00:00
ITEM000006476,ORD00008029,SKU00008,Electronics,1,366.34,0.0,366.34,2026-09-27 10:00:00
ITEM000021585,ORD00006074,SKU00196,Beauty,1,164.48,74.02,419.42,2026-09-27 10:00:00
ITEM000005483,ORD00005648,SKU00335,Beauty,4,821.6,82.16,739.44,2026-09-27 10:00:00
ITEM000018099,ORD00005030,SKU00439,Sports,2,264.58,0.0,264.58,2026-09-27 10:00:00
ITEM000006333,ORD00002373,SKU00180,Electronics,3,466.12,0.0,1864.48,2026-09-27 10:00:00
ITEM000004698,ORD00011783,SKU00126,Fashion,3,1260.93,0.0,1260.93,2026-09-27 10:00:00
ITEM000006488,ORD00011609,SKU00228,Books,4,399.7,0.0,399.7,2026-09-27 10:00:00
ITEM000011337,ORD00011089,SKU00180,Grocery,2,1165.7,0.0,3497.1,2026-09-27 10:00:00
ITEM000023246,ORD00008313,SKU00465,Home,2,213.16,0.0,213.16,2026-09-27 10:00:00
ITEM000003501,ORD00007564,SKU00046,Sports,2,311.84,124.74,1122.62,2026-09-27 10:00:00
ITEM000005974,ORD00008894,SKU00403,Sports,2,273.22,0.0,819.66,2026-09-27 10:00:00
ITEM000007234,ORD00005427,SKU00120,Books,2,134.46,0.0,134.46,2026-09-27 10:00:00
ITEM000013286,ORD00011177,SKU00048,Fashion,1,1114.91,0.0,1114.91,2026-09-27 10:00:00
ITEM000016043,ORD00002943,SKU00402,Fashion,2,357.72,0.0,357.72,2026-09-27 10:00:00
ITEM000024291,ORD00006314,SKU00438,Sports,2,353.99,0.0,707.98,2026-09-27 10:00:00
ITEM000019471,ORD00008119,SKU00058,Sports,2,236.67,35.5,201.17,2026-09-27 10:00:00
ITEM000019866,ORD00006560,SKU00421,Sports,4,227.7,11.38,216.32,2026-09-27 10:00:00
ITEM000019234,ORD00003658,SKU00381,Beauty,2,665.26,0.0,665.26,2026-09-27 10:00:00
ITEM000007744,ORD00011853,SKU00263,Home,4,643.81,193.14,1738.29,2026-09-27 10:00:00
ITEM000023779,ORD00001743,SKU00013,Home,1,164.43,0.0,164.43,2026-09-27 10:00:00
ITEM000008016,ORD00002406,SKU00177,Electronics,3,461.85,92.37,831.33,2026-09-27 10:00:00
ITEM000007209,ORD00000469,SKU00047,Books,4,961.1,0.0,961.1,2026-09-27 10:00:00
ITEM000009335,ORD00007141,SKU00225,Books,3,378.95,37.9,720.0,2026-09-27 10:00:00
ITEM000018132,ORD00000688,SKU00137,Beauty,4,350.49,35.05,665.93,2026-09-27 10:00:00
ITEM000007048,ORD00000142,SKU00370,Books,2,726.93,72.69,1381.17,2026-09-27 10:00:00
ITEM000010315,ORD00003706,SKU00445,Fashion,3,598.8,239.52,2155.68,2026-09-27 10:00:00
ITEM000022020,ORD00006414,SKU00238,Beauty,3,937.18,0.0,937.18,2026-09-27 10:00:00
ITEM000005716,ORD00001365,SKU00066,Books,4,136.71,0.0,546.84,2026-09-27 10:00:00
ITEM000008866,ORD00005219,SKU00450,Home,3,238.11,0.0,238.11,2026-09-27 10:00:00
ITEM000017925,ORD00009403,SKU00336,Beauty,1,38.58,0.0,38.58,2026-09-27 10:00:00
ITEM000004625,ORD00008518,SKU00301,Electronics ,3,241.67,0.0,241.67,2026-09-27 10:00:00
ITEM000016865,ORD00006415,SKU00215,Fashion,2,428.02,0.0,428.02,2026-09-27 10:00:00
ITEM000021954,ORD00002513,SKU00182,Books,4,69.23,0.0,69.23,2026-09-27 10:00:00
ITEM000008797,ORD00010117,SKU00024,Fashion,1,149.09,0.0,149.09,2026-09-27 10:00:00
ITEM000024237,ORD00009542,SKU00018,Sports,2,106.66,0.0,106.66,2026-09-27 10:00:00
ITEM000018319,ORD00001245,SKU00008,Books,3,462.23,69.33,392.9,2026-09-27 10:00:00
ITEM000019587,ORD00002061,SKU00467,Books,2,165.68,16.57,149.11,2026-09-27 10:00:00
ITEM000009327,ORD00009309,SKU00406,Grocery,3,212.46,0.0,212.46,2026-09-27 10:00:00
ITEM000018928,ORD00008163,SKU00008,Fashion,3,323.74,32.37,615.11,2026-09-27 10:00:00
ITEM000010770,ORD00002792,SKU00011,Sports,3,453.64,0.0,453.64,2026-09-27 10:00:00
ITEM000002605,ORD00008197,SKU00118,Books,4,301.24,30.12,271.12,2026-09-27 10:00:00
ITEM000005238,ORD00005212,SKU00285,Electronics,3,450.31,0.0,900.62,2026-09-27 10:00:00
ITEM000000434,ORD00001451,SKU00345,Sports,2,199.59,0.0,199.59,2026-09-27 10:00:00
ITEM000014257,ORD00008217,SKU00117,Grocery,3,467.3,46.73,420.57,2026-09-27 10:00:00
ITEM000002859,ORD00006138,SKU00327,Sports,2,114.78,0.0,114.78,2026-09-27 10:00:00
ITEM000006102,ORD00011366,SKU00306,Electronics ,1,1266.2,0.0,1266.2,2026-09-27 10:00:00
ITEM000023262,ORD00001762,SKU00308,Beauty,2,668.25,0.0,3341.25,2026-09-27 10:00:00
ITEM000001603,ORD00000971,SKU00426,Grocery,2,346.86,34.69,659.03,2026-09-27 10:00:00
ITEM000019439,ORD00008665,SKU00476,Books,1,278.76,0.0,557.52,2026-09-27 10:00:00
ITEM000018658,ORD00000125,SKU00365,Electronics,2,160.81,0.0,160.81,2026-09-27 10:00:00
ITEM000021705,ORD00009287,SKU00282,Beauty,2,128.6,25.72,231.48,2026-09-27 10:00:00
ITEM000003468,ORD00004694,SKU00083,Sports,4,88.3,8.83,79.47,2026-09-27 10:00:00
ITEM000003908,ORD00011336,SKU00034,Home,4,692.06,0.0,692.06,2026-09-27 10:00:00
ITEM000013000,ORD00007769,SKU00051,Books,3,254.81,0.0,254.81,2026-09-27 10:00:00
ITEM000006942,ORD00004936,SKU00348,Grocery,1,181.77,9.09,172.68,2026-09-27 10:00:00
ITEM000015513,ORD00001994,SKU00341,Fashion,1,136.71,0.0,136.71,2026-09-27 10:00:00
ITEM000014227,ORD00005786,SKU00162,Electronics,1,244.91,12.25,232.66,2026-09-27 10:00:00
ITEM000009001,ORD00010323,SKU00439,Home,2,174.55,17.46,157.09,2026-09-27 10:00:00
ITEM000018509,ORD00002105,SKU00045,Home,2,146.9,22.04,418.66,2026-09-27 10:00:00
ITEM000009855,ORD00005993,SKU00429,Electronics,4,464.76,0.0,929.52,2026-09-27 10:00:00
ITEM000013322,ORD00008771,SKU00198,Books,3,346.16,34.62,311.54,2026-09-27 10:00:00
ITEM000017657,ORD00009281,SKU00034,Electronics,4,238.42,47.68,906.0,2026-09-27 10:00:00
ITEM000000210,ORD00002843,SKU00043,Home,2,1055.4,0.0,3166.2,2026-09-27 10:00:00
ITEM000014823,ORD00009872,SKU00051,Fashion,3,1606.65,160.67,1445.98,2026-09-27 10:00:00
ITEM000022075,ORD00005100,SKU00047,Grocery,1,249.64,0.0,499.28,2026-09-27 10:00:00
ITEM000008499,ORD00003509,SKU00126,Electronics,4,316.61,31.66,601.56,2026-09-27 10:00:00
ITEM000007263,ORD00003703,SKU00058,Sports,4,645.28,64.53,580.75,2026-09-27 10:00:00
ITEM000022666,ORD00006560,SKU00190,Grocery,3,450.84,0.0,901.68,2026-09-27 10:00:00
ITEM000012833,ORD00008308,SKU00123,Beauty,2,279.26,0.0,279.26,2026-09-27 10:00:00
ITEM000009902,ORD00001230,SKU00265,Electronics,2,97.54,4.88,92.66,2026-09-27 10:00:00
ITEM000009479,ORD00000866,SKU00212,Sports,3,285.73,0.0,285.73,2026-09-27 10:00:00
ITEM000007921,ORD00009576,SKU00241,Sports,2,172.83,0.0,345.66,2026-09-27 10:00:00
ITEM000020052,ORD00009885,SKU00465,Electronics,4,203.07,0.0,609.21,2026-09-27 10:00:00
ITEM000017029,ORD00004734,SKU00296,Sports,1,277.9,27.79,250.11,2026-09-27 10:00:00
ITEM000020558,ORD00003846,SKU00307,Fashion,2,315.61,0.0,315.61,2026-09-27 10:00:00
ITEM000014739,ORD00010850,SKU00410,Books,2,286.68,57.34,1089.38,2026-09-27 10:00:00
ITEM000000508,ORD00003250,SKU00460,Home,1,313.24,0.0,313.24,2026-09-27 10:00:00
ITEM000023139,ORD00006364,SKU00406,Beauty,2,258.84,12.94,245.9,2026-09-27 10:00:00
ITEM000003217,ORD00008961,SKU00158,Sports,1,178.15,0.0,356.3,2026-09-27 10:00:00
ITEM000004349,ORD00001308,SKU00059,Beauty,2,517.89,103.58,1967.98,2026-09-27 10:00:00
ITEM000006683,ORD00011143,SKU00105,Beauty,2,503.74,75.56,428.18,2026-09-27 10:00:00
ITEM000008463,ORD00001046,SKU00492,Fashion,2,259.77,38.97,740.34,2026-09-27 10:00:00
ITEM000006869,ORD00002756,SKU00279,Home,3,855.55,0.0,855.55,2026-09-27 10:00:00
ITEM000010919,ORD00003618,SKU00212,Home,1,342.61,0.0,342.61,2026-09-27 10:00:00
ITEM000024947,ORD00009802,SKU00103,Grocery,1,389.38,0.0,1946.9,2026-09-27 10:00:00
ITEM000001344,ORD00010478,SKU00132,Fashion,4,258.69,0.0,258.69,2026-09-27 10:00:00
ITEM000022337,ORD00005116,SKU00401,Beauty,2,51.33,0.0,51.33,2026-09-27 10:00:00
ITEM000020745,ORD00003280,SKU00179,Fashion,2,243.95,0.0,487.9,2026-09-27 10:00:00
ITEM000020209,ORD00003435,SKU00147,Electronics,4,1022.34,0.0,2044.68,2026-09-27 10:00:00
ITEM000000647,ORD00011082,SKU00470,Fashion,2,104.21,0.0,416.84,2026-09-27 10:00:00
ITEM000012188,ORD00005464,SKU00268,Electronics,2,514.72,102.94,926.5,2026-09-27 10:00:00
ITEM000009330,ORD00001338,SKU00422,Fashion,2,499.55,49.96,949.14,2026-09-27 10:00:00
ITEM000022909,ORD00008191,SKU00036,Books,2,241.53,0.0,966.12,2026-09-27 10:00:00
ITEM000019513,ORD00003091,SKU00014,Grocery,3,960.63,0.0,1921.26,2026-09-27 10:00:00
ITEM000010929,ORD00007679,SKU00132,Sports,4,275.68,0.0,551.36,2026-09-27 10:00:00
ITEM000012290,ORD00006028,SKU00431,Home,3,371.35,0.0,371.35,2026-09-27 10:00:00
ITEM000016209,ORD00001429,SKU00485,Home,1,625.8,187.74,1063.86,2026-09-27 10:00:00
ITEM000004740,ORD00006014,SKU00485,Beauty,1,56.37,8.46,160.65,2026-09-27 10:00:00
ITEM000019015,ORD00006778,SKU00153,Home,2,482.48,0.0,482.48,2026-09-27 10:00:00
ITEM000015472,ORD00003251,SKU00004,Home,2,1532.37,306.47,2758.27,2026-09-27 10:00:00
ITEM000008868,ORD00005456,SKU00493,Sports,2,616.15,61.62,554.53,2026-09-27 10:00:00
ITEM000023091,ORD00005557,SKU00071,Books,3,797.61,39.88,757.73,2026-09-27 10:00:00
ITEM000007990,ORD00010471,SKU00500,Electronics,3,230.55,46.11,414.99,2026-09-27 10:00:00
ITEM000005050,ORD00000516,SKU00478,Home,3,803.77,0.0,2411.31,2026-09-27 10:00:00
ITEM000008051,ORD00006542,SKU00225,Books,3,1161.8,0.0,4647.2,2026-09-27 10:00:00
ITEM000003649,ORD00005284,SKU00444,Electronics,1,153.89,15.39,292.39,2026-09-27 10:00:00
ITEM000004263,ORD00008722,SKU00166,Beauty,1,524.5,52.45,472.05,2026-09-27 10:00:00
ITEM000021225,ORD00008036,SKU00237,Fashion,3,527.33,0.0,1581.99,2026-09-27 10:00:00
ITEM000008176,ORD00010343,SKU00307,Fashion,4,336.29,134.52,1210.64,2026-09-27 10:00:00
ITEM000001631,ORD00003372,SKU00216,Electronics,2,338.17,0.0,338.17,2026-09-27 10:00:00
ITEM000007129,ORD00005810,SKU00224,Sports,1,325.93,0.0,325.93,2026-09-27 10:00:00
ITEM000017591,ORD00004786,SKU00318,Electronics,4,420.38,0.0,1261.14,2026-09-27 10:00:00
ITEM000023387,ORD00009789,SKU00370,Beauty,4,242.01,0.0,242.01,2026-09-27 10:00:00
ITEM000000916,ORD00006538,SKU00465,Sports,4,2047.1,204.71,1842.39,2026-09-27 10:00:00
ITEM000011601,ORD00004049,SKU00447,Home,1,328.93,32.89,296.04,2026-09-27 10:00:00
ITEM000006558,ORD00007291,SKU00014,Sports,4,483.99,0.0,483.99,2026-09-27 10:00:00
ITEM000016295,ORD00002780,SKU00150,Sports,3,266.62,0.0,1066.48,2026-09-27 10:00:00
ITEM000013312,ORD00009735,SKU00264,Grocery,2,64.81,3.24,61.57,2026-09-27 10:00:00
ITEM000016328,ORD00007824,SKU00305,Electronics,4,273.3,0.0,546.6,2026-09-27 10:00:00
ITEM000009429,ORD00010182,SKU00158,Electronics,1,44.59,0.0,89.18,2026-09-27 10:00:00
ITEM000017771,ORD00006328,SKU00104,Sports,2,154.37,15.44,138.93,2026-09-27 10:00:00
ITEM000007157,ORD00009783,SKU00301,Home,4,112.19,0.0,224.38,2026-09-27 10:00:00
ITEM000024220,ORD00008527,SKU00397,Beauty,1,379.36,18.97,360.39,2026-09-27 10:00:00
ITEM000004330,ORD00003453,SKU00159,Grocery,4,633.02,126.6,1139.44,2026-09-27 10:00:00
ITEM000006872,ORD00006463,SKU00026,Home,2,336.88,16.84,320.04,2026-09-27 10:00:00
ITEM000004212,ORD00002357,SKU00305,Home,1,546.04,0.0,1092.08,2026-09-27 10:00:00
ITEM000011588,ORD00011629,SKU00297,Grocery,1,432.48,43.25,389.23,2026-09-27 10:00:00
ITEM000022252,ORD00004896,SKU00307,Books,3,447.58,0.0,447.58,2026-09-27 10:00:00
ITEM000017731,ORD00005634,SKU00014,Fashion,4,315.73,142.08,805.11,2026-09-27 10:00:00
ITEM000013082,ORD00010041,SKU00390,Sports,2,133.17,6.66,126.51,2026-09-27 10:00:00
ITEM000006764,ORD00004683,SKU00019,Grocery,3,312.12,15.61,296.51,2026-09-27 10:00:00
ITEM000018159,ORD00007694,SKU00347,Home,3,387.03,0.0,774.06,2026-09-27 10:00:00
ITEM000022634,ORD00002793,SKU00430,Books,3,488.94,0.0,1955.76,2026-09-27 10:00:00
ITEM000018070,ORD00008513,SKU00125,Books,1,237.5,0.0,712.5,2026-09-27 10:00:00
ITEM000007322,ORD00004395,SKU00484,Home,4,80.05,0.0,160.1,2026-09-27 10:00:00
ITEM000023068,ORD00005768,SKU00320,Books,1,923.37,0.0,2770.11,2026-09-27 10:00:00
ITEM000008710,ORD00006917,SKU00300,Grocery,2,329.01,0.0,658.02,2026-09-27 10:00:00
ITEM000015307,ORD00003568,SKU00458,Beauty,2,263.78,0.0,527.56,2026-09-27 10:00:00
ITEM000003151,ORD00007898,SKU00182,Fashion,1,826.9,0.0,826.9,2026-09-27 10:00:00
ITEM000006883,ORD00011097,SKU00217,Books,3,492.05,98.41,885.69,2026-09-27 10:00:00
ITEM000002542,ORD00000074,SKU00439,Fashion,2,1547.37,0.0,1547.37,2026-09-27 10:00:00
ITEM000003791,ORD00009054,SKU00447,Books,3,559.58,0.0,559.58,2026-09-27 10:00:00
ITEM000018689,ORD00004906,SKU00497,Electronics,4,357.54,17.88,339.66,2026-09-27 10:00:00
ITEM000019202,ORD00002952,SKU00100,Grocery,4,776.04,77.6,698.44,2026-09-27 10:00:00
ITEM000018033,ORD00009941,SKU00461,Grocery,4,135.85,0.0,135.85,2026-09-27 10:00:00
ITEM000000197,ORD00011000,SKU00089,Fashion,1,234.18,35.13,667.41,2026-09-27 10:00:00
ITEM000003316,ORD00009347,SKU00038,Sports,2,136.99,0.0,136.99,2026-09-27 10:00:00
ITEM000021517,ORD00007362,SKU00256,Home,4,658.64,0.0,1317.28,2026-09-27 10:00:00
ITEM000021645,ORD00000603,SKU00013,Fashion,4,2361.5,0.0,2361.5,2026-09-27 10:00:00
ITEM000022855,ORD00008796,SKU00043,Electronics,1,350.18,70.04,630.32,2026-09-27 10:00:00
ITEM000013705,ORD00011335,SKU00028,Grocery,3,112.92,0.0,112.92,2026-09-27 10:00:00
ITEM000017990,ORD00008259,SKU00184,Grocery,3,1632.61,244.89,4652.94,2026-09-27 10:00:00
ITEM000003831,ORD00004677,SKU00475,Home,2,444.33,0.0,2221.65,2026-09-27 10:00:00
ITEM000014755,ORD00011741,SKU00012,Beauty,3,413.14,41.31,784.97,2026-09-27 10:00:00
ITEM000000792,ORD00001096,SKU00315,Home,2,185.3,74.12,667.08,2026-09-27 10:00:00
ITEM000002188,ORD00005597,SKU00352,Sports,4,532.41,0.0,532.41,2026-09-27 10:00:00
ITEM000017902,ORD00010288,SKU00388,Fashion,1,450.23,90.05,810.41,2026-09-27 10:00:00
ITEM000007382,ORD00004618,SKU00350,Electronics,1,917.83,0.0,1835.66,2026-09-27 10:00:00
ITEM000008155,ORD00008801,SKU00377,Grocery,1,368.36,73.67,663.05,2026-09-27 10:00:00
ITEM000003400,ORD00011601,SKU00331,Fashion,3,677.12,0.0,677.12,2026-09-27 10:00:00
ITEM000022994,ORD00007214,SKU00112,Home,1,1340.0,67.0,1273.0,2026-09-27 10:00:00
ITEM000005102,ORD00008787,SKU00084,Beauty,2,246.1,0.0,738.3,2026-09-27 10:00:00
ITEM000024537,ORD00010826,SKU00043,Beauty,3,353.99,0.0,353.99,2026-09-27 10:00:00
ITEM000011271,ORD00009624,SKU00301,Grocery,3,32.1,3.21,28.89,2026-09-27 10:00:00
ITEM000011160,ORD00009694,SKU00318,Grocery,3,185.98,0.0,185.98,2026-09-27 10:00:00
ITEM000013883,ORD00008595,SKU00315,Books,3,128.11,0.0,256.22,2026-09-27 10:00:00
ITEM000021525,ORD00002718,SKU00350,Fashion,4,420.48,0.0,420.48,2026-09-27 10:00:00
ITEM000020537,ORD00001123,SKU00380,Electronics,1,249.56,0.0,249.56,2026-09-27 10:00:00
ITEM000024726,ORD00003247,SKU00280,Electronics,2,436.18,43.62,392.56,2026-09-27 10:00:00
ITEM000017532,ORD00002927,SKU00254,Home,3,224.19,33.63,190.56,2026-09-27 10:00:00
ITEM000004184,ORD00007641,SKU00009,Beauty,3,452.07,90.41,813.73,2026-09-27 10:00:00
ITEM000023931,ORD00011654,SKU00419,Home,1,127.12,0.0,127.12,2026-09-27 10:00:00
ITEM000014349,ORD00006118,SKU00312,Books,3,846.94,84.69,762.25,2026-09-27 10:00:00
ITEM000014625,ORD00004592,SKU00360,Grocery,1,568.72,170.62,1535.54,2026-09-27 10:00:00
ITEM000016751,ORD00008523,SKU00374,Electronics,2,516.63,77.49,1472.4,2026-09-27 10:00:00
ITEM000009862,ORD00004073,SKU00010,Grocery,3,231.43,11.57,219.86,2026-09-27 10:00:00
ITEM000023243,ORD00009447,SKU00209,Home,3,419.14,0.0,419.14,2026-09-27 10:00:00
ITEM000012303,ORD00006364,SKU00204,Sports,3,467.26,46.73,420.53,2026-09-27 10:00:00
ITEM000017639,ORD00000116,SKU00262,Electronics ,2,316.5,15.82,300.68,2026-09-27 10:00:00
ITEM000005740,ORD00003704,SKU00298,Sports,1,247.84,0.0,743.52,2026-09-27 10:00:00
ITEM000021599,ORD00007330,SKU00432,Sports,2,229.83,0.0,229.83,2026-09-27 10:00:00
ITEM000024048,ORD00003508,SKU00016,Grocery,1,103.77,31.13,280.18,2026-09-27 10:00:00
ITEM000015768,ORD00005603,SKU00163,Books,3,113.08,5.65,107.43,2026-09-27 10:00:00
ITEM000019878,ORD00010691,SKU00223,Books,1,1475.88,0.0,2951.76,2026-09-27 10:00:00
ITEM000024637,ORD00008777,SKU00101,Home,3,81.98,0.0,81.98,2026-09-27 10:00:00
ITEM000012165,ORD00005257,SKU00294,Fashion,4,572.19,28.61,543.58,2026-09-27 10:00:00
ITEM000003388,ORD00008850,SKU00330,Sports,3,684.55,68.46,616.09,2026-09-27 10:00:00
ITEM000001658,ORD00004075,SKU00415,Fashion,3,662.03,99.3,562.73,2026-09-27 10:00:00
ITEM000022901,ORD00004832,SKU00047,Books,4,94.58,14.19,80.39,2026-09-27 10:00:00
ITEM000010245,ORD00008923,SKU00313,Beauty,3,101.91,0.0,101.91,2026-09-27 10:00:00
ITEM000002894,ORD00006732,SKU00007,Books,3,1635.88,163.59,3108.17,2026-09-27 10:00:00
ITEM000017100,ORD00003488,SKU00059,Home,2,307.43,15.37,292.06,2026-09-27 10:00:00
ITEM000024970,ORD00011274,SKU00038,Fashion,4,236.68,0.0,236.68,2026-09-27 10:00:00
ITEM000015515,ORD00003189,SKU00159,Sports,1,58.68,11.74,105.62,2026-09-27 10:00:00
ITEM000006732,ORD00003176,SKU00234,Books,4,413.27,41.33,371.94,2026-09-27 10:00:00
ITEM000020257,ORD00005066,SKU00475,Books,1,176.38,35.28,317.48,2026-09-27 10:00:00
ITEM000004022,ORD00011423,SKU00334,Books,1,429.55,0.0,1288.65,2026-09-27 10:00:00
ITEM000020655,ORD00004538,SKU00365,Electronics,4,223.47,0.0,893.88,2026-09-27 10:00:00
ITEM000000340,ORD00004226,SKU00244,Books,1,218.57,0.0,655.71,2026-09-27 10:00:00
ITEM000006739,ORD00010168,SKU00138,Sports,1,163.21,0.0,489.63,2026-09-27 10:00:00
ITEM000009535,ORD00004252,SKU00105,Electronics,1,366.57,0.0,366.57,2026-09-27 10:00:00
ITEM000011798,ORD00010093,SKU00409,Beauty,4,498.45,0.0,2492.25,2026-09-27 10:00:00
ITEM000020407,ORD00005236,SKU00228,Sports,3,229.73,11.49,218.24,2026-09-27 10:00:00
ITEM000013801,ORD00006364,SKU00188,Electronics,4,521.49,26.07,495.42,2026-09-27 10:00:00
ITEM000023927,ORD00005646,SKU00224,Grocery,4,149.93,59.97,539.75,2026-09-27 10:00:00
ITEM000010865,ORD00002096,SKU00203,Home,2,980.88,196.18,3727.34,2026-09-27 10:00:00
ITEM000022870,ORD00001706,SKU00223,Grocery,1,192.28,19.23,365.33,2026-09-27 10:00:00
ITEM000017345,ORD00002137,SKU00404,Fashion,4,316.49,31.65,601.33,2026-09-27 10:00:00
ITEM000013486,ORD00003239,SKU00238,Home,3,122.07,6.1,115.97,2026-09-27 10:00:00
ITEM000001538,ORD00000601,SKU00455,Books,2,482.91,48.29,917.53,2026-09-27 10:00:00
ITEM000023166,ORD00002087,SKU00404,Electronics,4,226.57,0.0,226.57,2026-09-27 10:00:00
ITEM000004421,ORD00004589,SKU00106,Beauty,1,267.04,53.41,480.67,2026-09-27 10:00:00
ITEM000020611,ORD00000892,SKU00281,Books,4,883.73,0.0,1767.46,2026-09-27 10:00:00
ITEM000008557,ORD00005010,SKU00356,Beauty,4,164.01,8.2,155.81,2026-09-27 10:00:00
ITEM000001085,ORD00004617,SKU00096,Fashion,2,717.98,0.0,1435.96,2026-09-27 10:00:00
ITEM000007543,ORD00002701,SKU00447,Sports,1,151.85,0.0,151.85,2026-09-27 10:00:00
ITEM000002960,ORD00002988,SKU00426,Home,1,414.04,62.11,351.93,2026-09-27 10:00:00
ITEM000019009,ORD00003848,SKU00337,Grocery,3,344.93,34.49,655.37,2026-09-27 10:00:00
ITEM000006381,ORD00009546,SKU00330,Books,1,407.63,0.0,407.63,2026-09-27 10:00:00
ITEM000005518,ORD00001040,SKU00448,Home,1,587.12,0.0,1174.24,2026-09-27 10:00:00
ITEM000010410,ORD00010072,SKU00184,Fashion,4,2759.68,0.0,5519.36,2026-09-27 10:00:00
ITEM000018924,ORD00010463,SKU00406,Books,1,472.29,0.0,472.29,2026-09-27 10:00:00
ITEM000017167,ORD00003262,SKU00172,Electronics,1,141.36,0.0,141.36,2026-09-27 10:00:00
ITEM000010650,ORD00003394,SKU00349,Electronics,4,463.08,23.15,439.93,2026-09-27 10:00:00
ITEM000013712,ORD00011745,SKU00135,Grocery,2,631.11,0.0,1262.22,2026-09-27 10:00:00
ITEM000013324,ORD00003208,SKU00136,Fashion,1,154.31,0.0,462.93,2026-09-27 10:00:00
ITEM000015189,ORD00005745,SKU00147,Sports,3,212.13,0.0,212.13,2026-09-27 10:00:00
ITEM000014321,ORD00000528,SKU00446,Home,2,728.33,0.0,2913.32,2026-09-27 10:00:00
ITEM000003470,ORD00011487,SKU00108,Home,3,169.35,16.93,152.42,2026-09-27 10:00:00
ITEM000024558,ORD00011366,SKU00169,Books,2,114.09,0.0,342.27,2026-09-27 10:00:00
ITEM000025001,ORD00013116,SKU00087,Home,3,365.39,101.95,994.22,2026-09-27 10:00:00
ITEM000025002,ORD00014684,SKU00303,Sports,1,71.65,138.26,-66.61,2026-09-27 10:00:00
ITEM000025003,ORD00013870,SKU00498,Sports,1,1220.38,129.62,1090.76,2026-09-27 10:00:00
ITEM000025004,ORD00012752,SKU00288,Books,3,717.08,198.78,1952.46,2026-09-27 10:00:00
ITEM000025005,ORD00014314,SKU00098,Electronics,2,592.91,117.09,1068.73,2026-09-27 10:00:00
ITEM000025006,ORD00014502,SKU00080,Sports,3,830.84,118.96,2373.56,2026-09-27 10:00:00
ITEM000025007,ORD00012672,SKU00393,Home,1,182.42,65.77,116.65,2026-09-27 10:00:00
ITEM000025008,ORD00013857,SKU00141,Beauty,1,1172.48,139.55,1032.93,2026-09-27 10:00:00
ITEM000025009,ORD00014222,SKU00288,Home,2,67.25,190.58,-56.08,2026-09-27 10:00:00
ITEM000025010,ORD00014895,SKU00200,Sports,1,83.24,23.75,59.49,2026-09-27 10:00:00
ITEM000025011,ORD00013917,SKU00122,Books,2,196.59,46.04,347.14,2026-09-27 10:00:00
ITEM000025012,ORD00012742,SKU00074,Fashion,1,110.48,42.6,67.88,2026-09-27 10:00:00
ITEM000025013,ORD00012029,SKU00476,Sports,1,231.05,43.81,187.24,2026-09-27 10:00:00
ITEM000025014,ORD00014372,SKU00267,Beauty,3,155.98,153.45,314.49,2026-09-27 10:00:00
ITEM000025015,ORD00012871,SKU00070,Beauty,1,351.32,2.54,348.78,2026-09-27 10:00:00
ITEM000025016,ORD00014958,SKU00114,Sports,2,151.09,1.13,301.05,2026-09-27 10:00:00
ITEM000025017,ORD00014050,SKU00132,Electronics,3,1097.74,195.15,3098.07,2026-09-27 10:00:00
ITEM000025018,ORD00012908,SKU00497,Electronics,2,606.03,180.03,1032.03,2026-09-27 10:00:00
ITEM000025019,ORD00012469,SKU00423,Home,3,441.63,196.07,1128.82,2026-09-27 10:00:00
ITEM000025020,ORD00014462,SKU00058,Home,2,137.08,196.45,77.71,2026-09-27 10:00:00
ITEM000025021,ORD00013078,SKU00312,Beauty,1,349.34,90.51,258.83,2026-09-27 10:00:00
ITEM000025022,ORD00013353,SKU00191,Grocery,2,1594.3,197.66,2990.94,2026-09-27 10:00:00
ITEM000025023,ORD00012561,SKU00391,Grocery,1,292.91,197.38,95.53,2026-09-27 10:00:00
ITEM000025024,ORD00014351,SKU00147,Electronics,2,258.1,110.44,405.76,2026-09-27 10:00:00
ITEM000025025,ORD00012656,SKU00074,Fashion,2,337.64,48.89,626.39,2026-09-27 10:00:00
ITEM000025026,ORD00012863,SKU00053,Home,2,891.91,147.22,1636.6,2026-09-27 10:00:00
ITEM000025027,ORD00014409,SKU00209,Grocery,2,392.37,135.75,648.99,2026-09-27 10:00:00
ITEM000025028,ORD00013342,SKU00130,Grocery,1,872.05,122.9,749.15,2026-09-27 10:00:00
ITEM000025029,ORD00014153,SKU00203,Fashion,1,267.51,177.27,90.24,2026-09-27 10:00:00
ITEM000025030,ORD00014402,SKU00046,Electronics,2,137.82,23.02,252.62,2026-09-27 10:00:00
ITEM000025031,ORD00013342,SKU00318,Sports,1,204.82,173.21,31.61,2026-09-27 10:00:00
ITEM000025032,ORD00014949,SKU00342,Fashion,3,288.86,19.61,846.97,2026-09-27 10:00:00
ITEM000025033,ORD00014660,SKU00311,Home,1,430.63,183.0,247.63,2026-09-27 10:00:00
ITEM000025034,ORD00013558,SKU00479,Grocery,3,757.07,106.93,2164.28,2026-09-27 10:00:00
ITEM000025035,ORD00014956,SKU00024,Sports,3,250.39,195.33,555.84,2026-09-27 10:00:00
ITEM000025036,ORD00014036,SKU00193,Electronics,2,135.21,76.05,194.37,2026-09-27 10:00:00
ITEM000025037,ORD00013518,SKU00331,Electronics,2,110.9,20.45,201.35,2026-09-27 10:00:00
ITEM000025038,ORD00014477,SKU00262,Fashion,2,694.54,153.8,1235.28,2026-09-27 10:00:00
ITEM000025039,ORD00013124,SKU00312,Beauty,2,170.14,53.08,287.2,2026-09-27 10:00:00
ITEM000025040,ORD00012006,SKU00023,Books,2,414.6,151.35,677.85,2026-09-27 10:00:00
ITEM000025041,ORD00014789,SKU00174,Grocery,2,372.1,134.69,609.51,2026-09-27 10:00:00
ITEM000025042,ORD00014825,SKU00066,Sports,2,276.86,41.42,512.3,2026-09-27 10:00:00
ITEM000025043,ORD00012792,SKU00429,Books,2,341.88,21.77,661.99,2026-09-27 10:00:00
ITEM000025044,ORD00014533,SKU00387,Electronics,3,191.74,136.62,438.6,2026-09-27 10:00:00
ITEM000025045,ORD00013668,SKU00153,Sports,3,356.87,99.07,971.54,2026-09-27 10:00:00
ITEM000025046,ORD00014995,SKU00118,Home,3,360.96,197.44,885.44,2026-09-27 10:00:00
ITEM000025047,ORD00014571,SKU00195,Books,3,1161.93,34.2,3451.59,2026-09-27 10:00:00
ITEM000025048,ORD00014353,SKU00196,Fashion,3,438.12,63.15,1251.21,2026-09-27 10:00:00
ITEM000025049,ORD00013024,SKU00451,Home,3,277.93,109.38,724.41,2026-09-27 10:00:00
ITEM000025050,ORD00013230,SKU00208,Electronics,2,1494.91,91.55,2898.27,2026-09-27 10:00:00
ITEM000025051,ORD00012181,SKU00242,Grocery,3,417.48,95.55,1156.89,2026-09-27 10:00:00
ITEM000025052,ORD00014598,SKU00101,Electronics,1,273.12,148.84,124.28,2026-09-27 10:00:00
ITEM000025053,ORD00013240,SKU00059,Electronics,2,305.83,118.93,492.73,2026-09-27 10:00:00
ITEM000025054,ORD00013142,SKU00084,Grocery,2,225.97,25.38,426.56,2026-09-27 10:00:00
ITEM000025055,ORD00012876,SKU00148,Beauty,3,144.66,0.88,433.1,2026-09-27 10:00:00
ITEM000025056,ORD00014343,SKU00017,Fashion,2,344.28,64.4,624.16,2026-09-27 10:00:00
ITEM000025057,ORD00014477,SKU00270,Sports,3,325.21,144.16,831.47,2026-09-27 10:00:00
ITEM000025058,ORD00014319,SKU00134,Books,2,197.96,148.09,247.83,2026-09-27 10:00:00
ITEM000025059,ORD00012115,SKU00069,Fashion,3,448.33,124.06,1220.93,2026-09-27 10:00:00
ITEM000025060,ORD00012504,SKU00183,Sports,2,527.76,129.92,925.6,2026-09-27 10:00:00
ITEM000025061,ORD00012415,SKU00406,Beauty,2,1169.32,189.15,2149.49,2026-09-27 10:00:00
ITEM000025062,ORD00013848,SKU00330,Sports,3,295.38,111.5,774.64,2026-09-27 10:00:00
ITEM000025063,ORD00014150,SKU00038,Books,1,186.42,71.3,115.12,2026-09-27 10:00:00
ITEM000025064,ORD00012064,SKU00033,Beauty,3,751.76,138.0,2117.28,2026-09-27 10:00:00
ITEM000025065,ORD00013017,SKU00182,Electronics,3,172.68,45.93,472.11,2026-09-27 10:00:00
ITEM000025066,ORD00013571,SKU00055,Books,3,639.36,148.82,1769.26,2026-09-27 10:00:00
ITEM000025067,ORD00013947,SKU00210,Home,3,214.92,65.15,579.61,2026-09-27 10:00:00
ITEM000025068,ORD00013250,SKU00285,Beauty,2,368.01,26.96,709.06,2026-09-27 10:00:00
ITEM000025069,ORD00013740,SKU00035,Books,1,566.67,93.16,473.51,2026-09-27 10:00:00
ITEM000025070,ORD00014522,SKU00281,Beauty,1,221.35,192.57,28.78,2026-09-27 10:00:00
ITEM000025071,ORD00014350,SKU00434,Grocery,3,549.74,71.99,1577.23,2026-09-27 10:00:00
ITEM000025072,ORD00012417,SKU00193,Grocery,1,731.25,145.61,585.64,2026-09-27 10:00:00
ITEM000025073,ORD00014154,SKU00189,Home,1,448.51,10.43,438.08,2026-09-27 10:00:00
ITEM000025074,ORD00012169,SKU00411,Grocery,2,329.21,38.57,619.85,2026-09-27 10:00:00
ITEM000025075,ORD00012694,SKU00355,Electronics,1,330.74,23.7,307.04,2026-09-27 10:00:00
ITEM000025076,ORD00013484,SKU00118,Books,3,354.86,122.25,942.33,2026-09-27 10:00:00
ITEM000025077,ORD00012600,SKU00284,Beauty,3,277.51,32.57,799.96,2026-09-27 10:00:00
ITEM000025078,ORD00013822,SKU00001,Fashion,3,407.62,122.24,1100.62,2026-09-27 10:00:00
ITEM000025079,ORD00014362,SKU00449,Beauty,3,341.28,33.08,990.76,2026-09-27 10:00:00
ITEM000025080,ORD00014350,SKU00389,Grocery,2,376.23,96.46,656.0,2026-09-27 10:00:00
ITEM000025081,ORD00014222,SKU00067,Books,1,982.56,94.15,888.41,2026-09-27 10:00:00
ITEM000025082,ORD00013182,SKU00110,Beauty,1,173.33,116.76,56.57,2026-09-27 10:00:00
ITEM000025083,ORD00015000,SKU00068,Sports,1,819.75,53.86,765.89,2026-09-27 10:00:00
ITEM000025084,ORD00012231,SKU00301,Fashion,3,840.28,86.5,2434.34,2026-09-27 10:00:00
ITEM000025085,ORD00014442,SKU00252,Grocery,2,459.25,108.48,810.02,2026-09-27 10:00:00
ITEM000025086,ORD00014779,SKU00347,Grocery,1,654.59,9.65,644.94,2026-09-27 10:00:00
ITEM000025087,ORD00014336,SKU00115,Grocery,2,319.84,8.64,631.04,2026-09-27 10:00:00
ITEM000025088,ORD00013258,SKU00436,Sports,1,434.77,147.41,287.36,2026-09-27 10:00:00
ITEM000025089,ORD00012563,SKU00004,Home,2,1194.51,55.89,2333.13,2026-09-27 10:00:00
ITEM000025090,ORD00014694,SKU00410,Beauty,1,163.18,86.35,76.83,2026-09-27 10:00:00
ITEM000025091,ORD00012791,SKU00336,Beauty,3,562.67,82.47,1605.54,2026-09-27 10:00:00
ITEM000025092,ORD00013856,SKU00482,Fashion,3,566.2,8.01,1690.59,2026-09-27 10:00:00
ITEM000025093,ORD00013576,SKU00462,Sports,2,329.73,157.54,501.92,2026-09-27 10:00:00
ITEM000025094,ORD00013290,SKU00352,Sports,2,390.98,185.39,596.57,2026-09-27 10:00:00
ITEM000025095,ORD00012080,SKU00438,Books,3,370.08,23.19,1087.05,2026-09-27 10:00:00
ITEM000025096,ORD00014017,SKU00403,Home,1,611.15,63.1,548.05,2026-09-27 10:00:00
ITEM000025097,ORD00014414,SKU00270,Electronics,1,558.93,112.06,446.87,2026-09-27 10:00:00
ITEM000025098,ORD00012516,SKU00233,Fashion,3,328.91,32.71,954.02,2026-09-27 10:00:00
ITEM000025099,ORD00012146,SKU00318,Electronics,3,488.4,189.56,1275.64,2026-09-27 10:00:00
ITEM000025100,ORD00014628,SKU00027,Home,2,201.29,61.84,340.74,2026-09-27 10:00:00
ITEM000025101,ORD00014987,SKU00202,Home,3,119.55,70.2,288.45,2026-09-27 10:00:00
ITEM000025102,ORD00013585,SKU00073,Home,3,191.53,188.51,386.08,2026-09-27 10:00:00
ITEM000025103,ORD00014090,SKU00072,Books,3,312.13,64.3,872.09,2026-09-27 10:00:00
ITEM000025104,ORD00014578,SKU00456,Home,1,289.44,3.68,285.76,2026-09-27 10:00:00
ITEM000025105,ORD00013168,SKU00196,Home,3,356.66,134.52,935.46,2026-09-27 10:00:00
ITEM000025106,ORD00013069,SKU00002,Home,3,1619.5,110.37,4748.13,2026-09-27 10:00:00
ITEM000025107,ORD00014859,SKU00268,Fashion,1,349.75,62.25,287.5,2026-09-27 10:00:00
ITEM000025108,ORD00013260,SKU00478,Grocery,3,316.14,148.01,800.41,2026-09-27 10:00:00
ITEM000025109,ORD00014375,SKU00221,Fashion,2,340.58,41.43,639.73,2026-09-27 10:00:00
ITEM000025110,ORD00013534,SKU00236,Electronics,3,292.0,130.57,745.43,2026-09-27 10:00:00
ITEM000025111,ORD00013466,SKU00422,Electronics,2,306.67,13.03,600.31,2026-09-27 10:00:00
ITEM000025112,ORD00014201,SKU00041,Books,2,167.45,42.63,292.27,2026-09-27 10:00:00
ITEM000025113,ORD00013104,SKU00289,Fashion,2,183.22,36.95,329.49,2026-09-27 10:00:00
ITEM000025114,ORD00014971,SKU00209,Electronics,3,321.51,32.28,932.25,2026-09-27 10:00:00
ITEM000025115,ORD00013300,SKU00295,Home,3,1350.85,189.54,3863.01,2026-09-27 10:00:00
ITEM000025116,ORD00013550,SKU00069,Electronics,1,95.32,107.36,-12.04,2026-09-27 10:00:00
ITEM000025117,ORD00014115,SKU00022,Fashion,1,840.9,161.28,679.62,2026-09-27 10:00:00
ITEM000025118,ORD00013099,SKU00208,Sports,2,154.38,156.59,152.17,2026-09-27 10:00:00
ITEM000025119,ORD00013339,SKU00109,Sports,2,460.52,69.34,851.7,2026-09-27 10:00:00
ITEM000025120,ORD00014777,SKU00336,Beauty,3,555.82,79.32,1588.14,2026-09-27 10:00:00
ITEM000025121,ORD00013364,SKU00163,Fashion,2,66.58,134.36,-1.2,2026-09-27 10:00:00
ITEM000025122,ORD00013880,SKU00097,Fashion,1,304.94,150.09,154.85,2026-09-27 10:00:00
ITEM000025123,ORD00012645,SKU00289,Grocery,2,211.79,52.37,371.21,2026-09-27 10:00:00
ITEM000025124,ORD00013159,SKU00483,Sports,3,90.31,31.32,239.61,2026-09-27 10:00:00
ITEM000025125,ORD00013894,SKU00184,Home,1,508.62,76.83,431.79,2026-09-27 10:00:00
ITEM000025126,ORD00012107,SKU00248,Grocery,1,352.0,105.34,246.66,2026-09-27 10:00:00
ITEM000025127,ORD00013507,SKU00253,Fashion,2,252.84,149.89,355.79,2026-09-27 10:00:00
ITEM000025128,ORD00014611,SKU00468,Fashion,1,417.84,91.11,326.73,2026-09-27 10:00:00
ITEM000025129,ORD00012766,SKU00164,Sports,2,333.59,165.61,501.57,2026-09-27 10:00:00
ITEM000025130,ORD00012656,SKU00466,Grocery,1,558.15,51.74,506.41,2026-09-27 10:00:00
ITEM000025131,ORD00012240,SKU00190,Beauty,3,694.32,129.31,1953.65,2026-09-27 10:00:00
ITEM000025132,ORD00014098,SKU00225,Fashion,3,187.14,28.7,532.72,2026-09-27 10:00:00
ITEM000025133,ORD00013744,SKU00400,Fashion,1,46.71,142.11,-95.4,2026-09-27 10:00:00
ITEM000025134,ORD00013840,SKU00304,Beauty,3,309.06,47.36,879.82,2026-09-27 10:00:00
ITEM000025135,ORD00014959,SKU00059,Fashion,3,227.8,170.43,512.97,2026-09-27 10:00:00
ITEM000025136,ORD00013237,SKU00241,Grocery,2,116.64,26.89,206.39,2026-09-27 10:00:00
ITEM000025137,ORD00013027,SKU00348,Fashion,3,1140.47,87.75,3333.66,2026-09-27 10:00:00
ITEM000025138,ORD00012321,SKU00179,Home,2,574.68,30.75,1118.61,2026-09-27 10:00:00
ITEM000025139,ORD00013739,SKU00438,Books,1,776.16,79.49,696.67,2026-09-27 10:00:00
ITEM000025140,ORD00012766,SKU00016,Fashion,3,224.58,100.12,573.62,2026-09-27 10:00:00
ITEM000025141,ORD00014788,SKU00068,Home,2,473.77,138.65,808.89,2026-09-27 10:00:00
ITEM000025142,ORD00013405,SKU00326,Beauty,2,408.01,82.07,733.95,2026-09-27 10:00:00
ITEM000025143,ORD00013785,SKU00469,Sports,1,234.99,157.89,77.1,2026-09-27 10:00:00
ITEM000025144,ORD00012991,SKU00096,Sports,2,496.0,108.8,883.2,2026-09-27 10:00:00
ITEM000025145,ORD00013864,SKU00208,Beauty,2,1024.26,114.72,1933.8,2026-09-27 10:00:00
ITEM000025146,ORD00014515,SKU00202,Books,2,416.04,0.74,831.34,2026-09-27 10:00:00
ITEM000025147,ORD00012303,SKU00087,Sports,2,52.15,106.57,-2.27,2026-09-27 10:00:00
ITEM000025148,ORD00014243,SKU00074,Electronics,2,424.92,94.35,755.49,2026-09-27 10:00:00
ITEM000025149,ORD00013742,SKU00109,Grocery,1,153.32,118.29,35.03,2026-09-27 10:00:00
ITEM000025150,ORD00014251,SKU00479,Beauty,3,1081.19,193.13,3050.44,2026-09-27 10:00:00
ITEM000025151,ORD00013642,SKU00116,Books,1,66.49,166.57,-100.08,2026-09-27 10:00:00
ITEM000025152,ORD00013986,SKU00493,Fashion,1,147.55,49.6,97.95,2026-09-27 10:00:00
ITEM000025153,ORD00014217,SKU00392,Electronics,3,1211.86,47.08,3588.5,2026-09-27 10:00:00
ITEM000025154,ORD00012925,SKU00154,Grocery,1,160.79,7.17,153.62,2026-09-27 10:00:00
ITEM000025155,ORD00013893,SKU00444,Fashion,1,129.27,190.61,-61.34,2026-09-27 10:00:00
ITEM000025156,ORD00012947,SKU00343,Books,3,667.49,186.15,1816.32,2026-09-27 10:00:00
ITEM000025157,ORD00012486,SKU00290,Books,3,646.05,90.89,1847.26,2026-09-27 10:00:00
ITEM000025158,ORD00013748,SKU00022,Electronics,2,280.87,69.92,491.82,2026-09-27 10:00:00
ITEM000025159,ORD00013919,SKU00086,Home,2,146.55,168.5,124.6,2026-09-27 10:00:00
ITEM000025160,ORD00013489,SKU00378,Home,3,138.72,193.46,222.7,2026-09-27 10:00:00
ITEM000025161,ORD00012222,SKU00191,Home,2,149.29,131.22,167.36,2026-09-27 10:00:00
ITEM000025162,ORD00013136,SKU00049,Home,2,445.95,140.98,750.92,2026-09-27 10:00:00
ITEM000025163,ORD00013473,SKU00111,Home,2,220.93,150.84,291.02,2026-09-27 10:00:00
ITEM000025164,ORD00012673,SKU00051,Fashion,3,560.9,191.84,1490.86,2026-09-27 10:00:00
ITEM000025165,ORD00014038,SKU00146,Books,3,180.51,65.67,475.86,2026-09-27 10:00:00
ITEM000025166,ORD00013289,SKU00437,Grocery,3,567.61,177.13,1525.7,2026-09-27 10:00:00
ITEM000025167,ORD00012529,SKU00091,Grocery,2,221.36,42.15,400.57,2026-09-27 10:00:00
ITEM000025168,ORD00013318,SKU00333,Fashion,2,58.03,46.84,69.22,2026-09-27 10:00:00
ITEM000025169,ORD00014356,SKU00347,Books,1,182.36,70.39,111.97,2026-09-27 10:00:00
ITEM000025170,ORD00014881,SKU00381,Beauty,1,271.68,196.92,74.76,2026-09-27 10:00:00
ITEM000025171,ORD00014343,SKU00081,Electronics,1,427.4,33.01,394.39,2026-09-27 10:00:00
ITEM000025172,ORD00012926,SKU00158,Grocery,3,126.47,128.08,251.33,2026-09-27 10:00:00
ITEM000025173,ORD00013332,SKU00155,Beauty,2,757.47,136.26,1378.68,2026-09-27 10:00:00
ITEM000025174,ORD00014523,SKU00414,Electronics,1,232.05,32.01,200.04,2026-09-27 10:00:00
ITEM000025175,ORD00014640,SKU00499,Books,1,182.78,175.97,6.81,2026-09-27 10:00:00
ITEM000025176,ORD00012334,SKU00436,Grocery,1,405.35,8.7,396.65,2026-09-27 10:00:00
ITEM000025177,ORD00013532,SKU00389,Electronics,3,82.09,136.39,109.88,2026-09-27 10:00:00
ITEM000025178,ORD00013985,SKU00097,Electronics,2,153.79,33.77,273.81,2026-09-27 10:00:00
ITEM000025179,ORD00014378,SKU00243,Electronics,2,722.69,195.69,1249.69,2026-09-27 10:00:00
ITEM000025180,ORD00014473,SKU00369,Fashion,3,1375.78,118.33,4009.01,2026-09-27 10:00:00
ITEM000025181,ORD00012286,SKU00443,Grocery,2,331.17,90.15,572.19,2026-09-27 10:00:00
ITEM000025182,ORD00013347,SKU00280,Grocery,1,221.12,187.5,33.62,2026-09-27 10:00:00
ITEM000025183,ORD00012371,SKU00196,Books,2,728.25,78.57,1377.93,2026-09-27 10:00:00
ITEM000025184,ORD00012228,SKU00254,Fashion,2,1570.31,159.89,2980.73,2026-09-27 10:00:00
ITEM000025185,ORD00012629,SKU00314,Grocery,2,216.43,19.5,413.36,2026-09-27 10:00:00
ITEM000025186,ORD00012803,SKU00191,Beauty,1,974.59,126.8,847.79,2026-09-27 10:00:00
ITEM000025187,ORD00012732,SKU00328,Beauty,1,253.25,23.45,229.8,2026-09-27 10:00:00
ITEM000025188,ORD00013789,SKU00295,Home,3,293.04,79.93,799.19,2026-09-27 10:00:00
ITEM000025189,ORD00012079,SKU00341,Home,2,32.83,58.04,7.62,2026-09-27 10:00:00
ITEM000025190,ORD00012930,SKU00142,Sports,2,813.5,176.5,1450.5,2026-09-27 10:00:00
ITEM000025191,ORD00014676,SKU00137,Sports,2,426.42,23.63,829.21,2026-09-27 10:00:00
ITEM000025192,ORD00012855,SKU00290,Books,1,285.1,127.16,157.94,2026-09-27 10:00:00
ITEM000025193,ORD00013029,SKU00219,Sports,3,1548.74,84.11,4562.11,2026-09-27 10:00:00
ITEM000025194,ORD00013228,SKU00467,Electronics,2,255.81,97.68,413.94,2026-09-27 10:00:00
ITEM000025195,ORD00012012,SKU00495,Beauty,2,330.52,73.5,587.54,2026-09-27 10:00:00
ITEM000025196,ORD00013909,SKU00341,Home,2,250.9,126.41,375.39,2026-09-27 10:00:00
ITEM000025197,ORD00014874,SKU00199,Grocery,3,225.9,54.15,623.55,2026-09-27 10:00:00
ITEM000025198,ORD00013387,SKU00372,Beauty,2,360.29,175.56,545.02,2026-09-27 10:00:00
ITEM000025199,ORD00012104,SKU00374,Sports,3,661.48,37.51,1946.93,2026-09-27 10:00:00
ITEM000025200,ORD00014959,SKU00029,Grocery,3,132.26,108.59,288.19,2026-09-27 10:00:00
ITEM000025201,ORD00014916,SKU00122,Electronics,3,581.8,26.21,1719.19,2026-09-27 10:00:00
ITEM000025202,ORD00014896,SKU00117,Books,1,515.74,79.66,436.08,2026-09-27 10:00:00
ITEM000025203,ORD00014759,SKU00338,Electronics,3,179.22,15.81,521.85,2026-09-27 10:00:00
ITEM000025204,ORD00014955,SKU00096,Home,1,372.79,125.11,247.68,2026-09-27 10:00:00
ITEM000025205,ORD00012411,SKU00329,Electronics,1,89.38,28.35,61.03,2026-09-27 10:00:00
ITEM000025206,ORD00013068,SKU00435,Sports,2,203.98,88.55,319.41,2026-09-27 10:00:00
ITEM000025207,ORD00012092,SKU00385,Grocery,3,379.07,0.47,1136.74,2026-09-27 10:00:00
ITEM000025208,ORD00012747,SKU00171,Books,3,133.26,54.56,345.22,2026-09-27 10:00:00
ITEM000025209,ORD00014895,SKU00057,Beauty,3,197.5,100.99,491.51,2026-09-27 10:00:00
ITEM000025210,ORD00014105,SKU00385,Home,1,360.22,124.5,235.72,2026-09-27 10:00:00
ITEM000025211,ORD00013874,SKU00273,Electronics,1,499.85,98.14,401.71,2026-09-27 10:00:00
ITEM000025212,ORD00014514,SKU00488,Sports,2,78.43,38.87,117.99,2026-09-27 10:00:00
ITEM000025213,ORD00012912,SKU00044,Home,3,375.61,171.39,955.44,2026-09-27 10:00:00
ITEM000025214,ORD00012836,SKU00493,Grocery,3,753.43,63.32,2196.97,2026-09-27 10:00:00
ITEM000025215,ORD00013181,SKU00300,Grocery,2,414.31,53.5,775.12,2026-09-27 10:00:00
ITEM000025216,ORD00013407,SKU00418,Beauty,1,491.74,10.03,481.71,2026-09-27 10:00:00
ITEM000025217,ORD00013563,SKU00489,Sports,2,2259.6,88.06,4431.14,2026-09-27 10:00:00
ITEM000025218,ORD00012151,SKU00226,Home,2,230.75,39.34,422.16,2026-09-27 10:00:00
ITEM000025219,ORD00014479,SKU00040,Books,1,436.63,103.17,333.46,2026-09-27 10:00:00
ITEM000025220,ORD00013129,SKU00236,Home,1,686.48,4.26,682.22,2026-09-27 10:00:00
ITEM000025221,ORD00012590,SKU00422,Electronics,3,214.43,77.85,565.44,2026-09-27 10:00:00
ITEM000025222,ORD00013595,SKU00156,Beauty,1,50.25,39.62,10.63,2026-09-27 10:00:00
ITEM000025223,ORD00013677,SKU00303,Beauty,1,215.48,177.85,37.63,2026-09-27 10:00:00
ITEM000025224,ORD00013023,SKU00062,Electronics ,1,209.08,156.22,52.86,2026-09-27 10:00:00
ITEM000025225,ORD00014823,SKU00342,Books,3,543.35,78.99,1551.06,2026-09-27 10:00:00
ITEM000025226,ORD00014090,SKU00208,Grocery,3,251.95,177.75,578.1,2026-09-27 10:00:00
ITEM000025227,ORD00013352,SKU00271,Beauty,3,784.66,139.65,2214.33,2026-09-27 10:00:00
ITEM000025228,ORD00014280,SKU00430,Fashion,2,175.57,142.81,208.33,2026-09-27 10:00:00
ITEM000025229,ORD00014025,SKU00455,Books,1,522.91,4.15,518.76,2026-09-27 10:00:00
ITEM000025230,ORD00014800,SKU00327,Fashion,3,1058.82,38.29,3138.17,2026-09-27 10:00:00
ITEM000025231,ORD00012511,SKU00164,Sports,2,299.39,67.14,531.64,2026-09-27 10:00:00
ITEM000025232,ORD00012297,SKU00050,Beauty,1,2346.09,108.3,2237.79,2026-09-27 10:00:00
ITEM000025233,ORD00014587,SKU00111,Beauty,3,349.59,12.57,1036.2,2026-09-27 10:00:00
ITEM000025234,ORD00013374,SKU00030,Home,2,244.25,74.02,414.48,2026-09-27 10:00:00
ITEM000025235,ORD00013885,SKU00221,Fashion,3,318.2,163.09,791.51,2026-09-27 10:00:00
ITEM000025236,ORD00012285,SKU00069,Fashion,3,243.15,118.31,611.14,2026-09-27 10:00:00
ITEM000025237,ORD00014794,SKU00123,Sports,3,146.77,189.62,250.69,2026-09-27 10:00:00
ITEM000025238,ORD00012523,SKU00149,Beauty,3,767.48,68.78,2233.66,2026-09-27 10:00:00
ITEM000025239,ORD00014137,SKU00471,Grocery,2,304.54,155.51,453.57,2026-09-27 10:00:00
ITEM000025240,ORD00013994,SKU00289,Sports,1,583.36,87.54,495.82,2026-09-27 10:00:00
ITEM000025241,ORD00012786,SKU00188,Home,2,1184.73,109.1,2260.36,2026-09-27 10:00:00
ITEM000025242,ORD00012055,SKU00258,Home,2,825.32,181.06,1469.58,2026-09-27 10:00:00
ITEM000025243,ORD00012845,SKU00459,Books,1,126.68,121.95,4.73,2026-09-27 10:00:00
ITEM000025244,ORD00013772,SKU00468,Books,3,355.43,49.38,1016.91,2026-09-27 10:00:00
ITEM000025245,ORD00013035,SKU00019,Fashion,2,228.96,36.98,420.94,2026-09-27 10:00:00
ITEM000025246,ORD00012305,SKU00219,Grocery,3,67.25,1.49,200.26,2026-09-27 10:00:00
ITEM000025247,ORD00013383,SKU00110,Grocery,2,331.1,68.08,594.12,2026-09-27 10:00:00
ITEM000025248,ORD00013863,SKU00474,Grocery,3,434.63,165.6,1138.29,2026-09-27 10:00:00
ITEM000025249,ORD00012544,SKU00442,Electronics,3,481.67,79.93,1365.08,2026-09-27 10:00:00
ITEM000025250,ORD00014224,SKU00203,Beauty,2,141.46,164.26,118.66,2026-09-27 10:00:00
ITEM000025251,ORD00014336,SKU00126,Books,2,524.8,118.6,931.0,2026-09-27 10:00:00
ITEM000025252,ORD00013914,SKU00341,Grocery,2,162.66,7.57,317.75,2026-09-27 10:00:00
ITEM000025253,ORD00013104,SKU00477,Home,1,188.68,57.01,131.67,2026-09-27 10:00:00
ITEM000025254,ORD00012069,SKU00018,Sports,3,227.37,109.96,572.15,2026-09-27 10:00:00
ITEM000025255,ORD00013643,SKU00066,Grocery,2,226.17,198.46,253.88,2026-09-27 10:00:00
ITEM000025256,ORD00013301,SKU00376,Beauty,1,101.76,87.9,13.86,2026-09-27 10:00:00
ITEM000025257,ORD00012215,SKU00078,Fashion,1,141.63,95.2,46.43,2026-09-27 10:00:00
ITEM000025258,ORD00012661,SKU00196,Electronics,2,158.7,79.33,238.07,2026-09-27 10:00:00
ITEM000025259,ORD00012768,SKU00408,Sports,2,163.81,196.03,131.59,2026-09-27 10:00:00
ITEM000025260,ORD00012546,SKU00048,Fashion,1,558.18,70.05,488.13,2026-09-27 10:00:00
ITEM000025261,ORD00014537,SKU00229,Electronics,3,139.55,37.79,380.86,2026-09-27 10:00:00
ITEM000025262,ORD00013841,SKU00088,Home,2,317.26,84.5,550.02,2026-09-27 10:00:00
ITEM000025263,ORD00014137,SKU00033,Home,3,2186.34,29.47,6529.55,2026-09-27 10:00:00
ITEM000025264,ORD00013327,SKU00403,Home,3,597.29,17.35,1774.52,2026-09-27 10:00:00
ITEM000025265,ORD00013276,SKU00310,Books,2,770.33,77.41,1463.25,2026-09-27 10:00:00
ITEM000025266,ORD00014283,SKU00029,Books,3,241.78,71.9,653.44,2026-09-27 10:00:00
ITEM000025267,ORD00012679,SKU00131,Electronics,1,186.67,146.16,40.51,2026-09-27 10:00:00
ITEM000025268,ORD00014495,SKU00357,Sports,3,101.06,173.37,129.81,2026-09-27 10:00:00
ITEM000025269,ORD00013898,SKU00310,Electronics,2,389.08,24.19,753.97,2026-09-27 10:00:00
ITEM000025270,ORD00013473,SKU00460,Fashion,1,155.62,116.44,39.18,2026-09-27 10:00:00
ITEM000025271,ORD00013355,SKU00239,Sports,3,262.78,53.84,734.5,2026-09-27 10:00:00
ITEM000025272,ORD00013024,SKU00475,Grocery,3,1586.15,135.26,4623.19,2026-09-27 10:00:00
ITEM000025273,ORD00014279,SKU00119,Books,2,137.53,55.14,219.92,2026-09-27 10:00:00
ITEM000025274,ORD00014141,SKU00111,Beauty,2,44.35,120.34,-31.64,2026-09-27 10:00:00
ITEM000025275,ORD00012759,SKU00395,Electronics,3,222.77,47.67,620.64,2026-09-27 10:00:00
ITEM000025276,ORD00012220,SKU00359,Electronics,2,175.45,20.28,330.62,2026-09-27 10:00:00
ITEM000025277,ORD00013304,SKU00336,Fashion,1,296.24,184.54,111.7,2026-09-27 10:00:00
ITEM000025278,ORD00014171,SKU00256,Grocery,1,578.65,34.38,544.27,2026-09-27 10:00:00
ITEM000025279,ORD00012934,SKU00206,Beauty,1,202.15,163.85,38.3,2026-09-27 10:00:00
ITEM000025280,ORD00012971,SKU00180,Grocery,2,522.47,73.88,971.06,2026-09-27 10:00:00
ITEM000025281,ORD00013774,SKU00137,Beauty,1,526.03,163.06,362.97,2026-09-27 10:00:00
ITEM000025282,ORD00014481,SKU00421,Grocery,3,1222.67,194.56,3473.45,2026-09-27 10:00:00
ITEM000025283,ORD00013979,SKU00286,Beauty,1,260.76,28.87,231.89,2026-09-27 10:00:00
ITEM000025284,ORD00013865,SKU00066,Grocery,2,634.81,59.85,1209.77,2026-09-27 10:00:00
ITEM000025285,ORD00013987,SKU00185,Home,3,456.52,119.64,1249.92,2026-09-27 10:00:00
ITEM000025286,ORD00013881,SKU00398,Books,2,257.47,94.62,420.32,2026-09-27 10:00:00
ITEM000025287,ORD00013282,SKU00333,Grocery,3,135.61,168.76,238.07,2026-09-27 10:00:00
ITEM000025288,ORD00014012,SKU00215,Books,3,368.53,66.34,1039.25,2026-09-27 10:00:00
ITEM000025289,ORD00013162,SKU00343,Grocery,3,231.11,155.81,537.52,2026-09-27 10:00:00
ITEM000025290,ORD00012504,SKU00019,Books,1,607.91,177.57,430.34,2026-09-27 10:00:00
ITEM000025291,ORD00014717,SKU00042,Home,2,210.45,141.75,279.15,2026-09-27 10:00:00
ITEM000025292,ORD00012667,SKU00382,Electronics,1,660.96,42.24,618.72,2026-09-27 10:00:00
ITEM000025293,ORD00012661,SKU00479,Electronics,3,249.34,167.19,580.83,2026-09-27 10:00:00
ITEM000025294,ORD00012495,SKU00326,Fashion,1,368.45,89.2,279.25,2026-09-27 10:00:00
ITEM000025295,ORD00013392,SKU00171,Home,3,290.39,90.24,780.93,2026-09-27 10:00:00
ITEM000025296,ORD00014853,SKU00444,Home,1,567.77,54.48,513.29,2026-09-27 10:00:00
ITEM000025297,ORD00013794,SKU00446,Fashion,2,202.95,11.02,394.88,2026-09-27 10:00:00
ITEM000025298,ORD00012211,SKU00171,Books,2,550.13,112.94,987.32,2026-09-27 10:00:00
ITEM000025299,ORD00013613,SKU00147,Fashion,1,1193.75,93.78,1099.97,2026-09-27 10:00:00
ITEM000025300,ORD00014072,SKU00211,Beauty,1,2529.04,162.66,2366.38,2026-09-27 10:00:00
ITEM000025301,ORD00013651,SKU00046,Books,3,104.09,159.95,152.32,2026-09-27 10:00:00
ITEM000025302,ORD00013482,SKU00473,Sports,1,512.2,198.48,313.72,2026-09-27 10:00:00
ITEM000025303,ORD00013735,SKU00067,Sports,1,204.12,41.73,162.39,2026-09-27 10:00:00
ITEM000025304,ORD00014206,SKU00004,Electronics ,2,388.16,37.2,739.12,2026-09-27 10:00:00
ITEM000025305,ORD00014738,SKU00396,Home,2,205.33,50.88,359.78,2026-09-27 10:00:00
ITEM000025306,ORD00013921,SKU00100,Home,1,112.42,73.08,39.34,2026-09-27 10:00:00
ITEM000025307,ORD00014076,SKU00402,Books,1,145.31,44.46,100.85,2026-09-27 10:00:00
ITEM000025308,ORD00013010,SKU00372,Beauty,2,678.66,46.58,1310.74,2026-09-27 10:00:00
ITEM000025309,ORD00012469,SKU00459,Books,1,246.93,35.12,211.81,2026-09-27 10:00:00
ITEM000025310,ORD00013263,SKU00442,Home,1,518.59,22.35,496.24,2026-09-27 10:00:00
ITEM000025311,ORD00013512,SKU00252,Electronics,1,1001.24,60.21,941.03,2026-09-27 10:00:00
ITEM000025312,ORD00012420,SKU00157,Fashion,1,589.63,66.93,522.7,2026-09-27 10:00:00
ITEM000025313,ORD00013530,SKU00375,Beauty,1,152.16,37.56,114.6,2026-09-27 10:00:00
ITEM000025314,ORD00013838,SKU00240,Home,2,121.83,169.48,74.18,2026-09-27 10:00:00
ITEM000025315,ORD00013841,SKU00238,Home,3,603.07,182.21,1627.0,2026-09-27 10:00:00
ITEM000025316,ORD00012476,SKU00158,Home,1,197.1,94.41,102.69,2026-09-27 10:00:00
ITEM000025317,ORD00012375,SKU00473,Grocery,1,1022.79,143.21,879.58,2026-09-27 10:00:00
ITEM000025318,ORD00014460,SKU00344,Sports,1,129.22,181.6,-52.38,2026-09-27 10:00:00
ITEM000025319,ORD00014605,SKU00462,Beauty,2,169.79,30.24,309.34,2026-09-27 10:00:00
ITEM000025320,ORD00013952,SKU00178,Home,2,263.96,185.87,342.05,2026-09-27 10:00:00
ITEM000025321,ORD00013506,SKU00247,Books,2,527.88,182.54,873.22,2026-09-27 10:00:00
ITEM000025322,ORD00012887,SKU00031,Books,1,97.86,169.88,-72.02,2026-09-27 10:00:00
ITEM000025323,ORD00012218,SKU00134,Electronics,2,218.64,124.66,312.62,2026-09-27 10:00:00
ITEM000025324,ORD00012874,SKU00175,Fashion,2,267.62,102.44,432.8,2026-09-27 10:00:00
ITEM000025325,ORD00012952,SKU00048,Books,3,385.05,115.97,1039.18,2026-09-27 10:00:00
ITEM000025326,ORD00014137,SKU00303,Electronics,3,477.34,31.22,1400.8,2026-09-27 10:00:00
ITEM000025327,ORD00013881,SKU00193,Beauty,1,803.08,8.88,794.2,2026-09-27 10:00:00
ITEM000025328,ORD00013720,SKU00027,Grocery,1,674.57,5.67,668.9,2026-09-27 10:00:00
ITEM000025329,ORD00014788,SKU00155,Electronics,1,159.14,21.55,137.59,2026-09-27 10:00:00
ITEM000025330,ORD00012538,SKU00160,Grocery,1,71.57,130.2,-58.63,2026-09-27 10:00:00
ITEM000025331,ORD00014155,SKU00461,Sports,3,1367.8,161.37,3942.03,2026-09-27 10:00:00
ITEM000025332,ORD00012469,SKU00038,Sports,2,197.6,168.89,226.31,2026-09-27 10:00:00
ITEM000025333,ORD00014162,SKU00047,Electronics,3,288.64,9.22,856.7,2026-09-27 10:00:00
ITEM000025334,ORD00013871,SKU00430,Home,1,937.29,140.1,797.19,2026-09-27 10:00:00
ITEM000025335,ORD00014409,SKU00069,Home,2,1204.06,56.74,2351.38,2026-09-27 10:00:00
ITEM000025336,ORD00013789,SKU00467,Fashion,3,181.43,146.62,397.67,2026-09-27 10:00:00
ITEM000025337,ORD00014590,SKU00084,Sports,3,426.67,169.61,1110.4,2026-09-27 10:00:00
ITEM000025338,ORD00014916,SKU00402,Grocery,3,76.06,65.58,162.6,2026-09-27 10:00:00
ITEM000025339,ORD00012278,SKU00058,Beauty,2,668.16,159.44,1176.88,2026-09-27 10:00:00
ITEM000025340,ORD00014936,SKU00398,Electronics,3,218.94,115.81,541.01,2026-09-27 10:00:00
ITEM000025341,ORD00014150,SKU00412,Fashion,2,638.54,120.65,1156.43,2026-09-27 10:00:00
ITEM000025342,ORD00014675,SKU00154,Books,1,154.23,37.46,116.77,2026-09-27 10:00:00
ITEM000025343,ORD00014654,SKU00203,Beauty,1,57.39,95.17,-37.78,2026-09-27 10:00:00
ITEM000025344,ORD00013963,SKU00074,Books,2,348.19,147.85,548.53,2026-09-27 10:00:00
ITEM000025345,ORD00013399,SKU00327,Books,3,979.03,29.7,2907.39,2026-09-27 10:00:00
ITEM000025346,ORD00014926,SKU00457,Grocery,2,256.2,145.61,366.79,2026-09-27 10:00:00
ITEM000025347,ORD00013311,SKU00246,Home,1,389.75,166.23,223.52,2026-09-27 10:00:00
ITEM000025348,ORD00012209,SKU00226,Electronics,2,190.59,38.53,342.65,2026-09-27 10:00:00
ITEM000025349,ORD00014294,SKU00164,Home,2,641.8,153.63,1129.97,2026-09-27 10:00:00
ITEM000025350,ORD00013724,SKU00123,Books,3,702.26,119.52,1987.26,2026-09-27 10:00:00
ITEM000025351,ORD00012483,SKU00298,Electronics,2,196.73,22.03,371.43,2026-09-27 10:00:00
ITEM000025352,ORD00014274,SKU00250,Home,1,477.94,164.87,313.07,2026-09-27 10:00:00
ITEM000025353,ORD00014242,SKU00105,Electronics,3,88.32,108.65,156.31,2026-09-27 10:00:00
ITEM000025354,ORD00012737,SKU00012,Fashion,2,466.58,105.91,827.25,2026-09-27 10:00:00
ITEM000025355,ORD00012914,SKU00243,Home,3,1313.57,178.54,3762.17,2026-09-27 10:00:00
ITEM000025356,ORD00013414,SKU00025,Grocery,2,216.3,163.91,268.69,2026-09-27 10:00:00
ITEM000025357,ORD00013872,SKU00093,Grocery,3,370.72,5.1,1107.06,2026-09-27 10:00:00
ITEM000025358,ORD00012638,SKU00036,Books,1,276.97,154.18,122.79,2026-09-27 10:00:00
ITEM000025359,ORD00014380,SKU00364,Electronics,2,1016.41,187.76,1845.06,2026-09-27 10:00:00
ITEM000025360,ORD00013235,SKU00269,Sports,1,359.64,114.46,245.18,2026-09-27 10:00:00
ITEM000025361,ORD00014912,SKU00322,Sports,1,209.68,43.51,166.17,2026-09-27 10:00:00
ITEM000025362,ORD00012239,SKU00314,Sports,3,429.69,144.66,1144.41,2026-09-27 10:00:00
ITEM000025363,ORD00012928,SKU00214,Sports,2,130.13,41.68,218.58,2026-09-27 10:00:00
ITEM000025364,ORD00013323,SKU00009,Fashion,1,1104.93,116.85,988.08,2026-09-27 10:00:00
ITEM000025365,ORD00014351,SKU00399,Home,2,129.61,102.15,157.07,2026-09-27 10:00:00
ITEM000025366,ORD00013583,SKU00212,Beauty,2,214.23,87.75,340.71,2026-09-27 10:00:00
ITEM000025367,ORD00013097,SKU00490,Beauty,3,851.9,153.31,2402.39,2026-09-27 10:00:00
ITEM000025368,ORD00014300,SKU00210,Beauty,2,272.49,155.37,389.61,2026-09-27 10:00:00
ITEM000025369,ORD00012372,SKU00247,Books,3,1665.05,84.35,4910.8,2026-09-27 10:00:00
ITEM000025370,ORD00013639,SKU00492,Fashion,1,279.25,112.78,166.47,2026-09-27 10:00:00
ITEM000025371,ORD00012454,SKU00207,Grocery,1,95.17,7.83,87.34,2026-09-27 10:00:00
ITEM000025372,ORD00013759,SKU00150,Home,1,633.25,50.41,582.84,2026-09-27 10:00:00
ITEM000025373,ORD00014744,SKU00127,Beauty,3,413.97,35.69,1206.22,2026-09-27 10:00:00
ITEM000025374,ORD00013904,SKU00491,Grocery,2,512.76,60.01,965.51,2026-09-27 10:00:00
ITEM000025375,ORD00014583,SKU00197,Home,2,204.46,164.25,244.67,2026-09-27 10:00:00
ITEM000025376,ORD00013338,SKU00287,Grocery,1,750.45,89.31,661.14,2026-09-27 10:00:00
ITEM000025377,ORD00013134,SKU00187,Fashion,2,238.61,192.27,284.95,2026-09-27 10:00:00
ITEM000025378,ORD00013388,SKU00039,Fashion,3,56.61,91.28,78.55,2026-09-27 10:00:00
ITEM000025379,ORD00013808,SKU00312,Books,3,258.93,3.82,772.97,2026-09-27 10:00:00
ITEM000025380,ORD00013537,SKU00149,Sports,3,83.82,107.31,144.15,2026-09-27 10:00:00
ITEM000025381,ORD00014815,SKU00424,Sports,1,739.35,149.07,590.28,2026-09-27 10:00:00
ITEM000025382,ORD00014321,SKU00130,Sports,3,178.35,30.26,504.79,2026-09-27 10:00:00
ITEM000025383,ORD00013138,SKU00267,Fashion,3,1099.83,141.31,3158.18,2026-09-27 10:00:00
ITEM000025384,ORD00014371,SKU00271,Electronics,1,137.19,169.43,-32.24,2026-09-27 10:00:00
ITEM000025385,ORD00013884,SKU00188,Home,3,157.89,46.83,426.84,2026-09-27 10:00:00
ITEM000025386,ORD00014505,SKU00306,Fashion,2,393.82,184.79,602.85,2026-09-27 10:00:00
ITEM000025387,ORD00012123,SKU00184,Sports,2,353.72,185.78,521.66,2026-09-27 10:00:00
ITEM000025388,ORD00013197,SKU00055,Sports,2,258.3,181.11,335.49,2026-09-27 10:00:00
ITEM000025389,ORD00013735,SKU00092,Books,2,244.88,123.19,366.57,2026-09-27 10:00:00
ITEM000025390,ORD00013849,SKU00257,Electronics,3,1238.15,65.73,3648.72,2026-09-27 10:00:00
ITEM000025391,ORD00014527,SKU00266,Sports,2,208.81,26.51,391.11,2026-09-27 10:00:00
ITEM000025392,ORD00014723,SKU00337,Grocery,1,645.31,55.13,590.18,2026-09-27 10:00:00
ITEM000025393,ORD00014077,SKU00365,Electronics,2,597.05,46.22,1147.88,2026-09-27 10:00:00
ITEM000025394,ORD00012126,SKU00123,Books,3,416.52,23.42,1226.14,2026-09-27 10:00:00
ITEM000025395,ORD00013833,SKU00359,Beauty,3,159.84,195.12,284.4,2026-09-27 10:00:00
ITEM000025396,ORD00014168,SKU00479,Home,3,176.83,181.04,349.45,2026-09-27 10:00:00
ITEM000025397,ORD00014363,SKU00284,Home,2,767.28,114.19,1420.37,2026-09-27 10:00:00
ITEM000025398,ORD00014891,SKU00009,Home,2,301.02,12.3,589.74,2026-09-27 10:00:00
ITEM000025399,ORD00012021,SKU00177,Fashion,3,199.49,94.19,504.28,2026-09-27 10:00:00
ITEM000025400,ORD00013027,SKU00242,Fashion,2,292.76,2.54,582.98,2026-09-27 10:00:00
ITEM000025401,ORD00012375,SKU00069,Books,2,441.41,172.19,710.63,2026-09-27 10:00:00
ITEM000025402,ORD00013347,SKU00356,Grocery,1,464.94,128.06,336.88,2026-09-27 10:00:00
ITEM000025403,ORD00014600,SKU00315,Fashion,1,779.47,146.58,632.89,2026-09-27 10:00:00
ITEM000025404,ORD00012157,SKU00245,Beauty,3,206.55,52.0,567.65,2026-09-27 10:00:00
ITEM000025405,ORD00014166,SKU00400,Beauty,3,74.92,128.98,95.78,2026-09-27 10:00:00
ITEM000025406,ORD00012953,SKU00260,Home,3,364.41,135.59,957.64,2026-09-27 10:00:00
ITEM000025407,ORD00013246,SKU00187,Books,1,481.36,180.14,301.22,2026-09-27 10:00:00
ITEM000025408,ORD00014532,SKU00040,Books,1,190.95,93.2,97.75,2026-09-27 10:00:00
ITEM000025409,ORD00012800,SKU00246,Sports,1,1046.5,103.63,942.87,2026-09-27 10:00:00
ITEM000025410,ORD00012343,SKU00024,Electronics,2,725.29,14.06,1436.52,2026-09-27 10:00:00
ITEM000025411,ORD00014438,SKU00256,Sports,2,74.0,83.35,64.65,2026-09-27 10:00:00
ITEM000025412,ORD00013814,SKU00057,Home,3,167.75,183.01,320.24,2026-09-27 10:00:00
ITEM000025413,ORD00014247,SKU00388,Electronics,1,103.51,12.39,91.12,2026-09-27 10:00:00
ITEM000025414,ORD00013489,SKU00486,Beauty,2,223.34,71.86,374.82,2026-09-27 10:00:00
ITEM000025415,ORD00012921,SKU00347,Books,2,389.5,177.39,601.61,2026-09-27 10:00:00
ITEM000025416,ORD00012030,SKU00059,Beauty,3,466.97,128.79,1272.12,2026-09-27 10:00:00
ITEM000025417,ORD00013443,SKU00050,Fashion,2,96.71,0.3,193.12,2026-09-27 10:00:00
ITEM000025418,ORD00012811,SKU00293,Electronics ,2,1528.09,121.68,2934.5,2026-09-27 10:00:00
ITEM000025419,ORD00013465,SKU00415,Home,2,354.45,184.09,524.81,2026-09-27 10:00:00
ITEM000025420,ORD00014195,SKU00232,Electronics,3,161.62,23.01,461.85,2026-09-27 10:00:00
ITEM000025421,ORD00013952,SKU00349,Electronics,3,772.57,183.61,2134.1,2026-09-27 10:00:00
ITEM000025422,ORD00012732,SKU00247,Fashion,3,766.28,195.77,2103.07,2026-09-27 10:00:00
ITEM000025423,ORD00014514,SKU00161,Beauty,1,186.91,17.55,169.36,2026-09-27 10:00:00
ITEM000025424,ORD00014320,SKU00203,Books,3,118.32,95.57,259.39,2026-09-27 10:00:00
ITEM000025425,ORD00012344,SKU00043,Grocery,3,522.03,110.78,1455.31,2026-09-27 10:00:00
ITEM000025426,ORD00014763,SKU00491,Beauty,2,198.5,40.5,356.5,2026-09-27 10:00:00
ITEM000025427,ORD00014352,SKU00104,Books,2,970.77,71.29,1870.25,2026-09-27 10:00:00
ITEM000025428,ORD00013057,SKU00237,Books,3,151.06,16.44,436.74,2026-09-27 10:00:00
ITEM000025429,ORD00012742,SKU00107,Fashion,1,232.44,13.76,218.68,2026-09-27 10:00:00
ITEM000025430,ORD00014822,SKU00369,Fashion,2,885.23,172.42,1598.04,2026-09-27 10:00:00
ITEM000025431,ORD00012184,SKU00052,Fashion,1,733.71,153.63,580.08,2026-09-27 10:00:00
ITEM000025432,ORD00013053,SKU00139,Electronics,2,1002.24,27.53,1976.95,2026-09-27 10:00:00
ITEM000025433,ORD00012555,SKU00312,Grocery,3,246.25,177.92,560.83,2026-09-27 10:00:00
ITEM000025434,ORD00013410,SKU00437,Fashion,3,76.65,133.01,96.94,2026-09-27 10:00:00
ITEM000025435,ORD00013172,SKU00037,Grocery,2,685.16,81.16,1289.16,2026-09-27 10:00:00
ITEM000025436,ORD00013548,SKU00036,Beauty,2,281.21,27.93,534.49,2026-09-27 10:00:00
ITEM000025437,ORD00014208,SKU00124,Sports,2,1348.07,19.66,2676.48,2026-09-27 10:00:00
ITEM000025438,ORD00013687,SKU00362,Fashion,1,508.98,118.27,390.71,2026-09-27 10:00:00
ITEM000025439,ORD00014328,SKU00200,Sports,2,61.26,104.96,17.56,2026-09-27 10:00:00
ITEM000025440,ORD00012894,SKU00197,Home,3,197.9,151.97,441.73,2026-09-27 10:00:00
ITEM000025441,ORD00012969,SKU00220,Home,3,223.76,22.81,648.47,2026-09-27 10:00:00
ITEM000025442,ORD00014301,SKU00433,Fashion,3,100.49,199.14,102.33,2026-09-27 10:00:00
ITEM000025443,ORD00014987,SKU00488,Fashion,2,67.33,2.33,132.33,2026-09-27 10:00:00
ITEM000025444,ORD00013850,SKU00134,Grocery,3,586.16,51.89,1706.59,2026-09-27 10:00:00
ITEM000025445,ORD00014520,SKU00287,Beauty,2,230.6,54.31,406.89,2026-09-27 10:00:00
ITEM000025446,ORD00014060,SKU00142,Grocery,1,567.99,37.81,530.18,2026-09-27 10:00:00
ITEM000025447,ORD00013509,SKU00292,Grocery,1,126.3,48.96,77.34,2026-09-27 10:00:00
ITEM000025448,ORD00013619,SKU00054,Fashion,2,265.74,131.9,399.58,2026-09-27 10:00:00
ITEM000025449,ORD00013735,SKU00400,Sports,1,309.03,40.97,268.06,2026-09-27 10:00:00
ITEM000025450,ORD00014412,SKU00207,Electronics,3,184.04,97.36,454.76,2026-09-27 10:00:00
ITEM000025451,ORD00012529,SKU00284,Home,1,353.12,45.11,308.01,2026-09-27 10:00:00
ITEM000025452,ORD00014852,SKU00417,Electronics,2,146.03,63.19,228.87,2026-09-27 10:00:00
ITEM000025453,ORD00014529,SKU00231,Fashion,2,608.1,140.6,1075.6,2026-09-27 10:00:00
ITEM000025454,ORD00012608,SKU00367,Fashion,2,260.1,25.49,494.71,2026-09-27 10:00:00
ITEM000025455,ORD00012763,SKU00414,Beauty,2,598.46,179.8,1017.12,2026-09-27 10:00:00
ITEM000025456,ORD00012518,SKU00460,Home,1,385.23,31.15,354.08,2026-09-27 10:00:00
ITEM000025457,ORD00012417,SKU00475,Home,2,653.56,176.38,1130.74,2026-09-27 10:00:00
ITEM000025458,ORD00013785,SKU00410,Beauty,1,1199.2,109.64,1089.56,2026-09-27 10:00:00
ITEM000025459,ORD00014776,SKU00188,Books,2,303.22,91.69,514.75,2026-09-27 10:00:00
ITEM000025460,ORD00014630,SKU00413,Grocery,2,778.27,129.2,1427.34,2026-09-27 10:00:00
ITEM000025461,ORD00013223,SKU00488,Grocery,3,206.9,179.79,440.91,2026-09-27 10:00:00
ITEM000025462,ORD00014049,SKU00492,Home,1,25.86,169.19,-143.33,2026-09-27 10:00:00
ITEM000025463,ORD00013871,SKU00354,Books,3,396.53,183.44,1006.15,2026-09-27 10:00:00
ITEM000025464,ORD00013841,SKU00278,Home,2,581.46,152.13,1010.79,2026-09-27 10:00:00
ITEM000025465,ORD00013242,SKU00124,Books,1,531.37,18.4,512.97,2026-09-27 10:00:00
ITEM000025466,ORD00013876,SKU00046,Beauty,3,241.82,151.11,574.35,2026-09-27 10:00:00
ITEM000025467,ORD00014428,SKU00355,Home,2,193.19,28.93,357.45,2026-09-27 10:00:00
ITEM000025468,ORD00014070,SKU00200,Electronics,3,463.82,11.28,1380.18,2026-09-27 10:00:00
ITEM000025469,ORD00013965,SKU00476,Fashion,2,577.13,137.19,1017.07,2026-09-27 10:00:00
ITEM000025470,ORD00012844,SKU00460,Electronics,2,183.03,95.69,270.37,2026-09-27 10:00:00
ITEM000025471,ORD00013759,SKU00066,Books,1,801.04,175.15,625.89,2026-09-27 10:00:00
ITEM000025472,ORD00014261,SKU00074,Fashion,2,381.01,3.82,758.2,2026-09-27 10:00:00
ITEM000025473,ORD00014291,SKU00381,Beauty,3,174.24,163.53,359.19,2026-09-27 10:00:00
ITEM000025474,ORD00014705,SKU00158,Electronics,2,146.66,104.87,188.45,2026-09-27 10:00:00
ITEM000025475,ORD00013793,SKU00340,Electronics,2,436.85,83.93,789.77,2026-09-27 10:00:00
ITEM000025476,ORD00014174,SKU00333,Electronics,2,339.18,175.22,503.14,2026-09-27 10:00:00
ITEM000025477,ORD00014740,SKU00392,Home,1,542.53,0.12,542.41,2026-09-27 10:00:00
ITEM000025478,ORD00014580,SKU00491,Home,3,735.45,32.7,2173.65,2026-09-27 10:00:00
ITEM000025479,ORD00012844,SKU00122,Grocery,2,435.32,17.14,853.5,2026-09-27 10:00:00
ITEM000025480,ORD00013313,SKU00029,Home,3,1149.8,23.86,3425.54,2026-09-27 10:00:00
ITEM000025481,ORD00012630,SKU00498,Grocery,2,261.72,121.28,402.16,2026-09-27 10:00:00
ITEM000025482,ORD00013044,SKU00014,Grocery,1,163.1,129.0,34.1,2026-09-27 10:00:00
ITEM000025483,ORD00014968,SKU00384,Beauty,2,365.32,49.43,681.21,2026-09-27 10:00:00
ITEM000025484,ORD00013938,SKU00253,Sports,3,229.48,126.7,561.74,2026-09-27 10:00:00
ITEM000025485,ORD00014245,SKU00464,Home,1,933.26,196.98,736.28,2026-09-27 10:00:00
ITEM000025486,ORD00013764,SKU00019,Beauty,3,1064.14,120.56,3071.86,2026-09-27 10:00:00
ITEM000025487,ORD00014544,SKU00394,Home,1,621.25,3.91,617.34,2026-09-27 10:00:00
ITEM000025488,ORD00013921,SKU00089,Fashion,2,55.37,46.86,63.88,2026-09-27 10:00:00
ITEM000025489,ORD00014831,SKU00024,Home,3,573.28,80.36,1639.48,2026-09-27 10:00:00
ITEM000025490,ORD00014411,SKU00141,Home,3,301.98,22.56,883.38,2026-09-27 10:00:00
ITEM000025491,ORD00013987,SKU00144,Home,2,364.25,19.05,709.45,2026-09-27 10:00:00
ITEM000025492,ORD00012065,SKU00449,Books,3,284.1,186.33,665.97,2026-09-27 10:00:00
ITEM000025493,ORD00013810,SKU00015,Beauty,3,1337.6,123.05,3889.75,2026-09-27 10:00:00
ITEM000025494,ORD00013557,SKU00124,Electronics,2,234.94,13.59,456.29,2026-09-27 10:00:00
ITEM000025495,ORD00014903,SKU00085,Grocery,3,146.91,122.65,318.08,2026-09-27 10:00:00
ITEM000025496,ORD00014759,SKU00269,Grocery,3,136.48,11.0,398.44,2026-09-27 10:00:00
ITEM000025497,ORD00013817,SKU00397,Sports,2,768.66,160.44,1376.88,2026-09-27 10:00:00
ITEM000025498,ORD00014922,SKU00149,Sports,3,375.87,44.75,1082.86,2026-09-27 10:00:00
ITEM000025499,ORD00013522,SKU00389,Grocery,3,485.06,89.1,1366.08,2026-09-27 10:00:00
ITEM000025500,ORD00014928,SKU00385,Fashion,2,131.4,38.26,224.54,2026-09-27 10:00:00
ITEM000025501,ORD00014684,SKU00324,Home,3,1191.5,144.26,3430.24,2026-09-27 10:00:00
ITEM000025502,ORD00012990,SKU00211,Home,3,61.63,130.77,54.12,2026-09-27 10:00:00
ITEM000025503,ORD00014382,SKU00259,Fashion,2,326.3,136.77,515.83,2026-09-27 10:00:00
ITEM000025504,ORD00014824,SKU00121,Beauty,3,324.68,35.02,939.02,2026-09-27 10:00:00
ITEM000025505,ORD00014289,SKU00065,Sports,1,692.94,76.67,616.27,2026-09-27 10:00:00
ITEM000025506,ORD00014006,SKU00442,Grocery,3,291.9,103.95,771.75,2026-09-27 10:00:00
ITEM000025507,ORD00013290,SKU00137,Beauty,2,52.33,45.05,59.61,2026-09-27 10:00:00
ITEM000025508,ORD00014370,SKU00380,Books,2,148.97,24.99,272.95,2026-09-27 10:00:00
ITEM000025509,ORD00014514,SKU00049,Grocery,2,434.72,26.47,842.97,2026-09-27 10:00:00
ITEM000025510,ORD00012607,SKU00072,Electronics,2,673.37,13.59,1333.15,2026-09-27 10:00:00
ITEM000025511,ORD00014217,SKU00471,Grocery,3,211.45,77.13,557.22,2026-09-27 10:00:00
ITEM000025512,ORD00013895,SKU00463,Books,2,88.37,101.76,74.98,2026-09-27 10:00:00
ITEM000025513,ORD00013471,SKU00290,Home,3,245.87,119.67,617.94,2026-09-27 10:00:00
ITEM000025514,ORD00013048,SKU00320,Electronics,2,190.84,70.79,310.89,2026-09-27 10:00:00
ITEM000025515,ORD00014613,SKU00350,Electronics,3,239.86,110.61,608.97,2026-09-27 10:00:00
ITEM000025516,ORD00014232,SKU00420,Home,3,296.28,105.64,783.2,2026-09-27 10:00:00
ITEM000025517,ORD00013494,SKU00046,Electronics,2,430.32,111.47,749.17,2026-09-27 10:00:00
ITEM000025518,ORD00012227,SKU00417,Grocery,3,533.46,38.48,1561.9,2026-09-27 10:00:00
ITEM000025519,ORD00012769,SKU00205,Sports,3,471.56,160.93,1253.75,2026-09-27 10:00:00
ITEM000025520,ORD00012046,SKU00341,Beauty,3,201.07,152.97,450.24,2026-09-27 10:00:00
ITEM000025521,ORD00014431,SKU00295,Home,1,180.81,6.18,174.63,2026-09-27 10:00:00
ITEM000025522,ORD00012853,SKU00144,Fashion,3,333.06,102.57,896.61,2026-09-27 10:00:00
ITEM000025523,ORD00013394,SKU00036,Books,3,434.66,63.77,1240.21,2026-09-27 10:00:00
ITEM000025524,ORD00014273,SKU00161,Sports,3,129.34,176.13,211.89,2026-09-27 10:00:00
ITEM000025525,ORD00012349,SKU00221,Sports,2,901.31,176.51,1626.11,2026-09-27 10:00:00
ITEM000025526,ORD00012776,SKU00201,Home,3,775.38,49.74,2276.4,2026-09-27 10:00:00
ITEM000025527,ORD00014062,SKU00262,Sports,3,383.21,77.21,1072.42,2026-09-27 10:00:00
ITEM000025528,ORD00012412,SKU00181,Books,2,330.62,110.15,551.09,2026-09-27 10:00:00
ITEM000025529,ORD00012988,SKU00282,Fashion,3,190.67,196.2,375.81,2026-09-27 10:00:00
ITEM000025530,ORD00012509,SKU00149,Electronics,3,285.45,110.5,745.85,2026-09-27 10:00:00
ITEM000025531,ORD00013444,SKU00090,Fashion,1,745.39,150.94,594.45,2026-09-27 10:00:00
ITEM000025532,ORD00014891,SKU00226,Home,1,370.94,66.2,304.74,2026-09-27 10:00:00
ITEM000025533,ORD00014065,SKU00302,Beauty,3,105.25,68.99,246.76,2026-09-27 10:00:00
ITEM000025534,ORD00014001,SKU00129,Home,2,356.36,117.6,595.12,2026-09-27 10:00:00
ITEM000025535,ORD00012611,SKU00038,Books,2,754.67,159.59,1349.75,2026-09-27 10:00:00
ITEM000025536,ORD00014726,SKU00474,Home,2,923.5,29.83,1817.17,2026-09-27 10:00:00
ITEM000025537,ORD00014682,SKU00469,Electronics,3,133.31,132.81,267.12,2026-09-27 10:00:00
ITEM000025538,ORD00014474,SKU00361,Books,2,1155.15,157.07,2153.23,2026-09-27 10:00:00
ITEM000025539,ORD00013508,SKU00109,Books,3,790.01,131.18,2238.85,2026-09-27 10:00:00
ITEM000025540,ORD00013745,SKU00206,Sports,2,1000.61,31.82,1969.4,2026-09-27 10:00:00
ITEM000025541,ORD00012030,SKU00110,Books,1,568.21,83.37,484.84,2026-09-27 10:00:00
ITEM000025542,ORD00013664,SKU00120,Electronics,3,1068.25,28.13,3176.62,2026-09-27 10:00:00
ITEM000025543,ORD00013538,SKU00120,Grocery,2,160.12,107.88,212.36,2026-09-27 10:00:00
ITEM000025544,ORD00012825,SKU00307,Beauty,3,252.37,177.22,579.89,2026-09-27 10:00:00
ITEM000025545,ORD00014224,SKU00316,Home,2,133.14,42.38,223.9,2026-09-27 10:00:00
ITEM000025546,ORD00013366,SKU00249,Sports,3,712.88,85.5,2053.14,2026-09-27 10:00:00
ITEM000025547,ORD00014989,SKU00463,Home,1,416.61,169.21,247.4,2026-09-27 10:00:00
ITEM000025548,ORD00014980,SKU00066,Sports,3,121.2,1.42,362.18,2026-09-27 10:00:00
ITEM000025549,ORD00012451,SKU00293,Books,1,1251.08,21.97,1229.11,2026-09-27 10:00:00
ITEM000025550,ORD00012351,SKU00179,Sports,3,296.01,149.63,738.4,2026-09-27 10:00:00
ITEM000025551,ORD00014810,SKU00262,Home,1,306.87,156.51,150.36,2026-09-27 10:00:00
ITEM000025552,ORD00013753,SKU00191,Fashion,1,33.77,116.27,-82.5,2026-09-27 10:00:00
ITEM000025553,ORD00014457,SKU00234,Electronics,2,72.78,110.34,35.22,2026-09-27 10:00:00
ITEM000025554,ORD00012657,SKU00268,Fashion,1,310.59,142.01,168.58,2026-09-27 10:00:00
ITEM000025555,ORD00014224,SKU00381,Grocery,1,213.83,145.87,67.96,2026-09-27 10:00:00
ITEM000025556,ORD00014355,SKU00400,Electronics,3,150.97,111.56,341.35,2026-09-27 10:00:00
ITEM000025557,ORD00013807,SKU00003,Sports,2,230.2,44.22,416.18,2026-09-27 10:00:00
ITEM000025558,ORD00013239,SKU00011,Home,3,381.97,32.39,1113.52,2026-09-27 10:00:00
ITEM000025559,ORD00012443,SKU00255,Fashion,2,470.21,153.28,787.14,2026-09-27 10:00:00
ITEM000025560,ORD00014784,SKU00388,Grocery,1,433.32,13.22,420.1,2026-09-27 10:00:00
ITEM000025561,ORD00014193,SKU00007,Beauty,2,1224.0,41.19,2406.81,2026-09-27 10:00:00
ITEM000025562,ORD00013673,SKU00261,Beauty,2,2045.21,156.86,3933.56,2026-09-27 10:00:00
ITEM000025563,ORD00013617,SKU00297,Grocery,3,345.38,163.92,872.22,2026-09-27 10:00:00
ITEM000025564,ORD00014086,SKU00206,Fashion,3,206.43,59.93,559.36,2026-09-27 10:00:00
ITEM000025565,ORD00013685,SKU00052,Beauty,2,312.06,39.25,584.87,2026-09-27 10:00:00
ITEM000025566,ORD00014386,SKU00036,Grocery,3,1028.45,151.37,2933.98,2026-09-27 10:00:00
ITEM000025567,ORD00013604,SKU00189,Sports,2,84.08,119.85,48.31,2026-09-27 10:00:00
ITEM000025568,ORD00012465,SKU00303,Fashion,3,258.5,1.27,774.23,2026-09-27 10:00:00
ITEM000025569,ORD00014640,SKU00450,Books,3,1680.0,148.81,4891.19,2026-09-27 10:00:00
ITEM000025570,ORD00013484,SKU00081,Electronics,2,861.1,89.46,1632.74,2026-09-27 10:00:00
ITEM000025571,ORD00012486,SKU00103,Electronics,1,163.67,65.41,98.26,2026-09-27 10:00:00
ITEM000025572,ORD00012015,SKU00185,Home,1,431.78,47.29,384.49,2026-09-27 10:00:00
ITEM000025573,ORD00013810,SKU00216,Books,1,148.54,50.79,97.75,2026-09-27 10:00:00
ITEM000025574,ORD00012125,SKU00228,Home,1,419.8,107.41,312.39,2026-09-27 10:00:00
ITEM000025575,ORD00014463,SKU00187,Beauty,2,170.83,136.49,205.17,2026-09-27 10:00:00
ITEM000025576,ORD00012509,SKU00447,Fashion,3,138.05,134.22,279.93,2026-09-27 10:00:00
ITEM000025577,ORD00014125,SKU00135,Sports,3,220.98,164.42,498.52,2026-09-27 10:00:00
ITEM000025578,ORD00013324,SKU00207,Grocery,1,362.06,10.81,351.25,2026-09-27 10:00:00
ITEM000025579,ORD00012314,SKU00297,Books,3,547.05,175.87,1465.28,2026-09-27 10:00:00
ITEM000025580,ORD00013355,SKU00325,Beauty,1,456.45,38.8,417.65,2026-09-27 10:00:00
ITEM000025581,ORD00013246,SKU00446,Home,3,211.63,150.93,483.96,2026-09-27 10:00:00
ITEM000025582,ORD00012767,SKU00497,Grocery,3,626.71,21.1,1859.03,2026-09-27 10:00:00
ITEM000025583,ORD00014877,SKU00205,Home,1,387.17,123.55,263.62,2026-09-27 10:00:00
ITEM000025584,ORD00012231,SKU00355,Electronics,3,102.01,185.06,120.97,2026-09-27 10:00:00
ITEM000025585,ORD00012895,SKU00077,Home,2,192.2,151.74,232.66,2026-09-27 10:00:00
ITEM000025586,ORD00014912,SKU00480,Beauty,1,267.02,85.2,181.82,2026-09-27 10:00:00
ITEM000025587,ORD00012925,SKU00077,Fashion,1,325.89,169.65,156.24,2026-09-27 10:00:00
ITEM000025588,ORD00014301,SKU00463,Electronics,3,236.85,73.71,636.84,2026-09-27 10:00:00
ITEM000025589,ORD00013248,SKU00322,Grocery,1,62.16,187.53,-125.37,2026-09-27 10:00:00
ITEM000025590,ORD00012765,SKU00340,Books,1,279.47,46.6,232.87,2026-09-27 10:00:00
ITEM000025591,ORD00013894,SKU00236,Fashion,2,420.25,84.39,756.11,2026-09-27 10:00:00
ITEM000025592,ORD00013438,SKU00486,Grocery,2,889.52,15.25,1763.79,2026-09-27 10:00:00
ITEM000025593,ORD00012848,SKU00257,Books,1,372.18,190.41,181.77,2026-09-27 10:00:00
ITEM000025594,ORD00012629,SKU00107,Beauty,2,248.07,161.4,334.74,2026-09-27 10:00:00
ITEM000025595,ORD00012595,SKU00286,Sports,1,444.39,194.94,249.45,2026-09-27 10:00:00
ITEM000025596,ORD00012087,SKU00175,Books,2,214.12,193.78,234.46,2026-09-27 10:00:00
ITEM000025597,ORD00013957,SKU00404,Home,2,738.88,69.33,1408.43,2026-09-27 10:00:00
ITEM000025598,ORD00014207,SKU00296,Grocery,2,798.97,73.62,1524.32,2026-09-27 10:00:00
ITEM000025599,ORD00014681,SKU00002,Electronics,3,194.55,1.82,581.83,2026-09-27 10:00:00
ITEM000025600,ORD00014333,SKU00422,Grocery,2,393.25,82.67,703.83,2026-09-27 10:00:00
ITEM000025601,ORD00012399,SKU00466,Electronics,1,717.68,135.15,582.53,2026-09-27 10:00:00
ITEM000025602,ORD00014043,SKU00214,Beauty,2,400.89,23.09,778.69,2026-09-27 10:00:00
ITEM000025603,ORD00013986,SKU00269,Beauty,2,551.53,62.85,1040.21,2026-09-27 10:00:00
ITEM000025604,ORD00014635,SKU00304,Sports,3,176.74,61.82,468.4,2026-09-27 10:00:00
ITEM000025605,ORD00012596,SKU00376,Grocery,3,294.09,69.93,812.34,2026-09-27 10:00:00
ITEM000025606,ORD00013619,SKU00145,Grocery,2,207.89,53.71,362.07,2026-09-27 10:00:00
ITEM000025607,ORD00014809,SKU00450,Sports,2,119.25,118.33,120.17,2026-09-27 10:00:00
ITEM000025608,ORD00012288,SKU00067,Beauty,1,97.44,46.75,50.69,2026-09-27 10:00:00
ITEM000025609,ORD00014195,SKU00130,Fashion,2,160.07,88.16,231.98,2026-09-27 10:00:00
ITEM000025610,ORD00013482,SKU00360,Beauty,1,517.22,109.57,407.65,2026-09-27 10:00:00
ITEM000025611,ORD00012347,SKU00330,Electronics,2,159.44,20.94,297.94,2026-09-27 10:00:00
ITEM000025612,ORD00013588,SKU00166,Beauty,2,530.84,11.65,1050.03,2026-09-27 10:00:00
ITEM000025613,ORD00014164,SKU00292,Fashion,2,315.98,104.18,527.78,2026-09-27 10:00:00
ITEM000025614,ORD00012280,SKU00262,Beauty,3,89.28,132.97,134.87,2026-09-27 10:00:00
ITEM000025615,ORD00012642,SKU00004,Fashion,1,156.87,76.47,80.4,2026-09-27 10:00:00
ITEM000025616,ORD00014312,SKU00466,Electronics,1,558.01,89.74,468.27,2026-09-27 10:00:00
ITEM000025617,ORD00013639,SKU00307,Beauty,2,33.61,107.51,-40.29,2026-09-27 10:00:00
ITEM000025618,ORD00013004,SKU00083,Electronics,1,459.3,59.93,399.37,2026-09-27 10:00:00
ITEM000025619,ORD00012631,SKU00072,Books,1,892.53,13.27,879.26,2026-09-27 10:00:00
ITEM000025620,ORD00013705,SKU00126,Home,2,416.51,110.28,722.74,2026-09-27 10:00:00
ITEM000025621,ORD00013437,SKU00161,Grocery,3,550.17,91.7,1558.81,2026-09-27 10:00:00
ITEM000025622,ORD00012315,SKU00080,Grocery,1,1536.37,98.0,1438.37,2026-09-27 10:00:00
ITEM000025623,ORD00012022,SKU00111,Fashion,2,110.72,138.08,83.36,2026-09-27 10:00:00
ITEM000025624,ORD00013961,SKU00492,Grocery,3,808.84,191.05,2235.47,2026-09-27 10:00:00
ITEM000025625,ORD00012564,SKU00334,Beauty,3,241.84,179.21,546.31,2026-09-27 10:00:00
ITEM000025626,ORD00013128,SKU00432,Sports,1,167.04,160.17,6.87,2026-09-27 10:00:00
ITEM000025627,ORD00013082,SKU00211,Fashion,3,690.66,29.57,2042.41,2026-09-27 10:00:00
ITEM000025628,ORD00013281,SKU00459,Electronics,2,244.91,138.17,351.65,2026-09-27 10:00:00
ITEM000025629,ORD00013580,SKU00267,Sports,2,222.84,167.3,278.38,2026-09-27 10:00:00
ITEM000025630,ORD00013335,SKU00332,Fashion,3,734.38,185.01,2018.13,2026-09-27 10:00:00
ITEM000025631,ORD00013480,SKU00308,Sports,2,130.08,66.77,193.39,2026-09-27 10:00:00
ITEM000025632,ORD00014749,SKU00455,Grocery,1,76.9,14.09,62.81,2026-09-27 10:00:00
ITEM000025633,ORD00013254,SKU00221,Grocery,2,390.94,187.67,594.21,2026-09-27 10:00:00
ITEM000025634,ORD00013481,SKU00217,Home,1,375.77,172.05,203.72,2026-09-27 10:00:00
ITEM000025635,ORD00012098,SKU00264,Sports,1,253.14,88.64,164.5,2026-09-27 10:00:00
ITEM000025636,ORD00012796,SKU00344,Books,2,241.65,167.46,315.84,2026-09-27 10:00:00
ITEM000025637,ORD00012562,SKU00130,Home,1,206.14,54.06,152.08,2026-09-27 10:00:00
ITEM000025638,ORD00013213,SKU00054,Beauty,2,135.26,104.44,166.08,2026-09-27 10:00:00
ITEM000025639,ORD00014765,SKU00290,Electronics,2,915.21,80.46,1749.96,2026-09-27 10:00:00
ITEM000025640,ORD00014304,SKU00241,Grocery,1,415.66,165.69,249.97,2026-09-27 10:00:00
ITEM000025641,ORD00013474,SKU00482,Beauty,3,346.68,24.91,1015.13,2026-09-27 10:00:00
ITEM000025642,ORD00012365,SKU00320,Grocery,1,131.18,115.32,15.86,2026-09-27 10:00:00
ITEM000025643,ORD00014616,SKU00002,Electronics,2,302.77,131.16,474.38,2026-09-27 10:00:00
ITEM000025644,ORD00012785,SKU00406,Electronics,1,140.96,12.35,128.61,2026-09-27 10:00:00
ITEM000025645,ORD00013973,SKU00187,Sports,3,1088.62,110.06,3155.8,2026-09-27 10:00:00
ITEM000025646,ORD00012425,SKU00301,Home,2,490.82,35.3,946.34,2026-09-27 10:00:00
ITEM000025647,ORD00013230,SKU00078,Books,2,530.65,128.91,932.39,2026-09-27 10:00:00
ITEM000025648,ORD00013003,SKU00342,Electronics,3,172.73,159.86,358.33,2026-09-27 10:00:00
ITEM000025649,ORD00012775,SKU00380,Sports,1,494.08,157.35,336.73,2026-09-27 10:00:00
ITEM000025650,ORD00013869,SKU00168,Grocery,2,145.24,9.65,280.83,2026-09-27 10:00:00
ITEM000025651,ORD00013529,SKU00360,Grocery,2,1016.93,28.84,2005.02,2026-09-27 10:00:00
ITEM000025652,ORD00012702,SKU00295,Fashion,3,408.22,161.52,1063.14,2026-09-27 10:00:00
ITEM000025653,ORD00013847,SKU00149,Books,2,140.7,126.04,155.36,2026-09-27 10:00:00
ITEM000025654,ORD00013547,SKU00463,Fashion,1,206.47,66.68,139.79,2026-09-27 10:00:00
ITEM000025655,ORD00013291,SKU00345,Home,1,203.2,178.44,24.76,2026-09-27 10:00:00
ITEM000025656,ORD00014731,SKU00337,Books,3,166.5,143.01,356.49,2026-09-27 10:00:00
ITEM000025657,ORD00014344,SKU00174,Electronics,3,496.56,69.58,1420.1,2026-09-27 10:00:00
ITEM000025658,ORD00012909,SKU00489,Sports,2,1469.14,175.87,2762.41,2026-09-27 10:00:00
ITEM000025659,ORD00013209,SKU00288,Home,2,215.04,139.01,291.07,2026-09-27 10:00:00
ITEM000025660,ORD00012468,SKU00387,Home,3,262.54,159.77,627.85,2026-09-27 10:00:00
ITEM000025661,ORD00012672,SKU00136,Grocery,3,267.92,93.05,710.71,2026-09-27 10:00:00
ITEM000025662,ORD00014180,SKU00241,Beauty,2,1105.58,107.19,2103.97,2026-09-27 10:00:00
ITEM000025663,ORD00012471,SKU00114,Beauty,2,341.02,79.61,602.43,2026-09-27 10:00:00
ITEM000025664,ORD00012889,SKU00022,Beauty,2,635.17,157.42,1112.92,2026-09-27 10:00:00
ITEM000025665,ORD00014026,SKU00443,Electronics,3,445.47,153.8,1182.61,2026-09-27 10:00:00
ITEM000025666,ORD00012360,SKU00240,Beauty,2,588.82,33.33,1144.31,2026-09-27 10:00:00
ITEM000025667,ORD00014275,SKU00203,Home,1,761.7,39.93,721.77,2026-09-27 10:00:00
ITEM000025668,ORD00013928,SKU00265,Sports,3,204.89,169.08,445.59,2026-09-27 10:00:00
ITEM000025669,ORD00014576,SKU00147,Sports,3,95.82,143.28,144.18,2026-09-27 10:00:00
ITEM000025670,ORD00013499,SKU00295,Electronics,1,539.89,16.61,523.28,2026-09-27 10:00:00
ITEM000025671,ORD00014225,SKU00400,Electronics,1,334.08,188.51,145.57,2026-09-27 10:00:00
ITEM000025672,ORD00014470,SKU00110,Books,3,1158.84,193.46,3283.06,2026-09-27 10:00:00
ITEM000025673,ORD00013311,SKU00330,Books,1,125.93,192.94,-67.01,2026-09-27 10:00:00
ITEM000025674,ORD00014742,SKU00374,Sports,2,241.56,11.89,471.23,2026-09-27 10:00:00
ITEM000025675,ORD00014751,SKU00145,Books,3,160.62,184.23,297.63,2026-09-27 10:00:00
ITEM000025676,ORD00014530,SKU00076,Books,3,3522.9,53.76,10514.94,2026-09-27 10:00:00
ITEM000025677,ORD00012331,SKU00154,Sports,3,177.62,19.24,513.62,2026-09-27 10:00:00
ITEM000025678,ORD00012901,SKU00011,Home,3,1019.64,82.09,2976.83,2026-09-27 10:00:00
ITEM000025679,ORD00012402,SKU00407,Books,1,558.55,119.71,438.84,2026-09-27 10:00:00
ITEM000025680,ORD00014745,SKU00268,Beauty,1,307.59,100.43,207.16,2026-09-27 10:00:00
ITEM000025681,ORD00014486,SKU00102,Grocery,3,849.03,93.5,2453.59,2026-09-27 10:00:00
ITEM000025682,ORD00014189,SKU00190,Books,2,623.56,157.8,1089.32,2026-09-27 10:00:00
ITEM000025683,ORD00014060,SKU00047,Fashion,3,114.02,67.7,274.36,2026-09-27 10:00:00
ITEM000025684,ORD00014270,SKU00127,Beauty,1,404.79,156.04,248.75,2026-09-27 10:00:00
ITEM000025685,ORD00013296,SKU00063,Home,3,238.56,42.78,672.9,2026-09-27 10:00:00
ITEM000025686,ORD00014126,SKU00301,Home,1,241.62,187.31,54.31,2026-09-27 10:00:00
ITEM000025687,ORD00012945,SKU00033,Home,1,371.0,125.85,245.15,2026-09-27 10:00:00
ITEM000025688,ORD00014383,SKU00412,Beauty,2,643.2,177.7,1108.7,2026-09-27 10:00:00
ITEM000025689,ORD00014771,SKU00071,Beauty,2,306.1,164.58,447.62,2026-09-27 10:00:00
ITEM000025690,ORD00012669,SKU00423,Beauty,3,353.08,106.12,953.12,2026-09-27 10:00:00
ITEM000025691,ORD00012090,SKU00183,Electronics,3,491.75,7.38,1467.87,2026-09-27 10:00:00
ITEM000025692,ORD00012223,SKU00412,Beauty,2,1845.31,124.73,3565.89,2026-09-27 10:00:00
ITEM000025693,ORD00014778,SKU00107,Fashion,2,542.65,49.32,1035.98,2026-09-27 10:00:00
ITEM000025694,ORD00012337,SKU00060,Home,1,443.73,42.58,401.15,2026-09-27 10:00:00
ITEM000025695,ORD00012737,SKU00179,Beauty,1,485.16,173.25,311.91,2026-09-27 10:00:00
ITEM000025696,ORD00013848,SKU00260,Electronics,1,244.49,77.09,167.4,2026-09-27 10:00:00
ITEM000025697,ORD00014077,SKU00108,Home,2,255.32,91.1,419.54,2026-09-27 10:00:00
ITEM000025698,ORD00014289,SKU00177,Grocery,3,536.66,31.46,1578.52,2026-09-27 10:00:00
ITEM000025699,ORD00012666,SKU00427,Home,2,537.37,177.27,897.47,2026-09-27 10:00:00
ITEM000025700,ORD00014649,SKU00451,Books,2,86.38,191.34,-18.58,2026-09-27 10:00:00
ITEM000025701,ORD00012287,SKU00485,Grocery,2,394.72,23.19,766.25,2026-09-27 10:00:00
ITEM000025702,ORD00012895,SKU00115,Home,2,233.82,104.72,362.92,2026-09-27 10:00:00
ITEM000025703,ORD00012905,SKU00110,Books,3,727.69,51.72,2131.35,2026-09-27 10:00:00
ITEM000025704,ORD00013244,SKU00001,Books,3,1070.66,185.18,3026.8,2026-09-27 10:00:00
ITEM000025705,ORD00013431,SKU00222,Books,1,163.81,106.61,57.2,2026-09-27 10:00:00
ITEM000025706,ORD00013876,SKU00368,Electronics,2,404.39,199.0,609.78,2026-09-27 10:00:00
ITEM000025707,ORD00012627,SKU00195,Beauty,1,321.45,94.14,227.31,2026-09-27 10:00:00
ITEM000025708,ORD00012679,SKU00406,Fashion,2,129.33,105.12,153.54,2026-09-27 10:00:00
ITEM000025709,ORD00012092,SKU00339,Books,1,436.17,59.72,376.45,2026-09-27 10:00:00
ITEM000025710,ORD00014634,SKU00202,Beauty,3,320.1,176.62,783.68,2026-09-27 10:00:00
ITEM000025711,ORD00014702,SKU00427,Electronics,1,243.94,77.73,166.21,2026-09-27 10:00:00
ITEM000025712,ORD00014135,SKU00016,Books,2,201.09,48.73,353.45,2026-09-27 10:00:00
ITEM000025713,ORD00014843,SKU00303,Electronics,1,123.7,82.53,41.17,2026-09-27 10:00:00
ITEM000025714,ORD00012731,SKU00193,Fashion,1,93.37,114.71,-21.34,2026-09-27 10:00:00
ITEM000025715,ORD00013596,SKU00470,Grocery,3,225.33,9.35,666.64,2026-09-27 10:00:00
ITEM000025716,ORD00014815,SKU00282,Beauty,3,604.63,141.75,1672.14,2026-09-27 10:00:00
ITEM000025717,ORD00014892,SKU00182,Home,2,935.98,174.8,1697.16,2026-09-27 10:00:00
ITEM000025718,ORD00014108,SKU00246,Fashion,1,582.56,175.26,407.3,2026-09-27 10:00:00
ITEM000025719,ORD00014981,SKU00483,Grocery,3,739.12,126.46,2090.9,2026-09-27 10:00:00
ITEM000025720,ORD00012050,SKU00400,Beauty,1,359.13,165.13,194.0,2026-09-27 10:00:00
ITEM000025721,ORD00012948,SKU00068,Fashion,3,157.1,50.34,420.96,2026-09-27 10:00:00
ITEM000025722,ORD00014777,SKU00051,Home,1,938.88,156.59,782.29,2026-09-27 10:00:00
ITEM000025723,ORD00013508,SKU00293,Home,3,133.07,185.81,213.4,2026-09-27 10:00:00
ITEM000025724,ORD00014586,SKU00171,Books,1,256.13,47.81,208.32,2026-09-27 10:00:00
ITEM000025725,ORD00013911,SKU00098,Beauty,3,136.3,124.97,283.93,2026-09-27 10:00:00
ITEM000025726,ORD00013171,SKU00195,Grocery,3,47.66,37.18,105.8,2026-09-27 10:00:00
ITEM000025727,ORD00012793,SKU00038,Sports,1,394.26,79.84,314.42,2026-09-27 10:00:00
ITEM000025728,ORD00013288,SKU00227,Grocery,3,383.19,67.69,1081.88,2026-09-27 10:00:00
ITEM000025729,ORD00014594,SKU00169,Beauty,3,2877.67,165.07,8467.94,2026-09-27 10:00:00
ITEM000025730,ORD00013591,SKU00336,Grocery,1,868.01,161.99,706.02,2026-09-27 10:00:00
ITEM000025731,ORD00014888,SKU00246,Sports,3,889.46,196.79,2471.59,2026-09-27 10:00:00
ITEM000025732,ORD00014077,SKU00005,Fashion,3,257.84,22.87,750.65,2026-09-27 10:00:00
ITEM000025733,ORD00013602,SKU00453,Grocery,3,370.5,124.23,987.27,2026-09-27 10:00:00
ITEM000025734,ORD00013254,SKU00172,Books,1,159.54,177.81,-18.27,2026-09-27 10:00:00
ITEM000025735,ORD00012271,SKU00199,Books,1,1216.28,126.06,1090.22,2026-09-27 10:00:00
ITEM000025736,ORD00014074,SKU00422,Beauty,3,144.58,65.19,368.55,2026-09-27 10:00:00
ITEM000025737,ORD00013976,SKU00104,Grocery,3,286.36,69.26,789.82,2026-09-27 10:00:00
ITEM000025738,ORD00012569,SKU00105,Fashion,1,219.4,85.81,133.59,2026-09-27 10:00:00
ITEM000025739,ORD00014183,SKU00212,Fashion,1,693.63,174.79,518.84,2026-09-27 10:00:00
ITEM000025740,ORD00013626,SKU00402,Sports,2,244.1,105.42,382.78,2026-09-27 10:00:00
ITEM000025741,ORD00014163,SKU00355,Books,1,548.87,170.95,377.92,2026-09-27 10:00:00
ITEM000025742,ORD00014919,SKU00206,Fashion,2,461.98,117.6,806.36,2026-09-27 10:00:00
ITEM000025743,ORD00012087,SKU00291,Books,2,299.91,116.26,483.56,2026-09-27 10:00:00
ITEM000025744,ORD00012409,SKU00306,Grocery,1,252.24,141.34,110.9,2026-09-27 10:00:00
ITEM000025745,ORD00013969,SKU00035,Books,2,384.78,124.08,645.48,2026-09-27 10:00:00
ITEM000025746,ORD00012187,SKU00361,Electronics,1,229.54,101.77,127.77,2026-09-27 10:00:00
ITEM000025747,ORD00013855,SKU00095,Sports,1,59.98,31.49,28.49,2026-09-27 10:00:00
ITEM000025748,ORD00013316,SKU00142,Home,3,388.19,157.57,1007.0,2026-09-27 10:00:00
ITEM000025749,ORD00014228,SKU00123,Books,1,295.78,103.84,191.94,2026-09-27 10:00:00
ITEM000025750,ORD00012800,SKU00201,Home,3,692.4,59.81,2017.39,2026-09-27 10:00:00
ITEM000025751,ORD00012815,SKU00358,Fashion,1,576.21,65.95,510.26,2026-09-27 10:00:00
ITEM000025752,ORD00012890,SKU00485,Fashion,3,248.92,198.9,547.86,2026-09-27 10:00:00
ITEM000025753,ORD00013338,SKU00145,Books,3,93.75,3.4,277.85,2026-09-27 10:00:00
ITEM000025754,ORD00013682,SKU00370,Electronics,2,973.18,180.41,1765.95,2026-09-27 10:00:00
ITEM000025755,ORD00014892,SKU00119,Electronics,2,1292.02,145.25,2438.79,2026-09-27 10:00:00
ITEM000025756,ORD00012384,SKU00050,Grocery,2,156.38,139.99,172.77,2026-09-27 10:00:00
ITEM000025757,ORD00012302,SKU00228,Fashion,3,212.93,79.11,559.68,2026-09-27 10:00:00
ITEM000025758,ORD00012191,SKU00147,Home,1,594.81,64.71,530.1,2026-09-27 10:00:00
ITEM000025759,ORD00012675,SKU00378,Beauty,2,427.08,150.1,704.06,2026-09-27 10:00:00
ITEM000025760,ORD00014792,SKU00158,Beauty,3,253.69,4.72,756.35,2026-09-27 10:00:00
ITEM000025761,ORD00014853,SKU00326,Books,1,627.56,17.74,609.82,2026-09-27 10:00:00
ITEM000025762,ORD00012547,SKU00073,Fashion,1,222.92,126.68,96.24,2026-09-27 10:00:00
ITEM000025763,ORD00013242,SKU00411,Home,3,471.29,47.63,1366.24,2026-09-27 10:00:00
ITEM000025764,ORD00012315,SKU00450,Electronics,1,642.58,150.15,492.43,2026-09-27 10:00:00
ITEM000025765,ORD00013654,SKU00273,Home,1,985.59,63.5,922.09,2026-09-27 10:00:00
ITEM000025766,ORD00012406,SKU00181,Home,3,277.19,158.08,673.49,2026-09-27 10:00:00
ITEM000025767,ORD00014183,SKU00395,Beauty,1,651.67,86.91,564.76,2026-09-27 10:00:00
ITEM000025768,ORD00014468,SKU00246,Grocery,1,186.91,173.22,13.69,2026-09-27 10:00:00
ITEM000025769,ORD00014955,SKU00193,Beauty,2,364.13,108.46,619.8,2026-09-27 10:00:00
ITEM000025770,ORD00012012,SKU00263,Electronics,3,88.94,130.97,135.85,2026-09-27 10:00:00
ITEM000025771,ORD00012669,SKU00019,Beauty,2,127.0,194.02,59.98,2026-09-27 10:00:00
ITEM000025772,ORD00014716,SKU00272,Grocery,3,417.56,76.03,1176.65,2026-09-27 10:00:00
ITEM000025773,ORD00013445,SKU00447,Grocery,1,793.68,64.14,729.54,2026-09-27 10:00:00
ITEM000025774,ORD00013381,SKU00438,Sports,3,912.44,85.13,2652.19,2026-09-27 10:00:00
ITEM000025775,ORD00014832,SKU00033,Sports,2,102.87,197.82,7.92,2026-09-27 10:00:00
ITEM000025776,ORD00014303,SKU00113,Electronics,1,171.96,83.03,88.93,2026-09-27 10:00:00
ITEM000025777,ORD00012258,SKU00013,Grocery,2,125.24,152.39,98.09,2026-09-27 10:00:00
ITEM000025778,ORD00013324,SKU00331,Sports,3,333.45,107.63,892.72,2026-09-27 10:00:00
ITEM000025779,ORD00014537,SKU00460,Sports,2,372.42,84.37,660.47,2026-09-27 10:00:00
ITEM000025780,ORD00014342,SKU00221,Books,1,788.39,96.91,691.48,2026-09-27 10:00:00
ITEM000025781,ORD00013142,SKU00393,Grocery,2,202.96,142.02,263.9,2026-09-27 10:00:00
ITEM000025782,ORD00012582,SKU00440,Sports,3,68.72,122.36,83.8,2026-09-27 10:00:00
ITEM000025783,ORD00012233,SKU00014,Books,1,96.86,119.4,-22.54,2026-09-27 10:00:00
ITEM000025784,ORD00012544,SKU00258,Home,2,332.61,136.76,528.46,2026-09-27 10:00:00
ITEM000025785,ORD00012464,SKU00429,Sports,3,76.22,167.17,61.49,2026-09-27 10:00:00
ITEM000025786,ORD00012769,SKU00364,Home,3,620.86,106.56,1756.02,2026-09-27 10:00:00
ITEM000025787,ORD00014542,SKU00049,Beauty,2,270.35,66.85,473.85,2026-09-27 10:00:00
ITEM000025788,ORD00013999,SKU00113,Fashion,2,447.99,95.63,800.35,2026-09-27 10:00:00
ITEM000025789,ORD00014397,SKU00256,Sports,2,652.26,75.31,1229.21,2026-09-27 10:00:00
ITEM000025790,ORD00012495,SKU00289,Electronics ,2,231.16,92.4,369.92,2026-09-27 10:00:00
ITEM000025791,ORD00013500,SKU00089,Books,3,156.79,154.58,315.79,2026-09-27 10:00:00
ITEM000025792,ORD00014738,SKU00457,Books,2,531.23,85.46,977.0,2026-09-27 10:00:00
ITEM000025793,ORD00013884,SKU00350,Grocery,1,105.48,180.14,-74.66,2026-09-27 10:00:00
ITEM000025794,ORD00013108,SKU00437,Books,2,418.42,23.89,812.95,2026-09-27 10:00:00
ITEM000025795,ORD00014112,SKU00010,Electronics,1,360.83,46.21,314.62,2026-09-27 10:00:00
ITEM000025796,ORD00014558,SKU00094,Beauty,1,112.41,186.64,-74.23,2026-09-27 10:00:00
ITEM000025797,ORD00012018,SKU00232,Books,1,159.3,81.88,77.42,2026-09-27 10:00:00
ITEM000025798,ORD00012621,SKU00228,Fashion,1,906.78,21.74,885.04,2026-09-27 10:00:00
ITEM000025799,ORD00014852,SKU00444,Books,1,331.02,190.48,140.54,2026-09-27 10:00:00
ITEM000025800,ORD00014264,SKU00055,Books,3,201.85,71.22,534.33,2026-09-27 10:00:00
ITEM000025801,ORD00012316,SKU00465,Home,2,287.84,59.09,516.59,2026-09-27 10:00:00
ITEM000025802,ORD00012017,SKU00223,Grocery,1,106.35,63.85,42.5,2026-09-27 10:00:00
ITEM000025803,ORD00014812,SKU00124,Grocery,2,326.47,59.1,593.84,2026-09-27 10:00:00
ITEM000025804,ORD00013063,SKU00433,Beauty,3,430.18,54.14,1236.4,2026-09-27 10:00:00
ITEM000025805,ORD00014543,SKU00261,Electronics,3,438.05,102.63,1211.52,2026-09-27 10:00:00
ITEM000025806,ORD00014290,SKU00453,Beauty,3,101.49,173.51,130.96,2026-09-27 10:00:00
ITEM000025807,ORD00013783,SKU00077,Fashion,1,1012.81,82.89,929.92,2026-09-27 10:00:00
ITEM000025808,ORD00012500,SKU00092,Grocery,2,206.4,154.84,257.96,2026-09-27 10:00:00
ITEM000025809,ORD00014599,SKU00027,Beauty,2,30.73,18.7,42.76,2026-09-27 10:00:00
ITEM000025810,ORD00014917,SKU00346,Grocery,3,543.46,137.24,1493.14,2026-09-27 10:00:00
ITEM000025811,ORD00013103,SKU00064,Grocery,2,516.45,198.57,834.33,2026-09-27 10:00:00
ITEM000025812,ORD00012018,SKU00307,Sports,1,433.4,99.93,333.47,2026-09-27 10:00:00
ITEM000025813,ORD00014765,SKU00057,Sports,1,403.95,92.91,311.04,2026-09-27 10:00:00
ITEM000025814,ORD00012575,SKU00443,Home,2,905.36,65.19,1745.53,2026-09-27 10:00:00
ITEM000025815,ORD00013429,SKU00354,Fashion,3,129.41,141.07,247.16,2026-09-27 10:00:00
ITEM000025816,ORD00012580,SKU00319,Beauty,1,550.13,126.43,423.7,2026-09-27 10:00:00
ITEM000025817,ORD00013087,SKU00447,Grocery,1,640.35,68.57,571.78,2026-09-27 10:00:00
ITEM000025818,ORD00013926,SKU00340,Books,1,214.71,105.74,108.97,2026-09-27 10:00:00
ITEM000025819,ORD00012883,SKU00353,Grocery,1,53.52,153.37,-99.85,2026-09-27 10:00:00
ITEM000025820,ORD00012918,SKU00214,Sports,1,78.01,78.86,-0.85,2026-09-27 10:00:00
ITEM000025821,ORD00013882,SKU00140,Home,1,270.51,98.16,172.35,2026-09-27 10:00:00
ITEM000025822,ORD00012004,SKU00305,Books,3,404.96,154.23,1060.65,2026-09-27 10:00:00
ITEM000025823,ORD00013744,SKU00208,Sports,1,167.79,52.15,115.64,2026-09-27 10:00:00
ITEM000025824,ORD00012761,SKU00166,Sports,1,383.27,179.67,203.6,2026-09-27 10:00:00
ITEM000025825,ORD00013943,SKU00195,Fashion,3,557.47,32.96,1639.45,2026-09-27 10:00:00
ITEM000025826,ORD00014089,SKU00128,Home,2,472.04,129.95,814.13,2026-09-27 10:00:00
ITEM000025827,ORD00012095,SKU00424,Fashion,1,591.95,125.47,466.48,2026-09-27 10:00:00
ITEM000025828,ORD00014062,SKU00071,Sports,2,602.76,134.11,1071.41,2026-09-27 10:00:00
ITEM000025829,ORD00012241,SKU00302,Sports,3,220.14,110.62,549.8,2026-09-27 10:00:00
ITEM000025830,ORD00014768,SKU00126,Books,1,922.31,199.91,722.4,2026-09-27 10:00:00
ITEM000025831,ORD00013665,SKU00071,Sports,3,267.87,141.79,661.82,2026-09-27 10:00:00
ITEM000025832,ORD00012813,SKU00163,Books,2,358.08,128.19,587.97,2026-09-27 10:00:00
ITEM000025833,ORD00014804,SKU00343,Home,3,219.14,52.0,605.42,2026-09-27 10:00:00
ITEM000025834,ORD00012236,SKU00051,Sports,3,399.03,145.85,1051.24,2026-09-27 10:00:00
ITEM000025835,ORD00014577,SKU00151,Books,1,160.42,172.2,-11.78,2026-09-27 10:00:00
ITEM000025836,ORD00013141,SKU00398,Books,2,213.44,142.65,284.23,2026-09-27 10:00:00
ITEM000025837,ORD00014629,SKU00246,Fashion,1,144.64,112.07,32.57,2026-09-27 10:00:00
ITEM000025838,ORD00014536,SKU00260,Books,3,276.65,101.03,728.92,2026-09-27 10:00:00
ITEM000025839,ORD00013881,SKU00205,Fashion,3,398.45,75.96,1119.39,2026-09-27 10:00:00
ITEM000025840,ORD00014786,SKU00197,Books,1,387.7,81.1,306.6,2026-09-27 10:00:00
ITEM000025841,ORD00014671,SKU00074,Grocery,2,1802.36,104.46,3500.26,2026-09-27 10:00:00
ITEM000025842,ORD00014827,SKU00235,Fashion,3,323.97,54.8,917.11,2026-09-27 10:00:00
ITEM000025843,ORD00013029,SKU00439,Sports,3,108.49,197.49,127.98,2026-09-27 10:00:00
ITEM000025844,ORD00012296,SKU00240,Sports,3,664.42,191.86,1801.4,2026-09-27 10:00:00
ITEM000025845,ORD00013142,SKU00032,Fashion,3,396.44,89.7,1099.62,2026-09-27 10:00:00
ITEM000025846,ORD00014496,SKU00102,Beauty,1,165.79,125.49,40.3,2026-09-27 10:00:00
ITEM000025847,ORD00014474,SKU00412,Sports,2,193.61,159.77,227.45,2026-09-27 10:00:00
ITEM000025848,ORD00014204,SKU00345,Beauty,1,103.4,2.97,100.43,2026-09-27 10:00:00
ITEM000025849,ORD00014109,SKU00493,Books,3,362.58,48.7,1039.04,2026-09-27 10:00:00
ITEM000025850,ORD00014162,SKU00476,Fashion,3,433.13,186.42,1112.97,2026-09-27 10:00:00
ITEM000025851,ORD00012302,SKU00447,Home,1,78.74,74.63,4.11,2026-09-27 10:00:00
ITEM000025852,ORD00014633,SKU00068,Electronics,3,476.92,67.11,1363.65,2026-09-27 10:00:00
ITEM000025853,ORD00014733,SKU00312,Fashion,1,415.21,84.85,330.36,2026-09-27 10:00:00
ITEM000025854,ORD00013050,SKU00211,Grocery,3,354.94,171.82,893.0,2026-09-27 10:00:00
ITEM000025855,ORD00013714,SKU00292,Grocery,3,552.02,96.19,1559.87,2026-09-27 10:00:00
ITEM000025856,ORD00014401,SKU00293,Home,1,131.5,64.49,67.01,2026-09-27 10:00:00
ITEM000025857,ORD00014674,SKU00081,Electronics,2,523.81,150.01,897.61,2026-09-27 10:00:00
ITEM000025858,ORD00012608,SKU00259,Home,1,603.04,11.75,591.29,2026-09-27 10:00:00
ITEM000025859,ORD00014916,SKU00001,Electronics,2,145.24,86.21,204.27,2026-09-27 10:00:00
ITEM000025860,ORD00012890,SKU00193,Fashion,3,288.38,121.38,743.76,2026-09-27 10:00:00
ITEM000025861,ORD00012680,SKU00037,Grocery,1,477.25,15.66,461.59,2026-09-27 10:00:00
ITEM000025862,ORD00014131,SKU00183,Electronics,3,711.32,92.37,2041.59,2026-09-27 10:00:00
ITEM000025863,ORD00014562,SKU00085,Fashion,2,429.29,57.67,800.91,2026-09-27 10:00:00
ITEM000025864,ORD00012570,SKU00177,Fashion,3,225.62,130.73,546.13,2026-09-27 10:00:00
ITEM000025865,ORD00013327,SKU00499,Home,1,422.42,154.0,268.42,2026-09-27 10:00:00
ITEM000025866,ORD00014848,SKU00055,Books,3,489.01,21.23,1445.8,2026-09-27 10:00:00
ITEM000025867,ORD00013183,SKU00335,Beauty,3,663.24,165.45,1824.27,2026-09-27 10:00:00
ITEM000025868,ORD00012242,SKU00280,Fashion,1,152.4,124.29,28.11,2026-09-27 10:00:00
ITEM000025869,ORD00014744,SKU00052,Electronics,1,373.58,189.62,183.96,2026-09-27 10:00:00
ITEM000025870,ORD00014341,SKU00067,Books,3,255.83,5.51,761.98,2026-09-27 10:00:00
ITEM000025871,ORD00013942,SKU00147,Grocery,2,979.06,38.56,1919.56,2026-09-27 10:00:00
ITEM000025872,ORD00012285,SKU00116,Sports,2,136.01,153.02,119.0,2026-09-27 10:00:00
ITEM000025873,ORD00014099,SKU00207,Fashion,1,104.94,46.84,58.1,2026-09-27 10:00:00
ITEM000025874,ORD00013008,SKU00265,Grocery,1,249.91,16.06,233.85,2026-09-27 10:00:00
ITEM000025875,ORD00012768,SKU00092,Sports,3,1203.37,91.45,3518.66,2026-09-27 10:00:00
ITEM000025876,ORD00013483,SKU00347,Grocery,1,372.47,176.52,195.95,2026-09-27 10:00:00
ITEM000025877,ORD00014274,SKU00372,Fashion,3,614.53,125.05,1718.54,2026-09-27 10:00:00
ITEM000025878,ORD00013224,SKU00028,Sports,1,196.36,92.38,103.98,2026-09-27 10:00:00
ITEM000025879,ORD00012121,SKU00454,Beauty,1,441.75,52.14,389.61,2026-09-27 10:00:00
ITEM000025880,ORD00013810,SKU00278,Books,3,371.14,152.67,960.75,2026-09-27 10:00:00
ITEM000025881,ORD00012875,SKU00061,Fashion,1,338.67,136.18,202.49,2026-09-27 10:00:00
ITEM000025882,ORD00013057,SKU00095,Fashion,3,674.87,91.5,1933.11,2026-09-27 10:00:00
ITEM000025883,ORD00014185,SKU00393,Electronics,1,139.33,25.6,113.73,2026-09-27 10:00:00
ITEM000025884,ORD00014811,SKU00011,Electronics,2,605.09,63.54,1146.64,2026-09-27 10:00:00
ITEM000025885,ORD00013281,SKU00080,Beauty,2,265.93,139.97,391.89,2026-09-27 10:00:00
ITEM000025886,ORD00012701,SKU00199,Books,2,192.28,14.13,370.43,2026-09-27 10:00:00
ITEM000025887,ORD00013006,SKU00083,Grocery,3,199.14,98.74,498.68,2026-09-27 10:00:00
ITEM000025888,ORD00012454,SKU00455,Home,2,185.18,79.02,291.34,2026-09-27 10:00:00
ITEM000025889,ORD00013736,SKU00462,Electronics,1,1274.75,91.02,1183.73,2026-09-27 10:00:00
ITEM000025890,ORD00014206,SKU00044,Grocery,1,523.37,23.57,499.8,2026-09-27 10:00:00
ITEM000025891,ORD00012811,SKU00011,Electronics,3,482.01,2.64,1443.39,2026-09-27 10:00:00
ITEM000025892,ORD00012477,SKU00172,Sports,1,601.41,121.3,480.11,2026-09-27 10:00:00
ITEM000025893,ORD00012776,SKU00462,Books,2,537.56,135.69,939.43,2026-09-27 10:00:00
ITEM000025894,ORD00013072,SKU00202,Fashion,1,125.71,52.42,73.29,2026-09-27 10:00:00
ITEM000025895,ORD00012616,SKU00476,Home,1,391.15,101.41,289.74,2026-09-27 10:00:00
ITEM000025896,ORD00013871,SKU00222,Electronics,2,446.19,21.25,871.13,2026-09-27 10:00:00
ITEM000025897,ORD00014991,SKU00261,Home,1,311.69,33.56,278.13,2026-09-27 10:00:00
ITEM000025898,ORD00012273,SKU00373,Books,3,280.03,71.29,768.8,2026-09-27 10:00:00
ITEM000025899,ORD00013347,SKU00448,Electronics,1,1054.4,145.49,908.91,2026-09-27 10:00:00
ITEM000025900,ORD00012355,SKU00332,Home,3,178.34,4.53,530.49,2026-09-27 10:00:00
ITEM000025901,ORD00013978,SKU00411,Beauty,1,338.56,167.34,171.22,2026-09-27 10:00:00
ITEM000025902,ORD00013093,SKU00253,Home,3,280.44,179.29,662.03,2026-09-27 10:00:00
ITEM000025903,ORD00012899,SKU00283,Home,2,777.14,61.65,1492.63,2026-09-27 10:00:00
ITEM000025904,ORD00012197,SKU00343,Grocery,2,112.0,79.96,144.04,2026-09-27 10:00:00
ITEM000025905,ORD00013992,SKU00308,Sports,2,360.09,93.76,626.42,2026-09-27 10:00:00
ITEM000025906,ORD00013469,SKU00353,Sports,1,1067.08,58.11,1008.97,2026-09-27 10:00:00
ITEM000025907,ORD00013443,SKU00153,Fashion,2,583.13,70.21,1096.05,2026-09-27 10:00:00
ITEM000025908,ORD00013029,SKU00244,Grocery,1,300.06,62.79,237.27,2026-09-27 10:00:00
ITEM000025909,ORD00012499,SKU00088,Fashion,3,151.81,55.53,399.9,2026-09-27 10:00:00
ITEM000025910,ORD00013532,SKU00166,Fashion,1,89.17,114.6,-25.43,2026-09-27 10:00:00
ITEM000025911,ORD00013058,SKU00122,Fashion,1,279.72,133.12,146.6,2026-09-27 10:00:00
ITEM000025912,ORD00013844,SKU00426,Books,2,92.01,188.7,-4.68,2026-09-27 10:00:00
ITEM000025913,ORD00014528,SKU00368,Electronics,2,1864.5,155.1,3573.9,2026-09-27 10:00:00
ITEM000025914,ORD00014977,SKU00039,Sports,1,453.27,130.57,322.7,2026-09-27 10:00:00
ITEM000025915,ORD00013437,SKU00346,Sports,3,1326.89,194.88,3785.79,2026-09-27 10:00:00
ITEM000025916,ORD00014331,SKU00181,Grocery,2,324.06,43.69,604.43,2026-09-27 10:00:00
ITEM000025917,ORD00013596,SKU00142,Sports,1,1202.47,113.42,1089.05,2026-09-27 10:00:00
ITEM000025918,ORD00014016,SKU00251,Books,2,534.12,57.92,1010.32,2026-09-27 10:00:00
ITEM000025919,ORD00014420,SKU00198,Fashion,2,635.34,180.13,1090.55,2026-09-27 10:00:00
ITEM000025920,ORD00014730,SKU00187,Fashion,2,243.7,106.78,380.62,2026-09-27 10:00:00
ITEM000025921,ORD00014833,SKU00361,Fashion,3,367.42,63.21,1039.05,2026-09-27 10:00:00
ITEM000025922,ORD00014482,SKU00284,Beauty,3,244.6,23.31,710.49,2026-09-27 10:00:00
ITEM000025923,ORD00012764,SKU00458,Electronics,2,214.52,135.24,293.8,2026-09-27 10:00:00
ITEM000025924,ORD00012381,SKU00100,Sports,3,538.01,105.07,1508.96,2026-09-27 10:00:00
ITEM000025925,ORD00013408,SKU00172,Electronics,3,491.75,95.97,1379.28,2026-09-27 10:00:00
ITEM000025926,ORD00013101,SKU00476,Sports,1,205.54,115.68,89.86,2026-09-27 10:00:00
ITEM000025927,ORD00012010,SKU00406,Fashion,1,355.83,56.86,298.97,2026-09-27 10:00:00
ITEM000025928,ORD00012498,SKU00035,Beauty,2,276.01,133.83,418.19,2026-09-27 10:00:00
ITEM000025929,ORD00014210,SKU00332,Electronics,1,1195.52,64.57,1130.95,2026-09-27 10:00:00
ITEM000025930,ORD00014057,SKU00156,Fashion,2,455.59,25.89,885.29,2026-09-27 10:00:00
ITEM000025931,ORD00013828,SKU00069,Fashion,1,262.01,135.45,126.56,2026-09-27 10:00:00
ITEM000025932,ORD00014218,SKU00470,Sports,3,194.36,26.06,557.02,2026-09-27 10:00:00
ITEM000025933,ORD00013440,SKU00078,Books,3,184.97,118.68,436.23,2026-09-27 10:00:00
ITEM000025934,ORD00013580,SKU00175,Fashion,2,184.26,1.86,366.66,2026-09-27 10:00:00
ITEM000025935,ORD00013707,SKU00450,Beauty,2,1722.32,159.26,3285.38,2026-09-27 10:00:00
ITEM000025936,ORD00012684,SKU00271,Electronics,3,96.58,92.7,197.04,2026-09-27 10:00:00
ITEM000025937,ORD00014474,SKU00070,Home,1,230.98,86.26,144.72,2026-09-27 10:00:00
ITEM000025938,ORD00014019,SKU00091,Electronics,1,143.79,52.17,91.62,2026-09-27 10:00:00
ITEM000025939,ORD00014650,SKU00090,Fashion,2,179.2,135.83,222.57,2026-09-27 10:00:00
ITEM000025940,ORD00013075,SKU00009,Home,2,354.09,38.5,669.68,2026-09-27 10:00:00
ITEM000025941,ORD00014903,SKU00408,Fashion,2,343.33,50.72,635.94,2026-09-27 10:00:00
ITEM000025942,ORD00014934,SKU00468,Books,1,290.49,33.51,256.98,2026-09-27 10:00:00
ITEM000025943,ORD00012357,SKU00236,Sports,2,959.67,57.29,1862.05,2026-09-27 10:00:00
ITEM000025944,ORD00014771,SKU00133,Beauty,3,80.58,115.33,126.41,2026-09-27 10:00:00
ITEM000025945,ORD00012761,SKU00376,Beauty,3,664.26,188.15,1804.63,2026-09-27 10:00:00
ITEM000025946,ORD00014491,SKU00227,Grocery,1,1171.11,47.2,1123.91,2026-09-27 10:00:00
ITEM000025947,ORD00014190,SKU00328,Fashion,3,445.25,142.76,1192.99,2026-09-27 10:00:00
ITEM000025948,ORD00013178,SKU00476,Fashion,1,71.89,190.7,-118.81,2026-09-27 10:00:00
ITEM000025949,ORD00013647,SKU00087,Home,3,1376.12,158.1,3970.26,2026-09-27 10:00:00
ITEM000025950,ORD00013620,SKU00133,Home,3,634.07,1.88,1900.33,2026-09-27 10:00:00
ITEM000025951,ORD00012037,SKU00488,Beauty,3,681.33,47.52,1996.47,2026-09-27 10:00:00
ITEM000025952,ORD00012275,SKU00347,Sports,2,169.75,33.88,305.62,2026-09-27 10:00:00
ITEM000025953,ORD00013530,SKU00256,Home,2,407.39,109.99,704.79,2026-09-27 10:00:00
ITEM000025954,ORD00014796,SKU00052,Sports,2,134.81,191.57,78.05,2026-09-27 10:00:00
ITEM000025955,ORD00012157,SKU00419,Sports,1,243.97,139.59,104.38,2026-09-27 10:00:00
ITEM000025956,ORD00014576,SKU00197,Electronics,2,284.53,15.97,553.09,2026-09-27 10:00:00
ITEM000025957,ORD00013765,SKU00499,Home,1,201.29,70.72,130.57,2026-09-27 10:00:00
ITEM000025958,ORD00013057,SKU00005,Fashion,2,74.09,136.72,11.46,2026-09-27 10:00:00
ITEM000025959,ORD00014567,SKU00170,Sports,3,181.83,186.32,359.17,2026-09-27 10:00:00
ITEM000025960,ORD00013213,SKU00085,Sports,1,133.93,65.39,68.54,2026-09-27 10:00:00
ITEM000025961,ORD00014810,SKU00031,Sports,1,1500.04,183.13,1316.91,2026-09-27 10:00:00
ITEM000025962,ORD00012764,SKU00244,Books,2,118.13,33.11,203.15,2026-09-27 10:00:00
ITEM000025963,ORD00014641,SKU00091,Books,3,161.24,113.64,370.08,2026-09-27 10:00:00
ITEM000025964,ORD00013969,SKU00464,Home,1,184.31,69.77,114.54,2026-09-27 10:00:00
ITEM000025965,ORD00013082,SKU00333,Electronics,1,501.88,177.23,324.65,2026-09-27 10:00:00
ITEM000025966,ORD00012770,SKU00202,Sports,3,1083.24,62.04,3187.68,2026-09-27 10:00:00
ITEM000025967,ORD00012527,SKU00072,Grocery,2,289.45,78.06,500.84,2026-09-27 10:00:00
ITEM000025968,ORD00013700,SKU00438,Books,2,195.41,198.36,192.46,2026-09-27 10:00:00
ITEM000025969,ORD00012400,SKU00439,Grocery,2,726.76,17.34,1436.18,2026-09-27 10:00:00
ITEM000025970,ORD00013677,SKU00091,Electronics,1,543.6,109.17,434.43,2026-09-27 10:00:00
ITEM000025971,ORD00012088,SKU00350,Grocery,1,320.81,180.62,140.19,2026-09-27 10:00:00
ITEM000025972,ORD00012554,SKU00042,Electronics,3,474.31,35.51,1387.42,2026-09-27 10:00:00
ITEM000025973,ORD00012597,SKU00091,Fashion,3,512.62,137.8,1400.06,2026-09-27 10:00:00
ITEM000025974,ORD00014883,SKU00260,Home,1,322.51,103.12,219.39,2026-09-27 10:00:00
ITEM000025975,ORD00013078,SKU00018,Electronics,3,888.65,73.75,2592.2,2026-09-27 10:00:00
ITEM000025976,ORD00013694,SKU00381,Home,2,385.27,146.65,623.89,2026-09-27 10:00:00
ITEM000025977,ORD00012653,SKU00410,Electronics,3,299.5,96.21,802.29,2026-09-27 10:00:00
ITEM000025978,ORD00013733,SKU00381,Grocery,3,579.62,186.06,1552.8,2026-09-27 10:00:00
ITEM000025979,ORD00013333,SKU00395,Fashion,1,324.25,34.14,290.11,2026-09-27 10:00:00
ITEM000025980,ORD00013937,SKU00245,Books,3,259.1,95.42,681.88,2026-09-27 10:00:00
ITEM000025981,ORD00012099,SKU00100,Fashion,3,167.69,44.12,458.95,2026-09-27 10:00:00
ITEM000025982,ORD00012166,SKU00418,Books,3,184.92,56.69,498.07,2026-09-27 10:00:00
ITEM000025983,ORD00014187,SKU00347,Fashion,1,258.28,61.4,196.88,2026-09-27 10:00:00
ITEM000025984,ORD00012633,SKU00313,Home,1,393.69,149.06,244.63,2026-09-27 10:00:00
ITEM000025985,ORD00014609,SKU00132,Beauty,1,128.25,122.56,5.69,2026-09-27 10:00:00
ITEM000025986,ORD00014018,SKU00131,Grocery,2,295.61,72.51,518.71,2026-09-27 10:00:00
ITEM000025987,ORD00014342,SKU00276,Grocery,3,492.6,96.15,1381.65,2026-09-27 10:00:00
ITEM000025988,ORD00013447,SKU00239,Books,3,443.87,32.62,1298.99,2026-09-27 10:00:00
ITEM000025989,ORD00013750,SKU00071,Sports,3,549.3,56.39,1591.51,2026-09-27 10:00:00
ITEM000025990,ORD00012441,SKU00131,Sports,3,360.75,174.48,907.77,2026-09-27 10:00:00
ITEM000025991,ORD00012857,SKU00131,Home,1,263.67,145.04,118.63,2026-09-27 10:00:00
ITEM000025992,ORD00014406,SKU00230,Home,3,277.21,13.43,818.2,2026-09-27 10:00:00
ITEM000025993,ORD00014422,SKU00212,Electronics,2,270.89,30.59,511.19,2026-09-27 10:00:00
ITEM000025994,ORD00012883,SKU00349,Grocery,2,137.73,76.79,198.67,2026-09-27 10:00:00
ITEM000025995,ORD00012184,SKU00119,Sports,1,302.87,55.11,247.76,2026-09-27 10:00:00
ITEM000025996,ORD00012887,SKU00338,Beauty,1,459.96,14.51,445.45,2026-09-27 10:00:00
ITEM000025997,ORD00013142,SKU00050,Sports,3,2267.89,117.71,6685.96,2026-09-27 10:00:00
ITEM000025998,ORD00012172,SKU00138,Fashion,3,735.41,56.63,2149.6,2026-09-27 10:00:00
ITEM000025999,ORD00013975,SKU00082,Electronics,1,137.32,38.11,99.21,2026-09-27 10:00:00
ITEM000026000,ORD00013365,SKU00071,Beauty,2,505.88,184.56,827.2,2026-09-27 10:00:00
ITEM000026001,ORD00013863,SKU00022,Electronics,3,801.02,154.45,2248.61,2026-09-27 10:00:00
ITEM000026002,ORD00013668,SKU00167,Books,1,533.33,53.34,479.99,2026-09-27 10:00:00
ITEM000026003,ORD00012539,SKU00431,Electronics,2,114.45,63.72,165.18,2026-09-27 10:00:00
ITEM000026004,ORD00014732,SKU00155,Electronics,2,55.68,166.41,-55.05,2026-09-27 10:00:00
ITEM000026005,ORD00014063,SKU00437,Home,2,794.58,144.89,1444.27,2026-09-27 10:00:00
ITEM000026006,ORD00012502,SKU00436,Home,1,311.93,92.66,219.27,2026-09-27 10:00:00
ITEM000026007,ORD00012930,SKU00109,Sports,1,201.28,40.78,160.5,2026-09-27 10:00:00
ITEM000026008,ORD00014877,SKU00137,Home,3,892.83,24.06,2654.43,2026-09-27 10:00:00
ITEM000026009,ORD00014796,SKU00488,Home,1,214.81,4.77,210.04,2026-09-27 10:00:00
ITEM000026010,ORD00014191,SKU00269,Books,2,149.16,56.22,242.1,2026-09-27 10:00:00
ITEM000026011,ORD00013119,SKU00477,Books,2,94.03,73.23,114.83,2026-09-27 10:00:00
ITEM000026012,ORD00014164,SKU00383,Home,2,556.34,73.36,1039.32,2026-09-27 10:00:00
ITEM000026013,ORD00012472,SKU00367,Fashion,3,1043.36,142.26,2987.82,2026-09-27 10:00:00
ITEM000026014,ORD00014296,SKU00404,Electronics,2,1004.61,2.28,2006.94,2026-09-27 10:00:00
ITEM000026015,ORD00013864,SKU00366,Grocery,2,166.57,189.14,144.0,2026-09-27 10:00:00
ITEM000026016,ORD00013516,SKU00027,Beauty,1,126.55,23.09,103.46,2026-09-27 10:00:00
ITEM000026017,ORD00012341,SKU00010,Sports,3,150.45,172.15,279.2,2026-09-27 10:00:00
ITEM000026018,ORD00014868,SKU00036,Electronics,3,1432.86,150.72,4147.86,2026-09-27 10:00:00
ITEM000026019,ORD00014539,SKU00078,Fashion,2,68.67,112.48,24.86,2026-09-27 10:00:00
ITEM000026020,ORD00013194,SKU00327,Electronics,2,1608.31,26.34,3190.28,2026-09-27 10:00:00
ITEM000026021,ORD00014338,SKU00427,Home,2,470.79,198.53,743.05,2026-09-27 10:00:00
ITEM000026022,ORD00013954,SKU00251,Beauty,1,900.95,175.33,725.62,2026-09-27 10:00:00
ITEM000026023,ORD00014462,SKU00482,Home,1,197.42,136.35,61.07,2026-09-27 10:00:00
ITEM000026024,ORD00014057,SKU00401,Grocery,2,187.83,149.07,226.59,2026-09-27 10:00:00
ITEM000026025,ORD00014003,SKU00245,Sports,3,288.49,154.38,711.09,2026-09-27 10:00:00
ITEM000026026,ORD00012719,SKU00187,Beauty,2,344.11,170.38,517.84,2026-09-27 10:00:00
ITEM000026027,ORD00012927,SKU00169,Sports,1,535.49,158.63,376.86,2026-09-27 10:00:00
ITEM000026028,ORD00014907,SKU00126,Electronics,2,955.56,159.27,1751.85,2026-09-27 10:00:00
ITEM000026029,ORD00012617,SKU00017,Electronics,1,321.08,161.01,160.07,2026-09-27 10:00:00
ITEM000026030,ORD00012129,SKU00109,Home,3,177.8,43.48,489.92,2026-09-27 10:00:00
ITEM000026031,ORD00012539,SKU00273,Fashion,1,229.49,100.39,129.1,2026-09-27 10:00:00
ITEM000026032,ORD00014467,SKU00480,Electronics ,1,1123.51,173.55,949.96,2026-09-27 10:00:00
ITEM000026033,ORD00014441,SKU00499,Beauty,3,1347.76,74.38,3968.9,2026-09-27 10:00:00
ITEM000026034,ORD00014219,SKU00195,Beauty,3,144.64,91.19,342.73,2026-09-27 10:00:00
ITEM000026035,ORD00014038,SKU00482,Sports,3,1200.95,168.82,3434.03,2026-09-27 10:00:00
ITEM000026036,ORD00014884,SKU00493,Sports,2,278.1,3.74,552.46,2026-09-27 10:00:00
ITEM000026037,ORD00012108,SKU00231,Books,2,389.25,155.07,623.43,2026-09-27 10:00:00
ITEM000026038,ORD00013195,SKU00179,Books,1,354.93,79.6,275.33,2026-09-27 10:00:00
ITEM000026039,ORD00013299,SKU00418,Home,1,281.2,130.49,150.71,2026-09-27 10:00:00
ITEM000026040,ORD00014669,SKU00178,Home,1,328.8,118.36,210.44,2026-09-27 10:00:00
ITEM000026041,ORD00012451,SKU00354,Grocery,3,318.17,90.03,864.48,2026-09-27 10:00:00
ITEM000026042,ORD00014793,SKU00438,Fashion,3,573.18,114.07,1605.47,2026-09-27 10:00:00
ITEM000026043,ORD00013205,SKU00389,Home,2,138.1,186.93,89.27,2026-09-27 10:00:00
ITEM000026044,ORD00012309,SKU00243,Fashion,3,254.27,121.04,641.77,2026-09-27 10:00:00
ITEM000026045,ORD00012524,SKU00332,Home,1,123.67,66.25,57.42,2026-09-27 10:00:00
ITEM000026046,ORD00013993,SKU00143,Electronics,1,178.52,12.65,165.87,2026-09-27 10:00:00
ITEM000026047,ORD00012395,SKU00421,Home,2,1209.8,144.91,2274.69,2026-09-27 10:00:00
ITEM000026048,ORD00014634,SKU00117,Beauty,3,212.27,85.57,551.24,2026-09-27 10:00:00
ITEM000026049,ORD00014667,SKU00217,Grocery,2,1403.31,161.54,2645.08,2026-09-27 10:00:00
ITEM000026050,ORD00012211,SKU00352,Electronics,1,733.49,95.15,638.34,2026-09-27 10:00:00
ITEM000026051,ORD00013510,SKU00331,Home,2,910.67,14.25,1807.09,2026-09-27 10:00:00
ITEM000026052,ORD00014246,SKU00298,Home,1,69.07,171.82,-102.75,2026-09-27 10:00:00
ITEM000026053,ORD00013722,SKU00083,Beauty,3,113.22,56.35,283.31,2026-09-27 10:00:00
ITEM000026054,ORD00014503,SKU00300,Electronics,3,82.97,54.66,194.25,2026-09-27 10:00:00
ITEM000026055,ORD00014530,SKU00307,Fashion,2,279.6,16.31,542.89,2026-09-27 10:00:00
ITEM000026056,ORD00012939,SKU00214,Beauty,3,737.85,171.1,2042.45,2026-09-27 10:00:00
ITEM000026057,ORD00013291,SKU00202,Electronics,2,263.19,195.28,331.1,2026-09-27 10:00:00
ITEM000026058,ORD00013652,SKU00333,Grocery,3,186.04,145.67,412.45,2026-09-27 10:00:00
ITEM000026059,ORD00013096,SKU00267,Home,2,631.02,138.19,1123.85,2026-09-27 10:00:00
ITEM000026060,ORD00014326,SKU00192,Sports,3,568.84,108.95,1597.57,2026-09-27 10:00:00
ITEM000026061,ORD00014819,SKU00394,Electronics,2,467.81,115.07,820.55,2026-09-27 10:00:00
ITEM000026062,ORD00013811,SKU00059,Books,1,445.54,126.07,319.47,2026-09-27 10:00:00
ITEM000026063,ORD00012041,SKU00133,Grocery,1,710.8,37.66,673.14,2026-09-27 10:00:00
ITEM000026064,ORD00012563,SKU00158,Grocery,1,645.29,14.27,631.02,2026-09-27 10:00:00
ITEM000026065,ORD00014591,SKU00112,Beauty,3,238.51,109.37,606.16,2026-09-27 10:00:00
ITEM000026066,ORD00013172,SKU00386,Grocery,2,332.47,11.06,653.88,2026-09-27 10:00:00
ITEM000026067,ORD00012175,SKU00284,Grocery,3,112.77,78.24,260.07,2026-09-27 10:00:00
ITEM000026068,ORD00012794,SKU00345,Sports,3,283.39,181.22,668.95,2026-09-27 10:00:00
ITEM000026069,ORD00012313,SKU00192,Books,1,468.0,168.99,299.01,2026-09-27 10:00:00
ITEM000026070,ORD00013163,SKU00217,Sports,3,344.52,56.93,976.63,2026-09-27 10:00:00
ITEM000026071,ORD00014550,SKU00025,Sports,2,505.41,136.21,874.61,2026-09-27 10:00:00
ITEM000026072,ORD00014256,SKU00096,Sports,2,118.12,56.69,179.55,2026-09-27 10:00:00
ITEM000026073,ORD00013792,SKU00123,Grocery,1,136.5,177.41,-40.91,2026-09-27 10:00:00
ITEM000026074,ORD00013555,SKU00049,Home,3,208.25,106.2,518.55,2026-09-27 10:00:00
ITEM000026075,ORD00012058,SKU00028,Electronics,3,527.83,51.38,1532.11,2026-09-27 10:00:00
ITEM000026076,ORD00014754,SKU00296,Books,3,842.91,106.24,2422.49,2026-09-27 10:00:00
ITEM000026077,ORD00014161,SKU00350,Home,3,385.64,35.55,1121.37,2026-09-27 10:00:00
ITEM000026078,ORD00013985,SKU00298,Home,1,433.75,184.33,249.42,2026-09-27 10:00:00
ITEM000026079,ORD00012953,SKU00237,Home,1,260.83,22.99,237.84,2026-09-27 10:00:00
ITEM000026080,ORD00012779,SKU00347,Beauty,1,144.53,108.92,35.61,2026-09-27 10:00:00
ITEM000026081,ORD00014001,SKU00400,Books,2,341.31,141.78,540.84,2026-09-27 10:00:00
ITEM000026082,ORD00012063,SKU00233,Fashion,3,180.17,111.8,428.71,2026-09-27 10:00:00
ITEM000026083,ORD00013085,SKU00158,Home,3,337.65,69.47,943.48,2026-09-27 10:00:00
ITEM000026084,ORD00014841,SKU00005,Books,2,152.78,163.63,141.93,2026-09-27 10:00:00
ITEM000026085,ORD00012186,SKU00032,Grocery,2,372.34,53.29,691.39,2026-09-27 10:00:00
ITEM000026086,ORD00013188,SKU00139,Home,2,317.02,48.67,585.37,2026-09-27 10:00:00
ITEM000026087,ORD00014939,SKU00408,Sports,2,189.14,25.92,352.36,2026-09-27 10:00:00
ITEM000026088,ORD00012397,SKU00319,Books,2,792.65,3.85,1581.45,2026-09-27 10:00:00
ITEM000026089,ORD00014826,SKU00106,Grocery,3,222.41,7.16,660.07,2026-09-27 10:00:00
ITEM000026090,ORD00012040,SKU00419,Grocery,1,625.26,178.8,446.46,2026-09-27 10:00:00
ITEM000026091,ORD00013244,SKU00107,Books,2,753.88,26.26,1481.5,2026-09-27 10:00:00
ITEM000026092,ORD00012625,SKU00421,Beauty,1,381.32,160.31,221.01,2026-09-27 10:00:00
ITEM000026093,ORD00013302,SKU00052,Grocery,3,297.84,123.23,770.29,2026-09-27 10:00:00
ITEM000026094,ORD00013612,SKU00493,Sports,1,1332.01,75.05,1256.96,2026-09-27 10:00:00
ITEM000026095,ORD00014015,SKU00298,Beauty,1,262.43,75.42,187.01,2026-09-27 10:00:00
ITEM000026096,ORD00012079,SKU00290,Home,3,273.08,122.76,696.48,2026-09-27 10:00:00
ITEM000026097,ORD00014521,SKU00075,Beauty,1,1303.87,187.49,1116.38,2026-09-27 10:00:00
ITEM000026098,ORD00013571,SKU00239,Fashion,2,353.44,94.14,612.74,2026-09-27 10:00:00
ITEM000026099,ORD00012552,SKU00352,Grocery,2,110.24,91.84,128.64,2026-09-27 10:00:00
ITEM000026100,ORD00012097,SKU00459,Fashion,2,636.25,69.19,1203.31,2026-09-27 10:00:00
ITEM000026101,ORD00012957,SKU00303,Books,1,270.55,47.67,222.88,2026-09-27 10:00:00
ITEM000026102,ORD00012132,SKU00474,Beauty,3,633.71,103.14,1797.99,2026-09-27 10:00:00
ITEM000026103,ORD00013912,SKU00277,Beauty,1,676.78,125.64,551.14,2026-09-27 10:00:00
ITEM000026104,ORD00014906,SKU00376,Grocery,2,530.09,28.43,1031.75,2026-09-27 10:00:00
ITEM000026105,ORD00013683,SKU00448,Beauty,1,303.51,94.42,209.09,2026-09-27 10:00:00
ITEM000026106,ORD00012648,SKU00076,Electronics,3,183.71,170.89,380.24,2026-09-27 10:00:00
ITEM000026107,ORD00014311,SKU00098,Electronics,1,160.68,87.26,73.42,2026-09-27 10:00:00
ITEM000026108,ORD00012378,SKU00061,Fashion,1,620.8,132.04,488.76,2026-09-27 10:00:00
ITEM000026109,ORD00013687,SKU00437,Books,3,225.59,128.8,547.97,2026-09-27 10:00:00
ITEM000026110,ORD00014857,SKU00230,Grocery,1,400.22,132.49,267.73,2026-09-27 10:00:00
ITEM000026111,ORD00012831,SKU00392,Grocery,3,938.74,49.71,2766.51,2026-09-27 10:00:00
ITEM000026112,ORD00014230,SKU00309,Fashion,2,244.75,69.08,420.42,2026-09-27 10:00:00
ITEM000026113,ORD00013778,SKU00473,Home,1,956.48,16.98,939.5,2026-09-27 10:00:00
ITEM000026114,ORD00012608,SKU00332,Beauty,2,344.64,131.94,557.34,2026-09-27 10:00:00
ITEM000026115,ORD00013168,SKU00221,Home,3,570.05,196.03,1514.12,2026-09-27 10:00:00
ITEM000026116,ORD00014814,SKU00487,Beauty,3,192.02,156.53,419.53,2026-09-27 10:00:00
ITEM000026117,ORD00013418,SKU00463,Grocery,3,161.93,129.88,355.91,2026-09-27 10:00:00
ITEM000026118,ORD00014021,SKU00450,Books,2,126.73,157.49,95.97,2026-09-27 10:00:00
ITEM000026119,ORD00013292,SKU00370,Electronics,1,113.48,50.57,62.91,2026-09-27 10:00:00
ITEM000026120,ORD00014146,SKU00043,Beauty,3,224.57,196.09,477.62,2026-09-27 10:00:00
ITEM000026121,ORD00012021,SKU00311,Beauty,2,153.8,36.77,270.83,2026-09-27 10:00:00
ITEM000026122,ORD00012749,SKU00468,Electronics,2,583.0,65.12,1100.88,2026-09-27 10:00:00
ITEM000026123,ORD00012378,SKU00070,Home,1,672.67,148.95,523.72,2026-09-27 10:00:00
ITEM000026124,ORD00014683,SKU00012,Home,2,397.61,23.15,772.07,2026-09-27 10:00:00
ITEM000026125,ORD00012626,SKU00140,Books,1,206.31,96.74,109.57,2026-09-27 10:00:00
ITEM000026126,ORD00014546,SKU00258,Books,3,444.05,94.46,1237.69,2026-09-27 10:00:00
ITEM000026127,ORD00012932,SKU00377,Sports,2,272.47,87.35,457.59,2026-09-27 10:00:00
ITEM000026128,ORD00013165,SKU00479,Beauty,3,240.14,78.92,641.5,2026-09-27 10:00:00
ITEM000026129,ORD00013573,SKU00027,Electronics,1,531.79,165.01,366.78,2026-09-27 10:00:00
ITEM000026130,ORD00012060,SKU00052,Sports,1,243.49,13.59,229.9,2026-09-27 10:00:00
ITEM000026131,ORD00013685,SKU00113,Electronics,3,177.98,82.24,451.7,2026-09-27 10:00:00
ITEM000026132,ORD00012274,SKU00433,Fashion,3,221.13,103.43,559.96,2026-09-27 10:00:00
ITEM000026133,ORD00013496,SKU00282,Fashion,1,542.27,59.47,482.8,2026-09-27 10:00:00
ITEM000026134,ORD00014967,SKU00489,Beauty,3,427.62,159.77,1123.09,2026-09-27 10:00:00
ITEM000026135,ORD00014616,SKU00153,Grocery,1,295.6,192.59,103.01,2026-09-27 10:00:00
ITEM000026136,ORD00013512,SKU00304,Grocery,2,177.85,38.47,317.23,2026-09-27 10:00:00
ITEM000026137,ORD00013433,SKU00155,Fashion,3,193.72,180.97,400.19,2026-09-27 10:00:00
ITEM000026138,ORD00012267,SKU00133,Books,3,135.86,81.75,325.83,2026-09-27 10:00:00
ITEM000026139,ORD00012164,SKU00106,Fashion,1,1054.28,176.1,878.18,2026-09-27 10:00:00
ITEM000026140,ORD00013386,SKU00336,Fashion,2,102.3,149.95,54.65,2026-09-27 10:00:00
ITEM000026141,ORD00012955,SKU00296,Home,1,157.17,74.07,83.1,2026-09-27 10:00:00
ITEM000026142,ORD00014174,SKU00324,Home,3,665.43,34.93,1961.36,2026-09-27 10:00:00
ITEM000026143,ORD00014973,SKU00138,Home,3,590.56,2.25,1769.43,2026-09-27 10:00:00
ITEM000026144,ORD00014697,SKU00487,Sports,1,1446.4,28.83,1417.57,2026-09-27 10:00:00
ITEM000026145,ORD00012547,SKU00337,Fashion,3,258.29,136.35,638.52,2026-09-27 10:00:00
ITEM000026146,ORD00014820,SKU00433,Home,3,915.95,22.89,2724.96,2026-09-27 10:00:00
ITEM000026147,ORD00014746,SKU00400,Electronics,3,657.03,157.77,1813.32,2026-09-27 10:00:00
ITEM000026148,ORD00013577,SKU00224,Grocery,3,99.61,150.18,148.65,2026-09-27 10:00:00
ITEM000026149,ORD00014169,SKU00186,Sports,1,708.29,184.09,524.2,2026-09-27 10:00:00
ITEM000026150,ORD00014150,SKU00196,Electronics,1,591.28,23.37,567.91,2026-09-27 10:00:00
ITEM000026151,ORD00014020,SKU00119,Fashion,1,233.84,167.14,66.7,2026-09-27 10:00:00
ITEM000026152,ORD00014257,SKU00027,Books,3,512.78,189.25,1349.09,2026-09-27 10:00:00
ITEM000026153,ORD00012044,SKU00412,Electronics,2,670.4,33.15,1307.65,2026-09-27 10:00:00
ITEM000026154,ORD00013592,SKU00148,Sports,2,256.27,84.61,427.93,2026-09-27 10:00:00
ITEM000026155,ORD00013471,SKU00217,Home,3,163.16,114.73,374.75,2026-09-27 10:00:00
ITEM000026156,ORD00012255,SKU00169,Fashion,1,415.66,115.08,300.58,2026-09-27 10:00:00
ITEM000026157,ORD00012242,SKU00353,Beauty,3,337.65,70.48,942.47,2026-09-27 10:00:00
ITEM000026158,ORD00013814,SKU00292,Grocery,1,323.73,28.81,294.92,2026-09-27 10:00:00
ITEM000026159,ORD00012378,SKU00002,Home,1,112.41,54.23,58.18,2026-09-27 10:00:00
ITEM000026160,ORD00014764,SKU00277,Home,1,382.1,168.41,213.69,2026-09-27 10:00:00
ITEM000026161,ORD00014217,SKU00075,Beauty,3,117.79,196.15,157.22,2026-09-27 10:00:00
ITEM000026162,ORD00012366,SKU00101,Beauty,3,313.09,95.71,843.56,2026-09-27 10:00:00
ITEM000026163,ORD00012090,SKU00162,Books,3,152.63,31.13,426.76,2026-09-27 10:00:00
ITEM000026164,ORD00014673,SKU00251,Grocery,3,188.56,32.12,533.56,2026-09-27 10:00:00
ITEM000026165,ORD00013909,SKU00157,Sports,2,187.52,131.64,243.4,2026-09-27 10:00:00
ITEM000026166,ORD00014514,SKU00039,Grocery,2,249.61,68.29,430.93,2026-09-27 10:00:00
ITEM000026167,ORD00013046,SKU00196,Sports,3,353.78,11.94,1049.4,2026-09-27 10:00:00
ITEM000026168,ORD00013089,SKU00093,Fashion,2,113.84,81.75,145.93,2026-09-27 10:00:00
ITEM000026169,ORD00013954,SKU00419,Grocery,2,99.88,117.22,82.54,2026-09-27 10:00:00
ITEM000026170,ORD00013315,SKU00458,Books,2,518.47,18.4,1018.54,2026-09-27 10:00:00
ITEM000026171,ORD00014628,SKU00324,Home,2,32.98,125.29,-59.33,2026-09-27 10:00:00
ITEM000026172,ORD00012361,SKU00027,Books,1,489.93,31.98,457.95,2026-09-27 10:00:00
ITEM000026173,ORD00014328,SKU00275,Home,2,447.83,69.32,826.34,2026-09-27 10:00:00
ITEM000026174,ORD00014961,SKU00229,Fashion,3,316.36,36.93,912.15,2026-09-27 10:00:00
ITEM000026175,ORD00012656,SKU00234,Grocery,3,401.13,180.96,1022.43,2026-09-27 10:00:00
ITEM000026176,ORD00012548,SKU00495,Electronics,1,371.04,193.29,177.75,2026-09-27 10:00:00
ITEM000026177,ORD00012375,SKU00215,Beauty,2,93.93,116.95,70.91,2026-09-27 10:00:00
ITEM000026178,ORD00012628,SKU00369,Fashion,2,1111.74,48.48,2175.0,2026-09-27 10:00:00
ITEM000026179,ORD00012092,SKU00451,Beauty,3,363.09,19.6,1069.67,2026-09-27 10:00:00
ITEM000026180,ORD00014568,SKU00454,Grocery,1,791.08,117.61,673.47,2026-09-27 10:00:00
ITEM000026181,ORD00014335,SKU00344,Beauty,2,212.3,27.75,396.85,2026-09-27 10:00:00
ITEM000026182,ORD00014729,SKU00334,Electronics,1,1223.34,138.21,1085.13,2026-09-27 10:00:00
ITEM000026183,ORD00014445,SKU00006,Books,2,49.72,51.02,48.42,2026-09-27 10:00:00
ITEM000026184,ORD00012041,SKU00051,Electronics,2,367.98,195.19,540.77,2026-09-27 10:00:00
ITEM000026185,ORD00014204,SKU00061,Home,3,187.26,97.19,464.59,2026-09-27 10:00:00
ITEM000026186,ORD00014619,SKU00416,Home,2,181.11,63.02,299.2,2026-09-27 10:00:00
ITEM000026187,ORD00014995,SKU00063,Books,3,261.87,3.6,782.01,2026-09-27 10:00:00
ITEM000026188,ORD00014433,SKU00288,Beauty,2,48.19,132.38,-36.0,2026-09-27 10:00:00
ITEM000026189,ORD00013890,SKU00420,Books,1,361.51,150.07,211.44,2026-09-27 10:00:00
ITEM000026190,ORD00013100,SKU00488,Grocery,3,448.11,20.51,1323.82,2026-09-27 10:00:00
ITEM000026191,ORD00013335,SKU00377,Beauty,3,21.27,145.93,-82.12,2026-09-27 10:00:00
ITEM000026192,ORD00012729,SKU00045,Electronics,2,128.32,77.08,179.56,2026-09-27 10:00:00
ITEM000026193,ORD00014751,SKU00025,Electronics,3,1019.68,175.03,2884.01,2026-09-27 10:00:00
ITEM000026194,ORD00014417,SKU00250,Books,1,144.47,188.91,-44.44,2026-09-27 10:00:00
ITEM000026195,ORD00013736,SKU00056,Sports,1,663.8,104.41,559.39,2026-09-27 10:00:00
ITEM000026196,ORD00012362,SKU00110,Grocery,2,307.28,142.67,471.89,2026-09-27 10:00:00
ITEM000026197,ORD00014732,SKU00002,Beauty,2,1481.55,142.79,2820.31,2026-09-27 10:00:00
ITEM000026198,ORD00012554,SKU00491,Grocery,1,1423.01,148.6,1274.41,2026-09-27 10:00:00
ITEM000026199,ORD00012094,SKU00481,Books,3,1922.0,76.64,5689.36,2026-09-27 10:00:00
ITEM000026200,ORD00013665,SKU00356,Fashion,2,243.16,172.14,314.18,2026-09-27 10:00:00
ITEM000026201,ORD00013328,SKU00235,Fashion,3,1563.25,157.92,4531.83,2026-09-27 10:00:00
ITEM000026202,ORD00014098,SKU00436,Home,1,101.69,165.74,-64.05,2026-09-27 10:00:00
ITEM000026203,ORD00012788,SKU00134,Grocery,3,190.87,89.65,482.96,2026-09-27 10:00:00
ITEM000026204,ORD00014876,SKU00329,Beauty,1,161.95,67.84,94.11,2026-09-27 10:00:00
ITEM000026205,ORD00012802,SKU00350,Sports,3,472.94,48.54,1370.28,2026-09-27 10:00:00
ITEM000026206,ORD00014030,SKU00082,Books,1,788.24,47.45,740.79,2026-09-27 10:00:00
ITEM000026207,ORD00013517,SKU00075,Home,2,1133.35,41.34,2225.36,2026-09-27 10:00:00
ITEM000026208,ORD00013399,SKU00296,Grocery,3,175.66,88.48,438.5,2026-09-27 10:00:00
ITEM000026209,ORD00013386,SKU00019,Beauty,2,733.54,97.28,1369.8,2026-09-27 10:00:00
ITEM000026210,ORD00012610,SKU00065,Beauty,1,191.91,20.1,171.81,2026-09-27 10:00:00
ITEM000026211,ORD00014353,SKU00390,Electronics,3,319.29,80.18,877.69,2026-09-27 10:00:00
ITEM000026212,ORD00014340,SKU00025,Grocery,1,395.05,69.56,325.49,2026-09-27 10:00:00
ITEM000026213,ORD00012425,SKU00177,Fashion,3,472.34,184.45,1232.57,2026-09-27 10:00:00
ITEM000026214,ORD00014113,SKU00212,Fashion,3,258.0,185.17,588.83,2026-09-27 10:00:00
ITEM000026215,ORD00014719,SKU00074,Electronics,1,529.11,75.65,453.46,2026-09-27 10:00:00
ITEM000026216,ORD00014685,SKU00087,Home,3,629.98,35.72,1854.22,2026-09-27 10:00:00
ITEM000026217,ORD00012549,SKU00128,Fashion,2,97.52,135.9,59.14,2026-09-27 10:00:00
ITEM000026218,ORD00012094,SKU00213,Beauty,1,414.5,144.42,270.08,2026-09-27 10:00:00
ITEM000026219,ORD00012483,SKU00217,Beauty,2,200.86,21.08,380.64,2026-09-27 10:00:00
ITEM000026220,ORD00012355,SKU00235,Home,3,414.4,51.78,1191.42,2026-09-27 10:00:00
ITEM000026221,ORD00014993,SKU00324,Books,1,148.43,173.1,-24.67,2026-09-27 10:00:00
ITEM000026222,ORD00013868,SKU00221,Electronics,1,452.02,129.24,322.78,2026-09-27 10:00:00
ITEM000026223,ORD00012996,SKU00467,Grocery,2,299.86,63.82,535.9,2026-09-27 10:00:00
ITEM000026224,ORD00013872,SKU00328,Grocery,1,88.42,135.28,-46.86,2026-09-27 10:00:00
ITEM000026225,ORD00013993,SKU00460,Electronics,1,393.04,189.37,203.67,2026-09-27 10:00:00
ITEM000026226,ORD00012774,SKU00028,Grocery,2,397.0,38.59,755.41,2026-09-27 10:00:00
ITEM000026227,ORD00014197,SKU00288,Books,3,554.22,117.51,1545.15,2026-09-27 10:00:00
ITEM000026228,ORD00013005,SKU00237,Fashion,3,1339.74,84.48,3934.74,2026-09-27 10:00:00
ITEM000026229,ORD00013691,SKU00158,Grocery,1,553.11,199.66,353.45,2026-09-27 10:00:00
ITEM000026230,ORD00013303,SKU00102,Home,1,186.98,105.44,81.54,2026-09-27 10:00:00
ITEM000026231,ORD00012763,SKU00364,Books,2,166.13,153.02,179.24,2026-09-27 10:00:00
ITEM000026232,ORD00012705,SKU00483,Home,2,179.75,33.72,325.78,2026-09-27 10:00:00
ITEM000026233,ORD00012499,SKU00224,Beauty,2,453.27,190.51,716.03,2026-09-27 10:00:00
ITEM000026234,ORD00014229,SKU00128,Books,3,444.05,64.72,1267.43,2026-09-27 10:00:00
ITEM000026235,ORD00014531,SKU00222,Home,1,222.68,136.82,85.86,2026-09-27 10:00:00
ITEM000026236,ORD00013081,SKU00326,Books,1,460.15,19.37,440.78,2026-09-27 10:00:00
ITEM000026237,ORD00012888,SKU00385,Beauty,1,342.03,140.96,201.07,2026-09-27 10:00:00
ITEM000026238,ORD00012046,SKU00094,Grocery,3,439.66,117.94,1201.04,2026-09-27 10:00:00
ITEM000026239,ORD00013309,SKU00365,Electronics,3,292.5,139.38,738.12,2026-09-27 10:00:00
ITEM000026240,ORD00014216,SKU00452,Grocery,1,637.08,172.19,464.89,2026-09-27 10:00:00
ITEM000026241,ORD00013068,SKU00182,Electronics,2,324.28,0.9,647.66,2026-09-27 10:00:00
ITEM000026242,ORD00014151,SKU00318,Books,2,123.25,164.81,81.69,2026-09-27 10:00:00
ITEM000026243,ORD00013050,SKU00345,Fashion,2,1032.16,189.62,1874.7,2026-09-27 10:00:00
ITEM000026244,ORD00013427,SKU00155,Books,3,254.09,51.91,710.36,2026-09-27 10:00:00
ITEM000026245,ORD00013630,SKU00474,Beauty,3,608.26,194.75,1630.03,2026-09-27 10:00:00
ITEM000026246,ORD00014165,SKU00123,Beauty,3,270.63,150.77,661.12,2026-09-27 10:00:00
ITEM000026247,ORD00013376,SKU00241,Home,2,346.26,93.18,599.34,2026-09-27 10:00:00
ITEM000026248,ORD00012079,SKU00129,Home,2,479.12,40.23,918.01,2026-09-27 10:00:00
ITEM000026249,ORD00012012,SKU00032,Beauty,3,766.8,135.81,2164.59,2026-09-27 10:00:00
ITEM000026250,ORD00014946,SKU00118,Grocery,2,431.19,183.37,679.01,2026-09-27 10:00:00
ITEM000026251,ORD00014184,SKU00036,Grocery,3,987.18,18.56,2942.98,2026-09-27 10:00:00
ITEM000026252,ORD00014030,SKU00065,Fashion,1,163.19,182.25,-19.06,2026-09-27 10:00:00
ITEM000026253,ORD00012199,SKU00237,Home,2,219.75,2.04,437.46,2026-09-27 10:00:00
ITEM000026254,ORD00012265,SKU00107,Home,2,382.85,63.85,701.85,2026-09-27 10:00:00
ITEM000026255,ORD00013820,SKU00145,Fashion,1,106.95,5.11,101.84,2026-09-27 10:00:00
ITEM000026256,ORD00012601,SKU00125,Beauty,1,212.48,6.11,206.37,2026-09-27 10:00:00
ITEM000026257,ORD00014222,SKU00007,Beauty,3,122.33,46.04,320.95,2026-09-27 10:00:00
ITEM000026258,ORD00013970,SKU00436,Electronics,1,191.75,66.04,125.71,2026-09-27 10:00:00
ITEM000026259,ORD00012012,SKU00148,Beauty,3,317.74,0.25,952.97,2026-09-27 10:00:00
ITEM000026260,ORD00012006,SKU00161,Sports,3,763.45,81.8,2208.55,2026-09-27 10:00:00
ITEM000026261,ORD00012414,SKU00432,Books,2,172.34,160.35,184.33,2026-09-27 10:00:00
ITEM000026262,ORD00013603,SKU00292,Beauty,3,438.83,43.75,1272.74,2026-09-27 10:00:00
ITEM000026263,ORD00013699,SKU00240,Electronics,3,308.19,164.76,759.81,2026-09-27 10:00:00
ITEM000026264,ORD00014385,SKU00016,Beauty,1,447.47,193.16,254.31,2026-09-27 10:00:00
ITEM000026265,ORD00013140,SKU00017,Electronics,3,171.4,39.36,474.84,2026-09-27 10:00:00
ITEM000026266,ORD00013748,SKU00286,Home,3,309.85,50.46,879.09,2026-09-27 10:00:00
ITEM000026267,ORD00013730,SKU00365,Books,2,72.8,20.27,125.33,2026-09-27 10:00:00
ITEM000026268,ORD00013671,SKU00451,Sports,1,157.75,139.62,18.13,2026-09-27 10:00:00
ITEM000026269,ORD00013565,SKU00116,Grocery,1,403.17,38.14,365.03,2026-09-27 10:00:00
ITEM000026270,ORD00013423,SKU00411,Fashion,2,139.12,50.7,227.54,2026-09-27 10:00:00
ITEM000026271,ORD00012686,SKU00099,Home,3,202.99,43.43,565.54,2026-09-27 10:00:00
ITEM000026272,ORD00013294,SKU00160,Home,3,838.93,114.77,2402.02,2026-09-27 10:00:00
ITEM000026273,ORD00014361,SKU00382,Grocery,2,660.77,172.19,1149.35,2026-09-27 10:00:00
ITEM000026274,ORD00014822,SKU00053,Sports,3,87.79,178.0,85.37,2026-09-27 10:00:00
ITEM000026275,ORD00012010,SKU00127,Home,1,403.26,35.66,367.6,2026-09-27 10:00:00
ITEM000026276,ORD00013221,SKU00320,Electronics ,1,248.41,36.88,211.53,2026-09-27 10:00:00
ITEM000026277,ORD00012916,SKU00193,Sports,3,264.79,3.47,790.9,2026-09-27 10:00:00
ITEM000026278,ORD00013701,SKU00486,Grocery,3,410.01,126.59,1103.44,2026-09-27 10:00:00
ITEM000026279,ORD00014927,SKU00417,Sports,1,1229.58,190.95,1038.63,2026-09-27 10:00:00
ITEM000026280,ORD00014807,SKU00209,Books,3,221.41,87.45,576.78,2026-09-27 10:00:00
ITEM000026281,ORD00012455,SKU00353,Beauty,3,504.57,120.88,1392.83,2026-09-27 10:00:00
ITEM000026282,ORD00012913,SKU00023,Fashion,3,301.33,155.27,748.72,2026-09-27 10:00:00
ITEM000026283,ORD00014776,SKU00012,Fashion,1,432.47,19.18,413.29,2026-09-27 10:00:00
ITEM000026284,ORD00014458,SKU00467,Grocery,2,630.57,65.4,1195.74,2026-09-27 10:00:00
ITEM000026285,ORD00013665,SKU00309,Grocery,2,1519.95,180.71,2859.19,2026-09-27 10:00:00
ITEM000026286,ORD00013479,SKU00382,Beauty,2,812.99,47.08,1578.9,2026-09-27 10:00:00
ITEM000026287,ORD00013928,SKU00233,Books,1,1000.18,100.32,899.86,2026-09-27 10:00:00
ITEM000026288,ORD00012792,SKU00394,Home,3,784.61,123.2,2230.63,2026-09-27 10:00:00
ITEM000026289,ORD00014755,SKU00088,Fashion,3,300.9,7.42,895.28,2026-09-27 10:00:00
ITEM000026290,ORD00013440,SKU00238,Beauty,2,549.19,179.2,919.18,2026-09-27 10:00:00
ITEM000026291,ORD00014791,SKU00468,Electronics,1,170.69,22.54,148.15,2026-09-27 10:00:00
ITEM000026292,ORD00013907,SKU00188,Beauty,1,833.32,108.22,725.1,2026-09-27 10:00:00
ITEM000026293,ORD00014184,SKU00156,Fashion,1,298.38,148.76,149.62,2026-09-27 10:00:00
ITEM000026294,ORD00013459,SKU00148,Electronics,2,162.34,190.29,134.39,2026-09-27 10:00:00
ITEM000026295,ORD00014144,SKU00474,Electronics,2,940.84,172.81,1708.87,2026-09-27 10:00:00
ITEM000026296,ORD00014481,SKU00045,Fashion,1,102.48,181.52,-79.04,2026-09-27 10:00:00
ITEM000026297,ORD00012917,SKU00109,Books,2,509.54,168.11,850.97,2026-09-27 10:00:00
ITEM000026298,ORD00014083,SKU00209,Beauty,1,741.17,93.76,647.41,2026-09-27 10:00:00
ITEM000026299,ORD00014394,SKU00350,Electronics,1,342.45,5.89,336.56,2026-09-27 10:00:00
ITEM000026300,ORD00012529,SKU00425,Grocery,1,427.04,165.39,261.65,2026-09-27 10:00:00
ITEM000026301,ORD00014371,SKU00435,Sports,3,43.96,75.64,56.24,2026-09-27 10:00:00
ITEM000026302,ORD00013486,SKU00475,Grocery,1,303.54,41.51,262.03,2026-09-27 10:00:00
ITEM000026303,ORD00013681,SKU00395,Electronics,3,129.61,155.82,233.01,2026-09-27 10:00:00
ITEM000026304,ORD00013303,SKU00488,Grocery,2,735.75,123.43,1348.07,2026-09-27 10:00:00
ITEM000026305,ORD00014841,SKU00390,Sports,3,304.87,164.26,750.35,2026-09-27 10:00:00
ITEM000026306,ORD00014082,SKU00176,Grocery,1,377.89,56.88,321.01,2026-09-27 10:00:00
ITEM000026307,ORD00014363,SKU00443,Beauty,3,67.2,73.77,127.83,2026-09-27 10:00:00
ITEM000026308,ORD00012265,SKU00009,Sports,3,243.09,195.17,534.1,2026-09-27 10:00:00
ITEM000026309,ORD00013709,SKU00098,Electronics,3,242.99,79.65,649.32,2026-09-27 10:00:00
ITEM000026310,ORD00013630,SKU00012,Sports,3,353.03,169.99,889.1,2026-09-27 10:00:00
ITEM000026311,ORD00013246,SKU00320,Books,3,167.84,17.2,486.32,2026-09-27 10:00:00
ITEM000026312,ORD00013589,SKU00485,Books,2,215.05,79.65,350.45,2026-09-27 10:00:00
ITEM000026313,ORD00012490,SKU00184,Beauty,1,580.18,41.88,538.3,2026-09-27 10:00:00
ITEM000026314,ORD00013973,SKU00108,Grocery,1,74.18,130.4,-56.22,2026-09-27 10:00:00
ITEM000026315,ORD00012362,SKU00247,Home,3,233.61,128.81,572.02,2026-09-27 10:00:00
ITEM000026316,ORD00014703,SKU00394,Beauty,2,261.85,90.08,433.62,2026-09-27 10:00:00
ITEM000026317,ORD00012618,SKU00245,Fashion,2,81.0,46.96,115.04,2026-09-27 10:00:00
ITEM000026318,ORD00014886,SKU00260,Sports,2,181.79,2.71,360.87,2026-09-27 10:00:00
ITEM000026319,ORD00014749,SKU00339,Sports,1,153.78,186.04,-32.26,2026-09-27 10:00:00
ITEM000026320,ORD00014729,SKU00051,Sports,3,350.01,112.55,937.48,2026-09-27 10:00:00
ITEM000026321,ORD00012417,SKU00027,Sports,2,328.92,35.82,622.02,2026-09-27 10:00:00
ITEM000026322,ORD00013625,SKU00257,Grocery,2,105.39,99.82,110.96,2026-09-27 10:00:00
ITEM000026323,ORD00014429,SKU00469,Grocery,1,232.18,190.55,41.63,2026-09-27 10:00:00
ITEM000026324,ORD00014038,SKU00033,Fashion,1,245.55,50.39,195.16,2026-09-27 10:00:00
ITEM000026325,ORD00012290,SKU00347,Books,1,550.8,22.12,528.68,2026-09-27 10:00:00
ITEM000026326,ORD00014368,SKU00163,Fashion,1,479.75,80.87,398.88,2026-09-27 10:00:00
ITEM000026327,ORD00012717,SKU00134,Electronics,2,122.35,64.25,180.45,2026-09-27 10:00:00
ITEM000026328,ORD00012059,SKU00069,Grocery,1,542.77,21.33,521.44,2026-09-27 10:00:00
ITEM000026329,ORD00013939,SKU00143,Home,1,3507.47,136.05,3371.42,2026-09-27 10:00:00
ITEM000026330,ORD00014961,SKU00197,Electronics ,1,226.06,3.52,222.54,2026-09-27 10:00:00
ITEM000026331,ORD00013455,SKU00027,Grocery,1,889.31,160.31,729.0,2026-09-27 10:00:00
ITEM000026332,ORD00014024,SKU00122,Beauty,1,644.24,20.0,624.24,2026-09-27 10:00:00
ITEM000026333,ORD00013355,SKU00486,Grocery,1,271.93,183.82,88.11,2026-09-27 10:00:00
ITEM000026334,ORD00012914,SKU00016,Home,2,235.4,19.52,451.28,2026-09-27 10:00:00
ITEM000026335,ORD00013801,SKU00094,Beauty,2,395.74,191.83,599.65,2026-09-27 10:00:00
ITEM000026336,ORD00013384,SKU00490,Electronics,1,214.53,129.92,84.61,2026-09-27 10:00:00
ITEM000026337,ORD00014720,SKU00015,Sports,3,294.31,114.29,768.64,2026-09-27 10:00:00
ITEM000026338,ORD00012087,SKU00183,Home,2,372.93,97.75,648.11,2026-09-27 10:00:00
ITEM000026339,ORD00012211,SKU00306,Electronics,1,574.96,43.92,531.04,2026-09-27 10:00:00
ITEM000026340,ORD00014339,SKU00333,Home,3,281.48,143.03,701.41,2026-09-27 10:00:00
ITEM000026341,ORD00012599,SKU00119,Books,1,799.64,120.2,679.44,2026-09-27 10:00:00
ITEM000026342,ORD00014798,SKU00107,Fashion,2,1386.59,90.34,2682.84,2026-09-27 10:00:00
ITEM000026343,ORD00012220,SKU00413,Books,2,737.1,177.37,1296.83,2026-09-27 10:00:00
ITEM000026344,ORD00013392,SKU00147,Electronics,2,89.64,72.69,106.59,2026-09-27 10:00:00
ITEM000026345,ORD00012427,SKU00355,Beauty,1,2493.11,89.59,2403.52,2026-09-27 10:00:00
ITEM000026346,ORD00014531,SKU00482,Beauty,1,202.72,59.18,143.54,2026-09-27 10:00:00
ITEM000026347,ORD00013922,SKU00075,Electronics,3,149.49,28.52,419.95,2026-09-27 10:00:00
ITEM000026348,ORD00013605,SKU00196,Fashion,3,528.62,166.41,1419.45,2026-09-27 10:00:00
ITEM000026349,ORD00014822,SKU00066,Grocery,3,790.15,24.77,2345.68,2026-09-27 10:00:00
ITEM000026350,ORD00014037,SKU00183,Electronics,1,602.12,101.56,500.56,2026-09-27 10:00:00
ITEM000026351,ORD00014153,SKU00043,Books,3,1102.97,139.12,3169.79,2026-09-27 10:00:00
ITEM000026352,ORD00014700,SKU00247,Home,1,1663.19,10.61,1652.58,2026-09-27 10:00:00
ITEM000026353,ORD00012455,SKU00129,Fashion,3,758.16,170.13,2104.35,2026-09-27 10:00:00
ITEM000026354,ORD00014327,SKU00124,Grocery,1,1012.34,88.99,923.35,2026-09-27 10:00:00
ITEM000026355,ORD00012996,SKU00279,Fashion,3,150.64,23.58,428.34,2026-09-27 10:00:00
ITEM000026356,ORD00014673,SKU00204,Books,3,204.79,66.88,547.49,2026-09-27 10:00:00
ITEM000026357,ORD00012148,SKU00316,Fashion,2,317.08,103.22,530.94,2026-09-27 10:00:00
ITEM000026358,ORD00014166,SKU00259,Home,1,529.37,126.99,402.38,2026-09-27 10:00:00
ITEM000026359,ORD00013120,SKU00048,Fashion,3,370.02,75.13,1034.93,2026-09-27 10:00:00
ITEM000026360,ORD00012706,SKU00315,Grocery,1,786.01,1.73,784.28,2026-09-27 10:00:00
ITEM000026361,ORD00013919,SKU00301,Sports,1,268.47,81.51,186.96,2026-09-27 10:00:00
ITEM000026362,ORD00012439,SKU00177,Sports,2,197.8,190.18,205.42,2026-09-27 10:00:00
ITEM000026363,ORD00012900,SKU00189,Beauty,3,81.15,156.22,87.23,2026-09-27 10:00:00
ITEM000026364,ORD00014875,SKU00229,Home,3,201.18,116.82,486.72,2026-09-27 10:00:00
ITEM000026365,ORD00013614,SKU00283,Sports,2,560.44,101.62,1019.26,2026-09-27 10:00:00
ITEM000026366,ORD00014917,SKU00090,Beauty,1,337.13,168.67,168.46,2026-09-27 10:00:00
ITEM000026367,ORD00012304,SKU00011,Home,1,273.87,66.46,207.41,2026-09-27 10:00:00
ITEM000026368,ORD00014131,SKU00245,Home,3,870.78,170.63,2441.71,2026-09-27 10:00:00
ITEM000026369,ORD00013865,SKU00265,Beauty,3,609.38,122.72,1705.42,2026-09-27 10:00:00
ITEM000026370,ORD00014383,SKU00012,Grocery,1,558.89,25.58,533.31,2026-09-27 10:00:00
ITEM000026371,ORD00014837,SKU00114,Home,3,437.79,142.21,1171.16,2026-09-27 10:00:00
ITEM000026372,ORD00013331,SKU00129,Sports,3,487.66,81.96,1381.02,2026-09-27 10:00:00
ITEM000026373,ORD00014488,SKU00320,Home,2,503.12,7.72,998.52,2026-09-27 10:00:00
ITEM000026374,ORD00014449,SKU00500,Electronics ,1,337.99,28.95,309.04,2026-09-27 10:00:00
ITEM000026375,ORD00013059,SKU00260,Beauty,3,170.8,182.28,330.12,2026-09-27 10:00:00
ITEM000026376,ORD00012059,SKU00160,Beauty,3,192.19,136.05,440.52,2026-09-27 10:00:00
ITEM000026377,ORD00013893,SKU00028,Beauty,2,87.76,16.44,159.08,2026-09-27 10:00:00
ITEM000026378,ORD00012458,SKU00154,Fashion,2,310.79,18.59,602.99,2026-09-27 10:00:00
ITEM000026379,ORD00014478,SKU00223,Fashion,3,522.5,5.97,1561.53,2026-09-27 10:00:00
ITEM000026380,ORD00013274,SKU00175,Sports,3,182.32,196.16,350.8,2026-09-27 10:00:00
ITEM000026381,ORD00012198,SKU00077,Beauty,1,610.09,0.16,609.93,2026-09-27 10:00:00
ITEM000026382,ORD00013362,SKU00218,Electronics,3,749.69,104.67,2144.4,2026-09-27 10:00:00
ITEM000026383,ORD00012930,SKU00306,Electronics,2,88.39,84.52,92.26,2026-09-27 10:00:00
ITEM000026384,ORD00014529,SKU00205,Fashion,2,260.71,92.59,428.83,2026-09-27 10:00:00
ITEM000026385,ORD00014454,SKU00471,Fashion,3,648.27,22.66,1922.15,2026-09-27 10:00:00
ITEM000026386,ORD00014643,SKU00362,Grocery,3,664.42,64.82,1928.44,2026-09-27 10:00:00
ITEM000026387,ORD00013031,SKU00011,Sports,3,656.27,20.62,1948.19,2026-09-27 10:00:00
ITEM000026388,ORD00013246,SKU00500,Beauty,2,772.24,6.18,1538.3,2026-09-27 10:00:00
ITEM000026389,ORD00014685,SKU00174,Home,2,484.58,175.74,793.42,2026-09-27 10:00:00
ITEM000026390,ORD00014414,SKU00244,Sports,2,260.22,19.31,501.13,2026-09-27 10:00:00
ITEM000026391,ORD00014041,SKU00093,Electronics,3,318.99,184.83,772.14,2026-09-27 10:00:00
ITEM000026392,ORD00013197,SKU00405,Grocery,3,164.53,60.29,433.3,2026-09-27 10:00:00
ITEM000026393,ORD00012050,SKU00412,Fashion,3,152.28,83.31,373.53,2026-09-27 10:00:00
ITEM000026394,ORD00013367,SKU00453,Home,1,165.55,62.08,103.47,2026-09-27 10:00:00
ITEM000026395,ORD00013958,SKU00072,Fashion,3,266.32,188.12,610.84,2026-09-27 10:00:00
ITEM000026396,ORD00013599,SKU00121,Home,1,480.0,80.51,399.49,2026-09-27 10:00:00
ITEM000026397,ORD00014552,SKU00478,Books,2,376.71,34.89,718.53,2026-09-27 10:00:00
ITEM000026398,ORD00014659,SKU00484,Electronics,2,133.4,1.0,265.8,2026-09-27 10:00:00
ITEM000026399,ORD00012389,SKU00485,Books,3,329.28,5.8,982.04,2026-09-27 10:00:00
ITEM000026400,ORD00012899,SKU00150,Home,2,304.92,94.33,515.51,2026-09-27 10:00:00
ITEM000026401,ORD00012552,SKU00457,Sports,3,362.58,116.86,970.88,2026-09-27 10:00:00
ITEM000026402,ORD00014923,SKU00054,Fashion,3,712.79,14.96,2123.41,2026-09-27 10:00:00
ITEM000026403,ORD00012660,SKU00290,Home,1,203.22,28.31,174.91,2026-09-27 10:00:00
ITEM000026404,ORD00013179,SKU00052,Fashion,2,264.0,104.8,423.2,2026-09-27 10:00:00
ITEM000026405,ORD00014591,SKU00230,Sports,1,381.98,60.84,321.14,2026-09-27 10:00:00
ITEM000026406,ORD00014390,SKU00446,Sports,1,225.17,141.43,83.74,2026-09-27 10:00:00
ITEM000026407,ORD00012185,SKU00148,Books,2,451.99,124.64,779.34,2026-09-27 10:00:00
ITEM000026408,ORD00013025,SKU00053,Beauty,3,344.62,139.5,894.36,2026-09-27 10:00:00
ITEM000026409,ORD00012566,SKU00218,Fashion,3,564.7,100.5,1593.6,2026-09-27 10:00:00
ITEM000026410,ORD00014098,SKU00498,Grocery,2,384.89,68.4,701.38,2026-09-27 10:00:00
ITEM000026411,ORD00013026,SKU00146,Books,2,415.6,90.38,740.82,2026-09-27 10:00:00
ITEM000026412,ORD00014290,SKU00480,Books,2,289.82,13.11,566.53,2026-09-27 10:00:00
ITEM000026413,ORD00013856,SKU00475,Grocery,1,483.24,141.46,341.78,2026-09-27 10:00:00
ITEM000026414,ORD00012343,SKU00007,Books,3,85.15,82.03,173.42,2026-09-27 10:00:00
ITEM000026415,ORD00012267,SKU00210,Grocery,2,503.3,191.97,814.63,2026-09-27 10:00:00
ITEM000026416,ORD00012816,SKU00378,Home,3,488.62,171.07,1294.79,2026-09-27 10:00:00
ITEM000026417,ORD00013997,SKU00114,Fashion,1,256.73,108.72,148.01,2026-09-27 10:00:00
ITEM000026418,ORD00013865,SKU00291,Fashion,3,148.11,95.47,348.86,2026-09-27 10:00:00
ITEM000026419,ORD00014616,SKU00048,Books,3,311.54,148.78,785.84,2026-09-27 10:00:00
ITEM000026420,ORD00013037,SKU00487,Grocery,1,409.99,50.55,359.44,2026-09-27 10:00:00
ITEM000026421,ORD00013386,SKU00214,Home,2,284.28,151.39,417.17,2026-09-27 10:00:00
ITEM000026422,ORD00012533,SKU00223,Home,3,860.55,76.35,2505.3,2026-09-27 10:00:00
ITEM000026423,ORD00014628,SKU00098,Fashion,3,161.66,96.4,388.58,2026-09-27 10:00:00
ITEM000026424,ORD00013069,SKU00122,Fashion,3,70.58,135.74,76.0,2026-09-27 10:00:00
ITEM000026425,ORD00013745,SKU00095,Electronics,1,399.55,178.56,220.99,2026-09-27 10:00:00
ITEM000026426,ORD00013582,SKU00105,Sports,2,362.79,87.84,637.74,2026-09-27 10:00:00
ITEM000026427,ORD00014333,SKU00283,Sports,2,292.53,192.43,392.63,2026-09-27 10:00:00
ITEM000026428,ORD00014151,SKU00211,Electronics,3,492.68,133.02,1345.02,2026-09-27 10:00:00
ITEM000026429,ORD00012357,SKU00188,Grocery,3,101.02,123.14,179.92,2026-09-27 10:00:00
ITEM000026430,ORD00013179,SKU00335,Home,2,381.06,105.79,656.33,2026-09-27 10:00:00
ITEM000026431,ORD00014238,SKU00174,Beauty,2,247.16,53.89,440.43,2026-09-27 10:00:00
ITEM000026432,ORD00014263,SKU00396,Beauty,2,182.5,48.85,316.15,2026-09-27 10:00:00
ITEM000026433,ORD00013637,SKU00245,Books,1,335.99,165.29,170.7,2026-09-27 10:00:00
ITEM000026434,ORD00013405,SKU00256,Grocery,3,192.18,112.24,464.3,2026-09-27 10:00:00
ITEM000026435,ORD00013546,SKU00335,Beauty,3,1258.24,90.99,3683.73,2026-09-27 10:00:00
ITEM000026436,ORD00014145,SKU00029,Books,3,411.77,47.81,1187.5,2026-09-27 10:00:00
ITEM000026437,ORD00013193,SKU00223,Grocery,3,480.68,19.92,1422.12,2026-09-27 10:00:00
ITEM000026438,ORD00012244,SKU00131,Grocery,2,1321.24,38.69,2603.79,2026-09-27 10:00:00
ITEM000026439,ORD00013528,SKU00370,Books,2,129.12,176.67,81.57,2026-09-27 10:00:00
ITEM000026440,ORD00012498,SKU00267,Books,2,633.68,186.41,1080.95,2026-09-27 10:00:00
ITEM000026441,ORD00013983,SKU00081,Home,3,244.23,155.82,576.87,2026-09-27 10:00:00
ITEM000026442,ORD00012989,SKU00158,Books,3,83.42,191.0,59.26,2026-09-27 10:00:00
ITEM000026443,ORD00014342,SKU00219,Books,3,126.97,180.25,200.66,2026-09-27 10:00:00
ITEM000026444,ORD00012703,SKU00365,Books,2,223.91,142.67,305.15,2026-09-27 10:00:00
ITEM000026445,ORD00013815,SKU00072,Beauty,3,384.51,13.61,1139.92,2026-09-27 10:00:00
ITEM000026446,ORD00013197,SKU00413,Grocery,1,1130.22,198.33,931.89,2026-09-27 10:00:00
ITEM000026447,ORD00014119,SKU00365,Books,2,351.54,119.93,583.15,2026-09-27 10:00:00
ITEM000026448,ORD00013797,SKU00244,Books,2,622.38,51.07,1193.69,2026-09-27 10:00:00
ITEM000026449,ORD00013058,SKU00237,Fashion,1,249.29,65.32,183.97,2026-09-27 10:00:00
ITEM000026450,ORD00012442,SKU00175,Electronics,3,228.2,93.72,590.88,2026-09-27 10:00:00
ITEM000026451,ORD00013346,SKU00060,Sports,3,2400.14,186.6,7013.82,2026-09-27 10:00:00
ITEM000026452,ORD00014467,SKU00447,Grocery,3,170.79,73.82,438.55,2026-09-27 10:00:00
ITEM000026453,ORD00014442,SKU00201,Sports,1,398.46,195.43,203.03,2026-09-27 10:00:00
ITEM000026454,ORD00014222,SKU00297,Sports,3,201.63,70.55,534.34,2026-09-27 10:00:00
ITEM000026455,ORD00012014,SKU00491,Home,2,386.87,120.57,653.17,2026-09-27 10:00:00
ITEM000026456,ORD00014241,SKU00341,Home,3,178.65,5.28,530.67,2026-09-27 10:00:00
ITEM000026457,ORD00013312,SKU00096,Fashion,1,597.6,28.15,569.45,2026-09-27 10:00:00
ITEM000026458,ORD00013458,SKU00393,Home,3,304.59,45.85,867.92,2026-09-27 10:00:00
ITEM000026459,ORD00014508,SKU00220,Electronics,1,305.58,150.63,154.95,2026-09-27 10:00:00
ITEM000026460,ORD00014741,SKU00449,Electronics,3,352.46,101.32,956.06,2026-09-27 10:00:00
ITEM000026461,ORD00014089,SKU00129,Electronics,1,556.43,158.03,398.4,2026-09-27 10:00:00
ITEM000026462,ORD00013726,SKU00211,Fashion,1,288.82,1.01,287.81,2026-09-27 10:00:00
ITEM000026463,ORD00014135,SKU00278,Books,1,226.97,29.51,197.46,2026-09-27 10:00:00
ITEM000026464,ORD00013990,SKU00203,Fashion,1,1365.09,36.49,1328.6,2026-09-27 10:00:00
ITEM000026465,ORD00012997,SKU00260,Fashion,2,147.67,78.19,217.15,2026-09-27 10:00:00
ITEM000026466,ORD00012259,SKU00454,Grocery,1,886.98,107.96,779.02,2026-09-27 10:00:00
ITEM000026467,ORD00014530,SKU00175,Home,1,350.43,50.1,300.33,2026-09-27 10:00:00
ITEM000026468,ORD00013733,SKU00056,Books,2,96.41,29.65,163.17,2026-09-27 10:00:00
ITEM000026469,ORD00012906,SKU00438,Electronics,1,1152.01,114.87,1037.14,2026-09-27 10:00:00
ITEM000026470,ORD00014195,SKU00110,Books,1,175.39,173.73,1.66,2026-09-27 10:00:00
ITEM000026471,ORD00014309,SKU00004,Beauty,3,343.63,27.93,1002.96,2026-09-27 10:00:00
ITEM000026472,ORD00014877,SKU00086,Electronics,2,411.49,124.4,698.58,2026-09-27 10:00:00
ITEM000026473,ORD00014444,SKU00454,Books,3,587.23,44.11,1717.58,2026-09-27 10:00:00
ITEM000026474,ORD00014930,SKU00179,Home,2,392.08,8.36,775.8,2026-09-27 10:00:00
ITEM000026475,ORD00012893,SKU00276,Grocery,2,386.47,55.05,717.89,2026-09-27 10:00:00
ITEM000026476,ORD00012441,SKU00043,Sports,2,487.24,17.94,956.54,2026-09-27 10:00:00
ITEM000026477,ORD00013013,SKU00465,Sports,3,249.77,41.53,707.78,2026-09-27 10:00:00
ITEM000026478,ORD00013932,SKU00339,Beauty,2,845.48,71.63,1619.33,2026-09-27 10:00:00
ITEM000026479,ORD00012917,SKU00495,Fashion,3,537.83,175.84,1437.65,2026-09-27 10:00:00
ITEM000026480,ORD00013462,SKU00113,Grocery,1,989.65,158.6,831.05,2026-09-27 10:00:00
ITEM000026481,ORD00013789,SKU00206,Sports,3,58.09,66.99,107.28,2026-09-27 10:00:00
ITEM000026482,ORD00013211,SKU00024,Grocery,3,446.17,120.03,1218.48,2026-09-27 10:00:00
ITEM000026483,ORD00012371,SKU00020,Electronics,3,1493.97,97.98,4383.93,2026-09-27 10:00:00
ITEM000026484,ORD00012184,SKU00037,Home,2,142.85,22.15,263.55,2026-09-27 10:00:00
ITEM000026485,ORD00014978,SKU00313,Electronics,1,922.02,151.92,770.1,2026-09-27 10:00:00
ITEM000026486,ORD00012460,SKU00142,Grocery,3,758.17,179.85,2094.66,2026-09-27 10:00:00
ITEM000026487,ORD00013367,SKU00002,Grocery,1,369.03,54.57,314.46,2026-09-27 10:00:00
ITEM000026488,ORD00013078,SKU00198,Home,3,547.21,143.06,1498.57,2026-09-27 10:00:00
ITEM000026489,ORD00012039,SKU00148,Sports,2,434.03,199.61,668.45,2026-09-27 10:00:00
ITEM000026490,ORD00013451,SKU00442,Sports,3,460.13,51.57,1328.82,2026-09-27 10:00:00
ITEM000026491,ORD00012464,SKU00479,Beauty,2,125.94,14.05,237.83,2026-09-27 10:00:00
ITEM000026492,ORD00014982,SKU00088,Fashion,2,475.59,44.48,906.7,2026-09-27 10:00:00
ITEM000026493,ORD00012323,SKU00356,Beauty,1,126.29,137.26,-10.97,2026-09-27 10:00:00
ITEM000026494,ORD00014484,SKU00388,Sports,3,189.15,20.43,547.02,2026-09-27 10:00:00
ITEM000026495,ORD00014287,SKU00272,Home,3,216.84,57.94,592.58,2026-09-27 10:00:00
ITEM000026496,ORD00014416,SKU00382,Fashion,2,382.99,104.7,661.28,2026-09-27 10:00:00
ITEM000026497,ORD00012153,SKU00251,Grocery,1,234.09,123.04,111.05,2026-09-27 10:00:00
ITEM000026498,ORD00012366,SKU00444,Home,2,258.03,146.34,369.72,2026-09-27 10:00:00
ITEM000026499,ORD00012935,SKU00045,Electronics,1,250.35,7.47,242.88,2026-09-27 10:00:00
ITEM000026500,ORD00014384,SKU00276,Electronics,1,319.46,173.6,145.86,2026-09-27 10:00:00
ITEM000026501,ORD00014428,SKU00481,Sports,2,169.27,145.38,193.16,2026-09-27 10:00:00
ITEM000026502,ORD00012721,SKU00124,Electronics,2,614.76,67.46,1162.06,2026-09-27 10:00:00
ITEM000026503,ORD00012878,SKU00194,Grocery,1,544.14,8.18,535.96,2026-09-27 10:00:00
ITEM000026504,ORD00014207,SKU00499,Home,2,354.99,111.33,598.65,2026-09-27 10:00:00
ITEM000026505,ORD00012371,SKU00267,Grocery,3,2191.96,143.04,6432.84,2026-09-27 10:00:00
ITEM000026506,ORD00012174,SKU00046,Fashion,1,302.07,33.21,268.86,2026-09-27 10:00:00
ITEM000026507,ORD00014915,SKU00175,Electronics,2,428.67,67.34,790.0,2026-09-27 10:00:00
ITEM000026508,ORD00013925,SKU00069,Books,1,205.27,69.83,135.44,2026-09-27 10:00:00
ITEM000026509,ORD00013705,SKU00412,Beauty,1,391.13,151.03,240.1,2026-09-27 10:00:00
ITEM000026510,ORD00014420,SKU00114,Grocery,2,283.52,20.1,546.94,2026-09-27 10:00:00
ITEM000026511,ORD00014621,SKU00348,Fashion,1,522.91,138.21,384.7,2026-09-27 10:00:00
ITEM000026512,ORD00012678,SKU00320,Sports,3,306.07,181.67,736.54,2026-09-27 10:00:00
ITEM000026513,ORD00014596,SKU00369,Electronics,1,1132.03,4.64,1127.39,2026-09-27 10:00:00
ITEM000026514,ORD00013555,SKU00426,Electronics,1,531.95,67.53,464.42,2026-09-27 10:00:00
ITEM000026515,ORD00014343,SKU00184,Beauty,3,108.2,198.49,126.11,2026-09-27 10:00:00
ITEM000026516,ORD00013224,SKU00243,Beauty,1,667.84,145.63,522.21,2026-09-27 10:00:00
ITEM000026517,ORD00013274,SKU00248,Home,3,125.07,188.87,186.34,2026-09-27 10:00:00
ITEM000026518,ORD00012548,SKU00414,Fashion,2,1319.92,113.33,2526.51,2026-09-27 10:00:00
ITEM000026519,ORD00014260,SKU00433,Sports,3,147.07,81.04,360.17,2026-09-27 10:00:00
ITEM000026520,ORD00014930,SKU00079,Home,3,210.95,47.53,585.32,2026-09-27 10:00:00
ITEM000026521,ORD00012863,SKU00103,Grocery,1,786.28,166.89,619.39,2026-09-27 10:00:00
ITEM000026522,ORD00013029,SKU00494,Grocery,2,481.2,172.56,789.84,2026-09-27 10:00:00
ITEM000026523,ORD00014194,SKU00190,Grocery,2,175.37,91.06,259.68,2026-09-27 10:00:00
ITEM000026524,ORD00012360,SKU00371,Sports,2,1230.57,92.71,2368.43,2026-09-27 10:00:00
ITEM000026525,ORD00014587,SKU00266,Grocery,3,873.9,140.64,2481.06,2026-09-27 10:00:00
ITEM000026526,ORD00014667,SKU00230,Sports,1,439.01,21.58,417.43,2026-09-27 10:00:00
ITEM000026527,ORD00012070,SKU00327,Sports,1,220.24,116.43,103.81,2026-09-27 10:00:00
ITEM000026528,ORD00012604,SKU00400,Sports,2,5455.61,68.01,10843.21,2026-09-27 10:00:00
ITEM000026529,ORD00012277,SKU00028,Electronics,3,134.74,101.01,303.21,2026-09-27 10:00:00
ITEM000026530,ORD00014738,SKU00406,Beauty,1,169.93,130.25,39.68,2026-09-27 10:00:00
ITEM000026531,ORD00012992,SKU00237,Fashion,1,261.4,179.71,81.69,2026-09-27 10:00:00
ITEM000026532,ORD00012041,SKU00143,Electronics,3,967.86,150.73,2752.85,2026-09-27 10:00:00
ITEM000026533,ORD00014213,SKU00319,Home,2,506.96,172.0,841.92,2026-09-27 10:00:00
ITEM000026534,ORD00014615,SKU00496,Fashion,1,370.54,167.58,202.96,2026-09-27 10:00:00
ITEM000026535,ORD00013015,SKU00423,Grocery,2,416.48,155.16,677.8,2026-09-27 10:00:00
ITEM000026536,ORD00014898,SKU00478,Fashion,2,161.62,49.74,273.5,2026-09-27 10:00:00
ITEM000026537,ORD00014742,SKU00104,Home,3,1332.12,121.5,3874.86,2026-09-27 10:00:00
ITEM000026538,ORD00013854,SKU00190,Books,1,217.84,110.95,106.89,2026-09-27 10:00:00
ITEM000026539,ORD00013564,SKU00292,Beauty,3,523.92,61.49,1510.27,2026-09-27 10:00:00
ITEM000026540,ORD00013575,SKU00091,Beauty,1,177.18,88.95,88.23,2026-09-27 10:00:00
ITEM000026541,ORD00014586,SKU00030,Sports,2,320.84,157.02,484.66,2026-09-27 10:00:00
ITEM000026542,ORD00012646,SKU00025,Home,3,489.89,28.0,1441.67,2026-09-27 10:00:00
ITEM000026543,ORD00013914,SKU00412,Beauty,1,501.47,56.72,444.75,2026-09-27 10:00:00
ITEM000026544,ORD00013182,SKU00260,Books,2,346.42,124.96,567.88,2026-09-27 10:00:00
ITEM000026545,ORD00013769,SKU00083,Sports,2,146.93,162.86,131.0,2026-09-27 10:00:00
ITEM000026546,ORD00014808,SKU00467,Home,1,536.78,135.91,400.87,2026-09-27 10:00:00
ITEM000026547,ORD00014101,SKU00189,Home,2,381.03,24.82,737.24,2026-09-27 10:00:00
ITEM000026548,ORD00013362,SKU00015,Fashion,3,128.81,49.36,337.07,2026-09-27 10:00:00
ITEM000026549,ORD00014234,SKU00319,Home,2,380.26,128.09,632.43,2026-09-27 10:00:00
ITEM000026550,ORD00014440,SKU00466,Home,1,278.51,195.7,82.81,2026-09-27 10:00:00
ITEM000026551,ORD00012571,SKU00199,Home,2,277.14,68.06,486.22,2026-09-27 10:00:00
ITEM000026552,ORD00013383,SKU00178,Sports,3,281.12,179.2,664.16,2026-09-27 10:00:00
ITEM000026553,ORD00013968,SKU00062,Home,1,1361.87,175.26,1186.61,2026-09-27 10:00:00
ITEM000026554,ORD00013634,SKU00116,Fashion,1,331.38,35.23,296.15,2026-09-27 10:00:00
ITEM000026555,ORD00012962,SKU00443,Electronics,1,167.87,123.24,44.63,2026-09-27 10:00:00
ITEM000026556,ORD00014057,SKU00011,Sports,1,336.61,12.13,324.48,2026-09-27 10:00:00
ITEM000026557,ORD00013912,SKU00249,Books,2,163.48,7.77,319.19,2026-09-27 10:00:00
ITEM000026558,ORD00012490,SKU00293,Fashion,3,146.75,14.19,426.06,2026-09-27 10:00:00
ITEM000026559,ORD00014655,SKU00364,Home,3,687.79,142.66,1920.71,2026-09-27 10:00:00
ITEM000026560,ORD00012763,SKU00446,Grocery,3,90.03,72.34,197.75,2026-09-27 10:00:00
ITEM000026561,ORD00012192,SKU00412,Books,2,560.77,121.35,1000.19,2026-09-27 10:00:00
ITEM000026562,ORD00012443,SKU00242,Books,1,346.77,172.89,173.88,2026-09-27 10:00:00
ITEM000026563,ORD00012819,SKU00415,Fashion,1,448.49,104.57,343.92,2026-09-27 10:00:00
ITEM000026564,ORD00014210,SKU00448,Grocery,2,776.34,195.47,1357.21,2026-09-27 10:00:00
ITEM000026565,ORD00013174,SKU00239,Grocery,3,495.99,97.31,1390.66,2026-09-27 10:00:00
ITEM000026566,ORD00013076,SKU00169,Home,1,247.19,132.87,114.32,2026-09-27 10:00:00
ITEM000026567,ORD00013695,SKU00048,Fashion,2,84.31,54.88,113.74,2026-09-27 10:00:00
ITEM000026568,ORD00012394,SKU00288,Electronics,2,164.85,35.3,294.4,2026-09-27 10:00:00
ITEM000026569,ORD00014569,SKU00152,Books,3,508.61,73.84,1451.99,2026-09-27 10:00:00
ITEM000026570,ORD00012536,SKU00250,Sports,1,852.79,169.86,682.93,2026-09-27 10:00:00
ITEM000026571,ORD00013136,SKU00250,Sports,2,708.29,174.48,1242.1,2026-09-27 10:00:00
ITEM000026572,ORD00014086,SKU00196,Beauty,1,184.06,39.96,144.1,2026-09-27 10:00:00
ITEM000026573,ORD00012079,SKU00457,Electronics,3,174.94,112.21,412.61,2026-09-27 10:00:00
ITEM000026574,ORD00012467,SKU00021,Books,1,243.89,43.86,200.03,2026-09-27 10:00:00
ITEM000026575,ORD00013252,SKU00297,Electronics,3,705.39,101.15,2015.02,2026-09-27 10:00:00
ITEM000026576,ORD00013074,SKU00098,Electronics,3,543.44,2.65,1627.67,2026-09-27 10:00:00
ITEM000026577,ORD00013589,SKU00139,Beauty,1,397.17,146.3,250.87,2026-09-27 10:00:00
ITEM000026578,ORD00013621,SKU00052,Fashion,2,157.35,194.11,120.59,2026-09-27 10:00:00
ITEM000026579,ORD00014285,SKU00046,Home,3,1284.41,179.91,3673.32,2026-09-27 10:00:00
ITEM000026580,ORD00012136,SKU00318,Home,1,307.84,24.71,283.13,2026-09-27 10:00:00
ITEM000026581,ORD00013442,SKU00275,Beauty,3,251.1,3.21,750.09,2026-09-27 10:00:00
ITEM000026582,ORD00014431,SKU00042,Fashion,1,399.62,29.07,370.55,2026-09-27 10:00:00
ITEM000026583,ORD00014990,SKU00261,Beauty,2,329.34,155.64,503.04,2026-09-27 10:00:00
ITEM000026584,ORD00012910,SKU00032,Electronics,1,394.14,145.11,249.03,2026-09-27 10:00:00
ITEM000026585,ORD00013148,SKU00476,Books,1,64.0,121.62,-57.62,2026-09-27 10:00:00
ITEM000026586,ORD00012017,SKU00308,Home,2,612.2,68.19,1156.21,2026-09-27 10:00:00
ITEM000026587,ORD00014836,SKU00456,Books,1,467.4,44.75,422.65,2026-09-27 10:00:00
ITEM000026588,ORD00013682,SKU00328,Sports,3,711.32,196.89,1937.07,2026-09-27 10:00:00
ITEM000026589,ORD00012442,SKU00028,Grocery,2,256.79,99.56,414.02,2026-09-27 10:00:00
ITEM000026590,ORD00014350,SKU00329,Fashion,2,77.28,103.93,50.63,2026-09-27 10:00:00
ITEM000026591,ORD00014967,SKU00144,Beauty,1,684.72,72.6,612.12,2026-09-27 10:00:00
ITEM000026592,ORD00014629,SKU00291,Fashion,3,670.81,59.78,1952.65,2026-09-27 10:00:00
ITEM000026593,ORD00014512,SKU00171,Sports,1,177.02,64.01,113.01,2026-09-27 10:00:00
ITEM000026594,ORD00014906,SKU00363,Beauty,1,92.91,51.2,41.71,2026-09-27 10:00:00
ITEM000026595,ORD00014123,SKU00101,Grocery,3,282.4,21.58,825.62,2026-09-27 10:00:00
ITEM000026596,ORD00014438,SKU00044,Home,3,347.77,59.72,983.59,2026-09-27 10:00:00
ITEM000026597,ORD00013180,SKU00313,Sports,2,84.19,88.93,79.45,2026-09-27 10:00:00
ITEM000026598,ORD00012854,SKU00181,Fashion,3,505.77,118.0,1399.31,2026-09-27 10:00:00
ITEM000026599,ORD00012211,SKU00206,Home,3,288.25,82.22,782.53,2026-09-27 10:00:00
ITEM000026600,ORD00014083,SKU00388,Beauty,3,452.28,6.92,1349.92,2026-09-27 10:00:00
ITEM000026601,ORD00014591,SKU00359,Electronics,2,71.75,9.57,133.93,2026-09-27 10:00:00
ITEM000026602,ORD00014097,SKU00358,Fashion,3,303.28,48.86,860.98,2026-09-27 10:00:00
ITEM000026603,ORD00013603,SKU00245,Fashion,1,743.91,196.06,547.85,2026-09-27 10:00:00
ITEM000026604,ORD00013935,SKU00269,Grocery,3,925.95,30.83,2747.02,2026-09-27 10:00:00
ITEM000026605,ORD00013992,SKU00312,Sports,3,234.88,132.29,572.35,2026-09-27 10:00:00
ITEM000026606,ORD00012532,SKU00049,Fashion,1,102.4,20.47,81.93,2026-09-27 10:00:00
ITEM000026607,ORD00014782,SKU00278,Grocery,2,667.96,91.97,1243.95,2026-09-27 10:00:00
ITEM000026608,ORD00013701,SKU00049,Electronics,1,1605.51,57.34,1548.17,2026-09-27 10:00:00
ITEM000026609,ORD00013522,SKU00063,Home,3,354.55,127.63,936.02,2026-09-27 10:00:00
ITEM000026610,ORD00014497,SKU00316,Fashion,2,196.63,20.75,372.51,2026-09-27 10:00:00
ITEM000026611,ORD00014275,SKU00251,Home,1,319.81,79.37,240.44,2026-09-27 10:00:00
ITEM000026612,ORD00013527,SKU00497,Grocery,3,506.51,102.82,1416.71,2026-09-27 10:00:00
ITEM000026613,ORD00012501,SKU00409,Grocery,1,214.65,192.84,21.81,2026-09-27 10:00:00
ITEM000026614,ORD00013311,SKU00391,Beauty,3,284.3,186.21,666.69,2026-09-27 10:00:00
ITEM000026615,ORD00012517,SKU00268,Electronics,2,138.34,102.39,174.29,2026-09-27 10:00:00
ITEM000026616,ORD00014382,SKU00096,Sports,2,205.54,169.22,241.86,2026-09-27 10:00:00
ITEM000026617,ORD00014070,SKU00095,Grocery,3,128.93,54.68,332.11,2026-09-27 10:00:00
ITEM000026618,ORD00013731,SKU00269,Electronics,3,150.8,41.04,411.36,2026-09-27 10:00:00
ITEM000026619,ORD00012716,SKU00430,Fashion,3,1542.42,102.73,4524.53,2026-09-27 10:00:00
ITEM000026620,ORD00013743,SKU00342,Electronics,1,283.9,127.4,156.5,2026-09-27 10:00:00
ITEM000026621,ORD00012254,SKU00305,Electronics,2,300.5,79.05,521.95,2026-09-27 10:00:00
ITEM000026622,ORD00014377,SKU00431,Beauty,3,488.31,34.22,1430.71,2026-09-27 10:00:00
ITEM000026623,ORD00014347,SKU00187,Books,3,1341.88,170.07,3855.57,2026-09-27 10:00:00
ITEM000026624,ORD00013884,SKU00362,Grocery,1,309.11,49.04,260.07,2026-09-27 10:00:00
ITEM000026625,ORD00012018,SKU00471,Home,1,70.15,88.71,-18.56,2026-09-27 10:00:00
ITEM000026626,ORD00012546,SKU00421,Fashion,3,206.52,175.1,444.46,2026-09-27 10:00:00
ITEM000026627,ORD00012618,SKU00367,Electronics,3,572.27,26.9,1689.91,2026-09-27 10:00:00
ITEM000026628,ORD00012406,SKU00043,Electronics,1,856.92,147.42,709.5,2026-09-27 10:00:00
ITEM000026629,ORD00014904,SKU00071,Sports,1,382.91,9.7,373.21,2026-09-27 10:00:00
ITEM000026630,ORD00012425,SKU00131,Beauty,3,373.2,156.54,963.06,2026-09-27 10:00:00
ITEM000026631,ORD00013063,SKU00029,Electronics,2,899.28,135.91,1662.65,2026-09-27 10:00:00
ITEM000026632,ORD00012542,SKU00367,Grocery,1,54.82,9.09,45.73,2026-09-27 10:00:00
ITEM000026633,ORD00013259,SKU00300,Grocery,3,1559.58,158.79,4519.95,2026-09-27 10:00:00
ITEM000026634,ORD00012942,SKU00100,Fashion,3,428.0,162.12,1121.88,2026-09-27 10:00:00
ITEM000026635,ORD00013863,SKU00230,Books,1,584.46,54.31,530.15,2026-09-27 10:00:00
ITEM000026636,ORD00012893,SKU00089,Grocery,1,665.76,20.81,644.95,2026-09-27 10:00:00
ITEM000026637,ORD00013323,SKU00269,Sports,1,484.01,87.49,396.52,2026-09-27 10:00:00
ITEM000026638,ORD00014992,SKU00312,Beauty,2,402.28,51.7,752.86,2026-09-27 10:00:00
ITEM000026639,ORD00013189,SKU00116,Beauty,2,490.12,174.97,805.27,2026-09-27 10:00:00
ITEM000026640,ORD00013467,SKU00196,Sports,3,166.5,64.45,435.05,2026-09-27 10:00:00
ITEM000026641,ORD00014955,SKU00423,Fashion,2,217.59,155.75,279.43,2026-09-27 10:00:00
ITEM000026642,ORD00012154,SKU00381,Books,3,508.39,87.12,1438.05,2026-09-27 10:00:00
ITEM000026643,ORD00014006,SKU00441,Sports,2,317.85,95.46,540.24,2026-09-27 10:00:00
ITEM000026644,ORD00013193,SKU00209,Home,2,692.64,153.72,1231.56,2026-09-27 10:00:00
ITEM000026645,ORD00014422,SKU00253,Sports,1,470.35,155.72,314.63,2026-09-27 10:00:00
ITEM000026646,ORD00012040,SKU00291,Electronics,2,212.89,188.98,236.8,2026-09-27 10:00:00
ITEM000026647,ORD00014393,SKU00491,Home,1,555.64,66.71,488.93,2026-09-27 10:00:00
ITEM000026648,ORD00014445,SKU00306,Grocery,2,404.84,114.01,695.67,2026-09-27 10:00:00
ITEM000026649,ORD00014765,SKU00429,Grocery,3,617.44,147.21,1705.11,2026-09-27 10:00:00
ITEM000026650,ORD00012311,SKU00213,Sports,3,1355.82,184.89,3882.57,2026-09-27 10:00:00
ITEM000026651,ORD00013534,SKU00410,Beauty,1,295.47,108.08,187.39,2026-09-27 10:00:00
ITEM000026652,ORD00013521,SKU00102,Home,2,748.74,128.36,1369.12,2026-09-27 10:00:00
ITEM000026653,ORD00012152,SKU00433,Fashion,2,168.92,98.41,239.43,2026-09-27 10:00:00
ITEM000026654,ORD00012209,SKU00382,Books,2,360.7,182.5,538.9,2026-09-27 10:00:00
ITEM000026655,ORD00014345,SKU00476,Electronics,2,831.17,191.37,1470.97,2026-09-27 10:00:00
ITEM000026656,ORD00013946,SKU00259,Home,1,248.88,86.57,162.31,2026-09-27 10:00:00
ITEM000026657,ORD00013803,SKU00284,Electronics,1,743.47,152.13,591.34,2026-09-27 10:00:00
ITEM000026658,ORD00013572,SKU00236,Sports,2,791.38,109.9,1472.86,2026-09-27 10:00:00
ITEM000026659,ORD00012393,SKU00261,Electronics,2,298.26,87.66,508.86,2026-09-27 10:00:00
ITEM000026660,ORD00014693,SKU00480,Grocery,3,477.04,139.7,1291.42,2026-09-27 10:00:00
ITEM000026661,ORD00014459,SKU00227,Home,2,681.8,48.21,1315.39,2026-09-27 10:00:00
ITEM000026662,ORD00013800,SKU00165,Electronics,1,975.26,130.52,844.74,2026-09-27 10:00:00
ITEM000026663,ORD00012947,SKU00225,Electronics,3,684.45,66.41,1986.94,2026-09-27 10:00:00
ITEM000026664,ORD00013254,SKU00257,Grocery,2,176.44,125.58,227.3,2026-09-27 10:00:00
ITEM000026665,ORD00014290,SKU00347,Books,3,304.21,92.11,820.52,2026-09-27 10:00:00
ITEM000026666,ORD00012693,SKU00031,Books,3,804.86,24.13,2390.45,2026-09-27 10:00:00
ITEM000026667,ORD00014907,SKU00476,Sports,3,320.91,61.19,901.54,2026-09-27 10:00:00
ITEM000026668,ORD00013707,SKU00409,Electronics,3,268.92,159.69,647.07,2026-09-27 10:00:00
ITEM000026669,ORD00014481,SKU00391,Fashion,2,221.8,192.17,251.43,2026-09-27 10:00:00
ITEM000026670,ORD00012785,SKU00253,Electronics,2,258.78,16.84,500.72,2026-09-27 10:00:00
ITEM000026671,ORD00012543,SKU00454,Electronics,2,360.26,13.0,707.52,2026-09-27 10:00:00
ITEM000026672,ORD00013865,SKU00235,Grocery,2,128.63,144.72,112.54,2026-09-27 10:00:00
ITEM000026673,ORD00012526,SKU00266,Home,3,239.03,138.24,578.85,2026-09-27 10:00:00
ITEM000026674,ORD00013004,SKU00430,Fashion,2,101.88,78.76,125.0,2026-09-27 10:00:00
ITEM000026675,ORD00014203,SKU00008,Grocery,3,682.06,150.08,1896.1,2026-09-27 10:00:00
ITEM000026676,ORD00012516,SKU00486,Beauty,2,986.69,143.88,1829.5,2026-09-27 10:00:00
ITEM000026677,ORD00014103,SKU00079,Beauty,3,390.33,25.84,1145.15,2026-09-27 10:00:00
ITEM000026678,ORD00012429,SKU00249,Beauty,3,495.91,38.32,1449.41,2026-09-27 10:00:00
ITEM000026679,ORD00014907,SKU00201,Grocery,2,325.57,23.61,627.53,2026-09-27 10:00:00
ITEM000026680,ORD00014218,SKU00353,Books,3,295.5,14.76,871.74,2026-09-27 10:00:00
ITEM000026681,ORD00012867,SKU00174,Books,2,449.93,198.04,701.82,2026-09-27 10:00:00
ITEM000026682,ORD00012892,SKU00371,Beauty,3,730.12,63.95,2126.41,2026-09-27 10:00:00
ITEM000026683,ORD00014770,SKU00362,Sports,3,152.72,141.74,316.42,2026-09-27 10:00:00
ITEM000026684,ORD00012455,SKU00109,Grocery,1,947.73,107.89,839.84,2026-09-27 10:00:00
ITEM000026685,ORD00012315,SKU00118,Home,2,200.17,99.76,300.58,2026-09-27 10:00:00
ITEM000026686,ORD00013915,SKU00123,Grocery,2,251.04,10.37,491.71,2026-09-27 10:00:00
ITEM000026687,ORD00014970,SKU00096,Electronics,1,218.84,148.17,70.67,2026-09-27 10:00:00
ITEM000026688,ORD00013002,SKU00044,Books,1,223.07,112.22,110.85,2026-09-27 10:00:00
ITEM000026689,ORD00014729,SKU00419,Electronics,2,212.64,40.44,384.84,2026-09-27 10:00:00
ITEM000026690,ORD00014674,SKU00246,Grocery,3,119.82,191.66,167.8,2026-09-27 10:00:00
ITEM000026691,ORD00014234,SKU00369,Sports,3,121.37,37.32,326.79,2026-09-27 10:00:00
ITEM000026692,ORD00012987,SKU00302,Fashion,2,79.25,124.26,34.24,2026-09-27 10:00:00
ITEM000026693,ORD00014640,SKU00299,Beauty,1,891.24,191.09,700.15,2026-09-27 10:00:00
ITEM000026694,ORD00014850,SKU00211,Books,3,1118.32,154.86,3200.1,2026-09-27 10:00:00
ITEM000026695,ORD00012688,SKU00228,Electronics,1,508.33,59.61,448.72,2026-09-27 10:00:00
ITEM000026696,ORD00013162,SKU00052,Home,2,163.09,120.85,205.33,2026-09-27 10:00:00
ITEM000026697,ORD00014474,SKU00251,Fashion,3,221.24,31.46,632.26,2026-09-27 10:00:00
ITEM000026698,ORD00013539,SKU00065,Fashion,2,136.87,51.81,221.93,2026-09-27 10:00:00
ITEM000026699,ORD00012873,SKU00207,Beauty,1,234.0,101.68,132.32,2026-09-27 10:00:00
ITEM000026700,ORD00013469,SKU00284,Sports,3,874.22,187.78,2434.88,2026-09-27 10:00:00
ITEM000026701,ORD00012481,SKU00419,Electronics,3,123.88,60.16,311.48,2026-09-27 10:00:00
ITEM000026702,ORD00013573,SKU00224,Books,1,295.53,83.06,212.47,2026-09-27 10:00:00
ITEM000026703,ORD00013907,SKU00047,Electronics,2,72.45,131.86,13.04,2026-09-27 10:00:00
ITEM000026704,ORD00013764,SKU00388,Fashion,3,117.41,109.02,243.21,2026-09-27 10:00:00
ITEM000026705,ORD00012012,SKU00040,Fashion,2,1629.98,195.72,3064.24,2026-09-27 10:00:00
ITEM000026706,ORD00013704,SKU00235,Grocery,2,89.43,135.47,43.39,2026-09-27 10:00:00
ITEM000026707,ORD00014852,SKU00292,Books,2,185.93,166.17,205.69,2026-09-27 10:00:00
ITEM000026708,ORD00012646,SKU00291,Home,1,461.58,31.66,429.92,2026-09-27 10:00:00
ITEM000026709,ORD00012475,SKU00393,Beauty,1,52.43,87.08,-34.65,2026-09-27 10:00:00
ITEM000026710,ORD00014622,SKU00098,Beauty,1,437.85,94.59,343.26,2026-09-27 10:00:00
ITEM000026711,ORD00014263,SKU00122,Electronics,2,203.8,87.51,320.09,2026-09-27 10:00:00
ITEM000026712,ORD00012732,SKU00346,Fashion,2,717.84,75.64,1360.04,2026-09-27 10:00:00
ITEM000026713,ORD00014433,SKU00289,Sports,2,102.58,119.62,85.54,2026-09-27 10:00:00
ITEM000026714,ORD00014312,SKU00079,Grocery,1,497.07,34.05,463.02,2026-09-27 10:00:00
ITEM000026715,ORD00013892,SKU00105,Grocery,1,398.06,64.44,333.62,2026-09-27 10:00:00
ITEM000026716,ORD00013973,SKU00487,Beauty,3,167.3,93.04,408.86,2026-09-27 10:00:00
ITEM000026717,ORD00012517,SKU00354,Home,3,1426.53,66.68,4212.91,2026-09-27 10:00:00
ITEM000026718,ORD00013740,SKU00066,Sports,1,525.51,151.66,373.85,2026-09-27 10:00:00
ITEM000026719,ORD00013762,SKU00046,Electronics,1,184.88,24.61,160.27,2026-09-27 10:00:00
ITEM000026720,ORD00013104,SKU00329,Sports,1,231.01,194.61,36.4,2026-09-27 10:00:00
ITEM000026721,ORD00013758,SKU00429,Beauty,2,200.2,16.82,383.58,2026-09-27 10:00:00
ITEM000026722,ORD00013113,SKU00032,Beauty,2,738.93,43.01,1434.85,2026-09-27 10:00:00
ITEM000026723,ORD00014970,SKU00054,Books,3,546.84,84.74,1555.78,2026-09-27 10:00:00
ITEM000026724,ORD00013968,SKU00422,Electronics,2,583.41,125.84,1040.98,2026-09-27 10:00:00
ITEM000026725,ORD00013052,SKU00116,Sports,1,198.26,197.07,1.19,2026-09-27 10:00:00
ITEM000026726,ORD00013603,SKU00269,Electronics,3,483.94,181.44,1270.38,2026-09-27 10:00:00
ITEM000026727,ORD00012136,SKU00350,Home,3,134.63,111.18,292.71,2026-09-27 10:00:00
ITEM000026728,ORD00014144,SKU00088,Home,3,148.73,143.24,302.95,2026-09-27 10:00:00
ITEM000026729,ORD00013838,SKU00020,Beauty,1,225.14,58.5,166.64,2026-09-27 10:00:00
ITEM000026730,ORD00013525,SKU00386,Fashion,3,77.5,196.8,35.7,2026-09-27 10:00:00
ITEM000026731,ORD00014150,SKU00007,Electronics,1,411.72,18.79,392.93,2026-09-27 10:00:00
ITEM000026732,ORD00012384,SKU00040,Fashion,1,263.9,21.35,242.55,2026-09-27 10:00:00
ITEM000026733,ORD00014315,SKU00134,Beauty,3,1074.08,82.88,3139.36,2026-09-27 10:00:00
ITEM000026734,ORD00014021,SKU00207,Books,1,183.35,59.54,123.81,2026-09-27 10:00:00
ITEM000026735,ORD00012965,SKU00151,Fashion,1,309.34,166.48,142.86,2026-09-27 10:00:00
ITEM000026736,ORD00013280,SKU00314,Books,1,779.29,137.68,641.61,2026-09-27 10:00:00
ITEM000026737,ORD00012463,SKU00129,Fashion,3,421.95,161.25,1104.6,2026-09-27 10:00:00
ITEM000026738,ORD00014499,SKU00339,Fashion,1,301.53,126.92,174.61,2026-09-27 10:00:00
ITEM000026739,ORD00014741,SKU00375,Books,2,360.37,22.51,698.23,2026-09-27 10:00:00
ITEM000026740,ORD00012208,SKU00121,Home,1,4302.99,50.78,4252.21,2026-09-27 10:00:00
ITEM000026741,ORD00012241,SKU00488,Sports,2,147.43,121.15,173.71,2026-09-27 10:00:00
ITEM000026742,ORD00012211,SKU00301,Electronics,1,250.51,77.19,173.32,2026-09-27 10:00:00
ITEM000026743,ORD00014978,SKU00052,Sports,1,428.7,2.75,425.95,2026-09-27 10:00:00
ITEM000026744,ORD00013752,SKU00084,Books,1,141.92,162.66,-20.74,2026-09-27 10:00:00
ITEM000026745,ORD00012564,SKU00426,Sports,3,388.43,96.06,1069.23,2026-09-27 10:00:00
ITEM000026746,ORD00014245,SKU00028,Fashion,1,38.03,186.69,-148.66,2026-09-27 10:00:00
ITEM000026747,ORD00013092,SKU00331,Electronics,3,33.83,173.62,-72.13,2026-09-27 10:00:00
ITEM000026748,ORD00013463,SKU00048,Sports,1,121.78,76.98,44.8,2026-09-27 10:00:00
ITEM000026749,ORD00012125,SKU00240,Electronics ,3,195.71,78.06,509.07,2026-09-27 10:00:00
ITEM000026750,ORD00012332,SKU00162,Fashion,3,184.41,178.49,374.74,2026-09-27 10:00:00
ITEM000026751,ORD00014312,SKU00129,Home,2,562.06,85.67,1038.45,2026-09-27 10:00:00
ITEM000026752,ORD00013560,SKU00047,Beauty,3,271.24,74.79,738.93,2026-09-27 10:00:00
ITEM000026753,ORD00014335,SKU00247,Grocery,2,107.84,115.28,100.4,2026-09-27 10:00:00
ITEM000026754,ORD00012353,SKU00098,Grocery,1,488.25,164.23,324.02,2026-09-27 10:00:00
ITEM000026755,ORD00012742,SKU00163,Home,1,279.69,105.2,174.49,2026-09-27 10:00:00
ITEM000026756,ORD00014509,SKU00154,Fashion,1,330.05,102.55,227.5,2026-09-27 10:00:00
ITEM000026757,ORD00014251,SKU00438,Books,2,467.95,72.1,863.8,2026-09-27 10:00:00
ITEM000026758,ORD00014557,SKU00005,Grocery,2,164.0,44.17,283.83,2026-09-27 10:00:00
ITEM000026759,ORD00012647,SKU00184,Books,3,103.94,47.77,264.05,2026-09-27 10:00:00
ITEM000026760,ORD00012080,SKU00283,Books,3,156.29,129.82,339.05,2026-09-27 10:00:00
ITEM000026761,ORD00013733,SKU00415,Books,3,136.18,64.84,343.7,2026-09-27 10:00:00
ITEM000026762,ORD00014931,SKU00112,Fashion,3,543.06,47.74,1581.44,2026-09-27 10:00:00
ITEM000026763,ORD00013835,SKU00313,Books,3,66.97,194.22,6.69,2026-09-27 10:00:00
ITEM000026764,ORD00012694,SKU00252,Grocery,2,479.38,83.31,875.45,2026-09-27 10:00:00
ITEM000026765,ORD00012104,SKU00073,Fashion,3,297.83,189.84,703.65,2026-09-27 10:00:00
ITEM000026766,ORD00014235,SKU00386,Beauty,1,255.31,175.32,79.99,2026-09-27 10:00:00
ITEM000026767,ORD00013904,SKU00221,Electronics,2,1865.75,2.39,3729.11,2026-09-27 10:00:00
ITEM000026768,ORD00014424,SKU00028,Beauty,3,889.1,107.25,2560.05,2026-09-27 10:00:00
ITEM000026769,ORD00014810,SKU00054,Beauty,2,504.19,87.35,921.03,2026-09-27 10:00:00
ITEM000026770,ORD00012805,SKU00307,Fashion,1,403.22,139.28,263.94,2026-09-27 10:00:00
ITEM000026771,ORD00014275,SKU00426,Electronics,3,1678.84,138.29,4898.23,2026-09-27 10:00:00
ITEM000026772,ORD00012208,SKU00400,Fashion,2,404.6,49.59,759.61,2026-09-27 10:00:00
ITEM000026773,ORD00012515,SKU00055,Beauty,1,270.85,86.79,184.06,2026-09-27 10:00:00
ITEM000026774,ORD00013700,SKU00171,Grocery,2,296.38,160.88,431.88,2026-09-27 10:00:00
ITEM000026775,ORD00014087,SKU00464,Books,3,275.57,107.9,718.81,2026-09-27 10:00:00
ITEM000026776,ORD00014306,SKU00142,Books,3,566.99,4.14,1696.83,2026-09-27 10:00:00
ITEM000026777,ORD00012299,SKU00374,Sports,2,135.13,6.86,263.4,2026-09-27 10:00:00
ITEM000026778,ORD00013438,SKU00293,Fashion,2,187.73,6.58,368.88,2026-09-27 10:00:00
ITEM000026779,ORD00012353,SKU00413,Fashion,1,184.89,156.81,28.08,2026-09-27 10:00:00
ITEM000026780,ORD00013154,SKU00257,Fashion,3,478.94,93.04,1343.78,2026-09-27 10:00:00
ITEM000026781,ORD00013167,SKU00013,Sports,1,103.68,82.65,21.03,2026-09-27 10:00:00
ITEM000026782,ORD00014162,SKU00112,Sports,2,239.32,160.61,318.03,2026-09-27 10:00:00
ITEM000026783,ORD00012456,SKU00084,Grocery,2,305.04,163.72,446.36,2026-09-27 10:00:00
ITEM000026784,ORD00012428,SKU00334,Books,3,138.21,192.74,221.89,2026-09-27 10:00:00
ITEM000026785,ORD00014299,SKU00411,Home,3,642.98,94.77,1834.17,2026-09-27 10:00:00
ITEM000026786,ORD00014725,SKU00386,Fashion,1,272.73,172.91,99.82,2026-09-27 10:00:00
ITEM000026787,ORD00014314,SKU00332,Electronics,3,303.94,66.86,844.96,2026-09-27 10:00:00
ITEM000026788,ORD00013079,SKU00266,Electronics,3,166.18,1.72,496.82,2026-09-27 10:00:00
ITEM000026789,ORD00014340,SKU00061,Fashion,3,494.15,35.08,1447.37,2026-09-27 10:00:00
ITEM000026790,ORD00013977,SKU00407,Books,3,188.42,107.27,457.99,2026-09-27 10:00:00
ITEM000026791,ORD00013817,SKU00341,Fashion,3,322.98,178.6,790.34,2026-09-27 10:00:00
ITEM000026792,ORD00013199,SKU00390,Grocery,3,270.7,24.53,787.57,2026-09-27 10:00:00
ITEM000026793,ORD00014217,SKU00376,Sports,3,470.7,69.63,1342.47,2026-09-27 10:00:00
ITEM000026794,ORD00014284,SKU00164,Beauty,1,805.14,25.39,779.75,2026-09-27 10:00:00
ITEM000026795,ORD00014832,SKU00310,Home,3,1257.03,156.79,3614.3,2026-09-27 10:00:00
ITEM000026796,ORD00014726,SKU00295,Fashion,1,336.19,102.9,233.29,2026-09-27 10:00:00
ITEM000026797,ORD00014684,SKU00415,Electronics,2,229.13,96.46,361.8,2026-09-27 10:00:00
ITEM000026798,ORD00014433,SKU00437,Grocery,2,415.2,106.13,724.27,2026-09-27 10:00:00
ITEM000026799,ORD00012070,SKU00151,Home,3,472.09,191.57,1224.7,2026-09-27 10:00:00
ITEM000026800,ORD00013626,SKU00397,Electronics,3,256.18,169.13,599.41,2026-09-27 10:00:00
ITEM000026801,ORD00013799,SKU00279,Grocery,3,396.23,131.09,1057.6,2026-09-27 10:00:00
ITEM000026802,ORD00013482,SKU00320,Books,1,739.88,82.94,656.94,2026-09-27 10:00:00
ITEM000026803,ORD00013343,SKU00242,Books,3,320.87,52.18,910.43,2026-09-27 10:00:00
ITEM000026804,ORD00013194,SKU00194,Books,1,636.25,40.77,595.48,2026-09-27 10:00:00
ITEM000026805,ORD00013932,SKU00215,Fashion,2,814.18,163.04,1465.32,2026-09-27 10:00:00
ITEM000026806,ORD00012796,SKU00430,Sports,2,867.64,144.52,1590.76,2026-09-27 10:00:00
ITEM000026807,ORD00013639,SKU00469,Beauty,3,197.09,191.93,399.34,2026-09-27 10:00:00
ITEM000026808,ORD00013089,SKU00071,Fashion,1,199.76,27.18,172.58,2026-09-27 10:00:00
ITEM000026809,ORD00012420,SKU00471,Grocery,2,529.55,119.95,939.15,2026-09-27 10:00:00
ITEM000026810,ORD00014858,SKU00352,Electronics,3,212.39,88.54,548.63,2026-09-27 10:00:00
ITEM000026811,ORD00012610,SKU00303,Grocery,1,461.89,113.75,348.14,2026-09-27 10:00:00
ITEM000026812,ORD00012910,SKU00164,Grocery,3,105.05,22.17,292.98,2026-09-27 10:00:00
ITEM000026813,ORD00014569,SKU00143,Books,2,1262.84,93.83,2431.85,2026-09-27 10:00:00
ITEM000026814,ORD00014201,SKU00247,Home,2,188.37,150.82,225.92,2026-09-27 10:00:00
ITEM000026815,ORD00013019,SKU00176,Fashion,2,1263.61,199.12,2328.1,2026-09-27 10:00:00
ITEM000026816,ORD00012280,SKU00453,Sports,2,81.95,144.26,19.64,2026-09-27 10:00:00
ITEM000026817,ORD00013418,SKU00181,Books,2,827.63,43.15,1612.11,2026-09-27 10:00:00
ITEM000026818,ORD00013935,SKU00399,Grocery,2,379.38,141.36,617.4,2026-09-27 10:00:00
ITEM000026819,ORD00013617,SKU00096,Beauty,1,607.9,15.44,592.46,2026-09-27 10:00:00
ITEM000026820,ORD00012587,SKU00329,Grocery,1,185.78,176.91,8.87,2026-09-27 10:00:00
ITEM000026821,ORD00012279,SKU00070,Beauty,3,794.49,55.42,2328.05,2026-09-27 10:00:00
ITEM000026822,ORD00013688,SKU00314,Grocery,2,42.54,55.65,29.43,2026-09-27 10:00:00
ITEM000026823,ORD00014286,SKU00117,Home,2,443.14,15.4,870.88,2026-09-27 10:00:00
ITEM000026824,ORD00013417,SKU00151,Beauty,1,743.59,24.74,718.85,2026-09-27 10:00:00
ITEM000026825,ORD00012653,SKU00153,Home,1,697.09,47.35,649.74,2026-09-27 10:00:00
ITEM000026826,ORD00013334,SKU00471,Beauty,2,208.76,37.78,379.74,2026-09-27 10:00:00
ITEM000026827,ORD00013441,SKU00244,Sports,3,98.12,92.62,201.74,2026-09-27 10:00:00
ITEM000026828,ORD00012462,SKU00352,Sports,1,195.64,81.93,113.71,2026-09-27 10:00:00
ITEM000026829,ORD00012044,SKU00001,Home,3,254.83,56.16,708.33,2026-09-27 10:00:00
ITEM000026830,ORD00013590,SKU00341,Fashion,2,566.96,152.12,981.8,2026-09-27 10:00:00
ITEM000026831,ORD00014737,SKU00074,Sports,3,351.05,83.29,969.86,2026-09-27 10:00:00
ITEM000026832,ORD00012401,SKU00446,Home,3,1422.8,163.46,4104.94,2026-09-27 10:00:00
ITEM000026833,ORD00013163,SKU00308,Sports,3,179.04,133.57,403.55,2026-09-27 10:00:00
ITEM000026834,ORD00014387,SKU00104,Fashion,3,599.77,17.33,1781.98,2026-09-27 10:00:00
ITEM000026835,ORD00013762,SKU00012,Home,1,204.57,92.15,112.42,2026-09-27 10:00:00
ITEM000026836,ORD00012128,SKU00261,Sports,3,311.89,151.19,784.48,2026-09-27 10:00:00
ITEM000026837,ORD00013993,SKU00078,Beauty,1,343.14,41.13,302.01,2026-09-27 10:00:00
ITEM000026838,ORD00014742,SKU00040,Fashion,1,863.5,20.7,842.8,2026-09-27 10:00:00
ITEM000026839,ORD00012878,SKU00290,Grocery,2,122.15,40.96,203.34,2026-09-27 10:00:00
ITEM000026840,ORD00012311,SKU00304,Books,2,252.45,18.38,486.52,2026-09-27 10:00:00
ITEM000026841,ORD00012895,SKU00059,Books,2,367.51,120.32,614.7,2026-09-27 10:00:00
ITEM000026842,ORD00012345,SKU00336,Fashion,3,680.64,33.25,2008.67,2026-09-27 10:00:00
ITEM000026843,ORD00013532,SKU00188,Electronics,1,333.45,40.06,293.39,2026-09-27 10:00:00
ITEM000026844,ORD00014539,SKU00077,Books,1,284.95,69.06,215.89,2026-09-27 10:00:00
ITEM000026845,ORD00012172,SKU00392,Grocery,1,306.3,134.68,171.62,2026-09-27 10:00:00
ITEM000026846,ORD00013050,SKU00140,Sports,1,289.07,76.06,213.01,2026-09-27 10:00:00
ITEM000026847,ORD00014483,SKU00274,Fashion,3,424.07,136.79,1135.42,2026-09-27 10:00:00
ITEM000026848,ORD00014627,SKU00436,Home,2,296.38,182.66,410.1,2026-09-27 10:00:00
ITEM000026849,ORD00012689,SKU00284,Beauty,3,114.8,180.49,163.91,2026-09-27 10:00:00
ITEM000026850,ORD00013201,SKU00394,Home,2,205.31,27.79,382.83,2026-09-27 10:00:00
ITEM000026851,ORD00014820,SKU00103,Home,2,503.05,20.21,985.89,2026-09-27 10:00:00
ITEM000026852,ORD00014878,SKU00051,Electronics,1,1029.92,6.13,1023.79,2026-09-27 10:00:00
ITEM000026853,ORD00013542,SKU00310,Electronics,2,106.51,133.89,79.13,2026-09-27 10:00:00
ITEM000026854,ORD00014874,SKU00334,Electronics,2,88.72,103.15,74.29,2026-09-27 10:00:00
ITEM000026855,ORD00014523,SKU00402,Books,1,552.38,14.02,538.36,2026-09-27 10:00:00
ITEM000026856,ORD00014018,SKU00243,Grocery,3,181.51,108.94,435.59,2026-09-27 10:00:00
ITEM000026857,ORD00013034,SKU00450,Fashion,2,178.16,142.39,213.93,2026-09-27 10:00:00
ITEM000026858,ORD00013689,SKU00115,Books,3,929.76,159.47,2629.81,2026-09-27 10:00:00
ITEM000026859,ORD00012222,SKU00158,Electronics,3,452.96,40.02,1318.86,2026-09-27 10:00:00
ITEM000026860,ORD00012935,SKU00488,Sports,3,127.36,178.7,203.38,2026-09-27 10:00:00
ITEM000026861,ORD00013146,SKU00092,Electronics,2,1494.35,87.23,2901.47,2026-09-27 10:00:00
ITEM000026862,ORD00013332,SKU00054,Beauty,2,731.75,111.62,1351.88,2026-09-27 10:00:00
ITEM000026863,ORD00013949,SKU00449,Electronics,3,332.61,33.93,963.9,2026-09-27 10:00:00
ITEM000026864,ORD00014464,SKU00446,Beauty,1,225.39,163.7,61.69,2026-09-27 10:00:00
ITEM000026865,ORD00013609,SKU00439,Home,2,1159.34,128.34,2190.34,2026-09-27 10:00:00
ITEM000026866,ORD00014167,SKU00342,Home,2,423.68,48.77,798.59,2026-09-27 10:00:00
ITEM000026867,ORD00012537,SKU00146,Home,2,195.24,10.56,379.92,2026-09-27 10:00:00
ITEM000026868,ORD00014882,SKU00455,Books,1,1056.51,126.6,929.91,2026-09-27 10:00:00
ITEM000026869,ORD00013057,SKU00300,Sports,1,376.41,181.39,195.02,2026-09-27 10:00:00
ITEM000026870,ORD00012340,SKU00452,Books,3,342.36,129.9,897.18,2026-09-27 10:00:00
ITEM000026871,ORD00014776,SKU00312,Beauty,3,199.2,5.13,592.47,2026-09-27 10:00:00
ITEM000026872,ORD00013212,SKU00214,Grocery,3,349.06,44.81,1002.37,2026-09-27 10:00:00
ITEM000026873,ORD00014971,SKU00322,Books,3,145.68,182.95,254.09,2026-09-27 10:00:00
ITEM000026874,ORD00013123,SKU00196,Grocery,2,79.17,134.15,24.19,2026-09-27 10:00:00
ITEM000026875,ORD00014963,SKU00080,Home,1,190.08,51.52,138.56,2026-09-27 10:00:00
ITEM000026876,ORD00014580,SKU00188,Grocery,3,214.51,166.3,477.23,2026-09-27 10:00:00
ITEM000026877,ORD00012294,SKU00475,Grocery,3,930.55,139.24,2652.41,2026-09-27 10:00:00
ITEM000026878,ORD00013688,SKU00397,Books,2,437.21,0.1,874.32,2026-09-27 10:00:00
ITEM000026879,ORD00014449,SKU00247,Books,3,2201.73,127.16,6478.03,2026-09-27 10:00:00
ITEM000026880,ORD00013038,SKU00413,Electronics,1,278.64,173.87,104.77,2026-09-27 10:00:00
ITEM000026881,ORD00013283,SKU00330,Books,3,717.96,121.66,2032.22,2026-09-27 10:00:00
ITEM000026882,ORD00013803,SKU00404,Fashion,2,346.17,177.6,514.74,2026-09-27 10:00:00
ITEM000026883,ORD00013693,SKU00091,Sports,3,234.21,22.59,680.04,2026-09-27 10:00:00
ITEM000026884,ORD00014282,SKU00165,Beauty,3,216.0,88.45,559.55,2026-09-27 10:00:00
ITEM000026885,ORD00013183,SKU00229,Fashion,1,267.51,90.84,176.67,2026-09-27 10:00:00
ITEM000026886,ORD00013301,SKU00023,Books,1,768.17,120.74,647.43,2026-09-27 10:00:00
ITEM000026887,ORD00013906,SKU00432,Beauty,3,257.69,29.8,743.27,2026-09-27 10:00:00
ITEM000026888,ORD00012908,SKU00057,Books,2,291.8,158.01,425.59,2026-09-27 10:00:00
ITEM000026889,ORD00014779,SKU00242,Books,1,1037.67,82.79,954.88,2026-09-27 10:00:00
ITEM000026890,ORD00014172,SKU00241,Home,3,1343.71,168.56,3862.57,2026-09-27 10:00:00
ITEM000026891,ORD00012724,SKU00072,Fashion,2,516.49,108.98,924.0,2026-09-27 10:00:00
ITEM000026892,ORD00012419,SKU00347,Grocery,1,1118.67,109.9,1008.77,2026-09-27 10:00:00
ITEM000026893,ORD00012470,SKU00262,Books,1,273.96,192.54,81.42,2026-09-27 10:00:00
ITEM000026894,ORD00012532,SKU00460,Books,2,90.83,90.58,91.08,2026-09-27 10:00:00
ITEM000026895,ORD00014342,SKU00079,Beauty,1,411.83,150.26,261.57,2026-09-27 10:00:00
ITEM000026896,ORD00014452,SKU00026,Home,1,303.82,169.75,134.07,2026-09-27 10:00:00
ITEM000026897,ORD00014072,SKU00014,Fashion,1,132.4,43.42,88.98,2026-09-27 10:00:00
ITEM000026898,ORD00012122,SKU00154,Beauty,3,194.0,13.86,568.14,2026-09-27 10:00:00
ITEM000026899,ORD00014258,SKU00471,Sports,3,205.27,61.06,554.75,2026-09-27 10:00:00
ITEM000026900,ORD00013687,SKU00457,Sports,1,181.34,170.44,10.9,2026-09-27 10:00:00
ITEM000026901,ORD00014026,SKU00155,Books,1,196.82,16.24,180.58,2026-09-27 10:00:00
ITEM000026902,ORD00014632,SKU00365,Sports,1,217.46,161.19,56.27,2026-09-27 10:00:00
ITEM000026903,ORD00014022,SKU00410,Home,1,1530.71,120.4,1410.31,2026-09-27 10:00:00
ITEM000026904,ORD00013594,SKU00391,Grocery,2,271.37,154.08,388.66,2026-09-27 10:00:00
ITEM000026905,ORD00014279,SKU00185,Home,3,133.87,23.9,377.71,2026-09-27 10:00:00
ITEM000026906,ORD00012736,SKU00110,Fashion,1,245.24,88.52,156.72,2026-09-27 10:00:00
ITEM000026907,ORD00014946,SKU00130,Books,1,152.58,73.34,79.24,2026-09-27 10:00:00
ITEM000026908,ORD00012295,SKU00009,Grocery,2,409.64,32.15,787.13,2026-09-27 10:00:00
ITEM000026909,ORD00012453,SKU00139,Grocery,2,686.39,127.16,1245.62,2026-09-27 10:00:00
ITEM000026910,ORD00014617,SKU00465,Sports,2,153.62,71.07,236.17,2026-09-27 10:00:00
ITEM000026911,ORD00014132,SKU00131,Home,2,754.19,57.77,1450.61,2026-09-27 10:00:00
ITEM000026912,ORD00013800,SKU00079,Beauty,2,78.82,153.95,3.69,2026-09-27 10:00:00
ITEM000026913,ORD00014921,SKU00145,Electronics,3,2596.4,118.46,7670.74,2026-09-27 10:00:00
ITEM000026914,ORD00013227,SKU00486,Books,3,421.47,14.43,1249.98,2026-09-27 10:00:00
ITEM000026915,ORD00013620,SKU00253,Home,2,332.78,51.43,614.13,2026-09-27 10:00:00
ITEM000026916,ORD00012025,SKU00315,Books,2,286.58,37.94,535.22,2026-09-27 10:00:00
ITEM000026917,ORD00012850,SKU00250,Fashion,1,277.75,10.61,267.14,2026-09-27 10:00:00
ITEM000026918,ORD00012521,SKU00051,Home,1,289.23,42.53,246.7,2026-09-27 10:00:00
ITEM000026919,ORD00014880,SKU00475,Home,1,267.69,198.72,68.97,2026-09-27 10:00:00
ITEM000026920,ORD00013278,SKU00101,Electronics,1,306.16,28.19,277.97,2026-09-27 10:00:00
ITEM000026921,ORD00013993,SKU00453,Beauty,1,329.08,162.09,166.99,2026-09-27 10:00:00
ITEM000026922,ORD00012032,SKU00472,Electronics,1,438.08,173.78,264.3,2026-09-27 10:00:00
ITEM000026923,ORD00013190,SKU00422,Beauty,2,637.32,198.37,1076.27,2026-09-27 10:00:00
ITEM000026924,ORD00013527,SKU00276,Books,2,246.07,117.5,374.64,2026-09-27 10:00:00
ITEM000026925,ORD00013769,SKU00053,Electronics,3,319.3,15.92,941.98,2026-09-27 10:00:00
ITEM000026926,ORD00013746,SKU00236,Fashion,3,123.86,25.88,345.7,2026-09-27 10:00:00
ITEM000026927,ORD00014017,SKU00197,Beauty,2,172.73,154.45,191.01,2026-09-27 10:00:00
ITEM000026928,ORD00012038,SKU00230,Sports,1,1272.43,120.12,1152.31,2026-09-27 10:00:00
ITEM000026929,ORD00013283,SKU00076,Fashion,2,80.4,120.93,39.87,2026-09-27 10:00:00
ITEM000026930,ORD00014168,SKU00154,Fashion,1,1634.19,84.57,1549.62,2026-09-27 10:00:00
ITEM000026931,ORD00014009,SKU00423,Electronics,1,524.2,102.59,421.61,2026-09-27 10:00:00
ITEM000026932,ORD00012699,SKU00381,Grocery,2,197.45,96.84,298.06,2026-09-27 10:00:00
ITEM000026933,ORD00014589,SKU00405,Fashion,3,330.49,107.65,883.82,2026-09-27 10:00:00
ITEM000026934,ORD00013448,SKU00024,Grocery,2,260.8,11.95,509.65,2026-09-27 10:00:00
ITEM000026935,ORD00013456,SKU00002,Grocery,2,397.7,188.52,606.88,2026-09-27 10:00:00
ITEM000026936,ORD00014622,SKU00090,Electronics,2,214.13,64.24,364.02,2026-09-27 10:00:00
ITEM000026937,ORD00013870,SKU00483,Sports,1,540.47,131.36,409.11,2026-09-27 10:00:00
ITEM000026938,ORD00014884,SKU00397,Grocery,3,251.78,55.45,699.89,2026-09-27 10:00:00
ITEM000026939,ORD00014919,SKU00204,Fashion,1,482.75,161.91,320.84,2026-09-27 10:00:00
ITEM000026940,ORD00013157,SKU00063,Home,2,196.08,105.53,286.63,2026-09-27 10:00:00
ITEM000026941,ORD00014092,SKU00445,Sports,2,179.91,88.48,271.34,2026-09-27 10:00:00
ITEM000026942,ORD00012478,SKU00095,Grocery,1,857.34,100.49,756.85,2026-09-27 10:00:00
ITEM000026943,ORD00013998,SKU00412,Books,1,405.48,29.76,375.72,2026-09-27 10:00:00
ITEM000026944,ORD00013778,SKU00498,Beauty,3,759.56,33.77,2244.91,2026-09-27 10:00:00
ITEM000026945,ORD00014647,SKU00012,Home,1,225.62,164.61,61.01,2026-09-27 10:00:00
ITEM000026946,ORD00012602,SKU00234,Beauty,2,313.01,116.71,509.31,2026-09-27 10:00:00
ITEM000026947,ORD00014313,SKU00086,Books,1,281.14,44.43,236.71,2026-09-27 10:00:00
ITEM000026948,ORD00014344,SKU00466,Electronics ,2,119.4,142.02,96.78,2026-09-27 10:00:00
ITEM000026949,ORD00013407,SKU00032,Beauty,2,343.44,85.88,601.0,2026-09-27 10:00:00
ITEM000026950,ORD00012605,SKU00237,Electronics,3,181.28,63.79,480.05,2026-09-27 10:00:00
ITEM000026951,ORD00014215,SKU00295,Sports,2,386.31,18.54,754.08,2026-09-27 10:00:00
ITEM000026952,ORD00013403,SKU00137,Beauty,3,1222.31,128.29,3538.64,2026-09-27 10:00:00
ITEM000026953,ORD00014156,SKU00236,Fashion,3,736.05,16.43,2191.72,2026-09-27 10:00:00
ITEM000026954,ORD00013510,SKU00246,Books,1,158.56,188.17,-29.61,2026-09-27 10:00:00
ITEM000026955,ORD00012286,SKU00313,Fashion,2,254.69,54.1,455.28,2026-09-27 10:00:00
ITEM000026956,ORD00013163,SKU00421,Beauty,3,819.95,78.13,2381.72,2026-09-27 10:00:00
ITEM000026957,ORD00012329,SKU00365,Sports,1,819.97,152.6,667.37,2026-09-27 10:00:00
ITEM000026958,ORD00013880,SKU00427,Home,3,423.48,188.02,1082.42,2026-09-27 10:00:00
ITEM000026959,ORD00012028,SKU00071,Beauty,1,235.23,150.86,84.37,2026-09-27 10:00:00
ITEM000026960,ORD00013571,SKU00490,Sports,1,285.46,197.92,87.54,2026-09-27 10:00:00
ITEM000026961,ORD00014220,SKU00451,Sports,2,799.24,43.22,1555.26,2026-09-27 10:00:00
ITEM000026962,ORD00013436,SKU00053,Grocery,1,145.78,39.18,106.6,2026-09-27 10:00:00
ITEM000026963,ORD00014806,SKU00477,Fashion,1,180.03,194.3,-14.27,2026-09-27 10:00:00
ITEM000026964,ORD00014235,SKU00424,Home,3,471.11,192.65,1220.68,2026-09-27 10:00:00
ITEM000026965,ORD00013192,SKU00184,Sports,1,302.05,94.79,207.26,2026-09-27 10:00:00
ITEM000026966,ORD00012598,SKU00168,Sports,3,427.8,54.13,1229.27,2026-09-27 10:00:00
ITEM000026967,ORD00014048,SKU00108,Fashion,1,248.39,134.27,114.12,2026-09-27 10:00:00
ITEM000026968,ORD00012028,SKU00154,Home,2,350.3,16.69,683.91,2026-09-27 10:00:00
ITEM000026969,ORD00013263,SKU00256,Fashion,3,117.53,21.27,331.32,2026-09-27 10:00:00
ITEM000026970,ORD00013685,SKU00103,Grocery,1,212.16,7.24,204.92,2026-09-27 10:00:00
ITEM000026971,ORD00013162,SKU00246,Grocery,3,559.0,31.86,1645.14,2026-09-27 10:00:00
ITEM000026972,ORD00014970,SKU00215,Beauty,2,163.07,124.76,201.38,2026-09-27 10:00:00
ITEM000026973,ORD00012267,SKU00102,Books,2,641.19,4.5,1277.88,2026-09-27 10:00:00
ITEM000026974,ORD00012850,SKU00367,Sports,2,446.52,7.26,885.78,2026-09-27 10:00:00
ITEM000026975,ORD00012547,SKU00271,Fashion,1,709.04,39.26,669.78,2026-09-27 10:00:00
ITEM000026976,ORD00014254,SKU00132,Grocery,3,1211.75,105.21,3530.04,2026-09-27 10:00:00
ITEM000026977,ORD00014658,SKU00419,Books,1,192.45,16.73,175.72,2026-09-27 10:00:00
ITEM000026978,ORD00013469,SKU00358,Sports,2,538.49,44.05,1032.93,2026-09-27 10:00:00
ITEM000026979,ORD00013848,SKU00017,Beauty,2,96.75,98.79,94.71,2026-09-27 10:00:00
ITEM000026980,ORD00013272,SKU00294,Fashion,1,329.36,88.13,241.23,2026-09-27 10:00:00
ITEM000026981,ORD00012985,SKU00204,Sports,1,100.72,188.79,-88.07,2026-09-27 10:00:00
ITEM000026982,ORD00012316,SKU00324,Books,1,451.65,67.08,384.57,2026-09-27 10:00:00
ITEM000026983,ORD00014728,SKU00165,Grocery,1,609.01,145.78,463.23,2026-09-27 10:00:00
ITEM000026984,ORD00012642,SKU00109,Books,1,346.62,199.69,146.93,2026-09-27 10:00:00
ITEM000026985,ORD00013651,SKU00047,Fashion,3,418.54,63.91,1191.71,2026-09-27 10:00:00
ITEM000026986,ORD00012986,SKU00475,Sports,2,291.22,116.19,466.25,2026-09-27 10:00:00
ITEM000026987,ORD00014350,SKU00361,Books,1,455.43,11.22,444.21,2026-09-27 10:00:00
ITEM000026988,ORD00014659,SKU00192,Books,1,258.53,128.2,130.33,2026-09-27 10:00:00
ITEM000026989,ORD00014377,SKU00015,Grocery,1,284.45,181.93,102.52,2026-09-27 10:00:00
ITEM000026990,ORD00013442,SKU00480,Sports,2,675.89,172.73,1179.05,2026-09-27 10:00:00
ITEM000026991,ORD00012530,SKU00348,Books,3,1195.17,20.45,3565.06,2026-09-27 10:00:00
ITEM000026992,ORD00014085,SKU00046,Books,1,852.19,180.39,671.8,2026-09-27 10:00:00
ITEM000026993,ORD00012750,SKU00334,Fashion,3,207.27,83.11,538.7,2026-09-27 10:00:00
ITEM000026994,ORD00014804,SKU00450,Books,2,138.72,89.52,187.92,2026-09-27 10:00:00
ITEM000026995,ORD00014611,SKU00085,Sports,3,147.86,160.4,283.18,2026-09-27 10:00:00
ITEM000026996,ORD00012595,SKU00473,Home,1,187.62,101.72,85.9,2026-09-27 10:00:00
ITEM000026997,ORD00013827,SKU00189,Fashion,3,464.42,129.84,1263.42,2026-09-27 10:00:00
ITEM000026998,ORD00012641,SKU00163,Grocery,3,131.96,1.43,394.45,2026-09-27 10:00:00
ITEM000026999,ORD00013546,SKU00238,Beauty,2,1208.11,153.09,2263.13,2026-09-27 10:00:00
ITEM000027000,ORD00014904,SKU00183,Beauty,1,155.08,20.0,135.08,2026-09-27 10:00:00
ITEM000027001,ORD00012744,SKU00112,Grocery,3,246.4,147.1,592.1,2026-09-27 10:00:00
ITEM000027002,ORD00012655,SKU00420,Fashion,2,117.46,83.48,151.44,2026-09-27 10:00:00
ITEM000027003,ORD00013786,SKU00132,Books,3,99.36,133.31,164.77,2026-09-27 10:00:00
ITEM000027004,ORD00013574,SKU00079,Books,1,112.4,60.56,51.84,2026-09-27 10:00:00
ITEM000027005,ORD00014102,SKU00356,Electronics,1,335.87,12.34,323.53,2026-09-27 10:00:00
ITEM000027006,ORD00013141,SKU00172,Grocery,2,248.58,103.8,393.36,2026-09-27 10:00:00
ITEM000027007,ORD00012644,SKU00341,Grocery,2,615.31,14.85,1215.77,2026-09-27 10:00:00
ITEM000027008,ORD00013254,SKU00251,Electronics,3,234.74,94.76,609.46,2026-09-27 10:00:00
ITEM000027009,ORD00013506,SKU00208,Home,3,167.23,8.27,493.42,2026-09-27 10:00:00
ITEM000027010,ORD00014634,SKU00366,Electronics,3,410.71,178.4,1053.73,2026-09-27 10:00:00
ITEM000027011,ORD00013608,SKU00156,Sports,3,445.61,56.46,1280.37,2026-09-27 10:00:00
ITEM000027012,ORD00012264,SKU00379,Home,3,723.36,99.19,2070.89,2026-09-27 10:00:00
ITEM000027013,ORD00013970,SKU00221,Beauty,1,787.65,174.08,613.57,2026-09-27 10:00:00
ITEM000027014,ORD00012716,SKU00377,Fashion,1,67.55,100.91,-33.36,2026-09-27 10:00:00
ITEM000027015,ORD00014379,SKU00253,Electronics,2,331.89,112.03,551.75,2026-09-27 10:00:00
ITEM000027016,ORD00012841,SKU00153,Electronics,3,116.0,60.43,287.57,2026-09-27 10:00:00
ITEM000027017,ORD00014492,SKU00101,Sports,1,685.54,82.64,602.9,2026-09-27 10:00:00
ITEM000027018,ORD00014770,SKU00092,Home,3,658.11,31.31,1943.02,2026-09-27 10:00:00
ITEM000027019,ORD00013175,SKU00067,Grocery,2,312.19,23.13,601.25,2026-09-27 10:00:00
ITEM000027020,ORD00012447,SKU00496,Beauty,2,217.53,42.27,392.79,2026-09-27 10:00:00
ITEM000027021,ORD00014710,SKU00319,Home,3,115.96,20.47,327.41,2026-09-27 10:00:00
ITEM000027022,ORD00014625,SKU00015,Home,3,159.33,87.74,390.25,2026-09-27 10:00:00
ITEM000027023,ORD00012575,SKU00399,Fashion,2,401.73,114.76,688.7,2026-09-27 10:00:00
ITEM000027024,ORD00014608,SKU00135,Electronics,3,1066.53,46.24,3153.35,2026-09-27 10:00:00
ITEM000027025,ORD00014541,SKU00262,Grocery,1,112.37,158.51,-46.14,2026-09-27 10:00:00
ITEM000027026,ORD00012261,SKU00383,Home,3,278.99,64.66,772.31,2026-09-27 10:00:00
ITEM000027027,ORD00012863,SKU00402,Electronics,1,678.79,170.68,508.11,2026-09-27 10:00:00
ITEM000027028,ORD00012175,SKU00348,Home,3,1003.33,185.8,2824.19,2026-09-27 10:00:00
ITEM000027029,ORD00012285,SKU00120,Grocery,3,1406.31,113.62,4105.31,2026-09-27 10:00:00
ITEM000027030,ORD00013256,SKU00444,Electronics,3,778.87,88.8,2247.81,2026-09-27 10:00:00
ITEM000027031,ORD00012715,SKU00275,Books,2,252.62,7.16,498.08,2026-09-27 10:00:00
ITEM000027032,ORD00012996,SKU00254,Fashion,3,159.42,117.37,360.89,2026-09-27 10:00:00
ITEM000027033,ORD00012967,SKU00171,Fashion,2,702.77,47.14,1358.4,2026-09-27 10:00:00
ITEM000027034,ORD00012942,SKU00001,Beauty,3,1246.55,57.35,3682.3,2026-09-27 10:00:00
ITEM000027035,ORD00012287,SKU00018,Grocery,2,177.55,12.81,342.29,2026-09-27 10:00:00
ITEM000027036,ORD00013876,SKU00133,Beauty,2,58.15,67.4,48.9,2026-09-27 10:00:00
ITEM000027037,ORD00012033,SKU00244,Grocery,2,505.09,187.0,823.18,2026-09-27 10:00:00
ITEM000027038,ORD00014977,SKU00492,Beauty,1,542.85,5.2,537.65,2026-09-27 10:00:00
ITEM000027039,ORD00013235,SKU00444,Beauty,2,156.28,61.27,251.29,2026-09-27 10:00:00
ITEM000027040,ORD00014176,SKU00148,Fashion,3,162.36,148.98,338.1,2026-09-27 10:00:00
ITEM000027041,ORD00013167,SKU00024,Fashion,3,251.76,114.13,641.15,2026-09-27 10:00:00
ITEM000027042,ORD00013416,SKU00259,Fashion,1,771.76,116.58,655.18,2026-09-27 10:00:00
ITEM000027043,ORD00013527,SKU00458,Fashion,3,459.95,39.9,1339.95,2026-09-27 10:00:00
ITEM000027044,ORD00013476,SKU00131,Grocery,1,650.96,77.22,573.74,2026-09-27 10:00:00
ITEM000027045,ORD00012841,SKU00484,Books,1,889.17,133.85,755.32,2026-09-27 10:00:00
ITEM000027046,ORD00013166,SKU00427,Fashion,2,600.07,1.44,1198.7,2026-09-27 10:00:00
ITEM000027047,ORD00014207,SKU00221,Books,2,205.26,32.22,378.3,2026-09-27 10:00:00
ITEM000027048,ORD00013931,SKU00062,Fashion,2,454.31,189.65,718.97,2026-09-27 10:00:00
ITEM000027049,ORD00013264,SKU00216,Home,1,99.23,83.38,15.85,2026-09-27 10:00:00
ITEM000027050,ORD00013147,SKU00044,Grocery,2,454.3,6.43,902.17,2026-09-27 10:00:00
ITEM000027051,ORD00013093,SKU00466,Electronics,2,556.48,110.24,1002.72,2026-09-27 10:00:00
ITEM000027052,ORD00012324,SKU00237,Grocery,3,694.11,59.37,2022.96,2026-09-27 10:00:00
ITEM000027053,ORD00014909,SKU00355,Books,3,242.29,163.47,563.4,2026-09-27 10:00:00
ITEM000027054,ORD00012346,SKU00288,Beauty,3,227.14,196.66,484.76,2026-09-27 10:00:00
ITEM000027055,ORD00014372,SKU00207,Books,1,307.44,159.98,147.46,2026-09-27 10:00:00
ITEM000027056,ORD00013342,SKU00154,Books,2,245.56,196.73,294.39,2026-09-27 10:00:00
ITEM000027057,ORD00013980,SKU00456,Beauty,3,338.7,89.04,927.06,2026-09-27 10:00:00
ITEM000027058,ORD00014119,SKU00203,Electronics,1,304.32,10.85,293.47,2026-09-27 10:00:00
ITEM000027059,ORD00013946,SKU00176,Sports,2,333.73,115.14,552.32,2026-09-27 10:00:00
ITEM000027060,ORD00014805,SKU00205,Beauty,3,92.8,129.1,149.3,2026-09-27 10:00:00
ITEM000027061,ORD00013086,SKU00338,Fashion,1,134.92,22.39,112.53,2026-09-27 10:00:00
ITEM000027062,ORD00012641,SKU00111,Fashion,3,629.96,46.09,1843.79,2026-09-27 10:00:00
ITEM000027063,ORD00012885,SKU00274,Fashion,3,378.05,137.05,997.1,2026-09-27 10:00:00
ITEM000027064,ORD00012307,SKU00325,Books,1,467.98,115.26,352.72,2026-09-27 10:00:00
ITEM000027065,ORD00013806,SKU00182,Home,3,631.45,147.47,1746.88,2026-09-27 10:00:00
ITEM000027066,ORD00012373,SKU00042,Sports,3,354.25,112.96,949.79,2026-09-27 10:00:00
ITEM000027067,ORD00013167,SKU00303,Home,1,359.21,113.66,245.55,2026-09-27 10:00:00
ITEM000027068,ORD00014358,SKU00321,Grocery,2,193.76,136.84,250.68,2026-09-27 10:00:00
ITEM000027069,ORD00012784,SKU00420,Beauty,2,344.39,146.69,542.09,2026-09-27 10:00:00
ITEM000027070,ORD00012650,SKU00333,Electronics ,2,103.65,40.55,166.75,2026-09-27 10:00:00
ITEM000027071,ORD00012739,SKU00119,Electronics,2,239.92,22.1,457.74,2026-09-27 10:00:00
ITEM000027072,ORD00014725,SKU00028,Fashion,2,361.11,15.39,706.83,2026-09-27 10:00:00
ITEM000027073,ORD00013155,SKU00411,Books,2,364.07,121.07,607.07,2026-09-27 10:00:00
ITEM000027074,ORD00012105,SKU00344,Sports,1,245.56,70.43,175.13,2026-09-27 10:00:00
ITEM000027075,ORD00012819,SKU00139,Sports,3,252.29,86.43,670.44,2026-09-27 10:00:00
ITEM000027076,ORD00012448,SKU00144,Grocery,3,307.29,81.21,840.66,2026-09-27 10:00:00
ITEM000027077,ORD00013437,SKU00453,Beauty,2,816.5,145.35,1487.65,2026-09-27 10:00:00
ITEM000027078,ORD00012969,SKU00010,Books,2,356.69,16.82,696.56,2026-09-27 10:00:00
ITEM000027079,ORD00013461,SKU00085,Electronics,1,404.14,74.13,330.01,2026-09-27 10:00:00
ITEM000027080,ORD00013317,SKU00427,Books,2,282.11,135.47,428.75,2026-09-27 10:00:00
ITEM000027081,ORD00013146,SKU00221,Home,2,970.0,150.37,1789.63,2026-09-27 10:00:00
ITEM000027082,ORD00012279,SKU00295,Home,1,128.14,186.85,-58.71,2026-09-27 10:00:00
ITEM000027083,ORD00012821,SKU00057,Books,2,281.64,18.93,544.35,2026-09-27 10:00:00
ITEM000027084,ORD00014992,SKU00112,Sports,2,270.62,61.91,479.33,2026-09-27 10:00:00
ITEM000027085,ORD00014881,SKU00326,Electronics,3,98.43,83.6,211.69,2026-09-27 10:00:00
ITEM000027086,ORD00014566,SKU00167,Beauty,1,221.81,27.84,193.97,2026-09-27 10:00:00
ITEM000027087,ORD00012397,SKU00330,Sports,1,128.3,19.1,109.2,2026-09-27 10:00:00
ITEM000027088,ORD00014220,SKU00198,Beauty,3,988.53,65.95,2899.64,2026-09-27 10:00:00
ITEM000027089,ORD00014435,SKU00069,Beauty,1,953.43,27.69,925.74,2026-09-27 10:00:00
ITEM000027090,ORD00014172,SKU00016,Grocery,1,180.76,135.98,44.78,2026-09-27 10:00:00
ITEM000027091,ORD00014726,SKU00094,Grocery,1,401.7,198.16,203.54,2026-09-27 10:00:00
ITEM000027092,ORD00013746,SKU00088,Books,3,202.61,89.48,518.35,2026-09-27 10:00:00
ITEM000027093,ORD00014952,SKU00113,Home,2,223.29,193.75,252.83,2026-09-27 10:00:00
ITEM000027094,ORD00014401,SKU00431,Sports,1,169.8,85.83,83.97,2026-09-27 10:00:00
ITEM000027095,ORD00014911,SKU00401,Fashion,2,555.1,115.36,994.84,2026-09-27 10:00:00
ITEM000027096,ORD00014656,SKU00316,Electronics,1,158.16,120.98,37.18,2026-09-27 10:00:00
ITEM000027097,ORD00012678,SKU00459,Books,2,210.52,172.94,248.1,2026-09-27 10:00:00
ITEM000027098,ORD00013504,SKU00414,Beauty,3,1074.12,91.39,3130.97,2026-09-27 10:00:00
ITEM000027099,ORD00012766,SKU00316,Grocery,1,201.79,104.41,97.38,2026-09-27 10:00:00
ITEM000027100,ORD00013565,SKU00317,Sports,1,641.26,189.21,452.05,2026-09-27 10:00:00
ITEM000027101,ORD00013248,SKU00417,Electronics,2,362.53,125.02,600.04,2026-09-27 10:00:00
ITEM000027102,ORD00012579,SKU00047,Fashion,2,537.84,77.17,998.51,2026-09-27 10:00:00
ITEM000027103,ORD00013364,SKU00190,Sports,3,303.34,101.44,808.58,2026-09-27 10:00:00
ITEM000027104,ORD00013950,SKU00449,Books,2,590.35,10.96,1169.74,2026-09-27 10:00:00
ITEM000027105,ORD00014273,SKU00147,Sports,2,94.16,3.65,184.67,2026-09-27 10:00:00
ITEM000027106,ORD00012898,SKU00483,Books,1,42.23,59.38,-17.15,2026-09-27 10:00:00
ITEM000027107,ORD00013472,SKU00131,Books,1,355.64,39.73,315.91,2026-09-27 10:00:00
ITEM000027108,ORD00013750,SKU00139,Fashion,2,401.25,74.61,727.89,2026-09-27 10:00:00
ITEM000027109,ORD00012530,SKU00347,Books,3,369.19,70.56,1037.01,2026-09-27 10:00:00
ITEM000027110,ORD00014485,SKU00458,Fashion,3,258.02,37.88,736.18,2026-09-27 10:00:00
ITEM000027111,ORD00014904,SKU00455,Beauty,2,1258.63,51.01,2466.25,2026-09-27 10:00:00
ITEM000027112,ORD00013673,SKU00185,Grocery,2,383.23,126.93,639.53,2026-09-27 10:00:00
ITEM000027113,ORD00014986,SKU00089,Grocery,1,213.79,81.14,132.65,2026-09-27 10:00:00
ITEM000027114,ORD00012436,SKU00020,Beauty,1,391.05,170.46,220.59,2026-09-27 10:00:00
ITEM000027115,ORD00014521,SKU00062,Fashion,3,580.63,152.39,1589.5,2026-09-27 10:00:00
ITEM000027116,ORD00013778,SKU00065,Home,2,762.58,136.15,1389.01,2026-09-27 10:00:00
ITEM000027117,ORD00013621,SKU00038,Electronics,3,992.76,111.61,2866.67,2026-09-27 10:00:00
ITEM000027118,ORD00013070,SKU00161,Sports,2,88.85,66.64,111.06,2026-09-27 10:00:00
ITEM000027119,ORD00013686,SKU00253,Home,2,169.44,128.87,210.01,2026-09-27 10:00:00
ITEM000027120,ORD00012598,SKU00395,Beauty,3,250.26,134.59,616.19,2026-09-27 10:00:00
ITEM000027121,ORD00012908,SKU00036,Fashion,3,360.93,94.61,988.18,2026-09-27 10:00:00
ITEM000027122,ORD00012282,SKU00446,Electronics,1,365.08,153.7,211.38,2026-09-27 10:00:00
ITEM000027123,ORD00012777,SKU00195,Sports,1,199.03,8.24,190.79,2026-09-27 10:00:00
ITEM000027124,ORD00012256,SKU00242,Electronics,2,544.57,64.0,1025.14,2026-09-27 10:00:00
ITEM000027125,ORD00012478,SKU00136,Fashion,3,318.25,157.91,796.84,2026-09-27 10:00:00
ITEM000027126,ORD00012051,SKU00156,Beauty,1,628.82,144.47,484.35,2026-09-27 10:00:00
ITEM000027127,ORD00013899,SKU00009,Home,1,131.99,92.05,39.94,2026-09-27 10:00:00
ITEM000027128,ORD00014225,SKU00049,Sports,2,388.19,172.39,603.99,2026-09-27 10:00:00
ITEM000027129,ORD00014959,SKU00443,Books,3,204.98,133.23,481.71,2026-09-27 10:00:00
ITEM000027130,ORD00012856,SKU00250,Sports,3,120.64,62.17,299.75,2026-09-27 10:00:00
ITEM000027131,ORD00012966,SKU00016,Sports,2,425.17,44.65,805.69,2026-09-27 10:00:00
ITEM000027132,ORD00014133,SKU00448,Sports,1,409.89,179.01,230.88,2026-09-27 10:00:00
ITEM000027133,ORD00012306,SKU00448,Electronics,2,310.11,37.18,583.04,2026-09-27 10:00:00
ITEM000027134,ORD00012181,SKU00487,Sports,1,187.0,101.07,85.93,2026-09-27 10:00:00
ITEM000027135,ORD00013980,SKU00010,Fashion,1,261.38,48.98,212.4,2026-09-27 10:00:00
ITEM000027136,ORD00012203,SKU00357,Home,2,306.82,172.94,440.7,2026-09-27 10:00:00
ITEM000027137,ORD00012887,SKU00032,Beauty,1,340.2,34.83,305.37,2026-09-27 10:00:00
ITEM000027138,ORD00014581,SKU00041,Fashion,3,672.14,26.45,1989.97,2026-09-27 10:00:00
ITEM000027139,ORD00013252,SKU00028,Grocery,3,245.73,60.29,676.9,2026-09-27 10:00:00
ITEM000027140,ORD00012901,SKU00214,Home,2,420.21,139.25,701.17,2026-09-27 10:00:00
ITEM000027141,ORD00014841,SKU00027,Books,1,1452.78,128.12,1324.66,2026-09-27 10:00:00
ITEM000027142,ORD00012824,SKU00424,Books,2,1008.69,31.99,1985.39,2026-09-27 10:00:00
ITEM000027143,ORD00014438,SKU00133,Beauty,3,201.81,79.6,525.83,2026-09-27 10:00:00
ITEM000027144,ORD00014331,SKU00268,Grocery,3,623.93,35.7,1836.09,2026-09-27 10:00:00
ITEM000027145,ORD00013811,SKU00057,Electronics,2,323.76,127.91,519.61,2026-09-27 10:00:00
ITEM000027146,ORD00014281,SKU00406,Home,1,463.46,22.0,441.46,2026-09-27 10:00:00
ITEM000027147,ORD00014572,SKU00035,Electronics,3,138.09,25.31,388.96,2026-09-27 10:00:00
ITEM000027148,ORD00012607,SKU00019,Electronics,1,343.03,88.16,254.87,2026-09-27 10:00:00
ITEM000027149,ORD00014225,SKU00274,Grocery,1,128.58,108.54,20.04,2026-09-27 10:00:00
ITEM000027150,ORD00013380,SKU00424,Books,1,348.68,36.07,312.61,2026-09-27 10:00:00
ITEM000027151,ORD00013969,SKU00445,Books,2,636.35,148.24,1124.46,2026-09-27 10:00:00
ITEM000027152,ORD00012643,SKU00333,Fashion,3,149.38,182.96,265.18,2026-09-27 10:00:00
ITEM000027153,ORD00014493,SKU00086,Electronics,2,533.74,191.67,875.81,2026-09-27 10:00:00
ITEM000027154,ORD00013835,SKU00474,Sports,1,295.79,73.53,222.26,2026-09-27 10:00:00
ITEM000027155,ORD00014497,SKU00067,Fashion,2,87.83,178.49,-2.83,2026-09-27 10:00:00
ITEM000027156,ORD00014105,SKU00030,Home,2,279.86,165.19,394.53,2026-09-27 10:00:00
ITEM000027157,ORD00012763,SKU00330,Electronics,2,434.37,26.16,842.58,2026-09-27 10:00:00
ITEM000027158,ORD00012600,SKU00215,Home,3,275.99,125.72,702.25,2026-09-27 10:00:00
ITEM000027159,ORD00013770,SKU00200,Beauty,1,221.22,127.69,93.53,2026-09-27 10:00:00
ITEM000027160,ORD00013720,SKU00098,Beauty,1,312.17,191.58,120.59,2026-09-27 10:00:00
ITEM000027161,ORD00012776,SKU00431,Books,2,306.4,97.48,515.32,2026-09-27 10:00:00
ITEM000027162,ORD00012733,SKU00457,Electronics,3,604.68,171.15,1642.89,2026-09-27 10:00:00
ITEM000027163,ORD00014740,SKU00401,Grocery,1,413.27,107.67,305.6,2026-09-27 10:00:00
ITEM000027164,ORD00012915,SKU00203,Grocery,3,653.13,184.29,1775.1,2026-09-27 10:00:00
ITEM000027165,ORD00014513,SKU00308,Electronics,3,717.6,55.79,2097.01,2026-09-27 10:00:00
ITEM000027166,ORD00012592,SKU00179,Home,3,159.84,8.65,470.87,2026-09-27 10:00:00
ITEM000027167,ORD00013905,SKU00099,Electronics,1,570.46,13.85,556.61,2026-09-27 10:00:00
ITEM000027168,ORD00013260,SKU00009,Sports,1,700.47,77.18,623.29,2026-09-27 10:00:00
ITEM000027169,ORD00014877,SKU00175,Sports,1,664.3,41.95,622.35,2026-09-27 10:00:00
ITEM000027170,ORD00012834,SKU00277,Electronics,2,359.0,51.33,666.67,2026-09-27 10:00:00
ITEM000027171,ORD00012363,SKU00358,Home,1,384.31,162.79,221.52,2026-09-27 10:00:00
ITEM000027172,ORD00013415,SKU00307,Books,2,575.95,168.19,983.71,2026-09-27 10:00:00
ITEM000027173,ORD00014083,SKU00177,Electronics ,1,118.02,98.94,19.08,2026-09-27 10:00:00
ITEM000027174,ORD00012296,SKU00355,Beauty,3,233.8,10.6,690.8,2026-09-27 10:00:00
ITEM000027175,ORD00014830,SKU00106,Beauty,2,134.59,129.44,139.74,2026-09-27 10:00:00
ITEM000027176,ORD00012250,SKU00394,Books,2,545.6,182.61,908.59,2026-09-27 10:00:00
ITEM000027177,ORD00013217,SKU00284,Grocery,3,511.42,90.81,1443.45,2026-09-27 10:00:00
ITEM000027178,ORD00014772,SKU00479,Home,1,552.92,145.52,407.4,2026-09-27 10:00:00
ITEM000027179,ORD00013250,SKU00036,Home,1,247.31,187.21,60.1,2026-09-27 10:00:00
ITEM000027180,ORD00014596,SKU00224,Fashion,2,146.92,144.52,149.32,2026-09-27 10:00:00
ITEM000027181,ORD00012771,SKU00244,Electronics,2,215.24,137.14,293.34,2026-09-27 10:00:00
ITEM000027182,ORD00014837,SKU00362,Grocery,2,321.53,183.77,459.29,2026-09-27 10:00:00
ITEM000027183,ORD00013407,SKU00431,Beauty,1,262.96,99.96,163.0,2026-09-27 10:00:00
ITEM000027184,ORD00013914,SKU00266,Books,2,535.91,191.65,880.17,2026-09-27 10:00:00
ITEM000027185,ORD00012482,SKU00066,Sports,1,194.75,180.69,14.06,2026-09-27 10:00:00
ITEM000027186,ORD00012329,SKU00073,Home,2,333.61,190.81,476.41,2026-09-27 10:00:00
ITEM000027187,ORD00013775,SKU00414,Home,3,176.59,134.81,394.96,2026-09-27 10:00:00
ITEM000027188,ORD00014631,SKU00201,Books,2,195.8,35.51,356.09,2026-09-27 10:00:00
ITEM000027189,ORD00012851,SKU00378,Beauty,1,187.23,93.61,93.62,2026-09-27 10:00:00
ITEM000027190,ORD00012349,SKU00294,Grocery,1,395.55,136.89,258.66,2026-09-27 10:00:00
ITEM000027191,ORD00012044,SKU00293,Fashion,1,432.35,172.66,259.69,2026-09-27 10:00:00
ITEM000027192,ORD00014781,SKU00470,Electronics,2,467.71,83.94,851.48,2026-09-27 10:00:00
ITEM000027193,ORD00014564,SKU00304,Electronics,1,406.73,131.17,275.56,2026-09-27 10:00:00
ITEM000027194,ORD00014161,SKU00065,Sports,3,464.04,179.35,1212.77,2026-09-27 10:00:00
ITEM000027195,ORD00014012,SKU00347,Beauty,1,179.36,128.54,50.82,2026-09-27 10:00:00
ITEM000027196,ORD00014621,SKU00216,Books,3,332.95,144.11,854.74,2026-09-27 10:00:00
ITEM000027197,ORD00012346,SKU00481,Grocery,3,113.37,154.64,185.47,2026-09-27 10:00:00
ITEM000027198,ORD00012556,SKU00264,Grocery,1,1159.46,178.4,981.06,2026-09-27 10:00:00
ITEM000027199,ORD00013035,SKU00400,Fashion,2,350.33,114.17,586.49,2026-09-27 10:00:00
ITEM000027200,ORD00014915,SKU00363,Sports,1,55.08,59.47,-4.39,2026-09-27 10:00:00
ITEM000027201,ORD00012837,SKU00111,Books,1,139.05,198.79,-59.74,2026-09-27 10:00:00
ITEM000027202,ORD00014732,SKU00141,Electronics,2,174.44,149.35,199.53,2026-09-27 10:00:00
ITEM000027203,ORD00012931,SKU00469,Home,1,313.16,126.66,186.5,2026-09-27 10:00:00
ITEM000027204,ORD00012286,SKU00472,Books,2,1906.55,15.25,3797.85,2026-09-27 10:00:00
ITEM000027205,ORD00012637,SKU00239,Sports,3,145.04,18.28,416.84,2026-09-27 10:00:00
ITEM000027206,ORD00012400,SKU00390,Fashion,1,312.53,149.18,163.35,2026-09-27 10:00:00
ITEM000027207,ORD00014556,SKU00376,Home,3,624.51,64.24,1809.29,2026-09-27 10:00:00
ITEM000027208,ORD00014426,SKU00245,Sports,1,416.61,41.8,374.81,2026-09-27 10:00:00
ITEM000027209,ORD00012308,SKU00492,Books,1,123.41,13.35,110.06,2026-09-27 10:00:00
ITEM000027210,ORD00012120,SKU00047,Books,3,244.44,181.94,551.38,2026-09-27 10:00:00
ITEM000027211,ORD00014657,SKU00119,Fashion,2,262.3,40.68,483.92,2026-09-27 10:00:00
ITEM000027212,ORD00012053,SKU00464,Electronics,3,480.6,108.04,1333.76,2026-09-27 10:00:00
ITEM000027213,ORD00013287,SKU00207,Electronics,1,289.2,118.31,170.89,2026-09-27 10:00:00
ITEM000027214,ORD00014652,SKU00402,Grocery,3,349.08,98.11,949.13,2026-09-27 10:00:00
ITEM000027215,ORD00014997,SKU00284,Home,2,367.49,137.65,597.33,2026-09-27 10:00:00
ITEM000027216,ORD00012904,SKU00417,Fashion,1,351.51,175.22,176.29,2026-09-27 10:00:00
ITEM000027217,ORD00013385,SKU00093,Electronics,3,423.41,140.18,1130.05,2026-09-27 10:00:00
ITEM000027218,ORD00014687,SKU00245,Fashion,2,817.64,52.82,1582.46,2026-09-27 10:00:00
ITEM000027219,ORD00012864,SKU00060,Beauty,2,343.8,92.72,594.88,2026-09-27 10:00:00
ITEM000027220,ORD00012513,SKU00028,Fashion,2,1170.25,182.49,2158.01,2026-09-27 10:00:00
ITEM000027221,ORD00014369,SKU00461,Fashion,1,268.53,54.88,213.65,2026-09-27 10:00:00
ITEM000027222,ORD00014791,SKU00257,Grocery,2,530.3,54.74,1005.86,2026-09-27 10:00:00
ITEM000027223,ORD00012044,SKU00310,Grocery,3,638.05,120.12,1794.03,2026-09-27 10:00:00
ITEM000027224,ORD00012355,SKU00035,Fashion,3,382.89,183.03,965.64,2026-09-27 10:00:00
ITEM000027225,ORD00012562,SKU00275,Sports,2,144.51,86.99,202.03,2026-09-27 10:00:00
ITEM000027226,ORD00013446,SKU00019,Books,1,238.69,186.01,52.68,2026-09-27 10:00:00
ITEM000027227,ORD00012477,SKU00347,Books,2,465.89,155.91,775.87,2026-09-27 10:00:00
ITEM000027228,ORD00014865,SKU00119,Electronics,1,425.37,8.65,416.72,2026-09-27 10:00:00
ITEM000027229,ORD00013454,SKU00354,Electronics,2,281.63,78.45,484.81,2026-09-27 10:00:00
ITEM000027230,ORD00014402,SKU00347,Grocery,1,219.75,32.58,187.17,2026-09-27 10:00:00
ITEM000027231,ORD00014195,SKU00439,Fashion,3,875.99,6.49,2621.48,2026-09-27 10:00:00
ITEM000027232,ORD00014511,SKU00499,Electronics,1,732.02,148.82,583.2,2026-09-27 10:00:00
ITEM000027233,ORD00012342,SKU00271,Books,1,387.46,167.07,220.39,2026-09-27 10:00:00
ITEM000027234,ORD00012683,SKU00147,Sports,3,986.32,32.16,2926.8,2026-09-27 10:00:00
ITEM000027235,ORD00013100,SKU00320,Electronics,1,467.57,198.58,268.99,2026-09-27 10:00:00
ITEM000027236,ORD00013911,SKU00165,Electronics,3,66.37,175.57,23.54,2026-09-27 10:00:00
ITEM000027237,ORD00013069,SKU00170,Home,1,170.49,197.65,-27.16,2026-09-27 10:00:00
ITEM000027238,ORD00013769,SKU00254,Home,3,135.17,70.15,335.36,2026-09-27 10:00:00
ITEM000027239,ORD00012859,SKU00366,Fashion,2,166.94,126.79,207.09,2026-09-27 10:00:00
ITEM000027240,ORD00013931,SKU00131,Fashion,3,307.33,141.12,780.87,2026-09-27 10:00:00
ITEM000027241,ORD00013511,SKU00024,Home,2,713.68,156.66,1270.7,2026-09-27 10:00:00
ITEM000027242,ORD00012090,SKU00496,Books,2,674.18,142.36,1206.0,2026-09-27 10:00:00
ITEM000027243,ORD00014802,SKU00025,Home,1,330.44,150.76,179.68,2026-09-27 10:00:00
ITEM000027244,ORD00013880,SKU00135,Grocery,3,271.33,161.48,652.51,2026-09-27 10:00:00
ITEM000027245,ORD00013323,SKU00041,Electronics,3,212.11,38.17,598.16,2026-09-27 10:00:00
ITEM000027246,ORD00012500,SKU00363,Books,1,872.71,137.61,735.1,2026-09-27 10:00:00
ITEM000027247,ORD00012060,SKU00426,Sports,1,198.31,168.27,30.04,2026-09-27 10:00:00
ITEM000027248,ORD00012633,SKU00396,Sports,3,1570.33,135.16,4575.83,2026-09-27 10:00:00
ITEM000027249,ORD00012413,SKU00033,Beauty,3,464.09,187.44,1204.83,2026-09-27 10:00:00
ITEM000027250,ORD00012726,SKU00354,Fashion,3,1552.51,96.01,4561.52,2026-09-27 10:00:00
ITEM000027251,ORD00013835,SKU00313,Books,1,692.08,116.85,575.23,2026-09-27 10:00:00
ITEM000027252,ORD00014873,SKU00413,Sports,3,927.09,96.9,2684.37,2026-09-27 10:00:00
ITEM000027253,ORD00012278,SKU00136,Fashion,2,1028.71,62.29,1995.13,2026-09-27 10:00:00
ITEM000027254,ORD00013241,SKU00340,Home,2,152.23,84.21,220.25,2026-09-27 10:00:00
ITEM000027255,ORD00014595,SKU00174,Grocery,2,373.92,172.53,575.31,2026-09-27 10:00:00
ITEM000027256,ORD00014593,SKU00238,Fashion,1,367.95,6.63,361.32,2026-09-27 10:00:00
ITEM000027257,ORD00014289,SKU00386,Books,1,688.31,58.35,629.96,2026-09-27 10:00:00
ITEM000027258,ORD00014008,SKU00208,Grocery,2,457.77,131.27,784.27,2026-09-27 10:00:00
ITEM000027259,ORD00014138,SKU00144,Home,3,307.36,198.19,723.89,2026-09-27 10:00:00
ITEM000027260,ORD00013970,SKU00345,Sports,2,292.3,4.75,579.85,2026-09-27 10:00:00
ITEM000027261,ORD00014260,SKU00043,Electronics,3,548.14,20.85,1623.57,2026-09-27 10:00:00
ITEM000027262,ORD00014589,SKU00121,Fashion,1,219.44,128.15,91.29,2026-09-27 10:00:00
ITEM000027263,ORD00013341,SKU00250,Books,2,439.05,183.84,694.26,2026-09-27 10:00:00
ITEM000027264,ORD00012090,SKU00400,Books,1,111.26,30.5,80.76,2026-09-27 10:00:00
ITEM000027265,ORD00012554,SKU00043,Grocery,1,431.6,24.93,406.67,2026-09-27 10:00:00
ITEM000027266,ORD00012845,SKU00192,Books,3,92.02,131.92,144.14,2026-09-27 10:00:00
ITEM000027267,ORD00014322,SKU00287,Home,1,148.56,118.59,29.97,2026-09-27 10:00:00
ITEM000027268,ORD00013341,SKU00120,Fashion,1,209.36,52.61,156.75,2026-09-27 10:00:00
ITEM000027269,ORD00012495,SKU00307,Sports,2,155.97,0.8,311.14,2026-09-27 10:00:00
ITEM000027270,ORD00012098,SKU00187,Sports,1,103.92,28.02,75.9,2026-09-27 10:00:00
ITEM000027271,ORD00012618,SKU00120,Electronics,1,513.61,83.34,430.27,2026-09-27 10:00:00
ITEM000027272,ORD00014642,SKU00188,Sports,3,270.05,163.25,646.9,2026-09-27 10:00:00
ITEM000027273,ORD00012687,SKU00011,Grocery,1,455.63,126.89,328.74,2026-09-27 10:00:00
ITEM000027274,ORD00013544,SKU00112,Books,2,291.98,118.31,465.65,2026-09-27 10:00:00
ITEM000027275,ORD00013495,SKU00037,Sports,2,87.73,178.19,-2.73,2026-09-27 10:00:00
ITEM000027276,ORD00013350,SKU00173,Fashion,1,399.71,73.49,326.22,2026-09-27 10:00:00
ITEM000027277,ORD00012626,SKU00360,Sports,2,955.83,17.45,1894.21,2026-09-27 10:00:00
ITEM000027278,ORD00012045,SKU00012,Fashion,1,254.3,96.3,158.0,2026-09-27 10:00:00
ITEM000027279,ORD00012833,SKU00104,Books,2,1066.42,182.45,1950.39,2026-09-27 10:00:00
ITEM000027280,ORD00014883,SKU00364,Sports,1,213.51,160.76,52.75,2026-09-27 10:00:00
ITEM000027281,ORD00013453,SKU00272,Grocery,2,306.89,83.67,530.11,2026-09-27 10:00:00
ITEM000027282,ORD00012335,SKU00280,Electronics,1,359.23,127.16,232.07,2026-09-27 10:00:00
ITEM000027283,ORD00012955,SKU00306,Grocery,3,144.02,148.38,283.68,2026-09-27 10:00:00
ITEM000027284,ORD00013561,SKU00343,Books,2,139.71,36.01,243.41,2026-09-27 10:00:00
ITEM000027285,ORD00014909,SKU00110,Electronics,1,901.4,164.29,737.11,2026-09-27 10:00:00
ITEM000027286,ORD00014533,SKU00359,Home,1,324.42,93.82,230.6,2026-09-27 10:00:00
ITEM000027287,ORD00013499,SKU00160,Home,2,535.49,72.37,998.61,2026-09-27 10:00:00
ITEM000027288,ORD00014758,SKU00051,Grocery,2,222.36,185.92,258.8,2026-09-27 10:00:00
ITEM000027289,ORD00013263,SKU00364,Electronics,3,483.34,141.83,1308.19,2026-09-27 10:00:00
ITEM000027290,ORD00012288,SKU00144,Grocery,2,317.79,170.24,465.34,2026-09-27 10:00:00
ITEM000027291,ORD00013092,SKU00358,Fashion,1,126.61,19.49,107.12,2026-09-27 10:00:00
ITEM000027292,ORD00013109,SKU00431,Books,3,157.76,180.3,292.98,2026-09-27 10:00:00
ITEM000027293,ORD00012270,SKU00397,Grocery,1,439.46,29.08,410.38,2026-09-27 10:00:00
ITEM000027294,ORD00013729,SKU00210,Home,1,216.48,170.36,46.12,2026-09-27 10:00:00
ITEM000027295,ORD00014743,SKU00483,Sports,2,269.01,10.11,527.91,2026-09-27 10:00:00
ITEM000027296,ORD00012377,SKU00258,Fashion,2,206.16,137.19,275.13,2026-09-27 10:00:00
ITEM000027297,ORD00013874,SKU00105,Grocery,2,29.54,185.65,-126.57,2026-09-27 10:00:00
ITEM000027298,ORD00013760,SKU00401,Electronics,1,2108.73,119.95,1988.78,2026-09-27 10:00:00
ITEM000027299,ORD00013718,SKU00156,Books,3,658.43,152.49,1822.8,2026-09-27 10:00:00
ITEM000027300,ORD00014925,SKU00102,Grocery,1,1145.65,96.03,1049.62,2026-09-27 10:00:00
ITEM000027301,ORD00014294,SKU00124,Home,2,254.58,45.69,463.47,2026-09-27 10:00:00
ITEM000027302,ORD00013925,SKU00101,Fashion,2,290.33,55.43,525.23,2026-09-27 10:00:00
ITEM000027303,ORD00014579,SKU00306,Sports,1,56.85,114.05,-57.2,2026-09-27 10:00:00
ITEM000027304,ORD00014862,SKU00294,Grocery,1,128.61,25.01,103.6,2026-09-27 10:00:00
ITEM000027305,ORD00013329,SKU00007,Home,3,1222.77,120.5,3547.81,2026-09-27 10:00:00
ITEM000027306,ORD00012856,SKU00144,Beauty,3,1928.66,36.49,5749.49,2026-09-27 10:00:00
ITEM000027307,ORD00013472,SKU00418,Electronics,1,379.92,104.65,275.27,2026-09-27 10:00:00
ITEM000027308,ORD00014800,SKU00246,Grocery,3,458.46,43.83,1331.55,2026-09-27 10:00:00
ITEM000027309,ORD00012062,SKU00281,Electronics,2,189.41,134.89,243.93,2026-09-27 10:00:00
ITEM000027310,ORD00012527,SKU00096,Sports,2,2511.83,61.44,4962.22,2026-09-27 10:00:00
ITEM000027311,ORD00014447,SKU00107,Beauty,2,258.15,88.99,427.31,2026-09-27 10:00:00
ITEM000027312,ORD00014448,SKU00211,Beauty,3,375.61,96.94,1029.89,2026-09-27 10:00:00
ITEM000027313,ORD00014653,SKU00480,Beauty,1,674.73,153.8,520.93,2026-09-27 10:00:00
ITEM000027314,ORD00014404,SKU00117,Sports,3,302.47,111.35,796.06,2026-09-27 10:00:00
ITEM000027315,ORD00013453,SKU00061,Home,2,208.49,63.61,353.37,2026-09-27 10:00:00
ITEM000027316,ORD00013858,SKU00285,Electronics,1,228.66,132.98,95.68,2026-09-27 10:00:00
ITEM000027317,ORD00014156,SKU00035,Books,2,353.23,124.75,581.71,2026-09-27 10:00:00
ITEM000027318,ORD00014691,SKU00358,Sports,3,436.86,104.95,1205.63,2026-09-27 10:00:00
ITEM000027319,ORD00013766,SKU00070,Sports,1,363.82,104.31,259.51,2026-09-27 10:00:00
ITEM000027320,ORD00014535,SKU00385,Books,3,77.18,59.27,172.27,2026-09-27 10:00:00
ITEM000027321,ORD00012107,SKU00198,Fashion,3,140.87,171.55,251.06,2026-09-27 10:00:00
ITEM000027322,ORD00013056,SKU00064,Grocery,2,223.44,170.78,276.1,2026-09-27 10:00:00
ITEM000027323,ORD00014708,SKU00240,Beauty,1,1051.72,20.62,1031.1,2026-09-27 10:00:00
ITEM000027324,ORD00014663,SKU00256,Fashion,1,333.35,199.31,134.04,2026-09-27 10:00:00
ITEM000027325,ORD00014492,SKU00103,Beauty,2,426.7,135.21,718.19,2026-09-27 10:00:00
ITEM000027326,ORD00014168,SKU00301,Grocery,2,415.18,22.7,807.66,2026-09-27 10:00:00
ITEM000027327,ORD00014648,SKU00411,Beauty,3,222.12,78.04,588.32,2026-09-27 10:00:00
ITEM000027328,ORD00013856,SKU00406,Beauty,1,1139.56,123.35,1016.21,2026-09-27 10:00:00
ITEM000027329,ORD00013370,SKU00137,Electronics,1,604.3,107.47,496.83,2026-09-27 10:00:00
ITEM000027330,ORD00014314,SKU00280,Grocery,3,971.22,42.47,2871.19,2026-09-27 10:00:00
ITEM000027331,ORD00012647,SKU00393,Sports,3,233.99,187.11,514.86,2026-09-27 10:00:00
ITEM000027332,ORD00012539,SKU00095,Sports,2,212.59,13.85,411.33,2026-09-27 10:00:00
ITEM000027333,ORD00012492,SKU00183,Beauty,1,432.83,10.7,422.13,2026-09-27 10:00:00
ITEM000027334,ORD00012102,SKU00241,Grocery,3,152.79,55.22,403.15,2026-09-27 10:00:00
ITEM000027335,ORD00013413,SKU00345,Books,3,173.31,139.43,380.5,2026-09-27 10:00:00
ITEM000027336,ORD00012598,SKU00034,Home,1,489.83,103.85,385.98,2026-09-27 10:00:00
ITEM000027337,ORD00013919,SKU00306,Electronics,2,594.68,199.08,990.28,2026-09-27 10:00:00
ITEM000027338,ORD00014907,SKU00111,Electronics,2,247.92,86.58,409.26,2026-09-27 10:00:00
ITEM000027339,ORD00013479,SKU00402,Books,2,488.06,110.42,865.7,2026-09-27 10:00:00
ITEM000027340,ORD00012349,SKU00320,Electronics,3,137.27,58.81,353.0,2026-09-27 10:00:00
ITEM000027341,ORD00013948,SKU00292,Home,3,174.57,75.72,447.99,2026-09-27 10:00:00
ITEM000027342,ORD00013147,SKU00240,Home,1,178.92,48.81,130.11,2026-09-27 10:00:00
ITEM000027343,ORD00014849,SKU00465,Grocery,1,1339.51,179.24,1160.27,2026-09-27 10:00:00
ITEM000027344,ORD00013216,SKU00173,Grocery,3,226.19,39.0,639.57,2026-09-27 10:00:00
ITEM000027345,ORD00013813,SKU00372,Home,3,237.8,21.0,692.4,2026-09-27 10:00:00
ITEM000027346,ORD00013852,SKU00435,Beauty,2,143.49,43.11,243.87,2026-09-27 10:00:00
ITEM000027347,ORD00012360,SKU00467,Sports,1,198.63,7.69,190.94,2026-09-27 10:00:00
ITEM000027348,ORD00014344,SKU00179,Home,3,450.54,96.4,1255.22,2026-09-27 10:00:00
ITEM000027349,ORD00014631,SKU00108,Books,1,120.59,133.5,-12.91,2026-09-27 10:00:00
ITEM000027350,ORD00012217,SKU00143,Grocery,3,345.39,176.93,859.24,2026-09-27 10:00:00
ITEM000027351,ORD00012524,SKU00492,Sports,1,156.38,171.51,-15.13,2026-09-27 10:00:00
ITEM000027352,ORD00013414,SKU00142,Beauty,3,493.55,18.76,1461.89,2026-09-27 10:00:00
ITEM000027353,ORD00012199,SKU00066,Electronics,2,1069.23,128.64,2009.82,2026-09-27 10:00:00
ITEM000027354,ORD00014403,SKU00002,Books,3,186.15,80.83,477.62,2026-09-27 10:00:00
ITEM000027355,ORD00013987,SKU00265,Grocery,3,372.28,144.58,972.26,2026-09-27 10:00:00
ITEM000027356,ORD00013461,SKU00115,Fashion,2,139.08,25.34,252.82,2026-09-27 10:00:00
ITEM000027357,ORD00014966,SKU00291,Home,1,480.66,20.87,459.79,2026-09-27 10:00:00
ITEM000027358,ORD00014034,SKU00330,Sports,2,686.47,43.72,1329.22,2026-09-27 10:00:00
ITEM000027359,ORD00013719,SKU00104,Fashion,2,125.99,53.59,198.39,2026-09-27 10:00:00
ITEM000027360,ORD00013664,SKU00454,Fashion,3,138.93,62.51,354.28,2026-09-27 10:00:00
ITEM000027361,ORD00013329,SKU00110,Grocery,3,379.17,72.85,1064.66,2026-09-27 10:00:00
ITEM000027362,ORD00013595,SKU00256,Electronics,3,408.57,181.08,1044.63,2026-09-27 10:00:00
ITEM000027363,ORD00012991,SKU00497,Fashion,1,146.8,196.54,-49.74,2026-09-27 10:00:00
ITEM000027364,ORD00014870,SKU00310,Sports,1,383.65,72.54,311.11,2026-09-27 10:00:00
ITEM000027365,ORD00012718,SKU00308,Sports,1,394.01,34.43,359.58,2026-09-27 10:00:00
ITEM000027366,ORD00012840,SKU00456,Home,3,731.49,50.78,2143.69,2026-09-27 10:00:00
ITEM000027367,ORD00014240,SKU00148,Fashion,1,1103.11,137.87,965.24,2026-09-27 10:00:00
ITEM000027368,ORD00013624,SKU00236,Grocery,2,43.48,180.87,-93.91,2026-09-27 10:00:00
ITEM000027369,ORD00012580,SKU00118,Grocery,3,716.72,164.91,1985.25,2026-09-27 10:00:00
ITEM000027370,ORD00014520,SKU00460,Beauty,1,439.99,196.68,243.31,2026-09-27 10:00:00
ITEM000027371,ORD00013937,SKU00438,Grocery,1,507.27,27.92,479.35,2026-09-27 10:00:00
ITEM000027372,ORD00014084,SKU00352,Fashion,1,135.26,170.7,-35.44,2026-09-27 10:00:00
ITEM000027373,ORD00012075,SKU00427,Sports,2,189.32,120.07,258.57,2026-09-27 10:00:00
ITEM000027374,ORD00014357,SKU00256,Sports,2,432.0,99.22,764.78,2026-09-27 10:00:00
ITEM000027375,ORD00013051,SKU00487,Beauty,2,1119.97,120.61,2119.33,2026-09-27 10:00:00
ITEM000027376,ORD00013551,SKU00034,Fashion,1,110.03,139.81,-29.78,2026-09-27 10:00:00
ITEM000027377,ORD00012114,SKU00037,Fashion,2,270.62,82.07,459.17,2026-09-27 10:00:00
ITEM000027378,ORD00013846,SKU00470,Sports,3,554.57,38.4,1625.31,2026-09-27 10:00:00
ITEM000027379,ORD00014440,SKU00079,Sports,3,992.47,182.91,2794.5,2026-09-27 10:00:00
ITEM000027380,ORD00014785,SKU00456,Sports,3,274.96,157.03,667.85,2026-09-27 10:00:00
ITEM000027381,ORD00013311,SKU00031,Electronics ,2,272.06,1.56,542.56,2026-09-27 10:00:00
ITEM000027382,ORD00013609,SKU00368,Sports,1,290.09,150.24,139.85,2026-09-27 10:00:00
ITEM000027383,ORD00014375,SKU00122,Electronics,3,867.5,42.62,2559.88,2026-09-27 10:00:00
ITEM000027384,ORD00014024,SKU00318,Fashion,1,175.45,94.73,80.72,2026-09-27 10:00:00
ITEM000027385,ORD00014701,SKU00460,Home,3,173.19,120.14,399.43,2026-09-27 10:00:00
ITEM000027386,ORD00014480,SKU00343,Electronics,2,143.79,71.48,216.1,2026-09-27 10:00:00
ITEM000027387,ORD00012991,SKU00145,Books,2,1315.75,77.06,2554.44,2026-09-27 10:00:00
ITEM000027388,ORD00014388,SKU00049,Beauty,3,290.04,193.48,676.64,2026-09-27 10:00:00
ITEM000027389,ORD00012587,SKU00406,Books,3,76.66,188.84,41.14,2026-09-27 10:00:00
ITEM000027390,ORD00012990,SKU00266,Home,1,162.53,186.1,-23.57,2026-09-27 10:00:00
ITEM000027391,ORD00014274,SKU00077,Sports,3,128.23,199.81,184.88,2026-09-27 10:00:00
ITEM000027392,ORD00014987,SKU00172,Beauty,3,691.88,181.29,1894.35,2026-09-27 10:00:00
ITEM000027393,ORD00013994,SKU00373,Fashion,2,138.28,171.7,104.86,2026-09-27 10:00:00
ITEM000027394,ORD00013552,SKU00389,Beauty,3,368.69,123.42,982.65,2026-09-27 10:00:00
ITEM000027395,ORD00014381,SKU00437,Electronics,1,513.26,103.67,409.59,2026-09-27 10:00:00
ITEM000027396,ORD00013484,SKU00499,Electronics ,3,862.49,192.62,2394.85,2026-09-27 10:00:00
ITEM000027397,ORD00012083,SKU00251,Fashion,2,277.58,147.76,407.4,2026-09-27 10:00:00
ITEM000027398,ORD00012889,SKU00155,Electronics,1,561.94,186.25,375.69,2026-09-27 10:00:00
ITEM000027399,ORD00013900,SKU00081,Home,3,958.98,35.04,2841.9,2026-09-27 10:00:00
ITEM000027400,ORD00012687,SKU00216,Home,2,202.72,176.23,229.21,2026-09-27 10:00:00
ITEM000027401,ORD00012807,SKU00178,Fashion,1,262.84,145.78,117.06,2026-09-27 10:00:00
ITEM000027402,ORD00012938,SKU00188,Grocery,3,299.89,92.54,807.13,2026-09-27 10:00:00
ITEM000027403,ORD00012214,SKU00270,Books,3,239.94,142.67,577.15,2026-09-27 10:00:00
ITEM000027404,ORD00013197,SKU00059,Grocery,3,516.13,194.62,1353.77,2026-09-27 10:00:00
ITEM000027405,ORD00013823,SKU00243,Fashion,3,762.4,99.53,2187.67,2026-09-27 10:00:00
ITEM000027406,ORD00013947,SKU00063,Sports,1,399.37,29.06,370.31,2026-09-27 10:00:00
ITEM000027407,ORD00014023,SKU00245,Sports,2,695.81,107.27,1284.35,2026-09-27 10:00:00
ITEM000027408,ORD00014826,SKU00406,Sports,2,286.47,17.5,555.44,2026-09-27 10:00:00
ITEM000027409,ORD00012270,SKU00214,Home,2,155.95,24.95,286.95,2026-09-27 10:00:00
ITEM000027410,ORD00014417,SKU00425,Home,2,1857.84,14.07,3701.61,2026-09-27 10:00:00
ITEM000027411,ORD00014892,SKU00153,Electronics,2,129.4,141.31,117.49,2026-09-27 10:00:00
ITEM000027412,ORD00012301,SKU00097,Books,2,483.95,6.86,961.04,2026-09-27 10:00:00
ITEM000027413,ORD00013780,SKU00290,Books,1,537.03,134.49,402.54,2026-09-27 10:00:00
ITEM000027414,ORD00014319,SKU00151,Home,3,227.77,164.69,518.62,2026-09-27 10:00:00
ITEM000027415,ORD00014340,SKU00330,Grocery,2,352.11,189.79,514.43,2026-09-27 10:00:00
ITEM000027416,ORD00012832,SKU00457,Grocery,2,352.37,110.77,593.97,2026-09-27 10:00:00
ITEM000027417,ORD00013115,SKU00111,Electronics,1,1252.63,113.37,1139.26,2026-09-27 10:00:00
ITEM000027418,ORD00012356,SKU00474,Home,1,81.17,120.89,-39.72,2026-09-27 10:00:00
ITEM000027419,ORD00012081,SKU00447,Sports,3,549.59,12.3,1636.47,2026-09-27 10:00:00
ITEM000027420,ORD00013652,SKU00175,Grocery,1,381.99,6.05,375.94,2026-09-27 10:00:00
ITEM000027421,ORD00012266,SKU00192,Sports,1,167.82,68.7,99.12,2026-09-27 10:00:00
ITEM000027422,ORD00014393,SKU00397,Sports,2,241.01,106.96,375.06,2026-09-27 10:00:00
ITEM000027423,ORD00013293,SKU00111,Sports,3,271.62,19.98,794.88,2026-09-27 10:00:00
ITEM000027424,ORD00014832,SKU00400,Books,2,498.96,112.78,885.14,2026-09-27 10:00:00
ITEM000027425,ORD00012437,SKU00234,Fashion,2,974.3,102.83,1845.77,2026-09-27 10:00:00
ITEM000027426,ORD00013810,SKU00368,Fashion,2,500.57,80.27,920.87,2026-09-27 10:00:00
ITEM000027427,ORD00012399,SKU00495,Sports,2,380.15,93.08,667.22,2026-09-27 10:00:00
ITEM000027428,ORD00012462,SKU00197,Beauty,1,403.99,62.5,341.49,2026-09-27 10:00:00
ITEM000027429,ORD00012426,SKU00198,Home,2,86.46,47.85,125.07,2026-09-27 10:00:00
ITEM000027430,ORD00013844,SKU00031,Fashion,2,305.46,68.98,541.94,2026-09-27 10:00:00
ITEM000027431,ORD00012290,SKU00458,Beauty,2,174.97,36.96,312.98,2026-09-27 10:00:00
ITEM000027432,ORD00014517,SKU00277,Sports,2,1076.66,47.54,2105.78,2026-09-27 10:00:00
ITEM000027433,ORD00013035,SKU00301,Fashion,3,110.81,47.98,284.45,2026-09-27 10:00:00
ITEM000027434,ORD00012438,SKU00464,Beauty,1,205.71,199.14,6.57,2026-09-27 10:00:00
ITEM000027435,ORD00013169,SKU00165,Grocery,1,664.09,139.26,524.83,2026-09-27 10:00:00
ITEM000027436,ORD00014989,SKU00078,Books,2,248.74,82.78,414.7,2026-09-27 10:00:00
ITEM000027437,ORD00014983,SKU00034,Home,1,1159.52,21.59,1137.93,2026-09-27 10:00:00
ITEM000027438,ORD00012796,SKU00146,Beauty,3,766.49,154.81,2144.66,2026-09-27 10:00:00
ITEM000027439,ORD00014505,SKU00141,Home,3,121.8,31.74,333.66,2026-09-27 10:00:00
ITEM000027440,ORD00013637,SKU00296,Grocery,1,456.43,134.63,321.8,2026-09-27 10:00:00
ITEM000027441,ORD00013818,SKU00487,Books,2,138.68,113.75,163.61,2026-09-27 10:00:00
ITEM000027442,ORD00013615,SKU00069,Electronics,3,469.29,150.66,1257.21,2026-09-27 10:00:00
ITEM000027443,ORD00012547,SKU00342,Grocery,3,411.14,118.42,1115.0,2026-09-27 10:00:00
ITEM000027444,ORD00013995,SKU00119,Books,2,434.23,107.87,760.59,2026-09-27 10:00:00
ITEM000027445,ORD00014498,SKU00481,Fashion,1,138.95,188.53,-49.58,2026-09-27 10:00:00
ITEM000027446,ORD00012755,SKU00478,Home,3,388.66,36.03,1129.95,2026-09-27 10:00:00
ITEM000027447,ORD00014131,SKU00399,Fashion,3,542.73,180.41,1447.78,2026-09-27 10:00:00
ITEM000027448,ORD00014728,SKU00325,Sports,2,553.4,123.6,983.2,2026-09-27 10:00:00
ITEM000027449,ORD00014975,SKU00438,Books,1,169.76,84.93,84.83,2026-09-27 10:00:00
ITEM000027450,ORD00013589,SKU00192,Sports,2,321.96,17.2,626.72,2026-09-27 10:00:00
ITEM000027451,ORD00013011,SKU00199,Fashion,3,464.45,97.14,1296.21,2026-09-27 10:00:00
ITEM000027452,ORD00012006,SKU00041,Beauty,3,247.05,194.1,547.05,2026-09-27 10:00:00
ITEM000027453,ORD00013203,SKU00028,Beauty,2,264.22,135.94,392.5,2026-09-27 10:00:00
ITEM000027454,ORD00014672,SKU00097,Books,1,137.76,106.54,31.22,2026-09-27 10:00:00
ITEM000027455,ORD00013643,SKU00456,Home,2,535.52,155.8,915.24,2026-09-27 10:00:00
ITEM000027456,ORD00012235,SKU00201,Fashion,3,219.23,94.57,563.12,2026-09-27 10:00:00
ITEM000027457,ORD00012939,SKU00200,Sports,3,232.51,67.22,630.31,2026-09-27 10:00:00
ITEM000027458,ORD00014174,SKU00278,Electronics,1,103.41,48.22,55.19,2026-09-27 10:00:00
ITEM000027459,ORD00012074,SKU00223,Electronics,2,380.29,157.68,602.9,2026-09-27 10:00:00
ITEM000027460,ORD00014338,SKU00199,Home,3,262.5,83.75,703.75,2026-09-27 10:00:00
ITEM000027461,ORD00012251,SKU00435,Sports,2,1141.33,32.66,2250.0,2026-09-27 10:00:00
ITEM000027462,ORD00014540,SKU00487,Home,3,454.91,6.0,1358.73,2026-09-27 10:00:00
ITEM000027463,ORD00014447,SKU00205,Electronics,1,63.63,189.64,-126.01,2026-09-27 10:00:00
ITEM000027464,ORD00014644,SKU00055,Electronics,2,174.18,55.48,292.88,2026-09-27 10:00:00
ITEM000027465,ORD00013075,SKU00136,Electronics,3,102.39,117.01,190.16,2026-09-27 10:00:00
ITEM000027466,ORD00013686,SKU00480,Grocery,2,451.18,170.34,732.02,2026-09-27 10:00:00
ITEM000027467,ORD00014028,SKU00129,Electronics,2,135.59,132.7,138.48,2026-09-27 10:00:00
ITEM000027468,ORD00012114,SKU00016,Grocery,3,190.08,71.93,498.31,2026-09-27 10:00:00
ITEM000027469,ORD00014675,SKU00369,Beauty,3,144.31,46.09,386.84,2026-09-27 10:00:00
ITEM000027470,ORD00014380,SKU00306,Fashion,2,755.88,199.11,1312.65,2026-09-27 10:00:00
ITEM000027471,ORD00013295,SKU00389,Electronics,2,454.25,98.18,810.32,2026-09-27 10:00:00
ITEM000027472,ORD00012711,SKU00037,Fashion,1,240.93,106.19,134.74,2026-09-27 10:00:00
ITEM000027473,ORD00014906,SKU00013,Books,3,497.62,180.46,1312.4,2026-09-27 10:00:00
ITEM000027474,ORD00014346,SKU00459,Beauty,2,535.18,23.62,1046.74,2026-09-27 10:00:00
ITEM000027475,ORD00012143,SKU00319,Sports,1,331.78,99.94,231.84,2026-09-27 10:00:00
ITEM000027476,ORD00012016,SKU00488,Sports,3,247.93,138.72,605.07,2026-09-27 10:00:00
ITEM000027477,ORD00012416,SKU00234,Sports,2,284.38,179.28,389.48,2026-09-27 10:00:00
ITEM000027478,ORD00014937,SKU00110,Books,2,355.15,96.68,613.62,2026-09-27 10:00:00
ITEM000027479,ORD00013806,SKU00071,Electronics,3,468.59,42.16,1363.61,2026-09-27 10:00:00
ITEM000027480,ORD00014099,SKU00302,Books,3,212.63,60.66,577.23,2026-09-27 10:00:00
ITEM000027481,ORD00014375,SKU00219,Grocery,2,264.96,23.75,506.17,2026-09-27 10:00:00
ITEM000027482,ORD00014210,SKU00319,Fashion,2,121.86,59.97,183.75,2026-09-27 10:00:00
ITEM000027483,ORD00013738,SKU00003,Grocery,2,205.87,108.73,303.01,2026-09-27 10:00:00
ITEM000027484,ORD00013256,SKU00071,Beauty,1,661.39,124.15,537.24,2026-09-27 10:00:00
ITEM000027485,ORD00013987,SKU00326,Beauty,3,704.04,197.8,1914.32,2026-09-27 10:00:00
ITEM000027486,ORD00013235,SKU00213,Fashion,3,480.6,22.62,1419.18,2026-09-27 10:00:00
ITEM000027487,ORD00014514,SKU00427,Fashion,1,271.3,188.92,82.38,2026-09-27 10:00:00
ITEM000027488,ORD00013305,SKU00451,Home,1,237.63,155.96,81.67,2026-09-27 10:00:00
ITEM000027489,ORD00013292,SKU00077,Sports,2,394.66,179.07,610.25,2026-09-27 10:00:00
ITEM000027490,ORD00012640,SKU00362,Fashion,3,313.22,41.06,898.6,2026-09-27 10:00:00
ITEM000027491,ORD00014776,SKU00269,Sports,2,449.93,199.15,700.71,2026-09-27 10:00:00
ITEM000027492,ORD00013937,SKU00356,Beauty,1,600.95,196.25,404.7,2026-09-27 10:00:00
ITEM000027493,ORD00013091,SKU00394,Fashion,2,278.66,48.05,509.27,2026-09-27 10:00:00
ITEM000027494,ORD00013338,SKU00100,Books,3,257.23,145.58,626.11,2026-09-27 10:00:00
ITEM000027495,ORD00012514,SKU00339,Fashion,2,265.9,182.68,349.12,2026-09-27 10:00:00
ITEM000027496,ORD00014950,SKU00481,Grocery,3,181.69,27.61,517.46,2026-09-27 10:00:00
ITEM000027497,ORD00012450,SKU00198,Grocery,1,348.37,148.6,199.77,2026-09-27 10:00:00
ITEM000027498,ORD00014202,SKU00257,Books,1,55.59,68.89,-13.3,2026-09-27 10:00:00
ITEM000027499,ORD00014129,SKU00176,Beauty,3,129.78,188.34,201.0,2026-09-27 10:00:00
ITEM000027500,ORD00012935,SKU00456,Books,2,57.56,45.23,69.89,2026-09-27 10:00:00
ITEM000027501,ORD00012475,SKU00419,Electronics,1,442.04,176.08,265.96,2026-09-27 10:00:00
ITEM000027502,ORD00013740,SKU00010,Sports,2,827.4,2.18,1652.62,2026-09-27 10:00:00
ITEM000027503,ORD00013060,SKU00442,Books,3,442.84,166.88,1161.64,2026-09-27 10:00:00
ITEM000027504,ORD00012314,SKU00461,Books,3,136.2,185.59,223.01,2026-09-27 10:00:00
ITEM000027505,ORD00012453,SKU00175,Electronics,1,137.46,105.31,32.15,2026-09-27 10:00:00
ITEM000027506,ORD00014042,SKU00240,Home,2,219.93,27.42,412.44,2026-09-27 10:00:00
ITEM000027507,ORD00012015,SKU00374,Electronics,2,133.39,183.86,82.92,2026-09-27 10:00:00
ITEM000027508,ORD00013272,SKU00017,Sports,2,1286.32,87.23,2485.41,2026-09-27 10:00:00
ITEM000027509,ORD00013576,SKU00436,Books,2,203.91,132.11,275.71,2026-09-27 10:00:00
ITEM000027510,ORD00013823,SKU00237,Grocery,2,338.05,73.61,602.49,2026-09-27 10:00:00
ITEM000027511,ORD00014197,SKU00071,Books,1,324.93,99.68,225.25,2026-09-27 10:00:00
ITEM000027512,ORD00013947,SKU00019,Home,2,128.97,1.05,256.89,2026-09-27 10:00:00
ITEM000027513,ORD00013155,SKU00276,Home,2,280.69,39.76,521.62,2026-09-27 10:00:00
ITEM000027514,ORD00014210,SKU00347,Beauty,3,726.41,21.59,2157.64,2026-09-27 10:00:00
ITEM000027515,ORD00012344,SKU00218,Home,2,330.46,197.43,463.49,2026-09-27 10:00:00
ITEM000027516,ORD00013112,SKU00163,Grocery,1,426.0,82.65,343.35,2026-09-27 10:00:00
ITEM000027517,ORD00012981,SKU00290,Books,3,355.31,155.19,910.74,2026-09-27 10:00:00
ITEM000027518,ORD00013661,SKU00415,Home,3,208.1,79.32,544.98,2026-09-27 10:00:00
ITEM000027519,ORD00012029,SKU00012,Books,1,581.45,118.8,462.65,2026-09-27 10:00:00
ITEM000027520,ORD00012522,SKU00455,Grocery,2,435.6,93.49,777.71,2026-09-27 10:00:00
ITEM000027521,ORD00013387,SKU00201,Books,2,73.47,107.94,39.0,2026-09-27 10:00:00
ITEM000027522,ORD00012778,SKU00108,Sports,1,485.95,32.62,453.33,2026-09-27 10:00:00
ITEM000027523,ORD00012074,SKU00089,Books,1,336.15,47.72,288.43,2026-09-27 10:00:00
ITEM000027524,ORD00013958,SKU00461,Sports,3,148.2,15.8,428.8,2026-09-27 10:00:00
ITEM000027525,ORD00012777,SKU00161,Fashion,2,582.51,142.34,1022.68,2026-09-27 10:00:00
ITEM000027526,ORD00014215,SKU00161,Fashion,2,72.37,189.59,-44.85,2026-09-27 10:00:00
ITEM000027527,ORD00014521,SKU00415,Fashion,1,392.08,4.55,387.53,2026-09-27 10:00:00
ITEM000027528,ORD00013450,SKU00169,Sports,2,261.56,14.68,508.44,2026-09-27 10:00:00
ITEM000027529,ORD00013190,SKU00145,Sports,1,254.73,117.89,136.84,2026-09-27 10:00:00
ITEM000027530,ORD00013562,SKU00401,Sports,3,577.66,178.89,1554.09,2026-09-27 10:00:00
ITEM000027531,ORD00012155,SKU00024,Fashion,2,1975.71,88.73,3862.69,2026-09-27 10:00:00
ITEM000027532,ORD00014550,SKU00390,Home,3,137.53,102.05,310.54,2026-09-27 10:00:00
ITEM000027533,ORD00014738,SKU00440,Grocery,2,1009.72,117.61,1901.83,2026-09-27 10:00:00
ITEM000027534,ORD00014169,SKU00281,Electronics,3,50.43,174.51,-23.22,2026-09-27 10:00:00
ITEM000027535,ORD00014447,SKU00147,Books,1,209.05,47.16,161.89,2026-09-27 10:00:00
ITEM000027536,ORD00013887,SKU00193,Home,3,288.4,197.88,667.32,2026-09-27 10:00:00
ITEM000027537,ORD00014314,SKU00365,Books,1,166.45,48.07,118.38,2026-09-27 10:00:00
ITEM000027538,ORD00012468,SKU00392,Beauty,2,716.48,93.94,1339.02,2026-09-27 10:00:00
ITEM000027539,ORD00014951,SKU00418,Sports,1,753.9,27.21,726.69,2026-09-27 10:00:00
ITEM000027540,ORD00012461,SKU00046,Grocery,1,148.84,15.21,133.63,2026-09-27 10:00:00
ITEM000027541,ORD00014115,SKU00282,Home,3,1349.22,189.27,3858.39,2026-09-27 10:00:00
ITEM000027542,ORD00012930,SKU00486,Home,2,798.96,142.73,1455.19,2026-09-27 10:00:00
ITEM000027543,ORD00012170,SKU00336,Sports,3,270.43,188.54,622.75,2026-09-27 10:00:00
ITEM000027544,ORD00014037,SKU00332,Home,1,101.03,137.57,-36.54,2026-09-27 10:00:00
ITEM000027545,ORD00013543,SKU00209,Electronics,1,99.11,187.06,-87.95,2026-09-27 10:00:00
ITEM000027546,ORD00012404,SKU00333,Home,2,167.26,111.44,223.08,2026-09-27 10:00:00
ITEM000027547,ORD00012988,SKU00485,Beauty,3,181.51,110.35,434.18,2026-09-27 10:00:00
ITEM000027548,ORD00012532,SKU00099,Grocery,2,448.67,130.08,767.26,2026-09-27 10:00:00
ITEM000027549,ORD00012337,SKU00431,Grocery,3,71.59,148.66,66.11,2026-09-27 10:00:00
ITEM000027550,ORD00012656,SKU00294,Grocery,3,126.85,47.3,333.25,2026-09-27 10:00:00
ITEM000027551,ORD00012245,SKU00112,Home,1,679.25,91.03,588.22,2026-09-27 10:00:00
ITEM000027552,ORD00013966,SKU00194,Home,2,333.27,105.71,560.83,2026-09-27 10:00:00
ITEM000027553,ORD00014473,SKU00212,Fashion,1,286.17,66.06,220.11,2026-09-27 10:00:00
ITEM000027554,ORD00014116,SKU00273,Beauty,2,234.57,173.72,295.42,2026-09-27 10:00:00
ITEM000027555,ORD00012992,SKU00177,Fashion,1,149.27,106.82,42.45,2026-09-27 10:00:00
ITEM000027556,ORD00012179,SKU00335,Sports,2,723.24,111.33,1335.15,2026-09-27 10:00:00
ITEM000027557,ORD00014092,SKU00245,Beauty,3,212.66,172.28,465.7,2026-09-27 10:00:00
ITEM000027558,ORD00013592,SKU00047,Grocery,1,138.63,77.81,60.82,2026-09-27 10:00:00
ITEM000027559,ORD00013814,SKU00114,Grocery,1,2107.56,71.01,2036.55,2026-09-27 10:00:00
ITEM000027560,ORD00014367,SKU00181,Beauty,2,135.92,145.52,126.32,2026-09-27 10:00:00
ITEM000027561,ORD00012103,SKU00415,Grocery,3,1365.81,185.6,3911.83,2026-09-27 10:00:00
ITEM000027562,ORD00012758,SKU00145,Grocery,1,531.27,193.22,338.05,2026-09-27 10:00:00
ITEM000027563,ORD00012809,SKU00349,Beauty,1,625.4,90.08,535.32,2026-09-27 10:00:00
ITEM000027564,ORD00012134,SKU00085,Sports,1,622.58,171.59,450.99,2026-09-27 10:00:00
ITEM000027565,ORD00014121,SKU00049,Electronics,2,479.29,77.74,880.84,2026-09-27 10:00:00
ITEM000027566,ORD00014623,SKU00423,Books,2,156.51,176.65,136.37,2026-09-27 10:00:00
ITEM000027567,ORD00012280,SKU00067,Sports,3,361.07,124.97,958.24,2026-09-27 10:00:00
ITEM000027568,ORD00014299,SKU00265,Electronics,3,134.4,175.01,228.19,2026-09-27 10:00:00
ITEM000027569,ORD00014572,SKU00292,Fashion,2,353.76,5.3,702.22,2026-09-27 10:00:00
ITEM000027570,ORD00013066,SKU00144,Electronics,2,2725.02,165.32,5284.72,2026-09-27 10:00:00
ITEM000027571,ORD00014764,SKU00019,Sports,3,116.86,109.52,241.06,2026-09-27 10:00:00
ITEM000027572,ORD00013332,SKU00093,Electronics,1,150.43,36.61,113.82,2026-09-27 10:00:00
ITEM000027573,ORD00013303,SKU00347,Fashion,3,1207.57,87.53,3535.18,2026-09-27 10:00:00
ITEM000027574,ORD00014195,SKU00436,Beauty,3,171.38,185.72,328.42,2026-09-27 10:00:00
ITEM000027575,ORD00014019,SKU00363,Home,2,164.25,176.01,152.49,2026-09-27 10:00:00
ITEM000027576,ORD00012008,SKU00344,Beauty,3,775.43,7.3,2318.99,2026-09-27 10:00:00
ITEM000027577,ORD00013948,SKU00435,Beauty,3,323.3,168.21,801.69,2026-09-27 10:00:00
ITEM000027578,ORD00012965,SKU00409,Home,1,122.29,158.82,-36.53,2026-09-27 10:00:00
ITEM000027579,ORD00013369,SKU00205,Home,3,217.69,128.37,524.7,2026-09-27 10:00:00
ITEM000027580,ORD00012299,SKU00139,Sports,2,386.67,171.57,601.77,2026-09-27 10:00:00
ITEM000027581,ORD00012403,SKU00340,Fashion,1,795.47,40.55,754.92,2026-09-27 10:00:00
ITEM000027582,ORD00012225,SKU00365,Grocery,3,342.08,41.38,984.86,2026-09-27 10:00:00
ITEM000027583,ORD00013431,SKU00191,Electronics,2,515.15,42.74,987.56,2026-09-27 10:00:00
ITEM000027584,ORD00013462,SKU00474,Home,3,119.64,185.77,173.15,2026-09-27 10:00:00
ITEM000027585,ORD00014769,SKU00230,Sports,1,215.74,33.37,182.37,2026-09-27 10:00:00
ITEM000027586,ORD00012712,SKU00010,Fashion,2,268.5,147.71,389.29,2026-09-27 10:00:00
ITEM000027587,ORD00014331,SKU00352,Fashion,2,868.55,66.87,1670.23,2026-09-27 10:00:00
ITEM000027588,ORD00012046,SKU00160,Books,3,166.33,32.15,466.84,2026-09-27 10:00:00
ITEM000027589,ORD00014111,SKU00032,Grocery,1,190.82,199.97,-9.15,2026-09-27 10:00:00
ITEM000027590,ORD00012682,SKU00039,Beauty,1,452.4,187.32,265.08,2026-09-27 10:00:00
ITEM000027591,ORD00014472,SKU00078,Sports,2,797.06,172.26,1421.86,2026-09-27 10:00:00
ITEM000027592,ORD00014257,SKU00339,Fashion,2,670.58,28.91,1312.25,2026-09-27 10:00:00
ITEM000027593,ORD00013725,SKU00457,Grocery,2,527.83,53.29,1002.37,2026-09-27 10:00:00
ITEM000027594,ORD00012897,SKU00272,Books,2,197.4,17.1,377.7,2026-09-27 10:00:00
ITEM000027595,ORD00014877,SKU00392,Sports,1,288.83,2.38,286.45,2026-09-27 10:00:00
ITEM000027596,ORD00012112,SKU00254,Electronics,1,836.31,101.42,734.89,2026-09-27 10:00:00
ITEM000027597,ORD00013596,SKU00014,Grocery,2,585.11,144.49,1025.73,2026-09-27 10:00:00
ITEM000027598,ORD00014495,SKU00242,Sports,1,723.31,36.68,686.63,2026-09-27 10:00:00
ITEM000027599,ORD00012556,SKU00479,Grocery,2,151.31,161.82,140.8,2026-09-27 10:00:00
ITEM000027600,ORD00013932,SKU00074,Fashion,3,132.89,180.49,218.18,2026-09-27 10:00:00
ITEM000027601,ORD00013600,SKU00318,Beauty,1,156.75,115.73,41.02,2026-09-27 10:00:00
ITEM000027602,ORD00012391,SKU00200,Home,2,212.57,156.81,268.33,2026-09-27 10:00:00
ITEM000027603,ORD00012632,SKU00010,Sports,1,1411.69,172.52,1239.17,2026-09-27 10:00:00
ITEM000027604,ORD00012308,SKU00178,Grocery,1,764.5,49.01,715.49,2026-09-27 10:00:00
ITEM000027605,ORD00012892,SKU00418,Grocery,1,574.33,61.87,512.46,2026-09-27 10:00:00
ITEM000027606,ORD00014638,SKU00272,Electronics,2,398.41,100.48,696.34,2026-09-27 10:00:00
ITEM000027607,ORD00014265,SKU00211,Fashion,2,396.54,186.87,606.21,2026-09-27 10:00:00
ITEM000027608,ORD00013133,SKU00389,Grocery,3,452.03,62.67,1293.42,2026-09-27 10:00:00
ITEM000027609,ORD00014200,SKU00236,Electronics,3,151.54,14.57,440.05,2026-09-27 10:00:00
ITEM000027610,ORD00014810,SKU00261,Electronics,3,369.64,120.78,988.14,2026-09-27 10:00:00
ITEM000027611,ORD00012489,SKU00261,Electronics,3,138.51,166.14,249.39,2026-09-27 10:00:00
ITEM000027612,ORD00013841,SKU00319,Books,1,215.85,50.23,165.62,2026-09-27 10:00:00
ITEM000027613,ORD00013541,SKU00357,Sports,1,696.38,10.34,686.04,2026-09-27 10:00:00
ITEM000027614,ORD00014464,SKU00059,Electronics ,3,1017.6,161.6,2891.2,2026-09-27 10:00:00
ITEM000027615,ORD00013043,SKU00130,Fashion,2,215.16,85.84,344.48,2026-09-27 10:00:00
ITEM000027616,ORD00013894,SKU00323,Beauty,2,449.87,182.99,716.75,2026-09-27 10:00:00
ITEM000027617,ORD00014247,SKU00354,Books,1,664.51,176.24,488.27,2026-09-27 10:00:00
ITEM000027618,ORD00014540,SKU00483,Electronics,1,543.53,91.6,451.93,2026-09-27 10:00:00
ITEM000027619,ORD00014974,SKU00421,Beauty,3,780.96,21.79,2321.09,2026-09-27 10:00:00
ITEM000027620,ORD00013726,SKU00135,Electronics,1,701.22,108.96,592.26,2026-09-27 10:00:00
ITEM000027621,ORD00013887,SKU00289,Sports,3,102.44,25.71,281.61,2026-09-27 10:00:00
ITEM000027622,ORD00014297,SKU00066,Books,3,178.67,87.88,448.13,2026-09-27 10:00:00
ITEM000027623,ORD00012511,SKU00349,Electronics,1,392.34,193.93,198.41,2026-09-27 10:00:00
ITEM000027624,ORD00012467,SKU00169,Grocery,1,2035.59,124.67,1910.92,2026-09-27 10:00:00
ITEM000027625,ORD00014848,SKU00390,Fashion,2,350.45,95.31,605.59,2026-09-27 10:00:00
ITEM000027626,ORD00012540,SKU00238,Sports,1,219.9,154.55,65.35,2026-09-27 10:00:00
ITEM000027627,ORD00013491,SKU00209,Electronics,2,189.21,6.95,371.47,2026-09-27 10:00:00
ITEM000027628,ORD00013975,SKU00254,Books,3,363.25,61.11,1028.64,2026-09-27 10:00:00
ITEM000027629,ORD00012382,SKU00387,Electronics,1,187.5,36.08,151.42,2026-09-27 10:00:00
ITEM000027630,ORD00014306,SKU00323,Home,1,1479.83,127.42,1352.41,2026-09-27 10:00:00
ITEM000027631,ORD00014105,SKU00383,Sports,1,631.71,70.93,560.78,2026-09-27 10:00:00
ITEM000027632,ORD00013427,SKU00370,Grocery,1,672.96,104.66,568.3,2026-09-27 10:00:00
ITEM000027633,ORD00012113,SKU00371,Electronics,2,201.19,13.97,388.41,2026-09-27 10:00:00
ITEM000027634,ORD00013602,SKU00166,Electronics,2,111.73,114.89,108.57,2026-09-27 10:00:00
ITEM000027635,ORD00012140,SKU00090,Grocery,2,841.95,65.43,1618.47,2026-09-27 10:00:00
ITEM000027636,ORD00012761,SKU00210,Grocery,1,714.21,54.79,659.42,2026-09-27 10:00:00
ITEM000027637,ORD00014073,SKU00389,Sports,1,742.57,130.32,612.25,2026-09-27 10:00:00
ITEM000027638,ORD00013753,SKU00314,Sports,3,392.73,30.36,1147.83,2026-09-27 10:00:00
ITEM000027639,ORD00012376,SKU00083,Books,2,108.99,71.98,146.0,2026-09-27 10:00:00
ITEM000027640,ORD00013415,SKU00159,Electronics,3,198.85,107.91,488.64,2026-09-27 10:00:00
ITEM000027641,ORD00012814,SKU00385,Sports,2,169.09,108.72,229.46,2026-09-27 10:00:00
ITEM000027642,ORD00014133,SKU00038,Home,3,153.47,35.11,425.3,2026-09-27 10:00:00
ITEM000027643,ORD00014739,SKU00408,Beauty,2,328.38,4.34,652.42,2026-09-27 10:00:00
ITEM000027644,ORD00013560,SKU00255,Sports,2,519.95,65.71,974.19,2026-09-27 10:00:00
ITEM000027645,ORD00014385,SKU00040,Sports,1,437.14,128.2,308.94,2026-09-27 10:00:00
ITEM000027646,ORD00013731,SKU00474,Beauty,3,506.36,27.28,1491.8,2026-09-27 10:00:00
ITEM000027647,ORD00013188,SKU00018,Electronics,3,105.91,53.55,264.18,2026-09-27 10:00:00
ITEM000027648,ORD00014518,SKU00463,Books,1,66.43,173.81,-107.38,2026-09-27 10:00:00
ITEM000027649,ORD00014524,SKU00282,Fashion,1,306.41,117.57,188.84,2026-09-27 10:00:00
ITEM000027650,ORD00012562,SKU00335,Grocery,1,152.3,36.01,116.29,2026-09-27 10:00:00
ITEM000027651,ORD00013032,SKU00481,Grocery,3,347.76,74.1,969.18,2026-09-27 10:00:00
ITEM000027652,ORD00013325,SKU00006,Home,3,819.98,85.13,2374.81,2026-09-27 10:00:00
ITEM000027653,ORD00012030,SKU00042,Electronics,3,118.62,97.89,257.97,2026-09-27 10:00:00
ITEM000027654,ORD00013984,SKU00462,Grocery,1,913.67,176.99,736.68,2026-09-27 10:00:00
ITEM000027655,ORD00012719,SKU00026,Home,1,107.44,113.1,-5.66,2026-09-27 10:00:00
ITEM000027656,ORD00014877,SKU00195,Beauty,1,626.63,28.87,597.76,2026-09-27 10:00:00
ITEM000027657,ORD00012829,SKU00164,Electronics ,1,906.42,183.71,722.71,2026-09-27 10:00:00
ITEM000027658,ORD00014435,SKU00266,Beauty,3,358.98,60.36,1016.58,2026-09-27 10:00:00
ITEM000027659,ORD00012239,SKU00443,Home,3,720.05,88.71,2071.44,2026-09-27 10:00:00
ITEM000027660,ORD00012660,SKU00179,Beauty,3,742.59,28.15,2199.62,2026-09-27 10:00:00
ITEM000027661,ORD00013191,SKU00187,Sports,2,73.42,30.95,115.89,2026-09-27 10:00:00
ITEM000027662,ORD00014354,SKU00177,Grocery,2,373.39,172.75,574.03,2026-09-27 10:00:00
ITEM000027663,ORD00013202,SKU00183,Grocery,3,322.12,165.04,801.32,2026-09-27 10:00:00
ITEM000027664,ORD00012043,SKU00235,Grocery,3,501.7,165.7,1339.4,2026-09-27 10:00:00
ITEM000027665,ORD00014405,SKU00050,Grocery,1,499.93,157.31,342.62,2026-09-27 10:00:00
ITEM000027666,ORD00013109,SKU00332,Sports,3,1580.7,136.27,4605.83,2026-09-27 10:00:00
ITEM000027667,ORD00012546,SKU00142,Grocery,2,642.12,44.77,1239.47,2026-09-27 10:00:00
ITEM000027668,ORD00013987,SKU00031,Fashion,2,340.83,34.66,647.0,2026-09-27 10:00:00
ITEM000027669,ORD00012083,SKU00326,Home,1,278.01,75.05,202.96,2026-09-27 10:00:00
ITEM000027670,ORD00013128,SKU00499,Books,1,222.81,155.12,67.69,2026-09-27 10:00:00
ITEM000027671,ORD00013938,SKU00460,Fashion,3,143.0,197.68,231.32,2026-09-27 10:00:00
ITEM000027672,ORD00013787,SKU00200,Books,2,876.9,167.04,1586.76,2026-09-27 10:00:00
ITEM000027673,ORD00014415,SKU00008,Sports,3,287.59,144.23,718.54,2026-09-27 10:00:00
ITEM000027674,ORD00014352,SKU00019,Grocery,3,227.37,37.54,644.57,2026-09-27 10:00:00
ITEM000027675,ORD00014274,SKU00387,Electronics,3,140.8,8.96,413.44,2026-09-27 10:00:00
ITEM000027676,ORD00013813,SKU00327,Grocery,1,376.62,16.13,360.49,2026-09-27 10:00:00
ITEM000027677,ORD00012517,SKU00434,Fashion,3,137.83,74.75,338.74,2026-09-27 10:00:00
ITEM000027678,ORD00013553,SKU00362,Grocery,2,659.56,135.24,1183.88,2026-09-27 10:00:00
ITEM000027679,ORD00014375,SKU00091,Books,1,503.75,143.75,360.0,2026-09-27 10:00:00
ITEM000027680,ORD00013732,SKU00012,Grocery,3,123.93,81.58,290.21,2026-09-27 10:00:00
ITEM000027681,ORD00013198,SKU00009,Home,2,73.83,72.26,75.4,2026-09-27 10:00:00
ITEM000027682,ORD00014815,SKU00047,Electronics,3,331.0,30.77,962.23,2026-09-27 10:00:00
ITEM000027683,ORD00013944,SKU00124,Fashion,2,720.55,94.29,1346.81,2026-09-27 10:00:00
ITEM000027684,ORD00013366,SKU00275,Grocery,2,157.3,89.11,225.49,2026-09-27 10:00:00
ITEM000027685,ORD00014098,SKU00469,Electronics,1,228.06,2.2,225.86,2026-09-27 10:00:00
ITEM000027686,ORD00013837,SKU00179,Sports,3,613.59,139.62,1701.15,2026-09-27 10:00:00
ITEM000027687,ORD00012783,SKU00193,Fashion,2,354.77,132.77,576.77,2026-09-27 10:00:00
ITEM000027688,ORD00013291,SKU00346,Home,3,482.87,64.0,1384.61,2026-09-27 10:00:00
ITEM000027689,ORD00012043,SKU00244,Home,2,566.35,138.49,994.21,2026-09-27 10:00:00
ITEM000027690,ORD00014348,SKU00272,Books,3,175.54,25.38,501.24,2026-09-27 10:00:00
ITEM000027691,ORD00012668,SKU00216,Home,3,1281.94,7.15,3838.67,2026-09-27 10:00:00
ITEM000027692,ORD00013627,SKU00215,Grocery,3,418.76,171.53,1084.75,2026-09-27 10:00:00
ITEM000027693,ORD00012137,SKU00218,Home,3,328.58,150.71,835.03,2026-09-27 10:00:00
ITEM000027694,ORD00013275,SKU00073,Books,2,493.15,85.54,900.76,2026-09-27 10:00:00
ITEM000027695,ORD00014904,SKU00290,Home,3,194.95,77.75,507.1,2026-09-27 10:00:00
ITEM000027696,ORD00013752,SKU00207,Books,1,514.97,192.43,322.54,2026-09-27 10:00:00
ITEM000027697,ORD00014662,SKU00437,Sports,3,604.79,95.18,1719.19,2026-09-27 10:00:00
ITEM000027698,ORD00012529,SKU00277,Electronics,1,117.29,108.4,8.89,2026-09-27 10:00:00
ITEM000027699,ORD00014476,SKU00369,Fashion,2,312.31,88.08,536.54,2026-09-27 10:00:00
ITEM000027700,ORD00014692,SKU00455,Electronics,2,322.67,97.93,547.41,2026-09-27 10:00:00
ITEM000027701,ORD00013671,SKU00369,Home,2,642.02,19.88,1264.16,2026-09-27 10:00:00
ITEM000027702,ORD00012977,SKU00287,Electronics,3,120.74,197.69,164.53,2026-09-27 10:00:00
ITEM000027703,ORD00012975,SKU00485,Grocery,1,489.1,69.85,419.25,2026-09-27 10:00:00
ITEM000027704,ORD00014397,SKU00231,Books,1,200.55,82.37,118.18,2026-09-27 10:00:00
ITEM000027705,ORD00012040,SKU00249,Beauty,3,580.17,171.76,1568.75,2026-09-27 10:00:00
ITEM000027706,ORD00013961,SKU00432,Sports,2,313.25,117.55,508.95,2026-09-27 10:00:00
ITEM000027707,ORD00012021,SKU00295,Sports,2,337.06,50.55,623.57,2026-09-27 10:00:00
ITEM000027708,ORD00014151,SKU00384,Books,1,2116.57,101.98,2014.59,2026-09-27 10:00:00
ITEM000027709,ORD00013169,SKU00258,Fashion,1,711.22,51.8,659.42,2026-09-27 10:00:00
ITEM000027710,ORD00012610,SKU00256,Beauty,1,1038.14,85.27,952.87,2026-09-27 10:00:00
ITEM000027711,ORD00014477,SKU00336,Home,3,287.22,20.84,840.82,2026-09-27 10:00:00
ITEM000027712,ORD00013311,SKU00294,Books,2,847.59,63.5,1631.68,2026-09-27 10:00:00
ITEM000027713,ORD00013105,SKU00273,Sports,2,229.74,125.67,333.81,2026-09-27 10:00:00
ITEM000027714,ORD00013774,SKU00010,Fashion,3,390.13,148.29,1022.1,2026-09-27 10:00:00
ITEM000027715,ORD00012786,SKU00489,Books,1,222.88,79.47,143.41,2026-09-27 10:00:00
ITEM000027716,ORD00012495,SKU00120,Grocery,3,111.77,14.26,321.05,2026-09-27 10:00:00
ITEM000027717,ORD00013354,SKU00336,Home,2,785.06,143.77,1426.35,2026-09-27 10:00:00
ITEM000027718,ORD00013942,SKU00103,Beauty,1,414.99,62.22,352.77,2026-09-27 10:00:00
ITEM000027719,ORD00014299,SKU00126,Home,1,128.93,39.19,89.74,2026-09-27 10:00:00
ITEM000027720,ORD00014919,SKU00279,Grocery,2,142.76,37.85,247.67,2026-09-27 10:00:00
ITEM000027721,ORD00014738,SKU00126,Sports,1,77.9,174.22,-96.32,2026-09-27 10:00:00
ITEM000027722,ORD00013895,SKU00442,Books,3,119.23,179.12,178.57,2026-09-27 10:00:00
ITEM000027723,ORD00014667,SKU00370,Sports,1,207.13,85.72,121.41,2026-09-27 10:00:00
ITEM000027724,ORD00013640,SKU00353,Grocery,3,228.36,175.95,509.13,2026-09-27 10:00:00
ITEM000027725,ORD00014670,SKU00208,Fashion,1,600.48,173.01,427.47,2026-09-27 10:00:00
ITEM000027726,ORD00013872,SKU00423,Grocery,2,257.91,165.79,350.03,2026-09-27 10:00:00
ITEM000027727,ORD00014129,SKU00396,Grocery,1,158.34,94.19,64.15,2026-09-27 10:00:00
ITEM000027728,ORD00012772,SKU00272,Beauty,2,140.08,162.62,117.54,2026-09-27 10:00:00
ITEM000027729,ORD00013502,SKU00127,Electronics,2,242.3,85.5,399.1,2026-09-27 10:00:00
ITEM000027730,ORD00013762,SKU00081,Books,2,661.81,137.28,1186.34,2026-09-27 10:00:00
ITEM000027731,ORD00013688,SKU00316,Grocery,3,280.23,94.44,746.25,2026-09-27 10:00:00
ITEM000027732,ORD00014439,SKU00198,Books,2,96.73,125.42,68.04,2026-09-27 10:00:00
ITEM000027733,ORD00014278,SKU00079,Electronics,2,510.3,134.24,886.36,2026-09-27 10:00:00
ITEM000027734,ORD00013172,SKU00092,Books,1,316.05,174.49,141.56,2026-09-27 10:00:00
ITEM000027735,ORD00014118,SKU00028,Sports,2,612.58,161.97,1063.19,2026-09-27 10:00:00
ITEM000027736,ORD00012489,SKU00431,Sports,3,228.73,132.91,553.28,2026-09-27 10:00:00
ITEM000027737,ORD00013454,SKU00296,Fashion,3,94.13,93.59,188.8,2026-09-27 10:00:00
ITEM000027738,ORD00014416,SKU00009,Books,1,236.01,188.11,47.9,2026-09-27 10:00:00
ITEM000027739,ORD00013531,SKU00258,Books,1,384.43,181.53,202.9,2026-09-27 10:00:00
ITEM000027740,ORD00012654,SKU00134,Sports,1,248.74,169.32,79.42,2026-09-27 10:00:00
ITEM000027741,ORD00014221,SKU00205,Books,2,362.35,198.84,525.86,2026-09-27 10:00:00
ITEM000027742,ORD00014525,SKU00137,Grocery,3,829.12,144.35,2343.01,2026-09-27 10:00:00
ITEM000027743,ORD00012330,SKU00121,Sports,3,512.02,74.51,1461.55,2026-09-27 10:00:00
ITEM000027744,ORD00014829,SKU00355,Books,3,420.54,90.79,1170.83,2026-09-27 10:00:00
ITEM000027745,ORD00013085,SKU00240,Beauty,1,876.96,73.41,803.55,2026-09-27 10:00:00
ITEM000027746,ORD00013896,SKU00174,Home,3,237.71,162.47,550.66,2026-09-27 10:00:00
ITEM000027747,ORD00013971,SKU00463,Books,2,74.73,67.04,82.42,2026-09-27 10:00:00
ITEM000027748,ORD00014288,SKU00031,Home,2,61.15,10.0,112.3,2026-09-27 10:00:00
ITEM000027749,ORD00012929,SKU00305,Home,2,1161.44,161.37,2161.51,2026-09-27 10:00:00
ITEM000027750,ORD00013976,SKU00047,Fashion,3,226.51,20.51,659.02,2026-09-27 10:00:00
ITEM000027751,ORD00013001,SKU00296,Sports,2,238.87,75.54,402.2,2026-09-27 10:00:00
ITEM000027752,ORD00013902,SKU00411,Books,2,103.3,27.94,178.66,2026-09-27 10:00:00
ITEM000027753,ORD00012538,SKU00406,Sports,1,907.2,36.52,870.68,2026-09-27 10:00:00
ITEM000027754,ORD00012801,SKU00453,Beauty,2,259.68,162.48,356.88,2026-09-27 10:00:00
ITEM000027755,ORD00013576,SKU00344,Beauty,2,569.2,38.15,1100.25,2026-09-27 10:00:00
ITEM000027756,ORD00012590,SKU00352,Electronics,2,1430.96,49.94,2811.98,2026-09-27 10:00:00
ITEM000027757,ORD00013075,SKU00129,Electronics,2,405.66,90.1,721.22,2026-09-27 10:00:00
ITEM000027758,ORD00014184,SKU00098,Home,3,128.63,137.99,247.9,2026-09-27 10:00:00
ITEM000027759,ORD00012449,SKU00469,Fashion,1,191.54,105.36,86.18,2026-09-27 10:00:00
ITEM000027760,ORD00013342,SKU00105,Electronics,2,290.25,137.25,443.25,2026-09-27 10:00:00
ITEM000027761,ORD00012420,SKU00017,Home,2,318.15,54.14,582.16,2026-09-27 10:00:00
ITEM000027762,ORD00014645,SKU00310,Fashion,2,232.52,71.93,393.11,2026-09-27 10:00:00
ITEM000027763,ORD00012213,SKU00440,Beauty,2,246.05,56.93,435.17,2026-09-27 10:00:00
ITEM000027764,ORD00013591,SKU00004,Grocery,2,261.49,16.99,505.99,2026-09-27 10:00:00
ITEM000027765,ORD00013691,SKU00476,Grocery,3,427.54,6.55,1276.07,2026-09-27 10:00:00
ITEM000027766,ORD00013300,SKU00348,Home,1,170.08,96.47,73.61,2026-09-27 10:00:00
ITEM000027767,ORD00014855,SKU00357,Home,1,378.72,99.29,279.43,2026-09-27 10:00:00
ITEM000027768,ORD00014244,SKU00396,Books,2,1280.23,51.73,2508.73,2026-09-27 10:00:00
ITEM000027769,ORD00014140,SKU00201,Home,3,609.72,193.31,1635.85,2026-09-27 10:00:00
ITEM000027770,ORD00014366,SKU00265,Sports,2,506.29,95.79,916.79,2026-09-27 10:00:00
ITEM000027771,ORD00013771,SKU00196,Beauty,1,492.83,143.47,349.36,2026-09-27 10:00:00
ITEM000027772,ORD00012550,SKU00452,Beauty,1,485.66,106.35,379.31,2026-09-27 10:00:00
ITEM000027773,ORD00013039,SKU00019,Electronics,2,422.5,101.3,743.7,2026-09-27 10:00:00
ITEM000027774,ORD00014894,SKU00124,Books,2,276.67,16.5,536.84,2026-09-27 10:00:00
ITEM000027775,ORD00013483,SKU00072,Home,2,98.29,121.9,74.68,2026-09-27 10:00:00
ITEM000027776,ORD00014806,SKU00230,Fashion,1,1248.64,180.0,1068.64,2026-09-27 10:00:00
ITEM000027777,ORD00012182,SKU00024,Beauty,1,186.31,186.63,-0.32,2026-09-27 10:00:00
ITEM000027778,ORD00013135,SKU00036,Books,3,168.45,148.45,356.9,2026-09-27 10:00:00
ITEM000027779,ORD00012867,SKU00313,Sports,2,777.09,198.31,1355.87,2026-09-27 10:00:00
ITEM000027780,ORD00012222,SKU00243,Beauty,1,402.01,133.14,268.87,2026-09-27 10:00:00
ITEM000027781,ORD00012656,SKU00345,Sports,3,202.87,90.78,517.83,2026-09-27 10:00:00
ITEM000027782,ORD00013654,SKU00150,Electronics,1,120.72,152.24,-31.52,2026-09-27 10:00:00
ITEM000027783,ORD00014949,SKU00100,Beauty,1,131.48,21.67,109.81,2026-09-27 10:00:00
ITEM000027784,ORD00013521,SKU00424,Sports,2,81.59,173.24,-10.06,2026-09-27 10:00:00
ITEM000027785,ORD00014953,SKU00240,Sports,2,623.02,75.64,1170.4,2026-09-27 10:00:00
ITEM000027786,ORD00014871,SKU00313,Fashion,1,913.67,104.77,808.9,2026-09-27 10:00:00
ITEM000027787,ORD00013757,SKU00408,Fashion,3,518.94,189.58,1367.24,2026-09-27 10:00:00
ITEM000027788,ORD00014806,SKU00290,Electronics,2,110.23,54.23,166.23,2026-09-27 10:00:00
ITEM000027789,ORD00012079,SKU00350,Books,3,493.96,103.98,1377.9,2026-09-27 10:00:00
ITEM000027790,ORD00013414,SKU00233,Electronics,1,494.63,24.21,470.42,2026-09-27 10:00:00
ITEM000027791,ORD00013305,SKU00379,Sports,1,281.43,127.78,153.65,2026-09-27 10:00:00
ITEM000027792,ORD00012105,SKU00012,Beauty,1,93.45,136.65,-43.2,2026-09-27 10:00:00
ITEM000027793,ORD00013423,SKU00308,Home,1,75.95,181.45,-105.5,2026-09-27 10:00:00
ITEM000027794,ORD00013811,SKU00111,Electronics,2,264.1,63.6,464.6,2026-09-27 10:00:00
ITEM000027795,ORD00012526,SKU00325,Books,3,451.48,61.6,1292.84,2026-09-27 10:00:00
ITEM000027796,ORD00013901,SKU00313,Beauty,2,201.19,21.43,380.95,2026-09-27 10:00:00
ITEM000027797,ORD00013711,SKU00071,Beauty,2,637.73,10.48,1264.98,2026-09-27 10:00:00
ITEM000027798,ORD00012448,SKU00441,Electronics,2,403.1,177.75,628.45,2026-09-27 10:00:00
ITEM000027799,ORD00012569,SKU00294,Home,2,252.2,18.78,485.62,2026-09-27 10:00:00
ITEM000027800,ORD00013191,SKU00183,Books,2,153.58,68.89,238.27,2026-09-27 10:00:00
ITEM000027801,ORD00013644,SKU00235,Sports,1,604.28,193.76,410.52,2026-09-27 10:00:00
ITEM000027802,ORD00013759,SKU00325,Sports,2,485.12,88.14,882.1,2026-09-27 10:00:00
ITEM000027803,ORD00013353,SKU00209,Beauty,1,452.19,173.87,278.32,2026-09-27 10:00:00
ITEM000027804,ORD00014722,SKU00112,Sports,1,805.38,17.55,787.83,2026-09-27 10:00:00
ITEM000027805,ORD00013390,SKU00301,Grocery,2,84.04,149.0,19.08,2026-09-27 10:00:00
ITEM000027806,ORD00012297,SKU00136,Home,3,787.9,12.41,2351.29,2026-09-27 10:00:00
ITEM000027807,ORD00012585,SKU00019,Grocery,3,367.93,118.88,984.91,2026-09-27 10:00:00
ITEM000027808,ORD00014873,SKU00118,Beauty,3,288.16,49.23,815.25,2026-09-27 10:00:00
ITEM000027809,ORD00012274,SKU00316,Books,1,1950.48,113.49,1836.99,2026-09-27 10:00:00
ITEM000027810,ORD00012972,SKU00026,Books,1,334.27,171.25,163.02,2026-09-27 10:00:00
ITEM000027811,ORD00012811,SKU00257,Grocery,2,146.39,101.09,191.69,2026-09-27 10:00:00
ITEM000027812,ORD00013552,SKU00208,Fashion,1,624.71,26.26,598.45,2026-09-27 10:00:00
ITEM000027813,ORD00013945,SKU00470,Beauty,1,179.32,9.3,170.02,2026-09-27 10:00:00
ITEM000027814,ORD00012560,SKU00467,Books,1,351.95,69.24,282.71,2026-09-27 10:00:00
ITEM000027815,ORD00013019,SKU00202,Home,2,1416.3,43.38,2789.22,2026-09-27 10:00:00
ITEM000027816,ORD00013792,SKU00482,Fashion,3,134.54,182.65,220.97,2026-09-27 10:00:00
ITEM000027817,ORD00012621,SKU00485,Home,1,429.07,189.3,239.77,2026-09-27 10:00:00
ITEM000027818,ORD00012421,SKU00199,Sports,1,171.44,190.31,-18.87,2026-09-27 10:00:00
ITEM000027819,ORD00013151,SKU00031,Sports,2,182.5,108.32,256.68,2026-09-27 10:00:00
ITEM000027820,ORD00014099,SKU00104,Electronics,2,458.38,108.32,808.44,2026-09-27 10:00:00
ITEM000027821,ORD00014370,SKU00281,Grocery,2,197.13,67.35,326.91,2026-09-27 10:00:00
ITEM000027822,ORD00012073,SKU00003,Fashion,2,527.06,72.15,981.97,2026-09-27 10:00:00
ITEM000027823,ORD00012141,SKU00120,Electronics,1,277.25,110.76,166.49,2026-09-27 10:00:00
ITEM000027824,ORD00014256,SKU00358,Beauty,1,492.31,146.89,345.42,2026-09-27 10:00:00
ITEM000027825,ORD00013183,SKU00384,Fashion,1,1164.54,87.41,1077.13,2026-09-27 10:00:00
ITEM000027826,ORD00012380,SKU00047,Electronics,1,58.94,26.24,32.7,2026-09-27 10:00:00
ITEM000027827,ORD00014460,SKU00414,Grocery,3,135.71,12.38,394.75,2026-09-27 10:00:00
ITEM000027828,ORD00012968,SKU00138,Sports,2,375.37,165.07,585.67,2026-09-27 10:00:00
ITEM000027829,ORD00013676,SKU00434,Sports,3,163.28,178.61,311.23,2026-09-27 10:00:00
ITEM000027830,ORD00012022,SKU00189,Home,1,159.63,190.83,-31.2,2026-09-27 10:00:00
ITEM000027831,ORD00013898,SKU00389,Grocery,3,684.67,181.35,1872.66,2026-09-27 10:00:00
ITEM000027832,ORD00014452,SKU00082,Sports,2,357.89,19.82,695.96,2026-09-27 10:00:00
ITEM000027833,ORD00012218,SKU00035,Grocery,2,256.0,100.71,411.29,2026-09-27 10:00:00
ITEM000027834,ORD00012830,SKU00374,Beauty,2,719.79,119.67,1319.91,2026-09-27 10:00:00
ITEM000027835,ORD00013842,SKU00023,Electronics,3,850.61,134.19,2417.64,2026-09-27 10:00:00
ITEM000027836,ORD00013508,SKU00375,Sports,1,161.84,17.89,143.95,2026-09-27 10:00:00
ITEM000027837,ORD00013063,SKU00441,Sports,1,167.99,120.42,47.57,2026-09-27 10:00:00
ITEM000027838,ORD00012032,SKU00322,Electronics,1,160.19,191.3,-31.11,2026-09-27 10:00:00
ITEM000027839,ORD00014061,SKU00444,Electronics,2,501.31,122.09,880.53,2026-09-27 10:00:00
ITEM000027840,ORD00013359,SKU00045,Fashion,1,389.28,20.22,369.06,2026-09-27 10:00:00
ITEM000027841,ORD00013397,SKU00001,Electronics,2,395.43,141.53,649.33,2026-09-27 10:00:00
ITEM000027842,ORD00014005,SKU00198,Sports,3,235.0,176.02,528.98,2026-09-27 10:00:00
ITEM000027843,ORD00013029,SKU00359,Electronics,3,230.22,32.35,658.31,2026-09-27 10:00:00
ITEM000027844,ORD00012318,SKU00225,Home,3,818.7,62.25,2393.85,2026-09-27 10:00:00
ITEM000027845,ORD00013218,SKU00382,Electronics,3,512.87,43.65,1494.96,2026-09-27 10:00:00
ITEM000027846,ORD00012429,SKU00034,Fashion,2,399.23,169.43,629.03,2026-09-27 10:00:00
ITEM000027847,ORD00014109,SKU00267,Fashion,2,619.94,154.38,1085.5,2026-09-27 10:00:00
ITEM000027848,ORD00012897,SKU00498,Beauty,3,138.37,28.99,386.12,2026-09-27 10:00:00
ITEM000027849,ORD00013884,SKU00170,Electronics,3,273.27,70.49,749.32,2026-09-27 10:00:00
ITEM000027850,ORD00013703,SKU00196,Grocery,2,664.85,69.1,1260.6,2026-09-27 10:00:00
ITEM000027851,ORD00014761,SKU00188,Sports,1,373.38,155.18,218.2,2026-09-27 10:00:00
ITEM000027852,ORD00014099,SKU00198,Books,2,540.96,70.32,1011.6,2026-09-27 10:00:00
ITEM000027853,ORD00014616,SKU00055,Books,3,377.79,180.47,952.9,2026-09-27 10:00:00
ITEM000027854,ORD00013741,SKU00370,Grocery,3,247.59,133.51,609.26,2026-09-27 10:00:00
ITEM000027855,ORD00013813,SKU00351,Fashion,2,205.12,125.86,284.38,2026-09-27 10:00:00
ITEM000027856,ORD00014375,SKU00019,Electronics,2,559.69,81.15,1038.23,2026-09-27 10:00:00
ITEM000027857,ORD00014066,SKU00104,Sports,3,657.04,152.19,1818.93,2026-09-27 10:00:00
ITEM000027858,ORD00013760,SKU00266,Sports,1,248.7,60.11,188.59,2026-09-27 10:00:00
ITEM000027859,ORD00012359,SKU00129,Fashion,3,332.74,6.08,992.14,2026-09-27 10:00:00
ITEM000027860,ORD00013870,SKU00194,Books,2,373.36,185.37,561.35,2026-09-27 10:00:00
ITEM000027861,ORD00013886,SKU00140,Beauty,1,132.42,182.37,-49.95,2026-09-27 10:00:00
ITEM000027862,ORD00012727,SKU00137,Home,3,283.81,171.44,679.99,2026-09-27 10:00:00
ITEM000027863,ORD00013691,SKU00261,Home,1,250.43,118.52,131.91,2026-09-27 10:00:00
ITEM000027864,ORD00013127,SKU00492,Sports,2,328.69,166.22,491.16,2026-09-27 10:00:00
ITEM000027865,ORD00014105,SKU00073,Sports,3,437.39,88.38,1223.79,2026-09-27 10:00:00
ITEM000027866,ORD00012393,SKU00101,Grocery,3,324.1,19.19,953.11,2026-09-27 10:00:00
ITEM000027867,ORD00012233,SKU00256,Fashion,1,666.05,71.83,594.22,2026-09-27 10:00:00
ITEM000027868,ORD00012705,SKU00233,Books,3,698.93,64.2,2032.59,2026-09-27 10:00:00
ITEM000027869,ORD00013194,SKU00354,Books,3,315.43,191.21,755.08,2026-09-27 10:00:00
ITEM000027870,ORD00013695,SKU00413,Books,3,210.02,124.61,505.45,2026-09-27 10:00:00
ITEM000027871,ORD00013688,SKU00339,Beauty,3,904.94,121.44,2593.38,2026-09-27 10:00:00
ITEM000027872,ORD00014382,SKU00480,Sports,2,81.19,169.3,-6.92,2026-09-27 10:00:00
ITEM000027873,ORD00012649,SKU00428,Beauty,3,478.68,66.39,1369.65,2026-09-27 10:00:00
ITEM000027874,ORD00012662,SKU00326,Electronics,1,1469.2,39.09,1430.11,2026-09-27 10:00:00
ITEM000027875,ORD00013649,SKU00410,Sports,2,389.47,115.82,663.12,2026-09-27 10:00:00
ITEM000027876,ORD00012829,SKU00242,Fashion,1,380.58,41.88,338.7,2026-09-27 10:00:00
ITEM000027877,ORD00013163,SKU00327,Books,1,207.54,74.13,133.41,2026-09-27 10:00:00
ITEM000027878,ORD00014940,SKU00397,Fashion,1,1377.3,73.12,1304.18,2026-09-27 10:00:00
ITEM000027879,ORD00013602,SKU00069,Beauty,2,136.93,81.09,192.77,2026-09-27 10:00:00
ITEM000027880,ORD00014399,SKU00487,Home,3,518.3,156.39,1398.51,2026-09-27 10:00:00
ITEM000027881,ORD00013946,SKU00432,Fashion,2,334.87,160.47,509.27,2026-09-27 10:00:00
ITEM000027882,ORD00014061,SKU00454,Fashion,1,180.55,196.81,-16.26,2026-09-27 10:00:00
ITEM000027883,ORD00013045,SKU00353,Beauty,1,260.58,81.86,178.72,2026-09-27 10:00:00
ITEM000027884,ORD00013495,SKU00388,Books,1,282.44,137.87,144.57,2026-09-27 10:00:00
ITEM000027885,ORD00013198,SKU00467,Sports,2,531.72,118.66,944.78,2026-09-27 10:00:00
ITEM000027886,ORD00012168,SKU00287,Electronics ,1,293.01,98.96,194.05,2026-09-27 10:00:00
ITEM000027887,ORD00012610,SKU00439,Fashion,2,188.29,184.81,191.77,2026-09-27 10:00:00
ITEM000027888,ORD00013397,SKU00434,Sports,3,141.31,14.34,409.59,2026-09-27 10:00:00
ITEM000027889,ORD00014797,SKU00133,Books,3,312.87,53.12,885.49,2026-09-27 10:00:00
ITEM000027890,ORD00013886,SKU00495,Beauty,3,86.04,46.52,211.6,2026-09-27 10:00:00
ITEM000027891,ORD00012778,SKU00335,Sports,3,250.23,139.72,610.97,2026-09-27 10:00:00
ITEM000027892,ORD00014191,SKU00357,Home,2,685.4,149.3,1221.5,2026-09-27 10:00:00
ITEM000027893,ORD00013980,SKU00250,Books,2,261.86,30.49,493.23,2026-09-27 10:00:00
ITEM000027894,ORD00014786,SKU00070,Home,3,415.8,159.14,1088.26,2026-09-27 10:00:00
ITEM000027895,ORD00014849,SKU00072,Grocery,2,401.76,67.8,735.72,2026-09-27 10:00:00
ITEM000027896,ORD00013515,SKU00290,Beauty,3,1315.83,17.22,3930.27,2026-09-27 10:00:00
ITEM000027897,ORD00014968,SKU00222,Beauty,2,143.85,151.4,136.3,2026-09-27 10:00:00
ITEM000027898,ORD00013037,SKU00382,Books,1,168.52,95.59,72.93,2026-09-27 10:00:00
ITEM000027899,ORD00013871,SKU00481,Electronics,1,932.45,28.14,904.31,2026-09-27 10:00:00
ITEM000027900,ORD00013212,SKU00431,Sports,2,1089.07,104.03,2074.11,2026-09-27 10:00:00
ITEM000027901,ORD00014373,SKU00084,Home,3,154.07,187.25,274.96,2026-09-27 10:00:00
ITEM000027902,ORD00012830,SKU00013,Grocery,3,815.98,5.23,2442.71,2026-09-27 10:00:00
ITEM000027903,ORD00012484,SKU00116,Beauty,3,474.9,160.5,1264.2,2026-09-27 10:00:00
ITEM000027904,ORD00014625,SKU00434,Beauty,3,92.21,121.45,155.18,2026-09-27 10:00:00
ITEM000027905,ORD00014993,SKU00421,Grocery,1,400.43,139.74,260.69,2026-09-27 10:00:00
ITEM000027906,ORD00013455,SKU00171,Grocery,2,215.18,143.82,286.54,2026-09-27 10:00:00
ITEM000027907,ORD00012758,SKU00401,Home,1,194.02,31.72,162.3,2026-09-27 10:00:00
ITEM000027908,ORD00013052,SKU00069,Beauty,1,244.62,169.9,74.72,2026-09-27 10:00:00
ITEM000027909,ORD00013859,SKU00226,Home,1,592.14,164.62,427.52,2026-09-27 10:00:00
ITEM000027910,ORD00013530,SKU00178,Sports,2,393.81,51.71,735.91,2026-09-27 10:00:00
ITEM000027911,ORD00013571,SKU00018,Grocery,2,1946.49,54.46,3838.52,2026-09-27 10:00:00
ITEM000027912,ORD00014962,SKU00066,Sports,2,583.04,66.04,1100.04,2026-09-27 10:00:00
ITEM000027913,ORD00014277,SKU00228,Electronics,1,354.34,5.27,349.07,2026-09-27 10:00:00
ITEM000027914,ORD00014056,SKU00254,Home,3,156.07,197.83,270.38,2026-09-27 10:00:00
ITEM000027915,ORD00013162,SKU00073,Sports,3,437.86,114.02,1199.56,2026-09-27 10:00:00
ITEM000027916,ORD00012129,SKU00100,Fashion,3,356.25,105.83,962.92,2026-09-27 10:00:00
ITEM000027917,ORD00013903,SKU00313,Electronics,2,189.16,74.03,304.29,2026-09-27 10:00:00
ITEM000027918,ORD00014517,SKU00178,Sports,1,302.08,118.77,183.31,2026-09-27 10:00:00
ITEM000027919,ORD00014979,SKU00392,Electronics,2,482.2,170.59,793.81,2026-09-27 10:00:00
ITEM000027920,ORD00013377,SKU00041,Electronics,2,635.52,54.58,1216.46,2026-09-27 10:00:00
ITEM000027921,ORD00013840,SKU00316,Grocery,1,865.82,111.79,754.03,2026-09-27 10:00:00
ITEM000027922,ORD00014179,SKU00395,Books,3,776.7,96.65,2233.45,2026-09-27 10:00:00
ITEM000027923,ORD00013088,SKU00278,Home,2,659.1,107.74,1210.46,2026-09-27 10:00:00
ITEM000027924,ORD00014745,SKU00397,Electronics,3,199.68,28.3,570.74,2026-09-27 10:00:00
ITEM000027925,ORD00014871,SKU00170,Sports,3,43.11,35.93,93.4,2026-09-27 10:00:00
ITEM000027926,ORD00012716,SKU00368,Books,2,181.29,181.66,180.92,2026-09-27 10:00:00
ITEM000027927,ORD00012168,SKU00271,Beauty,3,760.25,5.35,2275.4,2026-09-27 10:00:00
ITEM000027928,ORD00014898,SKU00431,Beauty,1,473.05,199.59,273.46,2026-09-27 10:00:00
ITEM000027929,ORD00012704,SKU00427,Electronics,3,1391.69,77.78,4097.29,2026-09-27 10:00:00
ITEM000027930,ORD00012054,SKU00426,Books,3,201.0,151.24,451.76,2026-09-27 10:00:00
ITEM000027931,ORD00012110,SKU00329,Fashion,3,56.59,70.2,99.57,2026-09-27 10:00:00
ITEM000027932,ORD00013801,SKU00183,Sports,2,587.5,58.82,1116.18,2026-09-27 10:00:00
ITEM000027933,ORD00013482,SKU00020,Books,1,694.28,1.54,692.74,2026-09-27 10:00:00
ITEM000027934,ORD00013734,SKU00093,Sports,3,336.33,76.4,932.59,2026-09-27 10:00:00
ITEM000027935,ORD00012626,SKU00172,Sports,1,841.05,167.16,673.89,2026-09-27 10:00:00
ITEM000027936,ORD00013191,SKU00062,Books,3,434.7,127.35,1176.75,2026-09-27 10:00:00
ITEM000027937,ORD00012703,SKU00389,Fashion,2,123.56,115.03,132.09,2026-09-27 10:00:00
ITEM000027938,ORD00013647,SKU00374,Electronics,3,132.79,145.84,252.53,2026-09-27 10:00:00
ITEM000027939,ORD00013799,SKU00049,Fashion,1,1625.25,160.37,1464.88,2026-09-27 10:00:00
ITEM000027940,ORD00013921,SKU00193,Fashion,1,277.36,89.94,187.42,2026-09-27 10:00:00
ITEM000027941,ORD00014828,SKU00254,Electronics,1,922.49,168.85,753.64,2026-09-27 10:00:00
ITEM000027942,ORD00013533,SKU00452,Grocery,2,400.68,11.34,790.02,2026-09-27 10:00:00
ITEM000027943,ORD00014066,SKU00377,Grocery,2,220.69,182.4,258.98,2026-09-27 10:00:00
ITEM000027944,ORD00014753,SKU00493,Fashion,2,590.97,180.96,1000.98,2026-09-27 10:00:00
ITEM000027945,ORD00013595,SKU00132,Books,3,214.25,175.46,467.29,2026-09-27 10:00:00
ITEM000027946,ORD00012293,SKU00296,Fashion,1,222.02,29.24,192.78,2026-09-27 10:00:00
ITEM000027947,ORD00012114,SKU00215,Sports,1,392.34,45.31,347.03,2026-09-27 10:00:00
ITEM000027948,ORD00013799,SKU00403,Home,1,456.54,58.17,398.37,2026-09-27 10:00:00
ITEM000027949,ORD00012643,SKU00148,Sports,2,328.09,92.6,563.58,2026-09-27 10:00:00
ITEM000027950,ORD00014358,SKU00491,Home,1,419.75,45.65,374.1,2026-09-27 10:00:00
ITEM000027951,ORD00014503,SKU00073,Sports,1,300.64,24.36,276.28,2026-09-27 10:00:00
ITEM000027952,ORD00014588,SKU00061,Electronics,1,290.58,156.42,134.16,2026-09-27 10:00:00
ITEM000027953,ORD00013778,SKU00499,Electronics,2,643.42,69.88,1216.96,2026-09-27 10:00:00
ITEM000027954,ORD00012971,SKU00062,Electronics,1,145.07,152.97,-7.9,2026-09-27 10:00:00
ITEM000027955,ORD00012459,SKU00473,Grocery,3,596.64,61.38,1728.54,2026-09-27 10:00:00
ITEM000027956,ORD00014740,SKU00350,Electronics,1,328.47,195.75,132.72,2026-09-27 10:00:00
ITEM000027957,ORD00013441,SKU00436,Electronics,3,583.36,114.65,1635.43,2026-09-27 10:00:00
ITEM000027958,ORD00012037,SKU00010,Home,1,462.16,116.64,345.52,2026-09-27 10:00:00
ITEM000027959,ORD00013118,SKU00225,Home,1,121.06,124.3,-3.24,2026-09-27 10:00:00
ITEM000027960,ORD00014833,SKU00156,Sports,2,268.5,107.85,429.15,2026-09-27 10:00:00
ITEM000027961,ORD00012008,SKU00150,Fashion,2,177.75,47.51,307.99,2026-09-27 10:00:00
ITEM000027962,ORD00013372,SKU00353,Fashion,2,129.09,13.99,244.19,2026-09-27 10:00:00
ITEM000027963,ORD00013078,SKU00045,Electronics,2,178.81,15.39,342.23,2026-09-27 10:00:00
ITEM000027964,ORD00014937,SKU00335,Beauty,1,156.29,3.6,152.69,2026-09-27 10:00:00
ITEM000027965,ORD00013247,SKU00370,Electronics,1,453.09,153.21,299.88,2026-09-27 10:00:00
ITEM000027966,ORD00013702,SKU00237,Grocery,3,211.85,147.7,487.85,2026-09-27 10:00:00
ITEM000027967,ORD00014099,SKU00136,Home,1,514.11,22.21,491.9,2026-09-27 10:00:00
ITEM000027968,ORD00012369,SKU00444,Grocery,2,94.55,19.76,169.34,2026-09-27 10:00:00
ITEM000027969,ORD00013786,SKU00118,Books,3,222.03,186.9,479.19,2026-09-27 10:00:00
ITEM000027970,ORD00013427,SKU00014,Home,3,145.36,199.87,236.21,2026-09-27 10:00:00
ITEM000027971,ORD00012380,SKU00227,Grocery,2,599.54,65.65,1133.43,2026-09-27 10:00:00
ITEM000027972,ORD00013150,SKU00253,Electronics,3,226.58,129.07,550.67,2026-09-27 10:00:00
ITEM000027973,ORD00012345,SKU00027,Electronics,2,239.55,198.75,280.35,2026-09-27 10:00:00
ITEM000027974,ORD00013228,SKU00229,Sports,2,319.9,189.19,450.61,2026-09-27 10:00:00
ITEM000027975,ORD00014998,SKU00263,Fashion,1,207.4,167.75,39.65,2026-09-27 10:00:00
ITEM000027976,ORD00012927,SKU00466,Fashion,3,88.26,111.3,153.48,2026-09-27 10:00:00
ITEM000027977,ORD00014993,SKU00024,Electronics,2,117.23,114.38,120.08,2026-09-27 10:00:00
ITEM000027978,ORD00012786,SKU00393,Home,3,123.62,192.4,178.46,2026-09-27 10:00:00
ITEM000027979,ORD00012743,SKU00138,Books,3,389.14,76.65,1090.77,2026-09-27 10:00:00
ITEM000027980,ORD00014028,SKU00236,Electronics,3,929.71,197.16,2591.97,2026-09-27 10:00:00
ITEM000027981,ORD00012627,SKU00007,Beauty,1,606.64,118.79,487.85,2026-09-27 10:00:00
ITEM000027982,ORD00012902,SKU00261,Electronics,1,357.78,194.26,163.52,2026-09-27 10:00:00
ITEM000027983,ORD00012964,SKU00174,Home,2,92.64,44.44,140.84,2026-09-27 10:00:00
ITEM000027984,ORD00014992,SKU00355,Books,2,2106.82,97.37,4116.27,2026-09-27 10:00:00
ITEM000027985,ORD00012849,SKU00444,Sports,1,583.14,28.38,554.76,2026-09-27 10:00:00
ITEM000027986,ORD00013492,SKU00007,Sports,3,513.22,61.4,1478.26,2026-09-27 10:00:00
ITEM000027987,ORD00013161,SKU00403,Books,2,464.18,62.05,866.31,2026-09-27 10:00:00
ITEM000027988,ORD00012566,SKU00228,Books,3,449.21,3.7,1343.93,2026-09-27 10:00:00
ITEM000027989,ORD00014305,SKU00170,Fashion,2,53.1,34.74,71.46,2026-09-27 10:00:00
ITEM000027990,ORD00013209,SKU00108,Sports,3,300.05,150.93,749.22,2026-09-27 10:00:00
ITEM000027991,ORD00013971,SKU00225,Electronics,3,200.17,170.32,430.19,2026-09-27 10:00:00
ITEM000027992,ORD00015000,SKU00170,Books,1,340.69,58.73,281.96,2026-09-27 10:00:00
ITEM000027993,ORD00012671,SKU00021,Sports,2,302.91,190.72,415.1,2026-09-27 10:00:00
ITEM000027994,ORD00014167,SKU00104,Beauty,3,552.2,79.78,1576.82,2026-09-27 10:00:00
ITEM000027995,ORD00014691,SKU00069,Sports,1,268.78,162.88,105.9,2026-09-27 10:00:00
ITEM000027996,ORD00013416,SKU00362,Electronics,2,427.01,150.38,703.64,2026-09-27 10:00:00
ITEM000027997,ORD00014290,SKU00013,Electronics,3,282.6,3.71,844.09,2026-09-27 10:00:00
ITEM000027998,ORD00013207,SKU00297,Electronics,3,953.37,84.65,2775.46,2026-09-27 10:00:00
ITEM000027999,ORD00013371,SKU00498,Books,1,524.03,10.04,513.99,2026-09-27 10:00:00
ITEM000028000,ORD00012422,SKU00332,Home,3,426.13,117.05,1161.34,2026-09-27 10:00:00
ITEM000028001,ORD00012749,SKU00492,Beauty,2,490.47,85.84,895.1,2026-09-27 10:00:00
ITEM000028002,ORD00013589,SKU00235,Sports,1,352.42,36.29,316.13,2026-09-27 10:00:00
ITEM000028003,ORD00013679,SKU00437,Books,1,308.64,145.6,163.04,2026-09-27 10:00:00
ITEM000028004,ORD00014457,SKU00324,Fashion,3,1410.86,147.5,4085.08,2026-09-27 10:00:00
ITEM000028005,ORD00014885,SKU00283,Home,3,113.57,183.8,156.91,2026-09-27 10:00:00
ITEM000028006,ORD00012144,SKU00305,Beauty,3,276.23,0.56,828.13,2026-09-27 10:00:00
ITEM000028007,ORD00013450,SKU00401,Home,2,169.05,37.1,301.0,2026-09-27 10:00:00
ITEM000028008,ORD00013517,SKU00166,Fashion,3,1078.91,24.17,3212.56,2026-09-27 10:00:00
ITEM000028009,ORD00012385,SKU00065,Fashion,2,202.97,196.92,209.02,2026-09-27 10:00:00
ITEM000028010,ORD00012157,SKU00292,Books,2,292.73,74.43,511.03,2026-09-27 10:00:00
ITEM000028011,ORD00014626,SKU00091,Books,1,430.94,154.98,275.96,2026-09-27 10:00:00
ITEM000028012,ORD00012467,SKU00050,Grocery,2,167.3,0.91,333.69,2026-09-27 10:00:00
ITEM000028013,ORD00013656,SKU00002,Electronics,2,148.75,110.52,186.98,2026-09-27 10:00:00
ITEM000028014,ORD00014123,SKU00377,Grocery,2,456.2,153.18,759.22,2026-09-27 10:00:00
ITEM000028015,ORD00012343,SKU00025,Beauty,2,312.48,60.38,564.58,2026-09-27 10:00:00
ITEM000028016,ORD00013165,SKU00376,Beauty,2,319.01,77.79,560.23,2026-09-27 10:00:00
ITEM000028017,ORD00013958,SKU00122,Beauty,3,1001.26,141.61,2862.17,2026-09-27 10:00:00
ITEM000028018,ORD00012268,SKU00319,Beauty,1,446.76,65.34,381.42,2026-09-27 10:00:00
ITEM000028019,ORD00012705,SKU00040,Fashion,3,197.27,54.25,537.56,2026-09-27 10:00:00
ITEM000028020,ORD00014023,SKU00490,Fashion,2,271.04,69.04,473.04,2026-09-27 10:00:00
ITEM000028021,ORD00012143,SKU00442,Grocery,3,329.13,132.16,855.23,2026-09-27 10:00:00
ITEM000028022,ORD00014395,SKU00066,Grocery,2,567.81,33.4,1102.22,2026-09-27 10:00:00
ITEM000028023,ORD00013045,SKU00145,Grocery,1,358.14,42.0,316.14,2026-09-27 10:00:00
ITEM000028024,ORD00012483,SKU00241,Home,2,105.2,96.65,113.75,2026-09-27 10:00:00
ITEM000028025,ORD00012569,SKU00445,Home,3,145.64,64.74,372.18,2026-09-27 10:00:00
ITEM000028026,ORD00013419,SKU00186,Home,2,681.94,95.87,1268.01,2026-09-27 10:00:00
ITEM000028027,ORD00012997,SKU00087,Grocery,1,223.61,194.12,29.49,2026-09-27 10:00:00
ITEM000028028,ORD00012508,SKU00067,Books,2,284.79,104.42,465.16,2026-09-27 10:00:00
ITEM000028029,ORD00013036,SKU00197,Home,1,1156.31,104.61,1051.7,2026-09-27 10:00:00
ITEM000028030,ORD00012673,SKU00121,Beauty,2,549.52,164.72,934.32,2026-09-27 10:00:00
ITEM000028031,ORD00012286,SKU00428,Books,3,775.1,178.97,2146.33,2026-09-27 10:00:00
ITEM000028032,ORD00013366,SKU00409,Beauty,3,192.49,178.33,399.14,2026-09-27 10:00:00
ITEM000028033,ORD00014418,SKU00242,Home,3,251.68,104.29,650.75,2026-09-27 10:00:00
ITEM000028034,ORD00013448,SKU00109,Electronics,1,296.0,141.64,154.36,2026-09-27 10:00:00
ITEM000028035,ORD00014881,SKU00421,Electronics,1,596.41,14.32,582.09,2026-09-27 10:00:00
ITEM000028036,ORD00014942,SKU00301,Fashion,3,597.24,153.96,1637.76,2026-09-27 10:00:00
ITEM000028037,ORD00014872,SKU00021,Electronics,3,658.41,6.3,1968.93,2026-09-27 10:00:00
ITEM000028038,ORD00013293,SKU00434,Fashion,1,186.91,96.19,90.72,2026-09-27 10:00:00
ITEM000028039,ORD00013312,SKU00338,Electronics,3,930.55,53.19,2738.46,2026-09-27 10:00:00
ITEM000028040,ORD00014731,SKU00186,Grocery,1,288.34,50.96,237.38,2026-09-27 10:00:00
ITEM000028041,ORD00014292,SKU00001,Sports,3,1135.46,29.35,3377.03,2026-09-27 10:00:00
ITEM000028042,ORD00012387,SKU00349,Beauty,2,74.36,137.11,11.61,2026-09-27 10:00:00
ITEM000028043,ORD00013429,SKU00124,Home,2,236.24,80.85,391.63,2026-09-27 10:00:00
ITEM000028044,ORD00013149,SKU00207,Electronics,1,91.94,112.73,-20.79,2026-09-27 10:00:00
ITEM000028045,ORD00013394,SKU00497,Fashion,3,397.16,80.73,1110.75,2026-09-27 10:00:00
ITEM000028046,ORD00013425,SKU00281,Fashion,1,601.7,22.49,579.21,2026-09-27 10:00:00
ITEM000028047,ORD00014443,SKU00202,Books,1,45.67,176.35,-130.68,2026-09-27 10:00:00
ITEM000028048,ORD00013563,SKU00216,Home,1,528.07,141.96,386.11,2026-09-27 10:00:00
ITEM000028049,ORD00012717,SKU00404,Fashion,2,555.27,21.41,1089.13,2026-09-27 10:00:00
ITEM000028050,ORD00013801,SKU00149,Home,1,268.73,84.23,184.5,2026-09-27 10:00:00
ITEM000028051,ORD00014058,SKU00456,Beauty,1,184.65,61.35,123.3,2026-09-27 10:00:00
ITEM000028052,ORD00014266,SKU00343,Sports,3,334.25,2.06,1000.69,2026-09-27 10:00:00
ITEM000028053,ORD00014053,SKU00113,Sports,1,208.08,186.54,21.54,2026-09-27 10:00:00
ITEM000028054,ORD00014391,SKU00031,Home,1,380.79,108.6,272.19,2026-09-27 10:00:00
ITEM000028055,ORD00014922,SKU00404,Books,2,1019.7,124.26,1915.14,2026-09-27 10:00:00
ITEM000028056,ORD00013045,SKU00052,Beauty,2,293.59,76.39,510.79,2026-09-27 10:00:00
ITEM000028057,ORD00013746,SKU00129,Electronics,3,263.54,26.75,763.87,2026-09-27 10:00:00
ITEM000028058,ORD00012995,SKU00015,Sports,3,1025.95,72.65,3005.2,2026-09-27 10:00:00
ITEM000028059,ORD00012178,SKU00226,Grocery,2,213.14,129.44,296.84,2026-09-27 10:00:00
ITEM000028060,ORD00013951,SKU00017,Home,3,414.88,186.71,1057.93,2026-09-27 10:00:00
ITEM000028061,ORD00014244,SKU00402,Home,1,462.2,153.86,308.34,2026-09-27 10:00:00
ITEM000028062,ORD00014959,SKU00349,Sports,3,1080.69,34.84,3207.23,2026-09-27 10:00:00
ITEM000028063,ORD00012522,SKU00407,Home,3,645.43,185.86,1750.43,2026-09-27 10:00:00
ITEM000028064,ORD00014967,SKU00413,Beauty,3,147.22,167.65,274.01,2026-09-27 10:00:00
ITEM000028065,ORD00014252,SKU00480,Books,2,232.76,37.67,427.85,2026-09-27 10:00:00
ITEM000028066,ORD00014367,SKU00353,Electronics ,1,549.25,111.65,437.6,2026-09-27 10:00:00
ITEM000028067,ORD00014294,SKU00160,Beauty,1,159.94,60.16,99.78,2026-09-27 10:00:00
ITEM000028068,ORD00014724,SKU00492,Home,3,525.01,173.76,1401.27,2026-09-27 10:00:00
ITEM000028069,ORD00013022,SKU00438,Fashion,1,548.35,113.93,434.42,2026-09-27 10:00:00
ITEM000028070,ORD00014535,SKU00223,Fashion,3,365.93,77.17,1020.62,2026-09-27 10:00:00
ITEM000028071,ORD00013545,SKU00402,Fashion,1,1421.74,53.31,1368.43,2026-09-27 10:00:00
ITEM000028072,ORD00012152,SKU00299,Fashion,2,222.29,180.97,263.61,2026-09-27 10:00:00
ITEM000028073,ORD00013472,SKU00227,Grocery,3,325.39,164.04,812.13,2026-09-27 10:00:00
ITEM000028074,ORD00013935,SKU00477,Electronics,3,504.7,144.51,1369.59,2026-09-27 10:00:00
ITEM000028075,ORD00013610,SKU00168,Sports,2,226.84,90.92,362.76,2026-09-27 10:00:00
ITEM000028076,ORD00012792,SKU00337,Grocery,1,516.22,88.35,427.87,2026-09-27 10:00:00
ITEM000028077,ORD00013862,SKU00003,Books,2,101.69,92.8,110.58,2026-09-27 10:00:00
ITEM000028078,ORD00014307,SKU00108,Grocery,1,855.42,115.37,740.05,2026-09-27 10:00:00
ITEM000028079,ORD00013368,SKU00366,Sports,1,285.35,199.67,85.68,2026-09-27 10:00:00
ITEM000028080,ORD00014695,SKU00051,Beauty,1,147.45,32.58,114.87,2026-09-27 10:00:00
ITEM000028081,ORD00014420,SKU00110,Books,1,55.56,112.91,-57.35,2026-09-27 10:00:00
ITEM000028082,ORD00013545,SKU00252,Sports,1,498.36,96.42,401.94,2026-09-27 10:00:00
ITEM000028083,ORD00013731,SKU00152,Home,2,309.71,140.43,478.99,2026-09-27 10:00:00
ITEM000028084,ORD00014083,SKU00079,Electronics,3,607.66,22.66,1800.32,2026-09-27 10:00:00
ITEM000028085,ORD00013785,SKU00283,Home,3,235.31,92.98,612.95,2026-09-27 10:00:00
ITEM000028086,ORD00012850,SKU00043,Electronics,3,924.03,42.86,2729.23,2026-09-27 10:00:00
ITEM000028087,ORD00013604,SKU00372,Fashion,2,463.05,147.31,778.79,2026-09-27 10:00:00
ITEM000028088,ORD00012358,SKU00322,Electronics,1,182.71,96.49,86.22,2026-09-27 10:00:00
ITEM000028089,ORD00013781,SKU00194,Beauty,2,109.94,190.33,29.55,2026-09-27 10:00:00
ITEM000028090,ORD00014315,SKU00302,Sports,3,358.52,80.19,995.37,2026-09-27 10:00:00
ITEM000028091,ORD00012657,SKU00200,Electronics,3,103.79,72.23,239.14,2026-09-27 10:00:00
ITEM000028092,ORD00012924,SKU00319,Fashion,1,261.34,79.56,181.78,2026-09-27 10:00:00
ITEM000028093,ORD00014748,SKU00371,Grocery,2,260.68,16.83,504.53,2026-09-27 10:00:00
ITEM000028094,ORD00014044,SKU00041,Electronics,3,135.95,107.66,300.19,2026-09-27 10:00:00
ITEM000028095,ORD00013935,SKU00485,Sports,1,307.98,96.34,211.64,2026-09-27 10:00:00
ITEM000028096,ORD00013690,SKU00424,Sports,2,616.32,73.72,1158.92,2026-09-27 10:00:00
ITEM000028097,ORD00013413,SKU00095,Grocery,2,615.58,54.92,1176.24,2026-09-27 10:00:00
ITEM000028098,ORD00013145,SKU00268,Electronics,3,288.78,45.64,820.7,2026-09-27 10:00:00
ITEM000028099,ORD00013515,SKU00162,Electronics,3,263.45,98.93,691.42,2026-09-27 10:00:00
ITEM000028100,ORD00012177,SKU00307,Books,2,243.2,57.11,429.29,2026-09-27 10:00:00
ITEM000028101,ORD00012512,SKU00347,Electronics,3,406.0,69.34,1148.66,2026-09-27 10:00:00
ITEM000028102,ORD00012479,SKU00125,Sports,2,153.42,50.29,256.55,2026-09-27 10:00:00
ITEM000028103,ORD00014712,SKU00274,Electronics,1,611.44,40.91,570.53,2026-09-27 10:00:00
ITEM000028104,ORD00012907,SKU00322,Sports,1,424.81,32.23,392.58,2026-09-27 10:00:00
ITEM000028105,ORD00012869,SKU00070,Books,1,749.32,69.11,680.21,2026-09-27 10:00:00
ITEM000028106,ORD00014961,SKU00147,Grocery,3,955.62,172.32,2694.54,2026-09-27 10:00:00
ITEM000028107,ORD00012090,SKU00255,Electronics ,2,935.73,79.97,1791.49,2026-09-27 10:00:00
ITEM000028108,ORD00013730,SKU00223,Electronics,1,567.46,7.68,559.78,2026-09-27 10:00:00
ITEM000028109,ORD00012810,SKU00372,Grocery,2,113.36,136.65,90.07,2026-09-27 10:00:00
ITEM000028110,ORD00013274,SKU00101,Fashion,1,578.24,168.68,409.56,2026-09-27 10:00:00
ITEM000028111,ORD00012019,SKU00368,Sports,1,181.28,188.77,-7.49,2026-09-27 10:00:00
ITEM000028112,ORD00013373,SKU00114,Books,2,194.09,80.66,307.52,2026-09-27 10:00:00
ITEM000028113,ORD00014493,SKU00211,Beauty,2,229.2,167.31,291.09,2026-09-27 10:00:00
ITEM000028114,ORD00012788,SKU00077,Home,3,1136.83,87.71,3322.78,2026-09-27 10:00:00
ITEM000028115,ORD00013188,SKU00015,Books,3,986.94,17.99,2942.83,2026-09-27 10:00:00
ITEM000028116,ORD00014797,SKU00213,Sports,3,3337.43,80.02,9932.27,2026-09-27 10:00:00
ITEM000028117,ORD00012413,SKU00376,Grocery,1,139.15,121.85,17.3,2026-09-27 10:00:00
ITEM000028118,ORD00012312,SKU00078,Grocery,1,726.53,196.18,530.35,2026-09-27 10:00:00
ITEM000028119,ORD00012813,SKU00401,Books,3,922.2,196.83,2569.77,2026-09-27 10:00:00
ITEM000028120,ORD00012382,SKU00234,Books,2,407.93,29.77,786.09,2026-09-27 10:00:00
ITEM000028121,ORD00014668,SKU00359,Grocery,1,703.33,131.91,571.42,2026-09-27 10:00:00
ITEM000028122,ORD00012577,SKU00433,Beauty,1,282.77,85.46,197.31,2026-09-27 10:00:00
ITEM000028123,ORD00014124,SKU00146,Grocery,2,1185.2,117.47,2252.93,2026-09-27 10:00:00
ITEM000028124,ORD00013897,SKU00494,Grocery,1,136.8,102.23,34.57,2026-09-27 10:00:00
ITEM000028125,ORD00013367,SKU00097,Beauty,3,181.06,6.4,536.78,2026-09-27 10:00:00
ITEM000028126,ORD00013392,SKU00434,Beauty,3,1259.81,99.68,3679.75,2026-09-27 10:00:00
ITEM000028127,ORD00014450,SKU00465,Books,2,902.88,109.12,1696.64,2026-09-27 10:00:00
ITEM000028128,ORD00012076,SKU00162,Home,1,52.61,27.11,25.5,2026-09-27 10:00:00
ITEM000028129,ORD00013843,SKU00275,Sports,2,96.87,95.3,98.44,2026-09-27 10:00:00
ITEM000028130,ORD00014198,SKU00007,Books,1,375.52,111.17,264.35,2026-09-27 10:00:00
ITEM000028131,ORD00012252,SKU00069,Beauty,1,472.84,116.77,356.07,2026-09-27 10:00:00
ITEM000028132,ORD00014870,SKU00380,Beauty,1,211.25,44.8,166.45,2026-09-27 10:00:00
ITEM000028133,ORD00014646,SKU00268,Home,1,113.56,51.12,62.44,2026-09-27 10:00:00
ITEM000028134,ORD00012976,SKU00176,Books,3,461.0,199.73,1183.27,2026-09-27 10:00:00
ITEM000028135,ORD00014899,SKU00217,Grocery,2,461.14,170.5,751.78,2026-09-27 10:00:00
ITEM000028136,ORD00014129,SKU00103,Fashion,2,304.51,158.95,450.07,2026-09-27 10:00:00
ITEM000028137,ORD00012845,SKU00325,Grocery,2,152.55,165.33,139.77,2026-09-27 10:00:00
ITEM000028138,ORD00013662,SKU00158,Fashion,2,419.15,106.52,731.78,2026-09-27 10:00:00
ITEM000028139,ORD00012631,SKU00494,Grocery,2,563.0,12.68,1113.32,2026-09-27 10:00:00
ITEM000028140,ORD00012566,SKU00442,Beauty,2,483.42,49.54,917.3,2026-09-27 10:00:00
ITEM000028141,ORD00014299,SKU00471,Fashion,2,150.23,193.76,106.7,2026-09-27 10:00:00
ITEM000028142,ORD00014772,SKU00074,Home,2,127.63,195.73,59.53,2026-09-27 10:00:00
ITEM000028143,ORD00014708,SKU00025,Books,3,101.54,186.48,118.14,2026-09-27 10:00:00
ITEM000028144,ORD00012357,SKU00143,Grocery,2,318.52,150.15,486.89,2026-09-27 10:00:00
ITEM000028145,ORD00012948,SKU00479,Home,1,806.95,122.94,684.01,2026-09-27 10:00:00
ITEM000028146,ORD00012744,SKU00069,Sports,3,319.59,189.82,768.95,2026-09-27 10:00:00
ITEM000028147,ORD00013589,SKU00173,Grocery,3,252.12,83.72,672.64,2026-09-27 10:00:00
ITEM000028148,ORD00014539,SKU00071,Sports,3,436.1,54.28,1254.02,2026-09-27 10:00:00
ITEM000028149,ORD00013987,SKU00383,Home,3,338.49,131.68,883.79,2026-09-27 10:00:00
ITEM000028150,ORD00013575,SKU00476,Fashion,2,519.18,126.55,911.81,2026-09-27 10:00:00
ITEM000028151,ORD00013146,SKU00272,Books,2,111.38,119.56,103.2,2026-09-27 10:00:00
ITEM000028152,ORD00014550,SKU00423,Books,2,616.07,199.3,1032.84,2026-09-27 10:00:00
ITEM000028153,ORD00013895,SKU00009,Sports,2,948.54,61.41,1835.67,2026-09-27 10:00:00
ITEM000028154,ORD00012768,SKU00337,Electronics,2,285.04,9.56,560.52,2026-09-27 10:00:00
ITEM000028155,ORD00012741,SKU00046,Books,3,190.4,158.28,412.92,2026-09-27 10:00:00
ITEM000028156,ORD00012484,SKU00081,Books,1,140.68,152.88,-12.2,2026-09-27 10:00:00
ITEM000028157,ORD00012988,SKU00478,Grocery,1,782.23,152.5,629.73,2026-09-27 10:00:00
ITEM000028158,ORD00012338,SKU00410,Beauty,3,1091.05,183.5,3089.65,2026-09-27 10:00:00
ITEM000028159,ORD00013406,SKU00211,Home,2,88.57,87.72,89.42,2026-09-27 10:00:00
ITEM000028160,ORD00014535,SKU00136,Sports,1,236.11,132.49,103.62,2026-09-27 10:00:00
ITEM000028161,ORD00013574,SKU00167,Sports,2,189.75,11.14,368.36,2026-09-27 10:00:00
ITEM000028162,ORD00014804,SKU00366,Home,2,381.6,73.42,689.78,2026-09-27 10:00:00
ITEM000028163,ORD00014269,SKU00419,Home,3,45.01,79.6,55.43,2026-09-27 10:00:00
ITEM000028164,ORD00014628,SKU00371,Grocery,3,3342.32,77.05,9949.91,2026-09-27 10:00:00
ITEM000028165,ORD00013390,SKU00195,Fashion,2,64.15,198.72,-70.42,2026-09-27 10:00:00
ITEM000028166,ORD00014734,SKU00288,Beauty,1,607.55,119.51,488.04,2026-09-27 10:00:00
ITEM000028167,ORD00012094,SKU00382,Grocery,2,195.95,0.24,391.66,2026-09-27 10:00:00
ITEM000028168,ORD00014250,SKU00084,Home,1,354.45,194.07,160.38,2026-09-27 10:00:00
ITEM000028169,ORD00013835,SKU00091,Electronics,3,133.28,70.15,329.69,2026-09-27 10:00:00
ITEM000028170,ORD00013359,SKU00206,Books,2,128.04,69.6,186.48,2026-09-27 10:00:00
ITEM000028171,ORD00012075,SKU00438,Grocery,2,791.2,107.11,1475.29,2026-09-27 10:00:00
ITEM000028172,ORD00013614,SKU00404,Books,2,414.61,103.71,725.51,2026-09-27 10:00:00
ITEM000028173,ORD00012623,SKU00488,Home,3,481.57,103.11,1341.6,2026-09-27 10:00:00
ITEM000028174,ORD00012020,SKU00289,Grocery,1,328.35,125.38,202.97,2026-09-27 10:00:00
ITEM000028175,ORD00012001,SKU00464,Grocery,3,165.42,156.51,339.75,2026-09-27 10:00:00
ITEM000028176,ORD00013113,SKU00138,Books,1,552.25,181.89,370.36,2026-09-27 10:00:00
ITEM000028177,ORD00012206,SKU00023,Home,3,278.63,145.05,690.84,2026-09-27 10:00:00
ITEM000028178,ORD00014116,SKU00175,Grocery,2,822.5,147.09,1497.91,2026-09-27 10:00:00
ITEM000028179,ORD00012401,SKU00176,Electronics ,1,575.64,126.57,449.07,2026-09-27 10:00:00
ITEM000028180,ORD00012310,SKU00224,Electronics,3,999.57,99.97,2898.74,2026-09-27 10:00:00
ITEM000028181,ORD00014760,SKU00214,Sports,1,678.01,158.92,519.09,2026-09-27 10:00:00
ITEM000028182,ORD00013961,SKU00373,Grocery,1,340.56,155.4,185.16,2026-09-27 10:00:00
ITEM000028183,ORD00013181,SKU00147,Home,2,221.79,107.15,336.43,2026-09-27 10:00:00
ITEM000028184,ORD00012345,SKU00354,Fashion,1,224.37,191.85,32.52,2026-09-27 10:00:00
ITEM000028185,ORD00013239,SKU00416,Books,2,728.38,45.16,1411.6,2026-09-27 10:00:00
ITEM000028186,ORD00013173,SKU00208,Beauty,3,5626.49,105.63,16773.84,2026-09-27 10:00:00
ITEM000028187,ORD00014711,SKU00419,Home,2,701.57,30.46,1372.68,2026-09-27 10:00:00
ITEM000028188,ORD00013943,SKU00219,Books,1,466.23,128.83,337.4,2026-09-27 10:00:00
ITEM000028189,ORD00012928,SKU00399,Beauty,1,747.25,60.87,686.38,2026-09-27 10:00:00
ITEM000028190,ORD00013147,SKU00370,Sports,3,615.4,191.95,1654.25,2026-09-27 10:00:00
ITEM000028191,ORD00012574,SKU00306,Fashion,2,417.24,25.7,808.78,2026-09-27 10:00:00
ITEM000028192,ORD00012157,SKU00338,Home,3,185.58,20.74,536.0,2026-09-27 10:00:00
ITEM000028193,ORD00012299,SKU00155,Fashion,1,647.25,94.16,553.09,2026-09-27 10:00:00
ITEM000028194,ORD00012406,SKU00043,Beauty,1,282.82,69.68,213.14,2026-09-27 10:00:00
ITEM000028195,ORD00014860,SKU00203,Fashion,3,441.96,123.8,1202.08,2026-09-27 10:00:00
ITEM000028196,ORD00012093,SKU00171,Books,1,82.77,146.49,-63.72,2026-09-27 10:00:00
ITEM000028197,ORD00014033,SKU00395,Books,2,285.92,159.29,412.55,2026-09-27 10:00:00
ITEM000028198,ORD00013841,SKU00007,Books,2,579.39,104.97,1053.81,2026-09-27 10:00:00
ITEM000028199,ORD00014822,SKU00397,Sports,3,295.13,6.94,878.45,2026-09-27 10:00:00
ITEM000028200,ORD00014656,SKU00162,Grocery,2,654.69,68.03,1241.35,2026-09-27 10:00:00
ITEM000028201,ORD00012463,SKU00247,Home,2,665.53,163.13,1167.93,2026-09-27 10:00:00
ITEM000028202,ORD00012443,SKU00152,Beauty,2,566.29,183.06,949.52,2026-09-27 10:00:00
ITEM000028203,ORD00012732,SKU00286,Home,1,453.03,23.5,429.53,2026-09-27 10:00:00
ITEM000028204,ORD00014242,SKU00280,Grocery,2,545.93,33.31,1058.55,2026-09-27 10:00:00
ITEM000028205,ORD00014239,SKU00254,Home,1,159.93,197.51,-37.58,2026-09-27 10:00:00
ITEM000028206,ORD00013697,SKU00077,Home,1,174.87,6.33,168.54,2026-09-27 10:00:00
ITEM000028207,ORD00012135,SKU00079,Electronics,1,195.43,98.86,96.57,2026-09-27 10:00:00
ITEM000028208,ORD00012651,SKU00203,Electronics,1,116.78,127.77,-10.99,2026-09-27 10:00:00
ITEM000028209,ORD00012731,SKU00010,Books,1,173.91,167.22,6.69,2026-09-27 10:00:00
ITEM000028210,ORD00013919,SKU00454,Sports,3,507.35,28.49,1493.56,2026-09-27 10:00:00
ITEM000028211,ORD00012177,SKU00267,Electronics,3,63.07,80.8,108.41,2026-09-27 10:00:00
ITEM000028212,ORD00014680,SKU00166,Beauty,2,609.11,142.31,1075.91,2026-09-27 10:00:00
ITEM000028213,ORD00013466,SKU00020,Books,3,1007.02,119.87,2901.19,2026-09-27 10:00:00
ITEM000028214,ORD00012108,SKU00469,Fashion,1,520.45,87.78,432.67,2026-09-27 10:00:00
ITEM000028215,ORD00014576,SKU00449,Home,3,414.1,81.33,1160.97,2026-09-27 10:00:00
ITEM000028216,ORD00013389,SKU00014,Books,3,393.18,28.16,1151.38,2026-09-27 10:00:00
ITEM000028217,ORD00014164,SKU00236,Beauty,1,421.87,79.94,341.93,2026-09-27 10:00:00
ITEM000028218,ORD00013506,SKU00454,Sports,1,512.37,102.49,409.88,2026-09-27 10:00:00
ITEM000028219,ORD00013208,SKU00044,Beauty,1,206.96,42.25,164.71,2026-09-27 10:00:00
ITEM000028220,ORD00013423,SKU00417,Fashion,1,615.76,135.8,479.96,2026-09-27 10:00:00
ITEM000028221,ORD00014721,SKU00101,Electronics,1,458.17,17.13,441.04,2026-09-27 10:00:00
ITEM000028222,ORD00014660,SKU00238,Grocery,3,451.94,142.54,1213.28,2026-09-27 10:00:00
ITEM000028223,ORD00012988,SKU00004,Grocery,2,423.33,76.58,770.08,2026-09-27 10:00:00
ITEM000028224,ORD00012630,SKU00083,Fashion,1,595.57,193.41,402.16,2026-09-27 10:00:00
ITEM000028225,ORD00012164,SKU00015,Electronics,3,269.5,122.95,685.55,2026-09-27 10:00:00
ITEM000028226,ORD00014343,SKU00121,Electronics,3,1264.53,89.85,3703.74,2026-09-27 10:00:00
ITEM000028227,ORD00013733,SKU00122,Home,3,431.13,109.43,1183.96,2026-09-27 10:00:00
ITEM000028228,ORD00013618,SKU00358,Beauty,2,341.52,70.67,612.37,2026-09-27 10:00:00
ITEM000028229,ORD00013717,SKU00121,Home,3,919.53,170.97,2587.62,2026-09-27 10:00:00
ITEM000028230,ORD00014297,SKU00098,Home,1,589.26,108.14,481.12,2026-09-27 10:00:00
ITEM000028231,ORD00013546,SKU00323,Books,1,472.21,1.22,470.99,2026-09-27 10:00:00
ITEM000028232,ORD00012828,SKU00288,Books,2,385.19,179.47,590.91,2026-09-27 10:00:00
ITEM000028233,ORD00013716,SKU00393,Books,1,523.5,77.73,445.77,2026-09-27 10:00:00
ITEM000028234,ORD00014834,SKU00059,Grocery,1,2084.42,74.29,2010.13,2026-09-27 10:00:00
ITEM000028235,ORD00014717,SKU00438,Grocery,2,426.49,116.87,736.11,2026-09-27 10:00:00
ITEM000028236,ORD00012592,SKU00176,Grocery,2,182.49,160.94,204.04,2026-09-27 10:00:00
ITEM000028237,ORD00012600,SKU00447,Fashion,1,182.94,141.1,41.84,2026-09-27 10:00:00
ITEM000028238,ORD00013607,SKU00075,Grocery,2,183.83,176.29,191.37,2026-09-27 10:00:00
ITEM000028239,ORD00014340,SKU00224,Grocery,3,135.0,21.31,383.69,2026-09-27 10:00:00
ITEM000028240,ORD00013863,SKU00362,Beauty,1,990.22,51.75,938.47,2026-09-27 10:00:00
ITEM000028241,ORD00012245,SKU00377,Fashion,1,884.19,12.61,871.58,2026-09-27 10:00:00
ITEM000028242,ORD00014935,SKU00499,Beauty,2,214.98,173.87,256.09,2026-09-27 10:00:00
ITEM000028243,ORD00014540,SKU00272,Books,1,683.97,80.35,603.62,2026-09-27 10:00:00
ITEM000028244,ORD00012885,SKU00411,Home,1,89.68,80.24,9.44,2026-09-27 10:00:00
ITEM000028245,ORD00013461,SKU00099,Home,2,168.73,138.73,198.73,2026-09-27 10:00:00
ITEM000028246,ORD00012595,SKU00311,Books,3,289.54,190.4,678.22,2026-09-27 10:00:00
ITEM000028247,ORD00013237,SKU00312,Fashion,1,118.02,199.89,-81.87,2026-09-27 10:00:00
ITEM000028248,ORD00013945,SKU00044,Beauty,3,420.48,57.59,1203.85,2026-09-27 10:00:00
ITEM000028249,ORD00014793,SKU00391,Books,1,251.05,147.28,103.77,2026-09-27 10:00:00
ITEM000028250,ORD00014993,SKU00204,Fashion,3,395.96,71.75,1116.13,2026-09-27 10:00:00
ITEM000028251,ORD00013339,SKU00356,Beauty,2,193.85,74.02,313.68,2026-09-27 10:00:00
ITEM000028252,ORD00014373,SKU00443,Books,1,214.34,186.1,28.24,2026-09-27 10:00:00
ITEM000028253,ORD00013120,SKU00312,Beauty,2,311.36,33.11,589.61,2026-09-27 10:00:00
ITEM000028254,ORD00013560,SKU00463,Books,2,810.65,163.11,1458.19,2026-09-27 10:00:00
ITEM000028255,ORD00012373,SKU00390,Beauty,1,270.13,7.11,263.02,2026-09-27 10:00:00
ITEM000028256,ORD00013245,SKU00495,Fashion,2,287.33,134.95,439.71,2026-09-27 10:00:00
ITEM000028257,ORD00013663,SKU00192,Fashion,1,463.45,157.05,306.4,2026-09-27 10:00:00
ITEM000028258,ORD00014083,SKU00011,Grocery,3,272.19,90.82,725.75,2026-09-27 10:00:00
ITEM000028259,ORD00014037,SKU00257,Grocery,1,143.03,29.51,113.52,2026-09-27 10:00:00
ITEM000028260,ORD00013454,SKU00006,Electronics,2,113.49,110.43,116.55,2026-09-27 10:00:00
ITEM000028261,ORD00014973,SKU00187,Home,3,293.57,46.1,834.61,2026-09-27 10:00:00
ITEM000028262,ORD00012953,SKU00263,Grocery,3,403.38,163.24,1046.9,2026-09-27 10:00:00
ITEM000028263,ORD00013224,SKU00099,Electronics,3,210.04,56.11,574.01,2026-09-27 10:00:00
ITEM000028264,ORD00014474,SKU00114,Grocery,2,406.62,46.07,767.17,2026-09-27 10:00:00
ITEM000028265,ORD00012754,SKU00277,Fashion,2,84.91,164.49,5.33,2026-09-27 10:00:00
ITEM000028266,ORD00013310,SKU00160,Books,1,89.18,194.19,-105.01,2026-09-27 10:00:00
ITEM000028267,ORD00013951,SKU00422,Sports,2,673.06,34.9,1311.22,2026-09-27 10:00:00
ITEM000028268,ORD00013474,SKU00454,Grocery,2,256.78,121.46,392.1,2026-09-27 10:00:00
ITEM000028269,ORD00014345,SKU00484,Home,3,341.32,20.91,1003.05,2026-09-27 10:00:00
ITEM000028270,ORD00013252,SKU00126,Grocery,3,130.23,68.41,322.28,2026-09-27 10:00:00
ITEM000028271,ORD00012900,SKU00363,Books,1,549.15,30.58,518.57,2026-09-27 10:00:00
ITEM000028272,ORD00014684,SKU00321,Home,1,362.19,119.06,243.13,2026-09-27 10:00:00
ITEM000028273,ORD00013850,SKU00479,Electronics,1,605.52,192.42,413.1,2026-09-27 10:00:00
ITEM000028274,ORD00012040,SKU00040,Home,3,208.79,49.43,576.94,2026-09-27 10:00:00
ITEM000028275,ORD00014776,SKU00064,Grocery,2,332.75,142.8,522.7,2026-09-27 10:00:00
ITEM000028276,ORD00014273,SKU00192,Beauty,1,231.72,37.17,194.55,2026-09-27 10:00:00
ITEM000028277,ORD00014990,SKU00270,Electronics ,1,253.75,51.74,202.01,2026-09-27 10:00:00
ITEM000028278,ORD00012848,SKU00283,Home,1,511.23,56.14,455.09,2026-09-27 10:00:00
ITEM000028279,ORD00014862,SKU00066,Home,1,1025.81,44.96,980.85,2026-09-27 10:00:00
ITEM000028280,ORD00014115,SKU00007,Grocery,3,744.73,176.57,2057.62,2026-09-27 10:00:00
ITEM000028281,ORD00013705,SKU00339,Books,3,86.27,66.55,192.26,2026-09-27 10:00:00
ITEM000028282,ORD00012029,SKU00346,Beauty,1,41.63,53.13,-11.5,2026-09-27 10:00:00
ITEM000028283,ORD00014125,SKU00068,Books,2,252.27,123.09,381.45,2026-09-27 10:00:00
ITEM000028284,ORD00014094,SKU00414,Books,1,394.6,144.13,250.47,2026-09-27 10:00:00
ITEM000028285,ORD00013010,SKU00110,Grocery,2,768.5,66.54,1470.46,2026-09-27 10:00:00
ITEM000028286,ORD00012599,SKU00473,Home,3,150.25,30.23,420.52,2026-09-27 10:00:00
ITEM000028287,ORD00012028,SKU00223,Books,1,877.66,52.65,825.01,2026-09-27 10:00:00
ITEM000028288,ORD00012266,SKU00441,Fashion,3,185.35,79.77,476.28,2026-09-27 10:00:00
ITEM000028289,ORD00014846,SKU00272,Fashion,3,156.56,53.86,415.82,2026-09-27 10:00:00
ITEM000028290,ORD00012993,SKU00434,Sports,3,451.56,188.31,1166.37,2026-09-27 10:00:00
ITEM000028291,ORD00014420,SKU00067,Fashion,2,407.14,6.59,807.69,2026-09-27 10:00:00
ITEM000028292,ORD00012917,SKU00130,Fashion,3,330.25,124.29,866.46,2026-09-27 10:00:00
ITEM000028293,ORD00013424,SKU00046,Home,2,719.93,61.92,1377.94,2026-09-27 10:00:00
ITEM000028294,ORD00014833,SKU00297,Sports,3,242.14,96.83,629.59,2026-09-27 10:00:00
ITEM000028295,ORD00014986,SKU00050,Fashion,1,157.89,28.22,129.67,2026-09-27 10:00:00
ITEM000028296,ORD00013822,SKU00312,Beauty,3,308.9,179.14,747.56,2026-09-27 10:00:00
ITEM000028297,ORD00012819,SKU00278,Electronics,2,1082.39,81.49,2083.29,2026-09-27 10:00:00
ITEM000028298,ORD00014861,SKU00377,Grocery,2,177.34,18.53,336.15,2026-09-27 10:00:00
ITEM000028299,ORD00014389,SKU00070,Sports,2,466.51,170.39,762.63,2026-09-27 10:00:00
ITEM000028300,ORD00012822,SKU00079,Electronics,2,663.71,190.2,1137.22,2026-09-27 10:00:00
ITEM000028301,ORD00014741,SKU00165,Home,3,590.78,152.59,1619.75,2026-09-27 10:00:00
ITEM000028302,ORD00014680,SKU00052,Electronics,1,272.79,4.15,268.64,2026-09-27 10:00:00
ITEM000028303,ORD00012602,SKU00435,Beauty,2,518.45,94.12,942.78,2026-09-27 10:00:00
ITEM000028304,ORD00012804,SKU00323,Fashion,1,1292.1,182.09,1110.01,2026-09-27 10:00:00
ITEM000028305,ORD00014711,SKU00452,Beauty,2,612.07,104.95,1119.19,2026-09-27 10:00:00
ITEM000028306,ORD00013532,SKU00312,Grocery,3,100.23,112.97,187.72,2026-09-27 10:00:00
ITEM000028307,ORD00012632,SKU00391,Sports,3,137.62,133.01,279.85,2026-09-27 10:00:00
ITEM000028308,ORD00014704,SKU00460,Electronics,2,330.85,121.96,539.74,2026-09-27 10:00:00
ITEM000028309,ORD00012950,SKU00110,Beauty,3,228.94,160.34,526.48,2026-09-27 10:00:00
ITEM000028310,ORD00014628,SKU00498,Home,2,364.84,1.16,728.52,2026-09-27 10:00:00
ITEM000028311,ORD00012758,SKU00082,Home,2,1118.64,34.7,2202.58,2026-09-27 10:00:00
ITEM000028312,ORD00013628,SKU00106,Fashion,1,254.33,71.7,182.63,2026-09-27 10:00:00
ITEM000028313,ORD00012989,SKU00095,Grocery,3,544.12,110.34,1522.02,2026-09-27 10:00:00
ITEM000028314,ORD00013538,SKU00167,Beauty,1,1213.36,24.83,1188.53,2026-09-27 10:00:00
ITEM000028315,ORD00013906,SKU00258,Sports,3,729.35,145.16,2042.89,2026-09-27 10:00:00
ITEM000028316,ORD00014544,SKU00117,Books,2,249.61,133.74,365.48,2026-09-27 10:00:00
ITEM000028317,ORD00013367,SKU00225,Fashion,3,395.38,122.37,1063.77,2026-09-27 10:00:00
ITEM000028318,ORD00012016,SKU00340,Books,2,229.57,62.94,396.2,2026-09-27 10:00:00
ITEM000028319,ORD00013436,SKU00094,Beauty,2,551.35,11.42,1091.28,2026-09-27 10:00:00
ITEM000028320,ORD00014820,SKU00495,Fashion,3,896.11,156.13,2532.2,2026-09-27 10:00:00
ITEM000028321,ORD00012552,SKU00452,Electronics,2,552.31,89.54,1015.08,2026-09-27 10:00:00
ITEM000028322,ORD00012705,SKU00399,Beauty,2,974.08,143.96,1804.2,2026-09-27 10:00:00
ITEM000028323,ORD00013081,SKU00477,Grocery,1,126.89,186.64,-59.75,2026-09-27 10:00:00
ITEM000028324,ORD00014302,SKU00390,Electronics ,2,137.86,82.61,193.11,2026-09-27 10:00:00
ITEM000028325,ORD00013242,SKU00259,Grocery,1,422.03,27.28,394.75,2026-09-27 10:00:00
ITEM000028326,ORD00013907,SKU00226,Sports,3,318.19,182.75,771.82,2026-09-27 10:00:00
ITEM000028327,ORD00014806,SKU00291,Grocery,3,603.78,150.16,1661.18,2026-09-27 10:00:00
ITEM000028328,ORD00014587,SKU00031,Beauty,3,505.91,195.62,1322.11,2026-09-27 10:00:00
ITEM000028329,ORD00012517,SKU00078,Books,3,231.75,105.0,590.25,2026-09-27 10:00:00
ITEM000028330,ORD00013516,SKU00335,Sports,1,184.77,180.24,4.53,2026-09-27 10:00:00
ITEM000028331,ORD00012530,SKU00043,Electronics,1,312.95,79.78,233.17,2026-09-27 10:00:00
ITEM000028332,ORD00014974,SKU00062,Fashion,3,192.21,14.36,562.27,2026-09-27 10:00:00
ITEM000028333,ORD00012865,SKU00334,Books,1,501.81,117.84,383.97,2026-09-27 10:00:00
ITEM000028334,ORD00013873,SKU00226,Grocery,3,219.01,18.16,638.87,2026-09-27 10:00:00
ITEM000028335,ORD00012246,SKU00332,Books,2,928.74,29.23,1828.25,2026-09-27 10:00:00
ITEM000028336,ORD00013724,SKU00434,Electronics,3,1159.86,92.6,3386.98,2026-09-27 10:00:00
ITEM000028337,ORD00013179,SKU00406,Grocery,1,374.45,182.84,191.61,2026-09-27 10:00:00
ITEM000028338,ORD00014800,SKU00095,Sports,1,115.56,110.52,5.04,2026-09-27 10:00:00
ITEM000028339,ORD00013313,SKU00290,Fashion,2,205.21,94.55,315.87,2026-09-27 10:00:00
ITEM000028340,ORD00012001,SKU00336,Home,2,72.01,83.04,60.98,2026-09-27 10:00:00
ITEM000028341,ORD00013618,SKU00179,Sports,2,183.31,123.82,242.8,2026-09-27 10:00:00
ITEM000028342,ORD00014051,SKU00496,Sports,1,389.38,49.13,340.25,2026-09-27 10:00:00
ITEM000028343,ORD00014051,SKU00258,Electronics,3,377.23,65.99,1065.7,2026-09-27 10:00:00
ITEM000028344,ORD00013471,SKU00476,Electronics,2,835.35,88.72,1581.98,2026-09-27 10:00:00
ITEM000028345,ORD00013412,SKU00386,Electronics,3,715.95,94.07,2053.78,2026-09-27 10:00:00
ITEM000028346,ORD00012093,SKU00145,Fashion,2,1379.51,0.89,2758.13,2026-09-27 10:00:00
ITEM000028347,ORD00012868,SKU00150,Books,3,112.13,9.25,327.14,2026-09-27 10:00:00
ITEM000028348,ORD00012615,SKU00233,Grocery,2,208.46,144.3,272.62,2026-09-27 10:00:00
ITEM000028349,ORD00012034,SKU00084,Home,2,354.89,7.43,702.35,2026-09-27 10:00:00
ITEM000028350,ORD00013837,SKU00189,Sports,2,284.99,134.52,435.46,2026-09-27 10:00:00
ITEM000028351,ORD00012622,SKU00072,Books,2,402.54,102.03,703.05,2026-09-27 10:00:00
ITEM000028352,ORD00013830,SKU00123,Electronics,1,316.28,151.62,164.66,2026-09-27 10:00:00
ITEM000028353,ORD00012966,SKU00155,Books,2,224.44,27.99,420.89,2026-09-27 10:00:00
ITEM000028354,ORD00012169,SKU00044,Grocery,3,243.12,170.47,558.89,2026-09-27 10:00:00
ITEM000028355,ORD00012410,SKU00481,Fashion,1,377.01,67.5,309.51,2026-09-27 10:00:00
ITEM000028356,ORD00014989,SKU00375,Fashion,1,244.28,5.32,238.96,2026-09-27 10:00:00
ITEM000028357,ORD00013539,SKU00311,Sports,1,177.7,14.15,163.55,2026-09-27 10:00:00
ITEM000028358,ORD00012806,SKU00346,Sports,2,414.71,170.22,659.2,2026-09-27 10:00:00
ITEM000028359,ORD00013931,SKU00041,Sports,2,236.57,183.82,289.32,2026-09-27 10:00:00
ITEM000028360,ORD00014650,SKU00261,Grocery,3,345.56,90.22,946.46,2026-09-27 10:00:00
ITEM000028361,ORD00012604,SKU00471,Grocery,1,197.0,174.1,22.9,2026-09-27 10:00:00
ITEM000028362,ORD00013685,SKU00330,Grocery,3,344.54,180.55,853.07,2026-09-27 10:00:00
ITEM000028363,ORD00013657,SKU00495,Books,1,64.18,6.42,57.76,2026-09-27 10:00:00
ITEM000028364,ORD00014548,SKU00100,Home,2,847.79,86.62,1608.96,2026-09-27 10:00:00
ITEM000028365,ORD00013130,SKU00073,Electronics,1,351.23,23.08,328.15,2026-09-27 10:00:00
ITEM000028366,ORD00012062,SKU00139,Sports,2,314.81,22.28,607.34,2026-09-27 10:00:00
ITEM000028367,ORD00012847,SKU00353,Home,1,722.22,111.01,611.21,2026-09-27 10:00:00
ITEM000028368,ORD00012812,SKU00221,Grocery,2,154.96,101.25,208.67,2026-09-27 10:00:00
ITEM000028369,ORD00012305,SKU00066,Fashion,3,397.64,146.8,1046.12,2026-09-27 10:00:00
ITEM000028370,ORD00014316,SKU00274,Fashion,1,185.04,83.85,101.19,2026-09-27 10:00:00
ITEM000028371,ORD00012602,SKU00339,Grocery,2,557.12,137.41,976.83,2026-09-27 10:00:00
ITEM000028372,ORD00012261,SKU00010,Beauty,2,206.2,41.31,371.09,2026-09-27 10:00:00
ITEM000028373,ORD00014523,SKU00434,Sports,1,130.21,129.46,0.75,2026-09-27 10:00:00
ITEM000028374,ORD00014100,SKU00470,Books,1,976.01,40.92,935.09,2026-09-27 10:00:00
ITEM000028375,ORD00014845,SKU00428,Fashion,3,671.0,66.94,1946.06,2026-09-27 10:00:00
ITEM000028376,ORD00014233,SKU00185,Books,3,124.3,43.27,329.63,2026-09-27 10:00:00
ITEM000028377,ORD00013258,SKU00021,Grocery,1,621.54,50.48,571.06,2026-09-27 10:00:00
ITEM000028378,ORD00013856,SKU00059,Sports,3,181.45,196.96,347.39,2026-09-27 10:00:00
ITEM000028379,ORD00012784,SKU00465,Grocery,3,539.87,23.87,1595.74,2026-09-27 10:00:00
ITEM000028380,ORD00013320,SKU00325,Fashion,2,220.2,143.88,296.52,2026-09-27 10:00:00
ITEM000028381,ORD00014743,SKU00282,Home,1,316.99,78.48,238.51,2026-09-27 10:00:00
ITEM000028382,ORD00012800,SKU00387,Fashion,3,615.7,74.9,1772.2,2026-09-27 10:00:00
ITEM000028383,ORD00014685,SKU00110,Sports,1,185.69,48.47,137.22,2026-09-27 10:00:00
ITEM000028384,ORD00013413,SKU00426,Electronics,3,197.57,63.55,529.16,2026-09-27 10:00:00
ITEM000028385,ORD00012948,SKU00172,Beauty,3,94.26,196.53,86.25,2026-09-27 10:00:00
ITEM000028386,ORD00013759,SKU00195,Grocery,3,569.23,41.43,1666.26,2026-09-27 10:00:00
ITEM000028387,ORD00013809,SKU00412,Books,3,192.48,35.52,541.92,2026-09-27 10:00:00
ITEM000028388,ORD00012490,SKU00258,Grocery,1,220.49,178.48,42.01,2026-09-27 10:00:00
ITEM000028389,ORD00013113,SKU00326,Beauty,3,156.68,58.12,411.92,2026-09-27 10:00:00
ITEM000028390,ORD00014195,SKU00118,Sports,3,581.3,90.02,1653.88,2026-09-27 10:00:00
ITEM000028391,ORD00013240,SKU00207,Home,3,112.7,93.93,244.17,2026-09-27 10:00:00
ITEM000028392,ORD00013396,SKU00090,Electronics ,3,148.72,21.91,424.25,2026-09-27 10:00:00
ITEM000028393,ORD00013755,SKU00382,Books,2,303.44,37.66,569.22,2026-09-27 10:00:00
ITEM000028394,ORD00012222,SKU00482,Grocery,3,37.6,56.94,55.86,2026-09-27 10:00:00
ITEM000028395,ORD00012809,SKU00173,Electronics,2,101.63,167.77,35.49,2026-09-27 10:00:00
ITEM000028396,ORD00014552,SKU00292,Home,1,664.69,147.47,517.22,2026-09-27 10:00:00
ITEM000028397,ORD00013519,SKU00160,Beauty,1,90.32,102.07,-11.75,2026-09-27 10:00:00
ITEM000028398,ORD00014574,SKU00302,Home,3,1646.67,143.92,4796.09,2026-09-27 10:00:00
ITEM000028399,ORD00014814,SKU00183,Fashion,3,606.51,112.66,1706.87,2026-09-27 10:00:00
ITEM000028400,ORD00013677,SKU00048,Books,1,152.43,133.98,18.45,2026-09-27 10:00:00
ITEM000028401,ORD00013807,SKU00485,Fashion,2,475.31,51.12,899.5,2026-09-27 10:00:00
ITEM000028402,ORD00012408,SKU00192,Sports,1,2295.81,98.97,2196.84,2026-09-27 10:00:00
ITEM000028403,ORD00014251,SKU00287,Grocery,3,282.82,39.7,808.76,2026-09-27 10:00:00
ITEM000028404,ORD00012135,SKU00126,Grocery,2,205.07,38.18,371.96,2026-09-27 10:00:00
ITEM000028405,ORD00012909,SKU00125,Home,3,1117.15,26.74,3324.71,2026-09-27 10:00:00
ITEM000028406,ORD00014954,SKU00127,Beauty,2,177.51,19.72,335.3,2026-09-27 10:00:00
ITEM000028407,ORD00012063,SKU00182,Grocery,3,980.92,183.18,2759.58,2026-09-27 10:00:00
ITEM000028408,ORD00014859,SKU00093,Beauty,2,357.53,21.25,693.81,2026-09-27 10:00:00
ITEM000028409,ORD00013024,SKU00192,Sports,2,277.02,96.35,457.69,2026-09-27 10:00:00
ITEM000028410,ORD00012720,SKU00050,Home,2,226.26,129.52,323.0,2026-09-27 10:00:00
ITEM000028411,ORD00014015,SKU00469,Beauty,1,242.06,126.13,115.93,2026-09-27 10:00:00
ITEM000028412,ORD00014562,SKU00128,Sports,1,107.29,120.92,-13.63,2026-09-27 10:00:00
ITEM000028413,ORD00014131,SKU00371,Sports,3,473.38,38.55,1381.59,2026-09-27 10:00:00
ITEM000028414,ORD00014307,SKU00331,Sports,3,628.78,53.33,1833.01,2026-09-27 10:00:00
ITEM000028415,ORD00013787,SKU00169,Beauty,3,441.38,66.46,1257.68,2026-09-27 10:00:00
ITEM000028416,ORD00014715,SKU00458,Sports,1,343.94,37.29,306.65,2026-09-27 10:00:00
ITEM000028417,ORD00012494,SKU00230,Fashion,1,618.54,147.68,470.86,2026-09-27 10:00:00
ITEM000028418,ORD00013421,SKU00346,Books,2,498.49,196.84,800.14,2026-09-27 10:00:00
ITEM000028419,ORD00013043,SKU00334,Sports,1,239.77,196.22,43.55,2026-09-27 10:00:00
ITEM000028420,ORD00013211,SKU00110,Electronics,2,220.79,8.8,432.78,2026-09-27 10:00:00
ITEM000028421,ORD00014952,SKU00479,Electronics,1,308.7,189.98,118.72,2026-09-27 10:00:00
ITEM000028422,ORD00013002,SKU00207,Electronics,2,1078.56,89.89,2067.23,2026-09-27 10:00:00
ITEM000028423,ORD00013003,SKU00276,Sports,3,841.95,98.64,2427.21,2026-09-27 10:00:00
ITEM000028424,ORD00012478,SKU00342,Home,2,171.33,12.61,330.05,2026-09-27 10:00:00
ITEM000028425,ORD00013901,SKU00198,Grocery,1,562.31,161.01,401.3,2026-09-27 10:00:00
ITEM000028426,ORD00012734,SKU00371,Sports,3,449.29,161.82,1186.05,2026-09-27 10:00:00
ITEM000028427,ORD00014278,SKU00295,Sports,2,178.58,186.66,170.5,2026-09-27 10:00:00
ITEM000028428,ORD00012148,SKU00363,Sports,1,761.94,82.08,679.86,2026-09-27 10:00:00
ITEM000028429,ORD00013971,SKU00143,Sports,2,448.24,31.17,865.31,2026-09-27 10:00:00
ITEM000028430,ORD00013543,SKU00029,Beauty,1,424.85,16.62,408.23,2026-09-27 10:00:00
ITEM000028431,ORD00012109,SKU00174,Beauty,1,81.8,93.81,-12.01,2026-09-27 10:00:00
ITEM000028432,ORD00013421,SKU00057,Fashion,1,118.07,81.77,36.3,2026-09-27 10:00:00
ITEM000028433,ORD00014638,SKU00344,Home,2,311.54,172.54,450.54,2026-09-27 10:00:00
ITEM000028434,ORD00013430,SKU00248,Fashion,2,559.41,144.68,974.14,2026-09-27 10:00:00
ITEM000028435,ORD00014360,SKU00326,Electronics,2,209.54,138.96,280.12,2026-09-27 10:00:00
ITEM000028436,ORD00014780,SKU00392,Fashion,2,485.14,32.3,937.98,2026-09-27 10:00:00
ITEM000028437,ORD00014118,SKU00384,Sports,1,292.21,75.15,217.06,2026-09-27 10:00:00
ITEM000028438,ORD00012526,SKU00190,Electronics,2,119.48,77.05,161.91,2026-09-27 10:00:00
ITEM000028439,ORD00014843,SKU00217,Sports,2,213.84,184.49,243.19,2026-09-27 10:00:00
ITEM000028440,ORD00014418,SKU00200,Electronics,1,114.86,145.66,-30.8,2026-09-27 10:00:00
ITEM000028441,ORD00014822,SKU00287,Grocery,2,243.51,156.41,330.61,2026-09-27 10:00:00
ITEM000028442,ORD00014197,SKU00365,Grocery,1,398.98,21.26,377.72,2026-09-27 10:00:00
ITEM000028443,ORD00014704,SKU00263,Books,2,657.16,60.31,1254.01,2026-09-27 10:00:00
ITEM000028444,ORD00013845,SKU00044,Home,1,215.61,89.8,125.81,2026-09-27 10:00:00
ITEM000028445,ORD00014258,SKU00216,Sports,2,213.32,93.98,332.66,2026-09-27 10:00:00
ITEM000028446,ORD00012341,SKU00255,Books,3,516.68,145.22,1404.82,2026-09-27 10:00:00
ITEM000028447,ORD00012091,SKU00390,Books,2,344.11,54.76,633.46,2026-09-27 10:00:00
ITEM000028448,ORD00014349,SKU00444,Beauty,2,279.27,158.64,399.9,2026-09-27 10:00:00
ITEM000028449,ORD00014997,SKU00049,Grocery,3,250.81,80.01,672.42,2026-09-27 10:00:00
ITEM000028450,ORD00013207,SKU00221,Electronics,1,418.61,71.06,347.55,2026-09-27 10:00:00
ITEM000028451,ORD00014263,SKU00452,Books,2,682.2,19.06,1345.34,2026-09-27 10:00:00
ITEM000028452,ORD00013081,SKU00042,Fashion,3,286.0,133.04,724.96,2026-09-27 10:00:00
ITEM000028453,ORD00013357,SKU00227,Fashion,2,267.39,151.14,383.64,2026-09-27 10:00:00
ITEM000028454,ORD00012562,SKU00004,Electronics,3,154.69,169.75,294.32,2026-09-27 10:00:00
ITEM000028455,ORD00014818,SKU00308,Fashion,2,547.74,156.9,938.58,2026-09-27 10:00:00
ITEM000028456,ORD00014686,SKU00211,Books,1,707.12,154.51,552.61,2026-09-27 10:00:00
ITEM000028457,ORD00014869,SKU00229,Books,3,185.01,190.13,364.9,2026-09-27 10:00:00
ITEM000028458,ORD00012315,SKU00367,Home,2,279.79,33.56,526.02,2026-09-27 10:00:00
ITEM000028459,ORD00013085,SKU00093,Home,2,166.4,170.03,162.77,2026-09-27 10:00:00
ITEM000028460,ORD00013795,SKU00178,Sports,2,1486.26,47.2,2925.32,2026-09-27 10:00:00
ITEM000028461,ORD00013758,SKU00155,Beauty,3,173.84,26.93,494.59,2026-09-27 10:00:00
ITEM000028462,ORD00014146,SKU00499,Home,2,223.95,182.45,265.45,2026-09-27 10:00:00
ITEM000028463,ORD00012422,SKU00256,Beauty,3,456.77,159.02,1211.29,2026-09-27 10:00:00
ITEM000028464,ORD00013320,SKU00311,Beauty,1,77.77,145.6,-67.83,2026-09-27 10:00:00
ITEM000028465,ORD00012038,SKU00333,Beauty,1,196.17,199.54,-3.37,2026-09-27 10:00:00
ITEM000028466,ORD00014479,SKU00153,Home,2,115.61,35.89,195.33,2026-09-27 10:00:00
ITEM000028467,ORD00012662,SKU00228,Books,3,162.28,59.4,427.44,2026-09-27 10:00:00
ITEM000028468,ORD00012404,SKU00267,Home,1,997.89,35.48,962.41,2026-09-27 10:00:00
ITEM000028469,ORD00012205,SKU00449,Sports,1,161.42,80.81,80.61,2026-09-27 10:00:00
ITEM000028470,ORD00014775,SKU00427,Beauty,3,171.7,90.21,424.89,2026-09-27 10:00:00
ITEM000028471,ORD00012705,SKU00331,Books,3,926.48,126.86,2652.58,2026-09-27 10:00:00
ITEM000028472,ORD00013601,SKU00153,Books,1,387.38,105.52,281.86,2026-09-27 10:00:00
ITEM000028473,ORD00012599,SKU00127,Sports,3,142.08,93.77,332.47,2026-09-27 10:00:00
ITEM000028474,ORD00013959,SKU00015,Fashion,2,216.21,135.51,296.91,2026-09-27 10:00:00
ITEM000028475,ORD00014903,SKU00001,Electronics,1,516.6,112.2,404.4,2026-09-27 10:00:00
ITEM000028476,ORD00012702,SKU00302,Electronics,2,86.05,79.14,92.96,2026-09-27 10:00:00
ITEM000028477,ORD00012361,SKU00317,Beauty,2,532.7,23.93,1041.47,2026-09-27 10:00:00
ITEM000028478,ORD00012393,SKU00324,Beauty,2,287.62,92.46,482.78,2026-09-27 10:00:00
ITEM000028479,ORD00012792,SKU00285,Electronics,2,296.42,172.31,420.53,2026-09-27 10:00:00
ITEM000028480,ORD00012424,SKU00333,Fashion,1,890.2,8.63,881.57,2026-09-27 10:00:00
ITEM000028481,ORD00013373,SKU00106,Sports,2,171.16,186.96,155.36,2026-09-27 10:00:00
ITEM000028482,ORD00014477,SKU00206,Fashion,3,899.83,134.54,2564.95,2026-09-27 10:00:00
ITEM000028483,ORD00013861,SKU00332,Sports,3,798.66,58.25,2337.73,2026-09-27 10:00:00
ITEM000028484,ORD00013982,SKU00328,Sports,1,1315.91,59.96,1255.95,2026-09-27 10:00:00
ITEM000028485,ORD00013250,SKU00115,Electronics,2,295.83,5.94,585.72,2026-09-27 10:00:00
ITEM000028486,ORD00014969,SKU00310,Electronics,2,377.06,30.77,723.35,2026-09-27 10:00:00
ITEM000028487,ORD00014294,SKU00294,Electronics,2,75.85,175.31,-23.61,2026-09-27 10:00:00
ITEM000028488,ORD00013810,SKU00062,Grocery,1,166.52,103.83,62.69,2026-09-27 10:00:00
ITEM000028489,ORD00014473,SKU00025,Home,1,278.04,56.27,221.77,2026-09-27 10:00:00
ITEM000028490,ORD00012659,SKU00173,Grocery,3,372.97,70.03,1048.88,2026-09-27 10:00:00
ITEM000028491,ORD00014705,SKU00265,Fashion,3,587.86,145.56,1618.02,2026-09-27 10:00:00
ITEM000028492,ORD00013072,SKU00122,Sports,3,787.09,148.08,2213.19,2026-09-27 10:00:00
ITEM000028493,ORD00012256,SKU00289,Sports,3,390.07,10.49,1159.72,2026-09-27 10:00:00
ITEM000028494,ORD00014173,SKU00491,Home,1,294.9,83.72,211.18,2026-09-27 10:00:00
ITEM000028495,ORD00012817,SKU00232,Beauty,3,174.3,13.69,509.21,2026-09-27 10:00:00
ITEM000028496,ORD00013129,SKU00026,Beauty,3,1334.07,143.24,3858.97,2026-09-27 10:00:00
ITEM000028497,ORD00014934,SKU00447,Home,3,176.17,131.32,397.19,2026-09-27 10:00:00
ITEM000028498,ORD00013708,SKU00259,Beauty,3,369.3,75.72,1032.18,2026-09-27 10:00:00
ITEM000028499,ORD00014865,SKU00075,Home,3,272.72,76.49,741.67,2026-09-27 10:00:00
ITEM000028500,ORD00012607,SKU00145,Home,1,281.63,115.16,166.47,2026-09-27 10:00:00
ITEM000028501,ORD00013381,SKU00107,Sports,2,316.55,16.27,616.83,2026-09-27 10:00:00
ITEM000028502,ORD00013236,SKU00159,Electronics,2,210.32,17.82,402.82,2026-09-27 10:00:00
ITEM000028503,ORD00014085,SKU00387,Fashion,2,142.94,120.77,165.11,2026-09-27 10:00:00
ITEM000028504,ORD00014814,SKU00226,Books,1,117.11,43.06,74.05,2026-09-27 10:00:00
ITEM000028505,ORD00012312,SKU00147,Sports,3,240.74,104.44,617.78,2026-09-27 10:00:00
ITEM000028506,ORD00012493,SKU00032,Fashion,2,1026.44,153.94,1898.94,2026-09-27 10:00:00
ITEM000028507,ORD00014666,SKU00339,Sports,3,2458.74,71.42,7304.8,2026-09-27 10:00:00
ITEM000028508,ORD00012129,SKU00289,Sports,3,106.88,94.55,226.09,2026-09-27 10:00:00
ITEM000028509,ORD00012256,SKU00084,Home,1,709.87,181.49,528.38,2026-09-27 10:00:00
ITEM000028510,ORD00012439,SKU00391,Books,1,277.86,170.18,107.68,2026-09-27 10:00:00
ITEM000028511,ORD00014666,SKU00168,Grocery,3,105.19,85.05,230.52,2026-09-27 10:00:00
ITEM000028512,ORD00014809,SKU00276,Beauty,2,647.3,184.83,1109.77,2026-09-27 10:00:00
ITEM000028513,ORD00012265,SKU00227,Beauty,1,239.23,163.39,75.84,2026-09-27 10:00:00
ITEM000028514,ORD00012285,SKU00043,Fashion,1,328.25,130.71,197.54,2026-09-27 10:00:00
ITEM000028515,ORD00012358,SKU00116,Electronics,2,179.4,186.87,171.93,2026-09-27 10:00:00
ITEM000028516,ORD00012380,SKU00445,Fashion,1,327.04,149.98,177.06,2026-09-27 10:00:00
ITEM000028517,ORD00012683,SKU00335,Fashion,1,155.67,81.74,73.93,2026-09-27 10:00:00
ITEM000028518,ORD00012632,SKU00271,Home,3,556.93,84.44,1586.35,2026-09-27 10:00:00
ITEM000028519,ORD00014408,SKU00064,Books,2,395.02,155.67,634.37,2026-09-27 10:00:00
ITEM000028520,ORD00013059,SKU00210,Sports,2,476.98,69.45,884.51,2026-09-27 10:00:00
ITEM000028521,ORD00013783,SKU00240,Electronics,3,609.38,53.09,1775.05,2026-09-27 10:00:00
ITEM000028522,ORD00012913,SKU00408,Home,3,428.87,87.82,1198.79,2026-09-27 10:00:00
ITEM000028523,ORD00014195,SKU00176,Beauty,1,350.78,7.5,343.28,2026-09-27 10:00:00
ITEM000028524,ORD00012887,SKU00293,Grocery,1,472.7,52.46,420.24,2026-09-27 10:00:00
ITEM000028525,ORD00013984,SKU00157,Home,1,290.51,96.81,193.7,2026-09-27 10:00:00
ITEM000028526,ORD00013105,SKU00191,Fashion,3,146.63,74.69,365.2,2026-09-27 10:00:00
ITEM000028527,ORD00013548,SKU00393,Books,3,361.77,128.77,956.54,2026-09-27 10:00:00
ITEM000028528,ORD00012704,SKU00047,Sports,2,525.85,168.29,883.41,2026-09-27 10:00:00
ITEM000028529,ORD00012111,SKU00258,Electronics,1,185.47,185.22,0.25,2026-09-27 10:00:00
ITEM000028530,ORD00012714,SKU00460,Grocery,3,688.64,137.34,1928.58,2026-09-27 10:00:00
ITEM000028531,ORD00014007,SKU00405,Fashion,2,689.03,138.03,1240.03,2026-09-27 10:00:00
ITEM000028532,ORD00012829,SKU00473,Fashion,3,160.01,0.27,479.76,2026-09-27 10:00:00
ITEM000028533,ORD00012748,SKU00233,Grocery,2,898.82,161.66,1635.98,2026-09-27 10:00:00
ITEM000028534,ORD00014729,SKU00221,Home,3,361.64,6.55,1078.37,2026-09-27 10:00:00
ITEM000028535,ORD00012396,SKU00128,Fashion,3,1044.41,115.35,3017.88,2026-09-27 10:00:00
ITEM000028536,ORD00013287,SKU00152,Grocery,3,68.87,44.3,162.31,2026-09-27 10:00:00
ITEM000028537,ORD00013636,SKU00082,Home,2,470.87,77.06,864.68,2026-09-27 10:00:00
ITEM000028538,ORD00013688,SKU00090,Sports,1,398.94,121.03,277.91,2026-09-27 10:00:00
ITEM000028539,ORD00012718,SKU00014,Beauty,1,348.18,170.12,178.06,2026-09-27 10:00:00
ITEM000028540,ORD00014909,SKU00371,Electronics,3,91.47,140.75,133.66,2026-09-27 10:00:00
ITEM000028541,ORD00013010,SKU00178,Fashion,1,217.69,3.3,214.39,2026-09-27 10:00:00
ITEM000028542,ORD00012894,SKU00063,Sports,3,426.67,84.09,1195.92,2026-09-27 10:00:00
ITEM000028543,ORD00013801,SKU00344,Grocery,3,613.26,63.6,1776.18,2026-09-27 10:00:00
ITEM000028544,ORD00013800,SKU00186,Home,1,624.99,176.06,448.93,2026-09-27 10:00:00
ITEM000028545,ORD00014360,SKU00237,Sports,3,163.31,86.18,403.75,2026-09-27 10:00:00
ITEM000028546,ORD00013125,SKU00117,Grocery,2,380.29,28.66,731.92,2026-09-27 10:00:00
ITEM000028547,ORD00013481,SKU00276,Sports,1,189.52,39.27,150.25,2026-09-27 10:00:00
ITEM000028548,ORD00013704,SKU00365,Fashion,1,152.63,151.49,1.14,2026-09-27 10:00:00
ITEM000028549,ORD00014425,SKU00055,Electronics,3,400.74,194.8,1007.42,2026-09-27 10:00:00
ITEM000028550,ORD00013095,SKU00073,Electronics,1,171.5,102.44,69.06,2026-09-27 10:00:00
ITEM000028551,ORD00013636,SKU00110,Books,2,987.67,127.92,1847.42,2026-09-27 10:00:00
ITEM000028552,ORD00014593,SKU00430,Books,3,254.99,190.81,574.16,2026-09-27 10:00:00
ITEM000028553,ORD00013021,SKU00147,Fashion,2,59.38,182.36,-63.6,2026-09-27 10:00:00
ITEM000028554,ORD00012961,SKU00256,Electronics,2,1207.18,181.55,2232.81,2026-09-27 10:00:00
ITEM000028555,ORD00014987,SKU00485,Fashion,1,161.42,46.21,115.21,2026-09-27 10:00:00
ITEM000028556,ORD00012938,SKU00243,Sports,3,179.11,98.32,439.01,2026-09-27 10:00:00
ITEM000028557,ORD00012321,SKU00483,Fashion,1,287.52,177.0,110.52,2026-09-27 10:00:00
ITEM000028558,ORD00012789,SKU00212,Sports,3,644.24,92.85,1839.87,2026-09-27 10:00:00
ITEM000028559,ORD00014095,SKU00009,Sports,1,427.88,52.98,374.9,2026-09-27 10:00:00
ITEM000028560,ORD00012375,SKU00225,Fashion,1,221.86,102.42,119.44,2026-09-27 10:00:00
ITEM000028561,ORD00013709,SKU00361,Fashion,1,432.43,172.9,259.53,2026-09-27 10:00:00
ITEM000028562,ORD00014326,SKU00148,Fashion,1,236.91,156.18,80.73,2026-09-27 10:00:00
ITEM000028563,ORD00013131,SKU00390,Fashion,1,526.87,81.46,445.41,2026-09-27 10:00:00
ITEM000028564,ORD00012783,SKU00349,Electronics,1,72.04,44.66,27.38,2026-09-27 10:00:00
ITEM000028565,ORD00012253,SKU00230,Beauty,1,1072.99,129.71,943.28,2026-09-27 10:00:00
ITEM000028566,ORD00012208,SKU00389,Home,3,255.72,95.97,671.19,2026-09-27 10:00:00
ITEM000028567,ORD00012198,SKU00376,Beauty,3,101.23,58.65,245.04,2026-09-27 10:00:00
ITEM000028568,ORD00012196,SKU00235,Sports,2,423.99,51.71,796.27,2026-09-27 10:00:00
ITEM000028569,ORD00012060,SKU00172,Home,2,153.91,43.58,264.24,2026-09-27 10:00:00
ITEM000028570,ORD00014217,SKU00063,Grocery,3,446.0,25.4,1312.6,2026-09-27 10:00:00
ITEM000028571,ORD00013607,SKU00088,Home,2,508.24,185.93,830.55,2026-09-27 10:00:00
ITEM000028572,ORD00013394,SKU00047,Grocery,1,1459.38,166.33,1293.05,2026-09-27 10:00:00
ITEM000028573,ORD00014654,SKU00259,Books,1,587.97,42.55,545.42,2026-09-27 10:00:00
ITEM000028574,ORD00013607,SKU00138,Sports,1,441.55,143.27,298.28,2026-09-27 10:00:00
ITEM000028575,ORD00014081,SKU00102,Books,3,1037.32,20.18,3091.78,2026-09-27 10:00:00
ITEM000028576,ORD00012884,SKU00112,Beauty,1,352.01,46.51,305.5,2026-09-27 10:00:00
ITEM000028577,ORD00014179,SKU00043,Fashion,2,309.27,183.28,435.26,2026-09-27 10:00:00
ITEM000028578,ORD00012267,SKU00289,Electronics,2,182.58,54.27,310.89,2026-09-27 10:00:00
ITEM000028579,ORD00014924,SKU00280,Beauty,2,135.7,112.3,159.1,2026-09-27 10:00:00
ITEM000028580,ORD00012069,SKU00499,Electronics ,1,117.49,67.24,50.25,2026-09-27 10:00:00
ITEM000028581,ORD00013254,SKU00359,Beauty,1,296.49,37.0,259.49,2026-09-27 10:00:00
ITEM000028582,ORD00012438,SKU00198,Grocery,3,490.1,109.54,1360.76,2026-09-27 10:00:00
ITEM000028583,ORD00012979,SKU00074,Grocery,3,170.47,70.25,441.16,2026-09-27 10:00:00
ITEM000028584,ORD00014687,SKU00324,Fashion,1,279.26,28.94,250.32,2026-09-27 10:00:00
ITEM000028585,ORD00013811,SKU00100,Sports,2,497.3,36.86,957.74,2026-09-27 10:00:00
ITEM000028586,ORD00013193,SKU00211,Beauty,2,186.72,94.55,278.89,2026-09-27 10:00:00
ITEM000028587,ORD00014321,SKU00244,Beauty,1,264.3,63.04,201.26,2026-09-27 10:00:00
ITEM000028588,ORD00014934,SKU00204,Books,3,203.92,78.52,533.24,2026-09-27 10:00:00
ITEM000028589,ORD00012399,SKU00427,Electronics,2,393.05,159.24,626.86,2026-09-27 10:00:00
ITEM000028590,ORD00014431,SKU00433,Electronics,1,348.12,112.83,235.29,2026-09-27 10:00:00
ITEM000028591,ORD00014997,SKU00067,Home,2,285.31,146.42,424.2,2026-09-27 10:00:00
ITEM000028592,ORD00013877,SKU00304,Electronics,3,206.95,140.94,479.91,2026-09-27 10:00:00
ITEM000028593,ORD00012142,SKU00399,Books,1,504.19,118.83,385.36,2026-09-27 10:00:00
ITEM000028594,ORD00012201,SKU00051,Fashion,1,430.05,67.49,362.56,2026-09-27 10:00:00
ITEM000028595,ORD00014746,SKU00387,Fashion,1,414.11,177.36,236.75,2026-09-27 10:00:00
ITEM000028596,ORD00013867,SKU00234,Grocery,2,1009.72,100.31,1919.13,2026-09-27 10:00:00
ITEM000028597,ORD00012873,SKU00205,Books,2,367.05,46.78,687.32,2026-09-27 10:00:00
ITEM000028598,ORD00014055,SKU00463,Sports,2,395.07,2.3,787.84,2026-09-27 10:00:00
ITEM000028599,ORD00012243,SKU00377,Home,2,237.46,138.77,336.15,2026-09-27 10:00:00
ITEM000028600,ORD00013178,SKU00397,Books,3,160.54,139.13,342.49,2026-09-27 10:00:00
ITEM000028601,ORD00013272,SKU00373,Sports,3,255.34,54.57,711.45,2026-09-27 10:00:00
ITEM000028602,ORD00014246,SKU00201,Fashion,3,139.33,62.33,355.66,2026-09-27 10:00:00
ITEM000028603,ORD00012289,SKU00132,Books,1,923.92,44.77,879.15,2026-09-27 10:00:00
ITEM000028604,ORD00012627,SKU00411,Fashion,2,314.1,119.85,508.35,2026-09-27 10:00:00
ITEM000028605,ORD00012651,SKU00362,Home,3,185.86,53.98,503.6,2026-09-27 10:00:00
ITEM000028606,ORD00012946,SKU00234,Grocery,2,735.39,123.92,1346.86,2026-09-27 10:00:00
ITEM000028607,ORD00014960,SKU00355,Beauty,3,224.74,148.83,525.39,2026-09-27 10:00:00
ITEM000028608,ORD00012284,SKU00239,Home,1,182.93,163.22,19.71,2026-09-27 10:00:00
ITEM000028609,ORD00014846,SKU00025,Electronics,1,218.39,31.4,186.99,2026-09-27 10:00:00
ITEM000028610,ORD00012631,SKU00403,Sports,3,369.09,37.13,1070.14,2026-09-27 10:00:00
ITEM000028611,ORD00013199,SKU00074,Grocery,3,147.7,50.06,393.04,2026-09-27 10:00:00
ITEM000028612,ORD00012221,SKU00099,Books,2,433.27,160.34,706.2,2026-09-27 10:00:00
ITEM000028613,ORD00014987,SKU00138,Books,3,181.69,34.26,510.81,2026-09-27 10:00:00
ITEM000028614,ORD00013670,SKU00496,Grocery,3,467.2,59.72,1341.88,2026-09-27 10:00:00
ITEM000028615,ORD00013730,SKU00426,Home,3,444.29,168.23,1164.64,2026-09-27 10:00:00
ITEM000028616,ORD00014700,SKU00017,Beauty,1,264.23,26.86,237.37,2026-09-27 10:00:00
ITEM000028617,ORD00013843,SKU00214,Books,1,85.86,2.55,83.31,2026-09-27 10:00:00
ITEM000028618,ORD00013202,SKU00001,Beauty,3,339.12,137.52,879.84,2026-09-27 10:00:00
ITEM000028619,ORD00014257,SKU00079,Electronics ,3,112.81,2.12,336.31,2026-09-27 10:00:00
ITEM000028620,ORD00014039,SKU00329,Grocery,2,508.26,148.74,867.78,2026-09-27 10:00:00
ITEM000028621,ORD00013217,SKU00420,Books,2,428.38,160.89,695.87,2026-09-27 10:00:00
ITEM000028622,ORD00012312,SKU00152,Electronics,2,485.39,121.81,848.97,2026-09-27 10:00:00
ITEM000028623,ORD00012368,SKU00023,Fashion,3,1865.08,193.87,5401.37,2026-09-27 10:00:00
ITEM000028624,ORD00013539,SKU00235,Electronics,1,164.69,7.65,157.04,2026-09-27 10:00:00
ITEM000028625,ORD00012983,SKU00027,Fashion,1,123.38,4.85,118.53,2026-09-27 10:00:00
ITEM000028626,ORD00014584,SKU00335,Fashion,1,591.84,53.32,538.52,2026-09-27 10:00:00
ITEM000028627,ORD00012883,SKU00158,Fashion,3,577.23,107.66,1624.03,2026-09-27 10:00:00
ITEM000028628,ORD00014993,SKU00420,Grocery,1,232.63,125.19,107.44,2026-09-27 10:00:00
ITEM000028629,ORD00012641,SKU00285,Grocery,1,323.35,180.66,142.69,2026-09-27 10:00:00
ITEM000028630,ORD00014194,SKU00370,Sports,1,400.94,198.58,202.36,2026-09-27 10:00:00
ITEM000028631,ORD00013452,SKU00261,Fashion,1,391.56,117.29,274.27,2026-09-27 10:00:00
ITEM000028632,ORD00013852,SKU00349,Electronics,2,496.23,12.48,979.98,2026-09-27 10:00:00
ITEM000028633,ORD00012509,SKU00279,Grocery,1,383.53,79.14,304.39,2026-09-27 10:00:00
ITEM000028634,ORD00013963,SKU00255,Sports,2,221.79,92.01,351.57,2026-09-27 10:00:00
ITEM000028635,ORD00012783,SKU00043,Home,1,1567.59,134.27,1433.32,2026-09-27 10:00:00
ITEM000028636,ORD00014679,SKU00009,Sports,1,414.34,4.12,410.22,2026-09-27 10:00:00
ITEM000028637,ORD00014055,SKU00053,Beauty,1,459.38,69.82,389.56,2026-09-27 10:00:00
ITEM000028638,ORD00013299,SKU00009,Electronics,3,346.65,182.36,857.59,2026-09-27 10:00:00
ITEM000028639,ORD00012836,SKU00164,Home,1,140.45,60.35,80.1,2026-09-27 10:00:00
ITEM000028640,ORD00014173,SKU00315,Fashion,1,425.63,42.2,383.43,2026-09-27 10:00:00
ITEM000028641,ORD00013760,SKU00105,Beauty,3,543.8,70.29,1561.11,2026-09-27 10:00:00
ITEM000028642,ORD00013538,SKU00265,Sports,1,350.15,127.4,222.75,2026-09-27 10:00:00
ITEM000028643,ORD00014039,SKU00299,Electronics,3,327.26,166.53,815.25,2026-09-27 10:00:00
ITEM000028644,ORD00012339,SKU00242,Fashion,3,105.75,148.53,168.72,2026-09-27 10:00:00
ITEM000028645,ORD00014665,SKU00105,Books,1,1040.01,198.85,841.16,2026-09-27 10:00:00
ITEM000028646,ORD00014352,SKU00239,Fashion,1,594.52,123.2,471.32,2026-09-27 10:00:00
ITEM000028647,ORD00013184,SKU00011,Grocery,3,407.22,115.55,1106.11,2026-09-27 10:00:00
ITEM000028648,ORD00012728,SKU00150,Fashion,2,85.81,105.91,65.71,2026-09-27 10:00:00
ITEM000028649,ORD00013319,SKU00353,Sports,3,115.01,72.78,272.25,2026-09-27 10:00:00
ITEM000028650,ORD00014989,SKU00004,Books,2,496.38,33.56,959.2,2026-09-27 10:00:00
ITEM000028651,ORD00013684,SKU00447,Grocery,2,241.51,16.63,466.39,2026-09-27 10:00:00
ITEM000028652,ORD00013013,SKU00236,Electronics,2,731.13,37.82,1424.44,2026-09-27 10:00:00
ITEM000028653,ORD00012667,SKU00169,Fashion,1,523.89,152.52,371.37,2026-09-27 10:00:00
ITEM000028654,ORD00012057,SKU00212,Books,1,288.1,89.3,198.8,2026-09-27 10:00:00
ITEM000028655,ORD00012069,SKU00046,Books,3,358.46,60.81,1014.57,2026-09-27 10:00:00
ITEM000028656,ORD00014595,SKU00044,Books,2,95.44,77.65,113.23,2026-09-27 10:00:00
ITEM000028657,ORD00012341,SKU00321,Beauty,3,411.77,152.33,1082.98,2026-09-27 10:00:00
ITEM000028658,ORD00014480,SKU00476,Beauty,2,425.59,76.96,774.22,2026-09-27 10:00:00
ITEM000028659,ORD00014176,SKU00077,Sports,3,133.28,34.48,365.36,2026-09-27 10:00:00
ITEM000028660,ORD00012303,SKU00442,Books,1,220.56,52.95,167.61,2026-09-27 10:00:00
ITEM000028661,ORD00014307,SKU00441,Fashion,1,1524.66,15.05,1509.61,2026-09-27 10:00:00
ITEM000028662,ORD00014517,SKU00009,Beauty,2,318.75,187.41,450.09,2026-09-27 10:00:00
ITEM000028663,ORD00013245,SKU00120,Sports,2,221.97,72.03,371.91,2026-09-27 10:00:00
ITEM000028664,ORD00012921,SKU00187,Beauty,1,270.59,96.66,173.93,2026-09-27 10:00:00
ITEM000028665,ORD00012671,SKU00060,Home,2,158.47,9.85,307.09,2026-09-27 10:00:00
ITEM000028666,ORD00012628,SKU00234,Books,1,81.79,198.23,-116.44,2026-09-27 10:00:00
ITEM000028667,ORD00013206,SKU00300,Grocery,3,198.7,26.7,569.4,2026-09-27 10:00:00
ITEM000028668,ORD00013487,SKU00373,Fashion,1,351.36,36.84,314.52,2026-09-27 10:00:00
ITEM000028669,ORD00014453,SKU00439,Fashion,2,855.59,87.07,1624.11,2026-09-27 10:00:00
ITEM000028670,ORD00014233,SKU00022,Home,1,380.49,74.83,305.66,2026-09-27 10:00:00
ITEM000028671,ORD00013704,SKU00420,Electronics,2,778.12,27.65,1528.59,2026-09-27 10:00:00
ITEM000028672,ORD00013144,SKU00483,Beauty,3,170.18,46.41,464.13,2026-09-27 10:00:00
ITEM000028673,ORD00014752,SKU00425,Electronics,3,423.36,121.57,1148.51,2026-09-27 10:00:00
ITEM000028674,ORD00013254,SKU00306,Beauty,2,486.51,115.31,857.71,2026-09-27 10:00:00
ITEM000028675,ORD00013339,SKU00422,Electronics,1,1430.71,161.04,1269.67,2026-09-27 10:00:00
ITEM000028676,ORD00012705,SKU00193,Sports,1,215.97,184.13,31.84,2026-09-27 10:00:00
ITEM000028677,ORD00014855,SKU00477,Fashion,1,301.78,68.49,233.29,2026-09-27 10:00:00
ITEM000028678,ORD00014358,SKU00096,Sports,1,846.83,140.89,705.94,2026-09-27 10:00:00
ITEM000028679,ORD00012569,SKU00405,Fashion,1,242.57,191.92,50.65,2026-09-27 10:00:00
ITEM000028680,ORD00013806,SKU00225,Fashion,3,1723.51,12.82,5157.71,2026-09-27 10:00:00
ITEM000028681,ORD00012987,SKU00346,Books,3,333.91,7.46,994.27,2026-09-27 10:00:00
ITEM000028682,ORD00013430,SKU00440,Books,3,142.06,48.26,377.92,2026-09-27 10:00:00
ITEM000028683,ORD00014828,SKU00481,Books,3,461.51,185.26,1199.27,2026-09-27 10:00:00
ITEM000028684,ORD00012762,SKU00183,Grocery,2,227.4,79.75,375.05,2026-09-27 10:00:00
ITEM000028685,ORD00012101,SKU00344,Fashion,2,186.03,49.36,322.7,2026-09-27 10:00:00
ITEM000028686,ORD00014160,SKU00430,Home,1,133.04,173.14,-40.1,2026-09-27 10:00:00
ITEM000028687,ORD00013611,SKU00336,Books,1,268.17,82.04,186.13,2026-09-27 10:00:00
ITEM000028688,ORD00013750,SKU00324,Home,2,160.44,183.28,137.6,2026-09-27 10:00:00
ITEM000028689,ORD00013453,SKU00243,Books,1,112.09,67.16,44.93,2026-09-27 10:00:00
ITEM000028690,ORD00013409,SKU00222,Home,2,168.66,21.81,315.51,2026-09-27 10:00:00
ITEM000028691,ORD00014722,SKU00290,Home,2,366.98,51.86,682.1,2026-09-27 10:00:00
ITEM000028692,ORD00014204,SKU00335,Electronics,3,215.32,38.45,607.51,2026-09-27 10:00:00
ITEM000028693,ORD00014528,SKU00455,Grocery,2,363.11,80.04,646.18,2026-09-27 10:00:00
ITEM000028694,ORD00013717,SKU00414,Grocery,1,717.7,16.3,701.4,2026-09-27 10:00:00
ITEM000028695,ORD00013893,SKU00235,Books,2,331.02,183.76,478.28,2026-09-27 10:00:00
ITEM000028696,ORD00014934,SKU00447,Electronics,3,274.51,196.92,626.61,2026-09-27 10:00:00
ITEM000028697,ORD00014798,SKU00376,Sports,2,1198.63,64.59,2332.67,2026-09-27 10:00:00
ITEM000028698,ORD00014748,SKU00387,Electronics,2,152.5,190.8,114.2,2026-09-27 10:00:00
ITEM000028699,ORD00013746,SKU00227,Beauty,2,297.88,161.03,434.73,2026-09-27 10:00:00
ITEM000028700,ORD00013674,SKU00216,Beauty,3,174.79,7.69,516.68,2026-09-27 10:00:00
ITEM000028701,ORD00014421,SKU00422,Home,1,453.26,154.82,298.44,2026-09-27 10:00:00
ITEM000028702,ORD00014873,SKU00389,Sports,3,186.35,30.93,528.12,2026-09-27 10:00:00
ITEM000028703,ORD00013244,SKU00436,Home,2,511.53,13.36,1009.7,2026-09-27 10:00:00
ITEM000028704,ORD00014656,SKU00026,Grocery,1,440.89,161.15,279.74,2026-09-27 10:00:00
ITEM000028705,ORD00013441,SKU00240,Sports,3,601.9,19.98,1785.72,2026-09-27 10:00:00
ITEM000028706,ORD00013979,SKU00418,Grocery,1,234.37,58.08,176.29,2026-09-27 10:00:00
ITEM000028707,ORD00012395,SKU00285,Sports,3,252.42,57.63,699.63,2026-09-27 10:00:00
ITEM000028708,ORD00014440,SKU00106,Beauty,3,146.68,73.45,366.59,2026-09-27 10:00:00
ITEM000028709,ORD00012257,SKU00405,Home,3,696.54,154.86,1934.76,2026-09-27 10:00:00
ITEM000028710,ORD00014753,SKU00126,Fashion,3,173.31,127.08,392.85,2026-09-27 10:00:00
ITEM000028711,ORD00014843,SKU00338,Electronics,1,467.81,32.37,435.44,2026-09-27 10:00:00
ITEM000028712,ORD00014914,SKU00235,Books,1,872.06,155.7,716.36,2026-09-27 10:00:00
ITEM000028713,ORD00014794,SKU00035,Electronics,3,393.09,199.44,979.83,2026-09-27 10:00:00
ITEM000028714,ORD00012993,SKU00356,Beauty,2,70.7,71.06,70.34,2026-09-27 10:00:00
ITEM000028715,ORD00013037,SKU00232,Books,1,432.78,160.65,272.13,2026-09-27 10:00:00
ITEM000028716,ORD00012493,SKU00480,Books,3,612.59,20.25,1817.52,2026-09-27 10:00:00
ITEM000028717,ORD00013104,SKU00209,Electronics,3,1411.72,52.22,4182.94,2026-09-27 10:00:00
ITEM000028718,ORD00012889,SKU00401,Books,3,242.14,48.54,677.88,2026-09-27 10:00:00
ITEM000028719,ORD00012205,SKU00398,Fashion,3,327.28,33.7,948.14,2026-09-27 10:00:00
ITEM000028720,ORD00012040,SKU00253,Fashion,1,295.99,43.23,252.76,2026-09-27 10:00:00
ITEM000028721,ORD00012062,SKU00452,Sports,3,666.26,64.97,1933.81,2026-09-27 10:00:00
ITEM000028722,ORD00014485,SKU00284,Grocery,3,628.19,126.23,1758.34,2026-09-27 10:00:00
ITEM000028723,ORD00013256,SKU00031,Electronics,1,575.27,5.24,570.03,2026-09-27 10:00:00
ITEM000028724,ORD00012611,SKU00469,Electronics,1,149.24,60.31,88.93,2026-09-27 10:00:00
ITEM000028725,ORD00013512,SKU00110,Grocery,2,1373.74,28.05,2719.43,2026-09-27 10:00:00
ITEM000028726,ORD00012944,SKU00496,Grocery,1,1834.7,132.36,1702.34,2026-09-27 10:00:00
ITEM000028727,ORD00014454,SKU00140,Beauty,2,417.4,185.19,649.61,2026-09-27 10:00:00
ITEM000028728,ORD00012132,SKU00129,Grocery,3,201.28,187.6,416.24,2026-09-27 10:00:00
ITEM000028729,ORD00013098,SKU00135,Electronics,1,339.65,26.17,313.48,2026-09-27 10:00:00
ITEM000028730,ORD00012118,SKU00487,Books,1,282.13,111.75,170.38,2026-09-27 10:00:00
ITEM000028731,ORD00012570,SKU00195,Fashion,2,227.26,33.71,420.81,2026-09-27 10:00:00
ITEM000028732,ORD00013611,SKU00322,Beauty,2,237.87,153.96,321.78,2026-09-27 10:00:00
ITEM000028733,ORD00013885,SKU00178,Sports,1,200.4,125.23,75.17,2026-09-27 10:00:00
ITEM000028734,ORD00013507,SKU00028,Beauty,3,375.37,180.41,945.7,2026-09-27 10:00:00
ITEM000028735,ORD00012007,SKU00174,Sports,1,258.44,159.27,99.17,2026-09-27 10:00:00
ITEM000028736,ORD00014122,SKU00049,Home,1,562.35,184.8,377.55,2026-09-27 10:00:00
ITEM000028737,ORD00014038,SKU00073,Sports,3,595.27,133.12,1652.69,2026-09-27 10:00:00
ITEM000028738,ORD00014647,SKU00041,Fashion,2,156.61,95.37,217.85,2026-09-27 10:00:00
ITEM000028739,ORD00014968,SKU00412,Books,1,258.7,93.51,165.19,2026-09-27 10:00:00
ITEM000028740,ORD00013231,SKU00240,Beauty,1,115.82,179.02,-63.2,2026-09-27 10:00:00
ITEM000028741,ORD00012961,SKU00026,Books,3,429.17,104.2,1183.31,2026-09-27 10:00:00
ITEM000028742,ORD00012406,SKU00463,Fashion,3,292.24,57.96,818.76,2026-09-27 10:00:00
ITEM000028743,ORD00013955,SKU00317,Fashion,1,203.4,24.9,178.5,2026-09-27 10:00:00
ITEM000028744,ORD00013578,SKU00008,Electronics,1,683.41,151.44,531.97,2026-09-27 10:00:00
ITEM000028745,ORD00013394,SKU00066,Fashion,1,114.83,47.1,67.73,2026-09-27 10:00:00
ITEM000028746,ORD00012786,SKU00303,Electronics,3,165.62,70.01,426.85,2026-09-27 10:00:00
ITEM000028747,ORD00013258,SKU00336,Home,3,880.76,90.49,2551.79,2026-09-27 10:00:00
ITEM000028748,ORD00012665,SKU00479,Books,3,485.42,47.88,1408.38,2026-09-27 10:00:00
ITEM000028749,ORD00012146,SKU00434,Electronics,3,268.48,42.18,763.26,2026-09-27 10:00:00
ITEM000028750,ORD00012450,SKU00177,Grocery,3,471.05,77.75,1335.4,2026-09-27 10:00:00
ITEM000028751,ORD00013141,SKU00140,Beauty,1,213.21,51.05,162.16,2026-09-27 10:00:00
ITEM000028752,ORD00012759,SKU00140,Grocery,3,242.24,165.08,561.64,2026-09-27 10:00:00
ITEM000028753,ORD00014931,SKU00254,Grocery,1,273.29,150.54,122.75,2026-09-27 10:00:00
ITEM000028754,ORD00012183,SKU00248,Sports,3,371.7,77.24,1037.86,2026-09-27 10:00:00
ITEM000028755,ORD00013585,SKU00164,Home,2,758.72,80.65,1436.79,2026-09-27 10:00:00
ITEM000028756,ORD00013422,SKU00363,Beauty,3,690.67,130.01,1942.0,2026-09-27 10:00:00
ITEM000028757,ORD00012695,SKU00042,Home,2,834.02,65.17,1602.87,2026-09-27 10:00:00
ITEM000028758,ORD00012060,SKU00127,Home,2,622.6,6.07,1239.13,2026-09-27 10:00:00
ITEM000028759,ORD00012920,SKU00464,Books,3,313.79,87.11,854.26,2026-09-27 10:00:00
ITEM000028760,ORD00013522,SKU00464,Sports,2,263.43,173.93,352.93,2026-09-27 10:00:00
ITEM000028761,ORD00013372,SKU00479,Fashion,1,761.2,172.88,588.32,2026-09-27 10:00:00
ITEM000028762,ORD00012640,SKU00342,Sports,2,88.09,90.75,85.43,2026-09-27 10:00:00
ITEM000028763,ORD00014157,SKU00299,Books,1,352.02,38.54,313.48,2026-09-27 10:00:00
ITEM000028764,ORD00014246,SKU00271,Electronics,1,1074.91,130.63,944.28,2026-09-27 10:00:00
ITEM000028765,ORD00014147,SKU00330,Grocery,2,235.99,98.01,373.97,2026-09-27 10:00:00
ITEM000028766,ORD00014544,SKU00414,Home,1,1175.59,140.77,1034.82,2026-09-27 10:00:00
ITEM000028767,ORD00014656,SKU00451,Beauty,3,248.29,33.3,711.57,2026-09-27 10:00:00
ITEM000028768,ORD00013002,SKU00414,Beauty,3,75.16,111.45,114.03,2026-09-27 10:00:00
ITEM000028769,ORD00014825,SKU00173,Electronics,2,451.42,33.39,869.45,2026-09-27 10:00:00
ITEM000028770,ORD00012587,SKU00322,Fashion,3,50.75,107.14,45.11,2026-09-27 10:00:00
ITEM000028771,ORD00014774,SKU00103,Home,3,253.36,196.92,563.16,2026-09-27 10:00:00
ITEM000028772,ORD00014802,SKU00261,Electronics,1,80.56,67.26,13.3,2026-09-27 10:00:00
ITEM000028773,ORD00013927,SKU00324,Books,3,244.0,43.76,688.24,2026-09-27 10:00:00
ITEM000028774,ORD00013149,SKU00306,Home,1,311.78,85.5,226.28,2026-09-27 10:00:00
ITEM000028775,ORD00014828,SKU00157,Home,3,125.56,194.56,182.12,2026-09-27 10:00:00
ITEM000028776,ORD00014156,SKU00154,Electronics,1,1017.26,136.82,880.44,2026-09-27 10:00:00
ITEM000028777,ORD00012698,SKU00057,Home,3,574.0,141.28,1580.72,2026-09-27 10:00:00
ITEM000028778,ORD00013796,SKU00390,Books,1,444.22,165.6,278.62,2026-09-27 10:00:00
ITEM000028779,ORD00014930,SKU00344,Fashion,3,424.65,116.46,1157.49,2026-09-27 10:00:00
ITEM000028780,ORD00013596,SKU00280,Sports,3,387.53,167.86,994.73,2026-09-27 10:00:00
ITEM000028781,ORD00012128,SKU00053,Grocery,3,757.78,82.61,2190.73,2026-09-27 10:00:00
ITEM000028782,ORD00014637,SKU00314,Sports,2,559.79,174.87,944.71,2026-09-27 10:00:00
ITEM000028783,ORD00013854,SKU00033,Home,2,570.71,153.47,987.95,2026-09-27 10:00:00
ITEM000028784,ORD00013580,SKU00343,Home,1,239.04,75.61,163.43,2026-09-27 10:00:00
ITEM000028785,ORD00014244,SKU00440,Electronics,2,676.15,65.01,1287.29,2026-09-27 10:00:00
ITEM000028786,ORD00012007,SKU00049,Home,3,380.63,8.76,1133.13,2026-09-27 10:00:00
ITEM000028787,ORD00013697,SKU00322,Electronics,2,1331.86,33.07,2630.65,2026-09-27 10:00:00
ITEM000028788,ORD00012750,SKU00465,Books,1,287.47,57.83,229.64,2026-09-27 10:00:00
ITEM000028789,ORD00014562,SKU00192,Sports,1,513.35,42.81,470.54,2026-09-27 10:00:00
ITEM000028790,ORD00013851,SKU00387,Home,2,160.91,174.33,147.49,2026-09-27 10:00:00
ITEM000028791,ORD00012023,SKU00106,Fashion,3,864.9,74.69,2520.01,2026-09-27 10:00:00
ITEM000028792,ORD00014775,SKU00366,Electronics,2,467.17,121.27,813.07,2026-09-27 10:00:00
ITEM000028793,ORD00014428,SKU00376,Electronics,1,94.42,69.9,24.52,2026-09-27 10:00:00
ITEM000028794,ORD00014698,SKU00497,Beauty,3,504.33,173.32,1339.67,2026-09-27 10:00:00
ITEM000028795,ORD00013753,SKU00376,Fashion,1,590.65,50.75,539.9,2026-09-27 10:00:00
ITEM000028796,ORD00012534,SKU00083,Books,2,238.4,138.48,338.32,2026-09-27 10:00:00
ITEM000028797,ORD00013019,SKU00194,Home,1,135.98,30.44,105.54,2026-09-27 10:00:00
ITEM000028798,ORD00012481,SKU00215,Grocery,1,306.64,197.81,108.83,2026-09-27 10:00:00
ITEM000028799,ORD00014692,SKU00224,Fashion,3,545.86,93.04,1544.54,2026-09-27 10:00:00
ITEM000028800,ORD00013131,SKU00247,Home,1,383.37,171.35,212.02,2026-09-27 10:00:00
ITEM000028801,ORD00013498,SKU00145,Grocery,2,162.7,101.62,223.78,2026-09-27 10:00:00
ITEM000028802,ORD00014442,SKU00303,Electronics,1,683.58,199.91,483.67,2026-09-27 10:00:00
ITEM000028803,ORD00012559,SKU00324,Fashion,3,264.45,55.97,737.38,2026-09-27 10:00:00
ITEM000028804,ORD00012393,SKU00320,Home,2,177.36,132.9,221.82,2026-09-27 10:00:00
ITEM000028805,ORD00014796,SKU00241,Home,3,128.37,73.17,311.94,2026-09-27 10:00:00
ITEM000028806,ORD00013559,SKU00433,Fashion,1,357.77,166.74,191.03,2026-09-27 10:00:00
ITEM000028807,ORD00012650,SKU00147,Sports,2,181.86,64.79,298.93,2026-09-27 10:00:00
ITEM000028808,ORD00013632,SKU00291,Electronics,3,252.29,157.15,599.72,2026-09-27 10:00:00
ITEM000028809,ORD00012862,SKU00248,Beauty,1,284.85,81.63,203.22,2026-09-27 10:00:00
ITEM000028810,ORD00013293,SKU00383,Fashion,1,715.96,144.79,571.17,2026-09-27 10:00:00
ITEM000028811,ORD00014000,SKU00064,Books,3,514.27,10.78,1532.03,2026-09-27 10:00:00
ITEM000028812,ORD00013723,SKU00349,Sports,1,742.76,55.65,687.11,2026-09-27 10:00:00
ITEM000028813,ORD00012682,SKU00258,Beauty,1,262.78,145.3,117.48,2026-09-27 10:00:00
ITEM000028814,ORD00012043,SKU00139,Books,1,311.33,6.92,304.41,2026-09-27 10:00:00
ITEM000028815,ORD00013959,SKU00276,Fashion,2,154.59,2.09,307.09,2026-09-27 10:00:00
ITEM000028816,ORD00012126,SKU00175,Sports,3,366.7,160.57,939.53,2026-09-27 10:00:00
ITEM000028817,ORD00013780,SKU00468,Electronics,1,674.54,12.09,662.45,2026-09-27 10:00:00
ITEM000028818,ORD00014713,SKU00492,Books,1,198.41,196.2,2.21,2026-09-27 10:00:00
ITEM000028819,ORD00014586,SKU00333,Grocery,3,284.1,177.54,674.76,2026-09-27 10:00:00
ITEM000028820,ORD00013804,SKU00257,Books,3,295.38,48.2,837.94,2026-09-27 10:00:00
ITEM000028821,ORD00012700,SKU00233,Sports,3,590.52,190.35,1581.21,2026-09-27 10:00:00
ITEM000028822,ORD00013994,SKU00202,Electronics ,2,362.95,184.36,541.54,2026-09-27 10:00:00
ITEM000028823,ORD00014906,SKU00272,Sports,2,1199.23,177.78,2220.68,2026-09-27 10:00:00
ITEM000028824,ORD00013790,SKU00396,Sports,3,757.77,173.78,2099.53,2026-09-27 10:00:00
ITEM000028825,ORD00012951,SKU00261,Home,1,503.4,19.42,483.98,2026-09-27 10:00:00
ITEM000028826,ORD00013387,SKU00292,Sports,2,627.52,163.89,1091.15,2026-09-27 10:00:00
ITEM000028827,ORD00014542,SKU00234,Books,3,266.48,156.92,642.52,2026-09-27 10:00:00
ITEM000028828,ORD00014056,SKU00393,Home,3,194.71,15.95,568.18,2026-09-27 10:00:00
ITEM000028829,ORD00012329,SKU00415,Fashion,2,312.62,187.88,437.36,2026-09-27 10:00:00
ITEM000028830,ORD00012785,SKU00127,Sports,1,109.72,129.91,-20.19,2026-09-27 10:00:00
ITEM000028831,ORD00014550,SKU00219,Fashion,2,354.56,67.7,641.42,2026-09-27 10:00:00
ITEM000028832,ORD00014286,SKU00050,Sports,3,285.33,162.77,693.22,2026-09-27 10:00:00
ITEM000028833,ORD00014894,SKU00445,Beauty,1,111.04,184.98,-73.94,2026-09-27 10:00:00
ITEM000028834,ORD00014827,SKU00410,Grocery,1,412.42,154.47,257.95,2026-09-27 10:00:00
ITEM000028835,ORD00012154,SKU00063,Grocery,2,243.61,145.62,341.6,2026-09-27 10:00:00
ITEM000028836,ORD00013328,SKU00141,Grocery,3,281.1,94.92,748.38,2026-09-27 10:00:00
ITEM000028837,ORD00012950,SKU00404,Grocery,2,683.05,0.62,1365.48,2026-09-27 10:00:00
ITEM000028838,ORD00013921,SKU00373,Fashion,2,349.61,103.83,595.39,2026-09-27 10:00:00
ITEM000028839,ORD00012626,SKU00055,Electronics,1,200.11,152.79,47.32,2026-09-27 10:00:00
ITEM000028840,ORD00014605,SKU00043,Fashion,2,402.98,147.29,658.67,2026-09-27 10:00:00
ITEM000028841,ORD00013659,SKU00251,Fashion,2,155.11,81.17,229.05,2026-09-27 10:00:00
ITEM000028842,ORD00013863,SKU00247,Home,1,301.38,176.08,125.3,2026-09-27 10:00:00
ITEM000028843,ORD00012557,SKU00010,Books,2,693.0,197.21,1188.79,2026-09-27 10:00:00
ITEM000028844,ORD00014772,SKU00322,Home,1,565.14,96.38,468.76,2026-09-27 10:00:00
ITEM000028845,ORD00013299,SKU00008,Books,3,822.96,94.05,2374.83,2026-09-27 10:00:00
ITEM000028846,ORD00014852,SKU00242,Beauty,3,315.9,80.49,867.21,2026-09-27 10:00:00
ITEM000028847,ORD00013677,SKU00299,Books,2,447.45,106.07,788.83,2026-09-27 10:00:00
ITEM000028848,ORD00013866,SKU00392,Home,1,196.83,153.52,43.31,2026-09-27 10:00:00
ITEM000028849,ORD00013308,SKU00485,Electronics,1,1111.54,72.73,1038.81,2026-09-27 10:00:00
ITEM000028850,ORD00012018,SKU00049,Grocery,2,734.22,198.06,1270.38,2026-09-27 10:00:00
ITEM000028851,ORD00013774,SKU00338,Books,2,373.14,106.77,639.51,2026-09-27 10:00:00
ITEM000028852,ORD00012236,SKU00362,Beauty,2,268.0,145.06,390.94,2026-09-27 10:00:00
ITEM000028853,ORD00014477,SKU00331,Grocery,2,123.24,6.52,239.96,2026-09-27 10:00:00
ITEM000028854,ORD00013290,SKU00229,Books,3,639.69,20.73,1898.34,2026-09-27 10:00:00
ITEM000028855,ORD00012780,SKU00204,Books,3,508.45,192.97,1332.38,2026-09-27 10:00:00
ITEM000028856,ORD00012133,SKU00417,Books,2,799.96,14.37,1585.55,2026-09-27 10:00:00
ITEM000028857,ORD00012607,SKU00298,Beauty,1,532.97,32.39,500.58,2026-09-27 10:00:00
ITEM000028858,ORD00012095,SKU00193,Beauty,1,329.09,97.65,231.44,2026-09-27 10:00:00
ITEM000028859,ORD00012472,SKU00341,Sports,2,297.07,111.8,482.34,2026-09-27 10:00:00
ITEM000028860,ORD00014341,SKU00241,Sports,1,291.15,81.46,209.69,2026-09-27 10:00:00
ITEM000028861,ORD00012565,SKU00095,Books,2,254.39,78.86,429.92,2026-09-27 10:00:00
ITEM000028862,ORD00013088,SKU00004,Books,1,198.22,80.78,117.44,2026-09-27 10:00:00
ITEM000028863,ORD00014396,SKU00375,Books,1,248.97,117.59,131.38,2026-09-27 10:00:00
ITEM000028864,ORD00013755,SKU00116,Books,2,747.32,109.43,1385.21,2026-09-27 10:00:00
ITEM000028865,ORD00013807,SKU00075,Grocery,1,1564.34,92.26,1472.08,2026-09-27 10:00:00
ITEM000028866,ORD00013554,SKU00130,Sports,1,198.78,22.96,175.82,2026-09-27 10:00:00
ITEM000028867,ORD00012012,SKU00180,Grocery,3,240.15,178.67,541.78,2026-09-27 10:00:00
ITEM000028868,ORD00014142,SKU00426,Fashion,1,124.51,156.67,-32.16,2026-09-27 10:00:00
ITEM000028869,ORD00012699,SKU00491,Beauty,3,606.85,46.57,1773.98,2026-09-27 10:00:00
ITEM000028870,ORD00012182,SKU00230,Fashion,2,118.94,55.65,182.23,2026-09-27 10:00:00
ITEM000028871,ORD00014467,SKU00377,Fashion,1,1119.87,161.89,957.98,2026-09-27 10:00:00
ITEM000028872,ORD00013554,SKU00103,Home,1,248.62,21.38,227.24,2026-09-27 10:00:00
ITEM000028873,ORD00014735,SKU00104,Fashion,1,131.7,70.39,61.31,2026-09-27 10:00:00
ITEM000028874,ORD00012672,SKU00147,Grocery,3,229.26,15.07,672.71,2026-09-27 10:00:00
ITEM000028875,ORD00013010,SKU00439,Electronics,1,241.01,9.59,231.42,2026-09-27 10:00:00
ITEM000028876,ORD00014872,SKU00284,Grocery,3,290.24,123.2,747.52,2026-09-27 10:00:00
ITEM000028877,ORD00012613,SKU00470,Electronics,3,303.78,124.87,786.47,2026-09-27 10:00:00
ITEM000028878,ORD00013845,SKU00153,Sports,2,244.44,35.99,452.89,2026-09-27 10:00:00
ITEM000028879,ORD00014004,SKU00057,Home,3,291.12,116.26,757.1,2026-09-27 10:00:00
ITEM000028880,ORD00013301,SKU00093,Grocery,3,83.16,50.54,198.94,2026-09-27 10:00:00
ITEM000028881,ORD00013537,SKU00129,Fashion,2,362.41,60.2,664.62,2026-09-27 10:00:00
ITEM000028882,ORD00014480,SKU00311,Home,3,246.74,123.93,616.29,2026-09-27 10:00:00
ITEM000028883,ORD00012651,SKU00204,Beauty,1,431.36,96.48,334.88,2026-09-27 10:00:00
ITEM000028884,ORD00013565,SKU00250,Home,2,419.6,74.21,764.99,2026-09-27 10:00:00
ITEM000028885,ORD00012523,SKU00298,Beauty,1,341.51,30.6,310.91,2026-09-27 10:00:00
ITEM000028886,ORD00014864,SKU00019,Electronics,1,854.78,145.16,709.62,2026-09-27 10:00:00
ITEM000028887,ORD00013873,SKU00232,Beauty,1,140.55,90.4,50.15,2026-09-27 10:00:00
ITEM000028888,ORD00014249,SKU00310,Home,2,84.67,36.41,132.93,2026-09-27 10:00:00
ITEM000028889,ORD00012627,SKU00095,Grocery,3,121.91,181.61,184.12,2026-09-27 10:00:00
ITEM000028890,ORD00013902,SKU00118,Home,3,692.1,131.14,1945.16,2026-09-27 10:00:00
ITEM000028891,ORD00012445,SKU00463,Grocery,2,232.48,195.21,269.75,2026-09-27 10:00:00
ITEM000028892,ORD00014326,SKU00188,Beauty,2,243.55,34.24,452.86,2026-09-27 10:00:00
ITEM000028893,ORD00013035,SKU00392,Beauty,3,314.87,93.08,851.53,2026-09-27 10:00:00
ITEM000028894,ORD00014073,SKU00404,Books,1,142.43,193.63,-51.2,2026-09-27 10:00:00
ITEM000028895,ORD00013153,SKU00267,Fashion,2,380.6,143.25,617.95,2026-09-27 10:00:00
ITEM000028896,ORD00012681,SKU00412,Sports,2,287.47,62.88,512.06,2026-09-27 10:00:00
ITEM000028897,ORD00014180,SKU00045,Books,2,215.8,6.17,425.43,2026-09-27 10:00:00
ITEM000028898,ORD00012636,SKU00166,Home,2,185.89,109.49,262.29,2026-09-27 10:00:00
ITEM000028899,ORD00012192,SKU00105,Beauty,2,152.31,89.49,215.13,2026-09-27 10:00:00
ITEM000028900,ORD00014897,SKU00221,Electronics,1,725.62,85.91,639.71,2026-09-27 10:00:00
ITEM000028901,ORD00012325,SKU00134,Books,1,188.91,122.97,65.94,2026-09-27 10:00:00
ITEM000028902,ORD00013107,SKU00324,Fashion,3,387.93,166.23,997.56,2026-09-27 10:00:00
ITEM000028903,ORD00012015,SKU00294,Fashion,2,121.9,192.79,51.01,2026-09-27 10:00:00
ITEM000028904,ORD00014507,SKU00168,Electronics,2,114.51,129.3,99.72,2026-09-27 10:00:00
ITEM000028905,ORD00014272,SKU00307,Books,2,898.6,122.08,1675.12,2026-09-27 10:00:00
ITEM000028906,ORD00013222,SKU00102,Grocery,3,381.57,156.34,988.37,2026-09-27 10:00:00
ITEM000028907,ORD00013611,SKU00445,Fashion,2,280.58,105.54,455.62,2026-09-27 10:00:00
ITEM000028908,ORD00013965,SKU00135,Beauty,3,305.83,141.37,776.12,2026-09-27 10:00:00
ITEM000028909,ORD00012881,SKU00107,Fashion,2,170.79,100.52,241.06,2026-09-27 10:00:00
ITEM000028910,ORD00014761,SKU00374,Grocery,3,81.26,22.08,221.7,2026-09-27 10:00:00
ITEM000028911,ORD00014961,SKU00437,Electronics,1,346.78,93.17,253.61,2026-09-27 10:00:00
ITEM000028912,ORD00012229,SKU00455,Grocery,2,282.52,13.95,551.09,2026-09-27 10:00:00
ITEM000028913,ORD00012976,SKU00320,Home,1,1055.98,30.63,1025.35,2026-09-27 10:00:00
ITEM000028914,ORD00014522,SKU00162,Electronics,3,304.95,62.75,852.1,2026-09-27 10:00:00
ITEM000028915,ORD00012995,SKU00458,Sports,1,650.49,137.36,513.13,2026-09-27 10:00:00
ITEM000028916,ORD00014580,SKU00459,Sports,1,1809.38,123.74,1685.64,2026-09-27 10:00:00
ITEM000028917,ORD00013583,SKU00195,Fashion,3,347.24,3.56,1038.16,2026-09-27 10:00:00
ITEM000028918,ORD00014270,SKU00197,Home,3,164.21,10.39,482.24,2026-09-27 10:00:00
ITEM000028919,ORD00014069,SKU00086,Books,1,674.2,49.0,625.2,2026-09-27 10:00:00
ITEM000028920,ORD00014195,SKU00184,Fashion,2,1100.65,38.0,2163.3,2026-09-27 10:00:00
ITEM000028921,ORD00014680,SKU00228,Grocery,2,795.49,129.17,1461.81,2026-09-27 10:00:00
ITEM000028922,ORD00013272,SKU00218,Home,3,331.46,178.65,815.73,2026-09-27 10:00:00
ITEM000028923,ORD00013402,SKU00065,Fashion,3,614.69,86.97,1757.1,2026-09-27 10:00:00
ITEM000028924,ORD00012878,SKU00259,Beauty,2,184.57,81.0,288.14,2026-09-27 10:00:00
ITEM000028925,ORD00013014,SKU00063,Grocery,1,152.38,94.14,58.24,2026-09-27 10:00:00
ITEM000028926,ORD00012694,SKU00247,Fashion,3,105.66,150.09,166.89,2026-09-27 10:00:00
ITEM000028927,ORD00012350,SKU00057,Beauty,1,215.26,182.55,32.71,2026-09-27 10:00:00
ITEM000028928,ORD00014391,SKU00105,Fashion,2,1156.92,140.96,2172.88,2026-09-27 10:00:00
ITEM000028929,ORD00014471,SKU00201,Grocery,3,414.13,108.73,1133.66,2026-09-27 10:00:00
ITEM000028930,ORD00012532,SKU00350,Grocery,2,248.46,171.97,324.95,2026-09-27 10:00:00
ITEM000028931,ORD00012339,SKU00227,Beauty,2,613.54,78.79,1148.29,2026-09-27 10:00:00
ITEM000028932,ORD00014752,SKU00211,Sports,1,257.56,92.91,164.65,2026-09-27 10:00:00
ITEM000028933,ORD00014668,SKU00251,Beauty,1,261.35,181.09,80.26,2026-09-27 10:00:00
ITEM000028934,ORD00014527,SKU00353,Beauty,3,193.37,110.15,469.96,2026-09-27 10:00:00
ITEM000028935,ORD00013106,SKU00339,Home,2,144.7,115.03,174.37,2026-09-27 10:00:00
ITEM000028936,ORD00013276,SKU00054,Books,1,122.1,174.82,-52.72,2026-09-27 10:00:00
ITEM000028937,ORD00012421,SKU00007,Fashion,1,66.47,198.13,-131.66,2026-09-27 10:00:00
ITEM000028938,ORD00014668,SKU00312,Electronics,3,796.33,68.19,2320.8,2026-09-27 10:00:00
ITEM000028939,ORD00014859,SKU00446,Sports,1,460.8,103.41,357.39,2026-09-27 10:00:00
ITEM000028940,ORD00013683,SKU00345,Home,2,931.66,88.05,1775.27,2026-09-27 10:00:00
ITEM000028941,ORD00012084,SKU00326,Sports,2,416.39,3.91,828.87,2026-09-27 10:00:00
ITEM000028942,ORD00012054,SKU00475,Electronics,2,493.59,17.46,969.72,2026-09-27 10:00:00
ITEM000028943,ORD00014931,SKU00313,Grocery,3,153.78,54.1,407.24,2026-09-27 10:00:00
ITEM000028944,ORD00013284,SKU00076,Electronics,2,452.43,116.51,788.35,2026-09-27 10:00:00
ITEM000028945,ORD00014869,SKU00056,Sports,2,281.8,62.64,500.96,2026-09-27 10:00:00
ITEM000028946,ORD00014875,SKU00116,Books,3,289.96,111.78,758.1,2026-09-27 10:00:00
ITEM000028947,ORD00012901,SKU00240,Books,2,271.29,19.91,522.67,2026-09-27 10:00:00
ITEM000028948,ORD00012721,SKU00180,Beauty,1,111.04,121.63,-10.59,2026-09-27 10:00:00
ITEM000028949,ORD00013691,SKU00339,Sports,2,481.37,133.65,829.09,2026-09-27 10:00:00
ITEM000028950,ORD00014791,SKU00387,Grocery,2,221.27,98.15,344.39,2026-09-27 10:00:00
ITEM000028951,ORD00012344,SKU00263,Beauty,2,278.9,196.89,360.91,2026-09-27 10:00:00
ITEM000028952,ORD00014048,SKU00025,Sports,3,608.81,36.22,1790.21,2026-09-27 10:00:00
ITEM000028953,ORD00012806,SKU00428,Home,1,991.02,133.45,857.57,2026-09-27 10:00:00
ITEM000028954,ORD00012009,SKU00403,Sports,1,340.86,148.3,192.56,2026-09-27 10:00:00
ITEM000028955,ORD00012954,SKU00366,Fashion,2,75.2,133.7,16.7,2026-09-27 10:00:00
ITEM000028956,ORD00013085,SKU00432,Beauty,1,352.63,151.83,200.8,2026-09-27 10:00:00
ITEM000028957,ORD00013389,SKU00019,Grocery,3,204.83,103.7,510.79,2026-09-27 10:00:00
ITEM000028958,ORD00014732,SKU00028,Electronics,1,465.95,142.59,323.36,2026-09-27 10:00:00
ITEM000028959,ORD00012460,SKU00017,Sports,3,255.64,81.53,685.39,2026-09-27 10:00:00
ITEM000028960,ORD00012649,SKU00296,Home,2,742.37,77.14,1407.6,2026-09-27 10:00:00
ITEM000028961,ORD00014043,SKU00210,Grocery,2,321.94,117.72,526.16,2026-09-27 10:00:00
ITEM000028962,ORD00013691,SKU00367,Fashion,3,210.31,87.13,543.8,2026-09-27 10:00:00
ITEM000028963,ORD00013833,SKU00142,Books,3,241.82,37.0,688.46,2026-09-27 10:00:00
ITEM000028964,ORD00013721,SKU00089,Fashion,1,372.55,134.21,238.34,2026-09-27 10:00:00
ITEM000028965,ORD00013741,SKU00429,Electronics,2,675.72,40.2,1311.24,2026-09-27 10:00:00
ITEM000028966,ORD00012349,SKU00029,Sports,2,450.11,136.92,763.3,2026-09-27 10:00:00
ITEM000028967,ORD00012356,SKU00498,Electronics,1,293.51,73.56,219.95,2026-09-27 10:00:00
ITEM000028968,ORD00012945,SKU00350,Fashion,1,460.2,187.57,272.63,2026-09-27 10:00:00
ITEM000028969,ORD00013518,SKU00391,Electronics,3,137.52,8.59,403.97,2026-09-27 10:00:00
ITEM000028970,ORD00013478,SKU00213,Fashion,1,93.93,189.72,-95.79,2026-09-27 10:00:00
ITEM000028971,ORD00012113,SKU00106,Fashion,1,482.78,171.66,311.12,2026-09-27 10:00:00
ITEM000028972,ORD00012629,SKU00247,Home,3,132.6,7.37,390.43,2026-09-27 10:00:00
ITEM000028973,ORD00012220,SKU00480,Home,1,433.61,167.28,266.33,2026-09-27 10:00:00
ITEM000028974,ORD00014508,SKU00087,Electronics,2,535.91,155.75,916.07,2026-09-27 10:00:00
ITEM000028975,ORD00014495,SKU00391,Beauty,1,348.54,116.49,232.05,2026-09-27 10:00:00
ITEM000028976,ORD00012097,SKU00472,Fashion,2,89.94,9.08,170.8,2026-09-27 10:00:00
ITEM000028977,ORD00012264,SKU00129,Electronics,2,89.21,195.65,-17.23,2026-09-27 10:00:00
ITEM000028978,ORD00014462,SKU00221,Sports,1,598.03,55.04,542.99,2026-09-27 10:00:00
ITEM000028979,ORD00012375,SKU00148,Home,3,825.77,102.27,2375.04,2026-09-27 10:00:00
ITEM000028980,ORD00014052,SKU00198,Grocery,3,161.22,5.87,477.79,2026-09-27 10:00:00
ITEM000028981,ORD00012433,SKU00445,Electronics,2,776.32,129.25,1423.39,2026-09-27 10:00:00
ITEM000028982,ORD00013167,SKU00203,Beauty,2,257.69,187.29,328.09,2026-09-27 10:00:00
ITEM000028983,ORD00013864,SKU00388,Grocery,3,108.84,41.3,285.22,2026-09-27 10:00:00
ITEM000028984,ORD00014613,SKU00100,Books,2,85.36,111.19,59.53,2026-09-27 10:00:00
ITEM000028985,ORD00012665,SKU00304,Books,3,481.19,122.76,1320.81,2026-09-27 10:00:00
ITEM000028986,ORD00014552,SKU00193,Electronics,1,199.54,73.49,126.05,2026-09-27 10:00:00
ITEM000028987,ORD00013922,SKU00315,Fashion,3,179.66,5.77,533.21,2026-09-27 10:00:00
ITEM000028988,ORD00012907,SKU00479,Grocery,1,1453.22,116.27,1336.95,2026-09-27 10:00:00
ITEM000028989,ORD00014789,SKU00479,Electronics,2,99.4,144.12,54.68,2026-09-27 10:00:00
ITEM000028990,ORD00014969,SKU00178,Sports,1,927.32,33.93,893.39,2026-09-27 10:00:00
ITEM000028991,ORD00014662,SKU00358,Grocery,3,1035.42,27.5,3078.76,2026-09-27 10:00:00
ITEM000028992,ORD00012387,SKU00147,Electronics,2,239.06,29.48,448.64,2026-09-27 10:00:00
ITEM000028993,ORD00013261,SKU00483,Electronics,3,1042.27,174.23,2952.58,2026-09-27 10:00:00
ITEM000028994,ORD00012678,SKU00031,Fashion,2,687.66,110.67,1264.65,2026-09-27 10:00:00
ITEM000028995,ORD00012447,SKU00469,Fashion,3,337.02,149.11,861.95,2026-09-27 10:00:00
ITEM000028996,ORD00013951,SKU00113,Books,1,80.62,167.37,-86.75,2026-09-27 10:00:00
ITEM000028997,ORD00012734,SKU00166,Home,1,705.14,18.36,686.78,2026-09-27 10:00:00
ITEM000028998,ORD00013377,SKU00405,Electronics,1,401.12,54.84,346.28,2026-09-27 10:00:00
ITEM000028999,ORD00012081,SKU00430,Electronics,2,110.04,24.02,196.06,2026-09-27 10:00:00
ITEM000029000,ORD00014768,SKU00206,Beauty,1,162.14,39.51,122.63,2026-09-27 10:00:00
ITEM000029001,ORD00012144,SKU00267,Sports,1,258.73,154.47,104.26,2026-09-27 10:00:00
ITEM000029002,ORD00014046,SKU00402,Fashion,1,218.22,178.41,39.81,2026-09-27 10:00:00
ITEM000029003,ORD00014627,SKU00303,Beauty,3,372.25,96.33,1020.42,2026-09-27 10:00:00
ITEM000029004,ORD00014380,SKU00301,Fashion,2,90.16,4.7,175.62,2026-09-27 10:00:00
ITEM000029005,ORD00014626,SKU00460,Grocery,1,387.57,122.79,264.78,2026-09-27 10:00:00
ITEM000029006,ORD00013977,SKU00029,Grocery,1,755.24,27.46,727.78,2026-09-27 10:00:00
ITEM000029007,ORD00013389,SKU00174,Fashion,1,363.12,192.04,171.08,2026-09-27 10:00:00
ITEM000029008,ORD00014246,SKU00362,Sports,2,749.88,193.25,1306.51,2026-09-27 10:00:00
ITEM000029009,ORD00014590,SKU00268,Grocery,2,191.22,152.8,229.64,2026-09-27 10:00:00
ITEM000029010,ORD00013922,SKU00435,Sports,1,131.21,13.91,117.3,2026-09-27 10:00:00
ITEM000029011,ORD00013862,SKU00118,Beauty,3,197.89,138.95,454.72,2026-09-27 10:00:00
ITEM000029012,ORD00014603,SKU00075,Books,2,223.59,47.37,399.81,2026-09-27 10:00:00
ITEM000029013,ORD00012006,SKU00049,Sports,2,82.07,112.56,51.58,2026-09-27 10:00:00
ITEM000029014,ORD00013098,SKU00096,Books,3,377.32,91.77,1040.19,2026-09-27 10:00:00
ITEM000029015,ORD00014351,SKU00496,Home,2,417.95,108.13,727.77,2026-09-27 10:00:00
ITEM000029016,ORD00013644,SKU00086,Beauty,2,209.84,162.4,257.28,2026-09-27 10:00:00
ITEM000029017,ORD00013164,SKU00479,Electronics,1,521.52,144.53,376.99,2026-09-27 10:00:00
ITEM000029018,ORD00012351,SKU00123,Beauty,3,329.67,18.68,970.33,2026-09-27 10:00:00
ITEM000029019,ORD00014324,SKU00023,Home,3,225.47,55.95,620.46,2026-09-27 10:00:00
ITEM000029020,ORD00013291,SKU00026,Sports,1,438.38,48.23,390.15,2026-09-27 10:00:00
ITEM000029021,ORD00014097,SKU00083,Beauty,1,519.05,159.58,359.47,2026-09-27 10:00:00
ITEM000029022,ORD00012254,SKU00450,Home,2,736.38,186.34,1286.42,2026-09-27 10:00:00
ITEM000029023,ORD00012913,SKU00233,Grocery,2,540.28,128.6,951.96,2026-09-27 10:00:00
ITEM000029024,ORD00013748,SKU00083,Electronics,2,957.76,76.53,1838.99,2026-09-27 10:00:00
ITEM000029025,ORD00013623,SKU00111,Home,3,438.57,187.87,1127.84,2026-09-27 10:00:00
ITEM000029026,ORD00014991,SKU00457,Sports,1,2313.09,16.05,2297.04,2026-09-27 10:00:00
ITEM000029027,ORD00013283,SKU00369,Beauty,2,181.88,148.27,215.49,2026-09-27 10:00:00
ITEM000029028,ORD00012180,SKU00389,Sports,2,396.33,98.05,694.61,2026-09-27 10:00:00
ITEM000029029,ORD00013023,SKU00230,Fashion,2,235.34,166.08,304.6,2026-09-27 10:00:00
ITEM000029030,ORD00012712,SKU00026,Electronics,3,1398.73,175.94,4020.25,2026-09-27 10:00:00
ITEM000029031,ORD00014244,SKU00110,Electronics,3,246.92,176.78,563.98,2026-09-27 10:00:00
ITEM000029032,ORD00014555,SKU00048,Beauty,3,142.43,165.36,261.93,2026-09-27 10:00:00
ITEM000029033,ORD00014278,SKU00069,Sports,3,355.82,102.53,964.93,2026-09-27 10:00:00
ITEM000029034,ORD00013816,SKU00214,Grocery,1,688.08,85.38,602.7,2026-09-27 10:00:00
ITEM000029035,ORD00012793,SKU00028,Electronics,1,183.19,171.04,12.15,2026-09-27 10:00:00
ITEM000029036,ORD00012835,SKU00157,Books,3,197.18,16.36,575.18,2026-09-27 10:00:00
ITEM000029037,ORD00012061,SKU00376,Books,1,162.85,34.94,127.91,2026-09-27 10:00:00
ITEM000029038,ORD00013524,SKU00236,Home,3,947.38,42.67,2799.47,2026-09-27 10:00:00
ITEM000029039,ORD00012314,SKU00077,Books,2,766.79,146.16,1387.42,2026-09-27 10:00:00
ITEM000029040,ORD00013719,SKU00358,Grocery,2,157.18,1.24,313.12,2026-09-27 10:00:00
ITEM000029041,ORD00013046,SKU00264,Home,2,335.63,169.57,501.69,2026-09-27 10:00:00
ITEM000029042,ORD00012208,SKU00193,Fashion,1,357.25,194.36,162.89,2026-09-27 10:00:00
ITEM000029043,ORD00012557,SKU00271,Fashion,2,78.15,95.63,60.67,2026-09-27 10:00:00
ITEM000029044,ORD00012718,SKU00043,Sports,2,316.7,109.41,523.99,2026-09-27 10:00:00
ITEM000029045,ORD00012254,SKU00287,Sports,3,1287.96,87.2,3776.68,2026-09-27 10:00:00
ITEM000029046,ORD00013504,SKU00144,Electronics,3,462.08,1.49,1384.75,2026-09-27 10:00:00
ITEM000029047,ORD00014841,SKU00194,Grocery,1,95.12,113.41,-18.29,2026-09-27 10:00:00
ITEM000029048,ORD00014846,SKU00109,Books,3,163.9,190.08,301.62,2026-09-27 10:00:00
ITEM000029049,ORD00012269,SKU00272,Fashion,1,68.21,178.85,-110.64,2026-09-27 10:00:00
ITEM000029050,ORD00012962,SKU00199,Beauty,3,238.0,22.57,691.43,2026-09-27 10:00:00
ITEM000029051,ORD00014547,SKU00157,Beauty,1,310.34,68.38,241.96,2026-09-27 10:00:00
ITEM000029052,ORD00014491,SKU00260,Electronics,1,1843.74,47.51,1796.23,2026-09-27 10:00:00
ITEM000029053,ORD00014019,SKU00198,Fashion,2,540.68,134.47,946.89,2026-09-27 10:00:00
ITEM000029054,ORD00012763,SKU00180,Home,3,159.85,196.51,283.04,2026-09-27 10:00:00
ITEM000029055,ORD00012771,SKU00033,Books,3,149.19,104.88,342.69,2026-09-27 10:00:00
ITEM000029056,ORD00013218,SKU00018,Fashion,1,858.99,129.39,729.6,2026-09-27 10:00:00
ITEM000029057,ORD00013434,SKU00496,Books,1,433.48,103.97,329.51,2026-09-27 10:00:00
ITEM000029058,ORD00012567,SKU00140,Sports,2,305.1,160.59,449.61,2026-09-27 10:00:00
ITEM000029059,ORD00013211,SKU00135,Books,1,358.07,20.28,337.79,2026-09-27 10:00:00
ITEM000029060,ORD00012694,SKU00083,Sports,3,386.99,41.75,1119.22,2026-09-27 10:00:00
ITEM000029061,ORD00012286,SKU00459,Sports,3,416.49,44.14,1205.33,2026-09-27 10:00:00
ITEM000029062,ORD00014555,SKU00414,Grocery,3,153.79,199.39,261.98,2026-09-27 10:00:00
ITEM000029063,ORD00012806,SKU00151,Sports,1,1430.81,188.46,1242.35,2026-09-27 10:00:00
ITEM000029064,ORD00012799,SKU00156,Home,2,752.7,12.64,1492.76,2026-09-27 10:00:00
ITEM000029065,ORD00014133,SKU00432,Sports,3,343.06,61.4,967.78,2026-09-27 10:00:00
ITEM000029066,ORD00012584,SKU00281,Beauty,1,125.95,0.37,125.58,2026-09-27 10:00:00
ITEM000029067,ORD00014946,SKU00061,Beauty,3,125.86,77.2,300.38,2026-09-27 10:00:00
ITEM000029068,ORD00013694,SKU00399,Sports,3,618.25,114.93,1739.82,2026-09-27 10:00:00
ITEM000029069,ORD00012101,SKU00287,Electronics,1,1987.7,7.46,1980.24,2026-09-27 10:00:00
ITEM000029070,ORD00014371,SKU00315,Beauty,2,249.66,71.02,428.3,2026-09-27 10:00:00
ITEM000029071,ORD00014917,SKU00276,Sports,3,268.12,7.69,796.67,2026-09-27 10:00:00
ITEM000029072,ORD00014297,SKU00386,Sports,1,397.3,129.69,267.61,2026-09-27 10:00:00
ITEM000029073,ORD00012592,SKU00230,Electronics,2,164.34,58.88,269.8,2026-09-27 10:00:00
ITEM000029074,ORD00013446,SKU00481,Fashion,2,390.59,60.34,720.84,2026-09-27 10:00:00
ITEM000029075,ORD00012280,SKU00389,Beauty,3,591.31,109.28,1664.65,2026-09-27 10:00:00
ITEM000029076,ORD00013860,SKU00430,Sports,2,255.03,69.99,440.07,2026-09-27 10:00:00
ITEM000029077,ORD00013426,SKU00480,Sports,2,112.1,114.35,109.85,2026-09-27 10:00:00
ITEM000029078,ORD00014961,SKU00435,Electronics,1,444.97,171.69,273.28,2026-09-27 10:00:00
ITEM000029079,ORD00012426,SKU00012,Fashion,2,175.59,154.74,196.44,2026-09-27 10:00:00
ITEM000029080,ORD00013283,SKU00245,Books,3,269.77,7.65,801.66,2026-09-27 10:00:00
ITEM000029081,ORD00014792,SKU00493,Home,1,285.55,36.7,248.85,2026-09-27 10:00:00
ITEM000029082,ORD00013058,SKU00273,Electronics ,2,154.41,160.7,148.12,2026-09-27 10:00:00
ITEM000029083,ORD00014623,SKU00010,Beauty,2,320.19,101.55,538.83,2026-09-27 10:00:00
ITEM000029084,ORD00012670,SKU00248,Beauty,2,699.57,141.1,1258.04,2026-09-27 10:00:00
ITEM000029085,ORD00012607,SKU00287,Electronics,3,258.92,143.42,633.34,2026-09-27 10:00:00
ITEM000029086,ORD00012399,SKU00012,Books,1,322.11,50.81,271.3,2026-09-27 10:00:00
ITEM000029087,ORD00014557,SKU00184,Home,1,359.19,186.09,173.1,2026-09-27 10:00:00
ITEM000029088,ORD00014636,SKU00297,Grocery,3,392.58,123.82,1053.92,2026-09-27 10:00:00
ITEM000029089,ORD00014170,SKU00497,Electronics,2,191.88,187.4,196.36,2026-09-27 10:00:00
ITEM000029090,ORD00014237,SKU00437,Fashion,3,701.25,42.4,2061.35,2026-09-27 10:00:00
ITEM000029091,ORD00012740,SKU00133,Home,2,110.72,1.04,220.4,2026-09-27 10:00:00
ITEM000029092,ORD00012564,SKU00281,Beauty,2,497.84,124.2,871.48,2026-09-27 10:00:00
ITEM000029093,ORD00014033,SKU00454,Fashion,1,325.91,120.57,205.34,2026-09-27 10:00:00
ITEM000029094,ORD00013699,SKU00310,Home,3,636.07,143.56,1764.65,2026-09-27 10:00:00
ITEM000029095,ORD00013513,SKU00068,Beauty,3,310.16,19.47,911.01,2026-09-27 10:00:00
ITEM000029096,ORD00014167,SKU00351,Home,3,318.39,80.03,875.14,2026-09-27 10:00:00
ITEM000029097,ORD00014400,SKU00320,Sports,1,399.65,125.43,274.22,2026-09-27 10:00:00
ITEM000029098,ORD00014014,SKU00131,Home,3,841.45,57.01,2467.34,2026-09-27 10:00:00
ITEM000029099,ORD00012002,SKU00062,Grocery,3,335.09,189.13,816.14,2026-09-27 10:00:00
ITEM000029100,ORD00014166,SKU00300,Home,2,139.76,192.6,86.92,2026-09-27 10:00:00
ITEM000029101,ORD00014370,SKU00082,Sports,2,350.59,21.7,679.48,2026-09-27 10:00:00
ITEM000029102,ORD00014607,SKU00293,Home,2,130.77,45.61,215.93,2026-09-27 10:00:00
ITEM000029103,ORD00013381,SKU00083,Fashion,3,257.18,46.36,725.18,2026-09-27 10:00:00
ITEM000029104,ORD00013968,SKU00023,Beauty,2,137.44,6.25,268.63,2026-09-27 10:00:00
ITEM000029105,ORD00012021,SKU00194,Home,3,437.11,124.42,1186.91,2026-09-27 10:00:00
ITEM000029106,ORD00013648,SKU00324,Books,2,307.2,2.03,612.37,2026-09-27 10:00:00
ITEM000029107,ORD00014618,SKU00078,Home,1,168.67,52.02,116.65,2026-09-27 10:00:00
ITEM000029108,ORD00014103,SKU00373,Sports,2,275.23,162.12,388.34,2026-09-27 10:00:00
ITEM000029109,ORD00013066,SKU00475,Sports,1,443.18,145.11,298.07,2026-09-27 10:00:00
ITEM000029110,ORD00014738,SKU00047,Books,2,224.97,65.9,384.04,2026-09-27 10:00:00
ITEM000029111,ORD00014762,SKU00439,Grocery,2,541.08,49.88,1032.28,2026-09-27 10:00:00
ITEM000029112,ORD00012258,SKU00073,Grocery,2,470.07,27.18,912.96,2026-09-27 10:00:00
ITEM000029113,ORD00012971,SKU00126,Electronics,1,426.93,51.75,375.18,2026-09-27 10:00:00
ITEM000029114,ORD00014962,SKU00445,Fashion,3,546.79,188.98,1451.39,2026-09-27 10:00:00
ITEM000029115,ORD00014286,SKU00019,Grocery,3,767.1,173.67,2127.63,2026-09-27 10:00:00
ITEM000029116,ORD00012342,SKU00147,Electronics,3,289.85,17.91,851.64,2026-09-27 10:00:00
ITEM000029117,ORD00014844,SKU00257,Home,3,366.78,197.9,902.44,2026-09-27 10:00:00
ITEM000029118,ORD00014015,SKU00347,Beauty,3,185.31,82.87,473.06,2026-09-27 10:00:00
ITEM000029119,ORD00014643,SKU00154,Home,1,393.69,25.85,367.84,2026-09-27 10:00:00
ITEM000029120,ORD00012936,SKU00367,Fashion,3,673.47,56.85,1963.56,2026-09-27 10:00:00
ITEM000029121,ORD00014880,SKU00295,Grocery,3,340.35,111.31,909.74,2026-09-27 10:00:00
ITEM000029122,ORD00012744,SKU00181,Home,2,127.55,189.58,65.52,2026-09-27 10:00:00
ITEM000029123,ORD00013714,SKU00327,Home,3,299.96,83.72,816.16,2026-09-27 10:00:00
ITEM000029124,ORD00012919,SKU00122,Beauty,1,593.86,150.8,443.06,2026-09-27 10:00:00
ITEM000029125,ORD00012854,SKU00423,Home,2,503.75,138.46,869.04,2026-09-27 10:00:00
ITEM000029126,ORD00012832,SKU00128,Fashion,1,264.96,165.74,99.22,2026-09-27 10:00:00
ITEM000029127,ORD00012269,SKU00205,Sports,3,79.01,25.84,211.19,2026-09-27 10:00:00
ITEM000029128,ORD00012282,SKU00244,Grocery,2,540.48,120.42,960.54,2026-09-27 10:00:00
ITEM000029129,ORD00012496,SKU00390,Books,3,156.97,164.75,306.16,2026-09-27 10:00:00
ITEM000029130,ORD00012445,SKU00063,Books,2,543.67,16.64,1070.7,2026-09-27 10:00:00
ITEM000029131,ORD00014970,SKU00177,Sports,1,173.12,144.08,29.04,2026-09-27 10:00:00
ITEM000029132,ORD00012332,SKU00357,Home,2,882.13,70.11,1694.15,2026-09-27 10:00:00
ITEM000029133,ORD00013195,SKU00194,Books,3,312.47,147.91,789.5,2026-09-27 10:00:00
ITEM000029134,ORD00012779,SKU00446,Electronics,2,394.93,76.98,712.88,2026-09-27 10:00:00
ITEM000029135,ORD00014467,SKU00019,Fashion,3,999.41,22.74,2975.49,2026-09-27 10:00:00
ITEM000029136,ORD00013727,SKU00205,Sports,2,244.8,91.04,398.56,2026-09-27 10:00:00
ITEM000029137,ORD00014676,SKU00318,Books,2,311.56,33.26,589.86,2026-09-27 10:00:00
ITEM000029138,ORD00012079,SKU00177,Fashion,2,227.63,59.11,396.15,2026-09-27 10:00:00
ITEM000029139,ORD00012290,SKU00483,Books,1,560.42,85.63,474.79,2026-09-27 10:00:00
ITEM000029140,ORD00014778,SKU00268,Grocery,3,294.19,30.31,852.26,2026-09-27 10:00:00
ITEM000029141,ORD00012328,SKU00250,Beauty,2,305.6,68.38,542.82,2026-09-27 10:00:00
ITEM000029142,ORD00014697,SKU00158,Books,3,306.6,139.4,780.4,2026-09-27 10:00:00
ITEM000029143,ORD00014378,SKU00047,Books,3,284.58,188.55,665.19,2026-09-27 10:00:00
ITEM000029144,ORD00014367,SKU00449,Fashion,1,624.65,34.18,590.47,2026-09-27 10:00:00
ITEM000029145,ORD00014016,SKU00269,Fashion,1,708.18,26.78,681.4,2026-09-27 10:00:00
ITEM000029146,ORD00012810,SKU00268,Grocery,2,227.44,157.68,297.2,2026-09-27 10:00:00
ITEM000029147,ORD00012920,SKU00150,Electronics,3,239.74,92.8,626.42,2026-09-27 10:00:00
ITEM000029148,ORD00013223,SKU00103,Fashion,1,84.74,35.32,49.42,2026-09-27 10:00:00
ITEM000029149,ORD00013344,SKU00449,Home,2,336.6,53.74,619.46,2026-09-27 10:00:00
ITEM000029150,ORD00012801,SKU00308,Home,3,391.52,65.62,1108.94,2026-09-27 10:00:00
ITEM000029151,ORD00014315,SKU00021,Fashion,3,153.82,113.71,347.75,2026-09-27 10:00:00
ITEM000029152,ORD00012340,SKU00361,Electronics,2,292.48,186.49,398.47,2026-09-27 10:00:00
ITEM000029153,ORD00012356,SKU00384,Grocery,2,858.09,122.63,1593.55,2026-09-27 10:00:00
ITEM000029154,ORD00014407,SKU00281,Books,1,819.86,188.79,631.07,2026-09-27 10:00:00
ITEM000029155,ORD00013526,SKU00059,Electronics,3,352.72,169.3,888.86,2026-09-27 10:00:00
ITEM000029156,ORD00012358,SKU00433,Grocery,3,549.37,8.73,1639.38,2026-09-27 10:00:00
ITEM000029157,ORD00014143,SKU00081,Home,2,116.93,66.43,167.43,2026-09-27 10:00:00
ITEM000029158,ORD00014795,SKU00264,Sports,1,664.23,188.34,475.89,2026-09-27 10:00:00
ITEM000029159,ORD00012867,SKU00441,Books,3,450.51,192.17,1159.36,2026-09-27 10:00:00
ITEM000029160,ORD00012648,SKU00159,Beauty,2,288.93,100.57,477.29,2026-09-27 10:00:00
ITEM000029161,ORD00012170,SKU00336,Grocery,3,1314.23,119.13,3823.56,2026-09-27 10:00:00
ITEM000029162,ORD00014681,SKU00193,Books,3,608.73,199.24,1626.95,2026-09-27 10:00:00
ITEM000029163,ORD00014519,SKU00271,Electronics,1,279.66,28.46,251.2,2026-09-27 10:00:00
ITEM000029164,ORD00014700,SKU00073,Beauty,1,485.44,97.07,388.37,2026-09-27 10:00:00
ITEM000029165,ORD00014601,SKU00173,Sports,2,605.66,192.18,1019.14,2026-09-27 10:00:00
ITEM000029166,ORD00013206,SKU00426,Beauty,3,224.43,163.15,510.14,2026-09-27 10:00:00
ITEM000029167,ORD00013416,SKU00259,Grocery,2,409.87,183.29,636.45,2026-09-27 10:00:00
ITEM000029168,ORD00013900,SKU00268,Electronics,1,498.97,30.15,468.82,2026-09-27 10:00:00
ITEM000029169,ORD00014126,SKU00135,Grocery,2,129.58,37.2,221.96,2026-09-27 10:00:00
ITEM000029170,ORD00013040,SKU00111,Home,3,541.98,97.85,1528.09,2026-09-27 10:00:00
ITEM000029171,ORD00014147,SKU00420,Home,2,154.16,88.81,219.51,2026-09-27 10:00:00
ITEM000029172,ORD00013260,SKU00103,Beauty,1,300.9,195.03,105.87,2026-09-27 10:00:00
ITEM000029173,ORD00014434,SKU00097,Fashion,1,394.13,118.37,275.76,2026-09-27 10:00:00
ITEM000029174,ORD00012209,SKU00489,Grocery,3,641.48,22.7,1901.74,2026-09-27 10:00:00
ITEM000029175,ORD00013244,SKU00346,Fashion,1,638.35,182.13,456.22,2026-09-27 10:00:00
ITEM000029176,ORD00013426,SKU00494,Books,1,380.22,10.66,369.56,2026-09-27 10:00:00
ITEM000029177,ORD00013615,SKU00220,Fashion,1,420.25,93.49,326.76,2026-09-27 10:00:00
ITEM000029178,ORD00013763,SKU00280,Fashion,1,78.48,7.48,71.0,2026-09-27 10:00:00
ITEM000029179,ORD00014190,SKU00352,Home,3,67.18,129.76,71.78,2026-09-27 10:00:00
ITEM000029180,ORD00013274,SKU00240,Electronics,3,864.69,166.38,2427.69,2026-09-27 10:00:00
ITEM000029181,ORD00014649,SKU00125,Electronics,1,81.37,171.1,-89.73,2026-09-27 10:00:00
ITEM000029182,ORD00012108,SKU00183,Sports,1,163.18,27.25,135.93,2026-09-27 10:00:00
ITEM000029183,ORD00013994,SKU00400,Beauty,3,1489.38,85.48,4382.66,2026-09-27 10:00:00
ITEM000029184,ORD00013040,SKU00190,Books,3,242.26,62.04,664.74,2026-09-27 10:00:00
ITEM000029185,ORD00012619,SKU00453,Fashion,1,85.79,97.03,-11.24,2026-09-27 10:00:00
ITEM000029186,ORD00014228,SKU00225,Electronics,1,976.96,193.78,783.18,2026-09-27 10:00:00
ITEM000029187,ORD00014139,SKU00019,Grocery,1,306.73,67.59,239.14,2026-09-27 10:00:00
ITEM000029188,ORD00014719,SKU00047,Fashion,2,254.37,24.13,484.61,2026-09-27 10:00:00
ITEM000029189,ORD00013112,SKU00239,Home,2,681.96,22.32,1341.6,2026-09-27 10:00:00
ITEM000029190,ORD00013057,SKU00305,Books,2,1371.69,1.19,2742.19,2026-09-27 10:00:00
ITEM000029191,ORD00014101,SKU00089,Beauty,1,777.25,117.05,660.2,2026-09-27 10:00:00
ITEM000029192,ORD00013949,SKU00057,Electronics,3,137.83,115.93,297.56,2026-09-27 10:00:00
ITEM000029193,ORD00012347,SKU00312,Home,3,333.53,0.32,1000.27,2026-09-27 10:00:00
ITEM000029194,ORD00012072,SKU00064,Home,1,180.24,190.77,-10.53,2026-09-27 10:00:00
ITEM000029195,ORD00013027,SKU00298,Home,3,229.91,114.92,574.81,2026-09-27 10:00:00
ITEM000029196,ORD00013105,SKU00364,Fashion,1,777.07,150.0,627.07,2026-09-27 10:00:00
ITEM000029197,ORD00014242,SKU00270,Fashion,1,152.7,155.78,-3.08,2026-09-27 10:00:00
ITEM000029198,ORD00012299,SKU00322,Fashion,3,395.13,188.41,996.98,2026-09-27 10:00:00
ITEM000029199,ORD00013197,SKU00404,Grocery,2,488.42,171.48,805.36,2026-09-27 10:00:00
ITEM000029200,ORD00014049,SKU00462,Grocery,1,342.75,10.13,332.62,2026-09-27 10:00:00
ITEM000029201,ORD00014376,SKU00195,Electronics,1,310.04,194.64,115.4,2026-09-27 10:00:00
ITEM000029202,ORD00013060,SKU00300,Books,2,143.72,18.53,268.91,2026-09-27 10:00:00
ITEM000029203,ORD00012914,SKU00084,Home,1,317.39,57.42,259.97,2026-09-27 10:00:00
ITEM000029204,ORD00013599,SKU00287,Grocery,1,1742.94,16.79,1726.15,2026-09-27 10:00:00
ITEM000029205,ORD00014090,SKU00335,Grocery,1,1236.3,16.47,1219.83,2026-09-27 10:00:00
ITEM000029206,ORD00014153,SKU00234,Home,1,326.35,175.21,151.14,2026-09-27 10:00:00
ITEM000029207,ORD00012310,SKU00339,Fashion,3,273.2,46.23,773.37,2026-09-27 10:00:00
ITEM000029208,ORD00012006,SKU00241,Home,2,584.98,28.13,1141.83,2026-09-27 10:00:00
ITEM000029209,ORD00014670,SKU00246,Grocery,3,255.23,135.57,630.12,2026-09-27 10:00:00
ITEM000029210,ORD00012661,SKU00430,Sports,1,386.69,167.74,218.95,2026-09-27 10:00:00
ITEM000029211,ORD00013541,SKU00106,Grocery,2,120.49,188.37,52.61,2026-09-27 10:00:00
ITEM000029212,ORD00013245,SKU00383,Fashion,2,604.43,87.57,1121.29,2026-09-27 10:00:00
ITEM000029213,ORD00014145,SKU00235,Sports,2,263.17,172.87,353.47,2026-09-27 10:00:00
ITEM000029214,ORD00014940,SKU00087,Beauty,3,303.3,15.01,894.89,2026-09-27 10:00:00
ITEM000029215,ORD00013425,SKU00368,Fashion,1,574.5,89.68,484.82,2026-09-27 10:00:00
ITEM000029216,ORD00012837,SKU00149,Books,1,165.62,42.88,122.74,2026-09-27 10:00:00
ITEM000029217,ORD00012252,SKU00008,Fashion,2,301.21,192.14,410.28,2026-09-27 10:00:00
ITEM000029218,ORD00012618,SKU00189,Home,1,81.82,41.43,40.39,2026-09-27 10:00:00
ITEM000029219,ORD00013846,SKU00451,Beauty,3,290.41,177.49,693.74,2026-09-27 10:00:00
ITEM000029220,ORD00014790,SKU00003,Fashion,3,196.78,92.78,497.56,2026-09-27 10:00:00
ITEM000029221,ORD00012138,SKU00296,Fashion,3,219.78,61.63,597.71,2026-09-27 10:00:00
ITEM000029222,ORD00014915,SKU00083,Fashion,2,370.3,25.64,714.96,2026-09-27 10:00:00
ITEM000029223,ORD00012905,SKU00405,Grocery,1,80.06,104.82,-24.76,2026-09-27 10:00:00
ITEM000029224,ORD00013415,SKU00296,Fashion,1,732.46,69.2,663.26,2026-09-27 10:00:00
ITEM000029225,ORD00012672,SKU00466,Fashion,3,399.75,183.31,1015.94,2026-09-27 10:00:00
ITEM000029226,ORD00012809,SKU00311,Electronics,1,136.05,151.95,-15.9,2026-09-27 10:00:00
ITEM000029227,ORD00012645,SKU00146,Fashion,3,475.04,169.74,1255.38,2026-09-27 10:00:00
ITEM000029228,ORD00012517,SKU00206,Electronics,3,287.9,25.37,838.33,2026-09-27 10:00:00
ITEM000029229,ORD00012863,SKU00080,Sports,1,181.06,28.87,152.19,2026-09-27 10:00:00
ITEM000029230,ORD00013827,SKU00404,Grocery,3,460.51,125.21,1256.32,2026-09-27 10:00:00
ITEM000029231,ORD00013293,SKU00110,Beauty,1,205.25,161.88,43.37,2026-09-27 10:00:00
ITEM000029232,ORD00013399,SKU00343,Home,2,224.54,185.41,263.67,2026-09-27 10:00:00
ITEM000029233,ORD00013103,SKU00292,Electronics,3,580.27,136.27,1604.54,2026-09-27 10:00:00
ITEM000029234,ORD00012620,SKU00118,Beauty,3,732.37,150.67,2046.44,2026-09-27 10:00:00
ITEM000029235,ORD00012875,SKU00084,Home,1,559.53,20.16,539.37,2026-09-27 10:00:00
ITEM000029236,ORD00012455,SKU00423,Grocery,3,128.12,66.9,317.46,2026-09-27 10:00:00
ITEM000029237,ORD00013851,SKU00085,Books,2,548.43,109.85,987.01,2026-09-27 10:00:00
ITEM000029238,ORD00014913,SKU00102,Electronics,3,421.23,96.8,1166.89,2026-09-27 10:00:00
ITEM000029239,ORD00014960,SKU00024,Beauty,1,234.65,135.51,99.14,2026-09-27 10:00:00
ITEM000029240,ORD00012892,SKU00134,Grocery,2,339.3,187.78,490.82,2026-09-27 10:00:00
ITEM000029241,ORD00012021,SKU00452,Fashion,1,1218.18,61.59,1156.59,2026-09-27 10:00:00
ITEM000029242,ORD00014334,SKU00224,Home,3,234.9,139.91,564.79,2026-09-27 10:00:00
ITEM000029243,ORD00012324,SKU00188,Books,3,177.46,145.99,386.39,2026-09-27 10:00:00
ITEM000029244,ORD00014545,SKU00038,Grocery,1,227.49,116.0,111.49,2026-09-27 10:00:00
ITEM000029245,ORD00013468,SKU00311,Books,3,938.78,8.95,2807.39,2026-09-27 10:00:00
ITEM000029246,ORD00013686,SKU00425,Electronics,3,104.63,175.5,138.39,2026-09-27 10:00:00
ITEM000029247,ORD00013667,SKU00214,Sports,2,651.04,89.77,1212.31,2026-09-27 10:00:00
ITEM000029248,ORD00013072,SKU00230,Electronics,2,401.59,163.64,639.54,2026-09-27 10:00:00
ITEM000029249,ORD00012648,SKU00492,Grocery,2,265.59,96.49,434.69,2026-09-27 10:00:00
ITEM000029250,ORD00014853,SKU00500,Fashion,3,208.56,187.42,438.26,2026-09-27 10:00:00
ITEM000029251,ORD00013711,SKU00369,Fashion,1,547.48,186.32,361.16,2026-09-27 10:00:00
ITEM000029252,ORD00014969,SKU00370,Sports,3,198.44,103.91,491.41,2026-09-27 10:00:00
ITEM000029253,ORD00012543,SKU00285,Electronics,1,213.6,90.0,123.6,2026-09-27 10:00:00
ITEM000029254,ORD00014361,SKU00204,Sports,3,243.45,188.74,541.61,2026-09-27 10:00:00
ITEM000029255,ORD00014894,SKU00180,Grocery,1,133.58,76.0,57.58,2026-09-27 10:00:00
ITEM000029256,ORD00013815,SKU00307,Beauty,3,363.1,175.7,913.6,2026-09-27 10:00:00
ITEM000029257,ORD00012214,SKU00243,Sports,2,846.34,68.07,1624.61,2026-09-27 10:00:00
ITEM000029258,ORD00014092,SKU00298,Beauty,3,113.96,186.77,155.11,2026-09-27 10:00:00
ITEM000029259,ORD00013399,SKU00205,Home,2,334.99,30.19,639.79,2026-09-27 10:00:00
ITEM000029260,ORD00014680,SKU00490,Beauty,2,253.55,85.96,421.14,2026-09-27 10:00:00
ITEM000029261,ORD00014165,SKU00186,Sports,3,177.99,14.65,519.32,2026-09-27 10:00:00
ITEM000029262,ORD00012109,SKU00141,Books,1,485.85,4.77,481.08,2026-09-27 10:00:00
ITEM000029263,ORD00014850,SKU00134,Beauty,2,253.83,81.07,426.59,2026-09-27 10:00:00
ITEM000029264,ORD00014046,SKU00195,Fashion,2,94.51,50.5,138.52,2026-09-27 10:00:00
ITEM000029265,ORD00012545,SKU00010,Sports,3,1025.63,103.75,2973.14,2026-09-27 10:00:00
ITEM000029266,ORD00014299,SKU00458,Fashion,2,110.01,32.86,187.16,2026-09-27 10:00:00
ITEM000029267,ORD00014620,SKU00380,Home,2,124.19,88.8,159.58,2026-09-27 10:00:00
ITEM000029268,ORD00014260,SKU00272,Fashion,1,258.34,32.97,225.37,2026-09-27 10:00:00
ITEM000029269,ORD00014144,SKU00014,Grocery,2,284.17,130.07,438.27,2026-09-27 10:00:00
ITEM000029270,ORD00014046,SKU00436,Books,1,413.31,12.89,400.42,2026-09-27 10:00:00
ITEM000029271,ORD00012428,SKU00058,Sports,1,343.68,77.8,265.88,2026-09-27 10:00:00
ITEM000029272,ORD00014370,SKU00498,Electronics,1,648.29,44.51,603.78,2026-09-27 10:00:00
ITEM000029273,ORD00012039,SKU00347,Grocery,2,469.83,174.35,765.31,2026-09-27 10:00:00
ITEM000029274,ORD00013744,SKU00396,Home,2,287.73,52.95,522.51,2026-09-27 10:00:00
ITEM000029275,ORD00012685,SKU00200,Electronics,1,121.49,154.58,-33.09,2026-09-27 10:00:00
ITEM000029276,ORD00014425,SKU00069,Beauty,3,607.24,130.78,1690.94,2026-09-27 10:00:00
ITEM000029277,ORD00013357,SKU00092,Books,1,443.05,91.63,351.42,2026-09-27 10:00:00
ITEM000029278,ORD00013759,SKU00003,Electronics,3,116.71,130.88,219.25,2026-09-27 10:00:00
ITEM000029279,ORD00013997,SKU00471,Home,3,124.77,60.34,313.97,2026-09-27 10:00:00
ITEM000029280,ORD00012188,SKU00466,Beauty,3,163.83,64.36,427.13,2026-09-27 10:00:00
ITEM000029281,ORD00013050,SKU00478,Grocery,2,423.09,32.29,813.89,2026-09-27 10:00:00
ITEM000029282,ORD00013824,SKU00157,Electronics,1,973.67,186.6,787.07,2026-09-27 10:00:00
ITEM000029283,ORD00013624,SKU00356,Books,1,335.66,56.46,279.2,2026-09-27 10:00:00
ITEM000029284,ORD00012991,SKU00339,Grocery,3,46.15,142.63,-4.18,2026-09-27 10:00:00
ITEM000029285,ORD00014510,SKU00228,Books,2,108.68,26.09,191.27,2026-09-27 10:00:00
ITEM000029286,ORD00013322,SKU00158,Fashion,3,219.08,36.5,620.74,2026-09-27 10:00:00
ITEM000029287,ORD00012065,SKU00352,Electronics,3,148.41,26.74,418.49,2026-09-27 10:00:00
ITEM000029288,ORD00013051,SKU00409,Books,1,1071.25,189.29,881.96,2026-09-27 10:00:00
ITEM000029289,ORD00013627,SKU00353,Grocery,3,100.66,86.17,215.81,2026-09-27 10:00:00
ITEM000029290,ORD00014400,SKU00168,Grocery,1,570.13,135.63,434.5,2026-09-27 10:00:00
ITEM000029291,ORD00014876,SKU00079,Sports,3,342.14,63.63,962.79,2026-09-27 10:00:00
ITEM000029292,ORD00013017,SKU00096,Grocery,3,213.02,112.85,526.21,2026-09-27 10:00:00
ITEM000029293,ORD00014928,SKU00249,Sports,1,581.27,153.59,427.68,2026-09-27 10:00:00
ITEM000029294,ORD00012700,SKU00366,Home,2,401.46,187.97,614.95,2026-09-27 10:00:00
ITEM000029295,ORD00014155,SKU00309,Home,1,107.74,66.9,40.84,2026-09-27 10:00:00
ITEM000029296,ORD00012399,SKU00226,Books,2,203.71,87.12,320.3,2026-09-27 10:00:00
ITEM000029297,ORD00012838,SKU00314,Beauty,3,403.54,95.64,1114.98,2026-09-27 10:00:00
ITEM000029298,ORD00013701,SKU00047,Sports,1,411.93,72.36,339.57,2026-09-27 10:00:00
ITEM000029299,ORD00014555,SKU00241,Fashion,1,456.79,126.66,330.13,2026-09-27 10:00:00
ITEM000029300,ORD00012696,SKU00137,Fashion,3,478.39,43.4,1391.77,2026-09-27 10:00:00
ITEM000029301,ORD00013008,SKU00488,Beauty,1,237.44,24.93,212.51,2026-09-27 10:00:00
ITEM000029302,ORD00014604,SKU00119,Books,1,591.92,98.73,493.19,2026-09-27 10:00:00
ITEM000029303,ORD00014645,SKU00311,Home,2,173.99,196.46,151.52,2026-09-27 10:00:00
ITEM000029304,ORD00013593,SKU00466,Grocery,3,339.93,140.89,878.9,2026-09-27 10:00:00
ITEM000029305,ORD00014410,SKU00412,Sports,1,66.47,189.76,-123.29,2026-09-27 10:00:00
ITEM000029306,ORD00012892,SKU00377,Sports,1,300.1,141.72,158.38,2026-09-27 10:00:00
ITEM000029307,ORD00013172,SKU00280,Fashion,1,179.42,86.8,92.62,2026-09-27 10:00:00
ITEM000029308,ORD00014365,SKU00307,Electronics,3,628.69,150.36,1735.71,2026-09-27 10:00:00
ITEM000029309,ORD00014829,SKU00249,Grocery,1,434.85,66.45,368.4,2026-09-27 10:00:00
ITEM000029310,ORD00013059,SKU00363,Beauty,3,426.96,118.58,1162.3,2026-09-27 10:00:00
ITEM000029311,ORD00014666,SKU00484,Fashion,2,263.27,97.72,428.82,2026-09-27 10:00:00
ITEM000029312,ORD00012957,SKU00309,Books,3,267.33,93.43,708.56,2026-09-27 10:00:00
ITEM000029313,ORD00013689,SKU00123,Grocery,3,560.26,146.86,1533.92,2026-09-27 10:00:00
ITEM000029314,ORD00014495,SKU00316,Grocery,2,559.89,125.43,994.35,2026-09-27 10:00:00
ITEM000029315,ORD00012211,SKU00424,Grocery,2,289.36,112.88,465.84,2026-09-27 10:00:00
ITEM000029316,ORD00014862,SKU00419,Electronics,1,841.4,50.62,790.78,2026-09-27 10:00:00
ITEM000029317,ORD00013522,SKU00475,Books,1,775.34,25.7,749.64,2026-09-27 10:00:00
ITEM000029318,ORD00014804,SKU00472,Sports,3,62.2,41.83,144.77,2026-09-27 10:00:00
ITEM000029319,ORD00012445,SKU00054,Grocery,1,572.91,112.94,459.97,2026-09-27 10:00:00
ITEM000029320,ORD00013626,SKU00417,Beauty,2,327.58,157.18,497.98,2026-09-27 10:00:00
ITEM000029321,ORD00013923,SKU00280,Beauty,3,112.93,0.38,338.41,2026-09-27 10:00:00
ITEM000029322,ORD00013754,SKU00359,Sports,2,372.96,177.72,568.2,2026-09-27 10:00:00
ITEM000029323,ORD00012423,SKU00347,Beauty,3,355.73,114.81,952.38,2026-09-27 10:00:00
ITEM000029324,ORD00013409,SKU00353,Home,1,150.73,78.72,72.01,2026-09-27 10:00:00
ITEM000029325,ORD00013120,SKU00258,Sports,3,324.28,56.26,916.58,2026-09-27 10:00:00
ITEM000029326,ORD00013729,SKU00107,Grocery,2,81.55,110.87,52.23,2026-09-27 10:00:00
ITEM000029327,ORD00013155,SKU00349,Grocery,2,360.89,44.43,677.35,2026-09-27 10:00:00
ITEM000029328,ORD00014790,SKU00339,Sports,2,1173.4,6.01,2340.79,2026-09-27 10:00:00
ITEM000029329,ORD00014068,SKU00231,Home,3,426.58,60.07,1219.67,2026-09-27 10:00:00
ITEM000029330,ORD00013838,SKU00285,Grocery,3,827.96,61.22,2422.66,2026-09-27 10:00:00
ITEM000029331,ORD00013370,SKU00177,Electronics,2,549.16,112.03,986.29,2026-09-27 10:00:00
ITEM000029332,ORD00012882,SKU00217,Books,1,165.53,121.7,43.83,2026-09-27 10:00:00
ITEM000029333,ORD00014348,SKU00399,Home,3,319.01,26.38,930.65,2026-09-27 10:00:00
ITEM000029334,ORD00013970,SKU00213,Beauty,1,255.65,65.05,190.6,2026-09-27 10:00:00
ITEM000029335,ORD00013096,SKU00383,Sports,3,516.93,167.28,1383.51,2026-09-27 10:00:00
ITEM000029336,ORD00013777,SKU00132,Fashion,3,222.1,22.18,644.12,2026-09-27 10:00:00
ITEM000029337,ORD00013046,SKU00135,Books,2,221.46,133.8,309.12,2026-09-27 10:00:00
ITEM000029338,ORD00013480,SKU00174,Grocery,1,651.62,186.32,465.3,2026-09-27 10:00:00
ITEM000029339,ORD00013724,SKU00329,Fashion,1,105.49,62.27,43.22,2026-09-27 10:00:00
ITEM000029340,ORD00013609,SKU00364,Fashion,2,324.17,199.84,448.5,2026-09-27 10:00:00
ITEM000029341,ORD00014017,SKU00078,Home,1,721.55,98.77,622.78,2026-09-27 10:00:00
ITEM000029342,ORD00014384,SKU00493,Grocery,1,411.82,35.11,376.71,2026-09-27 10:00:00
ITEM000029343,ORD00012072,SKU00352,Fashion,3,160.66,56.87,425.11,2026-09-27 10:00:00
ITEM000029344,ORD00012244,SKU00377,Home,3,190.61,147.04,424.79,2026-09-27 10:00:00
ITEM000029345,ORD00013275,SKU00488,Electronics,3,869.85,106.49,2503.06,2026-09-27 10:00:00
ITEM000029346,ORD00013460,SKU00036,Electronics,2,33.97,82.74,-14.8,2026-09-27 10:00:00
ITEM000029347,ORD00013909,SKU00475,Books,1,880.19,5.26,874.93,2026-09-27 10:00:00
ITEM000029348,ORD00014242,SKU00408,Sports,1,103.85,61.76,42.09,2026-09-27 10:00:00
ITEM000029349,ORD00014238,SKU00127,Sports,3,282.06,45.16,801.02,2026-09-27 10:00:00
ITEM000029350,ORD00012134,SKU00299,Grocery,3,833.55,71.45,2429.2,2026-09-27 10:00:00
ITEM000029351,ORD00014075,SKU00414,Electronics,2,225.2,100.66,349.74,2026-09-27 10:00:00
ITEM000029352,ORD00014690,SKU00276,Electronics,1,358.96,130.28,228.68,2026-09-27 10:00:00
ITEM000029353,ORD00013151,SKU00087,Electronics,3,143.7,182.89,248.21,2026-09-27 10:00:00
ITEM000029354,ORD00012177,SKU00266,Books,1,139.01,190.55,-51.54,2026-09-27 10:00:00
ITEM000029355,ORD00013756,SKU00404,Home,3,200.28,124.45,476.39,2026-09-27 10:00:00
ITEM000029356,ORD00014471,SKU00072,Sports,2,321.99,18.88,625.1,2026-09-27 10:00:00
ITEM000029357,ORD00014357,SKU00061,Books,2,323.47,176.15,470.79,2026-09-27 10:00:00
ITEM000029358,ORD00014380,SKU00301,Books,2,246.2,160.66,331.74,2026-09-27 10:00:00
ITEM000029359,ORD00012222,SKU00123,Sports,1,98.63,99.9,-1.27,2026-09-27 10:00:00
ITEM000029360,ORD00012433,SKU00230,Grocery,3,219.26,180.73,477.05,2026-09-27 10:00:00
ITEM000029361,ORD00014914,SKU00450,Books,3,70.14,186.54,23.88,2026-09-27 10:00:00
ITEM000029362,ORD00014400,SKU00360,Fashion,1,131.72,105.55,26.17,2026-09-27 10:00:00
ITEM000029363,ORD00014361,SKU00114,Books,1,358.61,110.84,247.77,2026-09-27 10:00:00
ITEM000029364,ORD00014948,SKU00319,Home,2,337.05,155.49,518.61,2026-09-27 10:00:00
ITEM000029365,ORD00013517,SKU00337,Fashion,1,389.18,61.53,327.65,2026-09-27 10:00:00
ITEM000029366,ORD00013141,SKU00083,Beauty,3,213.56,99.01,541.67,2026-09-27 10:00:00
ITEM000029367,ORD00014180,SKU00415,Beauty,1,1226.1,30.86,1195.24,2026-09-27 10:00:00
ITEM000029368,ORD00014684,SKU00392,Beauty,1,157.1,54.29,102.81,2026-09-27 10:00:00
ITEM000029369,ORD00014859,SKU00008,Electronics,3,553.04,185.8,1473.32,2026-09-27 10:00:00
ITEM000029370,ORD00014497,SKU00384,Electronics,2,874.22,68.07,1680.37,2026-09-27 10:00:00
ITEM000029371,ORD00014530,SKU00243,Beauty,1,64.31,143.23,-78.92,2026-09-27 10:00:00
ITEM000029372,ORD00013137,SKU00037,Fashion,3,162.66,156.55,331.43,2026-09-27 10:00:00
ITEM000029373,ORD00012537,SKU00427,Books,3,137.74,61.76,351.46,2026-09-27 10:00:00
ITEM000029374,ORD00014001,SKU00371,Beauty,2,591.58,53.43,1129.73,2026-09-27 10:00:00
ITEM000029375,ORD00014793,SKU00021,Beauty,2,743.48,154.24,1332.72,2026-09-27 10:00:00
ITEM000029376,ORD00014704,SKU00258,Fashion,2,483.49,16.42,950.56,2026-09-27 10:00:00
ITEM000029377,ORD00013436,SKU00232,Beauty,2,246.52,79.41,413.63,2026-09-27 10:00:00
ITEM000029378,ORD00014978,SKU00037,Grocery,1,267.26,186.95,80.31,2026-09-27 10:00:00
ITEM000029379,ORD00014895,SKU00321,Fashion,1,866.68,167.17,699.51,2026-09-27 10:00:00
ITEM000029380,ORD00013378,SKU00227,Sports,1,516.47,127.48,388.99,2026-09-27 10:00:00
ITEM000029381,ORD00013812,SKU00227,Grocery,3,382.23,126.12,1020.57,2026-09-27 10:00:00
ITEM000029382,ORD00014033,SKU00118,Home,3,491.55,24.73,1449.92,2026-09-27 10:00:00
ITEM000029383,ORD00013208,SKU00148,Sports,3,169.78,175.58,333.76,2026-09-27 10:00:00
ITEM000029384,ORD00014045,SKU00281,Beauty,3,261.27,5.89,777.92,2026-09-27 10:00:00
ITEM000029385,ORD00013228,SKU00155,Beauty,2,270.97,147.72,394.22,2026-09-27 10:00:00
ITEM000029386,ORD00012653,SKU00287,Books,2,1210.67,193.0,2228.34,2026-09-27 10:00:00
ITEM000029387,ORD00014724,SKU00227,Sports,2,798.25,25.4,1571.1,2026-09-27 10:00:00
ITEM000029388,ORD00013705,SKU00207,Fashion,2,1087.74,31.98,2143.5,2026-09-27 10:00:00
ITEM000029389,ORD00014984,SKU00143,Fashion,3,920.2,15.77,2744.83,2026-09-27 10:00:00
ITEM000029390,ORD00012613,SKU00204,Books,1,114.56,31.58,82.98,2026-09-27 10:00:00
ITEM000029391,ORD00014511,SKU00288,Electronics,3,613.22,147.16,1692.5,2026-09-27 10:00:00
ITEM000029392,ORD00013396,SKU00014,Beauty,1,535.77,176.09,359.68,2026-09-27 10:00:00
ITEM000029393,ORD00014477,SKU00052,Fashion,1,540.92,134.57,406.35,2026-09-27 10:00:00
ITEM000029394,ORD00012137,SKU00213,Fashion,2,263.76,94.36,433.16,2026-09-27 10:00:00
ITEM000029395,ORD00014577,SKU00498,Home,1,200.32,164.53,35.79,2026-09-27 10:00:00
ITEM000029396,ORD00012643,SKU00174,Home,2,484.95,142.95,826.95,2026-09-27 10:00:00
ITEM000029397,ORD00013617,SKU00392,Fashion,1,124.47,149.75,-25.28,2026-09-27 10:00:00
ITEM000029398,ORD00014411,SKU00308,Beauty,3,378.14,105.15,1029.27,2026-09-27 10:00:00
ITEM000029399,ORD00013093,SKU00175,Grocery,2,192.63,127.93,257.33,2026-09-27 10:00:00
ITEM000029400,ORD00014419,SKU00029,Beauty,3,1187.62,150.95,3411.91,2026-09-27 10:00:00
ITEM000029401,ORD00014898,SKU00117,Beauty,2,375.03,133.02,617.04,2026-09-27 10:00:00
ITEM000029402,ORD00012769,SKU00056,Books,1,511.59,162.17,349.42,2026-09-27 10:00:00
ITEM000029403,ORD00013560,SKU00246,Electronics,3,204.1,142.95,469.35,2026-09-27 10:00:00
ITEM000029404,ORD00014273,SKU00471,Home,2,266.27,63.74,468.8,2026-09-27 10:00:00
ITEM000029405,ORD00012457,SKU00486,Home,1,1183.27,73.91,1109.36,2026-09-27 10:00:00
ITEM000029406,ORD00013142,SKU00128,Books,3,52.27,123.58,33.23,2026-09-27 10:00:00
ITEM000029407,ORD00012669,SKU00173,Electronics,2,485.62,160.64,810.6,2026-09-27 10:00:00
ITEM000029408,ORD00012688,SKU00279,Home,3,278.87,39.61,797.0,2026-09-27 10:00:00
ITEM000029409,ORD00014887,SKU00365,Home,1,90.27,60.16,30.11,2026-09-27 10:00:00
ITEM000029410,ORD00014010,SKU00406,Electronics,2,376.55,81.31,671.79,2026-09-27 10:00:00
ITEM000029411,ORD00012662,SKU00080,Books,3,337.82,15.22,998.24,2026-09-27 10:00:00
ITEM000029412,ORD00012960,SKU00051,Fashion,1,168.05,80.73,87.32,2026-09-27 10:00:00
ITEM000029413,ORD00012901,SKU00065,Fashion,1,217.71,58.73,158.98,2026-09-27 10:00:00
ITEM000029414,ORD00012068,SKU00285,Home,1,555.13,187.08,368.05,2026-09-27 10:00:00
ITEM000029415,ORD00013642,SKU00216,Beauty,3,214.35,43.6,599.45,2026-09-27 10:00:00
ITEM000029416,ORD00013097,SKU00310,Fashion,3,318.09,144.42,809.85,2026-09-27 10:00:00
ITEM000029417,ORD00013126,SKU00137,Sports,2,426.06,106.52,745.6,2026-09-27 10:00:00
ITEM000029418,ORD00013446,SKU00217,Books,1,137.66,94.26,43.4,2026-09-27 10:00:00
ITEM000029419,ORD00014293,SKU00246,Beauty,1,227.45,123.17,104.28,2026-09-27 10:00:00
ITEM000029420,ORD00012814,SKU00280,Beauty,1,319.96,42.45,277.51,2026-09-27 10:00:00
ITEM000029421,ORD00013107,SKU00353,Electronics,3,250.6,191.19,560.61,2026-09-27 10:00:00
ITEM000029422,ORD00013981,SKU00286,Home,1,409.27,196.85,212.42,2026-09-27 10:00:00
ITEM000029423,ORD00013094,SKU00037,Beauty,2,357.78,44.81,670.75,2026-09-27 10:00:00
ITEM000029424,ORD00013192,SKU00234,Beauty,3,1613.38,173.13,4667.01,2026-09-27 10:00:00
ITEM000029425,ORD00014244,SKU00285,Grocery,1,384.8,0.75,384.05,2026-09-27 10:00:00
ITEM000029426,ORD00012190,SKU00473,Sports,1,318.41,45.66,272.75,2026-09-27 10:00:00
ITEM000029427,ORD00012243,SKU00031,Fashion,2,181.94,126.42,237.46,2026-09-27 10:00:00
ITEM000029428,ORD00012013,SKU00364,Beauty,1,1199.97,129.94,1070.03,2026-09-27 10:00:00
ITEM000029429,ORD00013504,SKU00321,Grocery,2,283.47,42.87,524.07,2026-09-27 10:00:00
ITEM000029430,ORD00013147,SKU00088,Sports,2,911.35,74.98,1747.72,2026-09-27 10:00:00
ITEM000029431,ORD00013669,SKU00424,Beauty,2,272.28,163.44,381.12,2026-09-27 10:00:00
ITEM000029432,ORD00012462,SKU00048,Beauty,3,1376.94,36.23,4094.59,2026-09-27 10:00:00
ITEM000029433,ORD00013929,SKU00287,Home,3,328.22,56.49,928.17,2026-09-27 10:00:00
ITEM000029434,ORD00013346,SKU00019,Electronics,3,95.34,152.51,133.51,2026-09-27 10:00:00
ITEM000029435,ORD00013439,SKU00082,Fashion,1,489.0,158.77,330.23,2026-09-27 10:00:00
ITEM000029436,ORD00012417,SKU00025,Beauty,3,432.58,111.71,1186.03,2026-09-27 10:00:00
ITEM000029437,ORD00012340,SKU00425,Grocery,1,708.98,145.26,563.72,2026-09-27 10:00:00
ITEM000029438,ORD00012017,SKU00086,Books,2,360.42,152.91,567.93,2026-09-27 10:00:00
ITEM000029439,ORD00014411,SKU00361,Home,2,1504.87,143.73,2866.01,2026-09-27 10:00:00
ITEM000029440,ORD00013153,SKU00385,Electronics,2,333.16,122.88,543.44,2026-09-27 10:00:00
ITEM000029441,ORD00014751,SKU00040,Sports,1,379.4,187.0,192.4,2026-09-27 10:00:00
ITEM000029442,ORD00013743,SKU00354,Books,2,630.44,60.65,1200.23,2026-09-27 10:00:00
ITEM000029443,ORD00012573,SKU00012,Beauty,1,433.4,13.65,419.75,2026-09-27 10:00:00
ITEM000029444,ORD00014515,SKU00332,Beauty,3,283.13,16.63,832.76,2026-09-27 10:00:00
ITEM000029445,ORD00012572,SKU00009,Beauty,1,383.77,182.72,201.05,2026-09-27 10:00:00
ITEM000029446,ORD00012100,SKU00080,Sports,1,307.84,12.63,295.21,2026-09-27 10:00:00
ITEM000029447,ORD00012625,SKU00151,Fashion,3,473.38,27.86,1392.28,2026-09-27 10:00:00
ITEM000029448,ORD00014806,SKU00345,Electronics,2,116.46,193.86,39.06,2026-09-27 10:00:00
ITEM000029449,ORD00012306,SKU00418,Fashion,2,479.54,194.56,764.52,2026-09-27 10:00:00
ITEM000029450,ORD00014698,SKU00308,Sports,3,734.45,33.79,2169.56,2026-09-27 10:00:00
ITEM000029451,ORD00014113,SKU00414,Home,2,611.72,175.2,1048.24,2026-09-27 10:00:00
ITEM000029452,ORD00014170,SKU00180,Sports,2,130.05,137.91,122.19,2026-09-27 10:00:00
ITEM000029453,ORD00014345,SKU00092,Electronics,2,681.59,104.82,1258.36,2026-09-27 10:00:00
ITEM000029454,ORD00013512,SKU00490,Fashion,2,414.16,197.38,630.94,2026-09-27 10:00:00
ITEM000029455,ORD00014636,SKU00155,Sports,1,736.97,90.09,646.88,2026-09-27 10:00:00
ITEM000029456,ORD00012501,SKU00010,Home,2,673.41,82.22,1264.6,2026-09-27 10:00:00
ITEM000029457,ORD00012339,SKU00214,Books,2,739.85,40.37,1439.33,2026-09-27 10:00:00
ITEM000029458,ORD00012248,SKU00321,Electronics ,1,376.71,23.87,352.84,2026-09-27 10:00:00
ITEM000029459,ORD00014349,SKU00388,Home,1,498.45,43.32,455.13,2026-09-27 10:00:00
ITEM000029460,ORD00014702,SKU00243,Electronics,2,178.08,153.51,202.65,2026-09-27 10:00:00
ITEM000029461,ORD00013778,SKU00133,Fashion,1,683.65,118.06,565.59,2026-09-27 10:00:00
ITEM000029462,ORD00013403,SKU00022,Sports,2,226.83,144.25,309.41,2026-09-27 10:00:00
ITEM000029463,ORD00013050,SKU00387,Electronics,1,108.19,102.82,5.37,2026-09-27 10:00:00
ITEM000029464,ORD00013924,SKU00101,Sports,3,174.18,118.8,403.74,2026-09-27 10:00:00
ITEM000029465,ORD00012505,SKU00238,Electronics,3,546.93,147.56,1493.23,2026-09-27 10:00:00
ITEM000029466,ORD00012975,SKU00235,Grocery,1,214.33,179.77,34.56,2026-09-27 10:00:00
ITEM000029467,ORD00013356,SKU00255,Grocery,1,342.76,52.67,290.09,2026-09-27 10:00:00
ITEM000029468,ORD00013238,SKU00220,Grocery,2,275.78,141.5,410.06,2026-09-27 10:00:00
ITEM000029469,ORD00012290,SKU00010,Beauty,1,269.1,78.42,190.68,2026-09-27 10:00:00
ITEM000029470,ORD00013199,SKU00318,Grocery,2,521.3,73.3,969.3,2026-09-27 10:00:00
ITEM000029471,ORD00013027,SKU00157,Home,1,439.15,195.23,243.92,2026-09-27 10:00:00
ITEM000029472,ORD00013984,SKU00373,Sports,1,1459.49,94.13,1365.36,2026-09-27 10:00:00
ITEM000029473,ORD00014798,SKU00373,Grocery,1,832.54,172.51,660.03,2026-09-27 10:00:00
ITEM000029474,ORD00012928,SKU00013,Grocery,2,129.01,55.67,202.35,2026-09-27 10:00:00
ITEM000029475,ORD00014938,SKU00225,Beauty,2,1111.47,32.52,2190.42,2026-09-27 10:00:00
ITEM000029476,ORD00014573,SKU00318,Beauty,3,150.99,88.75,364.22,2026-09-27 10:00:00
ITEM000029477,ORD00013128,SKU00085,Electronics,1,691.34,140.59,550.75,2026-09-27 10:00:00
ITEM000029478,ORD00012289,SKU00125,Beauty,1,133.93,193.54,-59.61,2026-09-27 10:00:00
ITEM000029479,ORD00013647,SKU00274,Books,2,383.92,75.8,692.04,2026-09-27 10:00:00
ITEM000029480,ORD00013232,SKU00433,Home,2,269.61,113.52,425.7,2026-09-27 10:00:00
ITEM000029481,ORD00014800,SKU00020,Electronics,1,69.63,95.48,-25.85,2026-09-27 10:00:00
ITEM000029482,ORD00014611,SKU00316,Sports,1,128.63,57.3,71.33,2026-09-27 10:00:00
ITEM000029483,ORD00012725,SKU00396,Beauty,1,236.33,150.07,86.26,2026-09-27 10:00:00
ITEM000029484,ORD00013573,SKU00003,Grocery,1,278.61,96.49,182.12,2026-09-27 10:00:00
ITEM000029485,ORD00012504,SKU00045,Grocery,2,258.27,41.54,475.0,2026-09-27 10:00:00
ITEM000029486,ORD00014789,SKU00237,Beauty,1,611.91,84.65,527.26,2026-09-27 10:00:00
ITEM000029487,ORD00012337,SKU00454,Fashion,1,236.08,197.29,38.79,2026-09-27 10:00:00
ITEM000029488,ORD00013103,SKU00213,Sports,2,264.87,180.26,349.48,2026-09-27 10:00:00
ITEM000029489,ORD00014304,SKU00312,Electronics,3,114.25,158.74,184.01,2026-09-27 10:00:00
ITEM000029490,ORD00014940,SKU00422,Electronics,3,128.77,69.53,316.78,2026-09-27 10:00:00
ITEM000029491,ORD00012566,SKU00122,Grocery,1,598.11,126.77,471.34,2026-09-27 10:00:00
ITEM000029492,ORD00014428,SKU00422,Fashion,2,365.45,157.54,573.36,2026-09-27 10:00:00
ITEM000029493,ORD00014530,SKU00499,Sports,1,355.55,191.54,164.01,2026-09-27 10:00:00
ITEM000029494,ORD00013497,SKU00011,Electronics,2,148.1,60.73,235.47,2026-09-27 10:00:00
ITEM000029495,ORD00013280,SKU00021,Fashion,1,297.34,158.86,138.48,2026-09-27 10:00:00
ITEM000029496,ORD00013784,SKU00388,Sports,3,563.68,38.63,1652.41,2026-09-27 10:00:00
ITEM000029497,ORD00013948,SKU00325,Grocery,1,705.93,65.5,640.43,2026-09-27 10:00:00
ITEM000029498,ORD00014506,SKU00321,Beauty,2,770.82,147.86,1393.78,2026-09-27 10:00:00
ITEM000029499,ORD00014261,SKU00250,Electronics,3,698.12,133.47,1960.89,2026-09-27 10:00:00
ITEM000029500,ORD00014194,SKU00326,Fashion,1,399.07,12.55,386.52,2026-09-27 10:00:00
ITEM000029501,ORD00014692,SKU00307,Beauty,1,105.61,44.64,60.97,2026-09-27 10:00:00
ITEM000029502,ORD00013271,SKU00224,Sports,2,373.16,94.27,652.05,2026-09-27 10:00:00
ITEM000029503,ORD00014064,SKU00360,Books,2,132.22,115.28,149.16,2026-09-27 10:00:00
ITEM000029504,ORD00014328,SKU00133,Sports,1,330.23,106.51,223.72,2026-09-27 10:00:00
ITEM000029505,ORD00012033,SKU00233,Books,1,82.85,82.03,0.82,2026-09-27 10:00:00
ITEM000029506,ORD00013027,SKU00041,Electronics,3,240.92,70.53,652.23,2026-09-27 10:00:00
ITEM000029507,ORD00012791,SKU00416,Home,2,274.32,89.86,458.78,2026-09-27 10:00:00
ITEM000029508,ORD00012017,SKU00039,Fashion,3,470.85,178.28,1234.27,2026-09-27 10:00:00
ITEM000029509,ORD00012641,SKU00361,Sports,2,455.36,89.82,820.9,2026-09-27 10:00:00
ITEM000029510,ORD00012143,SKU00089,Electronics,1,334.32,78.52,255.8,2026-09-27 10:00:00
ITEM000029511,ORD00012496,SKU00480,Electronics,1,90.95,41.72,49.23,2026-09-27 10:00:00
ITEM000029512,ORD00012888,SKU00173,Fashion,1,190.66,43.63,147.03,2026-09-27 10:00:00
ITEM000029513,ORD00014568,SKU00409,Home,3,1923.71,157.92,5613.21,2026-09-27 10:00:00
ITEM000029514,ORD00014781,SKU00424,Books,3,384.49,147.13,1006.34,2026-09-27 10:00:00
ITEM000029515,ORD00013110,SKU00017,Fashion,1,305.87,91.94,213.93,2026-09-27 10:00:00
ITEM000029516,ORD00012813,SKU00064,Home,2,821.73,90.84,1552.62,2026-09-27 10:00:00
ITEM000029517,ORD00013210,SKU00447,Grocery,1,382.4,56.65,325.75,2026-09-27 10:00:00
ITEM000029518,ORD00012144,SKU00469,Home,2,390.41,179.12,601.7,2026-09-27 10:00:00
ITEM000029519,ORD00012447,SKU00065,Fashion,1,155.36,124.71,30.65,2026-09-27 10:00:00
ITEM000029520,ORD00013536,SKU00116,Books,2,236.36,11.14,461.58,2026-09-27 10:00:00
ITEM000029521,ORD00012484,SKU00199,Beauty,3,1156.3,126.83,3342.07,2026-09-27 10:00:00
ITEM000029522,ORD00014807,SKU00298,Electronics,2,233.67,190.5,276.84,2026-09-27 10:00:00
ITEM000029523,ORD00014417,SKU00164,Grocery,1,437.97,41.33,396.64,2026-09-27 10:00:00
ITEM000029524,ORD00013516,SKU00022,Books,2,551.08,133.69,968.47,2026-09-27 10:00:00
ITEM000029525,ORD00013576,SKU00368,Home,3,323.98,16.03,955.91,2026-09-27 10:00:00
ITEM000029526,ORD00012155,SKU00066,Beauty,3,435.49,115.64,1190.83,2026-09-27 10:00:00
ITEM000029527,ORD00013959,SKU00241,Sports,2,499.93,74.25,925.61,2026-09-27 10:00:00
ITEM000029528,ORD00013236,SKU00291,Grocery,2,1113.45,26.73,2200.17,2026-09-27 10:00:00
ITEM000029529,ORD00014058,SKU00100,Electronics,1,410.01,66.61,343.4,2026-09-27 10:00:00
ITEM000029530,ORD00014641,SKU00359,Home,2,746.01,147.81,1344.21,2026-09-27 10:00:00
ITEM000029531,ORD00013291,SKU00414,Grocery,3,493.5,137.11,1343.39,2026-09-27 10:00:00
ITEM000029532,ORD00012574,SKU00266,Home,2,499.84,111.01,888.67,2026-09-27 10:00:00
ITEM000029533,ORD00013212,SKU00416,Fashion,2,1058.16,161.32,1955.0,2026-09-27 10:00:00
ITEM000029534,ORD00012761,SKU00304,Sports,1,325.49,76.73,248.76,2026-09-27 10:00:00
ITEM000029535,ORD00014424,SKU00162,Grocery,3,169.34,75.74,432.28,2026-09-27 10:00:00
ITEM000029536,ORD00012569,SKU00391,Grocery,3,206.88,92.37,528.27,2026-09-27 10:00:00
ITEM000029537,ORD00014869,SKU00215,Books,2,1070.5,131.44,2009.56,2026-09-27 10:00:00
ITEM000029538,ORD00013468,SKU00156,Beauty,3,902.59,49.64,2658.13,2026-09-27 10:00:00
ITEM000029539,ORD00012446,SKU00217,Electronics,1,1096.35,137.96,958.39,2026-09-27 10:00:00
ITEM000029540,ORD00014818,SKU00469,Books,2,511.24,28.33,994.15,2026-09-27 10:00:00
ITEM000029541,ORD00012710,SKU00498,Beauty,1,88.93,157.59,-68.66,2026-09-27 10:00:00
ITEM000029542,ORD00014124,SKU00191,Books,1,366.47,74.57,291.9,2026-09-27 10:00:00
ITEM000029543,ORD00014441,SKU00424,Sports,1,563.12,39.43,523.69,2026-09-27 10:00:00
ITEM000029544,ORD00013100,SKU00445,Fashion,3,371.35,178.5,935.55,2026-09-27 10:00:00
ITEM000029545,ORD00013153,SKU00087,Fashion,2,376.58,30.04,723.12,2026-09-27 10:00:00
ITEM000029546,ORD00012283,SKU00262,Grocery,2,118.94,108.86,129.02,2026-09-27 10:00:00
ITEM000029547,ORD00012564,SKU00453,Home,2,529.56,104.39,954.73,2026-09-27 10:00:00
ITEM000029548,ORD00013350,SKU00044,Beauty,3,172.3,61.9,455.0,2026-09-27 10:00:00
ITEM000029549,ORD00013516,SKU00350,Grocery,3,810.98,186.63,2246.31,2026-09-27 10:00:00
ITEM000029550,ORD00012501,SKU00450,Beauty,2,255.96,76.1,435.82,2026-09-27 10:00:00
ITEM000029551,ORD00014558,SKU00060,Books,2,712.15,143.96,1280.34,2026-09-27 10:00:00
ITEM000029552,ORD00013202,SKU00084,Sports,1,408.59,196.43,212.16,2026-09-27 10:00:00
ITEM000029553,ORD00012948,SKU00320,Electronics,3,254.99,37.42,727.55,2026-09-27 10:00:00
ITEM000029554,ORD00012923,SKU00038,Books,2,627.77,63.26,1192.28,2026-09-27 10:00:00
ITEM000029555,ORD00012297,SKU00234,Beauty,1,126.1,176.49,-50.39,2026-09-27 10:00:00
ITEM000029556,ORD00014053,SKU00476,Fashion,3,285.01,167.61,687.42,2026-09-27 10:00:00
ITEM000029557,ORD00012603,SKU00170,Fashion,1,505.06,38.8,466.26,2026-09-27 10:00:00
ITEM000029558,ORD00014464,SKU00133,Home,1,1146.84,45.13,1101.71,2026-09-27 10:00:00
ITEM000029559,ORD00012340,SKU00005,Home,2,158.59,164.6,152.58,2026-09-27 10:00:00
ITEM000029560,ORD00014237,SKU00492,Books,2,192.0,174.93,209.07,2026-09-27 10:00:00
ITEM000029561,ORD00014930,SKU00105,Home,1,508.97,151.8,357.17,2026-09-27 10:00:00
ITEM000029562,ORD00012974,SKU00160,Sports,3,727.03,103.0,2078.09,2026-09-27 10:00:00
ITEM000029563,ORD00014896,SKU00017,Beauty,2,366.2,150.51,581.89,2026-09-27 10:00:00
ITEM000029564,ORD00014310,SKU00271,Grocery,2,189.4,48.83,329.97,2026-09-27 10:00:00
ITEM000029565,ORD00014829,SKU00011,Grocery,1,117.79,79.53,38.26,2026-09-27 10:00:00
ITEM000029566,ORD00014196,SKU00028,Books,3,243.83,47.14,684.35,2026-09-27 10:00:00
ITEM000029567,ORD00012819,SKU00472,Books,1,178.72,114.42,64.3,2026-09-27 10:00:00
ITEM000029568,ORD00013698,SKU00404,Electronics,3,528.04,79.87,1504.25,2026-09-27 10:00:00
ITEM000029569,ORD00012201,SKU00458,Grocery,1,193.2,126.98,66.22,2026-09-27 10:00:00
ITEM000029570,ORD00014589,SKU00295,Grocery,2,222.52,61.86,383.18,2026-09-27 10:00:00
ITEM000029571,ORD00014404,SKU00261,Books,1,190.79,103.95,86.84,2026-09-27 10:00:00
ITEM000029572,ORD00014332,SKU00426,Sports,1,998.23,143.37,854.86,2026-09-27 10:00:00
ITEM000029573,ORD00012689,SKU00004,Fashion,1,318.82,132.78,186.04,2026-09-27 10:00:00
ITEM000029574,ORD00013258,SKU00069,Books,3,306.85,197.82,722.73,2026-09-27 10:00:00
ITEM000029575,ORD00014616,SKU00149,Home,2,387.65,115.56,659.74,2026-09-27 10:00:00
ITEM000029576,ORD00012172,SKU00358,Home,3,144.04,74.37,357.75,2026-09-27 10:00:00
ITEM000029577,ORD00014217,SKU00257,Beauty,1,141.23,1.45,139.78,2026-09-27 10:00:00
ITEM000029578,ORD00014911,SKU00496,Books,3,95.12,120.98,164.38,2026-09-27 10:00:00
ITEM000029579,ORD00014563,SKU00242,Fashion,1,582.35,164.77,417.58,2026-09-27 10:00:00
ITEM000029580,ORD00013538,SKU00256,Fashion,3,70.33,199.86,11.13,2026-09-27 10:00:00
ITEM000029581,ORD00013695,SKU00029,Beauty,3,342.34,135.68,891.34,2026-09-27 10:00:00
ITEM000029582,ORD00013053,SKU00159,Sports,3,311.25,128.06,805.69,2026-09-27 10:00:00
ITEM000029583,ORD00014026,SKU00154,Fashion,1,525.76,138.8,386.96,2026-09-27 10:00:00
ITEM000029584,ORD00014597,SKU00208,Books,1,332.16,103.28,228.88,2026-09-27 10:00:00
ITEM000029585,ORD00013253,SKU00095,Home,3,283.36,34.05,816.03,2026-09-27 10:00:00
ITEM000029586,ORD00014024,SKU00172,Electronics,2,434.88,3.14,866.62,2026-09-27 10:00:00
ITEM000029587,ORD00014689,SKU00302,Fashion,3,247.22,121.55,620.11,2026-09-27 10:00:00
ITEM000029588,ORD00014039,SKU00500,Sports,1,160.41,118.57,41.84,2026-09-27 10:00:00
ITEM000029589,ORD00013447,SKU00033,Home,3,335.38,11.02,995.12,2026-09-27 10:00:00
ITEM000029590,ORD00013395,SKU00006,Fashion,1,91.07,91.0,0.07,2026-09-27 10:00:00
ITEM000029591,ORD00013515,SKU00273,Beauty,2,542.82,159.1,926.54,2026-09-27 10:00:00
ITEM000029592,ORD00014434,SKU00415,Beauty,1,294.65,176.55,118.1,2026-09-27 10:00:00
ITEM000029593,ORD00012218,SKU00289,Fashion,2,375.96,120.92,631.0,2026-09-27 10:00:00
ITEM000029594,ORD00013876,SKU00015,Home,2,280.82,103.34,458.3,2026-09-27 10:00:00
ITEM000029595,ORD00012969,SKU00139,Books,2,228.68,126.64,330.72,2026-09-27 10:00:00
ITEM000029596,ORD00012740,SKU00389,Electronics,3,352.16,116.55,939.93,2026-09-27 10:00:00
ITEM000029597,ORD00013774,SKU00012,Books,1,508.24,111.5,396.74,2026-09-27 10:00:00
ITEM000029598,ORD00013361,SKU00315,Electronics ,3,525.75,25.93,1551.32,2026-09-27 10:00:00
ITEM000029599,ORD00013693,SKU00024,Beauty,2,516.05,5.91,1026.19,2026-09-27 10:00:00
ITEM000029600,ORD00014270,SKU00319,Books,2,356.92,110.04,603.8,2026-09-27 10:00:00
ITEM000029601,ORD00012605,SKU00383,Grocery,1,98.66,144.69,-46.03,2026-09-27 10:00:00
ITEM000029602,ORD00012718,SKU00068,Fashion,3,224.83,53.55,620.94,2026-09-27 10:00:00
ITEM000029603,ORD00014699,SKU00357,Grocery,3,284.19,160.03,692.54,2026-09-27 10:00:00
ITEM000029604,ORD00013779,SKU00031,Books,3,726.08,176.71,2001.53,2026-09-27 10:00:00
ITEM000029605,ORD00014509,SKU00021,Sports,1,145.51,52.66,92.85,2026-09-27 10:00:00
ITEM000029606,ORD00013060,SKU00097,Sports,3,505.27,64.79,1451.02,2026-09-27 10:00:00
ITEM000029607,ORD00012743,SKU00318,Books,1,1028.15,17.32,1010.83,2026-09-27 10:00:00
ITEM000029608,ORD00012443,SKU00177,Grocery,3,52.51,69.52,88.01,2026-09-27 10:00:00
ITEM000029609,ORD00012015,SKU00251,Beauty,3,329.25,160.84,826.91,2026-09-27 10:00:00
ITEM000029610,ORD00012991,SKU00399,Electronics,2,311.0,180.62,441.38,2026-09-27 10:00:00
ITEM000029611,ORD00014960,SKU00010,Books,1,325.69,21.55,304.14,2026-09-27 10:00:00
ITEM000029612,ORD00012141,SKU00370,Home,2,1702.88,80.82,3324.94,2026-09-27 10:00:00
ITEM000029613,ORD00014050,SKU00123,Books,3,787.05,71.04,2290.11,2026-09-27 10:00:00
ITEM000029614,ORD00012200,SKU00040,Home,1,765.83,196.24,569.59,2026-09-27 10:00:00
ITEM000029615,ORD00013433,SKU00056,Books,2,1138.73,49.1,2228.36,2026-09-27 10:00:00
ITEM000029616,ORD00012993,SKU00073,Fashion,2,1471.73,3.06,2940.4,2026-09-27 10:00:00
ITEM000029617,ORD00013376,SKU00433,Grocery,3,88.15,66.4,198.05,2026-09-27 10:00:00
ITEM000029618,ORD00013203,SKU00125,Electronics,3,203.54,144.65,465.97,2026-09-27 10:00:00
ITEM000029619,ORD00012190,SKU00362,Sports,2,486.75,160.5,813.0,2026-09-27 10:00:00
ITEM000029620,ORD00014579,SKU00002,Books,1,357.75,108.5,249.25,2026-09-27 10:00:00
ITEM000029621,ORD00014268,SKU00089,Beauty,3,231.63,175.97,518.92,2026-09-27 10:00:00
ITEM000029622,ORD00013649,SKU00400,Books,1,104.89,133.62,-28.73,2026-09-27 10:00:00
ITEM000029623,ORD00013604,SKU00199,Fashion,1,492.41,133.29,359.12,2026-09-27 10:00:00
ITEM000029624,ORD00014940,SKU00132,Sports,2,155.48,12.58,298.38,2026-09-27 10:00:00
ITEM000029625,ORD00012323,SKU00002,Books,2,326.41,61.02,591.8,2026-09-27 10:00:00
ITEM000029626,ORD00012700,SKU00367,Books,2,393.71,55.53,731.89,2026-09-27 10:00:00
ITEM000029627,ORD00014281,SKU00315,Electronics,3,639.67,135.57,1783.44,2026-09-27 10:00:00
ITEM000029628,ORD00013527,SKU00002,Home,1,678.31,184.38,493.93,2026-09-27 10:00:00
ITEM000029629,ORD00014751,SKU00494,Beauty,2,198.22,90.3,306.14,2026-09-27 10:00:00
ITEM000029630,ORD00014382,SKU00183,Fashion,1,308.04,193.27,114.77,2026-09-27 10:00:00
ITEM000029631,ORD00013579,SKU00386,Home,1,486.47,124.98,361.49,2026-09-27 10:00:00
ITEM000029632,ORD00014916,SKU00377,Sports,2,423.07,192.62,653.52,2026-09-27 10:00:00
ITEM000029633,ORD00013718,SKU00166,Books,3,220.66,179.07,482.91,2026-09-27 10:00:00
ITEM000029634,ORD00013763,SKU00359,Beauty,2,186.33,124.12,248.54,2026-09-27 10:00:00
ITEM000029635,ORD00013749,SKU00183,Electronics,3,108.79,198.69,127.68,2026-09-27 10:00:00
ITEM000029636,ORD00014770,SKU00209,Home,1,659.45,47.2,612.25,2026-09-27 10:00:00
ITEM000029637,ORD00012258,SKU00155,Home,2,413.74,106.87,720.61,2026-09-27 10:00:00
ITEM000029638,ORD00013276,SKU00115,Beauty,3,224.19,31.54,641.03,2026-09-27 10:00:00
ITEM000029639,ORD00014377,SKU00476,Grocery,3,272.34,184.69,632.33,2026-09-27 10:00:00
ITEM000029640,ORD00013862,SKU00385,Electronics,1,483.74,85.55,398.19,2026-09-27 10:00:00
ITEM000029641,ORD00013609,SKU00305,Electronics,2,428.55,79.24,777.86,2026-09-27 10:00:00
ITEM000029642,ORD00012215,SKU00330,Books,1,261.73,56.77,204.96,2026-09-27 10:00:00
ITEM000029643,ORD00012359,SKU00203,Home,3,214.61,70.22,573.61,2026-09-27 10:00:00
ITEM000029644,ORD00014908,SKU00200,Sports,3,206.55,95.48,524.17,2026-09-27 10:00:00
ITEM000029645,ORD00012498,SKU00122,Home,1,285.21,107.01,178.2,2026-09-27 10:00:00
ITEM000029646,ORD00014291,SKU00389,Fashion,2,1084.02,169.2,1998.84,2026-09-27 10:00:00
ITEM000029647,ORD00013017,SKU00432,Beauty,1,323.87,149.38,174.49,2026-09-27 10:00:00
ITEM000029648,ORD00014973,SKU00310,Electronics,3,206.03,9.53,608.56,2026-09-27 10:00:00
ITEM000029649,ORD00012072,SKU00324,Sports,2,788.05,75.81,1500.29,2026-09-27 10:00:00
ITEM000029650,ORD00012237,SKU00244,Home,3,269.06,28.58,778.6,2026-09-27 10:00:00
ITEM000029651,ORD00013779,SKU00051,Fashion,3,306.84,22.89,897.63,2026-09-27 10:00:00
ITEM000029652,ORD00013099,SKU00148,Fashion,2,333.83,96.81,570.85,2026-09-27 10:00:00
ITEM000029653,ORD00014823,SKU00210,Fashion,3,1317.51,92.66,3859.87,2026-09-27 10:00:00
ITEM000029654,ORD00012994,SKU00440,Books,3,709.15,197.65,1929.8,2026-09-27 10:00:00
ITEM000029655,ORD00014705,SKU00256,Electronics,1,527.88,171.32,356.56,2026-09-27 10:00:00
ITEM000029656,ORD00013120,SKU00381,Books,1,232.81,110.26,122.55,2026-09-27 10:00:00
ITEM000029657,ORD00014840,SKU00058,Fashion,3,1411.29,36.76,4197.11,2026-09-27 10:00:00
ITEM000029658,ORD00014536,SKU00017,Sports,2,197.19,42.14,352.24,2026-09-27 10:00:00
ITEM000029659,ORD00013829,SKU00209,Books,2,247.73,119.41,376.05,2026-09-27 10:00:00
ITEM000029660,ORD00012502,SKU00300,Electronics,3,180.36,157.59,383.49,2026-09-27 10:00:00
ITEM000029661,ORD00012487,SKU00326,Electronics,3,328.0,57.01,926.99,2026-09-27 10:00:00
ITEM000029662,ORD00013556,SKU00325,Home,1,245.97,73.83,172.14,2026-09-27 10:00:00
ITEM000029663,ORD00012031,SKU00352,Sports,1,537.01,51.18,485.83,2026-09-27 10:00:00
ITEM000029664,ORD00013517,SKU00458,Sports,1,297.41,46.4,251.01,2026-09-27 10:00:00
ITEM000029665,ORD00013556,SKU00062,Home,2,242.88,44.42,441.34,2026-09-27 10:00:00
ITEM000029666,ORD00013464,SKU00281,Electronics,3,1061.52,24.21,3160.35,2026-09-27 10:00:00
ITEM000029667,ORD00012439,SKU00193,Grocery,2,235.04,48.36,421.72,2026-09-27 10:00:00
ITEM000029668,ORD00013845,SKU00453,Electronics,1,868.18,64.06,804.12,2026-09-27 10:00:00
ITEM000029669,ORD00013132,SKU00354,Home,1,439.54,11.57,427.97,2026-09-27 10:00:00
ITEM000029670,ORD00013154,SKU00104,Fashion,1,126.33,42.84,83.49,2026-09-27 10:00:00
ITEM000029671,ORD00014181,SKU00304,Books,2,362.64,15.82,709.46,2026-09-27 10:00:00
ITEM000029672,ORD00014912,SKU00500,Grocery,3,329.93,8.19,981.6,2026-09-27 10:00:00
ITEM000029673,ORD00013676,SKU00132,Books,1,121.64,51.19,70.45,2026-09-27 10:00:00
ITEM000029674,ORD00012369,SKU00155,Sports,2,271.67,25.8,517.54,2026-09-27 10:00:00
ITEM000029675,ORD00014313,SKU00329,Books,3,141.95,123.69,302.16,2026-09-27 10:00:00
ITEM000029676,ORD00012935,SKU00278,Grocery,1,365.61,34.93,330.68,2026-09-27 10:00:00
ITEM000029677,ORD00012297,SKU00428,Fashion,2,188.69,16.95,360.43,2026-09-27 10:00:00
ITEM000029678,ORD00014618,SKU00157,Fashion,3,1001.76,149.31,2855.97,2026-09-27 10:00:00
ITEM000029679,ORD00013837,SKU00482,Fashion,1,213.56,157.55,56.01,2026-09-27 10:00:00
ITEM000029680,ORD00012732,SKU00405,Fashion,3,187.25,197.61,364.14,2026-09-27 10:00:00
ITEM000029681,ORD00012662,SKU00041,Beauty,3,513.12,63.33,1476.03,2026-09-27 10:00:00
ITEM000029682,ORD00012578,SKU00245,Electronics,2,608.63,90.59,1126.67,2026-09-27 10:00:00
ITEM000029683,ORD00013790,SKU00015,Home,3,733.57,128.18,2072.53,2026-09-27 10:00:00
ITEM000029684,ORD00013960,SKU00289,Sports,2,554.37,137.76,970.98,2026-09-27 10:00:00
ITEM000029685,ORD00012903,SKU00420,Beauty,2,126.77,18.92,234.62,2026-09-27 10:00:00
ITEM000029686,ORD00014682,SKU00456,Books,1,100.64,86.29,14.35,2026-09-27 10:00:00
ITEM000029687,ORD00013284,SKU00416,Grocery,1,59.64,197.02,-137.38,2026-09-27 10:00:00
ITEM000029688,ORD00014920,SKU00020,Home,2,267.04,167.75,366.33,2026-09-27 10:00:00
ITEM000029689,ORD00013021,SKU00015,Beauty,1,326.26,74.33,251.93,2026-09-27 10:00:00
ITEM000029690,ORD00013055,SKU00035,Grocery,1,520.7,160.03,360.67,2026-09-27 10:00:00
ITEM000029691,ORD00014783,SKU00127,Fashion,1,283.95,141.38,142.57,2026-09-27 10:00:00
ITEM000029692,ORD00012062,SKU00473,Electronics,3,519.07,176.38,1380.83,2026-09-27 10:00:00
ITEM000029693,ORD00014104,SKU00482,Beauty,1,203.96,193.22,10.74,2026-09-27 10:00:00
ITEM000029694,ORD00013278,SKU00142,Home,1,882.76,135.41,747.35,2026-09-27 10:00:00
ITEM000029695,ORD00012210,SKU00155,Home,3,245.27,23.31,712.5,2026-09-27 10:00:00
ITEM000029696,ORD00014566,SKU00037,Home,1,911.26,127.19,784.07,2026-09-27 10:00:00
ITEM000029697,ORD00013654,SKU00220,Sports,3,549.46,107.1,1541.28,2026-09-27 10:00:00
ITEM000029698,ORD00012947,SKU00327,Home,2,329.63,116.26,543.0,2026-09-27 10:00:00
ITEM000029699,ORD00013087,SKU00243,Electronics,1,579.14,190.82,388.32,2026-09-27 10:00:00
ITEM000029700,ORD00014370,SKU00066,Beauty,2,70.45,152.25,-11.35,2026-09-27 10:00:00
ITEM000029701,ORD00014069,SKU00493,Grocery,3,145.54,22.75,413.87,2026-09-27 10:00:00
ITEM000029702,ORD00012258,SKU00324,Sports,3,335.42,120.49,885.77,2026-09-27 10:00:00
ITEM000029703,ORD00012098,SKU00175,Home,2,87.72,175.08,0.36,2026-09-27 10:00:00
ITEM000029704,ORD00013958,SKU00344,Books,3,359.08,53.23,1024.01,2026-09-27 10:00:00
ITEM000029705,ORD00013224,SKU00360,Sports,2,292.44,158.9,425.98,2026-09-27 10:00:00
ITEM000029706,ORD00014368,SKU00129,Sports,3,265.2,29.9,765.7,2026-09-27 10:00:00
ITEM000029707,ORD00013658,SKU00004,Books,2,161.91,22.01,301.81,2026-09-27 10:00:00
ITEM000029708,ORD00012889,SKU00201,Books,1,594.24,25.06,569.18,2026-09-27 10:00:00
ITEM000029709,ORD00012316,SKU00360,Grocery,1,229.45,107.69,121.76,2026-09-27 10:00:00
ITEM000029710,ORD00014507,SKU00449,Grocery,1,284.95,163.81,121.14,2026-09-27 10:00:00
ITEM000029711,ORD00012482,SKU00352,Fashion,2,784.43,158.12,1410.74,2026-09-27 10:00:00
ITEM000029712,ORD00012286,SKU00342,Home,2,220.68,38.05,403.31,2026-09-27 10:00:00
ITEM000029713,ORD00012090,SKU00365,Grocery,2,399.79,64.06,735.52,2026-09-27 10:00:00
ITEM000029714,ORD00014704,SKU00044,Sports,1,187.38,103.49,83.89,2026-09-27 10:00:00
ITEM000029715,ORD00012673,SKU00157,Books,2,912.24,198.19,1626.29,2026-09-27 10:00:00
ITEM000029716,ORD00014540,SKU00088,Sports,1,488.83,70.53,418.3,2026-09-27 10:00:00
ITEM000029717,ORD00013504,SKU00294,Beauty,3,1057.32,7.9,3164.06,2026-09-27 10:00:00
ITEM000029718,ORD00014205,SKU00490,Electronics,1,558.16,4.01,554.15,2026-09-27 10:00:00
ITEM000029719,ORD00014468,SKU00441,Grocery,1,745.13,77.16,667.97,2026-09-27 10:00:00
ITEM000029720,ORD00013101,SKU00277,Books,2,520.66,91.27,950.05,2026-09-27 10:00:00
ITEM000029721,ORD00013486,SKU00337,Books,1,178.43,145.85,32.58,2026-09-27 10:00:00
ITEM000029722,ORD00014283,SKU00286,Fashion,1,260.3,69.92,190.38,2026-09-27 10:00:00
ITEM000029723,ORD00013337,SKU00213,Beauty,3,535.23,62.3,1543.39,2026-09-27 10:00:00
ITEM000029724,ORD00012997,SKU00051,Electronics,1,434.61,199.74,234.87,2026-09-27 10:00:00
ITEM000029725,ORD00012122,SKU00293,Fashion,1,141.52,74.88,66.64,2026-09-27 10:00:00
ITEM000029726,ORD00012087,SKU00026,Beauty,1,728.18,50.46,677.72,2026-09-27 10:00:00
ITEM000029727,ORD00014900,SKU00470,Home,3,813.32,187.96,2252.0,2026-09-27 10:00:00
ITEM000029728,ORD00014713,SKU00470,Fashion,2,492.13,140.79,843.47,2026-09-27 10:00:00
ITEM000029729,ORD00013952,SKU00004,Fashion,3,405.03,69.08,1146.01,2026-09-27 10:00:00
ITEM000029730,ORD00012750,SKU00129,Books,2,357.08,127.07,587.09,2026-09-27 10:00:00
ITEM000029731,ORD00014438,SKU00087,Beauty,3,171.41,120.78,393.45,2026-09-27 10:00:00
ITEM000029732,ORD00014009,SKU00424,Books,3,208.62,86.15,539.71,2026-09-27 10:00:00
ITEM000029733,ORD00012976,SKU00189,Home,1,384.95,152.71,232.24,2026-09-27 10:00:00
ITEM000029734,ORD00014860,SKU00148,Books,1,76.72,126.84,-50.12,2026-09-27 10:00:00
ITEM000029735,ORD00013943,SKU00358,Sports,1,504.81,149.21,355.6,2026-09-27 10:00:00
ITEM000029736,ORD00013055,SKU00266,Books,2,183.86,50.97,316.75,2026-09-27 10:00:00
ITEM000029737,ORD00013636,SKU00013,Home,3,363.9,132.91,958.79,2026-09-27 10:00:00
ITEM000029738,ORD00013021,SKU00276,Beauty,3,555.38,94.62,1571.52,2026-09-27 10:00:00
ITEM000029739,ORD00014725,SKU00110,Fashion,3,274.67,181.11,642.9,2026-09-27 10:00:00
ITEM000029740,ORD00014845,SKU00392,Electronics,3,156.78,161.42,308.92,2026-09-27 10:00:00
ITEM000029741,ORD00013180,SKU00086,Electronics,1,388.29,107.45,280.84,2026-09-27 10:00:00
ITEM000029742,ORD00012512,SKU00378,Electronics,3,230.66,90.96,601.02,2026-09-27 10:00:00
ITEM000029743,ORD00013844,SKU00269,Home,3,172.53,172.16,345.43,2026-09-27 10:00:00
ITEM000029744,ORD00014173,SKU00220,Electronics,1,699.8,162.86,536.94,2026-09-27 10:00:00
ITEM000029745,ORD00012304,SKU00482,Sports,3,661.23,192.46,1791.23,2026-09-27 10:00:00
ITEM000029746,ORD00014234,SKU00168,Electronics,2,380.93,93.82,668.04,2026-09-27 10:00:00
ITEM000029747,ORD00013163,SKU00179,Grocery,1,148.64,171.8,-23.16,2026-09-27 10:00:00
ITEM000029748,ORD00013825,SKU00281,Fashion,3,194.22,13.81,568.85,2026-09-27 10:00:00
ITEM000029749,ORD00013557,SKU00049,Fashion,3,622.06,40.32,1825.86,2026-09-27 10:00:00
ITEM000029750,ORD00014335,SKU00384,Grocery,1,265.92,197.48,68.44,2026-09-27 10:00:00
ITEM000029751,ORD00013810,SKU00358,Home,1,205.65,83.73,121.92,2026-09-27 10:00:00
ITEM000029752,ORD00013245,SKU00400,Sports,2,291.92,25.42,558.42,2026-09-27 10:00:00
ITEM000029753,ORD00014239,SKU00385,Fashion,1,365.32,174.58,190.74,2026-09-27 10:00:00
ITEM000029754,ORD00012922,SKU00217,Fashion,2,783.8,136.1,1431.5,2026-09-27 10:00:00
ITEM000029755,ORD00014735,SKU00174,Sports,3,652.04,6.04,1950.08,2026-09-27 10:00:00
ITEM000029756,ORD00014491,SKU00004,Books,1,400.23,129.09,271.14,2026-09-27 10:00:00
ITEM000029757,ORD00012384,SKU00107,Books,1,158.39,194.75,-36.36,2026-09-27 10:00:00
ITEM000029758,ORD00014635,SKU00020,Beauty,3,461.39,182.69,1201.48,2026-09-27 10:00:00
ITEM000029759,ORD00013537,SKU00340,Beauty,3,191.46,4.36,570.02,2026-09-27 10:00:00
ITEM000029760,ORD00013364,SKU00265,Grocery,2,353.28,176.63,529.93,2026-09-27 10:00:00
ITEM000029761,ORD00013539,SKU00073,Electronics,3,349.23,117.57,930.12,2026-09-27 10:00:00
ITEM000029762,ORD00013042,SKU00423,Home,3,242.31,38.58,688.35,2026-09-27 10:00:00
ITEM000029763,ORD00013830,SKU00090,Home,2,645.18,135.34,1155.02,2026-09-27 10:00:00
ITEM000029764,ORD00014282,SKU00270,Fashion,1,452.95,138.21,314.74,2026-09-27 10:00:00
ITEM000029765,ORD00014998,SKU00308,Electronics,3,120.36,74.29,286.79,2026-09-27 10:00:00
ITEM000029766,ORD00012133,SKU00118,Home,1,228.32,187.0,41.32,2026-09-27 10:00:00
ITEM000029767,ORD00012929,SKU00175,Books,3,298.48,173.28,722.16,2026-09-27 10:00:00
ITEM000029768,ORD00014950,SKU00248,Grocery,3,134.54,75.76,327.86,2026-09-27 10:00:00
ITEM000029769,ORD00014190,SKU00382,Electronics,2,371.04,103.05,639.03,2026-09-27 10:00:00
ITEM000029770,ORD00012295,SKU00264,Electronics,2,230.53,192.8,268.26,2026-09-27 10:00:00
ITEM000029771,ORD00013161,SKU00012,Fashion,3,259.48,144.33,634.11,2026-09-27 10:00:00
ITEM000029772,ORD00013367,SKU00303,Home,3,298.33,82.34,812.65,2026-09-27 10:00:00
ITEM000029773,ORD00014429,SKU00188,Books,1,575.95,56.89,519.06,2026-09-27 10:00:00
ITEM000029774,ORD00014878,SKU00469,Home,2,551.79,167.85,935.73,2026-09-27 10:00:00
ITEM000029775,ORD00012643,SKU00187,Fashion,2,67.88,83.71,52.05,2026-09-27 10:00:00
ITEM000029776,ORD00012558,SKU00044,Beauty,2,293.69,92.74,494.64,2026-09-27 10:00:00
ITEM000029777,ORD00013564,SKU00178,Home,1,268.48,120.32,148.16,2026-09-27 10:00:00
ITEM000029778,ORD00012834,SKU00449,Books,2,148.84,152.88,144.8,2026-09-27 10:00:00
ITEM000029779,ORD00012723,SKU00275,Sports,3,2184.79,142.74,6411.63,2026-09-27 10:00:00
ITEM000029780,ORD00013418,SKU00250,Home,1,75.24,199.34,-124.1,2026-09-27 10:00:00
ITEM000029781,ORD00013435,SKU00170,Electronics,2,240.01,145.11,334.91,2026-09-27 10:00:00
ITEM000029782,ORD00014044,SKU00165,Electronics,1,341.63,116.49,225.14,2026-09-27 10:00:00
ITEM000029783,ORD00013678,SKU00085,Books,2,123.36,103.17,143.55,2026-09-27 10:00:00
ITEM000029784,ORD00012003,SKU00141,Books,3,410.05,102.54,1127.61,2026-09-27 10:00:00
ITEM000029785,ORD00014790,SKU00001,Fashion,2,309.15,148.24,470.06,2026-09-27 10:00:00
ITEM000029786,ORD00013032,SKU00143,Beauty,3,894.47,143.08,2540.33,2026-09-27 10:00:00
ITEM000029787,ORD00014632,SKU00450,Grocery,1,587.82,31.34,556.48,2026-09-27 10:00:00
ITEM000029788,ORD00012363,SKU00423,Fashion,1,427.16,66.57,360.59,2026-09-27 10:00:00
ITEM000029789,ORD00013242,SKU00291,Beauty,2,216.99,21.04,412.94,2026-09-27 10:00:00
ITEM000029790,ORD00012429,SKU00417,Books,1,238.8,42.63,196.17,2026-09-27 10:00:00
ITEM000029791,ORD00014496,SKU00437,Fashion,3,201.27,54.59,549.22,2026-09-27 10:00:00
ITEM000029792,ORD00012160,SKU00414,Home,3,321.5,39.8,924.7,2026-09-27 10:00:00
ITEM000029793,ORD00014966,SKU00468,Home,2,166.08,184.79,147.37,2026-09-27 10:00:00
ITEM000029794,ORD00014964,SKU00411,Home,2,716.17,190.18,1242.16,2026-09-27 10:00:00
ITEM000029795,ORD00012913,SKU00131,Electronics,3,225.18,34.83,640.71,2026-09-27 10:00:00
ITEM000029796,ORD00013982,SKU00184,Sports,1,652.59,156.54,496.05,2026-09-27 10:00:00
ITEM000029797,ORD00012211,SKU00318,Beauty,1,188.34,160.17,28.17,2026-09-27 10:00:00
ITEM000029798,ORD00014398,SKU00305,Books,3,175.53,140.69,385.9,2026-09-27 10:00:00
ITEM000029799,ORD00012655,SKU00490,Fashion,1,838.64,112.19,726.45,2026-09-27 10:00:00
ITEM000029800,ORD00014572,SKU00260,Books,2,473.21,73.37,873.05,2026-09-27 10:00:00
ITEM000029801,ORD00014046,SKU00087,Electronics,3,332.79,75.61,922.76,2026-09-27 10:00:00
ITEM000029802,ORD00014324,SKU00040,Books,3,1594.32,57.82,4725.14,2026-09-27 10:00:00
ITEM000029803,ORD00013317,SKU00429,Home,3,468.82,178.82,1227.64,2026-09-27 10:00:00
ITEM000029804,ORD00013569,SKU00476,Fashion,2,990.21,14.24,1966.18,2026-09-27 10:00:00
ITEM000029805,ORD00013849,SKU00223,Beauty,3,216.6,65.0,584.8,2026-09-27 10:00:00
ITEM000029806,ORD00014292,SKU00276,Books,1,199.5,134.49,65.01,2026-09-27 10:00:00
ITEM000029807,ORD00013438,SKU00420,Electronics,2,139.08,140.45,137.71,2026-09-27 10:00:00
ITEM000029808,ORD00013361,SKU00055,Electronics,2,474.6,150.98,798.22,2026-09-27 10:00:00
ITEM000029809,ORD00014344,SKU00236,Sports,2,417.77,55.45,780.09,2026-09-27 10:00:00
ITEM000029810,ORD00014647,SKU00269,Fashion,3,1046.41,8.37,3130.86,2026-09-27 10:00:00
ITEM000029811,ORD00013014,SKU00276,Books,2,394.11,166.36,621.86,2026-09-27 10:00:00
ITEM000029812,ORD00014152,SKU00446,Sports,3,681.81,97.03,1948.4,2026-09-27 10:00:00
ITEM000029813,ORD00013391,SKU00229,Fashion,2,880.12,85.84,1674.4,2026-09-27 10:00:00
ITEM000029814,ORD00013461,SKU00058,Beauty,3,500.61,38.48,1463.35,2026-09-27 10:00:00
ITEM000029815,ORD00013966,SKU00352,Home,2,414.41,17.99,810.83,2026-09-27 10:00:00
ITEM000029816,ORD00012445,SKU00062,Fashion,2,129.03,189.5,68.56,2026-09-27 10:00:00
ITEM000029817,ORD00014175,SKU00201,Grocery,2,67.78,97.75,37.81,2026-09-27 10:00:00
ITEM000029818,ORD00013709,SKU00039,Fashion,1,1793.62,35.38,1758.24,2026-09-27 10:00:00
ITEM000029819,ORD00012883,SKU00318,Books,2,283.67,91.68,475.66,2026-09-27 10:00:00
ITEM000029820,ORD00012876,SKU00225,Beauty,3,130.64,18.76,373.16,2026-09-27 10:00:00
ITEM000029821,ORD00012646,SKU00142,Grocery,2,1345.26,90.33,2600.19,2026-09-27 10:00:00
ITEM000029822,ORD00014354,SKU00033,Electronics,1,288.81,61.06,227.75,2026-09-27 10:00:00
ITEM000029823,ORD00014333,SKU00311,Sports,2,286.79,69.24,504.34,2026-09-27 10:00:00
ITEM000029824,ORD00014188,SKU00359,Books,3,914.59,45.23,2698.54,2026-09-27 10:00:00
ITEM000029825,ORD00013448,SKU00434,Sports,1,990.24,120.31,869.93,2026-09-27 10:00:00
ITEM000029826,ORD00014555,SKU00059,Home,1,166.98,14.22,152.76,2026-09-27 10:00:00
ITEM000029827,ORD00013461,SKU00064,Beauty,1,351.39,126.08,225.31,2026-09-27 10:00:00
ITEM000029828,ORD00012785,SKU00001,Books,3,579.08,158.08,1579.16,2026-09-27 10:00:00
ITEM000029829,ORD00012528,SKU00313,Home,2,332.6,46.62,618.58,2026-09-27 10:00:00
ITEM000029830,ORD00014099,SKU00053,Fashion,1,377.57,57.07,320.5,2026-09-27 10:00:00
ITEM000029831,ORD00014226,SKU00132,Beauty,3,615.83,0.1,1847.39,2026-09-27 10:00:00
ITEM000029832,ORD00012629,SKU00453,Beauty,2,1694.34,109.28,3279.4,2026-09-27 10:00:00
ITEM000029833,ORD00013645,SKU00046,Books,2,310.14,187.48,432.8,2026-09-27 10:00:00
ITEM000029834,ORD00012714,SKU00039,Books,1,127.82,140.32,-12.5,2026-09-27 10:00:00
ITEM000029835,ORD00013355,SKU00236,Grocery,3,601.69,192.85,1612.22,2026-09-27 10:00:00
ITEM000029836,ORD00014812,SKU00235,Electronics,3,46.62,86.73,53.13,2026-09-27 10:00:00
ITEM000029837,ORD00012115,SKU00403,Beauty,1,308.74,46.59,262.15,2026-09-27 10:00:00
ITEM000029838,ORD00014283,SKU00256,Electronics,1,64.21,57.27,6.94,2026-09-27 10:00:00
ITEM000029839,ORD00012446,SKU00160,Electronics,1,109.91,141.65,-31.74,2026-09-27 10:00:00
ITEM000029840,ORD00012258,SKU00478,Home,1,111.51,39.07,72.44,2026-09-27 10:00:00
ITEM000029841,ORD00014789,SKU00327,Home,1,346.36,76.3,270.06,2026-09-27 10:00:00
ITEM000029842,ORD00012368,SKU00273,Electronics,1,438.52,1.55,436.97,2026-09-27 10:00:00
ITEM000029843,ORD00014509,SKU00340,Beauty,1,600.98,45.72,555.26,2026-09-27 10:00:00
ITEM000029844,ORD00014875,SKU00264,Home,3,371.37,5.64,1108.47,2026-09-27 10:00:00
ITEM000029845,ORD00014645,SKU00181,Books,2,142.29,188.4,96.18,2026-09-27 10:00:00
ITEM000029846,ORD00013731,SKU00161,Grocery,1,418.99,153.85,265.14,2026-09-27 10:00:00
ITEM000029847,ORD00013452,SKU00105,Grocery,1,26.24,7.27,18.97,2026-09-27 10:00:00
ITEM000029848,ORD00014715,SKU00342,Fashion,1,337.28,21.66,315.62,2026-09-27 10:00:00
ITEM000029849,ORD00014500,SKU00299,Grocery,3,328.87,184.9,801.71,2026-09-27 10:00:00
ITEM000029850,ORD00013558,SKU00469,Beauty,1,330.31,170.27,160.04,2026-09-27 10:00:00
ITEM000029851,ORD00012479,SKU00176,Sports,3,402.61,5.57,1202.26,2026-09-27 10:00:00
ITEM000029852,ORD00012449,SKU00478,Fashion,2,191.2,157.85,224.55,2026-09-27 10:00:00
ITEM000029853,ORD00012262,SKU00413,Beauty,3,1235.14,136.69,3568.73,2026-09-27 10:00:00
ITEM000029854,ORD00013158,SKU00394,Sports,3,354.24,41.68,1021.04,2026-09-27 10:00:00
ITEM000029855,ORD00013858,SKU00261,Grocery,3,729.36,19.9,2168.18,2026-09-27 10:00:00
ITEM000029856,ORD00014004,SKU00197,Beauty,1,194.02,177.27,16.75,2026-09-27 10:00:00
ITEM000029857,ORD00013513,SKU00130,Fashion,1,635.89,28.14,607.75,2026-09-27 10:00:00
ITEM000029858,ORD00013428,SKU00352,Beauty,3,193.39,129.8,450.37,2026-09-27 10:00:00
ITEM000029859,ORD00012152,SKU00401,Grocery,3,411.91,25.43,1210.3,2026-09-27 10:00:00
ITEM000029860,ORD00012529,SKU00023,Grocery,2,96.47,11.74,181.2,2026-09-27 10:00:00
ITEM000029861,ORD00013335,SKU00359,Sports,3,248.45,17.92,727.43,2026-09-27 10:00:00
ITEM000029862,ORD00013244,SKU00306,Electronics,3,551.93,34.69,1621.1,2026-09-27 10:00:00
ITEM000029863,ORD00012800,SKU00454,Fashion,1,437.03,90.86,346.17,2026-09-27 10:00:00
ITEM000029864,ORD00013322,SKU00452,Grocery,1,577.71,199.63,378.08,2026-09-27 10:00:00
ITEM000029865,ORD00014902,SKU00059,Books,3,116.51,88.78,260.75,2026-09-27 10:00:00
ITEM000029866,ORD00014254,SKU00038,Grocery,1,429.12,154.1,275.02,2026-09-27 10:00:00
ITEM000029867,ORD00014067,SKU00406,Sports,3,125.57,182.8,193.91,2026-09-27 10:00:00
ITEM000029868,ORD00012631,SKU00213,Fashion,1,748.51,183.95,564.56,2026-09-27 10:00:00
ITEM000029869,ORD00014726,SKU00176,Home,2,274.04,142.8,405.28,2026-09-27 10:00:00
ITEM000029870,ORD00012884,SKU00091,Electronics,3,169.04,113.33,393.79,2026-09-27 10:00:00
ITEM000029871,ORD00013930,SKU00152,Grocery,1,465.2,46.96,418.24,2026-09-27 10:00:00
ITEM000029872,ORD00014265,SKU00265,Electronics,1,623.54,33.41,590.13,2026-09-27 10:00:00
ITEM000029873,ORD00013621,SKU00472,Books,2,258.97,171.11,346.83,2026-09-27 10:00:00
ITEM000029874,ORD00013219,SKU00239,Fashion,2,375.6,18.55,732.65,2026-09-27 10:00:00
ITEM000029875,ORD00013740,SKU00351,Books,1,236.95,13.49,223.46,2026-09-27 10:00:00
ITEM000029876,ORD00014632,SKU00018,Books,2,433.2,196.13,670.27,2026-09-27 10:00:00
ITEM000029877,ORD00013536,SKU00191,Beauty,3,439.91,29.22,1290.51,2026-09-27 10:00:00
ITEM000029878,ORD00012646,SKU00065,Fashion,1,196.74,84.23,112.51,2026-09-27 10:00:00
ITEM000029879,ORD00014189,SKU00036,Beauty,1,554.27,36.48,517.79,2026-09-27 10:00:00
ITEM000029880,ORD00014909,SKU00150,Sports,2,270.88,43.25,498.51,2026-09-27 10:00:00
ITEM000029881,ORD00014252,SKU00166,Electronics,2,1196.73,99.54,2293.92,2026-09-27 10:00:00
ITEM000029882,ORD00012514,SKU00341,Sports,3,195.61,82.48,504.35,2026-09-27 10:00:00
ITEM000029883,ORD00014180,SKU00209,Beauty,2,248.82,19.5,478.14,2026-09-27 10:00:00
ITEM000029884,ORD00012278,SKU00043,Books,2,306.34,64.45,548.23,2026-09-27 10:00:00
ITEM000029885,ORD00013450,SKU00112,Fashion,2,397.14,14.53,779.75,2026-09-27 10:00:00
ITEM000029886,ORD00012314,SKU00291,Sports,3,251.08,85.2,668.04,2026-09-27 10:00:00
ITEM000029887,ORD00013959,SKU00239,Grocery,3,1177.18,74.79,3456.75,2026-09-27 10:00:00
ITEM000029888,ORD00014205,SKU00056,Grocery,1,1623.61,121.64,1501.97,2026-09-27 10:00:00
ITEM000029889,ORD00013057,SKU00497,Beauty,1,293.64,69.88,223.76,2026-09-27 10:00:00
ITEM000029890,ORD00013798,SKU00376,Sports,2,778.87,147.01,1410.73,2026-09-27 10:00:00
ITEM000029891,ORD00013493,SKU00305,Beauty,3,236.58,69.53,640.21,2026-09-27 10:00:00
ITEM000029892,ORD00014699,SKU00098,Books,3,731.03,185.37,2007.72,2026-09-27 10:00:00
ITEM000029893,ORD00013006,SKU00469,Beauty,1,130.75,165.06,-34.31,2026-09-27 10:00:00
ITEM000029894,ORD00013556,SKU00118,Home,1,572.54,65.63,506.91,2026-09-27 10:00:00
ITEM000029895,ORD00012706,SKU00325,Electronics,1,190.28,96.53,93.75,2026-09-27 10:00:00
ITEM000029896,ORD00012079,SKU00080,Books,2,866.3,27.22,1705.38,2026-09-27 10:00:00
ITEM000029897,ORD00012222,SKU00344,Fashion,2,551.69,154.06,949.32,2026-09-27 10:00:00
ITEM000029898,ORD00012077,SKU00269,Books,3,220.08,74.75,585.49,2026-09-27 10:00:00
ITEM000029899,ORD00013431,SKU00488,Beauty,2,420.2,3.71,836.69,2026-09-27 10:00:00
ITEM000029900,ORD00014999,SKU00365,Fashion,3,223.98,45.61,626.33,2026-09-27 10:00:00
ITEM000029901,ORD00014055,SKU00086,Home,2,472.61,94.48,850.74,2026-09-27 10:00:00
ITEM000029902,ORD00014935,SKU00061,Fashion,3,137.04,8.29,402.83,2026-09-27 10:00:00
ITEM000029903,ORD00013353,SKU00183,Books,3,518.94,124.98,1431.84,2026-09-27 10:00:00
ITEM000029904,ORD00013418,SKU00427,Home,2,315.14,138.49,491.79,2026-09-27 10:00:00
ITEM000029905,ORD00013607,SKU00130,Fashion,1,244.77,12.87,231.9,2026-09-27 10:00:00
ITEM000029906,ORD00014518,SKU00032,Fashion,3,54.78,54.07,110.27,2026-09-27 10:00:00
ITEM000029907,ORD00012387,SKU00102,Electronics,3,137.73,125.35,287.84,2026-09-27 10:00:00
ITEM000029908,ORD00014868,SKU00013,Grocery,2,60.15,189.2,-68.9,2026-09-27 10:00:00
ITEM000029909,ORD00012739,SKU00478,Sports,1,232.07,34.83,197.24,2026-09-27 10:00:00
ITEM000029910,ORD00012255,SKU00325,Grocery,3,227.31,59.72,622.21,2026-09-27 10:00:00
ITEM000029911,ORD00014175,SKU00205,Electronics,2,309.07,51.0,567.14,2026-09-27 10:00:00
ITEM000029912,ORD00014915,SKU00028,Home,2,279.19,125.86,432.52,2026-09-27 10:00:00
ITEM000029913,ORD00012107,SKU00173,Fashion,3,417.99,81.01,1172.96,2026-09-27 10:00:00
ITEM000029914,ORD00013168,SKU00337,Beauty,3,663.39,43.34,1946.83,2026-09-27 10:00:00
ITEM000029915,ORD00013055,SKU00467,Grocery,2,458.02,171.04,745.0,2026-09-27 10:00:00
ITEM000029916,ORD00014228,SKU00126,Electronics,2,147.6,181.58,113.62,2026-09-27 10:00:00
ITEM000029917,ORD00014003,SKU00474,Fashion,2,1013.26,112.75,1913.77,2026-09-27 10:00:00
ITEM000029918,ORD00012884,SKU00389,Sports,3,349.27,3.7,1044.11,2026-09-27 10:00:00
ITEM000029919,ORD00013187,SKU00115,Sports,2,419.4,159.01,679.79,2026-09-27 10:00:00
ITEM000029920,ORD00012962,SKU00435,Electronics,2,87.29,43.84,130.74,2026-09-27 10:00:00
ITEM000029921,ORD00012525,SKU00136,Electronics,1,342.76,135.33,207.43,2026-09-27 10:00:00
ITEM000029922,ORD00012036,SKU00450,Grocery,1,364.33,94.97,269.36,2026-09-27 10:00:00
ITEM000029923,ORD00012779,SKU00421,Sports,3,605.39,136.24,1679.93,2026-09-27 10:00:00
ITEM000029924,ORD00014372,SKU00148,Home,1,501.68,162.46,339.22,2026-09-27 10:00:00
ITEM000029925,ORD00012252,SKU00238,Fashion,1,243.29,175.23,68.06,2026-09-27 10:00:00
ITEM000029926,ORD00013480,SKU00448,Grocery,2,740.29,155.06,1325.52,2026-09-27 10:00:00
ITEM000029927,ORD00014079,SKU00407,Fashion,1,382.05,71.35,310.7,2026-09-27 10:00:00
ITEM000029928,ORD00014128,SKU00382,Sports,2,34.1,175.17,-106.97,2026-09-27 10:00:00
ITEM000029929,ORD00013441,SKU00494,Books,2,402.6,52.41,752.79,2026-09-27 10:00:00
ITEM000029930,ORD00012188,SKU00473,Sports,2,364.87,157.71,572.03,2026-09-27 10:00:00
ITEM000029931,ORD00012813,SKU00344,Home,2,393.25,60.3,726.2,2026-09-27 10:00:00
ITEM000029932,ORD00012619,SKU00139,Books,2,66.84,174.07,-40.39,2026-09-27 10:00:00
ITEM000029933,ORD00014804,SKU00307,Home,3,399.81,45.98,1153.45,2026-09-27 10:00:00
ITEM000029934,ORD00013588,SKU00108,Beauty,1,485.09,180.49,304.6,2026-09-27 10:00:00
ITEM000029935,ORD00012453,SKU00480,Grocery,1,593.33,137.3,456.03,2026-09-27 10:00:00
ITEM000029936,ORD00014338,SKU00399,Electronics,1,399.78,164.14,235.64,2026-09-27 10:00:00
ITEM000029937,ORD00012442,SKU00074,Beauty,3,733.37,137.15,2062.96,2026-09-27 10:00:00
ITEM000029938,ORD00014331,SKU00071,Grocery,2,232.12,130.74,333.5,2026-09-27 10:00:00
ITEM000029939,ORD00012374,SKU00095,Electronics,2,308.11,123.86,492.36,2026-09-27 10:00:00
ITEM000029940,ORD00012722,SKU00160,Fashion,2,171.16,152.84,189.48,2026-09-27 10:00:00
ITEM000029941,ORD00012265,SKU00236,Home,3,406.23,28.92,1189.77,2026-09-27 10:00:00
ITEM000029942,ORD00013898,SKU00085,Electronics,3,968.34,148.09,2756.93,2026-09-27 10:00:00
ITEM000029943,ORD00013298,SKU00425,Electronics,2,870.69,49.05,1692.33,2026-09-27 10:00:00
ITEM000029944,ORD00013774,SKU00017,Sports,1,268.09,197.45,70.64,2026-09-27 10:00:00
ITEM000029945,ORD00012053,SKU00243,Fashion,1,432.67,197.67,235.0,2026-09-27 10:00:00
ITEM000029946,ORD00012654,SKU00066,Grocery,1,141.78,15.57,126.21,2026-09-27 10:00:00
ITEM000029947,ORD00013165,SKU00059,Sports,2,1996.76,104.41,3889.11,2026-09-27 10:00:00
ITEM000029948,ORD00012120,SKU00327,Grocery,1,540.14,193.21,346.93,2026-09-27 10:00:00
ITEM000029949,ORD00014031,SKU00137,Grocery,2,467.93,99.33,836.53,2026-09-27 10:00:00
ITEM000029950,ORD00013383,SKU00281,Grocery,2,1358.49,136.55,2580.43,2026-09-27 10:00:00
ITEM000029951,ORD00012292,SKU00483,Grocery,3,1168.52,173.83,3331.73,2026-09-27 10:00:00
ITEM000029952,ORD00012387,SKU00130,Grocery,2,345.17,77.47,612.87,2026-09-27 10:00:00
ITEM000029953,ORD00013008,SKU00024,Beauty,2,1705.43,41.6,3369.26,2026-09-27 10:00:00
ITEM000029954,ORD00014088,SKU00258,Books,3,231.71,43.23,651.9,2026-09-27 10:00:00
ITEM000029955,ORD00014267,SKU00051,Sports,3,122.41,143.06,224.17,2026-09-27 10:00:00
ITEM000029956,ORD00012890,SKU00479,Fashion,3,521.11,138.6,1424.73,2026-09-27 10:00:00
ITEM000029957,ORD00013231,SKU00016,Electronics,1,1884.38,96.54,1787.84,2026-09-27 10:00:00
ITEM000029958,ORD00012187,SKU00318,Electronics,2,258.95,139.87,378.03,2026-09-27 10:00:00
ITEM000029959,ORD00014308,SKU00314,Home,1,827.02,93.44,733.58,2026-09-27 10:00:00
ITEM000029960,ORD00013739,SKU00422,Grocery,2,112.2,44.71,179.69,2026-09-27 10:00:00
ITEM000029961,ORD00012376,SKU00204,Beauty,3,612.33,22.54,1814.45,2026-09-27 10:00:00
ITEM000029962,ORD00012273,SKU00118,Books,1,323.46,3.56,319.9,2026-09-27 10:00:00
ITEM000029963,ORD00014544,SKU00016,Grocery,1,406.37,62.17,344.2,2026-09-27 10:00:00
ITEM000029964,ORD00013451,SKU00086,Electronics,2,915.64,116.55,1714.73,2026-09-27 10:00:00
ITEM000029965,ORD00012058,SKU00274,Beauty,2,398.37,108.82,687.92,2026-09-27 10:00:00
ITEM000029966,ORD00013522,SKU00243,Home,3,234.08,54.56,647.68,2026-09-27 10:00:00
ITEM000029967,ORD00012724,SKU00058,Electronics,2,375.14,49.35,700.93,2026-09-27 10:00:00
ITEM000029968,ORD00012536,SKU00250,Books,3,490.5,4.35,1467.15,2026-09-27 10:00:00
ITEM000029969,ORD00013679,SKU00140,Beauty,1,208.01,73.68,134.33,2026-09-27 10:00:00
ITEM000029970,ORD00012576,SKU00124,Books,2,284.4,89.36,479.44,2026-09-27 10:00:00
ITEM000029971,ORD00012928,SKU00336,Books,3,486.75,21.62,1438.63,2026-09-27 10:00:00
ITEM000029972,ORD00012252,SKU00458,Electronics,2,65.46,136.49,-5.57,2026-09-27 10:00:00
ITEM000029973,ORD00012155,SKU00194,Books,1,164.35,169.1,-4.75,2026-09-27 10:00:00
ITEM000029974,ORD00014070,SKU00159,Grocery,3,1103.96,77.33,3234.55,2026-09-27 10:00:00
ITEM000029975,ORD00013212,SKU00355,Electronics,3,109.6,116.19,212.61,2026-09-27 10:00:00
ITEM000029976,ORD00012291,SKU00173,Grocery,2,305.37,28.36,582.38,2026-09-27 10:00:00
ITEM000029977,ORD00014782,SKU00064,Books,2,126.51,159.73,93.29,2026-09-27 10:00:00
ITEM000029978,ORD00012042,SKU00252,Books,2,525.26,4.65,1045.87,2026-09-27 10:00:00
ITEM000029979,ORD00013551,SKU00115,Home,1,139.37,74.19,65.18,2026-09-27 10:00:00
ITEM000029980,ORD00012199,SKU00126,Grocery,2,1284.99,70.14,2499.84,2026-09-27 10:00:00
ITEM000029981,ORD00012424,SKU00231,Books,3,384.85,122.65,1031.9,2026-09-27 10:00:00
ITEM000029982,ORD00014591,SKU00298,Electronics,3,184.4,67.4,485.8,2026-09-27 10:00:00
ITEM000029983,ORD00014680,SKU00438,Sports,3,319.36,122.36,835.72,2026-09-27 10:00:00
ITEM000029984,ORD00012489,SKU00383,Fashion,3,277.43,52.48,779.81,2026-09-27 10:00:00
ITEM000029985,ORD00014139,SKU00430,Grocery,3,65.17,105.9,89.61,2026-09-27 10:00:00
ITEM000029986,ORD00012740,SKU00298,Electronics,3,222.3,90.68,576.22,2026-09-27 10:00:00
ITEM000029987,ORD00014447,SKU00432,Books,2,148.53,135.07,161.99,2026-09-27 10:00:00
ITEM000029988,ORD00012216,SKU00120,Beauty,2,562.0,197.87,926.13,2026-09-27 10:00:00
ITEM000029989,ORD00012044,SKU00166,Beauty,1,107.48,56.69,50.79,2026-09-27 10:00:00
ITEM000029990,ORD00013029,SKU00058,Electronics ,1,119.69,164.73,-45.04,2026-09-27 10:00:00
ITEM000029991,ORD00012817,SKU00357,Fashion,3,586.52,69.81,1689.75,2026-09-27 10:00:00
ITEM000029992,ORD00013665,SKU00447,Electronics,2,327.92,8.72,647.12,2026-09-27 10:00:00
ITEM000029993,ORD00012271,SKU00171,Grocery,1,381.77,139.59,242.18,2026-09-27 10:00:00
ITEM000029994,ORD00014373,SKU00413,Electronics,3,166.99,152.86,348.11,2026-09-27 10:00:00
ITEM000029995,ORD00014627,SKU00422,Beauty,1,422.56,128.98,293.58,2026-09-27 10:00:00
ITEM000029996,ORD00013511,SKU00380,Electronics,2,183.75,161.09,206.41,2026-09-27 10:00:00
ITEM000029997,ORD00014140,SKU00129,Grocery,1,99.06,22.23,76.83,2026-09-27 10:00:00
ITEM000029998,ORD00014940,SKU00283,Beauty,3,955.74,34.96,2832.26,2026-09-27 10:00:00
ITEM000029999,ORD00013822,SKU00332,Beauty,1,524.91,189.54,335.37,2026-09-27 10:00:00
ITEM000030000,ORD00012364,SKU00009,Grocery,3,1110.86,112.03,3220.55,2026-09-27 10:00:00
