order_id,customer_id,order_date,order_status,payment_method,gross_amount,discount_amount,shipping_fee,tax_amount,net_amount,currency,updated_at
ORD00007290,CUST003845,2026-01-18 05:00:00,PAID,UPI,888.45,133.27,79.0,37.76,871.94,INR,2026-09-26 12:00:00
ORD00006667,CUST002456,2026-07-15 18:00:00,CANCELLED,UPI,937.66,93.77,0.0,151.9,995.79,INR,2026-09-26 12:00:00
ORD00010164,CUST000317,2026-08-22 02:00:00,DELIVERED,CARD,321.79,32.18,149.0,52.13,490.74,inr,2026-09-26 12:00:00
ORD00003295,CUST003314,2026-01-08 02:00:00,CANCELLED,UPI,621.91,31.1,79.0,29.54,699.35,INR,2026-09-26 12:00:00
ORD00011164,CUST002623,2026-05-03 02:00:00,PAID,COD,2089.81,313.47,99.0,88.82,1964.16,INR,2026-09-26 12:00:00
ORD00007117,CUST003769,2026-03-14 15:00:00,SHIPPED,COD,3783.69,378.37,49.0,408.64,3862.96,INR ,2026-09-26 12:00:00
ORD00011711,CUST000461,2026-05-23 16:00:00,CANCELLED,CARD,724.82,108.72,49.0,73.93,739.03,INR,2026-09-26 12:00:00
ORD00007203,CUST004699,2026-01-01 06:00:00,SHIPPED,WALLET,3006.11,450.92,0.0,127.76,2682.95,INR,2026-09-26 12:00:00
ORD00000048,CUST001421,2026-05-10 15:00:00,DELIVERED,NETBANKING,349.79,52.47,79.0,14.87,391.19,INR,2026-09-26 12:00:00
ORD00011285,CUST000646,2026-03-20 13:00:00,PAID,CARD,3210.27,481.54,149.0,136.44,3014.17,INR,2026-09-26 12:00:00
ORD00000837,CUST000269,2026-03-11 10:00:00,CANCELLED,CARD,2841.11,142.06,49.0,134.95,2883.0,INR,2026-09-26 12:00:00
ORD00000692,CUST002982,2026-05-24 13:00:00,PAID,NETBANKING,1140.96,171.14,99.0,116.38,1185.2,inr ,2026-09-26 12:00:00
ORD00010252,CUST003591,2026-02-19 08:00:00,PAID,WALLET,685.55,0.0,0.0,82.27,767.82,INR,2026-09-26 12:00:00
ORD00009162,CUST004310,2026-08-23 19:00:00,DELIVERED,NETBANKING,818.86,245.66,79.0,103.18,755.38,INR,2026-09-26 12:00:00
ORD00008762,CUST001731,2026-03-05 19:00:00,CANCELLED,UPI,929.09,92.91,149.0,100.34,1085.52,INR,2026-09-26 12:00:00
ORD00007289,CUST003014,2026-03-28 19:00:00,PAID,UPI,1141.96,0.0,99.0,137.04,1378.0,INR,2026-09-26 12:00:00
ORD00005461,CUST003527,2026-04-03 04:00:00,SHIPPED,UPI,557.79,0.0,99.0,66.93,723.72,INR,2026-09-26 12:00:00
ORD00004650,CUST002520,2026-04-05 15:00:00,PAID,CARD,515.76,154.73,79.0,43.32,483.35,INR,2026-09-26 12:00:00
ORD00003006,CUST001725,2026-06-09 08:00:00,CANCELLED,UPI,4296.86,0.0,149.0,515.62,4961.48,Rs,2026-09-26 12:00:00
ORD00001367,CUST002419,2026-07-18 15:00:00,PAID,UPI,1092.13,218.43,49.0,157.27,1079.97,INR ,2026-09-26 12:00:00
ORD00006021,CUST002377,2026-08-16 02:00:00,PAID,COD,617.79,92.67,0.0,26.26,551.38,inr,2026-09-26 12:00:00
ORD00000429,CUST002252,2026-04-27 20:00:00,CANCELLED,UPI,1163.84,58.19,0.0,132.68,1238.33,INR,2026-09-26 12:00:00
ORD00004505,CUST002221,2026-03-24 19:00:00,DELIVERED,CARD,388.81,19.44,99.0,66.49,534.86,INR,2026-09-26 12:00:00
ORD00008210,CUST000690,2026-07-08 09:00:00,CANCELLED,UPI,1103.47,55.17,0.0,52.42,1100.72,INR,2026-09-26 12:00:00
ORD00008345,CUST003016,2026-02-11 22:00:00,SHIPPED,COD,681.39,34.07,79.0,77.68,804.0,INR,2026-09-26 12:00:00
ORD00010723,CUST002123,2026-02-18 09:00:00,DELIVERED,COD,614.08,0.0,0.0,30.7,644.78,INR,2026-09-26 12:00:00
ORD00001320,CUST003089,2026-06-23 14:00:00,PAID,COD,1642.74,164.27,149.0,177.42,1804.89,inr,2026-09-26 12:00:00
ORD00000195,CUST000497,2026-05-05 09:00:00,DELIVERED,COD,1187.28,178.09,49.0,50.46,1108.65,INR,2026-09-26 12:00:00
ORD00005202,CUST001699,2026-05-03 05:00:00,CANCELLED,CARD,1085.19,325.56,0.0,91.16,850.79,INR,2026-09-26 12:00:00
ORD00000805,CUST000684,2026-04-01 22:00:00,PAID,UPI,1171.87,58.59,79.0,200.39,1392.67,INR,2026-09-26 12:00:00
ORD00010401,CUST004270,2026-02-08 13:00:00,CANCELLED,UPI,1217.98,0.0,49.0,219.24,1486.22,INR,2026-09-26 12:00:00
ORD00010143,CUST001249,2026-04-15 08:00:00,SHIPPED,UPI,1335.81,0.0,49.0,66.79,1451.6,INR,2026-09-26 12:00:00
ORD00005349,CUST002179,2026-04-11 03:00:00,DELIVERED,UPI,1902.4,95.12,79.0,216.87,2103.15,INR,2026-09-26 12:00:00
ORD00005031,CUST003081,2026-06-14 07:00:00,PAID,UPI,1349.31,67.47,79.0,153.82,1514.66,INR,2026-09-26 12:00:00
ORD00006239,CUST003128,2026-06-19 13:00:00,CANCELLED,COD,1142.13,57.11,99.0,130.2,1314.22,INR,2026-09-26 12:00:00
ORD00010872,CUST003529,2026-08-04 18:00:00,SHIPPED,NETBANKING,2734.06,546.81,149.0,262.47,2598.72,INR,2026-09-26 12:00:00
ORD00011614,CUST004227,2026-02-19 12:00:00,DELIVERED,CARD,794.76,39.74,0.0,37.75,792.77,INR,2026-09-26 12:00:00
ORD00006860,CUST000382,2026-06-10 02:00:00,PAID,CARD,11027.72,1654.16,49.0,1124.83,10547.39,INR,2026-09-26 12:00:00
ORD00004162,CUST001962,2026-04-02 08:00:00,DELIVERED,UPI,388.26,0.0,0.0,46.59,434.85,INR,2026-09-26 12:00:00
ORD00002164,CUST004303,2026-05-11 12:00:00,SHIPPED,UPI,815.96,40.8,49.0,38.76,862.92,INR,2026-09-26 12:00:00
ORD00005051,CUST002599,2026-03-18 00:00:00,SHIPPED,UPI,451.32,90.26,0.0,43.33,404.39,INR,2026-09-26 12:00:00
ORD00000671,CUST004234,2026-01-16 04:00:00,DELIVERED,UPI,386.72,19.34,149.0,44.09,560.47,INR,2026-09-26 12:00:00
ORD00003758,CUST000436,2026-04-04 12:00:00,CANCELLED,UPI,643.74,32.19,99.0,30.58,741.13,INR,2026-09-26 12:00:00
ORD00008213,CUST001697,2026-05-04 00:00:00,PAID,UPI,1155.17,0.0,79.0,57.76,1291.93,INR,2026-09-26 12:00:00
ORD00007066,CUST002351,2026-08-01 06:00:00,CANCELLED,WALLET,806.33,80.63,79.0,87.08,891.78,INR,2026-09-26 12:00:00
ORD00004961,CUST002935,2026-07-02 12:00:00,DELIVERED,COD,1007.96,302.39,149.0,35.28,889.85,INR,2026-09-26 12:00:00
ORD00010953,CUST001084,2026-01-16 10:00:00,CANCELLED,UPI,323.84,0.0,49.0,16.19,389.03,INR,2026-09-26 12:00:00
ORD00009846,CUST004982,2026-01-31 12:00:00,CANCELLED,UPI,847.86,84.79,0.0,38.15,801.22,INR,2026-09-26 12:00:00
ORD00007805,CUST001321,2026-02-01 17:00:00,PAID,UPI,394.52,39.45,49.0,63.91,467.98,INR,2026-09-26 12:00:00
ORD00008001,CUST003802,2026-02-12 21:00:00,CANCELLED,COD,2947.11,589.42,0.0,117.88,2475.57,INR,2026-09-26 12:00:00
ORD00004364,CUST000584,2026-02-12 20:00:00,PAID,CARD,434.82,65.22,0.0,44.35,413.95,INR,2026-09-26 12:00:00
ORD00006240,CUST004990,2026-01-06 10:00:00,PAID,CARD,612.29,0.0,0.0,110.21,722.5,INR,2026-09-26 12:00:00
ORD00011216,CUST001030,2026-07-04 11:00:00,DELIVERED,CARD,377.37,0.0,149.0,45.28,571.65,INR,2026-09-26 12:00:00
ORD00005131,CUST000658,2026-02-01 07:00:00,SHIPPED,CARD,1275.81,0.0,0.0,63.79,1339.6,inr ,2026-09-26 12:00:00
ORD00011959,CUST004205,2026-02-05 22:00:00,PAID,UPI,310.16,31.02,0.0,33.5,312.64,INR,2026-09-26 12:00:00
ORD00007300,CUST004071,2026-05-13 23:00:00,CANCELLED,CARD,1954.24,97.71,0.0,92.83,1949.36,INR ,2026-09-26 12:00:00
ORD00000863,CUST004022,2026-08-15 15:00:00,DELIVERED,NETBANKING,1658.53,82.93,79.0,78.78,1733.38,INR,2026-09-26 12:00:00
ORD00004812,CUST003993,2026-06-29 09:00:00,SHIPPED,NETBANKING,1517.56,303.51,0.0,60.7,1274.75,INR,2026-09-26 12:00:00
ORD00001301,CUST001023,2026-02-22 11:00:00,CANCELLED,UPI,1203.98,0.0,99.0,216.72,1519.7,INR,2026-09-26 12:00:00
ORD00005253,CUST003322,2026-06-25 11:00:00,DELIVERED,UPI,752.29,150.46,49.0,30.09,680.92,INR,2026-09-26 12:00:00
ORD00000857,CUST000462,2026-06-18 05:00:00,PAID,UPI,3137.04,313.7,99.0,338.8,3261.14,inr,2026-09-26 12:00:00
ORD00008018,CUST001575,2026-07-13 08:00:00,PAID,COD,3951.13,395.11,49.0,426.72,4031.74,INR,2026-09-26 12:00:00
ORD00010987,CUST000439,2026-02-13 22:00:00,PAID,COD,1877.05,187.7,149.0,84.47,1922.82,INR,2026-09-26 12:00:00
ORD00001430,CUST002620,2026-08-13 12:00:00,PAID,CARD,2126.67,106.33,99.0,242.44,2361.78,INR,2026-09-26 12:00:00
ORD00006309,CUST004219,2026-02-09 10:00:00,PAID,CARD,1193.58,238.72,99.0,114.58,1168.44,INR,2026-09-26 12:00:00
ORD00002477,CUST002399,2026-05-15 03:00:00,CANCELLED,NETBANKING,2812.82,0.0,0.0,506.31,3319.13,INR,2026-09-26 12:00:00
ORD00008505,CUST003910,2026-08-20 20:00:00,CANCELLED,COD,1030.32,103.03,0.0,111.27,1038.56,INR,2026-09-26 12:00:00
ORD00006472,CUST002420,2026-02-02 19:00:00,SHIPPED,NETBANKING,1927.2,96.36,79.0,329.55,2239.39,INR,2026-09-26 12:00:00
ORD00009851,CUST002896,2026-07-19 23:00:00,DELIVERED,COD,5113.88,1534.16,99.0,178.99,3857.71,Rs,2026-09-26 12:00:00
ORD00008073,CUST002911,2026-03-31 02:00:00,PAID,NETBANKING,1065.52,106.55,0.0,47.95,1006.92,INR,2026-09-26 12:00:00
ORD00006076,CUST003514,2026-04-17 10:00:00,PAID,COD,286.71,14.34,99.0,13.62,384.99,Rs,2026-09-26 12:00:00
ORD00006094,CUST000026,2026-01-20 12:00:00,SHIPPED,CARD,1586.25,237.94,49.0,67.42,1464.73,INR ,2026-09-26 12:00:00
ORD00005186,CUST000444,2026-02-26 20:00:00,DELIVERED,COD,1319.3,395.79,149.0,46.18,1118.69,INR,2026-09-26 12:00:00
ORD00001749,CUST003798,2026-05-24 21:00:00,DELIVERED,CARD,1001.84,100.18,149.0,162.3,1212.96,INR ,2026-09-26 12:00:00
ORD00008409,CUST000460,2026-02-14 09:00:00,SHIPPED,NETBANKING,1742.46,348.49,0.0,69.7,1463.67,INR,2026-09-26 12:00:00
ORD00000521,CUST000969,2026-07-10 14:00:00,SHIPPED,UPI,2469.17,493.83,79.0,355.56,2409.9,inr,2026-09-26 12:00:00
ORD00007679,CUST001081,2026-06-04 20:00:00,SHIPPED,CARD,3090.99,309.1,149.0,500.74,3431.63,INR,2026-09-26 12:00:00
ORD00001382,CUST000017,2026-04-16 01:00:00,PAID,COD,1884.96,376.99,79.0,180.96,1767.93,INR,2026-09-26 12:00:00
ORD00011080,CUST002672,2026-08-24 19:00:00,SHIPPED,UPI,2785.45,139.27,99.0,132.31,2877.49,inr,2026-09-26 12:00:00
ORD00004431,CUST000794,2026-05-29 15:00:00,PAID,CARD,2430.55,243.06,0.0,393.75,2581.24,INR,2026-09-26 12:00:00
ORD00009086,CUST001550,2026-01-05 22:00:00,PAID,CARD,1842.26,92.11,149.0,87.51,1986.66,INR,2026-09-26 12:00:00
ORD00003126,CUST000259,2026-05-24 20:00:00,DELIVERED,COD,953.54,95.35,49.0,42.91,950.1,INR,2026-09-26 12:00:00
ORD00008094,CUST000325,2026-01-13 18:00:00,CANCELLED,NETBANKING,1289.1,64.46,49.0,146.96,1420.6,INR,2026-09-26 12:00:00
ORD00006275,CUST003581,2026-04-25 03:00:00,DELIVERED,UPI,1413.42,70.67,49.0,67.14,1458.89,inr,2026-09-26 12:00:00
ORD00010228,CUST004907,2026-07-01 22:00:00,CANCELLED,CARD,1233.11,246.62,149.0,118.38,1253.87,INR ,2026-09-26 12:00:00
ORD00003167,CUST002704,2026-01-20 15:00:00,DELIVERED,UPI,351.69,35.17,79.0,56.97,452.49,inr,2026-09-26 12:00:00
ORD00006165,CUST001115,2026-05-08 00:00:00,CANCELLED,CARD,2027.45,608.24,99.0,70.96,1589.17,INR,2026-09-26 12:00:00
ORD00008561,CUST000881,2026-03-05 23:00:00,DELIVERED,WALLET,1620.79,81.04,0.0,184.77,1724.52,inr,2026-09-26 12:00:00
ORD00010874,CUST004541,2026-08-17 08:00:00,SHIPPED,CARD,525.43,26.27,99.0,59.9,658.06,INR,2026-09-26 12:00:00
ORD00011629,CUST000882,2026-02-18 14:00:00,DELIVERED,UPI,800.3,160.06,0.0,32.01,672.25,INR,2026-09-26 12:00:00
ORD00002003,CUST004613,2026-01-23 02:00:00,DELIVERED,CARD,517.49,0.0,49.0,25.87,592.36,INR ,2026-09-26 12:00:00
ORD00001254,CUST004206,2026-07-10 16:00:00,CANCELLED,UPI,1265.03,126.5,0.0,204.94,1343.47,INR,2026-09-26 12:00:00
ORD00005318,CUST000830,2026-03-11 22:00:00,CANCELLED,UPI,1458.66,0.0,0.0,72.93,1531.59,INR,2026-09-26 12:00:00
ORD00007298,CUST001326,2026-06-10 22:00:00,CANCELLED,NETBANKING,1069.38,53.47,149.0,121.91,1286.82,INR,2026-09-26 12:00:00
ORD00004479,CUST001365,2026-05-15 05:00:00,PAID,CARD,770.09,0.0,49.0,38.5,857.59,INR,2026-09-26 12:00:00
ORD00011550,CUST001205,2026-07-07 08:00:00,PAID,CARD,739.21,73.92,49.0,79.83,794.12,INR,2026-09-26 12:00:00
ORD00003417,CUST002520,2026-01-28 00:00:00,PAID,CARD,855.87,0.0,49.0,42.79,947.66,INR,2026-09-26 12:00:00
ORD00007467,CUST004603,2026-04-21 00:00:00,DELIVERED,COD,692.48,0.0,49.0,83.1,824.58,INR,2026-09-26 12:00:00
ORD00008292,CUST002510,2026-01-09 13:00:00,DELIVERED,CARD,847.45,84.74,0.0,38.14,800.85,INR,2026-09-26 12:00:00
ORD00001869,CUST003763,2026-03-13 07:00:00,CANCELLED,CARD,641.49,0.0,79.0,76.98,797.47,Rs,2026-09-26 12:00:00
ORD00008620,CUST002341,2026-07-04 12:00:00,SHIPPED,CARD,1761.66,352.33,149.0,253.68,1812.01,INR,2026-09-26 12:00:00
ORD00010159,CUST002346,2026-06-20 00:00:00,SHIPPED,UPI,2084.17,0.0,99.0,104.21,2287.38,INR,2026-09-26 12:00:00
ORD00003507,CUST004483,2026-02-26 05:00:00,PAID,UPI,1006.22,0.0,0.0,120.75,1126.97,INR,2026-09-26 12:00:00
ORD00002806,CUST001337,2026-05-16 11:00:00,DELIVERED,UPI,1372.23,274.45,149.0,131.73,1378.51,INR,2026-09-26 12:00:00
ORD00008020,CUST004270,2026-08-12 14:00:00,PAID,COD,553.03,27.65,149.0,26.27,700.65,inr ,2026-09-26 12:00:00
ORD00002052,CUST001716,2026-03-30 19:00:00,CANCELLED,UPI,860.36,43.02,149.0,147.12,1113.46,INR,2026-09-26 12:00:00
ORD00011985,CUST001754,2026-04-19 09:00:00,DELIVERED,UPI,1098.46,219.69,79.0,105.45,1063.22,INR,2026-09-26 12:00:00
ORD00005072,CUST003112,2026-03-09 09:00:00,SHIPPED,WALLET,701.95,70.2,99.0,75.81,806.56,INR,2026-09-26 12:00:00
ORD00010429,CUST003828,2026-05-05 13:00:00,SHIPPED,UPI,823.53,41.18,99.0,39.12,920.47,INR,2026-09-26 12:00:00
ORD00005426,CUST004288,2026-03-13 21:00:00,CANCELLED,COD,237.87,0.0,149.0,28.54,415.41,INR,2026-09-26 12:00:00
ORD00007839,CUST003195,2026-02-08 14:00:00,PAID,COD,998.19,99.82,79.0,107.8,1085.17,inr,2026-09-26 12:00:00
ORD00006212,CUST000213,2026-04-08 19:00:00,SHIPPED,NETBANKING,937.08,46.85,0.0,44.51,934.74,INR,2026-09-26 12:00:00
ORD00005208,CUST003294,2026-05-10 04:00:00,SHIPPED,COD,1066.53,53.33,0.0,50.66,1063.86,INR,2026-09-26 12:00:00
ORD00005591,CUST000753,2026-06-07 00:00:00,DELIVERED,WALLET,1972.58,295.89,0.0,83.83,1760.52,inr,2026-09-26 12:00:00
ORD00009263,CUST003168,2026-06-28 16:00:00,CANCELLED,CARD,1872.27,0.0,79.0,224.67,2175.94,INR,2026-09-26 12:00:00
ORD00010299,CUST004658,2026-01-12 20:00:00,CANCELLED,COD,646.45,32.32,79.0,73.7,766.83,INR,2026-09-26 12:00:00
ORD00001781,CUST003247,2026-03-15 15:00:00,PAID,CARD,2060.06,412.01,79.0,82.4,1809.45,INR,2026-09-26 12:00:00
ORD00005581,CUST000568,2026-06-12 11:00:00,CANCELLED,COD,563.75,28.19,79.0,26.78,641.34,inr,2026-09-26 12:00:00
ORD00011663,CUST004310,2026-03-30 20:00:00,CANCELLED,UPI,3426.63,685.33,99.0,137.07,2977.37,INR,2026-09-26 12:00:00
ORD00003536,CUST002128,2026-08-24 14:00:00,CANCELLED,CARD,1106.32,0.0,149.0,55.32,1310.64,INR,2026-09-26 12:00:00
ORD00003071,CUST000100,2026-08-26 17:00:00,CANCELLED,COD,471.54,23.58,149.0,53.76,650.72,INR,2026-09-26 12:00:00
ORD00008995,CUST001527,2026-02-21 19:00:00,DELIVERED,CARD,1315.09,131.51,49.0,59.18,1291.76,INR,2026-09-26 12:00:00
ORD00009808,CUST000142,2026-01-08 16:00:00,SHIPPED,UPI,1056.53,105.65,49.0,114.11,1113.99,INR,2026-09-26 12:00:00
ORD00001192,CUST000854,2026-05-28 05:00:00,SHIPPED,UPI,2410.52,0.0,0.0,433.89,2844.41,inr,2026-09-26 12:00:00
ORD00000743,CUST002330,2026-08-11 23:00:00,CANCELLED,UPI,948.47,47.42,0.0,45.05,946.1,INR ,2026-09-26 12:00:00
ORD00002392,CUST000277,2026-05-28 08:00:00,PAID,UPI,431.83,21.59,0.0,49.23,459.47,INR,2026-09-26 12:00:00
ORD00001060,CUST003992,2026-05-19 14:00:00,CANCELLED,CARD,1905.93,0.0,49.0,95.3,2050.23,INR,2026-09-26 12:00:00
ORD00008284,CUST003425,2026-06-19 09:00:00,DELIVERED,UPI,1433.46,143.35,99.0,64.51,1453.62,INR,2026-09-26 12:00:00
ORD00011682,CUST002324,2026-04-28 13:00:00,PAID,WALLET,2069.04,103.45,99.0,98.28,2162.87,Rs,2026-09-26 12:00:00
ORD00005593,CUST000594,2026-05-31 14:00:00,DELIVERED,CARD,344.14,17.21,99.0,39.23,465.16,INR,2026-09-26 12:00:00
ORD00002591,CUST002557,2026-04-29 01:00:00,DELIVERED,CARD,5871.77,0.0,79.0,704.61,6655.38,inr,2026-09-26 12:00:00
ORD00002141,CUST003924,2026-05-01 20:00:00,CANCELLED,CARD,707.76,0.0,49.0,35.39,792.15,INR,2026-09-26 12:00:00
ORD00006322,CUST002385,2026-01-11 09:00:00,PAID,CARD,1001.14,50.06,0.0,114.13,1065.21,INR,2026-09-26 12:00:00
ORD00010858,CUST004531,2026-02-05 01:00:00,CANCELLED,COD,1736.08,520.82,0.0,218.75,1434.01,INR,2026-09-26 12:00:00
ORD00006332,CUST000641,2026-04-04 08:00:00,CANCELLED,CARD,2359.84,235.98,149.0,254.86,2527.72,inr,2026-09-26 12:00:00
ORD00007588,CUST003486,2026-02-15 23:00:00,SHIPPED,UPI,436.99,65.55,149.0,44.57,565.01,INR,2026-09-26 12:00:00
ORD00011044,CUST000076,2026-03-07 21:00:00,PAID,COD,1787.23,89.36,49.0,305.62,2052.49,inr,2026-09-26 12:00:00
ORD00009957,CUST001218,2026-05-08 06:00:00,SHIPPED,CARD,2181.02,218.1,99.0,235.55,2297.47,Rs,2026-09-26 12:00:00
ORD00001662,CUST000662,2026-02-26 23:00:00,SHIPPED,COD,3301.96,165.1,49.0,376.42,3562.28,INR,2026-09-26 12:00:00
ORD00011845,CUST001360,2026-01-04 17:00:00,CANCELLED,CARD,1249.11,62.46,99.0,142.4,1428.05,Rs,2026-09-26 12:00:00
ORD00006951,CUST001327,2026-07-29 15:00:00,DELIVERED,COD,1281.02,192.15,149.0,130.66,1368.53,INR,2026-09-26 12:00:00
ORD00000383,CUST004296,2026-08-18 12:00:00,SHIPPED,WALLET,968.34,96.83,49.0,43.58,964.09,INR,2026-09-26 12:00:00
ORD00006832,CUST001720,2026-05-01 18:00:00,CANCELLED,UPI,1420.03,0.0,149.0,71.0,1640.03,INR,2026-09-26 12:00:00
ORD00009371,CUST004919,2026-05-10 04:00:00,CANCELLED,UPI,1809.05,180.9,0.0,195.38,1823.53,INR,2026-09-26 12:00:00
ORD00003931,CUST003820,2026-08-20 19:00:00,PAID,CARD,2399.07,239.91,99.0,259.1,2517.26,INR,2026-09-26 12:00:00
ORD00011576,CUST002729,2026-01-08 22:00:00,CANCELLED,UPI,1127.78,225.56,49.0,108.27,1059.49,INR,2026-09-26 12:00:00
ORD00002476,CUST000161,2026-03-09 05:00:00,DELIVERED,UPI,915.05,137.26,99.0,93.33,970.12,INR ,2026-09-26 12:00:00
ORD00008114,CUST000446,2026-04-26 20:00:00,PAID,NETBANKING,411.74,61.76,0.0,42.0,391.98,INR,2026-09-26 12:00:00
ORD00000916,CUST004536,2026-08-13 05:00:00,SHIPPED,UPI,2209.11,0.0,79.0,265.09,2553.2,INR ,2026-09-26 12:00:00
ORD00008066,CUST004582,2026-06-16 06:00:00,PAID,UPI,961.4,96.14,149.0,155.75,1170.01,Rs,2026-09-26 12:00:00
ORD00000374,CUST000925,2026-02-21 21:00:00,CANCELLED,COD,1663.8,332.76,149.0,159.72,1639.76,Rs,2026-09-26 12:00:00
ORD00000967,CUST002590,2026-05-04 05:00:00,CANCELLED,COD,1187.25,59.36,79.0,56.39,1263.28,INR,2026-09-26 12:00:00
ORD00007107,CUST001714,2026-06-26 10:00:00,DELIVERED,COD,896.14,89.61,79.0,40.33,925.86,INR,2026-09-26 12:00:00
ORD00008257,CUST000744,2026-02-14 17:00:00,PAID,COD,1533.82,0.0,0.0,276.09,1809.91,INR,2026-09-26 12:00:00
ORD00004143,CUST004672,2026-04-16 12:00:00,CANCELLED,CARD,1249.32,124.93,79.0,134.93,1338.32,INR ,2026-09-26 12:00:00
ORD00007369,CUST002872,2026-01-23 11:00:00,SHIPPED,NETBANKING,1432.26,214.84,99.0,146.09,1462.51,INR,2026-09-26 12:00:00
ORD00001703,CUST001086,2026-07-30 10:00:00,DELIVERED,CARD,343.48,0.0,79.0,41.22,463.7,INR,2026-09-26 12:00:00
ORD00007610,CUST002422,2026-02-17 10:00:00,CANCELLED,CARD,602.36,30.12,149.0,68.67,789.91,INR,2026-09-26 12:00:00
ORD00002200,CUST002715,2026-03-14 19:00:00,PAID,CARD,783.89,39.19,99.0,134.05,977.75,INR,2026-09-26 12:00:00
ORD00003627,CUST003412,2026-06-04 03:00:00,PAID,COD,1547.8,77.39,149.0,73.52,1692.93,INR,2026-09-26 12:00:00
ORD00000233,CUST004452,2026-03-26 18:00:00,PAID,NETBANKING,562.4,28.12,49.0,64.11,647.39,INR,2026-09-26 12:00:00
ORD00005907,CUST003687,2026-06-25 13:00:00,DELIVERED,CARD,1967.89,590.37,99.0,68.88,1545.4,INR,2026-09-26 12:00:00
ORD00007795,CUST001334,2026-01-28 01:00:00,SHIPPED,COD,1589.95,79.5,79.0,181.25,1770.7,INR,2026-09-26 12:00:00
ORD00005518,CUST003381,2026-07-20 05:00:00,DELIVERED,CARD,1086.29,54.31,0.0,185.76,1217.74,INR ,2026-09-26 12:00:00
ORD00003096,CUST000576,2026-02-24 21:00:00,SHIPPED,UPI,1066.54,106.65,49.0,115.19,1124.08,INR,2026-09-26 12:00:00
ORD00000049,CUST000341,2026-02-05 13:00:00,PAID,CARD,809.44,40.47,79.0,138.41,986.38,INR,2026-09-26 12:00:00
ORD00004992,CUST004648,2026-01-20 19:00:00,CANCELLED,CARD,1407.76,0.0,99.0,253.4,1760.16,inr,2026-09-26 12:00:00
ORD00008019,CUST003229,2026-06-12 16:00:00,SHIPPED,UPI,2779.08,138.95,149.0,316.82,3105.95,Rs,2026-09-26 12:00:00
ORD00011494,CUST002984,2026-07-11 07:00:00,PAID,UPI,1294.21,0.0,49.0,232.96,1576.17,INR,2026-09-26 12:00:00
ORD00000934,CUST001303,2026-03-30 07:00:00,SHIPPED,COD,781.7,0.0,79.0,93.8,954.5,INR,2026-09-26 12:00:00
ORD00005335,CUST004129,2026-05-21 21:00:00,CANCELLED,CARD,2617.38,261.74,0.0,282.68,2638.32,INR,2026-09-26 12:00:00
ORD00006475,CUST002595,2026-06-27 01:00:00,DELIVERED,UPI,6732.61,0.0,149.0,336.63,7218.24,INR,2026-09-26 12:00:00
ORD00007343,CUST000100,2026-06-23 08:00:00,SHIPPED,COD,726.52,0.0,149.0,130.77,1006.29,INR,2026-09-26 12:00:00
ORD00003196,CUST004992,2026-05-26 17:00:00,PAID,WALLET,521.54,78.23,49.0,53.2,545.51,INR,2026-09-26 12:00:00
ORD00001174,CUST000637,2026-01-28 00:00:00,SHIPPED,COD,1382.97,138.3,79.0,62.23,1385.9,INR,2026-09-26 12:00:00
ORD00001519,CUST002415,2026-04-16 22:00:00,DELIVERED,COD,664.77,66.48,0.0,71.79,670.08,inr,2026-09-26 12:00:00
ORD00011522,CUST002879,2026-03-22 00:00:00,CANCELLED,UPI,1585.25,158.52,99.0,171.21,1696.94,INR,2026-09-26 12:00:00
ORD00005748,CUST004465,2026-01-09 02:00:00,SHIPPED,COD,1235.34,123.53,99.0,55.59,1266.4,INR ,2026-09-26 12:00:00
ORD00005134,CUST001450,2026-06-09 12:00:00,SHIPPED,CARD,1909.7,95.49,49.0,217.71,2080.92,INR,2026-09-26 12:00:00
ORD00000517,CUST002155,2026-07-19 08:00:00,CANCELLED,UPI,689.75,68.98,0.0,31.04,651.81,INR,2026-09-26 12:00:00
ORD00003173,CUST000621,2026-06-22 09:00:00,DELIVERED,CARD,1812.71,90.64,79.0,86.1,1887.17,INR,2026-09-26 12:00:00
ORD00008247,CUST000394,2026-03-20 02:00:00,SHIPPED,WALLET,1091.29,109.13,0.0,49.11,1031.27,INR,2026-09-26 12:00:00
ORD00007834,CUST003590,2026-04-12 19:00:00,CANCELLED,UPI,3089.82,463.47,79.0,315.16,3020.51,INR,2026-09-26 12:00:00
ORD00002036,CUST003368,2026-08-27 11:00:00,DELIVERED,UPI,1250.87,0.0,49.0,225.16,1525.03,INR,2026-09-26 12:00:00
ORD00001688,CUST000772,2026-07-16 13:00:00,PAID,UPI,716.19,143.24,0.0,28.65,601.6,INR,2026-09-26 12:00:00
ORD00007884,CUST000103,2026-01-14 23:00:00,DELIVERED,UPI,3665.37,183.27,79.0,174.1,3735.2,INR,2026-09-26 12:00:00
ORD00004898,CUST004353,2026-04-28 16:00:00,DELIVERED,UPI,2075.64,415.13,149.0,199.26,2008.77,INR,2026-09-26 12:00:00
ORD00002678,CUST001720,2026-01-12 12:00:00,PAID,NETBANKING,2091.5,104.58,149.0,99.35,2235.27,inr,2026-09-26 12:00:00
ORD00008933,CUST002712,2026-08-27 04:00:00,PAID,WALLET,927.74,185.55,99.0,89.06,930.25,Rs,2026-09-26 12:00:00
ORD00000395,CUST002037,2026-07-21 12:00:00,DELIVERED,COD,1745.02,87.25,99.0,198.93,1955.7,INR,2026-09-26 12:00:00
ORD00009973,CUST003660,2026-07-30 12:00:00,PAID,UPI,561.35,28.07,149.0,63.99,746.27,INR,2026-09-26 12:00:00
ORD00008403,CUST001638,2026-01-01 03:00:00,CANCELLED,CARD,806.7,40.34,99.0,91.96,957.32,INR,2026-09-26 12:00:00
ORD00008295,CUST003080,2026-08-17 12:00:00,CANCELLED,UPI,1313.78,262.76,149.0,126.12,1326.14,INR ,2026-09-26 12:00:00
ORD00007757,CUST003854,2026-06-20 02:00:00,DELIVERED,UPI,412.85,20.64,0.0,70.6,462.81,INR,2026-09-26 12:00:00
ORD00010428,CUST001602,2026-01-27 01:00:00,DELIVERED,UPI,368.77,55.32,99.0,37.61,450.06,INR,2026-09-26 12:00:00
ORD00006589,CUST000977,2026-01-18 02:00:00,DELIVERED,WALLET,748.72,224.62,149.0,62.89,735.99,INR,2026-09-26 12:00:00
ORD00007134,CUST000176,2026-08-25 20:00:00,CANCELLED,CARD,683.22,136.64,149.0,27.33,722.91,INR,2026-09-26 12:00:00
ORD00004429,CUST004267,2026-04-09 07:00:00,PAID,CARD,612.32,122.46,79.0,58.78,627.64,INR,2026-09-26 12:00:00
ORD00010986,CUST004513,2026-02-11 19:00:00,DELIVERED,WALLET,1591.52,159.15,49.0,257.83,1739.2,INR,2026-09-26 12:00:00
ORD00005273,CUST001056,2026-02-04 04:00:00,CANCELLED,UPI,1295.45,64.77,49.0,147.68,1427.36,INR ,2026-09-26 12:00:00
ORD00011740,CUST002153,2026-05-05 08:00:00,DELIVERED,COD,840.25,84.02,49.0,136.12,941.35,INR,2026-09-26 12:00:00
ORD00002505,CUST001383,2026-07-22 01:00:00,PAID,CARD,954.16,95.42,79.0,103.05,1040.79,INR,2026-09-26 12:00:00
ORD00001920,CUST000179,2026-05-26 15:00:00,SHIPPED,CARD,4505.29,225.26,149.0,770.41,5199.44,inr,2026-09-26 12:00:00
ORD00010044,CUST003389,2026-08-16 07:00:00,PAID,WALLET,1198.34,0.0,149.0,59.92,1407.26,INR,2026-09-26 12:00:00
ORD00001210,CUST003575,2026-01-20 03:00:00,CANCELLED,WALLET,1419.57,141.96,99.0,63.88,1440.49,INR,2026-09-26 12:00:00
ORD00003023,CUST003811,2026-04-15 19:00:00,PAID,COD,1708.3,85.42,149.0,194.75,1966.63,INR,2026-09-26 12:00:00
ORD00010067,CUST000118,2026-05-14 15:00:00,CANCELLED,CARD,1351.27,67.56,149.0,64.19,1496.9,INR,2026-09-26 12:00:00
ORD00002970,CUST002561,2026-06-21 12:00:00,DELIVERED,UPI,9180.72,1377.11,49.0,936.43,8789.04,inr,2026-09-26 12:00:00
ORD00003617,CUST001884,2026-07-21 17:00:00,CANCELLED,UPI,1558.37,233.76,79.0,158.95,1562.56,INR,2026-09-26 12:00:00
ORD00003114,CUST000882,2026-05-17 23:00:00,PAID,UPI,973.81,97.38,149.0,105.17,1130.6,Rs,2026-09-26 12:00:00
ORD00007309,CUST000545,2026-06-22 21:00:00,DELIVERED,UPI,1723.2,86.16,79.0,294.67,2010.71,INR,2026-09-26 12:00:00
ORD00011099,CUST002106,2026-08-16 02:00:00,SHIPPED,UPI,1523.7,152.37,79.0,68.57,1518.9,INR,2026-09-26 12:00:00
ORD00001136,CUST003673,2026-08-05 09:00:00,DELIVERED,CARD,1399.45,0.0,149.0,69.97,1618.42,INR,2026-09-26 12:00:00
ORD00005741,CUST002468,2026-01-28 20:00:00,SHIPPED,CARD,2907.12,290.71,79.0,313.97,3009.38,Rs,2026-09-26 12:00:00
ORD00007514,CUST003202,2026-05-24 23:00:00,SHIPPED,CARD,2633.55,0.0,99.0,316.03,3048.58,INR,2026-09-26 12:00:00
ORD00006724,CUST001774,2026-02-08 06:00:00,CANCELLED,COD,4361.72,872.34,99.0,174.47,3762.85,INR,2026-09-26 12:00:00
ORD00009300,CUST001278,2026-05-25 10:00:00,DELIVERED,CARD,1978.8,197.88,79.0,213.71,2073.63,INR ,2026-09-26 12:00:00
ORD00011248,CUST004181,2026-03-30 16:00:00,DELIVERED,CARD,1741.53,261.23,149.0,177.64,1806.94,INR,2026-09-26 12:00:00
ORD00007268,CUST002647,2026-06-26 01:00:00,PAID,UPI,4607.1,0.0,99.0,552.85,5258.95,Rs,2026-09-26 12:00:00
ORD00008916,CUST004840,2026-07-08 04:00:00,PAID,UPI,887.19,44.36,0.0,101.14,943.97,INR,2026-09-26 12:00:00
ORD00000079,CUST003429,2026-06-15 12:00:00,CANCELLED,UPI,1596.43,79.82,99.0,181.99,1797.6,INR,2026-09-26 12:00:00
ORD00010535,CUST003394,2026-08-05 07:00:00,CANCELLED,UPI,1214.08,121.41,99.0,54.63,1246.3,Rs,2026-09-26 12:00:00
ORD00011137,CUST002098,2026-05-02 10:00:00,SHIPPED,NETBANKING,2082.2,416.44,49.0,299.84,2014.6,Rs,2026-09-26 12:00:00
ORD00000843,CUST002401,2026-05-19 20:00:00,CANCELLED,CARD,722.35,72.24,149.0,78.01,877.12,INR,2026-09-26 12:00:00
ORD00000930,CUST001339,2026-01-18 05:00:00,DELIVERED,NETBANKING,496.05,0.0,149.0,89.29,734.34,Rs,2026-09-26 12:00:00
ORD00006638,CUST004384,2026-07-10 02:00:00,PAID,CARD,3781.72,378.17,99.0,408.43,3910.98,INR ,2026-09-26 12:00:00
ORD00002080,CUST004497,2026-05-18 02:00:00,CANCELLED,UPI,1728.3,86.42,49.0,295.54,1986.42,INR,2026-09-26 12:00:00
ORD00002967,CUST001509,2026-06-09 10:00:00,CANCELLED,WALLET,791.36,158.27,149.0,31.65,813.74,INR,2026-09-26 12:00:00
ORD00003084,CUST001897,2026-08-20 19:00:00,DELIVERED,WALLET,724.16,72.42,49.0,32.59,733.33,INR,2026-09-26 12:00:00
ORD00004615,CUST001227,2026-08-10 18:00:00,SHIPPED,CARD,313.81,15.69,0.0,14.91,313.03,INR,2026-09-26 12:00:00
ORD00007698,CUST000561,2026-04-25 01:00:00,CANCELLED,WALLET,1178.85,0.0,79.0,58.94,1316.79,INR,2026-09-26 12:00:00
ORD00006757,CUST001621,2026-07-05 10:00:00,PAID,COD,1819.35,90.97,99.0,311.11,2138.49,INR,2026-09-26 12:00:00
ORD00011457,CUST003879,2026-03-10 19:00:00,PAID,UPI,2241.02,0.0,49.0,268.92,2558.94,INR,2026-09-26 12:00:00
ORD00002767,CUST004034,2026-06-20 12:00:00,CANCELLED,COD,1302.96,0.0,0.0,65.15,1368.11,INR,2026-09-26 12:00:00
ORD00002702,CUST002571,2026-05-14 07:00:00,PAID,NETBANKING,1160.3,116.03,99.0,125.31,1268.58,Rs,2026-09-26 12:00:00
ORD00002920,CUST004377,2026-02-23 12:00:00,CANCELLED,COD,5200.63,780.09,79.0,221.03,4720.57,Rs,2026-09-26 12:00:00
ORD00001034,CUST000569,2026-03-05 12:00:00,DELIVERED,NETBANKING,938.01,93.8,49.0,101.31,994.52,INR,2026-09-26 12:00:00
ORD00007080,CUST002046,2026-04-27 23:00:00,CANCELLED,UPI,2527.28,252.73,0.0,272.95,2547.5,INR,2026-09-26 12:00:00
ORD00003690,CUST002746,2026-05-08 05:00:00,PAID,WALLET,684.24,0.0,49.0,34.21,767.45,INR,2026-09-26 12:00:00
ORD00003674,CUST001940,2026-05-31 11:00:00,SHIPPED,NETBANKING,1637.26,81.86,0.0,186.65,1742.05,INR,2026-09-26 12:00:00
ORD00005771,CUST003916,2026-07-25 19:00:00,CANCELLED,CARD,966.54,289.96,49.0,33.83,759.41,INR,2026-09-26 12:00:00
ORD00011401,CUST001818,2026-01-09 12:00:00,PAID,CARD,1233.0,246.6,99.0,118.37,1203.77,INR,2026-09-26 12:00:00
ORD00007861,CUST001490,2026-06-10 08:00:00,CANCELLED,UPI,895.46,179.09,79.0,85.96,881.33,INR ,2026-09-26 12:00:00
ORD00000055,CUST004076,2026-02-11 14:00:00,PAID,CARD,1010.2,50.51,99.0,47.98,1106.67,INR,2026-09-26 12:00:00
ORD00010455,CUST004090,2026-04-13 05:00:00,DELIVERED,UPI,1062.15,53.11,79.0,181.63,1269.67,INR,2026-09-26 12:00:00
ORD00009744,CUST003146,2026-02-08 00:00:00,DELIVERED,UPI,1306.27,195.94,49.0,55.52,1214.85,inr,2026-09-26 12:00:00
ORD00010281,CUST004845,2026-07-31 20:00:00,PAID,WALLET,944.69,0.0,79.0,113.36,1137.05,INR,2026-09-26 12:00:00
ORD00011504,CUST000590,2026-01-15 22:00:00,DELIVERED,WALLET,2099.87,209.99,149.0,94.49,2133.37,INR,2026-09-26 12:00:00
ORD00003484,CUST002688,2026-03-12 10:00:00,SHIPPED,NETBANKING,847.88,0.0,79.0,101.75,1028.63,INR,2026-09-26 12:00:00
ORD00004344,CUST000713,2026-03-21 04:00:00,SHIPPED,UPI,1457.09,145.71,99.0,157.37,1567.75,Rs,2026-09-26 12:00:00
ORD00009155,CUST001447,2026-02-11 06:00:00,SHIPPED,UPI,1468.77,220.32,49.0,62.42,1359.87,INR,2026-09-26 12:00:00
ORD00001982,CUST002482,2026-08-12 19:00:00,DELIVERED,UPI,944.5,0.0,149.0,113.34,1206.84,INR,2026-09-26 12:00:00
ORD00003660,CUST004026,2026-02-19 04:00:00,SHIPPED,WALLET,2329.42,349.41,99.0,356.4,2435.41,INR,2026-09-26 12:00:00
ORD00006861,CUST003297,2026-06-02 19:00:00,CANCELLED,UPI,1706.62,85.33,79.0,81.06,1781.35,INR,2026-09-26 12:00:00
ORD00011073,CUST004150,2026-03-18 10:00:00,PAID,UPI,3248.32,324.83,49.0,350.82,3323.31,INR,2026-09-26 12:00:00
ORD00008962,CUST000916,2026-01-31 16:00:00,CANCELLED,CARD,1193.29,0.0,49.0,214.79,1457.08,INR,2026-09-26 12:00:00
ORD00010511,CUST003165,2026-06-18 10:00:00,PAID,CARD,2617.65,130.88,149.0,298.41,2934.18,inr,2026-09-26 12:00:00
ORD00001724,CUST002244,2026-07-26 23:00:00,CANCELLED,CARD,453.68,136.1,49.0,57.16,423.74,INR ,2026-09-26 12:00:00
ORD00010423,CUST003561,2026-01-12 20:00:00,PAID,CARD,1650.27,82.51,49.0,188.13,1804.89,INR,2026-09-26 12:00:00
ORD00008504,CUST002257,2026-05-19 20:00:00,PAID,UPI,1420.15,71.01,0.0,161.9,1511.04,INR ,2026-09-26 12:00:00
ORD00007670,CUST002589,2026-04-24 09:00:00,PAID,COD,524.8,78.72,49.0,53.53,548.61,INR,2026-09-26 12:00:00
ORD00002159,CUST002205,2026-06-06 07:00:00,SHIPPED,NETBANKING,1940.61,97.03,99.0,92.18,2034.76,INR,2026-09-26 12:00:00
ORD00002022,CUST003713,2026-07-10 22:00:00,SHIPPED,UPI,2050.75,615.22,99.0,258.4,1792.93,INR,2026-09-26 12:00:00
ORD00010796,CUST003167,2026-03-30 04:00:00,CANCELLED,COD,1408.49,422.55,79.0,49.3,1114.24,INR,2026-09-26 12:00:00
ORD00000854,CUST004928,2026-02-11 09:00:00,PAID,CARD,2335.04,116.75,0.0,399.29,2617.58,INR,2026-09-26 12:00:00
ORD00007847,CUST000678,2026-03-17 04:00:00,PAID,UPI,879.87,43.99,49.0,100.31,985.19,INR,2026-09-26 12:00:00
ORD00003067,CUST004895,2026-02-10 14:00:00,DELIVERED,CARD,594.75,89.21,49.0,60.66,615.2,INR,2026-09-26 12:00:00
ORD00006973,CUST004264,2026-01-11 21:00:00,PAID,NETBANKING,2385.54,0.0,79.0,119.28,2583.82,INR,2026-09-26 12:00:00
ORD00007742,CUST000306,2026-05-06 18:00:00,SHIPPED,CARD,1390.96,208.64,0.0,141.88,1324.2,INR,2026-09-26 12:00:00
ORD00010695,CUST004660,2026-01-30 00:00:00,SHIPPED,WALLET,415.25,62.29,79.0,42.36,474.32,INR,2026-09-26 12:00:00
ORD00003097,CUST000606,2026-01-13 19:00:00,DELIVERED,CARD,358.0,35.8,49.0,16.11,387.31,inr,2026-09-26 12:00:00
ORD00001902,CUST004152,2026-06-01 19:00:00,DELIVERED,UPI,1145.82,171.87,49.0,175.31,1198.26,INR,2026-09-26 12:00:00
ORD00003576,CUST004062,2026-08-11 11:00:00,PAID,UPI,1411.19,0.0,0.0,169.34,1580.53,INR,2026-09-26 12:00:00
ORD00005133,CUST004979,2026-04-24 03:00:00,PAID,CARD,659.47,131.89,79.0,94.96,701.54,inr,2026-09-26 12:00:00
ORD00009186,CUST002359,2026-08-23 22:00:00,DELIVERED,UPI,1380.05,69.0,149.0,157.33,1617.38,INR,2026-09-26 12:00:00
ORD00011358,CUST004126,2026-07-18 11:00:00,DELIVERED,COD,948.54,47.43,79.0,108.13,1088.24,INR,2026-09-26 12:00:00
ORD00009810,CUST004311,2026-01-18 10:00:00,CANCELLED,CARD,881.02,44.05,49.0,41.85,927.82,INR,2026-09-26 12:00:00
ORD00010564,CUST001400,2026-08-18 20:00:00,CANCELLED,UPI,845.02,0.0,149.0,101.4,1095.42,INR ,2026-09-26 12:00:00
ORD00007846,CUST003907,2026-06-04 13:00:00,SHIPPED,COD,3030.62,303.06,0.0,327.31,3054.87,INR,2026-09-26 12:00:00
ORD00008182,CUST001491,2026-03-05 06:00:00,SHIPPED,UPI,841.02,0.0,49.0,151.38,1041.4,INR,2026-09-26 12:00:00
ORD00005995,CUST001067,2026-07-18 10:00:00,DELIVERED,NETBANKING,707.24,70.72,149.0,31.83,817.35,inr,2026-09-26 12:00:00
ORD00002528,CUST001406,2026-02-20 09:00:00,DELIVERED,NETBANKING,4595.19,229.76,49.0,523.85,4938.28,INR ,2026-09-26 12:00:00
ORD00001266,CUST000484,2026-04-12 14:00:00,SHIPPED,WALLET,543.25,54.32,79.0,58.67,626.6,Rs,2026-09-26 12:00:00
ORD00003650,CUST004373,2026-06-05 15:00:00,SHIPPED,CARD,587.33,0.0,79.0,70.48,736.81,INR,2026-09-26 12:00:00
ORD00004063,CUST002455,2026-03-07 01:00:00,PAID,UPI,1988.36,298.25,49.0,84.51,1823.62,INR,2026-09-26 12:00:00
ORD00002649,CUST004117,2026-02-21 14:00:00,PAID,CARD,933.87,0.0,0.0,168.1,1101.97,INR,2026-09-26 12:00:00
ORD00004867,CUST003999,2026-01-08 02:00:00,PAID,NETBANKING,412.22,20.61,79.0,19.58,490.19,INR,2026-09-26 12:00:00
ORD00002947,CUST003753,2026-08-23 17:00:00,SHIPPED,CARD,488.34,24.42,0.0,55.67,519.59,INR,2026-09-26 12:00:00
ORD00009775,CUST001440,2026-03-31 01:00:00,PAID,COD,876.09,0.0,79.0,105.13,1060.22,INR,2026-09-26 12:00:00
ORD00009328,CUST003707,2026-01-22 20:00:00,SHIPPED,UPI,682.5,34.12,79.0,116.71,844.09,Rs,2026-09-26 12:00:00
ORD00004848,CUST003764,2026-01-22 23:00:00,DELIVERED,NETBANKING,688.96,137.79,79.0,66.14,696.31,INR,2026-09-26 12:00:00
ORD00007811,CUST003663,2026-06-28 01:00:00,DELIVERED,UPI,1883.56,188.36,99.0,305.14,2099.34,INR,2026-09-26 12:00:00
ORD00005077,CUST003087,2026-03-10 22:00:00,CANCELLED,CARD,959.61,0.0,99.0,47.98,1106.59,INR,2026-09-26 12:00:00
ORD00002116,CUST004849,2026-03-28 04:00:00,CANCELLED,WALLET,650.86,130.17,79.0,62.48,662.17,INR,2026-09-26 12:00:00
ORD00008643,CUST001269,2026-07-18 22:00:00,CANCELLED,UPI,539.24,161.77,99.0,45.3,521.77,INR ,2026-09-26 12:00:00
ORD00009618,CUST001554,2026-08-28 08:00:00,SHIPPED,WALLET,983.21,98.32,0.0,44.24,929.13,INR,2026-09-26 12:00:00
ORD00002187,CUST004713,2026-02-28 19:00:00,CANCELLED,NETBANKING,427.51,85.5,79.0,41.04,462.05,INR,2026-09-26 12:00:00
ORD00005430,CUST002775,2026-06-19 02:00:00,DELIVERED,UPI,2547.34,382.1,79.0,389.74,2633.98,INR,2026-09-26 12:00:00
ORD00010528,CUST003160,2026-05-10 12:00:00,DELIVERED,COD,986.98,98.7,49.0,44.41,981.69,INR,2026-09-26 12:00:00
ORD00005499,CUST004368,2026-06-26 05:00:00,CANCELLED,CARD,1184.2,236.84,49.0,113.68,1110.04,INR,2026-09-26 12:00:00
ORD00002382,CUST003723,2026-07-23 01:00:00,PAID,CARD,4584.37,458.44,0.0,206.3,4332.23,inr,2026-09-26 12:00:00
ORD00008109,CUST001755,2026-06-30 09:00:00,DELIVERED,COD,929.86,46.49,99.0,44.17,1026.54,Rs,2026-09-26 12:00:00
ORD00002124,CUST003749,2026-07-16 03:00:00,PAID,UPI,1194.11,0.0,99.0,214.94,1508.05,INR,2026-09-26 12:00:00
ORD00001265,CUST001381,2026-06-08 23:00:00,PAID,CARD,1665.39,249.81,149.0,169.87,1734.45,inr,2026-09-26 12:00:00
ORD00005663,CUST003496,2026-03-21 03:00:00,SHIPPED,WALLET,757.52,0.0,99.0,90.9,947.42,INR ,2026-09-26 12:00:00
ORD00005767,CUST001788,2026-08-13 13:00:00,CANCELLED,UPI,446.92,0.0,99.0,53.63,599.55,INR,2026-09-26 12:00:00
ORD00002294,CUST000308,2026-08-17 23:00:00,CANCELLED,COD,2268.99,226.9,99.0,102.1,2243.19,INR,2026-09-26 12:00:00
ORD00002018,CUST000972,2026-07-10 10:00:00,CANCELLED,UPI,1072.0,0.0,99.0,192.96,1363.96,INR,2026-09-26 12:00:00
ORD00008256,CUST002268,2026-05-04 00:00:00,PAID,NETBANKING,467.91,46.79,0.0,21.06,442.18,INR,2026-09-26 12:00:00
ORD00002592,CUST004162,2026-07-17 13:00:00,DELIVERED,CARD,862.81,129.42,149.0,88.01,970.4,INR,2026-09-26 12:00:00
ORD00007831,CUST004463,2026-07-27 13:00:00,SHIPPED,CARD,2411.59,120.58,49.0,274.92,2614.93,INR,2026-09-26 12:00:00
ORD00006184,CUST004268,2026-05-25 11:00:00,SHIPPED,CARD,1724.55,172.46,49.0,279.38,1880.47,INR,2026-09-26 12:00:00
ORD00007887,CUST004028,2026-04-18 11:00:00,PAID,CARD,1663.13,498.94,79.0,209.55,1452.74,INR,2026-09-26 12:00:00
ORD00008609,CUST001689,2026-02-02 10:00:00,DELIVERED,CARD,925.76,92.58,49.0,149.97,1032.15,INR,2026-09-26 12:00:00
ORD00004236,CUST001713,2026-04-03 04:00:00,DELIVERED,CARD,434.22,21.71,79.0,49.5,541.01,INR,2026-09-26 12:00:00
ORD00009989,CUST000278,2026-05-15 04:00:00,PAID,WALLET,3541.06,354.11,149.0,159.35,3495.3,INR,2026-09-26 12:00:00
ORD00009719,CUST004757,2026-08-16 14:00:00,DELIVERED,COD,1043.35,156.5,0.0,44.34,931.19,INR,2026-09-26 12:00:00
ORD00003597,CUST000540,2026-01-29 09:00:00,PAID,COD,1332.24,66.61,99.0,151.88,1516.51,INR,2026-09-26 12:00:00
ORD00004185,CUST004954,2026-08-24 14:00:00,DELIVERED,CARD,6394.44,639.44,49.0,287.75,6091.75,INR,2026-09-26 12:00:00
ORD00011298,CUST000946,2026-03-30 16:00:00,SHIPPED,UPI,990.29,148.54,49.0,42.09,932.84,INR,2026-09-26 12:00:00
ORD00004371,CUST000730,2026-04-09 04:00:00,CANCELLED,UPI,1030.7,0.0,0.0,51.54,1082.24,INR,2026-09-26 12:00:00
ORD00009678,CUST003820,2026-01-09 20:00:00,CANCELLED,UPI,2109.74,421.95,49.0,84.39,1821.18,INR ,2026-09-26 12:00:00
ORD00006766,CUST004554,2026-08-25 11:00:00,SHIPPED,CARD,1288.39,128.84,49.0,57.98,1266.53,INR ,2026-09-26 12:00:00
ORD00005361,CUST002132,2026-03-22 21:00:00,DELIVERED,UPI,2743.13,274.31,0.0,123.44,2592.26,INR,2026-09-26 12:00:00
ORD00002401,CUST004333,2026-07-21 13:00:00,DELIVERED,UPI,1828.29,274.24,0.0,186.49,1740.54,inr,2026-09-26 12:00:00
ORD00000006,CUST000614,2026-08-07 20:00:00,DELIVERED,COD,2265.53,226.55,79.0,367.02,2485.0,INR,2026-09-26 12:00:00
ORD00000392,CUST002428,2026-02-13 05:00:00,PAID,CARD,1872.46,280.87,49.0,190.99,1831.58,INR,2026-09-26 12:00:00
ORD00010639,CUST003307,2026-08-01 18:00:00,DELIVERED,UPI,2783.07,417.46,149.0,283.87,2798.48,INR,2026-09-26 12:00:00
ORD00001548,CUST000632,2026-02-18 01:00:00,SHIPPED,COD,3581.97,537.3,79.0,365.36,3489.03,INR,2026-09-26 12:00:00
ORD00010494,CUST001887,2026-04-07 06:00:00,PAID,UPI,1115.46,0.0,149.0,200.78,1465.24,INR,2026-09-26 12:00:00
ORD00002033,CUST000796,2026-05-30 08:00:00,DELIVERED,NETBANKING,1928.02,192.8,99.0,86.76,1920.98,INR,2026-09-26 12:00:00
ORD00005553,CUST003275,2026-06-23 10:00:00,PAID,UPI,1726.52,345.3,0.0,69.06,1450.28,INR,2026-09-26 12:00:00
ORD00009950,CUST001428,2026-02-24 00:00:00,CANCELLED,UPI,1779.32,88.97,49.0,202.84,1942.19,INR,2026-09-26 12:00:00
ORD00002666,CUST002092,2026-02-04 16:00:00,PAID,UPI,1060.91,0.0,149.0,127.31,1337.22,INR,2026-09-26 12:00:00
ORD00005883,CUST000892,2026-05-13 14:00:00,CANCELLED,CARD,1456.36,145.64,49.0,157.29,1517.01,INR ,2026-09-26 12:00:00
ORD00006755,CUST004848,2026-07-27 13:00:00,CANCELLED,UPI,276.03,0.0,79.0,33.12,388.15,INR,2026-09-26 12:00:00
ORD00005414,CUST002534,2026-08-03 22:00:00,SHIPPED,COD,765.79,38.29,0.0,36.38,763.88,INR,2026-09-26 12:00:00
ORD00004030,CUST004014,2026-01-29 20:00:00,CANCELLED,UPI,354.09,53.11,149.0,36.12,486.1,INR,2026-09-26 12:00:00
ORD00006603,CUST000461,2026-01-06 11:00:00,SHIPPED,UPI,2722.21,136.11,79.0,129.3,2794.4,INR,2026-09-26 12:00:00
ORD00000488,CUST001166,2026-06-20 20:00:00,PAID,CARD,675.55,67.55,49.0,72.96,729.96,inr,2026-09-26 12:00:00
ORD00004284,CUST002017,2026-07-14 17:00:00,PAID,NETBANKING,755.67,75.57,0.0,34.0,714.1,INR,2026-09-26 12:00:00
ORD00002368,CUST004522,2026-03-15 03:00:00,DELIVERED,UPI,1064.64,212.93,149.0,42.59,1043.3,INR,2026-09-26 12:00:00
ORD00003802,CUST002897,2026-05-26 17:00:00,PAID,CARD,985.1,147.76,0.0,150.72,988.06,INR,2026-09-26 12:00:00
ORD00010844,CUST003681,2026-03-08 02:00:00,PAID,CARD,1701.94,170.19,149.0,183.81,1864.56,INR,2026-09-26 12:00:00
ORD00008244,CUST000318,2026-04-25 16:00:00,PAID,COD,951.8,95.18,0.0,154.19,1010.81,INR,2026-09-26 12:00:00
ORD00008462,CUST002975,2026-07-25 17:00:00,DELIVERED,UPI,1870.27,0.0,0.0,224.43,2094.7,INR,2026-09-26 12:00:00
ORD00009412,CUST000016,2026-01-28 09:00:00,PAID,NETBANKING,627.29,31.36,79.0,29.8,704.73,INR,2026-09-26 12:00:00
ORD00000191,CUST000183,2026-07-03 09:00:00,SHIPPED,UPI,472.11,23.61,49.0,53.82,551.32,INR,2026-09-26 12:00:00
ORD00004130,CUST003681,2026-07-17 01:00:00,PAID,UPI,3335.94,333.59,99.0,150.12,3251.47,INR,2026-09-26 12:00:00
ORD00009642,CUST000445,2026-07-06 20:00:00,CANCELLED,CARD,1059.63,158.94,79.0,108.08,1087.77,INR,2026-09-26 12:00:00
ORD00007582,CUST002452,2026-01-12 10:00:00,SHIPPED,UPI,1604.83,160.48,149.0,173.32,1766.67,INR,2026-09-26 12:00:00
ORD00003588,CUST000204,2026-04-20 12:00:00,DELIVERED,CARD,729.48,36.47,49.0,34.65,776.66,INR,2026-09-26 12:00:00
ORD00006938,CUST001779,2026-08-16 01:00:00,DELIVERED,UPI,1466.17,0.0,149.0,73.31,1688.48,INR,2026-09-26 12:00:00
ORD00010217,CUST002859,2026-02-26 05:00:00,SHIPPED,CARD,531.83,0.0,149.0,63.82,744.65,INR,2026-09-26 12:00:00
ORD00000051,CUST002994,2026-02-26 17:00:00,PAID,COD,324.18,0.0,99.0,38.9,462.08,INR,2026-09-26 12:00:00
ORD00000441,CUST004214,2026-05-03 04:00:00,DELIVERED,COD,2634.78,263.48,99.0,118.57,2588.87,INR,2026-09-26 12:00:00
ORD00008763,CUST000832,2026-02-27 17:00:00,CANCELLED,UPI,934.12,46.71,79.0,106.49,1072.9,INR,2026-09-26 12:00:00
ORD00004183,CUST001410,2026-07-02 00:00:00,SHIPPED,WALLET,1014.68,152.2,0.0,103.5,965.98,INR,2026-09-26 12:00:00
ORD00006536,CUST000541,2026-01-16 06:00:00,CANCELLED,UPI,1499.38,74.97,99.0,170.93,1694.34,INR,2026-09-26 12:00:00
ORD00005329,CUST001603,2026-04-02 21:00:00,DELIVERED,NETBANKING,412.59,41.26,49.0,44.56,464.89,INR,2026-09-26 12:00:00
ORD00009543,CUST003905,2026-08-23 18:00:00,DELIVERED,UPI,4067.05,610.06,49.0,414.84,3920.83,INR,2026-09-26 12:00:00
ORD00006671,CUST002837,2026-08-11 05:00:00,DELIVERED,UPI,1854.89,92.74,49.0,88.11,1899.26,INR,2026-09-26 12:00:00
ORD00006864,CUST000389,2026-05-15 22:00:00,PAID,CARD,2260.75,0.0,49.0,113.04,2422.79,INR,2026-09-26 12:00:00
ORD00004534,CUST002217,2026-05-31 22:00:00,SHIPPED,UPI,669.99,134.0,79.0,64.32,679.31,INR,2026-09-26 12:00:00
ORD00004874,CUST003662,2026-05-19 00:00:00,PAID,UPI,685.09,0.0,79.0,82.21,846.3,inr,2026-09-26 12:00:00
ORD00008502,CUST000855,2026-04-26 05:00:00,SHIPPED,CARD,3607.69,180.38,79.0,616.92,4123.23,INR,2026-09-26 12:00:00
ORD00011768,CUST003579,2026-04-19 06:00:00,PAID,COD,1025.91,153.89,0.0,43.6,915.62,Rs,2026-09-26 12:00:00
ORD00010301,CUST000516,2026-07-29 18:00:00,CANCELLED,UPI,697.77,209.33,149.0,58.61,696.05,INR,2026-09-26 12:00:00
ORD00003773,CUST002771,2026-05-18 23:00:00,DELIVERED,UPI,1490.17,74.51,0.0,70.78,1486.44,INR,2026-09-26 12:00:00
ORD00010436,CUST001818,2026-06-15 11:00:00,CANCELLED,UPI,608.46,0.0,99.0,30.42,737.88,INR ,2026-09-26 12:00:00
ORD00009849,CUST000175,2026-07-29 04:00:00,CANCELLED,UPI,1842.53,184.25,79.0,298.49,2035.77,Rs,2026-09-26 12:00:00
ORD00006597,CUST002311,2026-07-16 15:00:00,PAID,UPI,517.51,25.88,99.0,88.49,679.12,INR ,2026-09-26 12:00:00
ORD00002162,CUST003015,2026-07-23 13:00:00,DELIVERED,UPI,1554.91,233.24,0.0,237.9,1559.57,INR,2026-09-26 12:00:00
ORD00008085,CUST003790,2026-05-16 06:00:00,SHIPPED,UPI,701.74,35.09,99.0,80.0,845.65,INR,2026-09-26 12:00:00
ORD00011203,CUST004904,2026-07-12 14:00:00,CANCELLED,CARD,879.81,131.97,149.0,134.61,1031.45,INR,2026-09-26 12:00:00
ORD00004797,CUST004641,2026-03-24 12:00:00,DELIVERED,CARD,695.98,139.2,149.0,100.22,806.0,INR,2026-09-26 12:00:00
ORD00001353,CUST003084,2026-06-27 18:00:00,DELIVERED,UPI,842.93,0.0,49.0,101.15,993.08,INR,2026-09-26 12:00:00
ORD00011591,CUST001048,2026-06-01 02:00:00,SHIPPED,COD,2199.39,219.94,149.0,237.53,2365.98,INR,2026-09-26 12:00:00
ORD00011434,CUST000055,2026-08-20 02:00:00,DELIVERED,UPI,2813.88,281.39,99.0,455.85,3087.34,INR,2026-09-26 12:00:00
ORD00008437,CUST002181,2026-01-11 22:00:00,DELIVERED,CARD,1453.32,145.33,0.0,156.96,1464.95,INR,2026-09-26 12:00:00
ORD00001162,CUST000271,2026-05-28 12:00:00,CANCELLED,UPI,1786.57,357.31,99.0,171.51,1699.77,INR,2026-09-26 12:00:00
ORD00008996,CUST000522,2026-05-03 15:00:00,DELIVERED,COD,930.26,186.05,149.0,89.31,982.52,INR,2026-09-26 12:00:00
ORD00010559,CUST003592,2026-04-17 00:00:00,PAID,WALLET,1852.81,0.0,149.0,333.51,2335.32,INR ,2026-09-26 12:00:00
ORD00005163,CUST003076,2026-07-15 08:00:00,SHIPPED,CARD,1739.91,173.99,99.0,281.87,1946.79,INR,2026-09-26 12:00:00
ORD00004752,CUST004307,2026-03-08 03:00:00,DELIVERED,CARD,516.42,25.82,149.0,24.53,664.13,inr,2026-09-26 12:00:00
ORD00011546,CUST003906,2026-05-04 06:00:00,SHIPPED,UPI,836.62,0.0,99.0,41.83,977.45,INR,2026-09-26 12:00:00
ORD00001790,CUST003724,2026-07-15 16:00:00,PAID,UPI,1787.84,0.0,0.0,214.54,2002.38,INR,2026-09-26 12:00:00
ORD00003852,CUST003908,2026-01-22 23:00:00,SHIPPED,WALLET,1414.47,70.72,99.0,161.25,1604.0,INR,2026-09-26 12:00:00
ORD00002464,CUST004949,2026-02-02 01:00:00,DELIVERED,COD,1024.13,0.0,49.0,184.34,1257.47,INR,2026-09-26 12:00:00
ORD00000120,CUST002564,2026-08-20 03:00:00,PAID,UPI,2564.08,512.82,149.0,369.23,2569.49,INR,2026-09-26 12:00:00
ORD00002598,CUST002603,2026-01-09 17:00:00,SHIPPED,UPI,893.27,178.65,99.0,35.73,849.35,INR,2026-09-26 12:00:00
ORD00007221,CUST003679,2026-02-03 05:00:00,CANCELLED,CARD,4051.43,810.29,49.0,388.94,3679.08,INR,2026-09-26 12:00:00
ORD00002627,CUST000167,2026-01-23 05:00:00,PAID,NETBANKING,1455.2,72.76,49.0,69.12,1500.56,Rs,2026-09-26 12:00:00
ORD00006328,CUST001457,2026-01-02 23:00:00,CANCELLED,UPI,1825.59,182.56,0.0,295.75,1938.78,INR,2026-09-26 12:00:00
ORD00007772,CUST004004,2026-04-08 09:00:00,SHIPPED,CARD,320.18,64.04,0.0,30.74,286.88,INR,2026-09-26 12:00:00
ORD00002075,CUST004621,2026-02-25 18:00:00,SHIPPED,UPI,915.2,0.0,49.0,109.82,1074.02,Rs,2026-09-26 12:00:00
ORD00008065,CUST001589,2026-03-31 18:00:00,SHIPPED,CARD,1535.88,76.79,149.0,175.09,1783.18,INR,2026-09-26 12:00:00
ORD00011407,CUST004088,2026-05-14 05:00:00,SHIPPED,UPI,1610.63,322.13,49.0,64.42,1401.92,INR,2026-09-26 12:00:00
ORD00006220,CUST000475,2026-02-20 11:00:00,SHIPPED,WALLET,1276.56,0.0,79.0,153.19,1508.75,INR,2026-09-26 12:00:00
ORD00009613,CUST000489,2026-04-29 21:00:00,DELIVERED,UPI,839.77,41.99,49.0,95.73,942.51,INR,2026-09-26 12:00:00
ORD00009461,CUST004661,2026-05-12 14:00:00,PAID,UPI,127.13,12.71,79.0,5.72,199.14,INR,2026-09-26 12:00:00
ORD00009320,CUST001069,2026-08-22 03:00:00,PAID,UPI,1617.49,0.0,149.0,80.87,1847.36,INR,2026-09-26 12:00:00
ORD00004724,CUST002828,2026-04-23 00:00:00,PAID,UPI,1587.25,238.09,49.0,161.9,1560.06,INR,2026-09-26 12:00:00
ORD00002309,CUST003707,2026-03-29 10:00:00,CANCELLED,UPI,634.27,63.43,149.0,102.75,822.59,INR,2026-09-26 12:00:00
ORD00007807,CUST003700,2026-01-09 00:00:00,SHIPPED,UPI,1578.28,78.91,99.0,74.97,1673.34,inr,2026-09-26 12:00:00
ORD00006856,CUST000265,2026-08-20 14:00:00,CANCELLED,COD,2915.88,291.59,149.0,314.91,3088.2,INR,2026-09-26 12:00:00
ORD00002333,CUST004984,2026-05-10 23:00:00,DELIVERED,UPI,1188.25,356.48,0.0,99.81,931.58,INR ,2026-09-26 12:00:00
ORD00010072,CUST001937,2026-02-19 14:00:00,CANCELLED,CARD,3278.56,0.0,0.0,393.43,3671.99,INR,2026-09-26 12:00:00
ORD00011032,CUST001786,2026-03-06 05:00:00,SHIPPED,CARD,3970.02,794.0,149.0,158.8,3483.82,INR ,2026-09-26 12:00:00
ORD00008390,CUST003412,2026-08-26 11:00:00,CANCELLED,CARD,3576.32,178.82,49.0,407.7,3854.2,INR,2026-09-26 12:00:00
ORD00002915,CUST003638,2026-06-07 14:00:00,SHIPPED,COD,1375.13,275.03,49.0,132.01,1281.11,INR,2026-09-26 12:00:00
ORD00003555,CUST002607,2026-05-13 17:00:00,CANCELLED,NETBANKING,529.17,79.38,149.0,22.49,621.28,INR,2026-09-26 12:00:00
ORD00003445,CUST002007,2026-06-09 03:00:00,SHIPPED,WALLET,4161.54,624.23,149.0,424.48,4110.79,INR,2026-09-26 12:00:00
ORD00007077,CUST000280,2026-05-05 12:00:00,CANCELLED,UPI,3462.65,346.27,49.0,155.82,3321.2,INR,2026-09-26 12:00:00
ORD00002714,CUST001688,2026-07-26 04:00:00,DELIVERED,UPI,2054.16,616.25,0.0,71.9,1509.81,INR,2026-09-26 12:00:00
ORD00002387,CUST003308,2026-04-19 22:00:00,SHIPPED,UPI,204.47,30.67,149.0,31.28,354.08,INR ,2026-09-26 12:00:00
ORD00011721,CUST000457,2026-02-04 01:00:00,DELIVERED,COD,838.2,251.46,149.0,70.41,806.15,INR,2026-09-26 12:00:00
ORD00000647,CUST003328,2026-07-10 22:00:00,CANCELLED,UPI,3428.07,514.21,79.0,145.69,3138.55,INR,2026-09-26 12:00:00
ORD00005468,CUST000008,2026-02-04 19:00:00,CANCELLED,COD,719.1,143.82,49.0,103.55,727.83,INR,2026-09-26 12:00:00
ORD00004790,CUST001045,2026-06-03 00:00:00,SHIPPED,NETBANKING,4603.9,0.0,49.0,230.2,4883.1,INR ,2026-09-26 12:00:00
ORD00001867,CUST003067,2026-06-05 05:00:00,DELIVERED,UPI,2792.57,0.0,149.0,335.11,3276.68,INR,2026-09-26 12:00:00
ORD00006916,CUST002902,2026-04-08 07:00:00,DELIVERED,UPI,2106.17,315.93,99.0,214.83,2104.07,INR,2026-09-26 12:00:00
ORD00000827,CUST003803,2026-05-21 06:00:00,DELIVERED,UPI,2910.38,291.04,149.0,471.48,3239.82,INR,2026-09-26 12:00:00
ORD00010033,CUST003226,2026-02-16 13:00:00,DELIVERED,CARD,1176.14,58.81,79.0,134.08,1330.41,INR,2026-09-26 12:00:00
ORD00007345,CUST004077,2026-05-26 22:00:00,SHIPPED,UPI,583.75,116.75,149.0,56.04,672.04,INR,2026-09-26 12:00:00
ORD00008398,CUST004334,2026-03-18 03:00:00,CANCELLED,WALLET,1099.44,109.94,79.0,118.74,1187.24,INR,2026-09-26 12:00:00
ORD00002336,CUST004265,2026-01-22 05:00:00,CANCELLED,UPI,1069.95,160.49,99.0,45.47,1053.93,INR ,2026-09-26 12:00:00
ORD00010990,CUST003351,2026-08-14 13:00:00,DELIVERED,UPI,1201.28,0.0,49.0,144.15,1394.43,INR,2026-09-26 12:00:00
ORD00003141,CUST001117,2026-06-11 10:00:00,DELIVERED,UPI,1020.95,102.1,99.0,45.94,1063.79,INR,2026-09-26 12:00:00
ORD00009097,CUST003836,2026-03-28 12:00:00,SHIPPED,UPI,624.0,62.4,79.0,67.39,707.99,INR,2026-09-26 12:00:00
ORD00009636,CUST001826,2026-01-13 00:00:00,CANCELLED,UPI,2516.62,125.83,49.0,119.54,2559.33,INR,2026-09-26 12:00:00
ORD00002514,CUST001788,2026-02-10 04:00:00,DELIVERED,UPI,438.64,21.93,0.0,50.01,466.72,INR,2026-09-26 12:00:00
ORD00009485,CUST002898,2026-06-10 16:00:00,SHIPPED,CARD,967.67,290.3,0.0,33.87,711.24,INR,2026-09-26 12:00:00
ORD00002790,CUST003753,2026-01-26 00:00:00,DELIVERED,CARD,4116.68,0.0,99.0,205.83,4421.51,INR,2026-09-26 12:00:00
ORD00008237,CUST003675,2026-07-05 06:00:00,DELIVERED,UPI,1747.85,262.18,0.0,178.28,1663.95,INR,2026-09-26 12:00:00
ORD00010437,CUST002199,2026-02-06 17:00:00,PAID,UPI,1370.96,68.55,79.0,156.29,1537.7,INR,2026-09-26 12:00:00
ORD00007266,CUST000664,2026-02-05 14:00:00,PAID,WALLET,885.5,44.28,0.0,100.95,942.17,INR,2026-09-26 12:00:00
ORD00000808,CUST000617,2026-03-06 04:00:00,DELIVERED,COD,831.36,124.7,79.0,84.8,870.46,INR,2026-09-26 12:00:00
ORD00007174,CUST001464,2026-04-29 07:00:00,SHIPPED,UPI,1879.61,93.98,0.0,89.28,1874.91,INR,2026-09-26 12:00:00
ORD00010470,CUST001153,2026-01-15 17:00:00,SHIPPED,UPI,314.24,15.71,49.0,14.93,362.46,INR,2026-09-26 12:00:00
ORD00003770,CUST004331,2026-01-14 22:00:00,DELIVERED,CARD,1260.07,63.0,49.0,59.85,1305.92,INR,2026-09-26 12:00:00
ORD00010048,CUST000208,2026-06-30 08:00:00,SHIPPED,COD,1185.26,177.79,79.0,181.34,1267.81,INR,2026-09-26 12:00:00
ORD00006209,CUST004773,2026-03-18 23:00:00,SHIPPED,NETBANKING,4625.78,231.29,79.0,527.34,5000.83,inr,2026-09-26 12:00:00
ORD00000546,CUST002797,2026-07-26 16:00:00,CANCELLED,NETBANKING,1568.8,470.64,79.0,131.78,1308.94,INR,2026-09-26 12:00:00
ORD00011578,CUST002367,2026-08-12 02:00:00,CANCELLED,UPI,3987.59,398.76,79.0,645.99,4313.82,INR,2026-09-26 12:00:00
ORD00008578,CUST000573,2026-05-20 22:00:00,SHIPPED,WALLET,2668.22,0.0,149.0,320.19,3137.41,inr,2026-09-26 12:00:00
ORD00003836,CUST003548,2026-03-04 09:00:00,DELIVERED,UPI,727.9,36.4,0.0,82.98,774.48,INR,2026-09-26 12:00:00
ORD00009344,CUST000578,2026-01-27 01:00:00,PAID,CARD,1185.27,59.26,49.0,202.68,1377.69,inr,2026-09-26 12:00:00
ORD00006917,CUST000461,2026-02-23 01:00:00,PAID,COD,1033.76,103.38,99.0,111.65,1141.03,INR,2026-09-26 12:00:00
ORD00007183,CUST004577,2026-04-07 18:00:00,DELIVERED,COD,413.75,20.69,79.0,70.75,542.81,INR,2026-09-26 12:00:00
ORD00001170,CUST004474,2026-01-22 23:00:00,SHIPPED,NETBANKING,520.51,0.0,0.0,93.69,614.2,INR,2026-09-26 12:00:00
ORD00005261,CUST001898,2026-06-08 09:00:00,SHIPPED,CARD,1455.6,72.78,149.0,69.14,1600.96,INR,2026-09-26 12:00:00
ORD00004627,CUST002364,2026-07-20 00:00:00,SHIPPED,UPI,826.75,124.01,49.0,84.33,836.07,INR,2026-09-26 12:00:00
ORD00009935,CUST001802,2026-04-22 04:00:00,SHIPPED,UPI,295.15,14.76,149.0,33.65,463.04,INR,2026-09-26 12:00:00
ORD00001842,CUST002219,2026-01-14 05:00:00,PAID,UPI,686.07,34.3,99.0,78.21,828.98,INR ,2026-09-26 12:00:00
ORD00009529,CUST000804,2026-07-04 23:00:00,DELIVERED,COD,658.82,0.0,99.0,32.94,790.76,INR,2026-09-26 12:00:00
ORD00010930,CUST000542,2026-07-16 09:00:00,CANCELLED,UPI,665.72,0.0,149.0,119.83,934.55,INR,2026-09-26 12:00:00
ORD00011791,CUST003804,2026-01-24 22:00:00,SHIPPED,CARD,383.39,19.17,149.0,65.56,578.78,INR,2026-09-26 12:00:00
ORD00002791,CUST002534,2026-06-25 16:00:00,DELIVERED,UPI,2206.7,220.67,79.0,238.32,2303.35,INR,2026-09-26 12:00:00
ORD00002929,CUST004846,2026-07-14 05:00:00,SHIPPED,UPI,399.74,59.96,149.0,40.77,529.55,INR,2026-09-26 12:00:00
ORD00005435,CUST003118,2026-03-19 03:00:00,DELIVERED,WALLET,2786.25,0.0,79.0,501.52,3366.77,INR,2026-09-26 12:00:00
ORD00011299,CUST001641,2026-07-30 21:00:00,SHIPPED,UPI,494.72,24.74,149.0,84.6,703.58,INR,2026-09-26 12:00:00
ORD00003985,CUST003911,2026-05-01 22:00:00,DELIVERED,CARD,825.42,82.54,99.0,89.15,931.03,INR,2026-09-26 12:00:00
ORD00010683,CUST000599,2026-03-16 19:00:00,CANCELLED,NETBANKING,817.27,0.0,99.0,147.11,1063.38,INR,2026-09-26 12:00:00
ORD00011561,CUST000945,2026-02-24 21:00:00,PAID,WALLET,1325.83,132.58,99.0,143.19,1435.44,INR,2026-09-26 12:00:00
ORD00008623,CUST003379,2026-07-05 21:00:00,SHIPPED,UPI,1312.23,196.83,79.0,200.77,1395.17,INR,2026-09-26 12:00:00
ORD00011835,CUST001928,2026-03-03 10:00:00,SHIPPED,NETBANKING,1107.0,221.4,79.0,44.28,1008.88,inr,2026-09-26 12:00:00
ORD00003376,CUST003919,2026-05-23 22:00:00,CANCELLED,UPI,1304.83,195.72,49.0,133.09,1291.2,inr,2026-09-26 12:00:00
ORD00005194,CUST003391,2026-07-12 10:00:00,SHIPPED,WALLET,927.78,278.33,0.0,77.93,727.38,INR ,2026-09-26 12:00:00
ORD00004018,CUST003748,2026-05-31 00:00:00,CANCELLED,UPI,308.51,92.55,49.0,38.87,303.83,INR,2026-09-26 12:00:00
ORD00002771,CUST000261,2026-05-27 23:00:00,PAID,UPI,683.3,34.16,79.0,77.9,806.04,Rs,2026-09-26 12:00:00
ORD00003135,CUST004838,2026-05-05 01:00:00,DELIVERED,UPI,1656.61,248.49,0.0,168.97,1577.09,INR,2026-09-26 12:00:00
ORD00011859,CUST003952,2026-02-08 09:00:00,CANCELLED,COD,2711.31,135.57,79.0,128.79,2783.53,INR,2026-09-26 12:00:00
ORD00008081,CUST000698,2026-02-21 03:00:00,CANCELLED,CARD,451.37,22.57,149.0,77.18,654.98,INR,2026-09-26 12:00:00
ORD00005752,CUST003782,2026-01-16 09:00:00,CANCELLED,COD,898.4,89.84,149.0,40.43,997.99,INR,2026-09-26 12:00:00
ORD00010397,CUST002742,2026-06-02 19:00:00,CANCELLED,COD,2953.6,0.0,49.0,354.43,3357.03,INR,2026-09-26 12:00:00
ORD00005069,CUST004670,2026-07-25 10:00:00,SHIPPED,COD,560.32,56.03,49.0,90.77,644.06,INR,2026-09-26 12:00:00
ORD00000404,CUST000122,2026-08-24 07:00:00,PAID,UPI,686.69,34.33,0.0,78.28,730.64,INR,2026-09-26 12:00:00
ORD00007395,CUST002812,2026-06-17 09:00:00,CANCELLED,UPI,1305.54,195.83,99.0,55.49,1264.2,INR ,2026-09-26 12:00:00
ORD00009517,CUST000392,2026-02-28 21:00:00,PAID,COD,664.34,66.43,99.0,29.9,726.81,INR,2026-09-26 12:00:00
ORD00005248,CUST002145,2026-06-21 07:00:00,PAID,NETBANKING,3583.15,358.32,99.0,161.24,3485.07,INR,2026-09-26 12:00:00
ORD00010022,CUST004049,2026-07-23 00:00:00,PAID,NETBANKING,1760.97,88.05,149.0,83.65,1905.57,INR,2026-09-26 12:00:00
ORD00000592,CUST001780,2026-02-21 21:00:00,DELIVERED,CARD,524.87,52.49,79.0,56.69,608.07,inr,2026-09-26 12:00:00
ORD00009912,CUST004689,2026-01-04 09:00:00,CANCELLED,CARD,1479.74,73.99,0.0,168.69,1574.44,inr,2026-09-26 12:00:00
ORD00001979,CUST002265,2026-04-08 21:00:00,SHIPPED,UPI,1732.92,346.58,0.0,69.32,1455.66,INR,2026-09-26 12:00:00
ORD00003962,CUST002176,2026-01-11 18:00:00,DELIVERED,UPI,971.04,145.66,0.0,41.27,866.65,INR,2026-09-26 12:00:00
ORD00008225,CUST002868,2026-07-15 00:00:00,DELIVERED,CARD,1382.57,69.13,99.0,157.61,1570.05,INR ,2026-09-26 12:00:00
ORD00003133,CUST000679,2026-04-13 09:00:00,CANCELLED,UPI,820.21,41.01,79.0,93.5,951.7,INR,2026-09-26 12:00:00
ORD00004753,CUST003274,2026-05-02 18:00:00,PAID,CARD,567.56,0.0,79.0,68.11,714.67,INR,2026-09-26 12:00:00
ORD00009030,CUST001891,2026-03-12 01:00:00,PAID,UPI,1077.78,161.67,149.0,164.9,1230.01,INR,2026-09-26 12:00:00
ORD00011062,CUST003297,2026-06-07 18:00:00,CANCELLED,WALLET,631.09,63.11,49.0,28.4,645.38,INR,2026-09-26 12:00:00
ORD00003294,CUST002965,2026-04-01 23:00:00,DELIVERED,CARD,240.17,48.03,99.0,23.06,314.2,inr,2026-09-26 12:00:00
ORD00011084,CUST001469,2026-05-10 04:00:00,SHIPPED,CARD,984.48,49.22,79.0,46.76,1061.02,Rs,2026-09-26 12:00:00
ORD00011042,CUST003239,2026-08-28 07:00:00,DELIVERED,UPI,4038.31,201.92,149.0,690.55,4675.94,INR,2026-09-26 12:00:00
ORD00001494,CUST001232,2026-05-01 05:00:00,CANCELLED,COD,664.55,33.23,0.0,113.64,744.96,INR,2026-09-26 12:00:00
ORD00005508,CUST000691,2026-06-09 12:00:00,SHIPPED,UPI,896.66,0.0,49.0,107.6,1053.26,INR,2026-09-26 12:00:00
ORD00010894,CUST000294,2026-08-07 15:00:00,CANCELLED,UPI,1340.55,134.06,49.0,144.78,1400.27,INR,2026-09-26 12:00:00
ORD00001331,CUST004611,2026-01-25 00:00:00,CANCELLED,WALLET,888.5,177.7,149.0,35.54,895.34,INR,2026-09-26 12:00:00
ORD00010221,CUST001842,2026-05-11 14:00:00,DELIVERED,UPI,2261.37,113.07,0.0,107.42,2255.72,INR,2026-09-26 12:00:00
ORD00010993,CUST004613,2026-01-20 08:00:00,CANCELLED,COD,806.18,40.31,0.0,38.29,804.16,INR ,2026-09-26 12:00:00
ORD00000701,CUST000363,2026-01-09 09:00:00,PAID,NETBANKING,2009.08,301.36,49.0,204.93,1961.65,INR ,2026-09-26 12:00:00
ORD00002628,CUST003255,2026-03-03 22:00:00,PAID,NETBANKING,1788.58,357.72,79.0,71.54,1581.4,INR,2026-09-26 12:00:00
ORD00002045,CUST004975,2026-02-28 01:00:00,DELIVERED,CARD,771.91,154.38,49.0,74.1,740.63,inr ,2026-09-26 12:00:00
ORD00008466,CUST003065,2026-03-29 19:00:00,DELIVERED,UPI,1238.96,123.9,79.0,133.81,1327.87,INR,2026-09-26 12:00:00
ORD00008032,CUST001325,2026-04-12 10:00:00,SHIPPED,CARD,1318.16,65.91,79.0,225.4,1556.65,Rs,2026-09-26 12:00:00
ORD00001998,CUST004974,2026-07-25 01:00:00,SHIPPED,WALLET,660.4,33.02,49.0,112.93,789.31,INR,2026-09-26 12:00:00
ORD00003351,CUST003553,2026-05-15 19:00:00,CANCELLED,CARD,899.7,44.99,49.0,102.57,1006.28,INR,2026-09-26 12:00:00
ORD00003712,CUST001961,2026-06-25 05:00:00,CANCELLED,COD,1319.08,0.0,0.0,65.95,1385.03,INR,2026-09-26 12:00:00
ORD00011704,CUST002163,2026-04-18 02:00:00,CANCELLED,CARD,679.34,0.0,0.0,81.52,760.86,INR,2026-09-26 12:00:00
ORD00006288,CUST003659,2026-05-06 01:00:00,DELIVERED,CARD,601.12,60.11,49.0,64.92,654.93,inr,2026-09-26 12:00:00
ORD00003269,CUST004716,2026-08-28 07:00:00,SHIPPED,UPI,1932.23,193.22,149.0,208.68,2096.69,INR ,2026-09-26 12:00:00
ORD00011442,CUST002365,2026-06-22 21:00:00,PAID,UPI,1137.25,227.45,149.0,163.76,1222.56,INR ,2026-09-26 12:00:00
ORD00011686,CUST003371,2026-04-25 22:00:00,CANCELLED,CARD,2282.1,114.1,49.0,108.4,2325.4,INR,2026-09-26 12:00:00
ORD00000536,CUST003008,2026-06-27 12:00:00,PAID,UPI,1369.04,205.36,99.0,209.46,1472.14,INR,2026-09-26 12:00:00
ORD00007339,CUST004492,2026-02-03 04:00:00,CANCELLED,NETBANKING,2852.41,0.0,49.0,342.29,3243.7,INR,2026-09-26 12:00:00
ORD00011829,CUST004769,2026-01-07 04:00:00,CANCELLED,CARD,2094.3,209.43,99.0,339.28,2323.15,INR ,2026-09-26 12:00:00
ORD00003031,CUST002261,2026-07-24 03:00:00,SHIPPED,WALLET,2133.32,106.67,49.0,364.8,2440.45,INR,2026-09-26 12:00:00
ORD00002778,CUST000073,2026-04-22 09:00:00,SHIPPED,UPI,2611.66,0.0,49.0,470.1,3130.76,INR,2026-09-26 12:00:00
ORD00001074,CUST003200,2026-02-07 21:00:00,DELIVERED,COD,1121.09,56.05,149.0,53.25,1267.29,INR,2026-09-26 12:00:00
ORD00002544,CUST003314,2026-06-04 15:00:00,SHIPPED,COD,547.95,27.4,0.0,62.47,583.02,INR,2026-09-26 12:00:00
ORD00003775,CUST004927,2026-01-14 19:00:00,DELIVERED,UPI,556.47,166.94,49.0,46.74,485.27,INR,2026-09-26 12:00:00
ORD00007415,CUST000633,2026-07-27 16:00:00,CANCELLED,CARD,1707.01,256.05,99.0,72.55,1622.51,INR,2026-09-26 12:00:00
ORD00000978,CUST001562,2026-07-04 08:00:00,SHIPPED,CARD,1395.83,139.58,99.0,150.75,1506.0,INR ,2026-09-26 12:00:00
ORD00007489,CUST002205,2026-04-29 07:00:00,DELIVERED,UPI,1971.21,197.12,149.0,319.34,2242.43,INR,2026-09-26 12:00:00
ORD00010070,CUST000567,2026-02-21 04:00:00,CANCELLED,NETBANKING,1214.87,60.74,99.0,138.5,1391.63,Rs,2026-09-26 12:00:00
ORD00004401,CUST000119,2026-03-10 09:00:00,SHIPPED,NETBANKING,1419.46,70.97,99.0,67.42,1514.91,INR,2026-09-26 12:00:00
ORD00010111,CUST002066,2026-07-24 21:00:00,DELIVERED,UPI,938.8,46.94,99.0,160.53,1151.39,INR,2026-09-26 12:00:00
ORD00008638,CUST000828,2026-07-15 13:00:00,SHIPPED,NETBANKING,1559.77,155.98,149.0,70.19,1622.98,INR,2026-09-26 12:00:00
ORD00001941,CUST000614,2026-06-12 17:00:00,SHIPPED,UPI,738.57,73.86,49.0,33.24,746.95,INR,2026-09-26 12:00:00
ORD00008116,CUST000131,2026-07-31 23:00:00,DELIVERED,UPI,2698.22,269.82,49.0,121.42,2598.82,INR,2026-09-26 12:00:00
ORD00000402,CUST000089,2026-05-03 09:00:00,SHIPPED,UPI,1057.03,52.85,79.0,180.75,1263.93,inr,2026-09-26 12:00:00
ORD00004843,CUST002934,2026-03-17 07:00:00,DELIVERED,NETBANKING,2001.16,300.17,149.0,85.05,1935.04,INR,2026-09-26 12:00:00
ORD00008841,CUST002994,2026-01-17 00:00:00,SHIPPED,WALLET,1035.36,0.0,0.0,124.24,1159.6,INR,2026-09-26 12:00:00
ORD00008729,CUST000231,2026-05-29 04:00:00,SHIPPED,UPI,1170.3,58.52,49.0,133.41,1294.19,INR,2026-09-26 12:00:00
ORD00010698,CUST000977,2026-02-26 03:00:00,SHIPPED,UPI,1994.95,398.99,0.0,79.8,1675.76,inr ,2026-09-26 12:00:00
ORD00008604,CUST003972,2026-03-04 14:00:00,SHIPPED,NETBANKING,420.6,0.0,0.0,21.03,441.63,INR,2026-09-26 12:00:00
ORD00000847,CUST000440,2026-01-19 01:00:00,PAID,COD,367.87,36.79,49.0,39.73,419.81,INR,2026-09-26 12:00:00
ORD00010292,CUST003051,2026-02-27 06:00:00,PAID,UPI,352.33,52.85,0.0,53.91,353.39,Rs,2026-09-26 12:00:00
ORD00001776,CUST002680,2026-08-23 07:00:00,CANCELLED,UPI,1967.29,196.73,99.0,318.7,2188.26,INR,2026-09-26 12:00:00
ORD00011519,CUST002995,2026-06-12 17:00:00,CANCELLED,CARD,1329.95,265.99,99.0,127.68,1290.64,INR,2026-09-26 12:00:00
ORD00007225,CUST000746,2026-04-15 18:00:00,CANCELLED,CARD,1014.43,152.16,79.0,103.47,1044.74,INR,2026-09-26 12:00:00
ORD00005227,CUST001007,2026-06-29 02:00:00,CANCELLED,UPI,1432.7,214.9,79.0,60.89,1357.69,INR,2026-09-26 12:00:00
ORD00008341,CUST000539,2026-04-02 17:00:00,SHIPPED,WALLET,1209.7,120.97,149.0,195.97,1433.7,INR,2026-09-26 12:00:00
ORD00007317,CUST000447,2026-07-24 03:00:00,PAID,CARD,1122.31,0.0,99.0,56.12,1277.43,Rs,2026-09-26 12:00:00
ORD00008785,CUST001889,2026-05-16 20:00:00,SHIPPED,UPI,1764.21,352.84,49.0,70.57,1530.94,inr,2026-09-26 12:00:00
ORD00000670,CUST000170,2026-03-13 21:00:00,CANCELLED,COD,826.47,82.65,99.0,37.19,880.01,INR,2026-09-26 12:00:00
ORD00002696,CUST003528,2026-04-03 06:00:00,SHIPPED,NETBANKING,817.47,0.0,149.0,98.1,1064.57,inr,2026-09-26 12:00:00
ORD00005055,CUST001879,2026-03-14 13:00:00,PAID,COD,1090.75,54.54,99.0,51.81,1187.02,INR,2026-09-26 12:00:00
ORD00000211,CUST001376,2026-07-07 12:00:00,PAID,CARD,1086.91,108.69,79.0,117.39,1174.61,Rs,2026-09-26 12:00:00
ORD00011622,CUST002696,2026-02-13 08:00:00,SHIPPED,UPI,1572.66,78.63,99.0,74.7,1667.73,INR,2026-09-26 12:00:00
ORD00000112,CUST000803,2026-08-07 05:00:00,CANCELLED,UPI,5177.86,1035.57,99.0,497.07,4738.36,INR,2026-09-26 12:00:00
ORD00004105,CUST001371,2026-01-23 00:00:00,PAID,UPI,731.59,109.74,49.0,74.62,745.47,INR,2026-09-26 12:00:00
ORD00002521,CUST002617,2026-07-04 12:00:00,PAID,CARD,1946.8,292.02,79.0,297.86,2031.64,INR,2026-09-26 12:00:00
ORD00006302,CUST000454,2026-01-14 00:00:00,CANCELLED,COD,768.84,153.77,149.0,73.81,837.88,INR,2026-09-26 12:00:00
ORD00010081,CUST002938,2026-07-05 20:00:00,SHIPPED,CARD,3132.14,156.61,0.0,535.6,3511.13,INR,2026-09-26 12:00:00
ORD00009053,CUST004367,2026-04-20 08:00:00,DELIVERED,WALLET,728.94,218.68,0.0,25.51,535.77,INR,2026-09-26 12:00:00
ORD00010456,CUST002848,2026-04-19 16:00:00,DELIVERED,CARD,929.67,139.45,99.0,94.83,984.05,INR,2026-09-26 12:00:00
ORD00007038,CUST000213,2026-07-16 18:00:00,DELIVERED,CARD,974.36,292.31,49.0,34.1,765.15,INR,2026-09-26 12:00:00
ORD00000631,CUST000798,2026-02-06 00:00:00,DELIVERED,UPI,299.71,29.97,49.0,32.37,351.11,INR,2026-09-26 12:00:00
ORD00001654,CUST004201,2026-07-01 14:00:00,CANCELLED,UPI,2114.35,0.0,149.0,253.72,2517.07,INR,2026-09-26 12:00:00
ORD00000513,CUST002251,2026-08-25 22:00:00,CANCELLED,UPI,544.75,27.24,99.0,62.1,678.61,INR,2026-09-26 12:00:00
ORD00000710,CUST001068,2026-04-08 19:00:00,DELIVERED,NETBANKING,1279.33,127.93,149.0,57.57,1357.97,INR,2026-09-26 12:00:00
ORD00005636,CUST002237,2026-04-22 12:00:00,PAID,UPI,1061.7,106.17,49.0,114.66,1119.19,INR,2026-09-26 12:00:00
ORD00002194,CUST001460,2026-04-24 12:00:00,SHIPPED,CARD,2884.65,288.47,0.0,129.81,2725.99,INR,2026-09-26 12:00:00
ORD00011596,CUST000083,2026-03-12 02:00:00,PAID,UPI,945.46,141.82,49.0,96.44,949.08,INR,2026-09-26 12:00:00
ORD00002168,CUST001560,2026-01-27 19:00:00,SHIPPED,CARD,773.96,0.0,49.0,92.88,915.84,INR,2026-09-26 12:00:00
ORD00011588,CUST003263,2026-05-31 07:00:00,SHIPPED,UPI,1715.5,257.32,99.0,72.91,1630.09,INR,2026-09-26 12:00:00
ORD00010123,CUST002177,2026-02-13 09:00:00,SHIPPED,WALLET,4538.22,226.91,79.0,517.36,4907.67,INR,2026-09-26 12:00:00
ORD00011026,CUST003540,2026-02-04 13:00:00,SHIPPED,COD,1697.91,0.0,79.0,203.75,1980.66,INR,2026-09-26 12:00:00
ORD00008655,CUST003835,2026-07-26 10:00:00,DELIVERED,UPI,1653.13,330.63,79.0,66.12,1467.62,INR,2026-09-26 12:00:00
ORD00010972,CUST003321,2026-08-26 18:00:00,DELIVERED,CARD,3164.8,474.72,49.0,484.21,3223.29,INR,2026-09-26 12:00:00
ORD00000431,CUST000157,2026-01-07 07:00:00,CANCELLED,UPI,517.1,77.56,99.0,52.74,591.28,INR,2026-09-26 12:00:00
ORD00009144,CUST001640,2026-03-25 14:00:00,PAID,UPI,2545.2,763.56,99.0,213.8,2094.44,INR,2026-09-26 12:00:00
ORD00003237,CUST002332,2026-02-07 15:00:00,CANCELLED,CARD,915.96,137.39,79.0,93.43,951.0,INR,2026-09-26 12:00:00
ORD00005832,CUST001411,2026-08-23 17:00:00,SHIPPED,CARD,468.1,70.22,79.0,19.89,496.77,INR,2026-09-26 12:00:00
ORD00004994,CUST003752,2026-06-26 21:00:00,CANCELLED,UPI,2312.23,115.61,49.0,395.39,2641.01,inr,2026-09-26 12:00:00
ORD00011733,CUST000109,2026-03-04 06:00:00,SHIPPED,CARD,3018.36,452.75,79.0,128.28,2772.89,INR,2026-09-26 12:00:00
ORD00009792,CUST003008,2026-06-18 18:00:00,DELIVERED,CARD,1414.78,70.74,49.0,67.2,1460.24,INR,2026-09-26 12:00:00
ORD00002682,CUST000737,2026-04-29 19:00:00,SHIPPED,COD,1282.5,0.0,99.0,153.9,1535.4,INR,2026-09-26 12:00:00
ORD00003437,CUST004342,2026-07-13 02:00:00,SHIPPED,CARD,280.15,56.03,149.0,11.21,384.33,INR,2026-09-26 12:00:00
ORD00005038,CUST001111,2026-02-03 03:00:00,DELIVERED,WALLET,806.4,120.96,0.0,34.27,719.71,Rs,2026-09-26 12:00:00
ORD00011256,CUST003720,2026-07-24 16:00:00,CANCELLED,CARD,295.46,0.0,79.0,53.18,427.64,INR,2026-09-26 12:00:00
ORD00004965,CUST001442,2026-05-09 20:00:00,PAID,COD,950.93,0.0,49.0,114.11,1114.04,INR,2026-09-26 12:00:00
ORD00003127,CUST000509,2026-05-19 15:00:00,SHIPPED,UPI,1054.52,158.18,99.0,107.56,1102.9,INR,2026-09-26 12:00:00
ORD00008106,CUST004327,2026-07-29 00:00:00,DELIVERED,UPI,1022.72,51.14,79.0,116.59,1167.17,INR,2026-09-26 12:00:00
ORD00009243,CUST002728,2026-01-25 20:00:00,SHIPPED,WALLET,458.65,0.0,49.0,55.04,562.69,INR ,2026-09-26 12:00:00
ORD00005130,CUST004719,2026-04-19 04:00:00,PAID,UPI,3136.15,156.81,0.0,148.97,3128.31,INR,2026-09-26 12:00:00
ORD00001747,CUST000543,2026-04-09 21:00:00,PAID,NETBANKING,1441.92,144.19,79.0,155.73,1532.46,INR,2026-09-26 12:00:00
ORD00000483,CUST001465,2026-04-06 16:00:00,SHIPPED,CARD,1259.0,0.0,0.0,151.08,1410.08,INR,2026-09-26 12:00:00
ORD00001837,CUST002865,2026-07-26 18:00:00,DELIVERED,UPI,2144.72,321.71,49.0,91.15,1963.16,INR,2026-09-26 12:00:00
ORD00005197,CUST000072,2026-04-06 23:00:00,PAID,UPI,844.24,84.42,0.0,37.99,797.81,INR,2026-09-26 12:00:00
ORD00006833,CUST000291,2026-01-20 05:00:00,CANCELLED,WALLET,704.39,70.44,149.0,76.07,859.02,INR,2026-09-26 12:00:00
ORD00003263,CUST002282,2026-01-04 18:00:00,DELIVERED,UPI,634.79,63.48,99.0,102.84,773.15,INR,2026-09-26 12:00:00
ORD00005559,CUST002735,2026-01-23 19:00:00,SHIPPED,UPI,838.47,0.0,0.0,150.92,989.39,INR,2026-09-26 12:00:00
ORD00009148,CUST002537,2026-08-25 17:00:00,SHIPPED,CARD,4322.31,864.46,49.0,622.41,4129.26,INR,2026-09-26 12:00:00
ORD00005035,CUST002930,2026-03-22 16:00:00,PAID,UPI,2075.83,207.58,49.0,93.41,2010.66,INR,2026-09-26 12:00:00
ORD00010715,CUST002206,2026-06-04 09:00:00,DELIVERED,UPI,703.63,211.09,0.0,59.1,551.64,inr,2026-09-26 12:00:00
ORD00011696,CUST003203,2026-02-13 21:00:00,CANCELLED,CARD,2139.95,0.0,79.0,385.19,2604.14,INR,2026-09-26 12:00:00
ORD00010603,CUST003431,2026-03-26 23:00:00,CANCELLED,UPI,2223.18,333.48,49.0,226.76,2165.46,INR,2026-09-26 12:00:00
ORD00010554,CUST004502,2026-03-17 19:00:00,PAID,WALLET,1415.43,70.77,0.0,67.23,1411.89,INR,2026-09-26 12:00:00
ORD00001368,CUST002839,2026-05-15 22:00:00,PAID,NETBANKING,878.93,131.84,79.0,37.35,863.44,INR,2026-09-26 12:00:00
ORD00008051,CUST003755,2026-06-26 17:00:00,SHIPPED,COD,819.92,41.0,149.0,93.47,1021.39,INR,2026-09-26 12:00:00
ORD00006568,CUST003491,2026-04-17 02:00:00,SHIPPED,WALLET,541.44,27.07,99.0,61.72,675.09,INR,2026-09-26 12:00:00
ORD00010741,CUST003460,2026-05-24 01:00:00,CANCELLED,NETBANKING,1868.94,93.45,149.0,88.77,2013.26,INR,2026-09-26 12:00:00
ORD00010367,CUST004602,2026-04-28 08:00:00,PAID,UPI,574.49,28.72,99.0,27.29,672.06,INR,2026-09-26 12:00:00
ORD00011743,CUST001949,2026-07-02 17:00:00,SHIPPED,NETBANKING,9546.05,1431.91,99.0,973.7,9186.84,Rs,2026-09-26 12:00:00
ORD00007798,CUST001058,2026-05-09 01:00:00,CANCELLED,CARD,695.77,104.37,49.0,70.97,711.37,INR,2026-09-26 12:00:00
ORD00003388,CUST002273,2026-03-13 11:00:00,PAID,COD,513.97,0.0,49.0,61.68,624.65,INR,2026-09-26 12:00:00
ORD00010628,CUST004897,2026-06-06 16:00:00,PAID,UPI,1426.28,71.31,149.0,162.6,1666.57,INR,2026-09-26 12:00:00
ORD00003248,CUST000318,2026-08-21 02:00:00,PAID,UPI,724.09,144.82,49.0,28.96,657.23,INR,2026-09-26 12:00:00
ORD00005270,CUST001885,2026-01-07 12:00:00,CANCELLED,UPI,3262.41,326.24,49.0,352.34,3337.51,INR,2026-09-26 12:00:00
ORD00008404,CUST001982,2026-08-20 02:00:00,SHIPPED,UPI,1885.12,282.77,0.0,288.42,1890.77,inr,2026-09-26 12:00:00
ORD00001070,CUST002619,2026-07-23 14:00:00,DELIVERED,UPI,1221.1,244.22,49.0,48.84,1074.72,inr,2026-09-26 12:00:00
ORD00010825,CUST001174,2026-03-10 21:00:00,CANCELLED,UPI,1322.9,132.29,79.0,142.87,1412.48,INR ,2026-09-26 12:00:00
ORD00005793,CUST001352,2026-06-07 08:00:00,CANCELLED,CARD,750.19,37.51,99.0,85.52,897.2,Rs,2026-09-26 12:00:00
ORD00010144,CUST002137,2026-01-10 05:00:00,PAID,UPI,497.84,24.89,99.0,85.13,657.08,INR,2026-09-26 12:00:00
ORD00004887,CUST000556,2026-02-03 15:00:00,PAID,UPI,2314.7,231.47,99.0,104.16,2286.39,INR,2026-09-26 12:00:00
ORD00006574,CUST001072,2026-03-13 08:00:00,SHIPPED,UPI,1858.23,278.73,149.0,284.31,2012.81,INR,2026-09-26 12:00:00
ORD00007637,CUST000648,2026-01-08 03:00:00,PAID,UPI,480.34,24.02,149.0,54.76,660.08,inr ,2026-09-26 12:00:00
ORD00008616,CUST003686,2026-07-17 06:00:00,DELIVERED,CARD,1185.16,177.77,149.0,120.89,1277.28,inr,2026-09-26 12:00:00
ORD00011151,CUST003681,2026-05-27 11:00:00,DELIVERED,CARD,448.01,22.4,79.0,76.61,581.22,INR,2026-09-26 12:00:00
ORD00001428,CUST000590,2026-01-08 01:00:00,CANCELLED,CARD,3841.35,768.27,99.0,368.77,3540.85,INR,2026-09-26 12:00:00
ORD00009177,CUST002913,2026-01-28 04:00:00,PAID,CARD,3816.65,572.5,79.0,162.21,3485.36,INR,2026-09-26 12:00:00
ORD00005746,CUST000090,2026-04-18 16:00:00,DELIVERED,NETBANKING,1624.14,243.62,79.0,69.03,1528.55,inr,2026-09-26 12:00:00
ORD00008527,CUST001059,2026-07-23 02:00:00,SHIPPED,UPI,223.69,33.55,149.0,9.51,348.65,INR,2026-09-26 12:00:00
ORD00011289,CUST003279,2026-02-05 21:00:00,CANCELLED,UPI,2818.22,140.91,49.0,133.87,2860.18,inr,2026-09-26 12:00:00
ORD00005436,CUST002441,2026-04-29 02:00:00,DELIVERED,UPI,2150.23,322.53,99.0,328.99,2255.69,INR,2026-09-26 12:00:00
ORD00011120,CUST004857,2026-01-09 09:00:00,DELIVERED,CARD,1539.23,76.96,149.0,175.47,1786.74,INR,2026-09-26 12:00:00
ORD00011103,CUST001684,2026-06-01 23:00:00,SHIPPED,COD,1730.01,0.0,99.0,86.5,1915.51,INR,2026-09-26 12:00:00
ORD00000190,CUST003623,2026-08-08 10:00:00,PAID,COD,3538.43,707.69,49.0,141.54,3021.28,inr,2026-09-26 12:00:00
ORD00006657,CUST002807,2026-08-24 07:00:00,DELIVERED,COD,911.98,182.4,49.0,131.32,909.9,INR,2026-09-26 12:00:00
ORD00007624,CUST003687,2026-04-16 11:00:00,DELIVERED,NETBANKING,5448.85,817.33,99.0,555.78,5286.3,INR ,2026-09-26 12:00:00
ORD00008520,CUST000985,2026-05-22 09:00:00,PAID,COD,846.08,126.91,79.0,86.3,884.47,INR,2026-09-26 12:00:00
ORD00007313,CUST000452,2026-04-27 12:00:00,CANCELLED,WALLET,4399.75,0.0,99.0,527.97,5026.72,INR,2026-09-26 12:00:00
ORD00004884,CUST002866,2026-03-18 03:00:00,SHIPPED,UPI,1154.99,173.25,99.0,117.81,1198.55,INR,2026-09-26 12:00:00
ORD00006788,CUST000621,2026-02-12 09:00:00,DELIVERED,UPI,1965.67,98.28,79.0,336.13,2282.52,INR,2026-09-26 12:00:00
ORD00005075,CUST003262,2026-06-15 07:00:00,CANCELLED,UPI,2217.48,221.75,99.0,359.23,2453.96,INR,2026-09-26 12:00:00
ORD00002520,CUST004526,2026-03-10 12:00:00,CANCELLED,WALLET,1033.98,310.19,149.0,86.85,959.64,Rs,2026-09-26 12:00:00
ORD00008318,CUST000930,2026-04-15 09:00:00,DELIVERED,COD,1478.02,221.7,99.0,62.82,1418.14,INR,2026-09-26 12:00:00
ORD00010224,CUST003920,2026-01-07 22:00:00,CANCELLED,WALLET,414.42,62.16,99.0,63.41,514.67,INR,2026-09-26 12:00:00
ORD00004315,CUST003375,2026-03-05 07:00:00,SHIPPED,UPI,2628.81,131.44,149.0,449.53,3095.9,INR,2026-09-26 12:00:00
ORD00011511,CUST000847,2026-06-29 21:00:00,SHIPPED,NETBANKING,1311.15,0.0,0.0,65.56,1376.71,INR ,2026-09-26 12:00:00
ORD00004441,CUST004202,2026-07-12 00:00:00,CANCELLED,UPI,6575.11,986.27,49.0,279.44,5917.28,INR,2026-09-26 12:00:00
ORD00011234,CUST001420,2026-08-16 16:00:00,DELIVERED,UPI,2984.79,298.48,99.0,134.32,2919.63,INR,2026-09-26 12:00:00
ORD00010130,CUST001689,2026-04-30 11:00:00,PAID,CARD,2502.22,125.11,79.0,118.86,2574.97,INR,2026-09-26 12:00:00
ORD00004319,CUST002130,2026-05-22 23:00:00,PAID,UPI,504.25,0.0,0.0,25.21,529.46,INR,2026-09-26 12:00:00
ORD00007953,CUST000695,2026-07-17 22:00:00,CANCELLED,CARD,1751.79,87.59,49.0,83.21,1796.41,INR,2026-09-26 12:00:00
ORD00010139,CUST000028,2026-06-14 10:00:00,CANCELLED,COD,1011.71,0.0,49.0,50.59,1111.3,INR,2026-09-26 12:00:00
ORD00000019,CUST001353,2026-08-01 00:00:00,SHIPPED,COD,659.26,65.93,99.0,71.2,763.53,INR,2026-09-26 12:00:00
ORD00004406,CUST002586,2026-01-03 23:00:00,PAID,UPI,1028.39,51.42,79.0,117.24,1173.21,INR,2026-09-26 12:00:00
ORD00011290,CUST002367,2026-02-15 05:00:00,DELIVERED,UPI,1361.12,136.11,149.0,147.0,1521.01,INR,2026-09-26 12:00:00
ORD00010236,CUST003983,2026-05-11 03:00:00,DELIVERED,CARD,1009.7,100.97,99.0,45.44,1053.17,INR,2026-09-26 12:00:00
ORD00009898,CUST001263,2026-05-01 10:00:00,PAID,CARD,572.13,171.64,0.0,20.02,420.51,INR,2026-09-26 12:00:00
ORD00009580,CUST004060,2026-05-20 11:00:00,PAID,COD,1225.66,61.28,79.0,209.59,1452.97,INR,2026-09-26 12:00:00
ORD00000951,CUST002294,2026-08-13 15:00:00,PAID,UPI,3515.75,175.79,99.0,167.0,3605.96,INR,2026-09-26 12:00:00
ORD00007789,CUST004714,2026-08-18 20:00:00,DELIVERED,UPI,594.5,59.45,49.0,96.31,680.36,inr,2026-09-26 12:00:00
ORD00000433,CUST004064,2026-05-05 20:00:00,DELIVERED,UPI,1069.61,213.92,0.0,102.68,958.37,INR,2026-09-26 12:00:00
ORD00009800,CUST002957,2026-06-27 15:00:00,PAID,CARD,1220.75,61.04,99.0,139.17,1397.88,INR,2026-09-26 12:00:00
ORD00000358,CUST003749,2026-07-31 14:00:00,CANCELLED,UPI,1882.26,188.23,99.0,203.28,1996.31,INR,2026-09-26 12:00:00
ORD00010336,CUST003475,2026-08-15 21:00:00,CANCELLED,NETBANKING,1529.7,76.48,49.0,174.39,1676.61,INR,2026-09-26 12:00:00
ORD00006060,CUST001030,2026-05-17 01:00:00,CANCELLED,CARD,960.94,144.14,0.0,147.02,963.82,INR,2026-09-26 12:00:00
ORD00001680,CUST004491,2026-08-20 11:00:00,PAID,WALLET,1113.16,111.32,79.0,120.22,1201.06,INR,2026-09-26 12:00:00
ORD00005991,CUST002009,2026-01-07 18:00:00,SHIPPED,COD,1635.76,0.0,149.0,81.79,1866.55,INR,2026-09-26 12:00:00
ORD00002418,CUST000141,2026-01-17 11:00:00,DELIVERED,COD,1662.73,83.14,0.0,284.33,1863.92,INR ,2026-09-26 12:00:00
ORD00003804,CUST002502,2026-02-19 10:00:00,CANCELLED,CARD,659.55,65.96,149.0,71.23,813.82,INR,2026-09-26 12:00:00
ORD00008621,CUST001508,2026-05-13 00:00:00,PAID,UPI,1428.17,214.23,79.0,60.7,1353.64,INR,2026-09-26 12:00:00
ORD00007553,CUST000630,2026-04-22 01:00:00,PAID,UPI,775.88,38.79,149.0,36.85,922.94,INR,2026-09-26 12:00:00
ORD00002516,CUST004649,2026-03-08 05:00:00,SHIPPED,UPI,879.73,0.0,79.0,105.57,1064.3,INR,2026-09-26 12:00:00
ORD00006543,CUST003043,2026-07-17 07:00:00,DELIVERED,COD,4210.31,842.06,149.0,404.19,3921.44,INR,2026-09-26 12:00:00
ORD00007372,CUST003657,2026-04-30 14:00:00,SHIPPED,CARD,1499.42,149.94,149.0,67.47,1565.95,INR,2026-09-26 12:00:00
ORD00004974,CUST004073,2026-02-04 11:00:00,DELIVERED,COD,2870.73,143.54,49.0,136.36,2912.55,inr,2026-09-26 12:00:00
ORD00000946,CUST001059,2026-07-23 05:00:00,DELIVERED,CARD,615.5,123.1,99.0,24.62,616.02,INR,2026-09-26 12:00:00
ORD00002089,CUST003961,2026-04-04 04:00:00,SHIPPED,UPI,2643.22,0.0,0.0,132.16,2775.38,INR,2026-09-26 12:00:00
ORD00005786,CUST002932,2026-05-16 01:00:00,DELIVERED,CARD,1534.5,0.0,79.0,184.14,1797.64,INR,2026-09-26 12:00:00
ORD00007843,CUST002614,2026-06-14 05:00:00,CANCELLED,UPI,541.2,81.18,49.0,82.8,591.82,INR,2026-09-26 12:00:00
ORD00002383,CUST003084,2026-03-27 22:00:00,PAID,NETBANKING,861.24,0.0,49.0,43.06,953.3,INR,2026-09-26 12:00:00
ORD00000179,CUST000895,2026-03-12 03:00:00,DELIVERED,WALLET,1215.74,0.0,0.0,60.79,1276.53,INR ,2026-09-26 12:00:00
ORD00007269,CUST002589,2026-02-15 23:00:00,PAID,UPI,1140.77,57.04,99.0,195.07,1377.8,INR,2026-09-26 12:00:00
ORD00001955,CUST000067,2026-07-30 19:00:00,CANCELLED,UPI,815.71,40.79,0.0,38.75,813.67,INR,2026-09-26 12:00:00
ORD00005909,CUST002753,2026-01-22 03:00:00,SHIPPED,CARD,541.21,27.06,0.0,61.7,575.85,inr ,2026-09-26 12:00:00
ORD00002247,CUST000438,2026-04-10 16:00:00,PAID,UPI,871.69,130.75,79.0,133.37,953.31,INR,2026-09-26 12:00:00
ORD00004729,CUST000763,2026-08-16 16:00:00,PAID,UPI,981.93,49.1,0.0,46.64,979.47,INR,2026-09-26 12:00:00
ORD00008061,CUST003822,2026-06-23 21:00:00,SHIPPED,UPI,1152.31,0.0,99.0,138.28,1389.59,INR,2026-09-26 12:00:00
ORD00000320,CUST004569,2026-06-27 12:00:00,CANCELLED,UPI,1209.87,0.0,79.0,217.78,1506.65,INR,2026-09-26 12:00:00
ORD00003447,CUST002856,2026-02-16 18:00:00,DELIVERED,UPI,2476.78,371.52,0.0,105.26,2210.52,INR,2026-09-26 12:00:00
ORD00000600,CUST002470,2026-01-25 17:00:00,SHIPPED,UPI,5335.51,533.55,0.0,576.24,5378.2,INR,2026-09-26 12:00:00
ORD00006374,CUST000706,2026-01-25 13:00:00,CANCELLED,CARD,3147.14,472.07,49.0,321.01,3045.08,INR,2026-09-26 12:00:00
ORD00000708,CUST004229,2026-03-29 12:00:00,DELIVERED,NETBANKING,1605.22,0.0,149.0,192.63,1946.85,INR,2026-09-26 12:00:00
ORD00000774,CUST000481,2026-02-06 10:00:00,DELIVERED,COD,915.89,91.59,79.0,98.92,1002.22,INR,2026-09-26 12:00:00
ORD00004051,CUST004107,2026-06-02 16:00:00,SHIPPED,UPI,1853.05,185.3,0.0,83.39,1751.14,INR,2026-09-26 12:00:00
ORD00003242,CUST003003,2026-02-06 07:00:00,DELIVERED,COD,4174.73,0.0,0.0,208.74,4383.47,INR,2026-09-26 12:00:00
ORD00006794,CUST000959,2026-06-20 19:00:00,PAID,UPI,688.2,68.82,0.0,74.33,693.71,INR,2026-09-26 12:00:00
ORD00007677,CUST003049,2026-06-27 04:00:00,SHIPPED,COD,1098.73,54.94,149.0,187.88,1380.67,INR,2026-09-26 12:00:00
ORD00008597,CUST002169,2026-08-24 08:00:00,SHIPPED,UPI,2345.15,117.26,99.0,111.39,2438.28,INR,2026-09-26 12:00:00
ORD00008726,CUST003739,2026-01-31 22:00:00,DELIVERED,NETBANKING,841.68,252.5,149.0,70.7,808.88,INR,2026-09-26 12:00:00
ORD00003830,CUST000552,2026-05-17 18:00:00,DELIVERED,UPI,467.94,23.4,0.0,80.02,524.56,inr,2026-09-26 12:00:00
ORD00004125,CUST002394,2026-06-25 18:00:00,SHIPPED,CARD,903.85,90.38,0.0,146.42,959.89,inr,2026-09-26 12:00:00
ORD00006990,CUST004293,2026-03-09 15:00:00,CANCELLED,CARD,413.24,0.0,149.0,49.59,611.83,INR,2026-09-26 12:00:00
ORD00004102,CUST002726,2026-08-10 04:00:00,CANCELLED,COD,1078.98,107.9,0.0,174.79,1145.87,INR,2026-09-26 12:00:00
ORD00005937,CUST003046,2026-05-19 23:00:00,DELIVERED,COD,2373.1,118.66,99.0,270.53,2623.97,INR,2026-09-26 12:00:00
ORD00009949,CUST003232,2026-02-25 15:00:00,CANCELLED,CARD,2376.36,118.82,79.0,270.9,2607.44,INR,2026-09-26 12:00:00
ORD00005041,CUST003405,2026-06-04 05:00:00,SHIPPED,COD,2472.2,247.22,99.0,111.25,2435.23,Rs,2026-09-26 12:00:00
ORD00001638,CUST003838,2026-06-22 03:00:00,DELIVERED,NETBANKING,1786.75,357.35,79.0,257.29,1765.69,INR,2026-09-26 12:00:00
ORD00010473,CUST001094,2026-03-23 17:00:00,PAID,CARD,3384.15,169.21,49.0,160.75,3424.69,INR,2026-09-26 12:00:00
ORD00005018,CUST003619,2026-04-13 09:00:00,DELIVERED,COD,1212.59,121.26,0.0,130.96,1222.29,INR,2026-09-26 12:00:00
ORD00007517,CUST002374,2026-06-03 07:00:00,CANCELLED,NETBANKING,1227.03,122.7,149.0,132.52,1385.85,INR,2026-09-26 12:00:00
ORD00011638,CUST001324,2026-07-11 23:00:00,CANCELLED,UPI,1347.22,67.36,99.0,230.37,1609.23,INR,2026-09-26 12:00:00
ORD00003274,CUST003902,2026-04-10 21:00:00,SHIPPED,CARD,2421.12,363.17,79.0,246.95,2383.9,INR,2026-09-26 12:00:00
ORD00000525,CUST000805,2026-01-21 08:00:00,PAID,CARD,2216.42,110.82,99.0,105.28,2309.88,INR,2026-09-26 12:00:00
ORD00010736,CUST004882,2026-08-12 23:00:00,SHIPPED,COD,1137.03,113.7,99.0,122.8,1245.13,INR,2026-09-26 12:00:00
ORD00008706,CUST004483,2026-06-11 20:00:00,DELIVERED,CARD,495.07,0.0,79.0,89.11,663.18,INR ,2026-09-26 12:00:00
ORD00009878,CUST002989,2026-03-22 07:00:00,PAID,UPI,966.82,0.0,149.0,48.34,1164.16,INR,2026-09-26 12:00:00
ORD00009768,CUST000775,2026-02-13 19:00:00,CANCELLED,CARD,731.17,73.12,79.0,78.97,816.02,INR ,2026-09-26 12:00:00
ORD00002235,CUST004283,2026-02-13 23:00:00,DELIVERED,CARD,992.12,0.0,99.0,178.58,1269.7,INR,2026-09-26 12:00:00
ORD00006745,CUST002655,2026-04-16 05:00:00,DELIVERED,CARD,2273.37,113.67,79.0,259.16,2497.86,INR,2026-09-26 12:00:00
ORD00003693,CUST004937,2026-03-26 01:00:00,SHIPPED,UPI,1550.4,77.52,99.0,176.75,1748.63,INR,2026-09-26 12:00:00
ORD00005906,CUST004606,2026-06-30 17:00:00,DELIVERED,COD,4915.31,245.77,149.0,560.34,5378.88,INR,2026-09-26 12:00:00
ORD00001085,CUST001652,2026-04-17 16:00:00,PAID,NETBANKING,777.14,77.71,99.0,34.97,833.4,INR,2026-09-26 12:00:00
ORD00010696,CUST003404,2026-02-21 02:00:00,CANCELLED,UPI,1361.93,136.19,149.0,147.09,1521.83,INR,2026-09-26 12:00:00
ORD00004300,CUST000119,2026-04-12 15:00:00,SHIPPED,NETBANKING,1462.23,73.11,49.0,69.46,1507.58,INR,2026-09-26 12:00:00
ORD00009470,CUST003944,2026-07-12 11:00:00,CANCELLED,UPI,2166.03,324.9,0.0,92.06,1933.19,INR,2026-09-26 12:00:00
ORD00000796,CUST002440,2026-05-03 04:00:00,DELIVERED,CARD,1277.94,0.0,49.0,63.9,1390.84,INR,2026-09-26 12:00:00
ORD00005981,CUST003117,2026-01-16 21:00:00,SHIPPED,CARD,2115.76,211.58,79.0,95.21,2078.39,INR,2026-09-26 12:00:00
ORD00010351,CUST000846,2026-08-10 07:00:00,PAID,UPI,855.68,171.14,49.0,123.22,856.76,INR,2026-09-26 12:00:00
ORD00006392,CUST001346,2026-02-05 13:00:00,SHIPPED,COD,3807.02,571.05,79.0,161.8,3476.77,INR,2026-09-26 12:00:00
ORD00007373,CUST002979,2026-06-10 12:00:00,DELIVERED,UPI,552.43,55.24,79.0,89.49,665.68,INR,2026-09-26 12:00:00
ORD00001079,CUST002899,2026-07-01 12:00:00,DELIVERED,UPI,1204.3,120.43,79.0,130.06,1292.93,Rs,2026-09-26 12:00:00
ORD00005412,CUST001739,2026-07-31 08:00:00,CANCELLED,UPI,3031.48,454.72,0.0,309.21,2885.97,INR,2026-09-26 12:00:00
ORD00006499,CUST004190,2026-07-13 03:00:00,CANCELLED,COD,1334.05,400.22,0.0,46.69,980.52,INR,2026-09-26 12:00:00
ORD00001679,CUST003898,2026-03-05 09:00:00,DELIVERED,UPI,1739.98,0.0,0.0,87.0,1826.98,INR,2026-09-26 12:00:00
ORD00007074,CUST002509,2026-01-26 00:00:00,SHIPPED,CARD,654.12,0.0,49.0,32.71,735.83,Rs,2026-09-26 12:00:00
ORD00005666,CUST004579,2026-06-29 19:00:00,PAID,UPI,1648.21,164.82,149.0,178.01,1810.4,INR,2026-09-26 12:00:00
ORD00011719,CUST002544,2026-06-08 10:00:00,PAID,COD,670.99,0.0,79.0,80.52,830.51,INR,2026-09-26 12:00:00
ORD00009000,CUST003481,2026-03-08 12:00:00,DELIVERED,UPI,2147.82,214.78,49.0,231.96,2214.0,INR,2026-09-26 12:00:00
ORD00003090,CUST000493,2026-05-05 04:00:00,CANCELLED,UPI,739.65,73.96,0.0,33.28,698.97,INR,2026-09-26 12:00:00
ORD00007463,CUST000419,2026-04-09 03:00:00,PAID,UPI,2867.78,286.78,99.0,464.58,3144.58,INR,2026-09-26 12:00:00
ORD00009504,CUST002968,2026-02-20 20:00:00,PAID,CARD,1467.72,0.0,99.0,176.13,1742.85,INR,2026-09-26 12:00:00
ORD00001948,CUST001631,2026-01-05 18:00:00,CANCELLED,CARD,2148.61,0.0,79.0,257.83,2485.44,Rs,2026-09-26 12:00:00
ORD00009750,CUST001580,2026-03-06 19:00:00,DELIVERED,UPI,1709.95,256.49,149.0,72.67,1675.13,INR,2026-09-26 12:00:00
ORD00008730,CUST003741,2026-04-06 04:00:00,PAID,NETBANKING,1035.58,155.34,79.0,105.63,1064.87,Rs,2026-09-26 12:00:00
ORD00004614,CUST004260,2026-07-31 10:00:00,CANCELLED,NETBANKING,927.48,46.37,0.0,158.6,1039.71,INR,2026-09-26 12:00:00
ORD00004061,CUST004587,2026-05-07 16:00:00,PAID,UPI,384.7,57.7,149.0,16.35,492.35,inr,2026-09-26 12:00:00
ORD00005797,CUST001664,2026-02-07 21:00:00,SHIPPED,CARD,2089.74,208.97,79.0,94.04,2053.81,INR,2026-09-26 12:00:00
ORD00004509,CUST000569,2026-05-05 16:00:00,DELIVERED,UPI,716.58,35.83,0.0,34.04,714.79,INR,2026-09-26 12:00:00
ORD00002993,CUST003137,2026-02-12 06:00:00,DELIVERED,COD,1446.47,0.0,99.0,260.36,1805.83,INR ,2026-09-26 12:00:00
ORD00006367,CUST002341,2026-07-06 13:00:00,SHIPPED,UPI,1498.51,299.7,79.0,143.86,1421.67,INR,2026-09-26 12:00:00
ORD00005238,CUST003323,2026-04-25 14:00:00,CANCELLED,NETBANKING,932.41,279.72,49.0,78.32,780.01,INR,2026-09-26 12:00:00
ORD00006018,CUST001672,2026-07-05 11:00:00,SHIPPED,NETBANKING,2252.39,112.62,79.0,106.99,2325.76,INR,2026-09-26 12:00:00
ORD00007921,CUST003939,2026-07-05 17:00:00,CANCELLED,CARD,1744.52,87.23,149.0,298.31,2104.6,INR,2026-09-26 12:00:00
ORD00002215,CUST000811,2026-02-14 02:00:00,CANCELLED,NETBANKING,1700.85,255.13,79.0,72.29,1597.01,inr,2026-09-26 12:00:00
ORD00010807,CUST001755,2026-02-06 09:00:00,SHIPPED,UPI,3034.15,0.0,0.0,151.71,3185.86,Rs,2026-09-26 12:00:00
ORD00004678,CUST004930,2026-08-01 06:00:00,PAID,UPI,417.02,20.85,99.0,47.54,542.71,inr,2026-09-26 12:00:00
ORD00010080,CUST001204,2026-02-22 17:00:00,PAID,NETBANKING,525.45,26.27,49.0,59.9,608.08,INR,2026-09-26 12:00:00
ORD00009467,CUST000459,2026-02-05 02:00:00,PAID,UPI,1834.98,275.25,79.0,187.17,1825.9,INR,2026-09-26 12:00:00
ORD00006862,CUST001167,2026-07-18 16:00:00,PAID,CARD,1521.29,76.06,79.0,72.26,1596.49,INR,2026-09-26 12:00:00
ORD00006563,CUST001565,2026-05-24 08:00:00,DELIVERED,UPI,2595.79,0.0,99.0,311.49,3006.28,INR,2026-09-26 12:00:00
ORD00002772,CUST000936,2026-08-18 13:00:00,CANCELLED,UPI,1803.94,90.2,0.0,308.47,2022.21,inr ,2026-09-26 12:00:00
ORD00011804,CUST004361,2026-04-04 10:00:00,PAID,UPI,1971.9,394.38,79.0,189.3,1845.82,INR,2026-09-26 12:00:00
ORD00010055,CUST000458,2026-07-03 03:00:00,DELIVERED,CARD,1881.61,282.24,49.0,191.92,1840.29,INR ,2026-09-26 12:00:00
ORD00007598,CUST001561,2026-02-07 02:00:00,CANCELLED,UPI,2834.75,141.74,79.0,323.16,3095.17,INR,2026-09-26 12:00:00
ORD00003027,CUST002945,2026-01-10 06:00:00,DELIVERED,CARD,4193.9,838.78,49.0,402.61,3806.73,INR,2026-09-26 12:00:00
ORD00011765,CUST000124,2026-04-24 13:00:00,PAID,COD,2193.24,328.99,79.0,93.21,2036.46,inr,2026-09-26 12:00:00
ORD00010079,CUST002687,2026-06-16 20:00:00,CANCELLED,UPI,489.65,48.96,99.0,52.88,592.57,INR,2026-09-26 12:00:00
ORD00010073,CUST004184,2026-04-20 12:00:00,DELIVERED,UPI,994.18,49.71,49.0,113.34,1106.81,INR,2026-09-26 12:00:00
ORD00006041,CUST000227,2026-08-13 20:00:00,SHIPPED,CARD,2058.22,308.73,0.0,87.47,1836.96,INR,2026-09-26 12:00:00
ORD00001442,CUST001196,2026-02-03 20:00:00,DELIVERED,COD,1048.8,52.44,49.0,179.34,1224.7,Rs,2026-09-26 12:00:00
ORD00005233,CUST002877,2026-05-22 03:00:00,PAID,UPI,1109.14,110.91,79.0,49.91,1127.14,INR,2026-09-26 12:00:00
ORD00011491,CUST004651,2026-06-08 11:00:00,DELIVERED,NETBANKING,1390.86,0.0,0.0,166.9,1557.76,INR,2026-09-26 12:00:00
ORD00002900,CUST004510,2026-04-25 04:00:00,DELIVERED,CARD,1064.07,53.2,49.0,121.3,1181.17,INR,2026-09-26 12:00:00
ORD00011661,CUST003943,2026-07-14 04:00:00,PAID,UPI,1343.91,134.39,149.0,145.14,1503.66,INR,2026-09-26 12:00:00
ORD00001512,CUST002548,2026-05-06 06:00:00,CANCELLED,COD,901.3,45.06,99.0,102.75,1057.99,INR,2026-09-26 12:00:00
ORD00009865,CUST003686,2026-01-01 05:00:00,CANCELLED,NETBANKING,1612.14,0.0,99.0,193.46,1904.6,INR,2026-09-26 12:00:00
ORD00006495,CUST004189,2026-07-19 18:00:00,DELIVERED,UPI,642.09,64.21,0.0,69.35,647.23,inr,2026-09-26 12:00:00
ORD00004303,CUST002884,2026-03-07 18:00:00,DELIVERED,NETBANKING,6331.62,633.16,99.0,683.82,6481.28,inr,2026-09-26 12:00:00
ORD00011757,CUST002924,2026-05-23 23:00:00,PAID,UPI,1110.12,111.01,0.0,179.84,1178.95,INR,2026-09-26 12:00:00
ORD00003839,CUST003986,2026-03-17 01:00:00,CANCELLED,UPI,1059.78,158.97,149.0,162.15,1211.96,INR,2026-09-26 12:00:00
ORD00002105,CUST002874,2026-02-10 20:00:00,PAID,UPI,1828.17,91.41,99.0,86.84,1922.6,INR,2026-09-26 12:00:00
ORD00001190,CUST002137,2026-06-20 00:00:00,DELIVERED,UPI,5037.28,503.73,79.0,544.03,5156.58,INR,2026-09-26 12:00:00
ORD00002795,CUST004362,2026-01-09 22:00:00,PAID,COD,613.49,0.0,0.0,110.43,723.92,inr,2026-09-26 12:00:00
ORD00006792,CUST002672,2026-08-28 13:00:00,SHIPPED,CARD,572.44,28.62,0.0,97.89,641.71,Rs,2026-09-26 12:00:00
ORD00000729,CUST000957,2026-04-27 07:00:00,PAID,WALLET,663.49,99.52,49.0,67.68,680.65,INR,2026-09-26 12:00:00
ORD00009130,CUST002578,2026-04-08 05:00:00,DELIVERED,UPI,5116.95,1023.39,49.0,736.84,4879.4,INR,2026-09-26 12:00:00
ORD00003211,CUST002708,2026-07-21 18:00:00,SHIPPED,UPI,1331.9,0.0,99.0,159.83,1590.73,INR,2026-09-26 12:00:00
ORD00005385,CUST001257,2026-03-09 00:00:00,DELIVERED,UPI,1798.19,89.91,99.0,204.99,2012.27,INR,2026-09-26 12:00:00
ORD00011433,CUST002421,2026-06-16 19:00:00,CANCELLED,CARD,4226.9,422.69,0.0,456.51,4260.72,INR,2026-09-26 12:00:00
ORD00001267,CUST001030,2026-07-27 03:00:00,CANCELLED,NETBANKING,1447.5,0.0,149.0,260.55,1857.05,INR,2026-09-26 12:00:00
ORD00009665,CUST001497,2026-02-04 04:00:00,DELIVERED,CARD,814.14,122.12,79.0,34.6,805.62,INR,2026-09-26 12:00:00
ORD00001336,CUST000452,2026-04-18 03:00:00,CANCELLED,UPI,2108.88,210.89,49.0,94.9,2041.89,INR,2026-09-26 12:00:00
ORD00007059,CUST003444,2026-05-09 10:00:00,CANCELLED,UPI,4309.1,0.0,79.0,775.64,5163.74,INR,2026-09-26 12:00:00
ORD00009824,CUST000650,2026-02-25 18:00:00,SHIPPED,CARD,4820.2,241.01,149.0,549.5,5277.69,inr,2026-09-26 12:00:00
ORD00007755,CUST003264,2026-08-13 18:00:00,DELIVERED,NETBANKING,401.76,0.0,149.0,20.09,570.85,Rs,2026-09-26 12:00:00
ORD00010514,CUST001933,2026-05-24 23:00:00,CANCELLED,COD,926.86,185.37,79.0,37.07,857.56,INR,2026-09-26 12:00:00
ORD00000577,CUST000343,2026-05-01 15:00:00,PAID,NETBANKING,1223.25,183.49,0.0,124.77,1164.53,INR,2026-09-26 12:00:00
ORD00000490,CUST001564,2026-01-10 20:00:00,DELIVERED,COD,2252.27,112.61,149.0,256.76,2545.42,INR,2026-09-26 12:00:00
ORD00000971,CUST001464,2026-02-20 02:00:00,CANCELLED,CARD,531.66,0.0,149.0,26.58,707.24,INR,2026-09-26 12:00:00
ORD00009708,CUST002334,2026-05-08 22:00:00,DELIVERED,CARD,2229.11,334.37,79.0,227.37,2201.11,inr,2026-09-26 12:00:00
ORD00008394,CUST002284,2026-08-25 17:00:00,CANCELLED,UPI,1302.82,65.14,149.0,222.78,1609.46,INR,2026-09-26 12:00:00
ORD00003327,CUST002974,2026-01-27 16:00:00,PAID,CARD,361.57,18.08,149.0,41.22,533.71,INR,2026-09-26 12:00:00
ORD00008396,CUST001783,2026-05-17 06:00:00,SHIPPED,COD,678.54,33.93,49.0,77.35,770.96,INR,2026-09-26 12:00:00
ORD00004950,CUST000525,2026-06-08 15:00:00,CANCELLED,COD,494.67,49.47,49.0,22.26,516.46,INR,2026-09-26 12:00:00
ORD00009201,CUST003124,2026-04-11 14:00:00,PAID,NETBANKING,1931.89,579.57,0.0,162.28,1514.6,INR,2026-09-26 12:00:00
ORD00002273,CUST001833,2026-07-13 17:00:00,DELIVERED,WALLET,825.4,82.54,99.0,133.71,975.57,INR,2026-09-26 12:00:00
ORD00000422,CUST002479,2026-02-26 11:00:00,SHIPPED,UPI,975.54,195.11,79.0,93.65,953.08,INR,2026-09-26 12:00:00
ORD00006715,CUST003973,2026-03-03 00:00:00,SHIPPED,UPI,1638.15,163.82,0.0,176.92,1651.25,INR,2026-09-26 12:00:00
ORD00002975,CUST002818,2026-06-24 03:00:00,CANCELLED,CARD,2782.75,0.0,99.0,139.14,3020.89,INR,2026-09-26 12:00:00
ORD00006198,CUST002184,2026-07-23 03:00:00,DELIVERED,CARD,2165.37,649.61,0.0,272.84,1788.6,INR,2026-09-26 12:00:00
ORD00005345,CUST002317,2026-03-19 06:00:00,CANCELLED,WALLET,611.03,122.21,79.0,87.99,655.81,INR ,2026-09-26 12:00:00
ORD00008180,CUST000919,2026-01-26 05:00:00,SHIPPED,NETBANKING,1004.15,50.21,99.0,47.7,1100.64,INR,2026-09-26 12:00:00
ORD00005976,CUST003556,2026-05-29 00:00:00,CANCELLED,COD,860.87,0.0,79.0,43.04,982.91,inr,2026-09-26 12:00:00
ORD00008639,CUST001204,2026-03-29 23:00:00,SHIPPED,WALLET,1676.04,167.6,0.0,271.52,1779.96,INR,2026-09-26 12:00:00
ORD00008731,CUST002673,2026-06-07 07:00:00,CANCELLED,CARD,1000.18,0.0,99.0,180.03,1279.21,inr,2026-09-26 12:00:00
ORD00003603,CUST001856,2026-03-20 19:00:00,DELIVERED,NETBANKING,907.82,90.78,99.0,40.85,956.89,INR,2026-09-26 12:00:00
ORD00002357,CUST000371,2026-08-25 09:00:00,PAID,UPI,1682.2,504.66,49.0,141.3,1367.84,INR,2026-09-26 12:00:00
ORD00003435,CUST001528,2026-04-02 20:00:00,DELIVERED,NETBANKING,1248.06,249.61,0.0,179.72,1178.17,INR,2026-09-26 12:00:00
ORD00002268,CUST001102,2026-07-07 08:00:00,CANCELLED,COD,634.98,127.0,99.0,25.4,632.38,INR,2026-09-26 12:00:00
ORD00011716,CUST001689,2026-08-28 05:00:00,PAID,NETBANKING,1214.01,242.8,49.0,48.56,1068.77,INR,2026-09-26 12:00:00
ORD00010752,CUST004251,2026-05-11 12:00:00,PAID,UPI,897.12,0.0,79.0,107.65,1083.77,INR,2026-09-26 12:00:00
ORD00009793,CUST002953,2026-02-17 12:00:00,PAID,NETBANKING,711.83,106.77,149.0,30.25,784.31,inr,2026-09-26 12:00:00
ORD00004660,CUST003877,2026-05-22 09:00:00,DELIVERED,UPI,544.83,0.0,99.0,98.07,741.9,INR,2026-09-26 12:00:00
ORD00002599,CUST000004,2026-08-07 20:00:00,PAID,CARD,1349.86,67.49,49.0,64.12,1395.49,Rs,2026-09-26 12:00:00
ORD00009771,CUST003931,2026-06-30 10:00:00,PAID,CARD,759.55,37.98,0.0,86.59,808.16,INR,2026-09-26 12:00:00
ORD00008160,CUST002036,2026-01-21 02:00:00,CANCELLED,CARD,2974.51,297.45,0.0,133.85,2810.91,INR ,2026-09-26 12:00:00
ORD00000467,CUST003958,2026-08-11 23:00:00,DELIVERED,UPI,156.81,0.0,99.0,7.84,263.65,INR,2026-09-26 12:00:00
ORD00006002,CUST001266,2026-04-18 05:00:00,PAID,NETBANKING,2718.59,135.93,0.0,129.13,2711.79,inr,2026-09-26 12:00:00
ORD00008003,CUST003250,2026-01-23 21:00:00,DELIVERED,CARD,571.6,57.16,49.0,92.6,656.04,Rs,2026-09-26 12:00:00
ORD00006340,CUST003942,2026-08-13 11:00:00,PAID,CARD,743.97,111.6,0.0,31.62,663.99,Rs,2026-09-26 12:00:00
ORD00007504,CUST000860,2026-04-16 02:00:00,DELIVERED,UPI,4129.94,619.49,79.0,421.25,4010.7,Rs,2026-09-26 12:00:00
ORD00002536,CUST004765,2026-01-14 22:00:00,PAID,UPI,1824.1,364.82,79.0,262.67,1800.95,INR,2026-09-26 12:00:00
ORD00007550,CUST003152,2026-04-18 11:00:00,CANCELLED,UPI,1421.77,71.09,149.0,243.12,1742.8,INR,2026-09-26 12:00:00
ORD00005415,CUST002565,2026-05-31 03:00:00,CANCELLED,UPI,535.23,26.76,99.0,25.42,632.89,INR,2026-09-26 12:00:00
ORD00006598,CUST003742,2026-06-05 18:00:00,SHIPPED,UPI,834.64,83.46,99.0,135.21,985.39,INR,2026-09-26 12:00:00
ORD00003260,CUST004717,2026-01-16 21:00:00,SHIPPED,UPI,1806.2,90.31,0.0,205.91,1921.8,INR,2026-09-26 12:00:00
ORD00000370,CUST002340,2026-06-02 23:00:00,DELIVERED,COD,1250.18,62.51,0.0,59.38,1247.05,Rs,2026-09-26 12:00:00
ORD00009839,CUST002607,2026-02-08 02:00:00,CANCELLED,NETBANKING,1546.76,0.0,149.0,185.61,1881.37,INR,2026-09-26 12:00:00
ORD00008789,CUST002807,2026-07-07 20:00:00,DELIVERED,COD,3091.04,927.31,99.0,108.19,2370.92,INR,2026-09-26 12:00:00
ORD00003238,CUST000433,2026-02-14 01:00:00,PAID,UPI,1136.03,0.0,99.0,204.49,1439.52,INR,2026-09-26 12:00:00
ORD00001341,CUST000999,2026-02-08 20:00:00,DELIVERED,CARD,1024.04,204.81,149.0,40.96,1009.19,INR,2026-09-26 12:00:00
ORD00002787,CUST000270,2026-05-23 21:00:00,CANCELLED,UPI,912.34,45.62,49.0,104.01,1019.73,INR,2026-09-26 12:00:00
ORD00010049,CUST002655,2026-04-02 07:00:00,SHIPPED,NETBANKING,1488.22,148.82,0.0,160.73,1500.13,INR,2026-09-26 12:00:00
ORD00005264,CUST003508,2026-05-22 00:00:00,CANCELLED,UPI,1276.46,191.47,0.0,195.3,1280.29,INR,2026-09-26 12:00:00
ORD00002672,CUST002842,2026-06-14 23:00:00,PAID,UPI,882.77,44.14,79.0,150.95,1068.58,INR,2026-09-26 12:00:00
ORD00004782,CUST000901,2026-01-10 03:00:00,DELIVERED,UPI,182.21,0.0,49.0,21.87,253.08,INR,2026-09-26 12:00:00
ORD00011088,CUST004537,2026-08-17 02:00:00,PAID,NETBANKING,1267.73,190.16,149.0,193.96,1420.53,INR,2026-09-26 12:00:00
ORD00010860,CUST002396,2026-06-11 22:00:00,CANCELLED,UPI,3561.28,178.06,149.0,608.98,4141.2,inr,2026-09-26 12:00:00
ORD00000290,CUST004414,2026-08-08 20:00:00,PAID,UPI,800.42,240.13,99.0,100.85,760.14,INR,2026-09-26 12:00:00
ORD00001029,CUST002261,2026-05-28 15:00:00,CANCELLED,CARD,390.44,0.0,0.0,46.85,437.29,inr,2026-09-26 12:00:00
ORD00002314,CUST000216,2026-02-03 07:00:00,SHIPPED,WALLET,409.92,81.98,99.0,39.35,466.29,INR,2026-09-26 12:00:00
ORD00010432,CUST000711,2026-01-13 02:00:00,PAID,CARD,1515.39,0.0,79.0,75.77,1670.16,INR,2026-09-26 12:00:00
ORD00006169,CUST004416,2026-03-05 23:00:00,PAID,NETBANKING,771.34,154.27,79.0,30.85,726.92,INR,2026-09-26 12:00:00
ORD00008016,CUST003845,2026-03-31 06:00:00,CANCELLED,COD,2573.75,257.38,149.0,416.95,2882.32,INR,2026-09-26 12:00:00
ORD00001317,CUST004869,2026-02-09 01:00:00,PAID,UPI,1078.15,161.72,79.0,109.97,1105.4,INR,2026-09-26 12:00:00
ORD00005914,CUST003852,2026-01-05 07:00:00,CANCELLED,COD,1411.65,70.58,79.0,160.93,1581.0,INR,2026-09-26 12:00:00
ORD00009811,CUST000489,2026-06-28 03:00:00,PAID,UPI,1325.27,265.05,99.0,127.23,1286.45,inr,2026-09-26 12:00:00
ORD00004643,CUST002546,2026-01-02 02:00:00,CANCELLED,CARD,1487.4,74.37,0.0,70.65,1483.68,INR,2026-09-26 12:00:00
ORD00010039,CUST002417,2026-08-03 23:00:00,PAID,COD,1119.38,111.94,99.0,120.89,1227.33,INR,2026-09-26 12:00:00
ORD00009836,CUST003973,2026-07-04 21:00:00,PAID,UPI,1258.88,188.83,0.0,53.5,1123.55,inr ,2026-09-26 12:00:00
ORD00010540,CUST000605,2026-04-19 15:00:00,CANCELLED,NETBANKING,1695.01,169.5,149.0,183.06,1857.57,INR,2026-09-26 12:00:00
ORD00010333,CUST002191,2026-02-13 10:00:00,SHIPPED,CARD,896.55,44.83,79.0,42.59,973.31,INR,2026-09-26 12:00:00
ORD00007187,CUST002014,2026-01-13 20:00:00,SHIPPED,UPI,955.2,0.0,0.0,171.94,1127.14,INR,2026-09-26 12:00:00
ORD00011431,CUST004769,2026-06-25 06:00:00,CANCELLED,UPI,740.22,74.02,149.0,33.31,848.51,INR,2026-09-26 12:00:00
ORD00006835,CUST000975,2026-07-18 14:00:00,CANCELLED,NETBANKING,685.11,34.26,149.0,32.54,832.39,INR,2026-09-26 12:00:00
ORD00007104,CUST003701,2026-04-05 20:00:00,SHIPPED,WALLET,1212.52,0.0,149.0,218.25,1579.77,INR,2026-09-26 12:00:00
ORD00010399,CUST004000,2026-06-15 01:00:00,DELIVERED,CARD,1661.23,83.06,79.0,284.07,1941.24,inr ,2026-09-26 12:00:00
ORD00002245,CUST004312,2026-02-15 03:00:00,DELIVERED,UPI,2239.65,111.98,0.0,255.32,2382.99,inr,2026-09-26 12:00:00
ORD00010350,CUST004419,2026-04-21 04:00:00,SHIPPED,CARD,576.23,28.81,99.0,27.37,673.79,INR,2026-09-26 12:00:00
ORD00000090,CUST000373,2026-06-01 16:00:00,SHIPPED,UPI,840.41,252.12,0.0,105.89,694.18,Rs,2026-09-26 12:00:00
ORD00006316,CUST001832,2026-07-05 08:00:00,SHIPPED,UPI,1352.03,67.6,149.0,231.2,1664.63,INR,2026-09-26 12:00:00
ORD00000984,CUST002359,2026-02-25 08:00:00,SHIPPED,UPI,1064.47,212.89,49.0,42.58,943.16,INR,2026-09-26 12:00:00
ORD00011983,CUST002379,2026-04-12 16:00:00,SHIPPED,UPI,403.28,60.49,79.0,41.13,462.92,INR,2026-09-26 12:00:00
ORD00004975,CUST003573,2026-03-04 04:00:00,CANCELLED,COD,561.4,28.07,149.0,96.0,778.33,INR,2026-09-26 12:00:00
ORD00006135,CUST001728,2026-01-25 20:00:00,SHIPPED,CARD,6438.88,643.89,0.0,695.4,6490.39,INR,2026-09-26 12:00:00
ORD00001396,CUST000861,2026-03-03 06:00:00,PAID,COD,1472.04,220.81,149.0,225.22,1625.45,Rs,2026-09-26 12:00:00
ORD00001704,CUST000174,2026-03-18 14:00:00,CANCELLED,UPI,1060.73,53.04,99.0,50.38,1157.07,INR,2026-09-26 12:00:00
ORD00011702,CUST003642,2026-06-01 01:00:00,DELIVERED,CARD,1680.14,84.01,79.0,191.54,1866.67,INR,2026-09-26 12:00:00
ORD00003778,CUST001696,2026-03-15 03:00:00,DELIVERED,UPI,604.13,30.21,0.0,28.7,602.62,INR,2026-09-26 12:00:00
ORD00008537,CUST001363,2026-01-06 16:00:00,CANCELLED,COD,2069.31,103.47,99.0,235.9,2300.74,INR,2026-09-26 12:00:00
ORD00001910,CUST000539,2026-04-04 02:00:00,SHIPPED,UPI,969.97,193.99,79.0,38.8,893.78,INR,2026-09-26 12:00:00
ORD00004357,CUST004566,2026-05-29 17:00:00,CANCELLED,COD,603.09,30.15,99.0,68.75,740.69,INR,2026-09-26 12:00:00
ORD00001656,CUST003098,2026-01-05 13:00:00,SHIPPED,CARD,1127.42,169.11,0.0,115.0,1073.31,INR,2026-09-26 12:00:00
ORD00005047,CUST001673,2026-05-27 18:00:00,SHIPPED,CARD,1788.76,178.88,0.0,289.78,1899.66,INR,2026-09-26 12:00:00
ORD00002266,CUST001181,2026-02-06 03:00:00,SHIPPED,CARD,670.65,134.13,79.0,96.57,712.09,INR,2026-09-26 12:00:00
ORD00004932,CUST002328,2026-04-14 08:00:00,SHIPPED,COD,3295.41,164.77,149.0,563.52,3843.16,INR,2026-09-26 12:00:00
ORD00008881,CUST003719,2026-03-11 01:00:00,PAID,CARD,10072.17,0.0,49.0,1208.66,11329.83,INR,2026-09-26 12:00:00
ORD00004340,CUST004140,2026-07-31 04:00:00,SHIPPED,UPI,578.37,86.76,79.0,88.49,659.1,INR,2026-09-26 12:00:00
ORD00005788,CUST003714,2026-07-09 21:00:00,DELIVERED,CARD,387.46,0.0,99.0,46.5,532.96,inr,2026-09-26 12:00:00
ORD00007751,CUST003333,2026-04-08 00:00:00,CANCELLED,UPI,869.79,130.47,149.0,36.97,925.29,INR,2026-09-26 12:00:00
ORD00004049,CUST002647,2026-08-14 23:00:00,CANCELLED,CARD,504.12,0.0,0.0,25.21,529.33,INR,2026-09-26 12:00:00
ORD00011416,CUST001624,2026-04-06 00:00:00,PAID,UPI,400.2,40.02,0.0,64.83,425.01,inr,2026-09-26 12:00:00
ORD00008059,CUST004411,2026-01-16 08:00:00,CANCELLED,COD,646.79,32.34,149.0,30.72,794.17,INR,2026-09-26 12:00:00
ORD00011414,CUST004364,2026-05-20 22:00:00,PAID,COD,984.44,196.89,0.0,39.38,826.93,INR ,2026-09-26 12:00:00
ORD00011613,CUST003971,2026-07-10 17:00:00,CANCELLED,NETBANKING,757.85,75.79,99.0,81.85,862.91,INR,2026-09-26 12:00:00
ORD00009419,CUST002891,2026-04-21 18:00:00,PAID,COD,1262.16,189.32,79.0,53.64,1205.48,INR,2026-09-26 12:00:00
ORD00003136,CUST000907,2026-01-02 19:00:00,CANCELLED,CARD,1815.76,90.79,0.0,207.0,1931.97,INR,2026-09-26 12:00:00
ORD00005698,CUST004935,2026-08-25 01:00:00,PAID,COD,968.57,48.43,99.0,110.42,1129.56,INR,2026-09-26 12:00:00
ORD00010153,CUST000279,2026-05-19 06:00:00,CANCELLED,CARD,1700.18,340.04,49.0,68.01,1477.15,INR,2026-09-26 12:00:00
ORD00010814,CUST004997,2026-05-30 23:00:00,DELIVERED,CARD,1307.91,392.37,149.0,109.86,1174.4,INR,2026-09-26 12:00:00
ORD00009183,CUST002513,2026-04-15 03:00:00,CANCELLED,COD,1934.04,193.4,49.0,208.88,1998.52,INR,2026-09-26 12:00:00
ORD00001255,CUST003955,2026-07-13 04:00:00,SHIPPED,UPI,1012.84,202.57,0.0,97.23,907.5,INR ,2026-09-26 12:00:00
ORD00003782,CUST004681,2026-06-03 16:00:00,SHIPPED,UPI,1381.09,138.11,0.0,62.15,1305.13,INR,2026-09-26 12:00:00
ORD00006869,CUST004020,2026-01-29 01:00:00,CANCELLED,UPI,466.52,23.33,49.0,22.16,514.35,INR,2026-09-26 12:00:00
ORD00005891,CUST002436,2026-01-30 01:00:00,DELIVERED,CARD,1342.83,0.0,0.0,67.14,1409.97,INR,2026-09-26 12:00:00
ORD00000278,CUST004224,2026-05-07 18:00:00,DELIVERED,CARD,660.4,33.02,149.0,112.93,889.31,INR,2026-09-26 12:00:00
ORD00003246,CUST004493,2026-08-22 14:00:00,DELIVERED,UPI,960.81,96.08,149.0,103.77,1117.5,Rs,2026-09-26 12:00:00
ORD00003187,CUST003963,2026-03-01 16:00:00,PAID,UPI,1795.63,359.13,149.0,258.57,1844.07,INR,2026-09-26 12:00:00
ORD00008971,CUST000724,2026-06-27 12:00:00,CANCELLED,UPI,1566.05,156.61,49.0,253.7,1712.14,INR,2026-09-26 12:00:00
ORD00008413,CUST000284,2026-04-13 01:00:00,DELIVERED,UPI,1247.32,124.73,49.0,134.71,1306.3,INR,2026-09-26 12:00:00
ORD00010857,CUST004930,2026-01-24 16:00:00,PAID,CARD,3417.94,170.9,79.0,389.64,3715.68,INR ,2026-09-26 12:00:00
ORD00007027,CUST000469,2026-05-14 13:00:00,SHIPPED,CARD,521.7,26.09,0.0,24.78,520.39,INR,2026-09-26 12:00:00
ORD00001884,CUST000588,2026-08-20 12:00:00,CANCELLED,COD,1610.09,161.01,49.0,72.45,1570.53,INR,2026-09-26 12:00:00
ORD00009151,CUST001358,2026-08-05 20:00:00,CANCELLED,NETBANKING,5172.83,775.92,149.0,791.44,5337.35,inr,2026-09-26 12:00:00
ORD00008747,CUST003285,2026-06-06 13:00:00,DELIVERED,COD,1644.8,164.48,49.0,177.64,1706.96,INR ,2026-09-26 12:00:00
ORD00008159,CUST003510,2026-02-07 03:00:00,SHIPPED,UPI,1261.73,63.09,149.0,143.84,1491.48,INR,2026-09-26 12:00:00
ORD00010131,CUST004432,2026-04-14 22:00:00,CANCELLED,CARD,2167.71,108.39,49.0,370.68,2479.0,INR ,2026-09-26 12:00:00
ORD00001445,CUST001568,2026-05-07 16:00:00,SHIPPED,CARD,4159.02,207.95,0.0,197.55,4148.62,INR,2026-09-26 12:00:00
ORD00006073,CUST000816,2026-07-14 21:00:00,CANCELLED,CARD,1746.25,0.0,79.0,314.32,2139.57,INR,2026-09-26 12:00:00
ORD00008503,CUST001570,2026-04-25 19:00:00,SHIPPED,COD,1605.18,481.55,99.0,56.18,1278.81,INR,2026-09-26 12:00:00
ORD00008532,CUST004031,2026-05-10 04:00:00,CANCELLED,COD,1703.62,255.54,79.0,72.4,1599.48,INR,2026-09-26 12:00:00
ORD00001502,CUST003678,2026-02-25 22:00:00,DELIVERED,CARD,2272.44,0.0,99.0,113.62,2485.06,INR,2026-09-26 12:00:00
ORD00011564,CUST002626,2026-05-30 09:00:00,CANCELLED,UPI,1840.2,276.03,149.0,281.55,1994.72,INR,2026-09-26 12:00:00
ORD00003998,CUST003830,2026-05-01 15:00:00,CANCELLED,WALLET,724.11,72.41,79.0,32.58,763.28,INR,2026-09-26 12:00:00
ORD00007579,CUST003165,2026-06-29 00:00:00,CANCELLED,NETBANKING,559.79,111.96,99.0,53.74,600.57,INR,2026-09-26 12:00:00
ORD00009332,CUST000094,2026-08-21 08:00:00,DELIVERED,CARD,2350.09,117.5,0.0,111.63,2344.22,INR,2026-09-26 12:00:00
ORD00009321,CUST002546,2026-03-26 20:00:00,SHIPPED,UPI,776.45,38.82,79.0,36.88,853.51,INR,2026-09-26 12:00:00
ORD00000523,CUST003959,2026-04-11 07:00:00,SHIPPED,CARD,800.55,120.08,49.0,34.02,763.49,INR,2026-09-26 12:00:00
ORD00007006,CUST004322,2026-06-02 02:00:00,DELIVERED,CARD,976.43,146.46,0.0,99.6,929.57,INR,2026-09-26 12:00:00
ORD00003855,CUST001363,2026-07-06 10:00:00,CANCELLED,CARD,1853.76,92.69,49.0,316.99,2127.06,INR,2026-09-26 12:00:00
ORD00008277,CUST002256,2026-04-24 04:00:00,CANCELLED,UPI,2530.36,0.0,49.0,303.64,2883.0,INR,2026-09-26 12:00:00
ORD00003827,CUST002743,2026-07-17 10:00:00,CANCELLED,NETBANKING,4786.14,478.61,79.0,215.38,4601.91,INR,2026-09-26 12:00:00
ORD00010358,CUST003158,2026-03-19 07:00:00,DELIVERED,COD,1827.92,0.0,0.0,219.35,2047.27,INR,2026-09-26 12:00:00
ORD00000568,CUST001183,2026-03-31 07:00:00,SHIPPED,CARD,1153.12,57.66,79.0,54.77,1229.23,INR,2026-09-26 12:00:00
ORD00006592,CUST002458,2026-07-06 03:00:00,SHIPPED,COD,3184.03,477.6,0.0,135.32,2841.75,INR,2026-09-26 12:00:00
ORD00002473,CUST003165,2026-01-12 10:00:00,DELIVERED,UPI,773.32,38.67,149.0,88.16,971.81,INR,2026-09-26 12:00:00
ORD00000633,CUST003464,2026-04-06 03:00:00,DELIVERED,NETBANKING,611.73,61.17,149.0,99.1,798.66,INR,2026-09-26 12:00:00
ORD00003387,CUST001933,2026-06-18 05:00:00,CANCELLED,UPI,528.95,0.0,0.0,26.45,555.4,INR,2026-09-26 12:00:00
ORD00002878,CUST001585,2026-05-04 11:00:00,DELIVERED,CARD,3360.46,1008.14,49.0,282.28,2683.6,INR ,2026-09-26 12:00:00
ORD00004353,CUST003523,2026-07-10 10:00:00,SHIPPED,UPI,2242.06,112.1,149.0,255.6,2534.56,Rs,2026-09-26 12:00:00
ORD00000873,CUST001833,2026-03-09 17:00:00,SHIPPED,CARD,2153.11,322.97,49.0,219.62,2098.76,INR,2026-09-26 12:00:00
ORD00010711,CUST000065,2026-08-10 20:00:00,PAID,COD,627.51,94.13,99.0,26.67,659.05,INR,2026-09-26 12:00:00
ORD00009294,CUST000784,2026-06-25 02:00:00,CANCELLED,UPI,2430.75,364.61,79.0,247.94,2393.08,INR,2026-09-26 12:00:00
ORD00000611,CUST001195,2026-05-01 02:00:00,SHIPPED,WALLET,547.47,82.12,79.0,23.27,567.62,inr,2026-09-26 12:00:00
ORD00011642,CUST000689,2026-07-13 19:00:00,DELIVERED,NETBANKING,965.31,48.27,149.0,110.04,1176.08,Rs,2026-09-26 12:00:00
ORD00008298,CUST004282,2026-05-16 02:00:00,SHIPPED,COD,1474.16,294.83,79.0,212.28,1470.61,INR,2026-09-26 12:00:00
ORD00001214,CUST004723,2026-07-31 13:00:00,PAID,COD,1037.31,0.0,79.0,186.72,1303.03,INR,2026-09-26 12:00:00
ORD00002406,CUST003861,2026-06-29 14:00:00,DELIVERED,CARD,3145.38,314.54,149.0,509.55,3489.39,INR,2026-09-26 12:00:00
ORD00009289,CUST002022,2026-05-09 07:00:00,DELIVERED,NETBANKING,853.94,85.39,0.0,92.23,860.78,INR ,2026-09-26 12:00:00
ORD00011212,CUST000285,2026-03-26 19:00:00,CANCELLED,CARD,384.62,19.23,0.0,18.27,383.66,INR,2026-09-26 12:00:00
ORD00001309,CUST002564,2026-08-24 05:00:00,CANCELLED,CARD,2421.46,0.0,49.0,121.07,2591.53,INR,2026-09-26 12:00:00
ORD00003340,CUST000763,2026-08-02 22:00:00,PAID,NETBANKING,1186.38,237.28,49.0,113.89,1111.99,INR,2026-09-26 12:00:00
ORD00000243,CUST000775,2026-06-01 09:00:00,DELIVERED,CARD,1401.99,210.3,0.0,143.0,1334.69,Rs,2026-09-26 12:00:00
ORD00010061,CUST000507,2026-01-24 17:00:00,DELIVERED,CARD,1780.51,178.05,49.0,192.3,1843.76,INR,2026-09-26 12:00:00
ORD00007348,CUST002378,2026-03-09 03:00:00,SHIPPED,CARD,539.53,0.0,0.0,64.74,604.27,inr,2026-09-26 12:00:00
ORD00000133,CUST000532,2026-01-20 03:00:00,DELIVERED,NETBANKING,2159.02,431.8,99.0,310.9,2137.12,INR,2026-09-26 12:00:00
ORD00002346,CUST002135,2026-07-30 08:00:00,CANCELLED,CARD,2982.54,0.0,79.0,357.9,3419.44,INR,2026-09-26 12:00:00
ORD00002318,CUST002879,2026-05-16 11:00:00,SHIPPED,CARD,1706.52,341.3,99.0,68.26,1532.48,INR,2026-09-26 12:00:00
ORD00009056,CUST004458,2026-08-01 13:00:00,PAID,UPI,866.83,43.34,99.0,148.23,1070.72,INR,2026-09-26 12:00:00
ORD00010864,CUST003675,2026-05-30 15:00:00,PAID,CARD,335.01,16.75,79.0,15.91,413.17,INR,2026-09-26 12:00:00
ORD00006920,CUST001703,2026-08-05 14:00:00,CANCELLED,COD,1114.92,55.75,79.0,127.1,1265.27,INR ,2026-09-26 12:00:00
ORD00005893,CUST003099,2026-07-07 02:00:00,CANCELLED,UPI,389.29,0.0,79.0,19.46,487.75,inr,2026-09-26 12:00:00
ORD00010503,CUST003810,2026-03-27 02:00:00,SHIPPED,UPI,1669.06,500.72,49.0,210.3,1427.64,inr ,2026-09-26 12:00:00
ORD00011450,CUST004696,2026-08-14 10:00:00,SHIPPED,NETBANKING,626.8,62.68,49.0,67.69,680.81,INR,2026-09-26 12:00:00
ORD00000496,CUST003063,2026-04-10 00:00:00,DELIVERED,COD,770.0,38.5,0.0,87.78,819.28,INR,2026-09-26 12:00:00
ORD00010239,CUST002264,2026-06-01 02:00:00,SHIPPED,COD,6929.48,1039.42,99.0,706.81,6695.87,Rs,2026-09-26 12:00:00
ORD00004979,CUST000922,2026-01-28 13:00:00,DELIVERED,WALLET,1354.39,0.0,79.0,162.53,1595.92,INR,2026-09-26 12:00:00
ORD00007735,CUST001548,2026-02-05 03:00:00,CANCELLED,UPI,1422.49,284.5,79.0,136.56,1353.55,INR,2026-09-26 12:00:00
ORD00009156,CUST001372,2026-01-10 01:00:00,PAID,COD,367.46,36.75,49.0,39.69,419.4,INR,2026-09-26 12:00:00
ORD00003081,CUST004210,2026-07-26 09:00:00,SHIPPED,WALLET,513.45,102.69,149.0,49.29,609.05,INR,2026-09-26 12:00:00
ORD00007239,CUST001367,2026-06-12 02:00:00,PAID,UPI,709.25,70.92,0.0,76.6,714.93,INR,2026-09-26 12:00:00
ORD00007475,CUST003094,2026-02-01 20:00:00,DELIVERED,CARD,1803.87,270.58,0.0,183.99,1717.28,INR,2026-09-26 12:00:00
ORD00010948,CUST000572,2026-08-18 03:00:00,DELIVERED,UPI,2430.17,486.03,79.0,97.21,2120.35,INR,2026-09-26 12:00:00
ORD00005364,CUST004733,2026-05-29 15:00:00,PAID,COD,726.08,108.91,49.0,74.06,740.23,INR,2026-09-26 12:00:00
ORD00000664,CUST004187,2026-04-13 06:00:00,SHIPPED,UPI,2852.36,0.0,0.0,342.28,3194.64,INR,2026-09-26 12:00:00
ORD00007353,CUST004593,2026-02-17 10:00:00,PAID,UPI,1202.06,60.1,99.0,205.55,1446.51,INR,2026-09-26 12:00:00
ORD00003754,CUST003423,2026-03-14 05:00:00,PAID,CARD,1608.52,241.28,79.0,68.36,1514.6,INR,2026-09-26 12:00:00
ORD00005121,CUST004433,2026-01-15 13:00:00,SHIPPED,UPI,400.9,0.0,0.0,72.16,473.06,INR,2026-09-26 12:00:00
ORD00008219,CUST002135,2026-05-26 12:00:00,SHIPPED,UPI,1568.14,78.41,149.0,178.77,1817.5,INR,2026-09-26 12:00:00
ORD00011439,CUST002670,2026-02-02 09:00:00,CANCELLED,NETBANKING,1170.27,0.0,99.0,58.51,1327.78,INR,2026-09-26 12:00:00
ORD00003054,CUST003138,2026-05-03 08:00:00,CANCELLED,COD,1306.5,0.0,79.0,156.78,1542.28,INR,2026-09-26 12:00:00
ORD00001798,CUST004516,2026-07-06 16:00:00,DELIVERED,CARD,1080.07,0.0,149.0,54.0,1283.07,INR,2026-09-26 12:00:00
ORD00009187,CUST003394,2026-04-20 22:00:00,SHIPPED,NETBANKING,4312.72,215.64,79.0,491.65,4667.73,INR,2026-09-26 12:00:00
ORD00005684,CUST003624,2026-05-14 18:00:00,PAID,COD,1811.61,181.16,49.0,81.52,1760.97,INR,2026-09-26 12:00:00
ORD00011579,CUST002237,2026-02-20 00:00:00,SHIPPED,COD,1532.71,229.91,149.0,65.14,1516.94,inr,2026-09-26 12:00:00
ORD00009171,CUST003915,2026-03-20 12:00:00,DELIVERED,WALLET,643.04,192.91,0.0,22.51,472.64,INR,2026-09-26 12:00:00
ORD00002067,CUST001751,2026-06-04 20:00:00,DELIVERED,NETBANKING,1017.04,50.85,0.0,115.94,1082.13,INR,2026-09-26 12:00:00
ORD00001529,CUST000736,2026-05-19 10:00:00,PAID,UPI,1363.93,272.79,0.0,130.94,1222.08,INR,2026-09-26 12:00:00
ORD00006455,CUST004120,2026-01-15 01:00:00,DELIVERED,COD,1780.85,89.04,49.0,304.53,2045.34,INR,2026-09-26 12:00:00
ORD00004835,CUST002154,2026-04-10 00:00:00,PAID,UPI,1197.3,0.0,149.0,59.86,1406.16,INR,2026-09-26 12:00:00
ORD00008130,CUST002613,2026-02-13 06:00:00,PAID,UPI,3759.63,375.96,0.0,406.04,3789.71,INR,2026-09-26 12:00:00
ORD00002813,CUST002597,2026-01-01 22:00:00,DELIVERED,CARD,611.21,0.0,0.0,30.56,641.77,INR,2026-09-26 12:00:00
ORD00001923,CUST003384,2026-05-19 19:00:00,PAID,WALLET,725.81,0.0,79.0,87.1,891.91,INR,2026-09-26 12:00:00
ORD00005196,CUST003311,2026-04-11 07:00:00,DELIVERED,UPI,462.96,46.3,0.0,50.0,466.66,INR,2026-09-26 12:00:00
ORD00008455,CUST003751,2026-05-04 22:00:00,PAID,UPI,2325.23,348.78,79.0,237.17,2292.62,INR,2026-09-26 12:00:00
ORD00003816,CUST003747,2026-01-24 13:00:00,CANCELLED,COD,634.53,63.45,99.0,102.79,772.87,INR,2026-09-26 12:00:00
ORD00006984,CUST002880,2026-03-01 01:00:00,SHIPPED,UPI,801.86,80.19,99.0,36.08,856.75,INR,2026-09-26 12:00:00
ORD00006710,CUST002781,2026-07-07 18:00:00,PAID,COD,360.42,0.0,99.0,64.88,524.3,INR,2026-09-26 12:00:00
ORD00001641,CUST004797,2026-01-05 06:00:00,CANCELLED,UPI,432.63,21.63,149.0,49.32,609.32,INR,2026-09-26 12:00:00
ORD00001206,CUST002193,2026-05-02 14:00:00,DELIVERED,WALLET,3470.26,694.05,79.0,138.81,2994.02,INR,2026-09-26 12:00:00
ORD00004450,CUST001309,2026-02-16 03:00:00,CANCELLED,UPI,354.17,35.42,0.0,15.94,334.69,INR,2026-09-26 12:00:00
ORD00000053,CUST001487,2026-03-20 06:00:00,DELIVERED,NETBANKING,1616.9,242.54,149.0,164.92,1688.28,INR,2026-09-26 12:00:00
ORD00011630,CUST002251,2026-04-08 04:00:00,PAID,UPI,343.5,34.35,79.0,15.46,403.61,inr,2026-09-26 12:00:00
ORD00001253,CUST002049,2026-02-06 01:00:00,PAID,UPI,1847.22,0.0,79.0,221.67,2147.89,INR,2026-09-26 12:00:00
ORD00009502,CUST002473,2026-07-18 17:00:00,CANCELLED,UPI,679.73,33.99,0.0,32.29,678.03,INR,2026-09-26 12:00:00
ORD00003706,CUST004990,2026-07-19 07:00:00,CANCELLED,WALLET,859.01,257.7,0.0,72.16,673.47,INR,2026-09-26 12:00:00
ORD00010803,CUST003649,2026-04-06 04:00:00,SHIPPED,UPI,1389.09,0.0,49.0,166.69,1604.78,INR,2026-09-26 12:00:00
ORD00000649,CUST002695,2026-07-06 10:00:00,PAID,CARD,455.91,68.39,99.0,46.5,533.02,INR,2026-09-26 12:00:00
ORD00011399,CUST002935,2026-05-25 20:00:00,SHIPPED,UPI,1605.67,160.57,0.0,260.12,1705.22,INR,2026-09-26 12:00:00
ORD00003718,CUST000604,2026-08-27 22:00:00,CANCELLED,UPI,2946.57,294.66,0.0,132.6,2784.51,inr,2026-09-26 12:00:00
ORD00007441,CUST002519,2026-02-10 10:00:00,DELIVERED,WALLET,704.37,70.44,0.0,76.07,710.0,inr,2026-09-26 12:00:00
ORD00011222,CUST004160,2026-07-10 19:00:00,SHIPPED,NETBANKING,844.49,42.22,79.0,144.41,1025.68,INR,2026-09-26 12:00:00
ORD00007854,CUST001694,2026-06-11 22:00:00,SHIPPED,UPI,590.98,29.55,149.0,28.07,738.5,INR,2026-09-26 12:00:00
ORD00010936,CUST000929,2026-06-13 01:00:00,CANCELLED,CARD,928.95,46.45,99.0,105.9,1087.4,INR,2026-09-26 12:00:00
ORD00010184,CUST003723,2026-04-30 18:00:00,CANCELLED,COD,1026.61,0.0,49.0,51.33,1126.94,INR,2026-09-26 12:00:00
ORD00002345,CUST002352,2026-07-01 14:00:00,PAID,NETBANKING,313.92,31.39,0.0,33.9,316.43,INR,2026-09-26 12:00:00
ORD00011994,CUST004567,2026-01-13 09:00:00,CANCELLED,UPI,1033.85,103.38,79.0,167.48,1176.95,INR,2026-09-26 12:00:00
ORD00007993,CUST003227,2026-01-24 18:00:00,CANCELLED,UPI,1167.1,350.13,149.0,147.05,1113.02,INR,2026-09-26 12:00:00
ORD00003254,CUST004974,2026-05-26 10:00:00,DELIVERED,UPI,1210.39,60.52,149.0,137.98,1436.85,INR,2026-09-26 12:00:00
ORD00004182,CUST003430,2026-07-08 12:00:00,DELIVERED,CARD,1056.4,0.0,79.0,126.77,1262.17,INR,2026-09-26 12:00:00
ORD00008327,CUST001729,2026-08-21 04:00:00,PAID,UPI,2692.78,0.0,149.0,134.64,2976.42,INR,2026-09-26 12:00:00
ORD00004873,CUST000826,2026-01-28 12:00:00,DELIVERED,UPI,1121.12,112.11,149.0,181.62,1339.63,INR,2026-09-26 12:00:00
ORD00000333,CUST000404,2026-01-29 08:00:00,CANCELLED,CARD,1452.12,72.61,149.0,165.54,1694.05,INR,2026-09-26 12:00:00
ORD00007368,CUST004957,2026-02-08 06:00:00,PAID,UPI,1217.94,0.0,149.0,60.9,1427.84,INR,2026-09-26 12:00:00
ORD00001387,CUST004297,2026-01-21 10:00:00,CANCELLED,UPI,420.14,21.01,149.0,19.96,568.09,INR,2026-09-26 12:00:00
ORD00011076,CUST002346,2026-02-17 21:00:00,PAID,UPI,495.16,24.76,99.0,84.67,654.07,INR,2026-09-26 12:00:00
ORD00009407,CUST004264,2026-03-02 11:00:00,CANCELLED,UPI,1202.54,0.0,49.0,60.13,1311.67,INR,2026-09-26 12:00:00
ORD00004536,CUST000956,2026-05-05 01:00:00,DELIVERED,UPI,2324.09,348.61,149.0,355.59,2480.07,INR,2026-09-26 12:00:00
ORD00001188,CUST001876,2026-07-12 03:00:00,DELIVERED,CARD,1929.16,0.0,149.0,347.25,2425.41,INR,2026-09-26 12:00:00
ORD00003145,CUST001059,2026-05-15 05:00:00,SHIPPED,UPI,1245.18,186.78,79.0,52.92,1190.32,INR,2026-09-26 12:00:00
ORD00003424,CUST000689,2026-05-21 07:00:00,SHIPPED,CARD,2223.22,111.16,0.0,253.45,2365.51,INR,2026-09-26 12:00:00
ORD00003013,CUST003928,2026-05-20 12:00:00,DELIVERED,COD,2180.64,109.03,0.0,248.59,2320.2,INR,2026-09-26 12:00:00
ORD00000926,CUST000412,2026-04-12 21:00:00,CANCELLED,UPI,3086.18,154.31,79.0,351.82,3362.69,INR ,2026-09-26 12:00:00
ORD00003497,CUST002720,2026-01-06 08:00:00,DELIVERED,UPI,2065.45,619.63,149.0,260.25,1855.07,INR,2026-09-26 12:00:00
ORD00001371,CUST003368,2026-05-16 08:00:00,DELIVERED,UPI,455.5,45.55,149.0,49.19,608.14,INR,2026-09-26 12:00:00
ORD00011755,CUST002749,2026-07-09 09:00:00,PAID,CARD,1019.25,50.96,149.0,116.19,1233.48,INR,2026-09-26 12:00:00
ORD00002561,CUST003493,2026-01-02 02:00:00,CANCELLED,UPI,434.79,65.22,79.0,44.35,492.92,INR,2026-09-26 12:00:00
ORD00004413,CUST002069,2026-07-22 01:00:00,DELIVERED,UPI,982.98,98.3,49.0,44.23,977.91,INR,2026-09-26 12:00:00
ORD00001453,CUST004645,2026-08-28 14:00:00,SHIPPED,UPI,1837.79,183.78,99.0,82.7,1835.71,INR,2026-09-26 12:00:00
ORD00011947,CUST002559,2026-01-15 15:00:00,DELIVERED,WALLET,3021.81,0.0,99.0,151.09,3271.9,INR,2026-09-26 12:00:00
ORD00008920,CUST002437,2026-02-05 06:00:00,DELIVERED,NETBANKING,635.07,31.75,79.0,72.4,754.72,INR,2026-09-26 12:00:00
ORD00011957,CUST004150,2026-03-22 01:00:00,PAID,CARD,2161.95,216.2,0.0,233.49,2179.24,inr,2026-09-26 12:00:00
ORD00011901,CUST003947,2026-08-18 18:00:00,PAID,WALLET,945.58,94.56,49.0,102.12,1002.14,INR ,2026-09-26 12:00:00
ORD00008842,CUST002935,2026-08-18 17:00:00,PAID,UPI,1307.32,0.0,49.0,156.88,1513.2,INR,2026-09-26 12:00:00
ORD00008288,CUST002055,2026-06-28 20:00:00,CANCELLED,CARD,1644.48,164.45,79.0,74.0,1633.03,INR,2026-09-26 12:00:00
ORD00000303,CUST002622,2026-06-03 09:00:00,CANCELLED,CARD,1477.33,147.73,49.0,66.48,1445.08,INR,2026-09-26 12:00:00
ORD00003528,CUST000484,2026-04-18 00:00:00,SHIPPED,UPI,2053.57,410.71,99.0,82.14,1824.0,INR,2026-09-26 12:00:00
ORD00002922,CUST000637,2026-08-22 11:00:00,PAID,CARD,2779.05,416.86,149.0,283.46,2794.65,INR,2026-09-26 12:00:00
ORD00000544,CUST004979,2026-05-17 23:00:00,PAID,COD,1827.37,274.11,0.0,77.66,1630.92,INR,2026-09-26 12:00:00
ORD00006714,CUST003753,2026-07-05 06:00:00,CANCELLED,COD,992.97,99.3,99.0,107.24,1099.91,INR,2026-09-26 12:00:00
ORD00002374,CUST003502,2026-07-11 14:00:00,SHIPPED,UPI,998.36,0.0,49.0,119.8,1167.16,INR,2026-09-26 12:00:00
ORD00010163,CUST003850,2026-07-08 06:00:00,PAID,NETBANKING,908.94,90.89,99.0,98.17,1015.22,INR,2026-09-26 12:00:00
ORD00006772,CUST003183,2026-05-20 19:00:00,CANCELLED,CARD,1701.12,255.17,49.0,173.51,1668.46,INR,2026-09-26 12:00:00
ORD00010568,CUST000724,2026-03-08 20:00:00,CANCELLED,UPI,1915.0,0.0,99.0,229.8,2243.8,INR,2026-09-26 12:00:00
ORD00010128,CUST002079,2026-05-28 22:00:00,SHIPPED,UPI,1301.26,195.19,149.0,55.3,1310.37,INR,2026-09-26 12:00:00
ORD00010421,CUST001742,2026-01-15 00:00:00,PAID,NETBANKING,2069.01,103.45,99.0,98.28,2162.84,INR,2026-09-26 12:00:00
ORD00006585,CUST001328,2026-03-24 06:00:00,SHIPPED,WALLET,766.06,114.91,149.0,32.56,832.71,INR,2026-09-26 12:00:00
ORD00001882,CUST002658,2026-08-05 14:00:00,DELIVERED,WALLET,598.34,89.75,0.0,25.43,534.02,INR,2026-09-26 12:00:00
ORD00006264,CUST000957,2026-07-05 23:00:00,PAID,CARD,703.95,105.59,79.0,71.8,749.16,inr,2026-09-26 12:00:00
ORD00004065,CUST003809,2026-08-26 06:00:00,PAID,COD,1526.44,76.32,49.0,72.51,1571.63,INR,2026-09-26 12:00:00
ORD00005730,CUST002346,2026-03-16 08:00:00,PAID,CARD,666.37,33.32,79.0,75.97,788.02,INR,2026-09-26 12:00:00
ORD00002641,CUST003938,2026-07-05 02:00:00,PAID,CARD,786.19,39.31,0.0,37.34,784.22,INR,2026-09-26 12:00:00
ORD00004991,CUST003089,2026-07-07 11:00:00,DELIVERED,UPI,3583.01,179.15,149.0,170.19,3723.05,INR,2026-09-26 12:00:00
ORD00000541,CUST000101,2026-02-10 07:00:00,SHIPPED,NETBANKING,564.32,112.86,49.0,54.18,554.64,INR,2026-09-26 12:00:00
ORD00010054,CUST001171,2026-07-16 03:00:00,DELIVERED,CARD,970.9,194.18,0.0,93.21,869.93,INR,2026-09-26 12:00:00
ORD00009756,CUST002030,2026-01-05 02:00:00,PAID,NETBANKING,843.4,42.17,49.0,96.15,946.38,INR,2026-09-26 12:00:00
ORD00003662,CUST002804,2026-05-15 03:00:00,PAID,COD,1881.74,376.35,0.0,270.97,1776.36,INR,2026-09-26 12:00:00
ORD00000564,CUST002250,2026-07-10 18:00:00,CANCELLED,NETBANKING,1507.34,301.47,149.0,144.7,1499.57,INR ,2026-09-26 12:00:00
ORD00002024,CUST004152,2026-06-28 10:00:00,PAID,UPI,884.43,44.22,149.0,42.01,1031.22,inr,2026-09-26 12:00:00
ORD00007257,CUST001179,2026-08-26 08:00:00,DELIVERED,UPI,703.37,35.17,79.0,120.28,867.48,INR,2026-09-26 12:00:00
ORD00006887,CUST002982,2026-05-04 19:00:00,DELIVERED,COD,843.47,42.17,0.0,144.23,945.53,INR,2026-09-26 12:00:00
ORD00000117,CUST002058,2026-01-12 10:00:00,PAID,CARD,864.5,86.45,149.0,93.37,1020.42,INR,2026-09-26 12:00:00
ORD00003821,CUST001002,2026-07-06 14:00:00,SHIPPED,UPI,762.55,76.26,0.0,123.53,809.82,INR,2026-09-26 12:00:00
ORD00005464,CUST000127,2026-07-01 07:00:00,CANCELLED,CARD,1856.07,556.82,0.0,64.96,1364.21,INR,2026-09-26 12:00:00
ORD00006918,CUST002855,2026-08-11 10:00:00,PAID,NETBANKING,415.64,62.35,0.0,42.39,395.68,INR,2026-09-26 12:00:00
ORD00009088,CUST003386,2026-06-02 03:00:00,PAID,CARD,2233.11,446.62,49.0,214.38,2049.87,inr,2026-09-26 12:00:00
ORD00004573,CUST000443,2026-04-29 23:00:00,CANCELLED,UPI,2131.73,213.17,79.0,345.34,2342.9,inr,2026-09-26 12:00:00
ORD00011053,CUST001498,2026-03-13 06:00:00,CANCELLED,UPI,690.55,69.05,0.0,111.87,733.37,INR,2026-09-26 12:00:00
ORD00002826,CUST000153,2026-04-01 06:00:00,DELIVERED,COD,1131.11,169.67,99.0,115.37,1175.81,inr ,2026-09-26 12:00:00
ORD00003334,CUST000424,2026-08-25 11:00:00,SHIPPED,CARD,1475.08,73.75,99.0,252.24,1752.57,INR,2026-09-26 12:00:00
ORD00004338,CUST000205,2026-02-07 01:00:00,PAID,COD,719.07,215.72,79.0,25.17,607.52,INR,2026-09-26 12:00:00
ORD00008758,CUST001905,2026-02-10 20:00:00,DELIVERED,COD,1940.66,582.2,79.0,67.92,1505.38,INR,2026-09-26 12:00:00
ORD00008940,CUST000122,2026-06-05 12:00:00,SHIPPED,UPI,894.03,44.7,79.0,42.47,970.8,INR,2026-09-26 12:00:00
ORD00001116,CUST002010,2026-07-08 02:00:00,CANCELLED,CARD,2288.66,0.0,49.0,114.43,2452.09,INR,2026-09-26 12:00:00
ORD00006836,CUST000415,2026-03-12 12:00:00,CANCELLED,UPI,1157.6,57.88,49.0,131.97,1280.69,INR,2026-09-26 12:00:00
ORD00007852,CUST000795,2026-04-21 03:00:00,CANCELLED,COD,1250.31,0.0,0.0,150.04,1400.35,INR,2026-09-26 12:00:00
ORD00004250,CUST004795,2026-04-12 15:00:00,SHIPPED,CARD,568.45,0.0,0.0,28.42,596.87,INR,2026-09-26 12:00:00
ORD00004924,CUST003507,2026-02-28 15:00:00,DELIVERED,UPI,2054.78,205.48,49.0,221.92,2120.22,INR,2026-09-26 12:00:00
ORD00004118,CUST000363,2026-02-15 19:00:00,CANCELLED,NETBANKING,1171.03,58.55,79.0,200.25,1391.73,INR,2026-09-26 12:00:00
ORD00003902,CUST004314,2026-04-24 03:00:00,CANCELLED,UPI,1153.47,230.69,0.0,46.14,968.92,INR,2026-09-26 12:00:00
ORD00000406,CUST000033,2026-05-04 15:00:00,DELIVERED,NETBANKING,1362.33,68.12,79.0,64.71,1437.92,INR,2026-09-26 12:00:00
ORD00009282,CUST003880,2026-08-26 12:00:00,SHIPPED,CARD,5060.53,0.0,79.0,607.26,5746.79,INR,2026-09-26 12:00:00
ORD00001176,CUST004156,2026-06-07 17:00:00,CANCELLED,COD,546.52,54.65,0.0,59.02,550.89,INR,2026-09-26 12:00:00
ORD00007844,CUST001813,2026-04-18 14:00:00,CANCELLED,UPI,1600.7,80.04,0.0,76.03,1596.69,INR,2026-09-26 12:00:00
ORD00011168,CUST001923,2026-05-08 16:00:00,CANCELLED,NETBANKING,646.81,0.0,99.0,116.43,862.24,INR,2026-09-26 12:00:00
ORD00003631,CUST004468,2026-02-28 16:00:00,CANCELLED,UPI,955.53,95.55,79.0,43.0,981.98,INR,2026-09-26 12:00:00
ORD00001595,CUST001694,2026-06-10 15:00:00,SHIPPED,COD,933.42,93.34,149.0,100.81,1089.89,INR,2026-09-26 12:00:00
ORD00007622,CUST003324,2026-02-14 20:00:00,PAID,CARD,1084.52,54.23,79.0,51.51,1160.8,INR,2026-09-26 12:00:00
ORD00001836,CUST000292,2026-04-25 02:00:00,PAID,CARD,1091.17,54.56,149.0,51.83,1237.44,INR,2026-09-26 12:00:00
ORD00011231,CUST004974,2026-06-25 23:00:00,DELIVERED,WALLET,1341.95,0.0,49.0,241.55,1632.5,INR,2026-09-26 12:00:00
ORD00008709,CUST000297,2026-06-22 11:00:00,DELIVERED,COD,622.3,62.23,79.0,28.0,667.07,INR,2026-09-26 12:00:00
ORD00002773,CUST001798,2026-06-02 23:00:00,SHIPPED,CARD,679.06,203.72,149.0,23.77,648.11,INR,2026-09-26 12:00:00
ORD00011722,CUST003250,2026-02-16 13:00:00,DELIVERED,WALLET,1144.01,114.4,0.0,123.55,1153.16,INR,2026-09-26 12:00:00
ORD00008078,CUST001511,2026-02-10 21:00:00,DELIVERED,UPI,1051.5,52.58,149.0,49.95,1197.87,INR,2026-09-26 12:00:00
ORD00000373,CUST001208,2026-05-24 02:00:00,CANCELLED,UPI,594.93,59.49,0.0,96.38,631.82,INR,2026-09-26 12:00:00
ORD00008276,CUST000165,2026-04-10 10:00:00,CANCELLED,COD,1365.2,0.0,99.0,68.26,1532.46,Rs,2026-09-26 12:00:00
ORD00000894,CUST000169,2026-05-15 17:00:00,PAID,CARD,1387.32,0.0,149.0,249.72,1786.04,INR,2026-09-26 12:00:00
ORD00008822,CUST004069,2026-07-30 21:00:00,SHIPPED,UPI,3606.54,180.33,0.0,411.15,3837.36,INR,2026-09-26 12:00:00
ORD00011121,CUST003562,2026-06-07 01:00:00,CANCELLED,UPI,679.67,135.93,0.0,97.87,641.61,INR,2026-09-26 12:00:00
ORD00004264,CUST002407,2026-03-25 11:00:00,DELIVERED,NETBANKING,1771.38,88.57,0.0,201.94,1884.75,inr,2026-09-26 12:00:00
ORD00001917,CUST002597,2026-03-16 06:00:00,PAID,CARD,2954.92,295.49,99.0,319.13,3077.56,INR,2026-09-26 12:00:00
ORD00005422,CUST003455,2026-04-12 09:00:00,SHIPPED,COD,3474.12,173.71,149.0,165.02,3614.43,INR,2026-09-26 12:00:00
ORD00007097,CUST002888,2026-07-27 06:00:00,SHIPPED,UPI,1126.47,225.29,79.0,108.14,1088.32,inr,2026-09-26 12:00:00
ORD00006246,CUST002305,2026-06-01 00:00:00,DELIVERED,WALLET,1390.63,0.0,49.0,250.31,1689.94,INR,2026-09-26 12:00:00
ORD00006391,CUST004111,2026-07-06 17:00:00,CANCELLED,UPI,9262.07,1389.31,49.0,944.73,8866.49,INR,2026-09-26 12:00:00
ORD00001193,CUST000507,2026-04-08 16:00:00,CANCELLED,UPI,806.67,80.67,99.0,36.3,861.3,INR,2026-09-26 12:00:00
ORD00007186,CUST003649,2026-01-06 07:00:00,SHIPPED,UPI,1897.74,0.0,149.0,94.89,2141.63,INR,2026-09-26 12:00:00
ORD00006318,CUST001817,2026-06-07 03:00:00,SHIPPED,CARD,2014.84,100.74,0.0,229.69,2143.79,inr,2026-09-26 12:00:00
ORD00003504,CUST003626,2026-06-03 17:00:00,SHIPPED,WALLET,1930.01,386.0,99.0,185.28,1828.29,INR,2026-09-26 12:00:00
ORD00000477,CUST001438,2026-01-29 12:00:00,CANCELLED,WALLET,1924.71,0.0,149.0,230.97,2304.68,INR,2026-09-26 12:00:00
ORD00000376,CUST004440,2026-08-01 15:00:00,DELIVERED,UPI,3209.68,320.97,49.0,346.65,3284.36,INR,2026-09-26 12:00:00
ORD00006521,CUST002944,2026-05-02 13:00:00,SHIPPED,WALLET,3641.92,364.19,149.0,163.89,3590.62,INR ,2026-09-26 12:00:00
ORD00001965,CUST003348,2026-06-30 17:00:00,PAID,WALLET,1500.56,0.0,99.0,180.07,1779.63,INR,2026-09-26 12:00:00
ORD00004227,CUST001098,2026-05-11 00:00:00,CANCELLED,UPI,5806.81,290.34,79.0,275.82,5871.29,INR,2026-09-26 12:00:00
ORD00007152,CUST002162,2026-03-26 04:00:00,DELIVERED,CARD,678.05,67.8,79.0,30.51,719.76,INR,2026-09-26 12:00:00
ORD00011276,CUST000612,2026-01-27 13:00:00,SHIPPED,NETBANKING,1708.93,170.89,0.0,184.56,1722.6,INR,2026-09-26 12:00:00
ORD00008998,CUST001703,2026-05-28 00:00:00,DELIVERED,UPI,1114.91,55.75,0.0,127.1,1186.26,INR,2026-09-26 12:00:00
ORD00009988,CUST001840,2026-01-12 22:00:00,PAID,CARD,653.08,0.0,49.0,32.65,734.73,INR,2026-09-26 12:00:00
ORD00009346,CUST001516,2026-06-08 22:00:00,CANCELLED,CARD,953.43,0.0,49.0,47.67,1050.1,INR,2026-09-26 12:00:00
ORD00004037,CUST000134,2026-06-06 23:00:00,DELIVERED,UPI,2158.82,107.94,79.0,369.16,2499.04,INR,2026-09-26 12:00:00
ORD00007840,CUST002206,2026-04-02 17:00:00,CANCELLED,UPI,1047.72,104.77,79.0,47.15,1069.1,INR,2026-09-26 12:00:00
ORD00004560,CUST003752,2026-03-03 12:00:00,CANCELLED,UPI,1140.17,57.01,0.0,129.98,1213.14,INR,2026-09-26 12:00:00
ORD00000257,CUST003332,2026-01-17 13:00:00,PAID,COD,1527.77,76.39,99.0,72.57,1622.95,INR,2026-09-26 12:00:00
ORD00000591,CUST002582,2026-01-29 03:00:00,PAID,UPI,666.67,66.67,49.0,30.0,679.0,INR,2026-09-26 12:00:00
ORD00000227,CUST001921,2026-02-27 10:00:00,SHIPPED,CARD,666.8,100.02,99.0,102.02,767.8,INR,2026-09-26 12:00:00
ORD00001278,CUST000410,2026-02-24 11:00:00,DELIVERED,UPI,834.84,41.74,49.0,95.17,937.27,INR,2026-09-26 12:00:00
ORD00007915,CUST003971,2026-03-04 03:00:00,SHIPPED,COD,2621.62,262.16,149.0,424.7,2933.16,INR,2026-09-26 12:00:00
ORD00009541,CUST001397,2026-07-24 04:00:00,SHIPPED,COD,1369.97,137.0,149.0,61.65,1443.62,Rs,2026-09-26 12:00:00
ORD00011999,CUST003755,2026-07-06 06:00:00,DELIVERED,WALLET,521.93,26.1,0.0,59.5,555.33,INR,2026-09-26 12:00:00
ORD00004768,CUST002610,2026-01-22 23:00:00,PAID,UPI,932.82,139.92,149.0,95.15,1037.05,INR,2026-09-26 12:00:00
ORD00006576,CUST002575,2026-01-16 00:00:00,PAID,CARD,622.96,0.0,0.0,31.15,654.11,INR,2026-09-26 12:00:00
ORD00003105,CUST002734,2026-07-12 18:00:00,DELIVERED,WALLET,673.78,101.07,49.0,68.73,690.44,INR,2026-09-26 12:00:00
ORD00000323,CUST001122,2026-03-27 23:00:00,DELIVERED,UPI,1446.2,144.62,49.0,156.19,1506.77,Rs,2026-09-26 12:00:00
ORD00003048,CUST002279,2026-06-20 08:00:00,SHIPPED,UPI,729.11,109.37,149.0,74.37,843.11,INR,2026-09-26 12:00:00
ORD00004550,CUST003430,2026-02-05 09:00:00,PAID,UPI,3497.77,174.89,0.0,166.14,3489.02,INR ,2026-09-26 12:00:00
ORD00009791,CUST000410,2026-06-21 19:00:00,CANCELLED,UPI,555.05,55.5,99.0,59.95,658.5,INR,2026-09-26 12:00:00
ORD00003267,CUST004355,2026-07-23 23:00:00,PAID,UPI,1038.72,103.87,149.0,46.74,1130.59,INR,2026-09-26 12:00:00
ORD00000763,CUST000432,2026-01-24 13:00:00,SHIPPED,NETBANKING,900.33,90.03,49.0,145.85,1005.15,INR,2026-09-26 12:00:00
ORD00006686,CUST003212,2026-06-25 05:00:00,PAID,COD,665.85,199.76,0.0,55.93,522.02,INR,2026-09-26 12:00:00
ORD00011400,CUST004365,2026-01-19 01:00:00,SHIPPED,UPI,355.42,0.0,0.0,17.77,373.19,INR,2026-09-26 12:00:00
ORD00001028,CUST001057,2026-01-18 12:00:00,CANCELLED,NETBANKING,2539.44,126.97,99.0,120.62,2632.09,INR,2026-09-26 12:00:00
ORD00002066,CUST004190,2026-08-18 04:00:00,CANCELLED,UPI,1383.09,69.15,99.0,65.7,1478.64,INR,2026-09-26 12:00:00
ORD00003992,CUST003372,2026-05-25 21:00:00,SHIPPED,COD,2538.32,126.92,49.0,289.37,2749.77,inr,2026-09-26 12:00:00
ORD00011163,CUST002281,2026-03-09 09:00:00,SHIPPED,WALLET,1126.52,112.65,79.0,182.5,1275.37,INR,2026-09-26 12:00:00
ORD00007320,CUST001794,2026-06-17 05:00:00,PAID,UPI,575.36,0.0,149.0,69.04,793.4,INR,2026-09-26 12:00:00
ORD00009315,CUST002373,2026-07-25 12:00:00,PAID,COD,2433.04,0.0,149.0,291.96,2874.0,INR,2026-09-26 12:00:00
ORD00000178,CUST003493,2026-08-10 13:00:00,PAID,NETBANKING,1398.23,69.91,49.0,239.1,1616.42,INR,2026-09-26 12:00:00
ORD00004373,CUST001464,2026-03-02 17:00:00,SHIPPED,WALLET,1121.91,112.19,79.0,121.17,1209.89,INR,2026-09-26 12:00:00
ORD00011047,CUST002276,2026-03-22 23:00:00,SHIPPED,NETBANKING,3254.22,325.42,49.0,146.44,3124.24,INR,2026-09-26 12:00:00
ORD00000492,CUST001503,2026-01-16 08:00:00,DELIVERED,UPI,1410.74,211.61,0.0,143.9,1343.03,INR,2026-09-26 12:00:00
ORD00004738,CUST001831,2026-07-10 20:00:00,CANCELLED,UPI,2477.91,123.9,79.0,117.7,2550.71,Rs,2026-09-26 12:00:00
ORD00008451,CUST001597,2026-03-10 08:00:00,SHIPPED,NETBANKING,1360.37,272.07,149.0,130.6,1367.9,INR,2026-09-26 12:00:00
ORD00009686,CUST004801,2026-02-08 12:00:00,CANCELLED,UPI,1475.4,147.54,0.0,159.34,1487.2,INR ,2026-09-26 12:00:00
ORD00008432,CUST000207,2026-01-03 07:00:00,SHIPPED,NETBANKING,3792.13,189.61,49.0,180.13,3831.65,Rs,2026-09-26 12:00:00
ORD00011472,CUST003687,2026-05-06 16:00:00,PAID,UPI,772.87,0.0,99.0,92.74,964.61,INR ,2026-09-26 12:00:00
ORD00000583,CUST004090,2026-03-27 09:00:00,CANCELLED,UPI,1273.16,127.32,49.0,137.5,1332.34,INR,2026-09-26 12:00:00
ORD00010949,CUST004532,2026-02-19 17:00:00,DELIVERED,UPI,1326.51,66.33,149.0,151.22,1560.4,INR,2026-09-26 12:00:00
ORD00007967,CUST000852,2026-06-17 05:00:00,CANCELLED,UPI,935.84,0.0,99.0,46.79,1081.63,INR,2026-09-26 12:00:00
ORD00000085,CUST003268,2026-02-18 04:00:00,SHIPPED,COD,1000.78,200.16,149.0,144.11,1093.73,INR,2026-09-26 12:00:00
ORD00000792,CUST004515,2026-07-07 11:00:00,PAID,NETBANKING,419.55,0.0,79.0,50.35,548.9,INR,2026-09-26 12:00:00
ORD00003783,CUST002670,2026-06-11 19:00:00,PAID,UPI,823.32,82.33,49.0,37.05,827.04,INR,2026-09-26 12:00:00
ORD00002278,CUST002099,2026-06-02 14:00:00,CANCELLED,UPI,604.29,30.21,49.0,68.89,691.97,INR,2026-09-26 12:00:00
ORD00004989,CUST002494,2026-05-22 17:00:00,PAID,CARD,1066.7,106.67,79.0,115.2,1154.23,INR,2026-09-26 12:00:00
ORD00010534,CUST000896,2026-02-24 13:00:00,DELIVERED,COD,1010.51,101.05,99.0,109.14,1117.6,INR,2026-09-26 12:00:00
ORD00001438,CUST004076,2026-01-18 21:00:00,SHIPPED,COD,857.7,0.0,99.0,42.89,999.59,inr,2026-09-26 12:00:00
ORD00001541,CUST000553,2026-05-12 06:00:00,SHIPPED,CARD,1592.5,318.5,0.0,152.88,1426.88,INR,2026-09-26 12:00:00
ORD00003580,CUST002317,2026-02-28 05:00:00,SHIPPED,UPI,481.98,0.0,49.0,24.1,555.08,INR,2026-09-26 12:00:00
ORD00007726,CUST000601,2026-08-23 05:00:00,CANCELLED,UPI,1722.28,516.68,0.0,60.28,1265.88,Rs,2026-09-26 12:00:00
ORD00006497,CUST000744,2026-05-18 07:00:00,SHIPPED,COD,1982.01,297.3,149.0,303.25,2136.96,inr,2026-09-26 12:00:00
ORD00009581,CUST000971,2026-03-16 16:00:00,PAID,COD,1960.27,392.05,149.0,188.19,1905.41,INR,2026-09-26 12:00:00
ORD00009477,CUST003895,2026-07-17 21:00:00,PAID,UPI,1237.01,247.4,99.0,118.75,1207.36,INR,2026-09-26 12:00:00
ORD00011996,CUST002966,2026-03-29 00:00:00,DELIVERED,UPI,564.99,56.5,99.0,61.02,668.51,INR,2026-09-26 12:00:00
ORD00011919,CUST003530,2026-08-15 17:00:00,PAID,UPI,1034.38,310.31,149.0,36.2,909.27,INR,2026-09-26 12:00:00
ORD00010971,CUST001404,2026-08-24 08:00:00,PAID,UPI,902.31,0.0,149.0,45.12,1096.43,INR,2026-09-26 12:00:00
ORD00008281,CUST000618,2026-03-18 00:00:00,CANCELLED,UPI,3627.52,0.0,0.0,181.38,3808.9,INR,2026-09-26 12:00:00
ORD00011828,CUST003019,2026-03-08 22:00:00,CANCELLED,UPI,3034.1,910.23,0.0,254.86,2378.73,INR,2026-09-26 12:00:00
ORD00000672,CUST003100,2026-03-26 10:00:00,DELIVERED,UPI,1647.93,82.4,99.0,187.86,1852.39,INR,2026-09-26 12:00:00
ORD00002121,CUST000748,2026-07-22 19:00:00,CANCELLED,UPI,612.67,30.63,99.0,29.1,710.14,INR ,2026-09-26 12:00:00
ORD00005104,CUST004243,2026-07-08 17:00:00,SHIPPED,UPI,2179.07,217.91,149.0,235.34,2345.5,INR,2026-09-26 12:00:00
ORD00009740,CUST003418,2026-03-11 01:00:00,CANCELLED,NETBANKING,677.58,33.88,79.0,32.18,754.88,INR,2026-09-26 12:00:00
ORD00008411,CUST001977,2026-03-27 11:00:00,DELIVERED,UPI,641.69,0.0,149.0,115.5,906.19,Rs,2026-09-26 12:00:00
ORD00010675,CUST000839,2026-06-25 11:00:00,DELIVERED,UPI,2338.27,0.0,149.0,280.59,2767.86,INR,2026-09-26 12:00:00
ORD00001609,CUST000931,2026-07-18 18:00:00,PAID,CARD,738.13,73.81,149.0,79.72,893.04,INR,2026-09-26 12:00:00
ORD00009569,CUST003315,2026-07-14 03:00:00,PAID,UPI,327.85,49.18,0.0,50.16,328.83,INR,2026-09-26 12:00:00
ORD00004308,CUST001456,2026-05-28 10:00:00,CANCELLED,CARD,564.11,112.82,99.0,54.15,604.44,inr,2026-09-26 12:00:00
ORD00000177,CUST001994,2026-08-18 02:00:00,SHIPPED,CARD,1541.94,77.1,49.0,175.78,1689.62,INR,2026-09-26 12:00:00
ORD00002172,CUST001291,2026-04-21 16:00:00,PAID,COD,577.79,0.0,99.0,28.89,705.68,INR,2026-09-26 12:00:00
ORD00001900,CUST003186,2026-01-08 21:00:00,CANCELLED,CARD,342.09,34.21,49.0,15.39,372.27,INR,2026-09-26 12:00:00
ORD00006349,CUST002010,2026-05-25 16:00:00,PAID,CARD,2366.07,236.61,149.0,106.47,2384.93,INR,2026-09-26 12:00:00
ORD00003149,CUST002645,2026-06-09 16:00:00,DELIVERED,CARD,5647.27,282.36,149.0,268.25,5782.16,INR ,2026-09-26 12:00:00
ORD00009601,CUST000178,2026-03-22 16:00:00,PAID,UPI,2553.68,255.37,0.0,413.7,2712.01,INR ,2026-09-26 12:00:00
ORD00000267,CUST001613,2026-07-21 11:00:00,CANCELLED,CARD,2537.45,253.74,79.0,411.07,2773.78,INR,2026-09-26 12:00:00
ORD00008038,CUST001575,2026-04-23 10:00:00,SHIPPED,NETBANKING,1102.32,110.23,79.0,49.6,1120.69,INR,2026-09-26 12:00:00
ORD00003365,CUST003422,2026-03-30 03:00:00,DELIVERED,CARD,1564.34,156.43,79.0,168.95,1655.86,INR,2026-09-26 12:00:00
ORD00005025,CUST003439,2026-03-30 19:00:00,PAID,UPI,327.11,0.0,149.0,39.25,515.36,INR,2026-09-26 12:00:00
ORD00010899,CUST003179,2026-08-18 21:00:00,CANCELLED,CARD,1534.21,153.42,79.0,165.69,1625.48,INR,2026-09-26 12:00:00
ORD00009881,CUST001532,2026-02-11 01:00:00,DELIVERED,UPI,692.39,0.0,0.0,83.09,775.48,INR,2026-09-26 12:00:00
ORD00010422,CUST001508,2026-04-11 12:00:00,SHIPPED,CARD,3144.93,471.74,79.0,133.66,2885.85,inr,2026-09-26 12:00:00
ORD00005926,CUST001262,2026-01-25 18:00:00,CANCELLED,NETBANKING,4181.96,836.39,49.0,167.28,3561.85,INR,2026-09-26 12:00:00
ORD00002109,CUST002468,2026-02-25 09:00:00,PAID,UPI,6418.06,962.71,149.0,654.64,6258.99,INR,2026-09-26 12:00:00
ORD00008719,CUST003451,2026-03-23 12:00:00,PAID,UPI,1385.91,138.59,99.0,62.37,1408.69,Rs,2026-09-26 12:00:00
ORD00003861,CUST004679,2026-01-27 18:00:00,DELIVERED,COD,2094.35,209.44,149.0,339.28,2373.19,INR,2026-09-26 12:00:00
ORD00005603,CUST004609,2026-03-08 20:00:00,SHIPPED,CARD,1760.36,352.07,0.0,253.49,1661.78,INR ,2026-09-26 12:00:00
ORD00006350,CUST003433,2026-06-08 01:00:00,SHIPPED,COD,1456.52,0.0,0.0,72.83,1529.35,inr,2026-09-26 12:00:00
ORD00007935,CUST004350,2026-02-01 21:00:00,DELIVERED,NETBANKING,1163.03,232.61,149.0,46.52,1125.94,INR,2026-09-26 12:00:00
ORD00008408,CUST000583,2026-03-29 11:00:00,DELIVERED,COD,645.99,64.6,49.0,69.77,700.16,INR,2026-09-26 12:00:00
ORD00003252,CUST002316,2026-01-17 01:00:00,CANCELLED,CARD,1120.64,112.06,79.0,121.03,1208.61,INR,2026-09-26 12:00:00
ORD00003002,CUST001153,2026-04-17 06:00:00,DELIVERED,UPI,1274.17,191.13,149.0,129.96,1362.0,inr,2026-09-26 12:00:00
ORD00008924,CUST001385,2026-07-27 13:00:00,CANCELLED,COD,1498.99,74.95,99.0,71.2,1594.24,INR,2026-09-26 12:00:00
ORD00000952,CUST000675,2026-08-09 19:00:00,DELIVERED,COD,848.71,0.0,79.0,101.85,1029.56,INR,2026-09-26 12:00:00
ORD00009955,CUST002321,2026-06-25 05:00:00,SHIPPED,CARD,1888.83,377.77,0.0,271.99,1783.05,INR,2026-09-26 12:00:00
ORD00010954,CUST001950,2026-06-29 04:00:00,SHIPPED,UPI,1818.17,272.73,79.0,278.18,1902.62,INR,2026-09-26 12:00:00
ORD00002331,CUST003580,2026-07-20 20:00:00,DELIVERED,WALLET,1900.44,190.04,149.0,205.25,2064.65,inr,2026-09-26 12:00:00
ORD00007820,CUST002351,2026-05-09 18:00:00,PAID,UPI,1318.42,131.84,49.0,213.58,1449.16,Rs,2026-09-26 12:00:00
ORD00000285,CUST000883,2026-07-31 00:00:00,PAID,WALLET,1999.08,199.91,79.0,323.85,2202.02,INR,2026-09-26 12:00:00
ORD00010197,CUST003996,2026-04-21 06:00:00,SHIPPED,NETBANKING,1450.56,145.06,149.0,156.66,1611.16,INR,2026-09-26 12:00:00
ORD00004857,CUST002698,2026-05-29 09:00:00,SHIPPED,CARD,561.7,28.09,49.0,26.68,609.29,INR,2026-09-26 12:00:00
ORD00010319,CUST003872,2026-04-15 07:00:00,PAID,NETBANKING,1998.48,99.92,99.0,94.93,2092.49,INR,2026-09-26 12:00:00
ORD00004017,CUST003183,2026-03-18 19:00:00,PAID,COD,758.57,151.71,49.0,72.82,728.68,INR,2026-09-26 12:00:00
ORD00000350,CUST003622,2026-05-03 23:00:00,SHIPPED,CARD,929.82,278.95,79.0,32.54,762.41,INR,2026-09-26 12:00:00
ORD00011461,CUST001015,2026-07-11 10:00:00,DELIVERED,UPI,1684.71,252.71,0.0,171.84,1603.84,INR,2026-09-26 12:00:00
ORD00002810,CUST000277,2026-07-23 07:00:00,DELIVERED,UPI,2598.44,259.84,79.0,280.63,2698.23,INR,2026-09-26 12:00:00
ORD00007399,CUST000675,2026-08-28 11:00:00,DELIVERED,UPI,868.18,86.82,149.0,140.64,1071.0,INR,2026-09-26 12:00:00
ORD00001211,CUST001628,2026-07-03 17:00:00,SHIPPED,CARD,680.66,68.07,149.0,30.63,792.22,INR,2026-09-26 12:00:00
ORD00011171,CUST000161,2026-06-05 22:00:00,CANCELLED,UPI,1245.32,0.0,149.0,224.16,1618.48,inr,2026-09-26 12:00:00
ORD00006759,CUST004650,2026-01-10 12:00:00,DELIVERED,CARD,2241.45,448.29,49.0,215.18,2057.34,INR,2026-09-26 12:00:00
ORD00002625,CUST003154,2026-04-09 00:00:00,SHIPPED,CARD,1522.41,0.0,49.0,274.03,1845.44,INR,2026-09-26 12:00:00
ORD00003940,CUST003783,2026-07-12 00:00:00,CANCELLED,WALLET,221.91,66.57,149.0,7.77,312.11,Rs,2026-09-26 12:00:00
ORD00000859,CUST004511,2026-07-16 04:00:00,DELIVERED,CARD,2526.14,505.23,99.0,101.05,2220.96,INR,2026-09-26 12:00:00
ORD00003393,CUST001366,2026-05-16 07:00:00,PAID,NETBANKING,1567.86,0.0,0.0,78.39,1646.25,INR,2026-09-26 12:00:00
ORD00010529,CUST001524,2026-03-17 13:00:00,DELIVERED,COD,1033.39,51.67,0.0,117.81,1099.53,INR,2026-09-26 12:00:00
ORD00003065,CUST001261,2026-01-05 03:00:00,CANCELLED,NETBANKING,1728.62,518.59,149.0,145.2,1504.23,INR,2026-09-26 12:00:00
ORD00003898,CUST001673,2026-05-18 13:00:00,DELIVERED,CARD,630.48,0.0,149.0,113.49,892.97,inr,2026-09-26 12:00:00
ORD00007095,CUST003382,2026-04-20 14:00:00,SHIPPED,COD,1751.14,0.0,49.0,87.56,1887.7,INR,2026-09-26 12:00:00
ORD00007723,CUST001883,2026-08-02 01:00:00,CANCELLED,UPI,1328.36,199.25,0.0,135.49,1264.6,INR,2026-09-26 12:00:00
ORD00009044,CUST000793,2026-01-18 08:00:00,CANCELLED,NETBANKING,942.43,0.0,99.0,113.09,1154.52,Rs,2026-09-26 12:00:00
ORD00011188,CUST001207,2026-08-23 17:00:00,DELIVERED,COD,1155.06,231.01,49.0,110.89,1083.94,INR,2026-09-26 12:00:00
ORD00005309,CUST000421,2026-05-09 08:00:00,PAID,NETBANKING,645.76,64.58,49.0,29.06,659.24,inr,2026-09-26 12:00:00
ORD00009353,CUST001820,2026-07-02 20:00:00,PAID,UPI,728.2,72.82,99.0,32.77,787.15,INR,2026-09-26 12:00:00
ORD00003446,CUST004207,2026-03-14 18:00:00,DELIVERED,COD,646.41,32.32,0.0,73.69,687.78,INR,2026-09-26 12:00:00
ORD00007047,CUST000782,2026-03-04 18:00:00,CANCELLED,UPI,424.07,42.41,79.0,45.8,506.46,INR,2026-09-26 12:00:00
ORD00001533,CUST004720,2026-07-26 14:00:00,PAID,COD,769.03,38.45,49.0,36.53,816.11,INR,2026-09-26 12:00:00
ORD00006093,CUST004383,2026-01-20 23:00:00,PAID,COD,3053.12,610.62,0.0,293.1,2735.6,INR,2026-09-26 12:00:00
ORD00011693,CUST003052,2026-07-07 13:00:00,SHIPPED,CARD,837.85,83.79,149.0,135.73,1038.79,INR,2026-09-26 12:00:00
ORD00000605,CUST000677,2026-07-30 18:00:00,PAID,CARD,1606.25,0.0,79.0,192.75,1878.0,INR,2026-09-26 12:00:00
ORD00000428,CUST002058,2026-04-13 07:00:00,DELIVERED,UPI,1983.9,297.58,49.0,84.32,1819.64,INR,2026-09-26 12:00:00
ORD00010419,CUST000161,2026-05-31 11:00:00,DELIVERED,CARD,2195.41,109.77,49.0,104.28,2238.92,INR,2026-09-26 12:00:00
ORD00008377,CUST002125,2026-06-01 22:00:00,DELIVERED,WALLET,755.33,113.3,49.0,77.04,768.07,INR,2026-09-26 12:00:00
ORD00010531,CUST004613,2026-02-01 11:00:00,DELIVERED,UPI,565.76,28.29,79.0,26.87,643.34,INR,2026-09-26 12:00:00
ORD00001657,CUST002344,2026-01-18 20:00:00,CANCELLED,UPI,1589.15,79.46,149.0,75.48,1734.17,inr,2026-09-26 12:00:00
ORD00006286,CUST004583,2026-06-28 00:00:00,PAID,UPI,991.72,0.0,0.0,119.01,1110.73,INR,2026-09-26 12:00:00
ORD00005571,CUST000048,2026-05-24 13:00:00,CANCELLED,CARD,1286.77,64.34,49.0,61.12,1332.55,INR,2026-09-26 12:00:00
ORD00010674,CUST004890,2026-06-04 23:00:00,SHIPPED,CARD,1217.83,243.57,149.0,116.91,1240.17,Rs,2026-09-26 12:00:00
ORD00010743,CUST001232,2026-01-03 16:00:00,SHIPPED,COD,3932.54,0.0,99.0,196.63,4228.17,INR,2026-09-26 12:00:00
ORD00005118,CUST001636,2026-04-19 18:00:00,SHIPPED,UPI,169.16,0.0,0.0,30.45,199.61,INR,2026-09-26 12:00:00
ORD00004040,CUST003263,2026-04-02 09:00:00,SHIPPED,CARD,325.2,32.52,99.0,35.12,426.8,INR,2026-09-26 12:00:00
ORD00000144,CUST004841,2026-02-23 17:00:00,PAID,UPI,1280.35,128.04,79.0,138.28,1369.59,INR ,2026-09-26 12:00:00
ORD00007173,CUST001701,2026-06-20 07:00:00,SHIPPED,UPI,799.26,159.85,99.0,31.97,770.38,INR,2026-09-26 12:00:00
ORD00007947,CUST001115,2026-02-04 05:00:00,CANCELLED,CARD,1649.42,164.94,0.0,267.21,1751.69,INR,2026-09-26 12:00:00
ORD00006663,CUST004198,2026-01-30 12:00:00,SHIPPED,NETBANKING,1051.28,52.56,149.0,179.77,1327.49,INR,2026-09-26 12:00:00
ORD00011409,CUST000238,2026-04-12 01:00:00,DELIVERED,CARD,952.87,0.0,0.0,47.64,1000.51,INR,2026-09-26 12:00:00
ORD00001568,CUST003805,2026-03-07 06:00:00,SHIPPED,NETBANKING,2391.92,0.0,99.0,430.55,2921.47,inr,2026-09-26 12:00:00
ORD00000080,CUST002161,2026-06-28 02:00:00,CANCELLED,CARD,763.11,38.16,79.0,86.99,890.94,INR,2026-09-26 12:00:00
ORD00010337,CUST003781,2026-07-08 02:00:00,DELIVERED,UPI,839.09,41.95,49.0,95.66,941.8,INR,2026-09-26 12:00:00
ORD00004654,CUST000900,2026-07-04 08:00:00,DELIVERED,CARD,1627.46,81.37,99.0,77.3,1722.39,inr,2026-09-26 12:00:00
ORD00004730,CUST000736,2026-02-24 15:00:00,DELIVERED,UPI,930.23,139.53,79.0,142.33,1012.03,INR ,2026-09-26 12:00:00
ORD00009222,CUST001222,2026-01-22 20:00:00,DELIVERED,UPI,1253.76,62.69,49.0,142.93,1383.0,INR,2026-09-26 12:00:00
ORD00009980,CUST000699,2026-03-01 16:00:00,PAID,UPI,1902.47,380.49,79.0,76.1,1677.08,INR,2026-09-26 12:00:00
ORD00000095,CUST001991,2026-07-26 22:00:00,SHIPPED,NETBANKING,1108.02,166.2,149.0,47.09,1137.91,INR,2026-09-26 12:00:00
ORD00003413,CUST002410,2026-08-27 16:00:00,CANCELLED,COD,1927.33,0.0,149.0,231.28,2307.61,INR,2026-09-26 12:00:00
ORD00003522,CUST001981,2026-04-26 10:00:00,DELIVERED,UPI,1672.1,167.21,99.0,180.59,1784.48,INR,2026-09-26 12:00:00
ORD00002994,CUST004645,2026-07-20 17:00:00,DELIVERED,CARD,1186.81,59.34,49.0,135.3,1311.77,INR,2026-09-26 12:00:00
ORD00003057,CUST002188,2026-02-21 12:00:00,DELIVERED,CARD,2810.17,140.51,79.0,320.36,3069.02,INR,2026-09-26 12:00:00
ORD00000606,CUST002012,2026-05-24 01:00:00,SHIPPED,CARD,1507.05,75.35,0.0,171.8,1603.5,inr ,2026-09-26 12:00:00
ORD00006750,CUST000990,2026-07-04 20:00:00,CANCELLED,CARD,1424.75,427.42,149.0,179.52,1325.85,INR,2026-09-26 12:00:00
ORD00004031,CUST000111,2026-02-11 02:00:00,PAID,WALLET,1025.23,153.78,149.0,43.57,1064.02,INR,2026-09-26 12:00:00
ORD00006447,CUST003673,2026-04-17 16:00:00,DELIVERED,UPI,673.7,101.06,49.0,103.08,724.72,INR,2026-09-26 12:00:00
ORD00010013,CUST000359,2026-05-03 18:00:00,PAID,CARD,1758.77,87.94,149.0,300.75,2120.58,INR,2026-09-26 12:00:00
ORD00003599,CUST004877,2026-08-05 22:00:00,SHIPPED,NETBANKING,2127.6,212.76,49.0,95.74,2059.58,INR,2026-09-26 12:00:00
ORD00010720,CUST002873,2026-08-25 04:00:00,PAID,UPI,1062.9,159.44,99.0,108.42,1110.88,INR,2026-09-26 12:00:00
ORD00010888,CUST000530,2026-07-04 16:00:00,SHIPPED,UPI,1799.63,89.98,79.0,85.48,1874.13,INR,2026-09-26 12:00:00
ORD00006522,CUST000999,2026-08-08 12:00:00,PAID,WALLET,550.72,55.07,99.0,24.78,619.43,INR,2026-09-26 12:00:00
ORD00000375,CUST002946,2026-03-28 21:00:00,SHIPPED,UPI,3367.09,168.35,49.0,575.77,3823.51,INR,2026-09-26 12:00:00
ORD00006601,CUST000823,2026-08-01 00:00:00,SHIPPED,COD,1271.15,254.23,79.0,122.03,1217.95,INR,2026-09-26 12:00:00
ORD00002697,CUST000341,2026-01-08 13:00:00,DELIVERED,UPI,677.53,101.63,99.0,69.11,744.01,INR,2026-09-26 12:00:00
ORD00008168,CUST001307,2026-08-25 14:00:00,SHIPPED,UPI,667.9,33.4,99.0,114.21,847.71,INR,2026-09-26 12:00:00
ORD00011213,CUST002436,2026-06-10 15:00:00,CANCELLED,CARD,1368.75,68.44,49.0,65.02,1414.33,INR,2026-09-26 12:00:00
ORD00011193,CUST001768,2026-07-03 09:00:00,PAID,UPI,1723.47,86.17,79.0,196.48,1912.78,INR,2026-09-26 12:00:00
ORD00001303,CUST003211,2026-05-26 12:00:00,CANCELLED,UPI,582.3,29.12,149.0,99.57,801.75,INR,2026-09-26 12:00:00
ORD00010984,CUST002024,2026-07-01 06:00:00,CANCELLED,WALLET,722.54,144.51,0.0,69.36,647.39,INR,2026-09-26 12:00:00
ORD00001758,CUST000665,2026-04-09 12:00:00,SHIPPED,UPI,1393.03,69.65,99.0,238.21,1660.59,INR,2026-09-26 12:00:00
ORD00006850,CUST004461,2026-03-01 01:00:00,DELIVERED,CARD,1462.76,73.14,99.0,69.48,1558.1,INR,2026-09-26 12:00:00
ORD00006818,CUST004600,2026-04-07 20:00:00,CANCELLED,UPI,1113.27,333.98,99.0,140.27,1018.56,inr,2026-09-26 12:00:00
ORD00001660,CUST004165,2026-05-15 16:00:00,DELIVERED,UPI,384.35,115.3,49.0,13.45,331.5,INR,2026-09-26 12:00:00
ORD00006995,CUST001434,2026-04-02 14:00:00,CANCELLED,UPI,1540.58,0.0,49.0,184.87,1774.45,INR,2026-09-26 12:00:00
ORD00010392,CUST000077,2026-04-13 18:00:00,CANCELLED,NETBANKING,1126.22,56.31,49.0,192.58,1311.49,INR,2026-09-26 12:00:00
ORD00003872,CUST000814,2026-08-18 03:00:00,CANCELLED,NETBANKING,829.05,82.9,49.0,89.54,884.69,INR,2026-09-26 12:00:00
ORD00004294,CUST002767,2026-03-02 18:00:00,SHIPPED,UPI,2887.47,0.0,0.0,144.37,3031.84,INR,2026-09-26 12:00:00
ORD00009855,CUST000461,2026-01-08 05:00:00,CANCELLED,UPI,3325.88,332.59,149.0,538.79,3681.08,INR,2026-09-26 12:00:00
ORD00006963,CUST003429,2026-07-08 20:00:00,PAID,CARD,1012.05,202.41,49.0,97.16,955.8,INR,2026-09-26 12:00:00
ORD00006642,CUST004997,2026-01-22 22:00:00,PAID,NETBANKING,2299.01,114.95,79.0,109.2,2372.26,INR,2026-09-26 12:00:00
ORD00010940,CUST003910,2026-03-11 19:00:00,CANCELLED,NETBANKING,2986.81,597.36,79.0,430.1,2898.55,inr,2026-09-26 12:00:00
ORD00000575,CUST002215,2026-06-17 10:00:00,DELIVERED,NETBANKING,305.61,45.84,49.0,31.17,339.94,INR ,2026-09-26 12:00:00
ORD00011777,CUST004711,2026-06-16 23:00:00,SHIPPED,CARD,3044.18,456.63,99.0,310.51,2997.06,INR,2026-09-26 12:00:00
ORD00007443,CUST004304,2026-07-02 05:00:00,PAID,UPI,957.21,0.0,99.0,47.86,1104.07,inr,2026-09-26 12:00:00
ORD00007929,CUST000107,2026-03-04 12:00:00,SHIPPED,CARD,1218.62,0.0,99.0,60.93,1378.55,INR,2026-09-26 12:00:00
ORD00003987,CUST002688,2026-08-24 15:00:00,CANCELLED,UPI,653.74,0.0,149.0,78.45,881.19,INR,2026-09-26 12:00:00
ORD00010113,CUST004256,2026-01-04 12:00:00,DELIVERED,CARD,2083.22,416.64,0.0,299.98,1966.56,inr ,2026-09-26 12:00:00
ORD00008350,CUST001754,2026-04-29 18:00:00,SHIPPED,CARD,993.67,149.05,0.0,101.35,945.97,INR,2026-09-26 12:00:00
ORD00009840,CUST002826,2026-07-04 13:00:00,DELIVERED,UPI,4526.99,679.05,79.0,461.75,4388.69,INR,2026-09-26 12:00:00
ORD00000028,CUST004798,2026-07-18 02:00:00,PAID,COD,4686.76,234.34,99.0,534.29,5085.71,INR,2026-09-26 12:00:00
ORD00008989,CUST001568,2026-08-20 14:00:00,CANCELLED,CARD,1526.61,152.66,0.0,68.7,1442.65,INR,2026-09-26 12:00:00
ORD00005929,CUST002885,2026-04-21 23:00:00,CANCELLED,CARD,2203.95,0.0,99.0,264.47,2567.42,INR,2026-09-26 12:00:00
ORD00007641,CUST002554,2026-08-18 09:00:00,SHIPPED,UPI,738.12,73.81,49.0,79.72,793.03,INR,2026-09-26 12:00:00
ORD00011862,CUST001382,2026-08-28 13:00:00,DELIVERED,UPI,2759.89,413.98,0.0,117.3,2463.21,INR,2026-09-26 12:00:00
ORD00004968,CUST001542,2026-04-03 03:00:00,SHIPPED,UPI,1300.89,130.09,0.0,140.5,1311.3,INR,2026-09-26 12:00:00
ORD00002019,CUST000103,2026-07-25 00:00:00,CANCELLED,UPI,1258.46,188.77,49.0,53.48,1172.17,INR,2026-09-26 12:00:00
ORD00001729,CUST003523,2026-01-18 07:00:00,CANCELLED,NETBANKING,1252.32,62.62,0.0,59.49,1249.19,INR,2026-09-26 12:00:00
ORD00011452,CUST003053,2026-04-06 00:00:00,PAID,CARD,642.52,0.0,149.0,32.13,823.65,INR,2026-09-26 12:00:00
ORD00000060,CUST002496,2026-06-15 10:00:00,DELIVERED,COD,1792.01,89.6,0.0,306.43,2008.84,inr ,2026-09-26 12:00:00
ORD00005656,CUST003670,2026-07-13 03:00:00,SHIPPED,UPI,612.34,0.0,79.0,30.62,721.96,inr,2026-09-26 12:00:00
ORD00002827,CUST003609,2026-02-08 19:00:00,DELIVERED,UPI,862.29,129.34,99.0,87.95,919.9,INR,2026-09-26 12:00:00
ORD00010662,CUST004133,2026-01-31 21:00:00,PAID,UPI,1571.25,157.12,0.0,254.54,1668.67,INR,2026-09-26 12:00:00
ORD00003526,CUST003200,2026-06-07 17:00:00,PAID,COD,1281.27,0.0,149.0,153.75,1584.02,INR ,2026-09-26 12:00:00
ORD00010617,CUST003512,2026-04-05 03:00:00,DELIVERED,UPI,2475.41,0.0,79.0,297.05,2851.46,INR,2026-09-26 12:00:00
ORD00011710,CUST003631,2026-07-18 10:00:00,SHIPPED,NETBANKING,767.83,0.0,149.0,92.14,1008.97,INR,2026-09-26 12:00:00
ORD00006035,CUST001611,2026-04-13 16:00:00,SHIPPED,UPI,897.33,179.47,79.0,86.14,883.0,INR,2026-09-26 12:00:00
ORD00004655,CUST002103,2026-02-06 15:00:00,DELIVERED,NETBANKING,1288.42,128.84,79.0,208.72,1447.3,INR,2026-09-26 12:00:00
ORD00005756,CUST001219,2026-05-15 03:00:00,CANCELLED,CARD,3411.58,170.58,79.0,388.92,3708.92,INR,2026-09-26 12:00:00
ORD00008491,CUST001031,2026-01-26 02:00:00,PAID,NETBANKING,2323.23,116.16,79.0,110.35,2396.42,INR,2026-09-26 12:00:00
ORD00002307,CUST004473,2026-03-31 09:00:00,DELIVERED,UPI,740.01,111.0,0.0,113.22,742.23,INR,2026-09-26 12:00:00
ORD00010681,CUST002867,2026-08-14 19:00:00,PAID,UPI,1740.27,87.01,79.0,82.66,1814.92,INR,2026-09-26 12:00:00
ORD00006989,CUST003110,2026-04-10 14:00:00,SHIPPED,COD,615.73,184.72,99.0,51.72,581.73,INR,2026-09-26 12:00:00
ORD00005456,CUST004060,2026-05-14 21:00:00,PAID,UPI,644.11,193.23,49.0,22.54,522.42,INR,2026-09-26 12:00:00
ORD00006257,CUST002066,2026-05-22 04:00:00,CANCELLED,UPI,596.61,29.83,99.0,68.01,733.79,INR,2026-09-26 12:00:00
ORD00005895,CUST004544,2026-01-31 11:00:00,CANCELLED,CARD,1384.51,276.9,79.0,199.37,1385.98,INR,2026-09-26 12:00:00
ORD00000617,CUST003301,2026-02-13 15:00:00,CANCELLED,WALLET,858.85,0.0,0.0,42.94,901.79,INR,2026-09-26 12:00:00
ORD00002626,CUST000001,2026-01-06 21:00:00,DELIVERED,NETBANKING,2231.94,446.39,0.0,214.27,1999.82,INR,2026-09-26 12:00:00
ORD00010809,CUST001579,2026-04-12 11:00:00,CANCELLED,CARD,912.28,0.0,99.0,45.61,1056.89,INR,2026-09-26 12:00:00
ORD00001619,CUST003099,2026-06-15 03:00:00,SHIPPED,UPI,839.5,0.0,149.0,100.74,1089.24,INR,2026-09-26 12:00:00
ORD00010135,CUST003775,2026-07-18 15:00:00,PAID,CARD,1848.88,369.78,0.0,177.49,1656.59,INR,2026-09-26 12:00:00
ORD00007082,CUST001385,2026-03-04 20:00:00,CANCELLED,UPI,1336.57,0.0,49.0,160.39,1545.96,INR,2026-09-26 12:00:00
ORD00009864,CUST004095,2026-03-31 05:00:00,DELIVERED,CARD,971.89,97.19,99.0,43.74,1017.44,INR,2026-09-26 12:00:00
ORD00009635,CUST001668,2026-08-11 16:00:00,DELIVERED,UPI,3947.96,592.19,149.0,167.79,3672.56,INR,2026-09-26 12:00:00
ORD00007823,CUST000925,2026-04-01 02:00:00,PAID,UPI,2879.0,0.0,49.0,518.22,3446.22,INR,2026-09-26 12:00:00
ORD00006273,CUST004522,2026-03-16 18:00:00,SHIPPED,UPI,1321.49,66.07,149.0,150.65,1555.07,INR,2026-09-26 12:00:00
ORD00004200,CUST004332,2026-02-03 18:00:00,SHIPPED,UPI,550.76,0.0,79.0,66.09,695.85,Rs,2026-09-26 12:00:00
ORD00010934,CUST002618,2026-08-09 10:00:00,PAID,COD,2250.53,0.0,0.0,112.53,2363.06,inr,2026-09-26 12:00:00
ORD00007199,CUST002254,2026-04-08 16:00:00,PAID,NETBANKING,870.65,87.06,0.0,39.18,822.77,INR,2026-09-26 12:00:00
ORD00007037,CUST000604,2026-01-09 09:00:00,PAID,WALLET,1944.45,97.22,149.0,92.36,2088.59,INR,2026-09-26 12:00:00
ORD00010904,CUST003497,2026-01-18 23:00:00,CANCELLED,CARD,978.85,293.65,49.0,34.26,768.46,INR,2026-09-26 12:00:00
ORD00007992,CUST004463,2026-05-19 02:00:00,CANCELLED,CARD,859.99,43.0,49.0,98.04,964.03,INR,2026-09-26 12:00:00
ORD00001360,CUST001667,2026-06-17 19:00:00,CANCELLED,COD,681.75,136.35,79.0,65.45,689.85,INR,2026-09-26 12:00:00
ORD00009693,CUST000239,2026-02-03 18:00:00,CANCELLED,UPI,740.57,74.06,79.0,79.98,825.49,INR,2026-09-26 12:00:00
ORD00002112,CUST001922,2026-03-09 10:00:00,DELIVERED,CARD,451.58,45.16,0.0,48.77,455.19,INR,2026-09-26 12:00:00
ORD00007335,CUST000388,2026-03-05 10:00:00,PAID,WALLET,1040.46,208.09,99.0,149.83,1081.2,INR,2026-09-26 12:00:00
ORD00009139,CUST002570,2026-04-11 15:00:00,SHIPPED,NETBANKING,524.25,0.0,49.0,94.36,667.61,INR,2026-09-26 12:00:00
ORD00003460,CUST004861,2026-07-02 15:00:00,CANCELLED,UPI,1046.58,104.66,99.0,113.03,1153.95,INR ,2026-09-26 12:00:00
ORD00003527,CUST004517,2026-03-05 04:00:00,DELIVERED,CARD,1436.82,71.84,49.0,245.7,1659.68,inr,2026-09-26 12:00:00
ORD00003956,CUST004994,2026-07-01 20:00:00,SHIPPED,UPI,1138.44,227.69,0.0,45.54,956.29,inr,2026-09-26 12:00:00
ORD00008433,CUST003391,2026-06-11 06:00:00,PAID,UPI,1642.05,82.1,149.0,78.0,1786.95,INR,2026-09-26 12:00:00
ORD00007525,CUST001326,2026-04-15 02:00:00,DELIVERED,UPI,795.9,0.0,99.0,143.26,1038.16,INR,2026-09-26 12:00:00
ORD00010425,CUST001554,2026-02-04 02:00:00,SHIPPED,UPI,1135.57,113.56,79.0,51.1,1152.11,INR,2026-09-26 12:00:00
ORD00007713,CUST001543,2026-05-17 17:00:00,DELIVERED,UPI,1202.15,0.0,79.0,144.26,1425.41,INR,2026-09-26 12:00:00
ORD00001934,CUST002142,2026-02-25 09:00:00,SHIPPED,COD,965.21,96.52,99.0,104.24,1071.93,INR,2026-09-26 12:00:00
ORD00002739,CUST000623,2026-06-15 03:00:00,CANCELLED,UPI,4258.02,0.0,0.0,510.96,4768.98,INR,2026-09-26 12:00:00
ORD00007010,CUST004831,2026-01-16 03:00:00,SHIPPED,COD,365.86,73.17,49.0,14.63,356.32,INR,2026-09-26 12:00:00
ORD00000451,CUST000880,2026-05-29 20:00:00,DELIVERED,CARD,527.01,52.7,99.0,23.72,597.03,INR,2026-09-26 12:00:00
ORD00006299,CUST001526,2026-04-30 14:00:00,PAID,COD,1392.99,278.6,79.0,200.59,1393.98,inr,2026-09-26 12:00:00
ORD00006668,CUST003924,2026-07-23 18:00:00,PAID,CARD,583.82,29.19,0.0,66.56,621.19,INR,2026-09-26 12:00:00
ORD00000865,CUST002440,2026-02-08 05:00:00,PAID,UPI,1689.42,253.41,79.0,172.32,1687.33,INR,2026-09-26 12:00:00
ORD00002399,CUST003659,2026-06-28 08:00:00,CANCELLED,UPI,1131.79,169.77,79.0,115.44,1156.46,INR ,2026-09-26 12:00:00
ORD00004605,CUST003802,2026-01-20 15:00:00,PAID,COD,768.29,153.66,0.0,73.76,688.39,INR,2026-09-26 12:00:00
ORD00002479,CUST000018,2026-04-02 04:00:00,SHIPPED,UPI,393.71,0.0,99.0,47.25,539.96,INR,2026-09-26 12:00:00
ORD00005066,CUST002857,2026-06-23 22:00:00,CANCELLED,UPI,620.23,31.01,149.0,29.46,767.68,INR,2026-09-26 12:00:00
ORD00000220,CUST001221,2026-06-30 20:00:00,SHIPPED,CARD,2915.28,0.0,149.0,524.75,3589.03,Rs,2026-09-26 12:00:00
ORD00008384,CUST001644,2026-03-15 16:00:00,SHIPPED,CARD,721.89,72.19,0.0,77.96,727.66,INR,2026-09-26 12:00:00
ORD00007945,CUST002513,2026-03-28 05:00:00,CANCELLED,UPI,2879.58,0.0,149.0,345.55,3374.13,INR,2026-09-26 12:00:00
ORD00004929,CUST003861,2026-07-23 02:00:00,PAID,CARD,1500.88,225.13,149.0,153.09,1577.84,INR ,2026-09-26 12:00:00
ORD00008519,CUST002226,2026-07-28 16:00:00,PAID,CARD,890.88,267.26,99.0,31.18,753.8,INR,2026-09-26 12:00:00
ORD00005078,CUST003812,2026-01-27 06:00:00,DELIVERED,UPI,822.04,41.1,79.0,93.71,953.65,INR,2026-09-26 12:00:00
ORD00008307,CUST004954,2026-06-05 14:00:00,SHIPPED,WALLET,991.18,198.24,99.0,39.65,931.59,INR,2026-09-26 12:00:00
ORD00006471,CUST000345,2026-07-17 18:00:00,DELIVERED,UPI,952.59,47.63,79.0,108.6,1092.56,INR,2026-09-26 12:00:00
ORD00006141,CUST003367,2026-02-09 20:00:00,PAID,NETBANKING,3324.78,0.0,0.0,398.97,3723.75,inr,2026-09-26 12:00:00
ORD00003750,CUST000059,2026-07-28 01:00:00,DELIVERED,CARD,1641.46,492.44,79.0,137.88,1365.9,INR,2026-09-26 12:00:00
ORD00002456,CUST003625,2026-05-26 19:00:00,DELIVERED,COD,609.73,30.49,0.0,28.96,608.2,INR,2026-09-26 12:00:00
ORD00003864,CUST004824,2026-05-04 08:00:00,CANCELLED,UPI,900.31,0.0,99.0,45.02,1044.33,INR,2026-09-26 12:00:00
ORD00008588,CUST000619,2026-03-05 02:00:00,DELIVERED,WALLET,420.63,84.13,49.0,16.82,402.32,INR,2026-09-26 12:00:00
ORD00011498,CUST004096,2026-07-02 09:00:00,CANCELLED,UPI,631.85,126.37,49.0,25.27,579.75,INR,2026-09-26 12:00:00
ORD00004278,CUST002360,2026-05-04 12:00:00,PAID,CARD,1700.24,85.01,49.0,80.76,1744.99,INR,2026-09-26 12:00:00
ORD00005384,CUST000534,2026-07-26 13:00:00,PAID,WALLET,2507.01,752.1,79.0,210.59,2044.5,INR,2026-09-26 12:00:00
ORD00003225,CUST003521,2026-08-17 14:00:00,SHIPPED,COD,2398.75,119.94,149.0,113.94,2541.75,INR,2026-09-26 12:00:00
ORD00001551,CUST000291,2026-08-04 19:00:00,DELIVERED,CARD,1715.9,0.0,79.0,205.91,2000.81,INR,2026-09-26 12:00:00
ORD00001456,CUST003388,2026-05-03 17:00:00,CANCELLED,CARD,2427.78,0.0,79.0,291.33,2798.11,INR,2026-09-26 12:00:00
ORD00001479,CUST002226,2026-06-17 20:00:00,SHIPPED,CARD,1227.2,368.16,0.0,154.63,1013.67,inr,2026-09-26 12:00:00
ORD00001769,CUST004114,2026-03-23 21:00:00,PAID,CARD,1150.45,57.52,149.0,131.15,1373.08,INR,2026-09-26 12:00:00
ORD00008934,CUST003047,2026-05-30 17:00:00,PAID,NETBANKING,2230.96,111.55,99.0,254.33,2472.74,inr,2026-09-26 12:00:00
ORD00007492,CUST004717,2026-02-07 13:00:00,DELIVERED,CARD,770.99,77.1,49.0,124.9,867.79,INR,2026-09-26 12:00:00
ORD00005992,CUST004722,2026-07-29 23:00:00,PAID,COD,1142.87,114.29,49.0,123.43,1201.01,INR,2026-09-26 12:00:00
ORD00008293,CUST004439,2026-08-26 23:00:00,DELIVERED,COD,260.6,13.03,0.0,44.56,292.13,INR ,2026-09-26 12:00:00
ORD00009221,CUST001413,2026-01-14 05:00:00,SHIPPED,UPI,1579.1,78.96,49.0,180.02,1729.16,INR,2026-09-26 12:00:00
ORD00001601,CUST002905,2026-03-11 01:00:00,DELIVERED,UPI,1433.4,143.34,49.0,64.5,1403.56,inr,2026-09-26 12:00:00
ORD00007166,CUST000102,2026-08-12 22:00:00,DELIVERED,NETBANKING,575.97,86.4,149.0,88.12,726.69,Rs,2026-09-26 12:00:00
ORD00004919,CUST002978,2026-04-23 16:00:00,CANCELLED,UPI,351.27,17.56,79.0,16.69,429.4,Rs,2026-09-26 12:00:00
ORD00008670,CUST004840,2026-01-11 02:00:00,CANCELLED,COD,620.74,0.0,79.0,111.73,811.47,INR,2026-09-26 12:00:00
ORD00004137,CUST000911,2026-07-30 18:00:00,CANCELLED,UPI,924.66,92.47,49.0,99.86,981.05,inr,2026-09-26 12:00:00
ORD00006121,CUST002663,2026-08-03 00:00:00,PAID,COD,335.0,16.75,79.0,15.91,413.16,INR,2026-09-26 12:00:00
ORD00006314,CUST003112,2026-04-30 16:00:00,CANCELLED,COD,1519.78,151.98,79.0,164.14,1610.94,INR,2026-09-26 12:00:00
ORD00008191,CUST004957,2026-07-10 07:00:00,PAID,COD,6135.64,1227.13,0.0,245.43,5153.94,Rs,2026-09-26 12:00:00
ORD00002981,CUST002949,2026-05-15 17:00:00,DELIVERED,CARD,1429.67,0.0,0.0,171.56,1601.23,INR,2026-09-26 12:00:00
ORD00009062,CUST000233,2026-08-13 03:00:00,PAID,COD,994.87,149.23,149.0,101.48,1096.12,INR,2026-09-26 12:00:00
ORD00000035,CUST003312,2026-05-27 19:00:00,DELIVERED,UPI,1157.91,0.0,79.0,57.9,1294.81,inr,2026-09-26 12:00:00
ORD00006804,CUST004190,2026-05-02 01:00:00,SHIPPED,CARD,540.45,0.0,49.0,64.85,654.3,INR,2026-09-26 12:00:00
ORD00009593,CUST004341,2026-01-04 11:00:00,SHIPPED,COD,2228.62,445.72,49.0,89.14,1921.04,INR,2026-09-26 12:00:00
ORD00000725,CUST003104,2026-06-12 15:00:00,SHIPPED,UPI,2198.07,0.0,149.0,263.77,2610.84,INR,2026-09-26 12:00:00
ORD00001794,CUST004529,2026-03-18 19:00:00,PAID,UPI,996.14,0.0,0.0,119.54,1115.68,INR,2026-09-26 12:00:00
ORD00011272,CUST001045,2026-08-27 01:00:00,CANCELLED,UPI,1126.41,0.0,99.0,56.32,1281.73,INR,2026-09-26 12:00:00
ORD00008335,CUST001988,2026-08-11 18:00:00,SHIPPED,UPI,904.25,90.43,49.0,97.66,960.48,inr,2026-09-26 12:00:00
ORD00005661,CUST001060,2026-03-03 23:00:00,PAID,UPI,1568.89,0.0,79.0,188.27,1836.16,INR,2026-09-26 12:00:00
ORD00008395,CUST002441,2026-08-11 15:00:00,PAID,UPI,2427.96,0.0,79.0,291.36,2798.32,INR,2026-09-26 12:00:00
ORD00003734,CUST000796,2026-03-15 10:00:00,DELIVERED,NETBANKING,522.46,78.37,149.0,22.2,615.29,INR,2026-09-26 12:00:00
ORD00010240,CUST000543,2026-07-14 03:00:00,SHIPPED,COD,1271.58,0.0,0.0,63.58,1335.16,INR,2026-09-26 12:00:00
ORD00009755,CUST002852,2026-03-25 04:00:00,PAID,CARD,1257.4,62.87,99.0,59.73,1353.26,INR,2026-09-26 12:00:00
ORD00011010,CUST001691,2026-06-02 06:00:00,DELIVERED,COD,930.29,186.06,79.0,89.31,912.54,inr,2026-09-26 12:00:00
ORD00002113,CUST003960,2026-01-21 14:00:00,CANCELLED,NETBANKING,477.94,23.9,149.0,54.48,657.52,INR,2026-09-26 12:00:00
ORD00007444,CUST004270,2026-08-27 04:00:00,DELIVERED,CARD,527.43,52.74,49.0,56.96,580.65,INR,2026-09-26 12:00:00
ORD00004984,CUST004854,2026-06-11 11:00:00,PAID,UPI,966.65,48.33,99.0,45.92,1063.24,INR,2026-09-26 12:00:00
ORD00011165,CUST000888,2026-03-02 22:00:00,CANCELLED,COD,9149.51,2744.85,0.0,768.56,7173.22,INR,2026-09-26 12:00:00
ORD00010818,CUST003896,2026-01-15 02:00:00,PAID,UPI,1757.22,175.72,49.0,284.67,1915.17,INR,2026-09-26 12:00:00
ORD00001739,CUST000455,2026-03-14 16:00:00,PAID,CARD,568.22,0.0,149.0,68.19,785.41,INR,2026-09-26 12:00:00
ORD00007977,CUST002121,2026-08-05 12:00:00,SHIPPED,COD,2442.4,122.12,99.0,116.01,2535.29,INR,2026-09-26 12:00:00
ORD00001274,CUST000779,2026-06-13 19:00:00,DELIVERED,NETBANKING,483.99,72.6,49.0,49.37,509.76,INR,2026-09-26 12:00:00
ORD00011914,CUST002341,2026-04-13 23:00:00,SHIPPED,UPI,1051.44,157.72,99.0,44.69,1037.41,INR,2026-09-26 12:00:00
ORD00007052,CUST001342,2026-05-10 18:00:00,DELIVERED,NETBANKING,2141.6,107.08,49.0,244.14,2327.66,INR,2026-09-26 12:00:00
ORD00001011,CUST004368,2026-03-16 06:00:00,CANCELLED,NETBANKING,1615.85,80.79,0.0,76.75,1611.81,INR,2026-09-26 12:00:00
ORD00011610,CUST001775,2026-01-17 12:00:00,CANCELLED,UPI,1947.06,292.06,79.0,297.9,2031.9,INR,2026-09-26 12:00:00
ORD00004839,CUST004019,2026-01-06 16:00:00,CANCELLED,CARD,2003.3,200.33,0.0,90.15,1893.12,INR,2026-09-26 12:00:00
ORD00006034,CUST001951,2026-08-08 10:00:00,PAID,CARD,2554.78,383.22,149.0,260.59,2581.15,INR,2026-09-26 12:00:00
ORD00000960,CUST003385,2026-01-19 01:00:00,PAID,NETBANKING,886.44,44.32,79.0,42.11,963.23,INR,2026-09-26 12:00:00
ORD00010400,CUST003229,2026-03-04 21:00:00,SHIPPED,UPI,1057.07,317.12,49.0,88.79,877.74,INR,2026-09-26 12:00:00
ORD00008935,CUST001455,2026-05-14 14:00:00,SHIPPED,CARD,639.6,0.0,99.0,76.75,815.35,INR,2026-09-26 12:00:00
ORD00001627,CUST004763,2026-04-01 11:00:00,DELIVERED,UPI,1600.35,160.04,99.0,259.26,1798.57,INR,2026-09-26 12:00:00
ORD00011075,CUST002893,2026-04-15 00:00:00,DELIVERED,NETBANKING,399.06,119.72,149.0,50.28,478.62,INR,2026-09-26 12:00:00
ORD00005217,CUST004588,2026-02-06 07:00:00,DELIVERED,UPI,799.4,119.91,99.0,81.54,860.03,INR,2026-09-26 12:00:00
ORD00009292,CUST002937,2026-02-26 20:00:00,CANCELLED,NETBANKING,1669.34,83.47,49.0,79.29,1714.16,INR,2026-09-26 12:00:00
ORD00002526,CUST000353,2026-03-05 10:00:00,PAID,COD,1299.75,0.0,149.0,233.96,1682.71,INR,2026-09-26 12:00:00
ORD00002731,CUST000687,2026-03-19 13:00:00,DELIVERED,COD,722.92,72.29,99.0,78.08,827.71,inr,2026-09-26 12:00:00
ORD00001002,CUST003912,2026-03-03 05:00:00,PAID,COD,3917.64,783.53,0.0,376.09,3510.2,INR ,2026-09-26 12:00:00
ORD00009350,CUST004846,2026-05-18 17:00:00,SHIPPED,NETBANKING,462.97,23.15,0.0,21.99,461.81,INR,2026-09-26 12:00:00
ORD00011612,CUST002257,2026-01-04 16:00:00,SHIPPED,CARD,1345.34,134.53,0.0,145.3,1356.11,INR,2026-09-26 12:00:00
ORD00007041,CUST002755,2026-04-04 05:00:00,PAID,CARD,432.54,0.0,0.0,51.9,484.44,INR,2026-09-26 12:00:00
ORD00004111,CUST004003,2026-02-26 02:00:00,CANCELLED,CARD,1503.14,150.31,79.0,67.64,1499.47,INR ,2026-09-26 12:00:00
ORD00006092,CUST004953,2026-02-26 17:00:00,SHIPPED,UPI,1680.12,84.01,149.0,191.53,1936.64,INR,2026-09-26 12:00:00
ORD00002452,CUST000298,2026-01-09 15:00:00,CANCELLED,UPI,691.77,138.35,149.0,99.62,802.04,INR,2026-09-26 12:00:00
ORD00008097,CUST003800,2026-06-04 20:00:00,PAID,UPI,1914.61,0.0,79.0,95.73,2089.34,INR,2026-09-26 12:00:00
ORD00004918,CUST003298,2026-04-29 14:00:00,DELIVERED,COD,1040.85,156.13,149.0,44.24,1077.96,INR,2026-09-26 12:00:00
ORD00011971,CUST003415,2026-01-05 10:00:00,CANCELLED,CARD,1411.14,141.11,149.0,228.61,1647.64,Rs,2026-09-26 12:00:00
ORD00009904,CUST004240,2026-05-15 19:00:00,DELIVERED,UPI,908.28,45.41,99.0,103.54,1065.41,inr,2026-09-26 12:00:00
ORD00011116,CUST000235,2026-01-24 12:00:00,DELIVERED,NETBANKING,1767.69,88.38,99.0,201.52,1979.83,INR,2026-09-26 12:00:00
ORD00000552,CUST000121,2026-03-05 18:00:00,CANCELLED,COD,2095.24,104.76,149.0,99.52,2239.0,INR,2026-09-26 12:00:00
ORD00011486,CUST001026,2026-03-10 22:00:00,CANCELLED,WALLET,2818.78,422.82,99.0,119.8,2614.76,INR,2026-09-26 12:00:00
ORD00010300,CUST004609,2026-03-26 17:00:00,CANCELLED,UPI,542.57,81.39,79.0,23.06,563.24,INR,2026-09-26 12:00:00
ORD00003619,CUST003672,2026-08-05 18:00:00,CANCELLED,UPI,955.96,143.39,149.0,40.63,1002.2,inr,2026-09-26 12:00:00
ORD00008562,CUST000755,2026-05-11 03:00:00,CANCELLED,CARD,1102.34,165.35,149.0,168.66,1254.65,INR,2026-09-26 12:00:00
ORD00007170,CUST004787,2026-04-16 16:00:00,SHIPPED,CARD,975.54,48.78,49.0,166.82,1142.58,INR,2026-09-26 12:00:00
ORD00001381,CUST002194,2026-06-13 23:00:00,CANCELLED,COD,4330.23,649.53,99.0,662.53,4442.23,INR,2026-09-26 12:00:00
ORD00011518,CUST002095,2026-08-14 17:00:00,SHIPPED,CARD,335.79,67.16,99.0,13.43,381.06,INR,2026-09-26 12:00:00
ORD00003356,CUST004497,2026-02-16 16:00:00,CANCELLED,CARD,2520.67,126.03,79.0,119.73,2593.37,INR,2026-09-26 12:00:00
ORD00010265,CUST001398,2026-07-02 08:00:00,SHIPPED,UPI,806.94,161.39,49.0,77.47,772.02,Rs,2026-09-26 12:00:00
ORD00009384,CUST000936,2026-08-15 02:00:00,PAID,COD,1648.49,164.85,0.0,74.18,1557.82,INR,2026-09-26 12:00:00
ORD00006168,CUST001734,2026-03-28 07:00:00,PAID,COD,1459.4,145.94,99.0,236.42,1648.88,INR,2026-09-26 12:00:00
ORD00001469,CUST003422,2026-06-04 00:00:00,PAID,NETBANKING,2690.37,538.07,99.0,387.41,2638.71,Rs,2026-09-26 12:00:00
ORD00004080,CUST002752,2026-03-04 04:00:00,PAID,COD,2736.87,136.84,99.0,468.01,3167.04,INR ,2026-09-26 12:00:00
ORD00010849,CUST000296,2026-04-26 16:00:00,PAID,UPI,409.92,20.5,149.0,46.73,585.15,INR,2026-09-26 12:00:00
ORD00006372,CUST001145,2026-06-27 13:00:00,SHIPPED,COD,974.39,48.72,0.0,111.08,1036.75,INR,2026-09-26 12:00:00
ORD00009505,CUST004446,2026-05-16 08:00:00,PAID,UPI,1002.66,50.13,149.0,114.3,1215.83,INR,2026-09-26 12:00:00
ORD00007219,CUST004256,2026-06-14 03:00:00,DELIVERED,UPI,614.38,30.72,0.0,29.18,612.84,INR,2026-09-26 12:00:00
ORD00009442,CUST001910,2026-02-07 02:00:00,CANCELLED,COD,820.36,123.05,79.0,83.68,859.99,INR,2026-09-26 12:00:00
ORD00005119,CUST001724,2026-02-13 15:00:00,CANCELLED,CARD,800.01,0.0,79.0,144.0,1023.01,INR,2026-09-26 12:00:00
ORD00011581,CUST003095,2026-07-08 14:00:00,PAID,CARD,2138.44,0.0,149.0,256.61,2544.05,INR,2026-09-26 12:00:00
ORD00001734,CUST001707,2026-04-12 02:00:00,CANCELLED,UPI,4153.82,0.0,79.0,207.69,4440.51,INR,2026-09-26 12:00:00
ORD00009424,CUST002704,2026-04-16 05:00:00,SHIPPED,CARD,2722.87,544.57,99.0,261.4,2538.7,Rs,2026-09-26 12:00:00
ORD00005734,CUST003433,2026-06-03 18:00:00,SHIPPED,CARD,474.71,71.21,149.0,72.63,625.13,INR,2026-09-26 12:00:00
ORD00002752,CUST003199,2026-08-11 05:00:00,PAID,UPI,1958.57,293.79,79.0,83.24,1827.02,INR,2026-09-26 12:00:00
ORD00001732,CUST002774,2026-07-21 12:00:00,PAID,CARD,1269.61,63.48,99.0,60.31,1365.44,INR,2026-09-26 12:00:00
ORD00002618,CUST001056,2026-02-09 20:00:00,PAID,CARD,3998.05,199.9,99.0,189.91,4087.06,INR,2026-09-26 12:00:00
ORD00005019,CUST002307,2026-03-26 10:00:00,SHIPPED,NETBANKING,866.57,86.66,79.0,93.59,952.5,INR,2026-09-26 12:00:00
ORD00001878,CUST001930,2026-06-21 07:00:00,SHIPPED,CARD,1155.5,115.55,49.0,124.79,1213.74,INR,2026-09-26 12:00:00
ORD00007793,CUST000783,2026-03-06 02:00:00,PAID,UPI,2039.71,0.0,149.0,101.99,2290.7,INR,2026-09-26 12:00:00
ORD00006113,CUST002071,2026-06-17 16:00:00,CANCELLED,UPI,5704.22,1140.84,79.0,821.41,5463.79,INR,2026-09-26 12:00:00
ORD00000711,CUST001401,2026-07-31 03:00:00,CANCELLED,NETBANKING,2326.26,0.0,0.0,418.73,2744.99,INR,2026-09-26 12:00:00
ORD00008364,CUST003845,2026-06-23 05:00:00,SHIPPED,UPI,1325.03,132.5,149.0,143.1,1484.63,INR,2026-09-26 12:00:00
ORD00001969,CUST003180,2026-05-13 08:00:00,DELIVERED,CARD,2178.62,217.86,99.0,235.29,2295.05,Rs,2026-09-26 12:00:00
ORD00008840,CUST002582,2026-04-13 20:00:00,SHIPPED,UPI,785.13,78.51,149.0,84.79,940.41,INR,2026-09-26 12:00:00
ORD00012001,CUST000805,2026-09-15 16:00:00,DELIVERED,NETBANKING,2370.06,747.95,49.0,1361.04,3032.15,INR,2026-09-27 09:00:00
ORD00012002,CUST002628,2026-08-12 13:00:00,PAID,NETBANKING,712.52,638.66,0.0,544.51,618.37,Rs,2026-09-27 09:00:00
ORD00012003,CUST001217,2026-08-26 21:00:00,DELIVERED,COD,1692.16,289.43,99.0,153.45,1655.18,INR,2026-09-27 09:00:00
ORD00012004,CUST000198,2026-08-31 03:00:00,PAID,WALLET,2279.13,50.76,149.0,212.63,2590.0,Rs,2026-09-27 09:00:00
ORD00012005,CUST002755,2026-09-13 00:00:00,DELIVERED,UPI,1045.61,326.59,99.0,74.59,892.61,inr,2026-09-27 09:00:00
ORD00012006,CUST001123,2026-08-12 05:00:00,PAID,CARD,896.46,134.94,99.0,733.36,1593.88,INR,2026-09-27 09:00:00
ORD00012007,CUST005051,2026-08-03 15:00:00,DELIVERED,COD,4081.15,578.57,99.0,891.61,4493.19,INR ,2026-09-27 09:00:00
ORD00012008,CUST004264,2026-08-12 19:00:00,SHIPPED,WALLET,1765.32,284.14,79.0,1278.03,2838.21,INR ,2026-09-27 09:00:00
ORD00012009,CUST001718,2026-08-18 22:00:00,PAID,WALLET,3203.29,183.85,99.0,544.61,3663.05,Rs,2026-09-27 09:00:00
ORD00012010,CUST000672,2026-09-04 10:00:00,DELIVERED,COD,504.04,411.72,0.0,406.39,498.71,INR,2026-09-27 09:00:00
ORD00012011,CUST004210,2026-09-25 05:00:00,DELIVERED,COD,1631.35,204.5,149.0,94.11,1669.96,Rs,2026-09-27 09:00:00
ORD00012012,CUST004946,2026-08-17 10:00:00,DELIVERED,WALLET,894.75,483.05,0.0,294.19,705.89,INR ,2026-09-27 09:00:00
ORD00012013,CUST002012,2026-09-25 23:00:00,PAID,NETBANKING,744.0,633.31,49.0,529.28,688.97,inr,2026-09-27 09:00:00
ORD00012014,CUST003883,2026-09-29 15:00:00,DELIVERED,CARD,834.45,195.62,149.0,607.39,1395.22,Rs,2026-09-27 09:00:00
ORD00012015,CUST003832,2026-08-18 23:00:00,DELIVERED,COD,2655.21,864.14,49.0,123.3,1963.37,Rs,2026-09-27 09:00:00
ORD00012016,CUST005135,2026-08-03 06:00:00,PAID,COD,1319.36,701.61,99.0,664.05,1380.8,inr,2026-09-27 09:00:00
ORD00012017,CUST003794,2026-08-23 16:00:00,PAID,UPI,1573.82,914.95,99.0,483.32,1241.19,Rs,2026-09-27 09:00:00
ORD00012018,CUST001159,2026-08-12 00:00:00,SHIPPED,UPI,736.26,387.14,49.0,856.34,1254.46,INR,2026-09-27 09:00:00
ORD00012019,CUST002949,2026-09-28 02:00:00,DELIVERED,UPI,417.75,219.45,99.0,1019.6,1316.9,INR,2026-09-27 09:00:00
ORD00012020,CUST001676,2026-09-25 12:00:00,SHIPPED,NETBANKING,6504.75,595.04,99.0,1318.95,7327.66,INR ,2026-09-27 09:00:00
ORD00012021,CUST001745,2026-09-09 13:00:00,PAID,COD,582.21,661.52,149.0,1116.04,1185.73,Rs,2026-09-27 09:00:00
ORD00012022,CUST003656,2026-08-08 15:00:00,SHIPPED,WALLET,3067.54,880.12,99.0,62.89,2349.31,INR ,2026-09-27 09:00:00
ORD00012023,CUST000488,2026-08-07 07:00:00,DELIVERED,CARD,2410.54,430.53,99.0,1138.23,3217.24,INR ,2026-09-27 09:00:00
ORD00012024,CUST001751,2026-09-05 17:00:00,DELIVERED,COD,1893.2,514.71,149.0,841.95,2369.44,inr,2026-09-27 09:00:00
ORD00012025,CUST000419,2026-09-27 15:00:00,DELIVERED,UPI,3202.98,426.04,99.0,959.7,3835.64,INR,2026-09-27 09:00:00
ORD00012026,CUST005490,2026-09-13 06:00:00,SHIPPED,NETBANKING,1986.56,918.41,149.0,1290.38,2507.53,inr,2026-09-27 09:00:00
ORD00012027,CUST002508,2026-08-29 07:00:00,DELIVERED,NETBANKING,292.17,82.09,79.0,173.81,462.89,Rs,2026-09-27 09:00:00
ORD00012028,CUST002475,2026-09-18 22:00:00,SHIPPED,COD,935.44,885.04,79.0,622.32,751.72,INR ,2026-09-27 09:00:00
ORD00012029,CUST002136,2026-08-11 10:00:00,DELIVERED,COD,380.43,67.78,79.0,803.19,1194.84,INR ,2026-09-27 09:00:00
ORD00012030,CUST005296,2026-09-07 06:00:00,DELIVERED,UPI,1031.33,284.55,79.0,644.37,1470.15,INR,2026-09-27 09:00:00
ORD00012031,CUST003447,2026-09-17 00:00:00,DELIVERED,NETBANKING,904.42,316.36,49.0,748.54,1385.6,inr,2026-09-27 09:00:00
ORD00012032,CUST001950,2026-09-27 06:00:00,DELIVERED,NETBANKING,1195.59,372.33,149.0,908.93,1881.19,Rs,2026-09-27 09:00:00
ORD00012033,CUST003404,2026-08-07 15:00:00,PAID,COD,1910.52,755.75,149.0,566.19,1869.96,INR,2026-09-27 09:00:00
ORD00012034,CUST002651,2026-08-30 12:00:00,DELIVERED,NETBANKING,1729.12,920.59,0.0,1410.36,2218.89,Rs,2026-09-27 09:00:00
ORD00012035,CUST000523,2026-08-12 05:00:00,DELIVERED,CARD,3344.89,55.46,49.0,682.84,4021.27,INR,2026-09-27 09:00:00
ORD00012036,CUST004564,2026-09-03 18:00:00,PAID,NETBANKING,1636.54,348.14,79.0,801.51,2168.91,inr,2026-09-27 09:00:00
ORD00012037,CUST002670,2026-08-25 08:00:00,DELIVERED,COD,1975.3,241.36,99.0,377.15,2210.09,INR ,2026-09-27 09:00:00
ORD00012038,CUST001600,2026-09-11 11:00:00,DELIVERED,COD,893.11,346.81,0.0,902.59,1448.89,INR,2026-09-27 09:00:00
ORD00012039,CUST004288,2026-09-07 15:00:00,SHIPPED,COD,3582.24,418.05,149.0,936.77,4249.96,INR,2026-09-27 09:00:00
ORD00012040,CUST001505,2026-09-10 07:00:00,DELIVERED,CARD,672.51,917.28,99.0,483.48,337.71,INR,2026-09-27 09:00:00
ORD00012041,CUST004169,2026-08-15 10:00:00,PAID,COD,7272.52,303.13,149.0,709.86,7828.25,INR ,2026-09-27 09:00:00
ORD00012042,CUST005404,2026-08-22 07:00:00,PAID,WALLET,1954.72,92.81,149.0,316.74,2327.65,Rs,2026-09-27 09:00:00
ORD00012043,CUST003526,2026-08-07 15:00:00,PAID,WALLET,869.7,577.49,79.0,115.69,486.9,INR ,2026-09-27 09:00:00
ORD00012044,CUST004304,2026-08-03 01:00:00,PAID,WALLET,2423.75,408.13,79.0,471.03,2565.65,inr,2026-09-27 09:00:00
ORD00012045,CUST000581,2026-08-15 04:00:00,PLACED,UPI,482.79,923.29,79.0,1188.86,827.36,Rs,2026-09-27 09:00:00
ORD00012046,CUST001374,2026-08-04 00:00:00,PLACED,CARD,1840.31,365.87,79.0,1349.71,2903.15,inr,2026-09-27 09:00:00
ORD00012047,CUST003119,2026-09-11 21:00:00,SHIPPED,UPI,1519.66,943.23,0.0,1283.46,1859.89,INR ,2026-09-27 09:00:00
ORD00012048,CUST000128,2026-08-13 23:00:00,SHIPPED,COD,456.37,369.72,149.0,653.36,889.01,INR ,2026-09-27 09:00:00
ORD00012049,CUST002578,2026-08-22 00:00:00,SHIPPED,CARD,741.21,44.08,149.0,1316.67,2162.8,inr,2026-09-27 09:00:00
ORD00012050,CUST002147,2026-09-09 16:00:00,DELIVERED,WALLET,3100.06,672.69,49.0,139.11,2615.48,INR ,2026-09-27 09:00:00
ORD00012051,CUST000790,2026-08-18 18:00:00,SHIPPED,NETBANKING,1283.47,261.35,0.0,403.94,1426.06,Rs,2026-09-27 09:00:00
ORD00012052,CUST001562,2026-08-14 03:00:00,PAID,UPI,2351.85,155.33,149.0,1043.37,3388.89,inr,2026-09-27 09:00:00
ORD00012053,CUST001889,2026-08-13 04:00:00,SHIPPED,CARD,1776.17,408.04,49.0,281.7,1698.83,INR ,2026-09-27 09:00:00
ORD00012054,CUST002087,2026-09-27 09:00:00,DELIVERED,CARD,1659.08,900.8,79.0,1346.16,2183.44,INR ,2026-09-27 09:00:00
ORD00012055,CUST004078,2026-08-03 01:00:00,DELIVERED,WALLET,916.15,350.14,49.0,634.64,1249.65,INR,2026-09-27 09:00:00
ORD00012056,CUST002828,2026-08-28 18:00:00,DELIVERED,COD,1493.27,159.68,49.0,781.59,2164.18,Rs,2026-09-27 09:00:00
ORD00012057,CUST003963,2026-09-08 17:00:00,DELIVERED,NETBANKING,1983.75,650.43,149.0,854.81,2337.13,INR ,2026-09-27 09:00:00
ORD00012058,CUST000590,2026-09-06 01:00:00,DELIVERED,CARD,633.97,850.62,0.0,1377.2,1160.55,INR ,2026-09-27 09:00:00
ORD00012059,CUST003232,2026-08-03 04:00:00,PAID,NETBANKING,1666.25,879.45,149.0,979.8,1915.6,INR,2026-09-27 09:00:00
ORD00012060,CUST005320,2026-08-29 19:00:00,PAID,NETBANKING,396.49,74.93,79.0,985.26,1385.82,Rs,2026-09-27 09:00:00
ORD00012061,CUST000386,2026-09-10 09:00:00,DELIVERED,UPI,1498.57,322.13,149.0,1444.12,2769.56,INR ,2026-09-27 09:00:00
ORD00012062,CUST000749,2026-09-04 13:00:00,PAID,WALLET,1013.33,143.15,0.0,1407.36,2277.54,INR,2026-09-27 09:00:00
ORD00012063,CUST003472,2026-09-27 05:00:00,SHIPPED,WALLET,1720.31,936.85,149.0,686.69,1619.15,INR ,2026-09-27 09:00:00
ORD00012064,CUST000588,2026-08-21 16:00:00,DELIVERED,CARD,2092.0,554.37,79.0,257.53,1874.16,Rs,2026-09-27 09:00:00
ORD00012065,CUST000184,2026-08-19 08:00:00,SHIPPED,NETBANKING,1342.84,553.12,49.0,272.6,1111.32,inr,2026-09-27 09:00:00
ORD00012066,CUST005011,2026-09-01 03:00:00,SHIPPED,UPI,1160.89,196.89,149.0,1238.69,2351.69,Rs,2026-09-27 09:00:00
ORD00012067,CUST000008,2026-08-01 10:00:00,PAID,UPI,1551.69,783.04,99.0,1478.59,2346.24,Rs,2026-09-27 09:00:00
ORD00012068,CUST004526,2026-08-06 07:00:00,SHIPPED,CARD,1644.14,423.21,99.0,52.81,1372.74,inr,2026-09-27 09:00:00
ORD00012069,CUST001083,2026-09-12 17:00:00,PAID,CARD,2097.8,682.86,79.0,282.38,1776.32,Rs,2026-09-27 09:00:00
ORD00012070,CUST003731,2026-08-09 01:00:00,SHIPPED,CARD,723.97,37.3,149.0,847.81,1683.48,INR ,2026-09-27 09:00:00
ORD00012071,CUST003532,2026-09-21 20:00:00,DELIVERED,WALLET,2979.78,947.07,79.0,692.65,2804.36,INR ,2026-09-27 09:00:00
ORD00012072,CUST002163,2026-08-12 14:00:00,DELIVERED,WALLET,2881.98,662.2,99.0,217.85,2536.63,INR ,2026-09-27 09:00:00
ORD00012073,CUST001519,2026-09-06 05:00:00,DELIVERED,NETBANKING,1577.92,956.48,49.0,1095.53,1765.97,inr,2026-09-27 09:00:00
ORD00012074,CUST001927,2026-08-05 21:00:00,DELIVERED,NETBANKING,2449.17,624.7,0.0,1210.91,3035.38,inr,2026-09-27 09:00:00
ORD00012075,CUST003506,2026-08-30 09:00:00,DELIVERED,WALLET,1897.93,304.98,49.0,664.73,2306.68,Rs,2026-09-27 09:00:00
ORD00012076,CUST003636,2026-09-24 01:00:00,PLACED,NETBANKING,384.42,799.05,49.0,1036.04,670.41,Rs,2026-09-27 09:00:00
ORD00012077,CUST002022,2026-09-19 13:00:00,PAID,COD,1287.34,522.42,0.0,921.93,1686.85,INR,2026-09-27 09:00:00
ORD00012078,CUST004401,2026-08-30 17:00:00,SHIPPED,CARD,2977.98,213.97,99.0,1324.55,4187.56,INR ,2026-09-27 09:00:00
ORD00012079,CUST005338,2026-08-23 23:00:00,PLACED,UPI,688.24,896.3,149.0,764.59,705.53,INR ,2026-09-27 09:00:00
ORD00012080,CUST002997,2026-08-10 13:00:00,PAID,CARD,2608.85,705.63,79.0,1242.24,3224.46,INR,2026-09-27 09:00:00
ORD00012081,CUST000141,2026-08-22 04:00:00,PLACED,NETBANKING,710.42,548.71,99.0,1132.04,1392.75,inr,2026-09-27 09:00:00
ORD00012082,CUST003809,2026-09-21 06:00:00,DELIVERED,NETBANKING,456.34,601.46,0.0,49.61,-95.51,INR ,2026-09-27 09:00:00
ORD00012083,CUST005431,2026-08-02 01:00:00,PLACED,CARD,1503.77,497.67,149.0,199.94,1355.04,INR,2026-09-27 09:00:00
ORD00012084,CUST002164,2026-08-09 08:00:00,DELIVERED,COD,714.23,858.22,99.0,557.54,512.55,INR ,2026-09-27 09:00:00
ORD00012085,CUST004732,2026-09-05 16:00:00,DELIVERED,COD,705.31,875.25,49.0,541.01,420.07,INR,2026-09-27 09:00:00
ORD00012086,CUST004413,2026-08-25 05:00:00,DELIVERED,WALLET,1691.2,945.8,79.0,486.66,1311.06,inr,2026-09-27 09:00:00
ORD00012087,CUST003786,2026-08-02 07:00:00,SHIPPED,UPI,1896.65,889.16,79.0,367.52,1454.01,inr,2026-09-27 09:00:00
ORD00012088,CUST004611,2026-08-31 06:00:00,PAID,NETBANKING,2327.48,150.36,79.0,96.87,2352.99,INR,2026-09-27 09:00:00
ORD00012089,CUST001435,2026-09-13 02:00:00,PAID,NETBANKING,3838.39,2.51,149.0,80.18,4065.06,Rs,2026-09-27 09:00:00
ORD00012090,CUST002224,2026-09-26 02:00:00,PAID,COD,3152.48,211.03,79.0,1132.42,4152.87,INR,2026-09-27 09:00:00
ORD00012091,CUST005493,2026-08-02 01:00:00,DELIVERED,NETBANKING,960.25,964.51,79.0,294.32,369.06,INR ,2026-09-27 09:00:00
ORD00012092,CUST005256,2026-09-16 14:00:00,DELIVERED,CARD,3312.43,710.36,0.0,31.93,2634.0,inr,2026-09-27 09:00:00
ORD00012093,CUST005209,2026-09-22 21:00:00,PAID,UPI,2848.61,146.72,0.0,1294.75,3996.64,INR ,2026-09-27 09:00:00
ORD00012094,CUST002115,2026-08-29 11:00:00,PAID,UPI,3009.87,274.35,0.0,185.43,2920.95,INR ,2026-09-27 09:00:00
ORD00012095,CUST001151,2026-08-16 12:00:00,PAID,COD,2238.63,674.82,99.0,253.78,1916.59,INR ,2026-09-27 09:00:00
ORD00012096,CUST001837,2026-08-31 08:00:00,DELIVERED,UPI,1066.25,459.74,49.0,1445.76,2101.27,INR,2026-09-27 09:00:00
ORD00012097,CUST003880,2026-09-06 18:00:00,PAID,CARD,1140.66,453.88,149.0,1166.6,2002.38,INR ,2026-09-27 09:00:00
ORD00012098,CUST004062,2026-08-12 02:00:00,PAID,COD,951.69,51.14,99.0,969.94,1969.49,INR,2026-09-27 09:00:00
ORD00012099,CUST001016,2026-09-08 03:00:00,DELIVERED,WALLET,1100.93,858.25,0.0,1454.9,1697.58,INR,2026-09-27 09:00:00
ORD00012100,CUST003529,2026-09-29 17:00:00,PLACED,UPI,1838.34,413.72,99.0,84.6,1608.22,INR ,2026-09-27 09:00:00
ORD00012101,CUST002959,2026-08-28 22:00:00,SHIPPED,WALLET,589.23,82.89,49.0,117.13,672.47,INR ,2026-09-27 09:00:00
ORD00012102,CUST003536,2026-09-26 20:00:00,PAID,COD,1393.59,18.51,149.0,142.27,1666.35,INR,2026-09-27 09:00:00
ORD00012103,CUST000670,2026-08-24 20:00:00,DELIVERED,WALLET,599.06,879.19,99.0,1155.13,974.0,INR,2026-09-27 09:00:00
ORD00012104,CUST000925,2026-08-11 01:00:00,PAID,CARD,2136.38,573.52,49.0,1235.18,2847.04,INR ,2026-09-27 09:00:00
ORD00012105,CUST004772,2026-09-03 12:00:00,SHIPPED,COD,907.02,723.71,149.0,1287.8,1620.11,inr,2026-09-27 09:00:00
ORD00012106,CUST002078,2026-09-19 23:00:00,PAID,CARD,1046.12,528.97,49.0,979.03,1545.18,Rs,2026-09-27 09:00:00
ORD00012107,CUST004581,2026-09-11 11:00:00,PAID,NETBANKING,1836.32,579.29,79.0,123.45,1459.48,Rs,2026-09-27 09:00:00
ORD00012108,CUST004000,2026-08-04 21:00:00,DELIVERED,WALLET,1444.01,878.62,0.0,465.86,1031.25,INR ,2026-09-27 09:00:00
ORD00012109,CUST004624,2026-09-25 11:00:00,SHIPPED,NETBANKING,375.23,414.48,0.0,1045.99,1006.74,Rs,2026-09-27 09:00:00
ORD00012110,CUST000559,2026-08-08 06:00:00,PLACED,COD,2285.65,17.01,149.0,1205.93,3623.57,INR ,2026-09-27 09:00:00
ORD00012111,CUST005171,2026-08-08 10:00:00,DELIVERED,CARD,1841.64,401.95,149.0,1049.72,2638.41,inr,2026-09-27 09:00:00
ORD00012112,CUST000042,2026-09-25 21:00:00,PLACED,CARD,887.97,175.33,0.0,311.93,1024.57,INR ,2026-09-27 09:00:00
ORD00012113,CUST001126,2026-08-27 14:00:00,DELIVERED,NETBANKING,1293.53,270.14,99.0,1015.53,2137.92,Rs,2026-09-27 09:00:00
ORD00012114,CUST000555,2026-08-07 23:00:00,DELIVERED,UPI,850.55,378.27,79.0,852.46,1403.74,INR ,2026-09-27 09:00:00
ORD00012115,CUST005005,2026-08-05 20:00:00,DELIVERED,COD,1317.96,880.83,49.0,705.94,1192.07,INR,2026-09-27 09:00:00
ORD00012116,CUST004412,2026-09-29 05:00:00,DELIVERED,NETBANKING,1737.39,20.92,0.0,731.38,2447.85,INR ,2026-09-27 09:00:00
ORD00012117,CUST001047,2026-08-11 02:00:00,DELIVERED,WALLET,1998.68,417.05,149.0,1187.51,2918.14,INR,2026-09-27 09:00:00
ORD00012118,CUST000401,2026-09-03 01:00:00,DELIVERED,NETBANKING,1066.24,234.82,149.0,961.86,1942.28,INR,2026-09-27 09:00:00
ORD00012119,CUST002429,2026-08-26 18:00:00,DELIVERED,WALLET,1942.04,969.12,99.0,924.4,1996.32,Rs,2026-09-27 09:00:00
ORD00012120,CUST000504,2026-09-12 04:00:00,SHIPPED,UPI,4573.09,314.77,49.0,248.09,4555.41,INR,2026-09-27 09:00:00
ORD00012121,CUST005485,2026-08-09 00:00:00,PAID,NETBANKING,2945.3,463.89,49.0,99.94,2630.35,inr,2026-09-27 09:00:00
ORD00012122,CUST002950,2026-08-22 23:00:00,PLACED,WALLET,4483.24,67.67,79.0,1459.36,5953.93,inr,2026-09-27 09:00:00
ORD00012123,CUST003997,2026-08-28 16:00:00,PAID,NETBANKING,1602.65,368.37,0.0,857.81,2092.09,Rs,2026-09-27 09:00:00
ORD00012124,CUST002042,2026-09-17 05:00:00,PAID,COD,1260.25,196.48,49.0,952.59,2065.36,inr,2026-09-27 09:00:00
ORD00012125,CUST001058,2026-08-15 06:00:00,PAID,COD,649.93,846.78,79.0,1082.42,964.57,inr,2026-09-27 09:00:00
ORD00012126,CUST002054,2026-08-14 12:00:00,DELIVERED,WALLET,2692.15,801.86,49.0,331.96,2271.25,Rs,2026-09-27 09:00:00
ORD00012127,CUST002510,2026-09-28 15:00:00,DELIVERED,CARD,2105.64,228.26,0.0,824.44,2701.82,INR ,2026-09-27 09:00:00
ORD00012128,CUST000176,2026-09-10 16:00:00,PAID,WALLET,408.53,942.11,0.0,635.6,102.02,Rs,2026-09-27 09:00:00
ORD00012129,CUST002991,2026-08-01 17:00:00,DELIVERED,NETBANKING,784.95,347.76,99.0,1163.01,1699.2,Rs,2026-09-27 09:00:00
ORD00012130,CUST003499,2026-09-16 20:00:00,PLACED,WALLET,1481.13,840.49,49.0,387.76,1077.4,inr,2026-09-27 09:00:00
ORD00012131,CUST001604,2026-09-23 13:00:00,SHIPPED,COD,1380.76,654.87,149.0,806.01,1680.9,INR ,2026-09-27 09:00:00
ORD00012132,CUST005261,2026-09-05 16:00:00,PAID,NETBANKING,1139.45,399.62,99.0,593.91,1432.74,Rs,2026-09-27 09:00:00
ORD00012133,CUST002810,2026-08-16 13:00:00,PAID,NETBANKING,550.47,779.45,49.0,1321.9,1141.92,INR ,2026-09-27 09:00:00
ORD00012134,CUST001990,2026-08-14 21:00:00,DELIVERED,WALLET,1060.93,662.9,149.0,1017.18,1564.21,INR ,2026-09-27 09:00:00
ORD00012135,CUST000289,2026-08-31 11:00:00,DELIVERED,WALLET,1512.37,131.07,99.0,1101.8,2582.1,Rs,2026-09-27 09:00:00
ORD00012136,CUST005446,2026-09-14 16:00:00,DELIVERED,WALLET,1117.89,40.13,79.0,286.68,1443.44,inr,2026-09-27 09:00:00
ORD00012137,CUST001798,2026-09-06 05:00:00,SHIPPED,WALLET,756.25,601.0,99.0,1168.19,1422.44,INR ,2026-09-27 09:00:00
ORD00012138,CUST000075,2026-09-04 15:00:00,DELIVERED,UPI,606.07,278.24,49.0,1340.9,1717.73,INR,2026-09-27 09:00:00
ORD00012139,CUST004217,2026-09-13 17:00:00,DELIVERED,NETBANKING,907.86,976.97,99.0,1083.06,1112.95,INR ,2026-09-27 09:00:00
ORD00012140,CUST002931,2026-09-22 00:00:00,DELIVERED,NETBANKING,1139.54,954.1,99.0,715.4,999.84,Rs,2026-09-27 09:00:00
ORD00012141,CUST003480,2026-09-06 06:00:00,DELIVERED,COD,1878.96,987.82,99.0,439.46,1429.6,INR ,2026-09-27 09:00:00
ORD00012142,CUST004974,2026-09-29 18:00:00,PLACED,NETBANKING,4232.58,935.74,99.0,262.79,3658.63,INR,2026-09-27 09:00:00
ORD00012143,CUST001406,2026-09-06 21:00:00,PAID,WALLET,525.52,90.2,0.0,54.43,489.75,INR,2026-09-27 09:00:00
ORD00012144,CUST005349,2026-08-30 20:00:00,PAID,COD,893.17,540.12,79.0,1245.73,1677.78,inr,2026-09-27 09:00:00
ORD00012145,CUST001450,2026-08-13 12:00:00,PAID,NETBANKING,1179.83,617.59,0.0,408.71,970.95,Rs,2026-09-27 09:00:00
ORD00012146,CUST002749,2026-09-14 15:00:00,PAID,NETBANKING,1049.14,931.69,149.0,772.76,1039.21,INR ,2026-09-27 09:00:00
ORD00012147,CUST004708,2026-09-26 22:00:00,PAID,COD,3035.58,341.74,49.0,469.37,3212.21,INR,2026-09-27 09:00:00
ORD00012148,CUST003211,2026-09-24 20:00:00,DELIVERED,CARD,1530.7,701.99,49.0,971.44,1849.15,inr,2026-09-27 09:00:00
ORD00012149,CUST000466,2026-08-17 12:00:00,SHIPPED,NETBANKING,1618.55,976.6,79.0,75.62,796.57,inr,2026-09-27 09:00:00
ORD00012150,CUST003589,2026-08-17 18:00:00,DELIVERED,WALLET,389.05,819.89,79.0,784.38,432.54,INR,2026-09-27 09:00:00
ORD00012151,CUST003340,2026-08-16 20:00:00,DELIVERED,UPI,2201.1,109.88,79.0,262.72,2432.94,inr,2026-09-27 09:00:00
ORD00012152,CUST001734,2026-08-04 01:00:00,DELIVERED,UPI,764.92,699.09,0.0,1346.74,1412.57,INR,2026-09-27 09:00:00
ORD00012153,CUST001370,2026-09-22 19:00:00,DELIVERED,NETBANKING,2120.01,149.29,49.0,1376.97,3396.69,INR,2026-09-27 09:00:00
ORD00012154,CUST004939,2026-08-19 12:00:00,DELIVERED,COD,626.06,780.82,0.0,321.29,166.53,inr,2026-09-27 09:00:00
ORD00012155,CUST004782,2026-08-04 14:00:00,SHIPPED,UPI,1733.07,987.97,79.0,385.74,1209.84,inr,2026-09-27 09:00:00
ORD00012156,CUST000928,2026-09-22 00:00:00,SHIPPED,UPI,1735.9,417.36,149.0,1259.28,2726.82,inr,2026-09-27 09:00:00
ORD00012157,CUST005356,2026-08-15 01:00:00,DELIVERED,NETBANKING,1389.73,135.78,0.0,238.01,1491.96,INR ,2026-09-27 09:00:00
ORD00012158,CUST001739,2026-08-03 10:00:00,PLACED,NETBANKING,1949.37,70.28,0.0,711.08,2590.17,Rs,2026-09-27 09:00:00
ORD00012159,CUST001870,2026-08-30 23:00:00,DELIVERED,COD,1740.2,583.22,99.0,52.99,1308.97,INR ,2026-09-27 09:00:00
ORD00012160,CUST005234,2026-09-05 01:00:00,PLACED,WALLET,634.48,715.04,79.0,914.09,912.53,inr,2026-09-27 09:00:00
ORD00012161,CUST003757,2026-09-06 12:00:00,SHIPPED,NETBANKING,1328.65,122.03,149.0,971.64,2327.26,inr,2026-09-27 09:00:00
ORD00012162,CUST001469,2026-09-05 03:00:00,SHIPPED,CARD,861.61,534.76,149.0,1191.81,1667.66,INR,2026-09-27 09:00:00
ORD00012163,CUST004033,2026-09-18 11:00:00,DELIVERED,UPI,3897.66,578.47,49.0,464.31,3832.5,Rs,2026-09-27 09:00:00
ORD00012164,CUST000360,2026-09-21 06:00:00,PAID,UPI,1283.68,124.0,99.0,1237.21,2495.89,inr,2026-09-27 09:00:00
ORD00012165,CUST002606,2026-09-22 01:00:00,PLACED,CARD,395.33,967.76,0.0,1158.69,586.26,Rs,2026-09-27 09:00:00
ORD00012166,CUST001123,2026-08-15 03:00:00,PLACED,COD,1382.39,801.02,0.0,891.68,1473.05,Rs,2026-09-27 09:00:00
ORD00012167,CUST004518,2026-09-17 07:00:00,PAID,COD,3699.08,954.68,99.0,165.3,3008.7,inr,2026-09-27 09:00:00
ORD00012168,CUST000344,2026-09-23 05:00:00,DELIVERED,WALLET,505.81,533.34,79.0,516.15,567.62,INR,2026-09-27 09:00:00
ORD00012169,CUST004863,2026-08-26 21:00:00,PAID,UPI,904.4,493.31,49.0,519.66,979.75,inr,2026-09-27 09:00:00
ORD00012170,CUST000475,2026-08-23 22:00:00,PLACED,WALLET,623.57,923.96,149.0,1226.67,1075.28,INR ,2026-09-27 09:00:00
ORD00012171,CUST000371,2026-08-08 20:00:00,DELIVERED,NETBANKING,2066.06,265.23,79.0,1488.43,3368.26,Rs,2026-09-27 09:00:00
ORD00012172,CUST005237,2026-08-14 20:00:00,SHIPPED,CARD,1744.28,397.58,149.0,506.21,2001.91,Rs,2026-09-27 09:00:00
ORD00012173,CUST001779,2026-08-28 15:00:00,SHIPPED,WALLET,5943.53,414.81,0.0,864.91,6393.63,INR ,2026-09-27 09:00:00
ORD00012174,CUST002536,2026-08-20 15:00:00,PAID,WALLET,848.69,93.66,149.0,999.05,1903.08,INR,2026-09-27 09:00:00
ORD00012175,CUST000721,2026-09-14 07:00:00,DELIVERED,COD,682.03,579.67,149.0,198.87,450.23,inr,2026-09-27 09:00:00
ORD00012176,CUST000215,2026-09-01 01:00:00,PAID,UPI,287.13,553.62,79.0,1165.45,977.96,inr,2026-09-27 09:00:00
ORD00012177,CUST003009,2026-08-12 11:00:00,DELIVERED,CARD,1690.8,878.53,149.0,969.45,1930.72,inr,2026-09-27 09:00:00
ORD00012178,CUST000785,2026-08-27 02:00:00,SHIPPED,UPI,745.69,324.6,79.0,851.59,1351.68,INR,2026-09-27 09:00:00
ORD00012179,CUST003111,2026-08-03 05:00:00,DELIVERED,COD,3987.72,93.94,99.0,1224.7,5217.48,inr,2026-09-27 09:00:00
ORD00012180,CUST001787,2026-08-04 19:00:00,DELIVERED,COD,3144.97,357.9,149.0,1203.75,4139.82,inr ,2026-09-27 09:00:00
ORD00012181,CUST001068,2026-08-31 00:00:00,SHIPPED,WALLET,1043.75,234.91,0.0,393.25,1202.09,inr,2026-09-27 09:00:00
ORD00012182,CUST004281,2026-09-22 00:00:00,PAID,CARD,1128.41,580.64,99.0,456.69,1103.46,INR,2026-09-27 09:00:00
ORD00012183,CUST005128,2026-09-03 13:00:00,DELIVERED,UPI,1705.37,103.61,49.0,185.26,1836.02,inr,2026-09-27 09:00:00
ORD00012184,CUST001039,2026-09-10 06:00:00,PAID,CARD,1263.7,588.42,0.0,425.57,1100.85,inr,2026-09-27 09:00:00
ORD00012185,CUST000904,2026-09-20 07:00:00,DELIVERED,UPI,3568.28,123.3,49.0,351.73,3845.71,INR ,2026-09-27 09:00:00
ORD00012186,CUST001062,2026-09-08 19:00:00,PAID,CARD,1383.19,118.97,0.0,1270.67,2534.89,inr,2026-09-27 09:00:00
ORD00012187,CUST003550,2026-08-05 14:00:00,DELIVERED,CARD,1009.6,498.16,0.0,1199.35,1710.79,INR,2026-09-27 09:00:00
ORD00012188,CUST005308,2026-08-23 02:00:00,PLACED,COD,928.95,758.02,149.0,962.63,1282.56,inr,2026-09-27 09:00:00
ORD00012189,CUST003410,2026-09-09 05:00:00,PLACED,WALLET,1301.34,300.78,79.0,1496.76,2576.32,inr,2026-09-27 09:00:00
ORD00012190,CUST005411,2026-08-25 02:00:00,PAID,UPI,1742.7,412.06,49.0,211.56,1591.2,INR ,2026-09-27 09:00:00
ORD00012191,CUST004531,2026-08-08 02:00:00,SHIPPED,CARD,1982.93,661.59,99.0,1113.12,2533.46,INR ,2026-09-27 09:00:00
ORD00012192,CUST000606,2026-09-05 06:00:00,PAID,UPI,1485.74,619.64,0.0,1335.69,2201.79,INR ,2026-09-27 09:00:00
ORD00012193,CUST001238,2026-08-20 06:00:00,SHIPPED,WALLET,2123.67,171.06,0.0,26.58,1979.19,INR,2026-09-27 09:00:00
ORD00012194,CUST000091,2026-08-31 13:00:00,PLACED,NETBANKING,1045.78,320.61,149.0,803.14,1677.31,Rs,2026-09-27 09:00:00
ORD00012195,CUST002907,2026-08-23 08:00:00,DELIVERED,WALLET,786.27,901.16,149.0,1190.05,1224.16,Rs,2026-09-27 09:00:00
ORD00012196,CUST005188,2026-08-20 11:00:00,PAID,COD,1227.17,836.39,79.0,1359.92,1829.7,Rs,2026-09-27 09:00:00
ORD00012197,CUST003876,2026-08-11 03:00:00,SHIPPED,COD,860.93,789.44,79.0,264.87,415.36,Rs,2026-09-27 09:00:00
ORD00012198,CUST003531,2026-09-03 04:00:00,DELIVERED,NETBANKING,584.56,242.08,0.0,505.08,847.56,Rs,2026-09-27 09:00:00
ORD00012199,CUST004467,2026-09-12 22:00:00,DELIVERED,CARD,1127.71,105.89,49.0,811.57,1882.39,INR ,2026-09-27 09:00:00
ORD00012200,CUST002621,2026-08-18 16:00:00,PAID,NETBANKING,479.89,360.12,79.0,1163.31,1362.08,INR ,2026-09-27 09:00:00
ORD00012201,CUST001948,2026-09-15 00:00:00,SHIPPED,WALLET,1785.5,389.49,99.0,852.73,2347.74,Rs,2026-09-27 09:00:00
ORD00012202,CUST004319,2026-08-23 17:00:00,SHIPPED,UPI,855.91,511.99,99.0,291.62,734.54,INR ,2026-09-27 09:00:00
ORD00012203,CUST000599,2026-08-09 05:00:00,PLACED,WALLET,739.45,435.8,99.0,434.01,836.66,inr,2026-09-27 09:00:00
ORD00012204,CUST002616,2026-09-14 12:00:00,DELIVERED,UPI,830.82,161.51,0.0,263.03,932.34,INR ,2026-09-27 09:00:00
ORD00012205,CUST000061,2026-09-20 12:00:00,PLACED,COD,1305.78,225.79,149.0,1166.22,2395.21,INR ,2026-09-27 09:00:00
ORD00012206,CUST001291,2026-08-09 11:00:00,DELIVERED,UPI,744.42,156.8,79.0,879.51,1546.13,INR ,2026-09-27 09:00:00
ORD00012207,CUST003915,2026-08-09 21:00:00,SHIPPED,COD,615.28,345.27,79.0,1112.89,1461.9,Rs,2026-09-27 09:00:00
ORD00012208,CUST002354,2026-08-12 06:00:00,DELIVERED,WALLET,1295.09,493.68,0.0,880.64,1682.05,Rs,2026-09-27 09:00:00
ORD00012209,CUST001277,2026-09-22 00:00:00,SHIPPED,NETBANKING,1380.85,672.47,99.0,1195.83,2003.21,inr,2026-09-27 09:00:00
ORD00012210,CUST004929,2026-08-25 04:00:00,SHIPPED,NETBANKING,1312.61,874.61,49.0,528.81,1015.81,INR ,2026-09-27 09:00:00
ORD00012211,CUST002871,2026-09-05 08:00:00,DELIVERED,UPI,404.0,432.25,99.0,840.07,910.82,inr,2026-09-27 09:00:00
ORD00012212,CUST001319,2026-08-13 13:00:00,PLACED,UPI,1713.73,764.98,149.0,305.41,1403.16,inr,2026-09-27 09:00:00
ORD00012213,CUST004513,2026-09-19 21:00:00,DELIVERED,WALLET,2132.71,444.37,49.0,1199.92,2937.26,Rs,2026-09-27 09:00:00
ORD00012214,CUST004407,2026-09-13 15:00:00,DELIVERED,WALLET,4031.09,534.16,49.0,1448.86,4994.79,INR,2026-09-27 09:00:00
ORD00012215,CUST001977,2026-09-16 01:00:00,PAID,CARD,348.0,275.84,0.0,114.37,186.53,Rs,2026-09-27 09:00:00
ORD00012216,CUST002201,2026-09-08 04:00:00,DELIVERED,NETBANKING,1814.92,108.52,79.0,1053.93,2839.33,Rs,2026-09-27 09:00:00
ORD00012217,CUST003297,2026-08-27 16:00:00,DELIVERED,COD,2174.06,29.94,49.0,622.32,2815.44,Rs,2026-09-27 09:00:00
ORD00012218,CUST003539,2026-09-25 05:00:00,PAID,COD,1704.48,955.66,0.0,1265.51,2014.33,INR,2026-09-27 09:00:00
ORD00012219,CUST004086,2026-09-24 00:00:00,PAID,CARD,968.0,583.63,49.0,47.7,481.07,INR,2026-09-27 09:00:00
ORD00012220,CUST005470,2026-08-07 00:00:00,PAID,NETBANKING,2770.4,434.11,79.0,700.76,3116.05,inr,2026-09-27 09:00:00
ORD00012221,CUST002019,2026-09-16 17:00:00,SHIPPED,UPI,1026.0,964.69,149.0,910.4,1120.71,INR ,2026-09-27 09:00:00
ORD00012222,CUST002979,2026-08-15 04:00:00,SHIPPED,WALLET,2302.26,883.06,149.0,145.67,1713.87,Rs,2026-09-27 09:00:00
ORD00012223,CUST001649,2026-08-28 10:00:00,DELIVERED,CARD,1403.91,707.36,79.0,1054.23,1829.78,INR,2026-09-27 09:00:00
ORD00012224,CUST004468,2026-08-17 08:00:00,SHIPPED,COD,1250.84,687.19,79.0,1351.58,1994.23,inr,2026-09-27 09:00:00
ORD00012225,CUST000410,2026-08-04 00:00:00,DELIVERED,COD,1028.59,87.02,149.0,1011.87,2102.44,inr,2026-09-27 09:00:00
ORD00012226,CUST005396,2026-09-04 01:00:00,DELIVERED,UPI,1090.83,310.28,149.0,1176.87,2106.42,INR ,2026-09-27 09:00:00
ORD00012227,CUST003485,2026-08-06 13:00:00,DELIVERED,WALLET,2602.84,432.3,149.0,660.64,2980.18,inr,2026-09-27 09:00:00
ORD00012228,CUST001751,2026-08-06 04:00:00,PAID,COD,616.38,218.46,99.0,298.27,795.19,INR ,2026-09-27 09:00:00
ORD00012229,CUST001933,2026-08-21 06:00:00,PLACED,WALLET,722.22,594.85,79.0,953.68,1160.05,INR,2026-09-27 09:00:00
ORD00012230,CUST002767,2026-09-14 20:00:00,DELIVERED,CARD,2172.47,948.6,149.0,1457.12,2829.99,INR,2026-09-27 09:00:00
ORD00012231,CUST001658,2026-08-09 09:00:00,DELIVERED,NETBANKING,2928.89,580.77,0.0,1031.28,3379.4,INR ,2026-09-27 09:00:00
ORD00012232,CUST001487,2026-09-04 05:00:00,DELIVERED,WALLET,1185.16,898.33,49.0,1266.57,1602.4,INR,2026-09-27 09:00:00
ORD00012233,CUST001221,2026-08-29 00:00:00,DELIVERED,WALLET,1051.97,436.35,99.0,804.83,1519.45,INR ,2026-09-27 09:00:00
ORD00012234,CUST004609,2026-09-07 23:00:00,PLACED,CARD,752.45,407.32,0.0,1042.96,1388.09,Rs,2026-09-27 09:00:00
ORD00012235,CUST002300,2026-09-25 04:00:00,DELIVERED,CARD,2911.13,721.97,49.0,1220.44,3458.6,INR ,2026-09-27 09:00:00
ORD00012236,CUST000593,2026-08-14 16:00:00,SHIPPED,WALLET,289.7,155.14,79.0,696.4,909.96,INR,2026-09-27 09:00:00
ORD00012237,CUST004994,2026-09-06 01:00:00,SHIPPED,CARD,473.41,481.56,99.0,909.96,1000.81,INR,2026-09-27 09:00:00
ORD00012238,CUST004696,2026-09-24 17:00:00,DELIVERED,UPI,686.27,594.13,79.0,1137.34,1308.48,Rs,2026-09-27 09:00:00
ORD00012239,CUST001198,2026-08-03 15:00:00,DELIVERED,CARD,1042.3,397.38,99.0,136.45,880.37,Rs,2026-09-27 09:00:00
ORD00012240,CUST005240,2026-09-03 13:00:00,DELIVERED,NETBANKING,752.53,818.85,79.0,1129.28,1141.96,inr,2026-09-27 09:00:00
ORD00012241,CUST004318,2026-08-03 12:00:00,DELIVERED,CARD,5727.22,766.13,49.0,1475.67,6485.76,INR ,2026-09-27 09:00:00
ORD00012242,CUST004309,2026-09-15 03:00:00,SHIPPED,UPI,1207.93,561.86,49.0,1190.54,1885.61,Rs,2026-09-27 09:00:00
ORD00012243,CUST004582,2026-08-02 15:00:00,SHIPPED,WALLET,572.37,975.25,99.0,63.25,-240.63,INR ,2026-09-27 09:00:00
ORD00012244,CUST003730,2026-09-21 09:00:00,SHIPPED,COD,1260.17,442.41,0.0,553.27,1371.03,INR,2026-09-27 09:00:00
ORD00012245,CUST002836,2026-09-10 13:00:00,PLACED,WALLET,1511.84,436.16,79.0,1201.0,2355.68,INR ,2026-09-27 09:00:00
ORD00012246,CUST002946,2026-08-10 13:00:00,DELIVERED,NETBANKING,1072.38,535.67,49.0,994.71,1580.42,inr,2026-09-27 09:00:00
ORD00012247,CUST002518,2026-09-19 12:00:00,DELIVERED,COD,1276.34,914.92,79.0,99.81,540.23,Rs,2026-09-27 09:00:00
ORD00012248,CUST001996,2026-09-10 07:00:00,PAID,WALLET,1675.2,517.18,79.0,1070.68,2307.7,Rs,2026-09-27 09:00:00
ORD00012249,CUST001328,2026-08-01 22:00:00,DELIVERED,WALLET,5512.96,405.97,0.0,301.16,5408.15,INR,2026-09-27 09:00:00
ORD00012250,CUST002490,2026-09-23 19:00:00,DELIVERED,WALLET,1831.59,116.92,149.0,395.32,2258.99,INR ,2026-09-27 09:00:00
ORD00012251,CUST001007,2026-09-18 03:00:00,PAID,CARD,1477.38,751.72,0.0,273.64,999.3,inr,2026-09-27 09:00:00
ORD00012252,CUST005347,2026-09-01 12:00:00,DELIVERED,CARD,1203.71,848.34,149.0,747.76,1252.13,INR,2026-09-27 09:00:00
ORD00012253,CUST004037,2026-09-28 03:00:00,SHIPPED,CARD,1791.6,500.68,49.0,743.29,2083.21,inr,2026-09-27 09:00:00
ORD00012254,CUST005081,2026-08-29 08:00:00,PAID,WALLET,561.76,544.15,79.0,779.45,876.06,INR ,2026-09-27 09:00:00
ORD00012255,CUST000414,2026-08-17 15:00:00,DELIVERED,UPI,3069.93,890.78,79.0,875.9,3134.05,INR,2026-09-27 09:00:00
ORD00012256,CUST004452,2026-08-15 12:00:00,PLACED,UPI,1184.4,862.14,0.0,576.13,898.39,INR ,2026-09-27 09:00:00
ORD00012257,CUST002934,2026-09-02 02:00:00,SHIPPED,NETBANKING,1284.83,586.15,0.0,338.41,1037.09,inr,2026-09-27 09:00:00
ORD00012258,CUST004128,2026-08-29 08:00:00,SHIPPED,NETBANKING,4935.43,503.24,99.0,793.43,5324.62,INR ,2026-09-27 09:00:00
ORD00012259,CUST002060,2026-09-27 09:00:00,DELIVERED,CARD,1581.13,348.25,49.0,672.95,1954.83,inr,2026-09-27 09:00:00
ORD00012260,CUST003964,2026-09-03 20:00:00,PLACED,CARD,1209.74,298.97,149.0,742.06,1801.83,inr,2026-09-27 09:00:00
ORD00012261,CUST001425,2026-09-29 02:00:00,DELIVERED,NETBANKING,2916.02,5.9,79.0,1076.33,4065.45,Rs,2026-09-27 09:00:00
ORD00012262,CUST001676,2026-08-06 18:00:00,PAID,WALLET,1901.9,784.31,0.0,1258.34,2375.93,INR ,2026-09-27 09:00:00
ORD00012263,CUST003275,2026-08-24 10:00:00,SHIPPED,COD,859.39,699.21,0.0,1448.51,1608.69,INR,2026-09-27 09:00:00
ORD00012264,CUST004634,2026-08-15 06:00:00,PLACED,NETBANKING,831.62,378.34,0.0,94.98,548.26,Rs,2026-09-27 09:00:00
ORD00012265,CUST003863,2026-09-20 20:00:00,DELIVERED,WALLET,1094.52,508.27,49.0,169.76,805.01,INR,2026-09-27 09:00:00
ORD00012266,CUST004324,2026-08-13 09:00:00,SHIPPED,WALLET,1286.14,917.83,79.0,271.07,718.38,inr,2026-09-27 09:00:00
ORD00012267,CUST000429,2026-08-05 04:00:00,PLACED,COD,1547.99,290.94,149.0,1361.05,2767.1,INR,2026-09-27 09:00:00
ORD00012268,CUST004655,2026-09-21 00:00:00,DELIVERED,CARD,949.12,787.12,149.0,78.45,389.45,INR ,2026-09-27 09:00:00
ORD00012269,CUST002901,2026-09-14 19:00:00,DELIVERED,CARD,948.55,6.14,149.0,1169.47,2260.88,inr,2026-09-27 09:00:00
ORD00012270,CUST004144,2026-08-14 11:00:00,DELIVERED,COD,2913.3,289.62,0.0,256.71,2880.39,INR ,2026-09-27 09:00:00
ORD00012271,CUST003326,2026-08-27 02:00:00,DELIVERED,CARD,1332.11,269.11,0.0,1034.36,2097.36,inr,2026-09-27 09:00:00
ORD00012272,CUST005273,2026-08-09 08:00:00,SHIPPED,COD,804.81,689.65,0.0,142.65,257.81,Rs,2026-09-27 09:00:00
ORD00012273,CUST003269,2026-08-05 02:00:00,PLACED,UPI,5297.12,862.0,79.0,52.19,4566.31,inr,2026-09-27 09:00:00
ORD00012274,CUST003767,2026-09-03 23:00:00,DELIVERED,NETBANKING,1121.18,763.27,99.0,470.05,926.96,INR,2026-09-27 09:00:00
ORD00012275,CUST001339,2026-08-13 02:00:00,PAID,WALLET,3146.44,940.62,149.0,794.53,3149.35,INR,2026-09-27 09:00:00
ORD00012276,CUST000946,2026-08-14 10:00:00,DELIVERED,CARD,2860.92,505.77,0.0,1318.59,3673.74,INR,2026-09-27 09:00:00
ORD00012277,CUST004356,2026-08-19 00:00:00,DELIVERED,CARD,2073.33,499.96,99.0,1482.08,3154.45,Rs,2026-09-27 09:00:00
ORD00012278,CUST003155,2026-08-13 16:00:00,PAID,COD,831.73,487.53,149.0,496.87,990.07,Rs,2026-09-27 09:00:00
ORD00012279,CUST003880,2026-09-27 05:00:00,DELIVERED,WALLET,1104.99,931.35,0.0,576.93,750.57,inr,2026-09-27 09:00:00
ORD00012280,CUST001795,2026-09-09 00:00:00,SHIPPED,WALLET,5297.79,216.12,99.0,280.42,5461.09,inr,2026-09-27 09:00:00
ORD00012281,CUST004293,2026-08-01 02:00:00,DELIVERED,NETBANKING,1116.69,546.42,149.0,220.49,939.76,Rs,2026-09-27 09:00:00
ORD00012282,CUST004211,2026-09-06 10:00:00,DELIVERED,NETBANKING,1085.64,650.31,49.0,1145.07,1629.4,INR ,2026-09-27 09:00:00
ORD00012283,CUST003420,2026-08-04 19:00:00,DELIVERED,COD,943.53,620.14,149.0,618.89,1091.28,INR ,2026-09-27 09:00:00
ORD00012284,CUST002287,2026-08-31 10:00:00,PAID,CARD,2615.47,413.93,49.0,806.18,3056.72,Rs,2026-09-27 09:00:00
ORD00012285,CUST000681,2026-09-02 20:00:00,SHIPPED,COD,1549.38,736.92,0.0,36.42,848.88,INR ,2026-09-27 09:00:00
ORD00012286,CUST003258,2026-08-31 13:00:00,SHIPPED,WALLET,1715.1,590.06,0.0,911.44,2036.48,Rs,2026-09-27 09:00:00
ORD00012287,CUST001481,2026-09-05 00:00:00,DELIVERED,NETBANKING,1711.89,78.0,79.0,269.18,1982.07,INR ,2026-09-27 09:00:00
ORD00012288,CUST001452,2026-09-22 05:00:00,DELIVERED,WALLET,1058.44,100.94,0.0,1035.19,1992.69,inr ,2026-09-27 09:00:00
ORD00012289,CUST000693,2026-08-12 11:00:00,PLACED,WALLET,2287.77,536.05,49.0,1252.83,3053.55,Rs,2026-09-27 09:00:00
ORD00012290,CUST000639,2026-08-08 09:00:00,DELIVERED,NETBANKING,903.48,533.74,99.0,391.92,860.66,INR ,2026-09-27 09:00:00
ORD00012291,CUST001844,2026-09-27 12:00:00,DELIVERED,NETBANKING,1343.04,769.55,0.0,714.83,1288.32,INR,2026-09-27 09:00:00
ORD00012292,CUST005282,2026-09-16 05:00:00,DELIVERED,COD,759.35,524.94,79.0,906.69,1220.1,INR ,2026-09-27 09:00:00
ORD00012293,CUST000765,2026-09-12 07:00:00,SHIPPED,COD,234.82,627.0,79.0,1167.44,854.26,Rs,2026-09-27 09:00:00
ORD00012294,CUST005211,2026-09-24 02:00:00,PLACED,COD,498.41,169.02,99.0,1333.72,1762.11,inr,2026-09-27 09:00:00
ORD00012295,CUST001703,2026-09-24 07:00:00,PAID,COD,1598.53,523.77,99.0,1420.71,2594.47,inr,2026-09-27 09:00:00
ORD00012296,CUST004012,2026-08-04 08:00:00,PAID,WALLET,861.89,924.81,149.0,548.5,634.58,Rs,2026-09-27 09:00:00
ORD00012297,CUST003868,2026-08-30 20:00:00,PAID,WALLET,719.02,968.0,99.0,1453.2,1303.22,inr,2026-09-27 09:00:00
ORD00012298,CUST005309,2026-09-17 17:00:00,PLACED,COD,546.98,333.05,99.0,258.54,571.47,INR ,2026-09-27 09:00:00
ORD00012299,CUST003488,2026-09-11 09:00:00,PAID,WALLET,1352.66,903.62,99.0,899.42,1447.46,INR ,2026-09-27 09:00:00
ORD00012300,CUST000727,2026-08-26 09:00:00,DELIVERED,NETBANKING,609.02,158.97,49.0,882.51,1381.56,INR,2026-09-27 09:00:00
ORD00012301,CUST004202,2026-08-08 17:00:00,DELIVERED,NETBANKING,1623.55,431.48,0.0,1180.02,2372.09,Rs,2026-09-27 09:00:00
ORD00012302,CUST002777,2026-09-19 03:00:00,PLACED,UPI,1231.43,437.08,99.0,1071.87,1965.22,Rs,2026-09-27 09:00:00
ORD00012303,CUST004637,2026-09-18 20:00:00,PAID,UPI,1578.02,898.96,49.0,443.34,1171.4,inr,2026-09-27 09:00:00
ORD00012304,CUST002908,2026-09-01 22:00:00,DELIVERED,NETBANKING,1691.47,287.56,79.0,951.68,2434.59,Rs,2026-09-27 09:00:00
ORD00012305,CUST002244,2026-08-02 09:00:00,DELIVERED,UPI,2611.77,213.29,79.0,1188.39,3665.87,INR ,2026-09-27 09:00:00
ORD00012306,CUST005096,2026-08-26 23:00:00,DELIVERED,COD,249.06,243.98,0.0,1301.22,1306.3,INR,2026-09-27 09:00:00
ORD00012307,CUST004683,2026-08-22 21:00:00,PAID,COD,1732.79,855.6,99.0,217.22,1193.41,inr,2026-09-27 09:00:00
ORD00012308,CUST005469,2026-08-01 08:00:00,PAID,NETBANKING,678.82,150.51,49.0,1230.1,1807.41,INR ,2026-09-27 09:00:00
ORD00012309,CUST004651,2026-08-25 10:00:00,DELIVERED,WALLET,1590.24,695.75,0.0,270.29,1164.78,INR,2026-09-27 09:00:00
ORD00012310,CUST004855,2026-08-14 12:00:00,PAID,NETBANKING,617.88,685.63,149.0,666.32,747.57,Rs,2026-09-27 09:00:00
ORD00012311,CUST000931,2026-08-24 10:00:00,PLACED,WALLET,3001.51,778.63,99.0,1461.85,3783.73,INR ,2026-09-27 09:00:00
ORD00012312,CUST000542,2026-08-24 18:00:00,DELIVERED,NETBANKING,1416.11,114.02,49.0,171.1,1522.19,inr,2026-09-27 09:00:00
ORD00012313,CUST001883,2026-09-19 00:00:00,DELIVERED,COD,325.11,731.63,99.0,942.64,635.12,INR ,2026-09-27 09:00:00
ORD00012314,CUST004971,2026-09-17 13:00:00,DELIVERED,WALLET,5819.76,835.29,49.0,1084.74,6118.21,Rs,2026-09-27 09:00:00
ORD00012315,CUST002764,2026-09-02 18:00:00,SHIPPED,COD,731.8,39.34,79.0,1077.89,1849.35,Rs,2026-09-27 09:00:00
ORD00012316,CUST000225,2026-09-29 20:00:00,DELIVERED,CARD,2599.63,540.92,0.0,1279.98,3338.69,inr,2026-09-27 09:00:00
ORD00012317,CUST000368,2026-09-23 08:00:00,SHIPPED,COD,619.93,833.6,79.0,1150.8,1016.13,Rs,2026-09-27 09:00:00
ORD00012318,CUST004556,2026-09-02 17:00:00,DELIVERED,UPI,302.36,138.76,149.0,337.48,650.08,Rs,2026-09-27 09:00:00
ORD00012319,CUST000026,2026-08-21 06:00:00,PLACED,CARD,4559.36,898.68,49.0,61.92,3771.6,INR ,2026-09-27 09:00:00
ORD00012320,CUST000841,2026-09-03 06:00:00,SHIPPED,NETBANKING,1172.29,983.8,79.0,400.21,667.7,inr,2026-09-27 09:00:00
ORD00012321,CUST004551,2026-09-07 11:00:00,SHIPPED,NETBANKING,1226.08,212.26,99.0,1222.61,2335.43,Rs,2026-09-27 09:00:00
ORD00012322,CUST003950,2026-08-31 13:00:00,PAID,UPI,1703.28,670.93,149.0,1315.2,2496.55,Rs,2026-09-27 09:00:00
ORD00012323,CUST002118,2026-09-24 16:00:00,SHIPPED,WALLET,1615.86,610.33,0.0,160.53,1166.06,INR,2026-09-27 09:00:00
ORD00012324,CUST002187,2026-09-03 18:00:00,PAID,NETBANKING,1189.14,952.11,149.0,936.65,1322.68,Rs,2026-09-27 09:00:00
ORD00012325,CUST001663,2026-09-25 14:00:00,PLACED,NETBANKING,1088.25,355.44,149.0,1493.41,2375.22,INR,2026-09-27 09:00:00
ORD00012326,CUST002332,2026-09-10 17:00:00,DELIVERED,WALLET,1060.75,461.62,149.0,337.15,1085.28,inr,2026-09-27 09:00:00
ORD00012327,CUST000175,2026-09-07 05:00:00,SHIPPED,NETBANKING,1517.28,118.21,99.0,952.33,2450.4,INR ,2026-09-27 09:00:00
ORD00012328,CUST004122,2026-08-04 21:00:00,DELIVERED,COD,1309.28,736.79,79.0,656.89,1308.38,INR ,2026-09-27 09:00:00
ORD00012329,CUST001409,2026-09-16 16:00:00,SHIPPED,COD,609.41,214.31,149.0,633.54,1177.64,INR,2026-09-27 09:00:00
ORD00012330,CUST001399,2026-09-03 09:00:00,DELIVERED,WALLET,673.13,621.93,79.0,631.77,761.97,inr,2026-09-27 09:00:00
ORD00012331,CUST004499,2026-09-13 22:00:00,DELIVERED,WALLET,1392.26,274.93,79.0,496.41,1692.74,Rs,2026-09-27 09:00:00
ORD00012332,CUST000660,2026-08-18 22:00:00,DELIVERED,NETBANKING,1354.33,659.08,99.0,918.05,1712.3,inr,2026-09-27 09:00:00
ORD00012333,CUST000962,2026-09-03 02:00:00,DELIVERED,CARD,1886.71,250.12,99.0,715.18,2450.77,inr,2026-09-27 09:00:00
ORD00012334,CUST003081,2026-09-28 17:00:00,DELIVERED,WALLET,1317.14,523.33,0.0,1497.2,2291.01,INR ,2026-09-27 09:00:00
ORD00012335,CUST003118,2026-08-19 04:00:00,DELIVERED,COD,1774.21,946.36,149.0,175.57,1152.42,INR ,2026-09-27 09:00:00
ORD00012336,CUST000960,2026-08-05 13:00:00,PLACED,COD,949.05,132.58,99.0,109.01,1024.48,Rs,2026-09-27 09:00:00
ORD00012337,CUST002370,2026-08-17 04:00:00,DELIVERED,CARD,828.27,91.69,0.0,624.77,1361.35,INR ,2026-09-27 09:00:00
ORD00012338,CUST003850,2026-09-11 09:00:00,SHIPPED,CARD,2459.55,534.39,99.0,27.84,2052.0,Rs,2026-09-27 09:00:00
ORD00012339,CUST003903,2026-08-19 16:00:00,PLACED,COD,571.96,904.51,79.0,849.83,596.28,INR ,2026-09-27 09:00:00
ORD00012340,CUST001728,2026-08-07 06:00:00,DELIVERED,UPI,917.43,179.96,49.0,1186.85,1973.32,INR,2026-09-27 09:00:00
ORD00012341,CUST004513,2026-08-08 22:00:00,DELIVERED,COD,782.99,914.07,49.0,1195.66,1113.58,inr,2026-09-27 09:00:00
ORD00012342,CUST003036,2026-09-18 11:00:00,SHIPPED,WALLET,304.21,695.85,49.0,222.15,-120.49,Rs,2026-09-27 09:00:00
ORD00012343,CUST002630,2026-09-02 01:00:00,SHIPPED,NETBANKING,1267.7,563.61,149.0,79.73,932.82,INR ,2026-09-27 09:00:00
ORD00012344,CUST005362,2026-08-30 05:00:00,SHIPPED,CARD,2629.95,736.71,0.0,98.25,1991.49,Rs,2026-09-27 09:00:00
ORD00012345,CUST003164,2026-09-18 20:00:00,SHIPPED,CARD,595.87,619.73,149.0,1167.63,1292.77,INR ,2026-09-27 09:00:00
ORD00012346,CUST001068,2026-09-07 21:00:00,DELIVERED,COD,1239.24,592.38,79.0,851.17,1577.03,Rs,2026-09-27 09:00:00
ORD00012347,CUST001793,2026-08-08 19:00:00,PLACED,WALLET,1621.0,71.26,0.0,1231.32,2781.06,INR ,2026-09-27 09:00:00
ORD00012348,CUST004267,2026-09-04 16:00:00,PAID,WALLET,4866.36,435.0,79.0,512.14,5022.5,inr,2026-09-27 09:00:00
ORD00012349,CUST003354,2026-09-20 17:00:00,DELIVERED,UPI,1573.2,989.55,79.0,1481.58,2144.23,INR ,2026-09-27 09:00:00
ORD00012350,CUST005354,2026-09-12 03:00:00,DELIVERED,COD,783.7,753.7,79.0,1167.65,1276.65,INR,2026-09-27 09:00:00
ORD00012351,CUST003412,2026-08-11 07:00:00,PAID,NETBANKING,3111.14,720.42,149.0,139.71,2679.43,inr ,2026-09-27 09:00:00
ORD00012352,CUST000561,2026-08-15 00:00:00,DELIVERED,NETBANKING,1185.61,203.31,49.0,1402.74,2434.04,INR,2026-09-27 09:00:00
ORD00012353,CUST002944,2026-08-06 08:00:00,DELIVERED,NETBANKING,2963.26,223.48,149.0,1001.68,3890.46,INR ,2026-09-27 09:00:00
ORD00012354,CUST001061,2026-09-18 13:00:00,PAID,COD,844.93,860.95,49.0,232.82,265.8,INR,2026-09-27 09:00:00
ORD00012355,CUST005256,2026-09-03 03:00:00,PAID,UPI,1498.91,949.99,79.0,381.65,1009.57,Rs,2026-09-27 09:00:00
ORD00012356,CUST000580,2026-08-10 09:00:00,PAID,COD,918.9,820.79,79.0,498.3,675.41,INR ,2026-09-27 09:00:00
ORD00012357,CUST000771,2026-08-23 08:00:00,DELIVERED,NETBANKING,1195.44,561.28,49.0,1487.19,2170.35,INR ,2026-09-27 09:00:00
ORD00012358,CUST004011,2026-09-02 13:00:00,SHIPPED,CARD,1990.45,245.36,79.0,1159.59,2983.68,Rs,2026-09-27 09:00:00
ORD00012359,CUST003135,2026-09-13 21:00:00,DELIVERED,COD,1747.24,991.38,0.0,944.57,1700.43,INR ,2026-09-27 09:00:00
ORD00012360,CUST004369,2026-08-12 11:00:00,SHIPPED,UPI,796.12,429.86,149.0,911.6,1426.86,Rs,2026-09-27 09:00:00
ORD00012361,CUST002759,2026-09-02 00:00:00,PLACED,CARD,780.54,485.39,79.0,964.33,1338.48,inr,2026-09-27 09:00:00
ORD00012362,CUST003772,2026-08-05 09:00:00,PLACED,CARD,1500.08,972.6,49.0,1283.21,1859.69,Rs,2026-09-27 09:00:00
ORD00012363,CUST000349,2026-09-27 02:00:00,PAID,NETBANKING,785.61,974.93,99.0,43.89,-46.43,INR,2026-09-27 09:00:00
ORD00012364,CUST005088,2026-08-17 06:00:00,SHIPPED,CARD,1790.28,678.73,79.0,362.75,1553.3,INR ,2026-09-27 09:00:00
ORD00012365,CUST002444,2026-09-10 17:00:00,PAID,NETBANKING,430.54,953.15,49.0,813.19,339.58,inr,2026-09-27 09:00:00
ORD00012366,CUST002453,2026-08-20 00:00:00,SHIPPED,NETBANKING,5392.06,771.37,0.0,92.26,4712.95,Rs,2026-09-27 09:00:00
ORD00012367,CUST003589,2026-09-16 06:00:00,SHIPPED,CARD,2391.29,651.69,49.0,497.09,2285.69,Rs,2026-09-27 09:00:00
ORD00012368,CUST003075,2026-08-04 18:00:00,PAID,UPI,1225.73,719.42,79.0,1039.94,1625.25,INR,2026-09-27 09:00:00
ORD00012369,CUST002497,2026-09-03 08:00:00,PAID,NETBANKING,1011.65,907.65,0.0,1149.88,1253.88,INR,2026-09-27 09:00:00
ORD00012370,CUST000052,2026-09-01 17:00:00,DELIVERED,UPI,929.77,262.85,0.0,1220.69,1887.61,Rs,2026-09-27 09:00:00
ORD00012371,CUST001833,2026-08-12 01:00:00,SHIPPED,UPI,623.29,257.56,79.0,28.02,472.75,INR,2026-09-27 09:00:00
ORD00012372,CUST001239,2026-08-06 07:00:00,PLACED,NETBANKING,1993.58,559.11,99.0,1313.73,2847.2,INR,2026-09-27 09:00:00
ORD00012373,CUST002234,2026-08-30 01:00:00,SHIPPED,UPI,1693.98,354.67,49.0,507.54,1895.85,inr,2026-09-27 09:00:00
ORD00012374,CUST002483,2026-09-28 16:00:00,DELIVERED,UPI,916.34,755.22,149.0,1250.36,1560.48,INR,2026-09-27 09:00:00
ORD00012375,CUST002880,2026-08-27 12:00:00,DELIVERED,NETBANKING,805.26,150.77,49.0,20.03,723.52,inr,2026-09-27 09:00:00
ORD00012376,CUST000049,2026-08-25 12:00:00,DELIVERED,CARD,714.0,610.18,79.0,462.03,644.85,INR,2026-09-27 09:00:00
ORD00012377,CUST002876,2026-08-29 22:00:00,DELIVERED,UPI,216.16,94.58,79.0,531.11,731.69,inr,2026-09-27 09:00:00
ORD00012378,CUST001256,2026-08-04 08:00:00,SHIPPED,CARD,1324.41,31.64,0.0,721.55,2014.32,INR ,2026-09-27 09:00:00
ORD00012379,CUST004072,2026-08-22 07:00:00,DELIVERED,WALLET,1415.27,467.22,79.0,1274.0,2301.05,INR,2026-09-27 09:00:00
ORD00012380,CUST005418,2026-09-06 11:00:00,PLACED,NETBANKING,891.14,803.68,79.0,474.38,640.84,INR ,2026-09-27 09:00:00
ORD00012381,CUST004364,2026-08-03 16:00:00,PLACED,CARD,2036.62,643.36,49.0,1196.5,2638.76,inr,2026-09-27 09:00:00
ORD00012382,CUST002189,2026-08-13 14:00:00,PAID,NETBANKING,3597.62,474.17,149.0,485.0,3757.45,inr,2026-09-27 09:00:00
ORD00012383,CUST001969,2026-09-24 07:00:00,DELIVERED,NETBANKING,916.34,476.05,99.0,979.55,1518.84,Rs,2026-09-27 09:00:00
ORD00012384,CUST004950,2026-08-11 02:00:00,DELIVERED,WALLET,1277.84,611.34,0.0,421.21,1087.71,Rs,2026-09-27 09:00:00
ORD00012385,CUST005453,2026-09-02 18:00:00,PAID,NETBANKING,1514.7,785.36,79.0,1036.23,1844.57,INR,2026-09-27 09:00:00
ORD00012386,CUST000115,2026-08-04 09:00:00,PAID,CARD,449.41,353.11,0.0,1485.33,1581.63,inr,2026-09-27 09:00:00
ORD00012387,CUST003494,2026-09-02 21:00:00,DELIVERED,UPI,706.66,275.61,99.0,1136.73,1666.78,Rs,2026-09-27 09:00:00
ORD00012388,CUST005458,2026-08-05 21:00:00,PLACED,WALLET,341.16,969.23,0.0,1036.01,407.94,Rs,2026-09-27 09:00:00
ORD00012389,CUST004429,2026-09-27 18:00:00,PAID,UPI,1491.04,394.39,49.0,1207.9,2353.55,inr,2026-09-27 09:00:00
ORD00012390,CUST002543,2026-08-09 11:00:00,SHIPPED,NETBANKING,566.29,219.5,79.0,1441.52,1867.31,inr,2026-09-27 09:00:00
ORD00012391,CUST002449,2026-09-02 20:00:00,DELIVERED,UPI,873.44,604.45,0.0,452.21,721.2,inr,2026-09-27 09:00:00
ORD00012392,CUST001372,2026-08-23 07:00:00,DELIVERED,COD,771.0,523.98,149.0,1015.86,1411.88,inr,2026-09-27 09:00:00
ORD00012393,CUST001035,2026-09-04 19:00:00,DELIVERED,CARD,536.83,828.19,0.0,31.67,-259.69,INR ,2026-09-27 09:00:00
ORD00012394,CUST003842,2026-08-17 09:00:00,PLACED,UPI,684.05,545.3,149.0,1029.17,1316.92,INR,2026-09-27 09:00:00
ORD00012395,CUST000460,2026-08-05 10:00:00,DELIVERED,NETBANKING,880.72,426.67,79.0,541.67,1074.72,Rs,2026-09-27 09:00:00
ORD00012396,CUST003214,2026-09-26 20:00:00,DELIVERED,WALLET,1874.59,941.38,149.0,652.48,1734.69,inr,2026-09-27 09:00:00
ORD00012397,CUST004412,2026-09-25 14:00:00,DELIVERED,WALLET,988.72,968.08,49.0,810.85,880.49,Rs,2026-09-27 09:00:00
ORD00012398,CUST004783,2026-09-04 23:00:00,DELIVERED,CARD,279.99,218.95,0.0,25.31,86.35,inr,2026-09-27 09:00:00
ORD00012399,CUST000503,2026-08-17 14:00:00,DELIVERED,WALLET,1284.26,398.56,0.0,1098.61,1984.31,INR ,2026-09-27 09:00:00
ORD00012400,CUST004625,2026-09-21 05:00:00,PLACED,NETBANKING,472.53,103.34,99.0,1290.78,1758.97,inr,2026-09-27 09:00:00
ORD00012401,CUST000529,2026-09-20 20:00:00,DELIVERED,NETBANKING,1139.81,447.15,149.0,1397.97,2239.63,INR ,2026-09-27 09:00:00
ORD00012402,CUST002119,2026-08-02 18:00:00,PLACED,NETBANKING,652.92,222.69,149.0,598.6,1177.83,Rs,2026-09-27 09:00:00
ORD00012403,CUST000081,2026-09-25 20:00:00,PLACED,COD,1189.93,939.09,0.0,483.44,734.28,INR,2026-09-27 09:00:00
ORD00012404,CUST002925,2026-09-04 14:00:00,DELIVERED,UPI,2676.83,435.61,79.0,466.1,2786.32,Rs,2026-09-27 09:00:00
ORD00012405,CUST002424,2026-08-06 22:00:00,DELIVERED,CARD,322.0,935.51,149.0,703.55,239.04,INR,2026-09-27 09:00:00
ORD00012406,CUST003606,2026-09-03 21:00:00,PAID,CARD,590.18,662.58,0.0,780.6,708.2,INR,2026-09-27 09:00:00
ORD00012407,CUST001212,2026-08-25 20:00:00,PAID,NETBANKING,906.09,872.4,0.0,374.49,408.18,INR,2026-09-27 09:00:00
ORD00012408,CUST001627,2026-08-01 19:00:00,DELIVERED,UPI,916.71,790.14,79.0,815.3,1020.87,INR,2026-09-27 09:00:00
ORD00012409,CUST003906,2026-08-01 08:00:00,SHIPPED,CARD,595.89,726.41,49.0,786.83,705.31,INR,2026-09-27 09:00:00
ORD00012410,CUST003016,2026-09-25 20:00:00,PLACED,NETBANKING,734.86,182.23,79.0,919.64,1551.27,Rs,2026-09-27 09:00:00
ORD00012411,CUST003016,2026-08-28 13:00:00,PAID,COD,3224.23,209.5,0.0,1261.73,4276.46,INR,2026-09-27 09:00:00
ORD00012412,CUST002714,2026-08-02 04:00:00,DELIVERED,CARD,404.61,144.66,149.0,967.08,1376.03,inr,2026-09-27 09:00:00
ORD00012413,CUST000651,2026-08-29 06:00:00,PLACED,NETBANKING,5888.5,49.03,99.0,907.98,6846.45,Rs,2026-09-27 09:00:00
ORD00012414,CUST003760,2026-08-21 23:00:00,DELIVERED,CARD,2032.23,200.8,99.0,636.05,2566.48,INR,2026-09-27 09:00:00
ORD00012415,CUST001868,2026-08-06 12:00:00,PAID,UPI,919.7,936.88,99.0,530.9,612.72,inr,2026-09-27 09:00:00
ORD00012416,CUST004567,2026-09-06 16:00:00,DELIVERED,CARD,837.64,866.48,79.0,1063.64,1113.8,inr,2026-09-27 09:00:00
ORD00012417,CUST001168,2026-08-16 04:00:00,DELIVERED,NETBANKING,1209.32,566.96,49.0,1336.38,2027.74,Rs,2026-09-27 09:00:00
ORD00012418,CUST000771,2026-09-13 11:00:00,DELIVERED,NETBANKING,2874.07,281.44,149.0,995.08,3736.71,inr,2026-09-27 09:00:00
ORD00012419,CUST002023,2026-08-13 11:00:00,PAID,COD,472.41,421.01,79.0,374.74,505.14,inr,2026-09-27 09:00:00
ORD00012420,CUST001775,2026-09-29 06:00:00,PLACED,CARD,1025.98,908.51,0.0,1198.48,1315.95,INR,2026-09-27 09:00:00
ORD00012421,CUST001904,2026-09-01 18:00:00,PAID,NETBANKING,851.82,126.78,99.0,429.66,1253.7,Rs,2026-09-27 09:00:00
ORD00012422,CUST002596,2026-09-21 15:00:00,DELIVERED,UPI,2051.1,983.42,79.0,1120.6,2267.28,inr,2026-09-27 09:00:00
ORD00012423,CUST000961,2026-09-23 11:00:00,DELIVERED,COD,4385.43,929.13,79.0,613.06,4148.36,INR,2026-09-27 09:00:00
ORD00012424,CUST003732,2026-09-16 17:00:00,PAID,UPI,1064.76,669.35,99.0,822.17,1316.58,INR ,2026-09-27 09:00:00
ORD00012425,CUST002258,2026-08-06 11:00:00,SHIPPED,COD,855.18,235.59,79.0,449.56,1148.15,INR,2026-09-27 09:00:00
ORD00012426,CUST001674,2026-09-21 04:00:00,PLACED,WALLET,1798.75,416.2,79.0,823.16,2284.71,INR,2026-09-27 09:00:00
ORD00012427,CUST000732,2026-08-14 17:00:00,SHIPPED,WALLET,827.89,335.98,49.0,599.27,1140.18,INR ,2026-09-27 09:00:00
ORD00012428,CUST004910,2026-09-23 23:00:00,SHIPPED,CARD,1872.07,980.75,0.0,848.68,1740.0,INR ,2026-09-27 09:00:00
ORD00012429,CUST005403,2026-08-06 20:00:00,PLACED,COD,428.08,299.08,149.0,1137.23,1415.23,inr,2026-09-27 09:00:00
ORD00012430,CUST001536,2026-08-08 23:00:00,DELIVERED,CARD,943.53,295.93,149.0,460.35,1256.95,Rs,2026-09-27 09:00:00
ORD00012431,CUST005059,2026-09-08 00:00:00,SHIPPED,NETBANKING,768.58,811.05,0.0,1165.02,1122.55,INR ,2026-09-27 09:00:00
ORD00012432,CUST000337,2026-08-12 08:00:00,PAID,COD,4661.34,518.75,79.0,803.37,5024.96,INR,2026-09-27 09:00:00
ORD00012433,CUST004941,2026-08-07 09:00:00,DELIVERED,UPI,1353.39,750.18,49.0,1164.8,1817.01,INR,2026-09-27 09:00:00
ORD00012434,CUST003093,2026-08-11 18:00:00,DELIVERED,UPI,670.86,843.25,79.0,1232.09,1138.7,INR,2026-09-27 09:00:00
ORD00012435,CUST003706,2026-09-16 10:00:00,DELIVERED,CARD,1961.38,203.52,149.0,1030.4,2937.26,inr,2026-09-27 09:00:00
ORD00012436,CUST000604,2026-09-03 20:00:00,PLACED,WALLET,862.63,480.61,149.0,1279.31,1810.33,inr,2026-09-27 09:00:00
ORD00012437,CUST001782,2026-09-24 15:00:00,DELIVERED,NETBANKING,591.85,1.62,99.0,1223.8,1913.03,INR,2026-09-27 09:00:00
ORD00012438,CUST004990,2026-08-23 06:00:00,DELIVERED,COD,1391.66,467.67,149.0,683.47,1756.46,INR,2026-09-27 09:00:00
ORD00012439,CUST000205,2026-09-15 11:00:00,DELIVERED,CARD,1492.4,826.17,79.0,1158.98,1904.21,inr,2026-09-27 09:00:00
ORD00012440,CUST001923,2026-08-17 16:00:00,DELIVERED,UPI,684.73,166.24,0.0,812.3,1330.79,INR,2026-09-27 09:00:00
ORD00012441,CUST001313,2026-08-01 20:00:00,DELIVERED,COD,1142.42,549.86,49.0,825.13,1466.69,Rs,2026-09-27 09:00:00
ORD00012442,CUST001329,2026-09-21 14:00:00,PAID,CARD,1300.11,591.21,49.0,901.15,1659.05,inr,2026-09-27 09:00:00
ORD00012443,CUST000908,2026-09-16 15:00:00,PAID,UPI,3010.77,446.35,149.0,1093.8,3807.22,INR ,2026-09-27 09:00:00
ORD00012444,CUST003276,2026-09-06 07:00:00,DELIVERED,CARD,1194.13,106.42,0.0,462.8,1550.51,INR,2026-09-27 09:00:00
ORD00012445,CUST004083,2026-09-11 15:00:00,PAID,COD,990.6,233.44,99.0,879.17,1735.33,Rs,2026-09-27 09:00:00
ORD00012446,CUST000379,2026-08-21 11:00:00,DELIVERED,COD,731.94,490.73,49.0,1295.42,1585.63,INR,2026-09-27 09:00:00
ORD00012447,CUST000539,2026-09-03 08:00:00,DELIVERED,COD,1001.9,851.37,0.0,1327.16,1477.69,INR,2026-09-27 09:00:00
ORD00012448,CUST002287,2026-08-27 20:00:00,DELIVERED,COD,923.51,555.1,0.0,331.48,699.89,inr,2026-09-27 09:00:00
ORD00012449,CUST003777,2026-08-21 04:00:00,PAID,COD,1158.92,423.64,149.0,61.05,945.33,inr,2026-09-27 09:00:00
ORD00012450,CUST002739,2026-09-15 03:00:00,DELIVERED,UPI,2220.11,877.13,149.0,554.71,2046.69,INR,2026-09-27 09:00:00
ORD00012451,CUST003647,2026-08-12 16:00:00,DELIVERED,NETBANKING,2293.19,894.44,49.0,877.4,2325.15,INR,2026-09-27 09:00:00
ORD00012452,CUST001061,2026-09-19 03:00:00,PLACED,NETBANKING,571.64,177.2,49.0,1085.47,1528.91,INR,2026-09-27 09:00:00
ORD00012453,CUST003287,2026-08-23 10:00:00,DELIVERED,UPI,1889.89,873.7,79.0,1461.61,2556.8,INR ,2026-09-27 09:00:00
ORD00012454,CUST002353,2026-09-14 18:00:00,DELIVERED,COD,1273.85,247.49,149.0,1326.4,2501.76,Rs,2026-09-27 09:00:00
ORD00012455,CUST002843,2026-08-21 06:00:00,DELIVERED,WALLET,1949.03,582.07,49.0,1081.56,2497.52,inr,2026-09-27 09:00:00
ORD00012456,CUST001782,2026-08-07 03:00:00,DELIVERED,NETBANKING,1692.63,126.9,99.0,768.47,2433.2,INR,2026-09-27 09:00:00
ORD00012457,CUST004967,2026-08-01 14:00:00,DELIVERED,COD,346.91,571.32,49.0,707.02,531.61,INR,2026-09-27 09:00:00
ORD00012458,CUST003744,2026-08-19 06:00:00,DELIVERED,WALLET,397.13,955.7,49.0,81.62,-427.95,inr,2026-09-27 09:00:00
ORD00012459,CUST001512,2026-09-06 05:00:00,PAID,COD,1506.65,906.85,149.0,959.76,1708.56,INR,2026-09-27 09:00:00
ORD00012460,CUST002123,2026-08-08 16:00:00,PLACED,NETBANKING,4344.23,132.24,79.0,471.81,4762.8,Rs,2026-09-27 09:00:00
ORD00012461,CUST004024,2026-09-08 12:00:00,DELIVERED,NETBANKING,1528.17,126.04,0.0,660.63,2062.76,inr,2026-09-27 09:00:00
ORD00012462,CUST003452,2026-08-24 03:00:00,DELIVERED,CARD,473.1,20.18,99.0,1133.99,1685.91,INR,2026-09-27 09:00:00
ORD00012463,CUST000888,2026-08-12 01:00:00,DELIVERED,COD,945.35,694.79,0.0,863.73,1114.29,Rs,2026-09-27 09:00:00
ORD00012464,CUST000542,2026-08-23 02:00:00,DELIVERED,CARD,923.17,234.08,149.0,1311.58,2149.67,inr,2026-09-27 09:00:00
ORD00012465,CUST003577,2026-08-18 17:00:00,DELIVERED,COD,965.05,945.22,149.0,577.38,746.21,inr,2026-09-27 09:00:00
ORD00012466,CUST005142,2026-09-01 13:00:00,PLACED,NETBANKING,2948.48,688.47,99.0,776.71,3135.72,INR,2026-09-27 09:00:00
ORD00012467,CUST001092,2026-09-01 13:00:00,DELIVERED,UPI,746.29,498.9,149.0,1127.76,1524.15,inr,2026-09-27 09:00:00
ORD00012468,CUST003976,2026-08-08 14:00:00,DELIVERED,CARD,2661.17,597.5,0.0,309.01,2372.68,INR ,2026-09-27 09:00:00
ORD00012469,CUST005470,2026-08-22 15:00:00,DELIVERED,WALLET,1759.42,182.68,0.0,478.19,2054.93,Rs,2026-09-27 09:00:00
ORD00012470,CUST002958,2026-09-17 04:00:00,PAID,CARD,1001.25,887.02,0.0,1225.46,1339.69,INR,2026-09-27 09:00:00
ORD00012471,CUST001285,2026-09-24 06:00:00,PLACED,CARD,3530.4,640.4,79.0,835.21,3804.21,INR,2026-09-27 09:00:00
ORD00012472,CUST005147,2026-08-14 12:00:00,DELIVERED,CARD,3731.92,797.4,99.0,1169.19,4202.71,Rs,2026-09-27 09:00:00
ORD00012473,CUST002247,2026-08-21 14:00:00,DELIVERED,COD,735.57,896.04,149.0,272.84,261.37,inr,2026-09-27 09:00:00
ORD00012474,CUST002312,2026-08-20 16:00:00,DELIVERED,UPI,826.98,897.22,79.0,39.12,47.88,Rs,2026-09-27 09:00:00
ORD00012475,CUST004765,2026-09-17 12:00:00,DELIVERED,UPI,647.7,923.29,49.0,975.36,748.77,inr,2026-09-27 09:00:00
ORD00012476,CUST002348,2026-08-13 02:00:00,PAID,CARD,3558.43,161.08,99.0,867.5,4363.85,inr,2026-09-27 09:00:00
ORD00012477,CUST003173,2026-09-12 04:00:00,PAID,CARD,683.79,546.67,99.0,1331.41,1567.53,Rs,2026-09-27 09:00:00
ORD00012478,CUST005158,2026-09-01 00:00:00,SHIPPED,CARD,2277.35,497.85,149.0,674.92,2603.42,Rs,2026-09-27 09:00:00
ORD00012479,CUST003270,2026-08-21 19:00:00,DELIVERED,WALLET,1759.96,776.05,149.0,757.98,1890.89,inr,2026-09-27 09:00:00
ORD00012480,CUST000689,2026-09-11 07:00:00,DELIVERED,COD,697.78,238.51,99.0,924.23,1482.5,INR,2026-09-27 09:00:00
ORD00012481,CUST001467,2026-08-29 03:00:00,DELIVERED,UPI,595.06,680.65,79.0,104.33,97.74,INR,2026-09-27 09:00:00
ORD00012482,CUST004197,2026-09-16 16:00:00,PAID,NETBANKING,416.96,306.55,0.0,1445.21,1555.62,Rs,2026-09-27 09:00:00
ORD00012483,CUST000479,2026-08-29 19:00:00,DELIVERED,COD,1233.28,756.64,79.0,1359.43,1915.07,Rs,2026-09-27 09:00:00
ORD00012484,CUST000719,2026-09-09 08:00:00,PLACED,COD,958.0,741.65,99.0,779.2,1094.55,INR ,2026-09-27 09:00:00
ORD00012485,CUST002581,2026-08-08 20:00:00,PAID,WALLET,1034.47,468.74,99.0,725.52,1390.25,Rs,2026-09-27 09:00:00
ORD00012486,CUST003062,2026-08-25 08:00:00,DELIVERED,COD,1350.39,67.84,99.0,352.94,1734.49,INR,2026-09-27 09:00:00
ORD00012487,CUST004731,2026-09-17 00:00:00,SHIPPED,UPI,3524.13,987.64,0.0,54.81,2591.3,inr,2026-09-27 09:00:00
ORD00012488,CUST002502,2026-09-07 02:00:00,SHIPPED,UPI,1510.48,582.44,0.0,815.91,1743.95,Rs,2026-09-27 09:00:00
ORD00012489,CUST002873,2026-08-05 05:00:00,PLACED,COD,982.57,330.46,0.0,237.46,889.57,INR ,2026-09-27 09:00:00
ORD00012490,CUST001984,2026-09-13 19:00:00,PAID,UPI,1355.68,316.6,49.0,1475.34,2563.42,inr,2026-09-27 09:00:00
ORD00012491,CUST000816,2026-08-02 07:00:00,DELIVERED,UPI,544.29,465.47,49.0,274.15,401.97,INR ,2026-09-27 09:00:00
ORD00012492,CUST003620,2026-09-14 13:00:00,SHIPPED,CARD,2565.31,922.0,79.0,1007.09,2729.4,Rs,2026-09-27 09:00:00
ORD00012493,CUST000681,2026-09-22 18:00:00,DELIVERED,NETBANKING,722.22,576.55,149.0,1047.06,1341.73,INR,2026-09-27 09:00:00
ORD00012494,CUST003836,2026-08-04 14:00:00,DELIVERED,CARD,594.75,157.6,49.0,1046.96,1533.11,inr,2026-09-27 09:00:00
ORD00012495,CUST004888,2026-08-11 04:00:00,SHIPPED,NETBANKING,1885.99,853.12,79.0,136.81,1248.68,inr,2026-09-27 09:00:00
ORD00012496,CUST002880,2026-08-08 22:00:00,DELIVERED,NETBANKING,2205.43,643.24,49.0,972.68,2583.87,INR,2026-09-27 09:00:00
ORD00012497,CUST004664,2026-09-15 15:00:00,PAID,COD,2385.86,773.12,49.0,775.37,2437.11,INR,2026-09-27 09:00:00
ORD00012498,CUST004651,2026-09-28 18:00:00,DELIVERED,UPI,3293.74,384.65,49.0,825.89,3783.98,inr,2026-09-27 09:00:00
ORD00012499,CUST000296,2026-09-23 19:00:00,DELIVERED,UPI,764.86,676.11,99.0,888.87,1076.62,INR ,2026-09-27 09:00:00
ORD00012500,CUST002732,2026-08-27 01:00:00,DELIVERED,CARD,5088.73,154.02,79.0,1282.95,6296.66,Rs,2026-09-27 09:00:00
ORD00012501,CUST004422,2026-08-14 10:00:00,PAID,UPI,1756.03,108.76,0.0,303.44,1950.71,INR ,2026-09-27 09:00:00
ORD00012502,CUST002234,2026-09-09 00:00:00,PLACED,CARD,588.89,981.62,0.0,304.09,-88.64,INR ,2026-09-27 09:00:00
ORD00012503,CUST004397,2026-08-07 04:00:00,SHIPPED,COD,833.26,922.18,79.0,555.97,546.05,Rs,2026-09-27 09:00:00
ORD00012504,CUST004105,2026-08-17 18:00:00,DELIVERED,WALLET,917.52,960.77,149.0,1009.26,1115.01,INR ,2026-09-27 09:00:00
ORD00012505,CUST001023,2026-09-29 10:00:00,DELIVERED,UPI,1059.47,922.61,99.0,1104.81,1340.67,Rs,2026-09-27 09:00:00
ORD00012506,CUST004429,2026-08-28 01:00:00,DELIVERED,UPI,1320.68,643.32,0.0,645.2,1322.56,INR,2026-09-27 09:00:00
ORD00012507,CUST002808,2026-09-04 16:00:00,SHIPPED,UPI,1613.66,593.51,0.0,409.35,1429.5,INR,2026-09-27 09:00:00
ORD00012508,CUST000445,2026-09-24 02:00:00,PAID,CARD,912.73,958.79,99.0,248.65,301.59,Rs,2026-09-27 09:00:00
ORD00012509,CUST005085,2026-08-17 05:00:00,DELIVERED,UPI,1320.73,786.34,79.0,1116.5,1729.89,INR,2026-09-27 09:00:00
ORD00012510,CUST000330,2026-09-13 11:00:00,DELIVERED,UPI,3407.09,203.71,49.0,1039.61,4291.99,Rs,2026-09-27 09:00:00
ORD00012511,CUST001481,2026-08-31 07:00:00,DELIVERED,CARD,2296.15,995.89,149.0,1382.49,2831.75,INR,2026-09-27 09:00:00
ORD00012512,CUST001117,2026-08-12 06:00:00,DELIVERED,CARD,2568.71,829.59,0.0,1078.12,2817.24,inr,2026-09-27 09:00:00
ORD00012513,CUST001452,2026-09-03 07:00:00,PAID,NETBANKING,1122.2,390.44,79.0,484.3,1295.06,inr,2026-09-27 09:00:00
ORD00012514,CUST000002,2026-08-27 15:00:00,DELIVERED,COD,975.91,11.01,149.0,297.58,1411.48,inr,2026-09-27 09:00:00
ORD00012515,CUST005044,2026-09-04 11:00:00,DELIVERED,COD,2007.26,333.49,99.0,1125.61,2898.38,Rs,2026-09-27 09:00:00
ORD00012516,CUST001782,2026-09-22 10:00:00,PAID,COD,1065.29,859.08,149.0,766.04,1121.25,INR,2026-09-27 09:00:00
ORD00012517,CUST005072,2026-09-24 02:00:00,DELIVERED,COD,651.62,283.6,149.0,1319.28,1836.3,Rs,2026-09-27 09:00:00
ORD00012518,CUST004284,2026-09-29 18:00:00,DELIVERED,WALLET,2389.28,981.74,149.0,734.54,2291.08,Rs,2026-09-27 09:00:00
ORD00012519,CUST004157,2026-09-07 19:00:00,SHIPPED,COD,2264.52,926.71,79.0,1250.06,2666.87,inr,2026-09-27 09:00:00
ORD00012520,CUST001129,2026-08-03 08:00:00,SHIPPED,COD,524.11,765.16,149.0,396.49,304.44,INR ,2026-09-27 09:00:00
ORD00012521,CUST004577,2026-08-14 15:00:00,PAID,CARD,733.1,663.42,99.0,1263.7,1432.38,Rs,2026-09-27 09:00:00
ORD00012522,CUST003665,2026-08-08 08:00:00,DELIVERED,CARD,2002.9,404.38,149.0,1268.9,3016.42,INR ,2026-09-27 09:00:00
ORD00012523,CUST000552,2026-08-05 07:00:00,PAID,CARD,361.44,984.83,49.0,123.42,-450.97,INR ,2026-09-27 09:00:00
ORD00012524,CUST003354,2026-09-19 18:00:00,DELIVERED,UPI,2526.68,724.11,99.0,184.94,2086.51,Rs,2026-09-27 09:00:00
ORD00012525,CUST000051,2026-08-24 02:00:00,DELIVERED,CARD,2099.95,122.68,99.0,1363.29,3439.56,Rs,2026-09-27 09:00:00
ORD00012526,CUST004262,2026-09-20 23:00:00,SHIPPED,COD,2052.89,417.16,99.0,1372.76,3107.49,INR ,2026-09-27 09:00:00
ORD00012527,CUST004883,2026-08-14 14:00:00,DELIVERED,UPI,607.75,108.0,149.0,315.47,964.22,Rs,2026-09-27 09:00:00
ORD00012528,CUST002690,2026-09-08 14:00:00,SHIPPED,CARD,689.51,989.89,49.0,771.07,519.69,Rs,2026-09-27 09:00:00
ORD00012529,CUST002094,2026-08-02 05:00:00,DELIVERED,UPI,573.42,312.39,99.0,636.45,996.48,Rs,2026-09-27 09:00:00
ORD00012530,CUST002887,2026-08-21 04:00:00,PAID,NETBANKING,1461.76,689.13,49.0,236.48,1058.11,INR ,2026-09-27 09:00:00
ORD00012531,CUST003956,2026-09-14 00:00:00,DELIVERED,NETBANKING,718.61,478.04,0.0,975.26,1215.83,INR ,2026-09-27 09:00:00
ORD00012532,CUST004507,2026-08-28 03:00:00,DELIVERED,COD,1445.33,998.17,99.0,464.3,1010.46,INR ,2026-09-27 09:00:00
ORD00012533,CUST005404,2026-08-01 15:00:00,PAID,WALLET,647.55,663.13,79.0,1059.2,1122.62,INR ,2026-09-27 09:00:00
ORD00012534,CUST002021,2026-09-12 18:00:00,DELIVERED,NETBANKING,1689.26,438.35,149.0,958.11,2358.02,inr,2026-09-27 09:00:00
ORD00012535,CUST003863,2026-08-29 18:00:00,PAID,COD,514.34,514.62,99.0,1296.58,1395.3,Rs,2026-09-27 09:00:00
ORD00012536,CUST000147,2026-09-20 03:00:00,DELIVERED,UPI,686.54,473.77,149.0,682.44,1044.21,Rs,2026-09-27 09:00:00
ORD00012537,CUST003778,2026-09-11 19:00:00,DELIVERED,UPI,741.87,739.18,99.0,1049.44,1151.13,INR ,2026-09-27 09:00:00
ORD00012538,CUST003895,2026-08-21 00:00:00,SHIPPED,NETBANKING,1071.51,232.35,0.0,821.84,1661.0,inr,2026-09-27 09:00:00
ORD00012539,CUST003210,2026-08-17 12:00:00,PAID,WALLET,5410.36,552.92,149.0,134.77,5141.21,Rs,2026-09-27 09:00:00
ORD00012540,CUST002075,2026-09-08 07:00:00,PLACED,NETBANKING,1507.1,107.4,0.0,557.23,1956.93,INR,2026-09-27 09:00:00
ORD00012541,CUST001626,2026-09-10 11:00:00,DELIVERED,NETBANKING,687.82,108.55,79.0,770.09,1428.36,INR,2026-09-27 09:00:00
ORD00012542,CUST003060,2026-09-29 11:00:00,DELIVERED,WALLET,483.38,221.4,0.0,217.97,479.95,INR,2026-09-27 09:00:00
ORD00012543,CUST001322,2026-09-03 09:00:00,DELIVERED,CARD,514.2,146.04,0.0,263.76,631.92,inr,2026-09-27 09:00:00
ORD00012544,CUST002229,2026-09-26 19:00:00,SHIPPED,WALLET,701.97,967.86,79.0,1334.9,1148.01,Rs,2026-09-27 09:00:00
ORD00012545,CUST001717,2026-09-16 16:00:00,PAID,CARD,1727.13,85.75,149.0,159.21,1949.59,INR,2026-09-27 09:00:00
ORD00012546,CUST002995,2026-09-29 09:00:00,PLACED,WALLET,1826.32,982.68,79.0,84.12,1006.76,INR,2026-09-27 09:00:00
ORD00012547,CUST004348,2026-08-22 16:00:00,DELIVERED,COD,1165.2,231.61,149.0,1092.57,2175.16,INR,2026-09-27 09:00:00
ORD00012548,CUST005397,2026-09-19 13:00:00,PLACED,COD,2784.51,695.66,49.0,42.52,2180.37,INR,2026-09-27 09:00:00
ORD00012549,CUST004258,2026-09-24 19:00:00,DELIVERED,UPI,929.07,666.73,49.0,150.59,461.93,INR,2026-09-27 09:00:00
ORD00012550,CUST000944,2026-09-05 19:00:00,SHIPPED,UPI,1481.59,736.52,0.0,689.76,1434.83,INR,2026-09-27 09:00:00
ORD00012551,CUST003325,2026-08-08 04:00:00,DELIVERED,UPI,1010.86,164.06,0.0,1236.89,2083.69,INR ,2026-09-27 09:00:00
ORD00012552,CUST000445,2026-08-03 23:00:00,SHIPPED,CARD,1097.35,871.2,0.0,625.96,852.11,INR,2026-09-27 09:00:00
ORD00012553,CUST001421,2026-09-07 11:00:00,DELIVERED,UPI,2113.76,592.22,49.0,41.34,1611.88,Rs,2026-09-27 09:00:00
ORD00012554,CUST001780,2026-08-14 12:00:00,SHIPPED,NETBANKING,1250.19,149.6,99.0,29.32,1228.91,INR,2026-09-27 09:00:00
ORD00012555,CUST001045,2026-09-14 17:00:00,DELIVERED,UPI,1243.66,497.85,49.0,576.41,1371.22,Rs,2026-09-27 09:00:00
ORD00012556,CUST002348,2026-09-18 15:00:00,DELIVERED,NETBANKING,1885.22,519.41,149.0,55.05,1569.86,Rs,2026-09-27 09:00:00
ORD00012557,CUST002312,2026-08-08 22:00:00,DELIVERED,CARD,1605.85,467.18,99.0,1294.28,2531.95,INR ,2026-09-27 09:00:00
ORD00012558,CUST004593,2026-08-22 03:00:00,PAID,COD,1201.67,714.17,149.0,1399.65,2036.15,INR,2026-09-27 09:00:00
ORD00012559,CUST004505,2026-08-08 06:00:00,DELIVERED,UPI,1270.03,41.79,149.0,996.96,2374.2,Rs,2026-09-27 09:00:00
ORD00012560,CUST000837,2026-09-03 19:00:00,PAID,UPI,767.06,464.49,79.0,1160.09,1541.66,Rs,2026-09-27 09:00:00
ORD00012561,CUST004269,2026-09-01 15:00:00,PAID,WALLET,1890.76,759.93,99.0,674.08,1903.91,INR ,2026-09-27 09:00:00
ORD00012562,CUST004761,2026-08-13 13:00:00,DELIVERED,COD,590.5,747.6,0.0,740.72,583.62,inr,2026-09-27 09:00:00
ORD00012563,CUST001618,2026-09-02 10:00:00,DELIVERED,WALLET,818.31,659.06,149.0,1396.39,1704.64,INR,2026-09-27 09:00:00
ORD00012564,CUST001930,2026-09-12 13:00:00,SHIPPED,UPI,3179.68,824.25,149.0,1195.65,3700.08,Rs,2026-09-27 09:00:00
ORD00012565,CUST003806,2026-08-22 22:00:00,DELIVERED,NETBANKING,2002.69,570.99,0.0,265.53,1697.23,INR,2026-09-27 09:00:00
ORD00012566,CUST005317,2026-09-15 13:00:00,DELIVERED,WALLET,1520.76,812.14,99.0,780.05,1587.67,INR,2026-09-27 09:00:00
ORD00012567,CUST004930,2026-08-17 03:00:00,DELIVERED,NETBANKING,2264.92,763.46,0.0,561.76,2063.22,inr ,2026-09-27 09:00:00
ORD00012568,CUST003200,2026-09-16 00:00:00,DELIVERED,UPI,764.94,30.95,0.0,654.37,1388.36,inr,2026-09-27 09:00:00
ORD00012569,CUST000179,2026-09-12 23:00:00,PAID,COD,675.24,113.73,149.0,1094.7,1805.21,INR ,2026-09-27 09:00:00
ORD00012570,CUST003722,2026-08-15 06:00:00,PAID,NETBANKING,1837.77,513.95,149.0,938.25,2411.07,INR ,2026-09-27 09:00:00
ORD00012571,CUST002050,2026-08-28 20:00:00,PLACED,CARD,610.99,293.67,0.0,1477.47,1794.79,inr,2026-09-27 09:00:00
ORD00012572,CUST002987,2026-08-27 07:00:00,DELIVERED,NETBANKING,1648.98,684.97,0.0,414.02,1378.03,inr,2026-09-27 09:00:00
ORD00012573,CUST003354,2026-08-21 15:00:00,DELIVERED,COD,1659.5,446.81,0.0,1406.79,2619.48,INR ,2026-09-27 09:00:00
ORD00012574,CUST002993,2026-09-10 22:00:00,DELIVERED,COD,2677.27,488.98,49.0,953.2,3190.49,INR,2026-09-27 09:00:00
ORD00012575,CUST003894,2026-08-28 05:00:00,PAID,NETBANKING,204.25,530.9,79.0,610.42,362.77,INR ,2026-09-27 09:00:00
ORD00012576,CUST005211,2026-08-25 03:00:00,DELIVERED,NETBANKING,713.76,91.42,49.0,105.76,777.1,Rs,2026-09-27 09:00:00
ORD00012577,CUST003521,2026-08-19 00:00:00,PAID,NETBANKING,1639.34,587.77,79.0,238.45,1369.02,Rs,2026-09-27 09:00:00
ORD00012578,CUST001841,2026-08-16 03:00:00,PAID,CARD,1476.77,802.01,79.0,372.25,1126.01,inr,2026-09-27 09:00:00
ORD00012579,CUST003624,2026-08-27 22:00:00,SHIPPED,COD,979.91,272.0,79.0,786.38,1573.29,Rs,2026-09-27 09:00:00
ORD00012580,CUST003843,2026-09-14 20:00:00,PAID,WALLET,1791.35,569.97,99.0,185.68,1506.06,Rs,2026-09-27 09:00:00
ORD00012581,CUST002651,2026-08-22 22:00:00,DELIVERED,WALLET,656.48,891.4,149.0,361.65,275.73,inr,2026-09-27 09:00:00
ORD00012582,CUST000020,2026-08-30 09:00:00,PAID,WALLET,643.01,147.02,49.0,27.59,572.58,INR,2026-09-27 09:00:00
ORD00012583,CUST004632,2026-08-27 08:00:00,SHIPPED,COD,1661.1,466.1,99.0,1426.48,2720.48,INR ,2026-09-27 09:00:00
ORD00012584,CUST003236,2026-09-01 19:00:00,SHIPPED,UPI,745.47,541.97,49.0,510.48,762.98,inr,2026-09-27 09:00:00
ORD00012585,CUST004495,2026-09-13 09:00:00,SHIPPED,NETBANKING,878.74,209.67,99.0,95.59,863.66,Rs,2026-09-27 09:00:00
ORD00012586,CUST001001,2026-08-04 07:00:00,DELIVERED,CARD,2833.47,943.81,99.0,588.72,2577.38,inr,2026-09-27 09:00:00
ORD00012587,CUST003419,2026-09-26 23:00:00,DELIVERED,COD,1538.49,186.4,49.0,648.68,2049.77,inr ,2026-09-27 09:00:00
ORD00012588,CUST001179,2026-08-12 09:00:00,DELIVERED,UPI,2962.77,108.92,0.0,216.39,3070.24,INR,2026-09-27 09:00:00
ORD00012589,CUST001581,2026-09-19 11:00:00,SHIPPED,NETBANKING,1462.06,961.68,149.0,1233.26,1882.64,Rs,2026-09-27 09:00:00
ORD00012590,CUST001653,2026-09-01 19:00:00,PAID,WALLET,1220.07,38.88,149.0,466.52,1796.71,INR ,2026-09-27 09:00:00
ORD00012591,CUST004354,2026-08-01 11:00:00,PLACED,NETBANKING,689.9,841.68,99.0,605.3,552.52,Rs,2026-09-27 09:00:00
ORD00012592,CUST001924,2026-08-13 06:00:00,PAID,CARD,1754.6,947.55,149.0,321.81,1277.86,inr,2026-09-27 09:00:00
ORD00012593,CUST003797,2026-08-25 23:00:00,PLACED,WALLET,1246.22,861.89,149.0,259.05,792.38,INR,2026-09-27 09:00:00
ORD00012594,CUST005455,2026-09-11 16:00:00,PLACED,COD,1676.75,69.11,49.0,614.67,2271.31,inr,2026-09-27 09:00:00
ORD00012595,CUST000803,2026-08-09 10:00:00,PAID,CARD,886.37,975.94,99.0,1409.72,1419.15,INR ,2026-09-27 09:00:00
ORD00012596,CUST002275,2026-09-28 01:00:00,PAID,COD,675.71,445.86,49.0,508.01,786.86,inr,2026-09-27 09:00:00
ORD00012597,CUST000333,2026-09-13 15:00:00,PAID,CARD,838.3,38.44,149.0,687.45,1636.31,Rs,2026-09-27 09:00:00
ORD00012598,CUST003068,2026-09-15 16:00:00,DELIVERED,NETBANKING,1324.12,763.17,49.0,1018.14,1628.09,inr,2026-09-27 09:00:00
ORD00012599,CUST003097,2026-09-25 13:00:00,DELIVERED,CARD,728.9,829.61,49.0,1346.7,1294.99,INR,2026-09-27 09:00:00
ORD00012600,CUST003815,2026-08-05 09:00:00,DELIVERED,UPI,1262.69,936.13,79.0,1276.71,1682.27,Rs,2026-09-27 09:00:00
ORD00012601,CUST001271,2026-08-29 03:00:00,DELIVERED,NETBANKING,1154.39,130.71,99.0,777.16,1899.84,INR ,2026-09-27 09:00:00
ORD00012602,CUST004960,2026-09-20 21:00:00,DELIVERED,NETBANKING,2346.43,504.02,0.0,1443.68,3286.09,inr,2026-09-27 09:00:00
ORD00012603,CUST001664,2026-09-29 07:00:00,DELIVERED,CARD,264.12,634.08,149.0,475.18,254.22,inr,2026-09-27 09:00:00
ORD00012604,CUST002345,2026-09-24 02:00:00,PAID,COD,851.62,139.31,99.0,222.67,1033.98,INR ,2026-09-27 09:00:00
ORD00012605,CUST004663,2026-08-19 11:00:00,PAID,CARD,2652.11,96.77,99.0,153.31,2807.65,INR,2026-09-27 09:00:00
ORD00012606,CUST003809,2026-09-08 06:00:00,SHIPPED,WALLET,1280.03,999.76,49.0,1069.35,1398.62,inr,2026-09-27 09:00:00
ORD00012607,CUST001868,2026-08-09 04:00:00,DELIVERED,WALLET,1147.81,597.03,99.0,26.54,676.32,INR ,2026-09-27 09:00:00
ORD00012608,CUST000224,2026-08-17 08:00:00,DELIVERED,WALLET,1257.22,833.35,149.0,1314.83,1887.7,INR,2026-09-27 09:00:00
ORD00012609,CUST004394,2026-09-03 09:00:00,DELIVERED,COD,1188.82,960.52,49.0,750.99,1028.29,INR ,2026-09-27 09:00:00
ORD00012610,CUST003327,2026-08-17 05:00:00,PAID,CARD,672.02,196.62,0.0,206.73,682.13,inr,2026-09-27 09:00:00
ORD00012611,CUST003425,2026-09-26 17:00:00,PLACED,UPI,3078.73,94.99,79.0,1444.12,4506.86,inr,2026-09-27 09:00:00
ORD00012612,CUST000292,2026-08-22 23:00:00,SHIPPED,NETBANKING,1599.23,290.64,99.0,1143.11,2550.7,INR,2026-09-27 09:00:00
ORD00012613,CUST002138,2026-08-22 21:00:00,DELIVERED,UPI,2833.25,979.88,0.0,710.69,2564.06,Rs,2026-09-27 09:00:00
ORD00012614,CUST000480,2026-09-16 23:00:00,SHIPPED,NETBANKING,2304.83,17.77,99.0,34.24,2420.3,Rs,2026-09-27 09:00:00
ORD00012615,CUST000390,2026-08-10 09:00:00,PAID,NETBANKING,887.47,619.73,99.0,260.21,626.95,INR ,2026-09-27 09:00:00
ORD00012616,CUST002532,2026-08-31 11:00:00,DELIVERED,WALLET,2248.74,240.38,49.0,112.51,2169.87,INR ,2026-09-27 09:00:00
ORD00012617,CUST004809,2026-08-13 18:00:00,DELIVERED,UPI,744.75,838.12,49.0,152.72,108.35,INR,2026-09-27 09:00:00
ORD00012618,CUST002256,2026-09-22 08:00:00,SHIPPED,UPI,1145.98,803.56,79.0,414.32,835.74,Rs,2026-09-27 09:00:00
ORD00012619,CUST004660,2026-09-20 10:00:00,SHIPPED,UPI,882.85,701.04,99.0,771.02,1051.83,inr,2026-09-27 09:00:00
ORD00012620,CUST003293,2026-08-12 09:00:00,SHIPPED,NETBANKING,1962.14,890.04,0.0,113.22,1185.32,INR ,2026-09-27 09:00:00
ORD00012621,CUST004348,2026-08-29 12:00:00,DELIVERED,UPI,712.35,539.52,49.0,1188.08,1409.91,INR ,2026-09-27 09:00:00
ORD00012622,CUST003527,2026-09-02 20:00:00,PAID,UPI,2799.32,965.12,149.0,1284.72,3267.92,INR,2026-09-27 09:00:00
ORD00012623,CUST000430,2026-08-10 22:00:00,DELIVERED,WALLET,420.88,503.26,79.0,126.85,123.47,INR,2026-09-27 09:00:00
ORD00012624,CUST000489,2026-08-18 13:00:00,SHIPPED,COD,4192.58,358.34,99.0,57.11,3990.35,Rs,2026-09-27 09:00:00
ORD00012625,CUST000945,2026-08-22 15:00:00,DELIVERED,CARD,371.48,37.93,99.0,253.93,686.48,INR,2026-09-27 09:00:00
ORD00012626,CUST005125,2026-09-14 13:00:00,DELIVERED,UPI,654.79,492.06,0.0,1389.29,1552.02,Rs,2026-09-27 09:00:00
ORD00012627,CUST000388,2026-08-03 17:00:00,DELIVERED,COD,3563.87,411.53,149.0,1164.12,4465.46,Rs,2026-09-27 09:00:00
ORD00012628,CUST003838,2026-08-11 13:00:00,SHIPPED,NETBANKING,3846.3,285.78,149.0,1172.13,4881.65,INR ,2026-09-27 09:00:00
ORD00012629,CUST004512,2026-08-21 20:00:00,PAID,UPI,660.66,590.48,79.0,289.52,438.7,INR,2026-09-27 09:00:00
ORD00012630,CUST002742,2026-08-24 21:00:00,PAID,CARD,1013.23,533.5,149.0,518.0,1146.73,INR ,2026-09-27 09:00:00
ORD00012631,CUST004852,2026-09-25 12:00:00,PLACED,WALLET,1748.83,483.04,149.0,1082.92,2497.71,INR,2026-09-27 09:00:00
ORD00012632,CUST000762,2026-08-25 02:00:00,PLACED,WALLET,1742.52,350.72,99.0,170.5,1661.3,Rs,2026-09-27 09:00:00
ORD00012633,CUST005207,2026-08-04 18:00:00,DELIVERED,CARD,2280.19,431.65,0.0,1491.95,3340.49,inr,2026-09-27 09:00:00
ORD00012634,CUST002477,2026-08-11 15:00:00,PLACED,WALLET,539.53,650.87,49.0,856.89,794.55,INR ,2026-09-27 09:00:00
ORD00012635,CUST000020,2026-09-15 12:00:00,PAID,COD,621.42,819.0,99.0,289.65,191.07,INR,2026-09-27 09:00:00
ORD00012636,CUST005019,2026-08-13 00:00:00,PLACED,UPI,373.74,320.61,49.0,883.93,986.06,inr,2026-09-27 09:00:00
ORD00012637,CUST000893,2026-09-24 10:00:00,DELIVERED,COD,2310.26,834.21,49.0,48.02,1573.07,inr,2026-09-27 09:00:00
ORD00012638,CUST005360,2026-08-08 19:00:00,DELIVERED,WALLET,795.57,281.0,0.0,1320.13,1834.7,inr,2026-09-27 09:00:00
ORD00012639,CUST004402,2026-08-18 19:00:00,PAID,WALLET,1189.66,486.05,0.0,709.5,1413.11,inr,2026-09-27 09:00:00
ORD00012640,CUST003304,2026-08-26 23:00:00,PAID,CARD,1945.97,625.04,0.0,585.12,1906.05,INR ,2026-09-27 09:00:00
ORD00012641,CUST003485,2026-08-06 17:00:00,PAID,CARD,1514.4,868.81,99.0,178.35,922.94,INR ,2026-09-27 09:00:00
ORD00012642,CUST003617,2026-09-06 14:00:00,DELIVERED,CARD,714.24,618.87,0.0,499.62,594.99,inr,2026-09-27 09:00:00
ORD00012643,CUST001146,2026-08-14 07:00:00,DELIVERED,COD,569.37,977.31,79.0,1019.61,690.67,inr,2026-09-27 09:00:00
ORD00012644,CUST003616,2026-09-27 10:00:00,DELIVERED,UPI,663.69,844.32,149.0,671.29,639.66,Rs,2026-09-27 09:00:00
ORD00012645,CUST000379,2026-08-16 04:00:00,DELIVERED,UPI,2689.29,367.1,99.0,1339.24,3760.43,INR ,2026-09-27 09:00:00
ORD00012646,CUST002555,2026-08-16 16:00:00,DELIVERED,NETBANKING,1062.63,431.55,0.0,956.78,1587.86,INR,2026-09-27 09:00:00
ORD00012647,CUST002742,2026-09-21 05:00:00,DELIVERED,CARD,1108.29,465.96,99.0,700.28,1441.61,INR ,2026-09-27 09:00:00
ORD00012648,CUST003499,2026-08-18 22:00:00,DELIVERED,UPI,930.54,431.09,0.0,544.37,1043.82,Rs,2026-09-27 09:00:00
ORD00012649,CUST001507,2026-08-04 05:00:00,DELIVERED,UPI,924.12,376.49,99.0,1069.58,1716.21,Rs,2026-09-27 09:00:00
ORD00012650,CUST003889,2026-09-13 00:00:00,PAID,CARD,1079.75,53.09,0.0,1208.36,2235.02,Rs,2026-09-27 09:00:00
ORD00012651,CUST002127,2026-09-17 20:00:00,DELIVERED,COD,294.6,361.5,99.0,380.35,412.45,INR,2026-09-27 09:00:00
ORD00012652,CUST003011,2026-08-15 09:00:00,DELIVERED,NETBANKING,1997.1,353.54,0.0,166.07,1809.63,Rs,2026-09-27 09:00:00
ORD00012653,CUST001931,2026-09-13 03:00:00,PAID,CARD,3659.58,661.21,79.0,84.83,3162.2,INR ,2026-09-27 09:00:00
ORD00012654,CUST003802,2026-09-24 03:00:00,PAID,WALLET,2524.82,301.69,49.0,997.48,3269.61,inr,2026-09-27 09:00:00
ORD00012655,CUST002691,2026-08-08 11:00:00,DELIVERED,COD,771.47,450.73,149.0,638.57,1108.31,Rs,2026-09-27 09:00:00
ORD00012656,CUST003881,2026-08-18 23:00:00,SHIPPED,UPI,1174.48,835.96,99.0,675.66,1113.18,Rs,2026-09-27 09:00:00
ORD00012657,CUST001166,2026-08-14 07:00:00,PAID,NETBANKING,4024.39,640.71,149.0,1037.32,4570.0,INR,2026-09-27 09:00:00
ORD00012658,CUST000744,2026-09-09 04:00:00,SHIPPED,UPI,2966.23,406.84,0.0,1178.46,3737.85,INR,2026-09-27 09:00:00
ORD00012659,CUST003788,2026-09-10 05:00:00,PAID,UPI,486.9,726.38,149.0,1205.52,1115.04,Rs,2026-09-27 09:00:00
ORD00012660,CUST000932,2026-09-25 16:00:00,PLACED,COD,1549.63,750.92,0.0,1148.58,1947.29,INR,2026-09-27 09:00:00
ORD00012661,CUST001262,2026-08-30 11:00:00,SHIPPED,CARD,919.25,388.45,79.0,1356.26,1966.06,inr,2026-09-27 09:00:00
ORD00012662,CUST005060,2026-09-13 05:00:00,PLACED,NETBANKING,904.26,617.01,49.0,722.64,1058.89,INR,2026-09-27 09:00:00
ORD00012663,CUST002697,2026-08-03 12:00:00,DELIVERED,NETBANKING,2490.0,833.72,79.0,976.11,2711.39,Rs,2026-09-27 09:00:00
ORD00012664,CUST004398,2026-09-01 11:00:00,DELIVERED,NETBANKING,450.87,822.42,99.0,1126.05,853.5,INR ,2026-09-27 09:00:00
ORD00012665,CUST004555,2026-09-01 01:00:00,DELIVERED,NETBANKING,1782.93,294.64,79.0,271.59,1838.88,inr,2026-09-27 09:00:00
ORD00012666,CUST001152,2026-08-25 03:00:00,PAID,NETBANKING,534.81,406.97,49.0,149.61,326.45,INR ,2026-09-27 09:00:00
ORD00012667,CUST000694,2026-09-19 02:00:00,DELIVERED,WALLET,516.59,223.54,149.0,673.83,1115.88,inr,2026-09-27 09:00:00
ORD00012668,CUST001647,2026-08-17 22:00:00,DELIVERED,WALLET,3764.48,375.51,99.0,179.9,3667.87,Rs,2026-09-27 09:00:00
ORD00012669,CUST002658,2026-09-02 21:00:00,SHIPPED,CARD,1885.11,523.82,99.0,61.51,1521.8,Rs,2026-09-27 09:00:00
ORD00012670,CUST002994,2026-08-07 09:00:00,DELIVERED,COD,2068.08,880.62,99.0,680.79,1967.25,INR ,2026-09-27 09:00:00
ORD00012671,CUST002171,2026-09-28 20:00:00,DELIVERED,COD,3012.29,965.99,149.0,1416.69,3611.99,INR ,2026-09-27 09:00:00
ORD00012672,CUST001860,2026-09-13 01:00:00,PLACED,CARD,1869.82,568.32,49.0,346.4,1696.9,INR,2026-09-27 09:00:00
ORD00012673,CUST000041,2026-09-02 08:00:00,DELIVERED,COD,547.87,894.77,99.0,273.5,25.6,Rs,2026-09-27 09:00:00
ORD00012674,CUST002657,2026-08-08 17:00:00,DELIVERED,COD,2141.31,117.49,79.0,490.97,2593.79,INR ,2026-09-27 09:00:00
ORD00012675,CUST001828,2026-08-02 15:00:00,PAID,UPI,602.7,119.16,49.0,1493.78,2026.32,INR,2026-09-27 09:00:00
ORD00012676,CUST001516,2026-09-11 20:00:00,SHIPPED,UPI,524.64,660.35,49.0,1306.84,1220.13,Rs,2026-09-27 09:00:00
ORD00012677,CUST000383,2026-09-19 04:00:00,DELIVERED,NETBANKING,1180.63,749.19,0.0,478.34,909.78,INR,2026-09-27 09:00:00
ORD00012678,CUST002523,2026-08-22 00:00:00,PLACED,NETBANKING,1660.43,111.43,0.0,516.99,2065.99,Rs,2026-09-27 09:00:00
ORD00012679,CUST001466,2026-09-15 11:00:00,DELIVERED,CARD,171.23,694.19,99.0,1148.68,724.72,inr,2026-09-27 09:00:00
ORD00012680,CUST001914,2026-09-12 04:00:00,DELIVERED,WALLET,1391.85,141.32,0.0,1181.08,2431.61,Rs,2026-09-27 09:00:00
ORD00012681,CUST005474,2026-08-29 19:00:00,DELIVERED,NETBANKING,777.06,874.76,99.0,1478.27,1479.57,Rs,2026-09-27 09:00:00
ORD00012682,CUST002811,2026-08-11 21:00:00,PAID,UPI,1886.07,837.81,49.0,419.19,1516.45,INR,2026-09-27 09:00:00
ORD00012683,CUST002550,2026-08-22 15:00:00,PLACED,COD,1064.99,513.55,99.0,738.0,1388.44,Rs,2026-09-27 09:00:00
ORD00012684,CUST001305,2026-08-18 05:00:00,PAID,WALLET,920.02,786.87,49.0,473.08,655.23,inr,2026-09-27 09:00:00
ORD00012685,CUST004406,2026-08-08 06:00:00,PLACED,CARD,1203.96,200.6,49.0,690.22,1742.58,INR ,2026-09-27 09:00:00
ORD00012686,CUST000653,2026-08-05 12:00:00,PLACED,COD,867.14,61.83,79.0,263.74,1148.05,inr,2026-09-27 09:00:00
ORD00012687,CUST002432,2026-09-20 19:00:00,PLACED,UPI,787.02,82.5,79.0,658.6,1442.12,INR ,2026-09-27 09:00:00
ORD00012688,CUST005418,2026-08-27 06:00:00,DELIVERED,UPI,576.36,615.59,99.0,205.0,264.77,INR ,2026-09-27 09:00:00
ORD00012689,CUST000240,2026-08-10 19:00:00,DELIVERED,NETBANKING,872.16,367.73,99.0,1487.32,2090.75,INR ,2026-09-27 09:00:00
ORD00012690,CUST004383,2026-08-04 23:00:00,SHIPPED,CARD,835.24,356.08,0.0,52.59,531.75,Rs,2026-09-27 09:00:00
ORD00012691,CUST001245,2026-08-12 17:00:00,SHIPPED,WALLET,2607.53,901.47,49.0,246.03,2001.09,Rs,2026-09-27 09:00:00
ORD00012692,CUST004788,2026-08-25 23:00:00,DELIVERED,WALLET,6655.25,622.92,149.0,1100.39,7281.72,inr,2026-09-27 09:00:00
ORD00012693,CUST003799,2026-09-05 13:00:00,SHIPPED,WALLET,1919.28,695.1,99.0,257.46,1580.64,Rs,2026-09-27 09:00:00
ORD00012694,CUST002743,2026-09-09 16:00:00,DELIVERED,CARD,1383.57,231.96,49.0,836.15,2036.76,INR ,2026-09-27 09:00:00
ORD00012695,CUST005277,2026-09-23 13:00:00,DELIVERED,NETBANKING,2643.63,4.81,79.0,573.25,3291.07,inr,2026-09-27 09:00:00
ORD00012696,CUST004717,2026-09-23 01:00:00,PLACED,NETBANKING,1090.45,592.38,149.0,244.04,891.11,INR ,2026-09-27 09:00:00
ORD00012697,CUST000224,2026-08-27 00:00:00,DELIVERED,COD,6126.22,598.3,99.0,102.1,5729.02,inr,2026-09-27 09:00:00
ORD00012698,CUST001725,2026-08-30 00:00:00,PAID,WALLET,2138.14,785.8,79.0,847.42,2278.76,INR,2026-09-27 09:00:00
ORD00012699,CUST004417,2026-08-13 03:00:00,SHIPPED,UPI,2526.22,581.42,49.0,386.58,2380.38,inr,2026-09-27 09:00:00
ORD00012700,CUST002707,2026-09-19 11:00:00,PAID,WALLET,1130.67,678.97,49.0,449.72,950.42,Rs,2026-09-27 09:00:00
ORD00012701,CUST000984,2026-09-01 01:00:00,DELIVERED,WALLET,913.32,666.68,79.0,1139.9,1465.54,inr,2026-09-27 09:00:00
ORD00012702,CUST004953,2026-09-27 03:00:00,SHIPPED,COD,3013.53,487.8,49.0,1199.15,3773.88,Rs,2026-09-27 09:00:00
ORD00012703,CUST004283,2026-09-16 18:00:00,PAID,CARD,667.7,559.61,79.0,1367.31,1554.4,inr,2026-09-27 09:00:00
ORD00012704,CUST000425,2026-08-06 00:00:00,SHIPPED,WALLET,537.19,493.05,0.0,1020.23,1064.37,Rs,2026-09-27 09:00:00
ORD00012705,CUST001671,2026-08-03 17:00:00,DELIVERED,CARD,442.05,526.56,79.0,307.24,301.73,INR ,2026-09-27 09:00:00
ORD00012706,CUST004378,2026-09-24 02:00:00,SHIPPED,CARD,1814.71,573.2,49.0,947.6,2238.11,inr,2026-09-27 09:00:00
ORD00012707,CUST002450,2026-08-28 04:00:00,DELIVERED,COD,508.33,686.71,0.0,628.67,450.29,inr,2026-09-27 09:00:00
ORD00012708,CUST003205,2026-08-18 02:00:00,DELIVERED,COD,1068.91,827.06,149.0,823.96,1214.81,INR ,2026-09-27 09:00:00
ORD00012709,CUST001515,2026-08-31 04:00:00,SHIPPED,COD,787.54,694.69,149.0,203.44,445.29,inr,2026-09-27 09:00:00
ORD00012710,CUST003876,2026-09-29 05:00:00,PAID,COD,1646.4,969.07,79.0,189.16,945.49,INR ,2026-09-27 09:00:00
ORD00012711,CUST003869,2026-08-07 06:00:00,PLACED,COD,1022.77,879.77,79.0,978.88,1200.88,INR ,2026-09-27 09:00:00
ORD00012712,CUST000264,2026-09-20 13:00:00,DELIVERED,UPI,1508.13,243.35,149.0,575.41,1989.19,Rs,2026-09-27 09:00:00
ORD00012713,CUST000724,2026-09-12 18:00:00,PAID,UPI,913.54,519.64,49.0,267.76,710.66,INR ,2026-09-27 09:00:00
ORD00012714,CUST000234,2026-09-29 10:00:00,DELIVERED,UPI,436.36,51.79,0.0,770.02,1154.59,INR,2026-09-27 09:00:00
ORD00012715,CUST001436,2026-09-20 19:00:00,DELIVERED,NETBANKING,2705.65,385.75,0.0,698.36,3018.26,Rs,2026-09-27 09:00:00
ORD00012716,CUST000237,2026-09-14 15:00:00,SHIPPED,UPI,1202.98,811.0,149.0,777.92,1318.9,INR ,2026-09-27 09:00:00
ORD00012717,CUST001363,2026-08-19 13:00:00,PLACED,COD,996.08,356.25,99.0,340.38,1079.21,inr,2026-09-27 09:00:00
ORD00012718,CUST004302,2026-09-10 23:00:00,DELIVERED,CARD,1855.9,575.52,149.0,35.57,1464.95,Rs,2026-09-27 09:00:00
ORD00012719,CUST004918,2026-09-23 03:00:00,DELIVERED,COD,1592.3,518.65,149.0,1449.85,2672.5,INR,2026-09-27 09:00:00
ORD00012720,CUST004725,2026-08-11 06:00:00,PLACED,NETBANKING,1615.48,579.24,79.0,422.69,1537.93,inr,2026-09-27 09:00:00
ORD00012721,CUST002555,2026-09-13 06:00:00,DELIVERED,NETBANKING,1188.55,433.4,99.0,1062.45,1916.6,inr,2026-09-27 09:00:00
ORD00012722,CUST002097,2026-09-02 14:00:00,PAID,UPI,587.16,664.1,49.0,143.64,115.7,Rs,2026-09-27 09:00:00
ORD00012723,CUST000724,2026-08-08 16:00:00,DELIVERED,NETBANKING,1003.25,346.42,149.0,644.9,1450.73,inr,2026-09-27 09:00:00
ORD00012724,CUST002232,2026-08-16 06:00:00,DELIVERED,CARD,3273.16,399.56,49.0,597.64,3520.24,Rs,2026-09-27 09:00:00
ORD00012725,CUST005253,2026-09-18 07:00:00,PAID,UPI,2178.76,18.99,79.0,645.31,2884.08,INR,2026-09-27 09:00:00
ORD00012726,CUST003413,2026-08-21 15:00:00,PAID,CARD,305.66,626.9,149.0,1406.64,1234.4,INR,2026-09-27 09:00:00
ORD00012727,CUST001437,2026-08-25 16:00:00,DELIVERED,CARD,990.36,848.89,79.0,1439.43,1659.9,inr,2026-09-27 09:00:00
ORD00012728,CUST004353,2026-08-24 03:00:00,DELIVERED,CARD,2065.71,34.34,0.0,272.81,2304.18,inr,2026-09-27 09:00:00
ORD00012729,CUST001976,2026-08-06 15:00:00,SHIPPED,WALLET,1377.99,739.42,49.0,222.02,909.59,INR,2026-09-27 09:00:00
ORD00012730,CUST003874,2026-08-25 16:00:00,PAID,UPI,2214.02,531.73,79.0,440.4,2201.69,Rs,2026-09-27 09:00:00
ORD00012731,CUST005353,2026-08-22 17:00:00,DELIVERED,UPI,1287.88,821.79,0.0,627.53,1093.62,inr,2026-09-27 09:00:00
ORD00012732,CUST000384,2026-09-19 07:00:00,PAID,UPI,2646.25,782.45,79.0,969.91,2912.71,inr,2026-09-27 09:00:00
ORD00012733,CUST003435,2026-09-13 02:00:00,DELIVERED,NETBANKING,1044.77,286.77,149.0,707.96,1614.96,Rs,2026-09-27 09:00:00
ORD00012734,CUST003976,2026-09-18 17:00:00,DELIVERED,COD,950.82,408.98,79.0,1306.04,1926.88,inr ,2026-09-27 09:00:00
ORD00012735,CUST005431,2026-09-09 11:00:00,DELIVERED,UPI,444.24,575.3,149.0,542.1,560.04,INR,2026-09-27 09:00:00
ORD00012736,CUST002286,2026-08-23 05:00:00,PAID,NETBANKING,2180.92,466.18,149.0,108.55,1972.29,INR ,2026-09-27 09:00:00
ORD00012737,CUST004794,2026-09-22 21:00:00,DELIVERED,NETBANKING,867.71,901.62,0.0,1122.81,1088.9,INR,2026-09-27 09:00:00
ORD00012738,CUST004486,2026-08-14 07:00:00,DELIVERED,COD,1030.24,626.89,0.0,789.75,1193.1,Rs,2026-09-27 09:00:00
ORD00012739,CUST003736,2026-09-21 07:00:00,PAID,UPI,1571.15,985.5,149.0,1381.75,2116.4,INR ,2026-09-27 09:00:00
ORD00012740,CUST001613,2026-08-01 21:00:00,DELIVERED,WALLET,946.02,336.44,149.0,206.59,965.17,INR,2026-09-27 09:00:00
ORD00012741,CUST000095,2026-09-10 12:00:00,DELIVERED,COD,1308.17,799.73,99.0,629.52,1236.96,Rs,2026-09-27 09:00:00
ORD00012742,CUST002799,2026-09-14 16:00:00,PLACED,COD,830.15,515.79,99.0,677.16,1090.52,INR,2026-09-27 09:00:00
ORD00012743,CUST002022,2026-08-23 06:00:00,SHIPPED,NETBANKING,898.87,770.89,49.0,577.7,754.68,Rs,2026-09-27 09:00:00
ORD00012744,CUST004393,2026-09-25 01:00:00,DELIVERED,COD,1635.16,266.53,0.0,278.31,1646.94,INR ,2026-09-27 09:00:00
ORD00012745,CUST001700,2026-09-12 02:00:00,DELIVERED,COD,1098.02,141.35,0.0,678.75,1635.42,Rs,2026-09-27 09:00:00
ORD00012746,CUST005047,2026-08-25 02:00:00,DELIVERED,NETBANKING,1174.22,289.52,49.0,1497.66,2431.36,Rs,2026-09-27 09:00:00
ORD00012747,CUST000069,2026-08-03 00:00:00,DELIVERED,WALLET,886.85,893.32,79.0,509.42,581.95,INR,2026-09-27 09:00:00
ORD00012748,CUST003862,2026-08-05 20:00:00,PAID,CARD,599.74,724.89,0.0,1373.78,1248.63,Rs,2026-09-27 09:00:00
ORD00012749,CUST001493,2026-08-18 20:00:00,DELIVERED,NETBANKING,1936.68,256.89,49.0,213.8,1942.59,INR ,2026-09-27 09:00:00
ORD00012750,CUST002811,2026-08-07 03:00:00,SHIPPED,UPI,1262.17,341.69,149.0,1499.94,2569.42,Rs,2026-09-27 09:00:00
ORD00012751,CUST002907,2026-08-11 05:00:00,SHIPPED,COD,4626.97,839.33,99.0,578.66,4465.3,INR,2026-09-27 09:00:00
ORD00012752,CUST004629,2026-08-30 22:00:00,DELIVERED,COD,1407.26,321.13,99.0,482.81,1667.94,INR ,2026-09-27 09:00:00
ORD00012753,CUST003172,2026-08-01 16:00:00,DELIVERED,WALLET,2386.87,752.39,99.0,1142.7,2876.18,inr,2026-09-27 09:00:00
ORD00012754,CUST000039,2026-09-11 01:00:00,PLACED,COD,9149.92,30.49,149.0,872.69,10141.12,INR,2026-09-27 09:00:00
ORD00012755,CUST001367,2026-09-06 18:00:00,PLACED,COD,352.56,374.33,49.0,445.04,472.27,Rs,2026-09-27 09:00:00
ORD00012756,CUST001269,2026-08-30 12:00:00,DELIVERED,UPI,1244.74,529.8,79.0,257.57,1051.51,Rs,2026-09-27 09:00:00
ORD00012757,CUST004206,2026-09-10 16:00:00,DELIVERED,COD,627.15,290.77,49.0,21.68,407.06,inr,2026-09-27 09:00:00
ORD00012758,CUST004724,2026-08-27 20:00:00,DELIVERED,UPI,882.96,358.27,79.0,1236.97,1840.66,Rs,2026-09-27 09:00:00
ORD00012759,CUST004132,2026-09-09 14:00:00,DELIVERED,COD,1167.03,326.92,79.0,1416.67,2335.78,inr,2026-09-27 09:00:00
ORD00012760,CUST001595,2026-08-08 06:00:00,PAID,CARD,1983.66,705.01,149.0,845.96,2273.61,INR,2026-09-27 09:00:00
ORD00012761,CUST002897,2026-08-15 00:00:00,DELIVERED,COD,3171.05,23.41,49.0,1072.88,4269.52,Rs,2026-09-27 09:00:00
ORD00012762,CUST004640,2026-08-01 00:00:00,PLACED,UPI,1437.78,618.1,0.0,460.91,1280.59,Rs,2026-09-27 09:00:00
ORD00012763,CUST005363,2026-08-05 11:00:00,DELIVERED,COD,1772.75,754.01,149.0,348.04,1515.78,INR ,2026-09-27 09:00:00
ORD00012764,CUST000515,2026-09-26 17:00:00,DELIVERED,CARD,1183.76,10.58,0.0,375.66,1548.84,inr,2026-09-27 09:00:00
ORD00012765,CUST002332,2026-08-20 05:00:00,PAID,UPI,687.19,302.8,0.0,1145.74,1530.13,INR ,2026-09-27 09:00:00
ORD00012766,CUST000779,2026-08-20 03:00:00,DELIVERED,WALLET,585.06,445.2,49.0,1268.03,1456.89,INR,2026-09-27 09:00:00
ORD00012767,CUST000929,2026-09-01 15:00:00,DELIVERED,CARD,411.43,599.97,79.0,1360.99,1251.45,Rs,2026-09-27 09:00:00
ORD00012768,CUST002077,2026-09-12 17:00:00,PAID,WALLET,750.97,289.28,149.0,786.56,1397.25,INR ,2026-09-27 09:00:00
ORD00012769,CUST002644,2026-09-10 21:00:00,SHIPPED,COD,2787.04,989.6,149.0,21.25,1967.69,inr,2026-09-27 09:00:00
ORD00012770,CUST004815,2026-09-23 01:00:00,SHIPPED,COD,4431.88,533.11,79.0,1196.05,5173.82,INR,2026-09-27 09:00:00
ORD00012771,CUST001629,2026-09-16 05:00:00,SHIPPED,CARD,1163.54,87.72,149.0,910.21,2135.03,Rs,2026-09-27 09:00:00
ORD00012772,CUST002046,2026-08-10 11:00:00,DELIVERED,COD,2237.61,196.87,99.0,327.35,2467.09,inr,2026-09-27 09:00:00
ORD00012773,CUST002961,2026-09-12 18:00:00,DELIVERED,UPI,1579.99,289.86,99.0,888.08,2277.21,inr,2026-09-27 09:00:00
ORD00012774,CUST003100,2026-09-28 00:00:00,DELIVERED,CARD,1750.24,519.37,49.0,236.4,1516.27,Rs,2026-09-27 09:00:00
ORD00012775,CUST001299,2026-08-24 13:00:00,PLACED,UPI,1912.76,734.8,49.0,862.46,2089.42,INR ,2026-09-27 09:00:00
ORD00012776,CUST004829,2026-08-17 12:00:00,PAID,UPI,523.92,800.1,79.0,746.84,549.66,INR,2026-09-27 09:00:00
ORD00012777,CUST003079,2026-08-05 03:00:00,DELIVERED,NETBANKING,800.74,379.74,149.0,80.53,650.53,Rs,2026-09-27 09:00:00
ORD00012778,CUST004385,2026-08-14 09:00:00,DELIVERED,WALLET,1739.6,104.52,99.0,968.28,2702.36,INR,2026-09-27 09:00:00
ORD00012779,CUST000762,2026-08-30 09:00:00,PAID,UPI,824.72,549.17,79.0,180.12,534.67,Rs,2026-09-27 09:00:00
ORD00012780,CUST001290,2026-08-16 04:00:00,DELIVERED,NETBANKING,3014.99,471.1,49.0,194.1,2786.99,Rs,2026-09-27 09:00:00
ORD00012781,CUST001407,2026-09-09 16:00:00,DELIVERED,COD,810.88,617.12,99.0,1127.83,1420.59,Rs,2026-09-27 09:00:00
ORD00012782,CUST000091,2026-08-25 09:00:00,DELIVERED,NETBANKING,951.85,438.97,79.0,1319.15,1911.03,inr,2026-09-27 09:00:00
ORD00012783,CUST004739,2026-08-18 14:00:00,DELIVERED,NETBANKING,3912.61,452.68,149.0,1225.78,4834.71,inr,2026-09-27 09:00:00
ORD00012784,CUST002281,2026-08-12 05:00:00,DELIVERED,UPI,833.54,490.27,79.0,446.23,868.5,inr,2026-09-27 09:00:00
ORD00012785,CUST002835,2026-09-29 07:00:00,DELIVERED,CARD,1648.8,573.2,79.0,557.19,1711.79,inr,2026-09-27 09:00:00
ORD00012786,CUST001689,2026-08-31 13:00:00,SHIPPED,COD,2485.95,792.86,49.0,183.88,1925.97,INR ,2026-09-27 09:00:00
ORD00012787,CUST001544,2026-09-24 03:00:00,PAID,UPI,1373.32,59.45,0.0,53.66,1367.53,INR ,2026-09-27 09:00:00
ORD00012788,CUST002040,2026-08-30 20:00:00,DELIVERED,COD,914.12,959.92,149.0,199.08,302.28,INR,2026-09-27 09:00:00
ORD00012789,CUST005243,2026-08-04 18:00:00,SHIPPED,NETBANKING,978.94,187.75,99.0,917.08,1807.27,inr,2026-09-27 09:00:00
ORD00012790,CUST002365,2026-08-03 18:00:00,SHIPPED,WALLET,1052.2,386.06,0.0,94.88,761.02,INR,2026-09-27 09:00:00
ORD00012791,CUST002046,2026-09-03 04:00:00,SHIPPED,WALLET,428.92,884.97,149.0,803.62,496.57,inr,2026-09-27 09:00:00
ORD00012792,CUST002588,2026-09-02 15:00:00,PAID,CARD,1450.13,929.84,0.0,1405.03,1925.32,INR ,2026-09-27 09:00:00
ORD00012793,CUST000544,2026-09-20 08:00:00,DELIVERED,UPI,300.95,460.61,49.0,1121.63,1010.97,INR,2026-09-27 09:00:00
ORD00012794,CUST004739,2026-09-01 20:00:00,DELIVERED,WALLET,1513.43,800.48,79.0,1112.08,1904.03,INR ,2026-09-27 09:00:00
ORD00012795,CUST004932,2026-08-09 15:00:00,PLACED,COD,536.38,715.79,149.0,780.37,749.96,INR ,2026-09-27 09:00:00
ORD00012796,CUST003487,2026-09-28 09:00:00,DELIVERED,UPI,1728.85,461.79,79.0,1396.08,2742.14,inr,2026-09-27 09:00:00
ORD00012797,CUST003999,2026-09-16 21:00:00,PLACED,CARD,1038.11,723.79,0.0,1237.61,1551.93,INR,2026-09-27 09:00:00
ORD00012798,CUST004505,2026-08-12 23:00:00,PAID,COD,2433.36,338.25,49.0,947.29,3091.4,inr,2026-09-27 09:00:00
ORD00012799,CUST000514,2026-09-26 12:00:00,DELIVERED,UPI,1407.89,813.05,149.0,967.44,1711.28,INR ,2026-09-27 09:00:00
ORD00012800,CUST005273,2026-08-31 00:00:00,PAID,CARD,2088.66,897.8,149.0,69.73,1409.59,INR,2026-09-27 09:00:00
ORD00012801,CUST002468,2026-08-09 05:00:00,DELIVERED,WALLET,903.41,634.06,149.0,960.3,1378.65,inr,2026-09-27 09:00:00
ORD00012802,CUST004126,2026-08-15 00:00:00,SHIPPED,COD,1114.17,898.5,149.0,196.28,560.95,INR,2026-09-27 09:00:00
ORD00012803,CUST004204,2026-08-10 15:00:00,DELIVERED,CARD,973.86,129.52,149.0,742.57,1735.91,inr,2026-09-27 09:00:00
ORD00012804,CUST002251,2026-08-22 22:00:00,DELIVERED,NETBANKING,1094.45,535.1,79.0,1455.15,2093.5,Rs,2026-09-27 09:00:00
ORD00012805,CUST000357,2026-08-27 03:00:00,PAID,CARD,1338.39,3.5,0.0,1002.41,2337.3,INR,2026-09-27 09:00:00
ORD00012806,CUST000409,2026-08-04 09:00:00,DELIVERED,WALLET,1069.04,241.64,0.0,276.87,1104.27,INR ,2026-09-27 09:00:00
ORD00012807,CUST004707,2026-08-15 05:00:00,DELIVERED,UPI,863.57,737.56,99.0,544.08,769.09,Rs,2026-09-27 09:00:00
ORD00012808,CUST001917,2026-08-31 06:00:00,PLACED,CARD,495.78,162.64,49.0,246.7,628.84,Rs,2026-09-27 09:00:00
ORD00012809,CUST000047,2026-08-31 12:00:00,PAID,NETBANKING,2106.25,980.24,79.0,1335.29,2540.3,INR,2026-09-27 09:00:00
ORD00012810,CUST002683,2026-09-10 16:00:00,DELIVERED,UPI,896.99,667.41,149.0,916.77,1295.35,Rs,2026-09-27 09:00:00
ORD00012811,CUST001958,2026-09-15 15:00:00,DELIVERED,WALLET,609.74,634.3,49.0,810.96,835.4,inr,2026-09-27 09:00:00
ORD00012812,CUST001157,2026-09-07 22:00:00,PAID,WALLET,1154.31,533.98,79.0,1183.0,1882.33,INR,2026-09-27 09:00:00
ORD00012813,CUST000338,2026-09-18 22:00:00,DELIVERED,COD,2373.29,743.92,99.0,453.43,2181.8,INR ,2026-09-27 09:00:00
ORD00012814,CUST005322,2026-09-21 06:00:00,DELIVERED,COD,1422.28,344.82,79.0,219.97,1376.43,Rs,2026-09-27 09:00:00
ORD00012815,CUST004178,2026-08-29 13:00:00,DELIVERED,WALLET,1220.27,705.86,79.0,292.4,885.81,INR,2026-09-27 09:00:00
ORD00012816,CUST001888,2026-09-25 11:00:00,PLACED,WALLET,2500.53,420.71,79.0,274.72,2433.54,Rs,2026-09-27 09:00:00
ORD00012817,CUST002332,2026-09-07 02:00:00,PAID,COD,1986.65,985.34,99.0,90.67,1190.98,inr,2026-09-27 09:00:00
ORD00012818,CUST004895,2026-09-18 01:00:00,PLACED,COD,1393.85,320.38,0.0,316.29,1389.76,INR ,2026-09-27 09:00:00
ORD00012819,CUST000751,2026-08-18 11:00:00,SHIPPED,NETBANKING,2388.2,660.88,149.0,1124.2,3000.52,inr,2026-09-27 09:00:00
ORD00012820,CUST003702,2026-08-20 04:00:00,DELIVERED,NETBANKING,631.55,806.84,149.0,646.58,620.29,INR ,2026-09-27 09:00:00
ORD00012821,CUST001128,2026-09-05 06:00:00,PAID,NETBANKING,2880.91,250.15,149.0,1183.61,3963.37,INR,2026-09-27 09:00:00
ORD00012822,CUST002408,2026-08-10 05:00:00,PAID,UPI,888.78,556.96,99.0,979.27,1410.09,INR,2026-09-27 09:00:00
ORD00012823,CUST002544,2026-09-06 01:00:00,DELIVERED,WALLET,2214.59,457.63,0.0,1429.37,3186.33,INR ,2026-09-27 09:00:00
ORD00012824,CUST004321,2026-08-09 18:00:00,SHIPPED,NETBANKING,316.86,477.11,49.0,1176.38,1065.13,Rs,2026-09-27 09:00:00
ORD00012825,CUST004518,2026-09-04 00:00:00,SHIPPED,NETBANKING,1808.62,520.9,49.0,258.89,1595.61,INR ,2026-09-27 09:00:00
ORD00012826,CUST001844,2026-09-06 12:00:00,PAID,COD,338.41,396.42,79.0,886.91,907.9,Rs,2026-09-27 09:00:00
ORD00012827,CUST001214,2026-09-13 15:00:00,DELIVERED,WALLET,740.95,148.53,79.0,650.12,1321.54,INR,2026-09-27 09:00:00
ORD00012828,CUST003766,2026-08-03 04:00:00,DELIVERED,WALLET,429.91,547.28,49.0,97.6,29.23,inr,2026-09-27 09:00:00
ORD00012829,CUST002760,2026-08-17 14:00:00,PAID,CARD,5783.96,463.73,0.0,946.69,6266.92,inr,2026-09-27 09:00:00
ORD00012830,CUST003528,2026-09-19 14:00:00,PLACED,UPI,1627.44,236.44,149.0,944.58,2484.58,INR ,2026-09-27 09:00:00
ORD00012831,CUST004688,2026-09-02 18:00:00,PAID,COD,1199.03,216.12,49.0,832.88,1864.79,inr,2026-09-27 09:00:00
ORD00012832,CUST001295,2026-09-06 19:00:00,PAID,COD,3065.65,100.02,149.0,1160.69,4275.32,Rs,2026-09-27 09:00:00
ORD00012833,CUST002434,2026-08-22 18:00:00,PLACED,UPI,1340.83,59.06,99.0,1466.01,2846.78,inr,2026-09-27 09:00:00
ORD00012834,CUST003811,2026-08-02 12:00:00,DELIVERED,COD,1816.18,757.31,149.0,848.81,2056.68,INR ,2026-09-27 09:00:00
ORD00012835,CUST003834,2026-08-14 20:00:00,PLACED,COD,3026.49,968.16,149.0,844.79,3052.12,INR ,2026-09-27 09:00:00
ORD00012836,CUST003086,2026-08-03 06:00:00,PLACED,CARD,1001.6,737.42,79.0,672.74,1015.92,inr,2026-09-27 09:00:00
ORD00012837,CUST004289,2026-08-11 18:00:00,PAID,CARD,1793.04,377.8,79.0,1166.72,2660.96,INR ,2026-09-27 09:00:00
ORD00012838,CUST002054,2026-08-19 02:00:00,DELIVERED,WALLET,1204.17,888.73,0.0,1067.57,1383.01,inr,2026-09-27 09:00:00
ORD00012839,CUST000803,2026-08-14 00:00:00,PLACED,WALLET,1435.52,101.61,79.0,593.58,2006.49,inr,2026-09-27 09:00:00
ORD00012840,CUST004056,2026-08-10 12:00:00,PAID,UPI,2001.0,468.49,149.0,787.66,2469.17,Rs,2026-09-27 09:00:00
ORD00012841,CUST001293,2026-09-13 10:00:00,PAID,WALLET,216.46,995.3,49.0,1241.19,511.35,inr,2026-09-27 09:00:00
ORD00012842,CUST003463,2026-09-15 21:00:00,DELIVERED,NETBANKING,1854.87,928.94,79.0,678.91,1683.84,INR ,2026-09-27 09:00:00
ORD00012843,CUST003075,2026-08-22 04:00:00,PAID,COD,1386.94,971.95,79.0,35.54,529.53,Rs,2026-09-27 09:00:00
ORD00012844,CUST000965,2026-08-05 04:00:00,PLACED,COD,2773.5,778.65,99.0,589.15,2683.0,INR ,2026-09-27 09:00:00
ORD00012845,CUST000004,2026-09-10 16:00:00,PAID,UPI,608.34,835.3,0.0,42.18,-184.78,INR,2026-09-27 09:00:00
ORD00012846,CUST001246,2026-09-25 02:00:00,PAID,UPI,259.01,6.98,0.0,34.14,286.17,INR ,2026-09-27 09:00:00
ORD00012847,CUST004871,2026-09-03 12:00:00,DELIVERED,WALLET,1302.97,309.9,79.0,1309.62,2381.69,INR ,2026-09-27 09:00:00
ORD00012848,CUST004247,2026-09-28 17:00:00,DELIVERED,WALLET,1725.12,340.96,99.0,713.24,2196.4,inr,2026-09-27 09:00:00
ORD00012849,CUST000948,2026-08-13 11:00:00,DELIVERED,WALLET,947.91,755.77,149.0,809.42,1150.56,INR ,2026-09-27 09:00:00
ORD00012850,CUST002057,2026-09-19 23:00:00,DELIVERED,CARD,868.64,332.07,79.0,1422.25,2037.82,Rs,2026-09-27 09:00:00
ORD00012851,CUST002457,2026-08-23 12:00:00,SHIPPED,CARD,3781.34,954.56,149.0,610.83,3586.61,Rs,2026-09-27 09:00:00
ORD00012852,CUST002093,2026-09-29 13:00:00,DELIVERED,COD,592.58,876.14,0.0,1012.45,728.89,INR ,2026-09-27 09:00:00
ORD00012853,CUST003100,2026-09-28 10:00:00,DELIVERED,CARD,2126.26,55.28,49.0,751.66,2871.64,INR,2026-09-27 09:00:00
ORD00012854,CUST001195,2026-09-20 02:00:00,DELIVERED,CARD,4038.78,261.47,149.0,238.06,4164.37,INR,2026-09-27 09:00:00
ORD00012855,CUST001150,2026-08-14 10:00:00,DELIVERED,CARD,293.42,425.26,149.0,241.3,258.46,INR ,2026-09-27 09:00:00
ORD00012856,CUST005167,2026-08-14 12:00:00,DELIVERED,CARD,882.45,540.14,49.0,52.0,443.31,inr,2026-09-27 09:00:00
ORD00012857,CUST001725,2026-08-07 11:00:00,DELIVERED,COD,1306.63,676.51,79.0,943.05,1652.17,INR ,2026-09-27 09:00:00
ORD00012858,CUST005445,2026-09-18 23:00:00,PAID,COD,4724.08,212.53,99.0,755.05,5365.6,INR,2026-09-27 09:00:00
ORD00012859,CUST003987,2026-08-18 10:00:00,DELIVERED,CARD,879.16,816.58,79.0,315.81,457.39,inr,2026-09-27 09:00:00
ORD00012860,CUST000732,2026-09-21 11:00:00,DELIVERED,UPI,674.9,994.87,79.0,1331.06,1090.09,INR,2026-09-27 09:00:00
ORD00012861,CUST000101,2026-08-07 04:00:00,DELIVERED,CARD,875.63,381.3,99.0,223.26,816.59,inr,2026-09-27 09:00:00
ORD00012862,CUST005295,2026-09-24 02:00:00,DELIVERED,WALLET,1693.4,738.91,99.0,1021.83,2075.32,INR,2026-09-27 09:00:00
ORD00012863,CUST001925,2026-08-17 01:00:00,DELIVERED,NETBANKING,1781.31,694.82,0.0,291.9,1378.39,INR,2026-09-27 09:00:00
ORD00012864,CUST004423,2026-08-09 05:00:00,PLACED,NETBANKING,1250.38,154.39,79.0,1341.99,2516.98,INR,2026-09-27 09:00:00
ORD00012865,CUST004020,2026-08-24 11:00:00,SHIPPED,CARD,1264.05,824.88,0.0,314.86,754.03,INR,2026-09-27 09:00:00
ORD00012866,CUST002685,2026-08-19 16:00:00,DELIVERED,NETBANKING,516.84,101.5,0.0,928.81,1344.15,INR,2026-09-27 09:00:00
ORD00012867,CUST000735,2026-08-17 01:00:00,DELIVERED,CARD,976.34,770.33,99.0,885.78,1190.79,inr,2026-09-27 09:00:00
ORD00012868,CUST005337,2026-09-12 11:00:00,DELIVERED,CARD,761.82,482.8,49.0,113.88,441.9,inr,2026-09-27 09:00:00
ORD00012869,CUST002257,2026-09-28 09:00:00,PAID,CARD,1146.95,652.21,0.0,1211.57,1706.31,Rs,2026-09-27 09:00:00
ORD00012870,CUST002913,2026-08-23 23:00:00,PAID,UPI,675.44,762.6,0.0,1266.56,1179.4,INR ,2026-09-27 09:00:00
ORD00012871,CUST002823,2026-09-11 03:00:00,PAID,UPI,1713.33,510.19,79.0,1423.2,2705.34,inr,2026-09-27 09:00:00
ORD00012872,CUST004206,2026-09-07 07:00:00,DELIVERED,WALLET,3541.87,601.66,149.0,810.39,3899.6,Rs,2026-09-27 09:00:00
ORD00012873,CUST002588,2026-09-22 23:00:00,DELIVERED,NETBANKING,782.3,434.46,149.0,1222.57,1719.41,INR,2026-09-27 09:00:00
ORD00012874,CUST000323,2026-09-10 19:00:00,PAID,UPI,466.07,456.14,0.0,828.28,838.21,Rs,2026-09-27 09:00:00
ORD00012875,CUST004391,2026-09-04 20:00:00,DELIVERED,NETBANKING,2169.09,2.61,99.0,675.35,2940.83,inr,2026-09-27 09:00:00
ORD00012876,CUST002330,2026-08-24 08:00:00,PLACED,UPI,802.29,14.85,49.0,962.91,1799.35,Rs,2026-09-27 09:00:00
ORD00012877,CUST001105,2026-08-06 08:00:00,SHIPPED,WALLET,861.16,865.63,0.0,1137.62,1133.15,INR,2026-09-27 09:00:00
ORD00012878,CUST001831,2026-09-18 22:00:00,DELIVERED,WALLET,328.56,768.28,49.0,53.43,-337.29,inr,2026-09-27 09:00:00
ORD00012879,CUST005020,2026-08-28 09:00:00,PLACED,NETBANKING,709.86,493.23,149.0,1433.06,1798.69,Rs,2026-09-27 09:00:00
ORD00012880,CUST001717,2026-09-21 05:00:00,SHIPPED,CARD,1624.03,71.69,99.0,999.37,2650.71,inr,2026-09-27 09:00:00
ORD00012881,CUST003444,2026-09-08 20:00:00,DELIVERED,CARD,1794.63,39.43,0.0,1267.41,3022.61,inr,2026-09-27 09:00:00
ORD00012882,CUST004303,2026-09-17 10:00:00,DELIVERED,WALLET,2143.4,464.53,49.0,1098.54,2826.41,Rs,2026-09-27 09:00:00
ORD00012883,CUST004493,2026-09-04 09:00:00,PLACED,NETBANKING,1109.75,658.05,79.0,94.56,625.26,inr,2026-09-27 09:00:00
ORD00012884,CUST005031,2026-09-24 05:00:00,PAID,CARD,1741.17,677.12,99.0,1032.05,2195.1,INR,2026-09-27 09:00:00
ORD00012885,CUST004749,2026-08-28 17:00:00,DELIVERED,WALLET,561.0,960.25,99.0,275.25,-25.0,INR ,2026-09-27 09:00:00
ORD00012886,CUST004491,2026-08-21 06:00:00,DELIVERED,NETBANKING,630.8,999.53,79.0,434.8,145.07,INR,2026-09-27 09:00:00
ORD00012887,CUST002446,2026-09-25 07:00:00,SHIPPED,NETBANKING,2752.45,849.01,0.0,1412.55,3315.99,inr,2026-09-27 09:00:00
ORD00012888,CUST003620,2026-08-17 08:00:00,PAID,COD,2059.21,991.72,0.0,162.34,1229.83,INR ,2026-09-27 09:00:00
ORD00012889,CUST005078,2026-08-18 20:00:00,SHIPPED,UPI,1704.24,475.62,79.0,1476.6,2784.22,inr,2026-09-27 09:00:00
ORD00012890,CUST004084,2026-09-23 02:00:00,SHIPPED,COD,2696.68,110.79,149.0,613.81,3348.7,inr,2026-09-27 09:00:00
ORD00012891,CUST004501,2026-08-06 20:00:00,DELIVERED,COD,752.96,355.31,79.0,486.31,962.96,INR,2026-09-27 09:00:00
ORD00012892,CUST002953,2026-08-12 14:00:00,SHIPPED,WALLET,2440.63,524.72,79.0,1396.08,3390.99,INR,2026-09-27 09:00:00
ORD00012893,CUST000414,2026-09-02 19:00:00,DELIVERED,COD,889.45,480.12,79.0,262.38,750.71,INR,2026-09-27 09:00:00
ORD00012894,CUST004606,2026-08-26 15:00:00,DELIVERED,UPI,2010.56,476.38,0.0,593.11,2127.29,inr,2026-09-27 09:00:00
ORD00012895,CUST002388,2026-09-07 04:00:00,DELIVERED,UPI,1808.51,701.07,79.0,1357.37,2543.81,INR,2026-09-27 09:00:00
ORD00012896,CUST004827,2026-08-28 07:00:00,PAID,CARD,1712.6,771.29,0.0,721.48,1662.79,inr,2026-09-27 09:00:00
ORD00012897,CUST001151,2026-09-21 13:00:00,SHIPPED,CARD,1020.67,656.34,49.0,605.65,1018.98,INR ,2026-09-27 09:00:00
ORD00012898,CUST000392,2026-09-18 13:00:00,DELIVERED,NETBANKING,1698.71,498.14,79.0,926.47,2206.04,inr,2026-09-27 09:00:00
ORD00012899,CUST004042,2026-08-26 06:00:00,SHIPPED,CARD,2049.4,510.57,0.0,370.54,1909.37,INR ,2026-09-27 09:00:00
ORD00012900,CUST002622,2026-09-01 18:00:00,DELIVERED,WALLET,936.75,991.23,49.0,903.86,898.38,Rs,2026-09-27 09:00:00
ORD00012901,CUST001900,2026-08-11 12:00:00,DELIVERED,NETBANKING,679.38,746.8,0.0,619.57,552.15,INR ,2026-09-27 09:00:00
ORD00012902,CUST003603,2026-09-11 01:00:00,SHIPPED,COD,3538.74,501.49,99.0,1227.8,4364.05,INR,2026-09-27 09:00:00
ORD00012903,CUST001160,2026-09-02 22:00:00,DELIVERED,UPI,614.49,540.96,99.0,679.47,852.0,Rs,2026-09-27 09:00:00
ORD00012904,CUST004496,2026-08-21 04:00:00,DELIVERED,WALLET,1857.44,868.34,79.0,1133.97,2202.07,INR,2026-09-27 09:00:00
ORD00012905,CUST000955,2026-09-12 01:00:00,DELIVERED,COD,924.85,373.39,99.0,577.14,1227.6,INR ,2026-09-27 09:00:00
ORD00012906,CUST001562,2026-08-19 03:00:00,PAID,WALLET,594.59,660.77,149.0,967.74,1050.56,inr,2026-09-27 09:00:00
ORD00012907,CUST000077,2026-08-24 05:00:00,SHIPPED,CARD,984.01,175.96,79.0,1470.76,2357.81,Rs,2026-09-27 09:00:00
ORD00012908,CUST005344,2026-09-03 14:00:00,PLACED,COD,561.85,393.37,99.0,1326.1,1593.58,INR ,2026-09-27 09:00:00
ORD00012909,CUST003507,2026-09-03 22:00:00,DELIVERED,COD,1534.38,99.77,149.0,813.33,2396.94,INR,2026-09-27 09:00:00
ORD00012910,CUST004347,2026-09-28 22:00:00,SHIPPED,COD,1232.86,362.99,49.0,782.91,1701.78,Rs,2026-09-27 09:00:00
ORD00012911,CUST000048,2026-08-10 13:00:00,DELIVERED,UPI,1054.91,330.08,0.0,1452.21,2177.04,Rs,2026-09-27 09:00:00
ORD00012912,CUST005390,2026-09-10 15:00:00,DELIVERED,WALLET,7580.24,188.78,99.0,424.31,7914.77,inr,2026-09-27 09:00:00
ORD00012913,CUST004742,2026-09-16 21:00:00,DELIVERED,CARD,1430.76,506.99,99.0,1372.28,2395.05,inr,2026-09-27 09:00:00
ORD00012914,CUST004060,2026-08-03 23:00:00,DELIVERED,UPI,3116.55,859.09,99.0,761.27,3117.73,Rs,2026-09-27 09:00:00
ORD00012915,CUST001359,2026-08-18 18:00:00,DELIVERED,UPI,1566.16,296.7,79.0,369.54,1718.0,INR ,2026-09-27 09:00:00
ORD00012916,CUST000724,2026-08-09 01:00:00,SHIPPED,UPI,493.17,562.26,0.0,462.43,393.34,INR ,2026-09-27 09:00:00
ORD00012917,CUST004467,2026-08-31 04:00:00,DELIVERED,CARD,2587.41,69.92,49.0,867.49,3433.98,inr,2026-09-27 09:00:00
ORD00012918,CUST000545,2026-08-06 17:00:00,PLACED,COD,411.53,679.58,99.0,587.33,418.28,inr,2026-09-27 09:00:00
ORD00012919,CUST001693,2026-09-27 06:00:00,DELIVERED,CARD,910.27,433.82,99.0,1386.12,1961.57,INR,2026-09-27 09:00:00
ORD00012920,CUST003589,2026-09-11 13:00:00,DELIVERED,COD,551.13,192.55,0.0,128.77,487.35,inr,2026-09-27 09:00:00
ORD00012921,CUST002271,2026-08-22 04:00:00,DELIVERED,CARD,2999.36,481.45,149.0,715.74,3382.65,inr,2026-09-27 09:00:00
ORD00012922,CUST000616,2026-08-13 16:00:00,PAID,COD,1759.61,480.25,149.0,810.27,2238.63,Rs,2026-09-27 09:00:00
ORD00012923,CUST002346,2026-09-06 06:00:00,PAID,NETBANKING,1227.09,377.88,49.0,1187.01,2085.22,inr,2026-09-27 09:00:00
ORD00012924,CUST002675,2026-09-15 21:00:00,PAID,UPI,738.31,217.44,79.0,450.52,1050.39,Rs,2026-09-27 09:00:00
ORD00012925,CUST001370,2026-09-14 19:00:00,SHIPPED,UPI,2755.32,401.37,79.0,131.02,2563.97,inr,2026-09-27 09:00:00
ORD00012926,CUST004855,2026-08-26 11:00:00,SHIPPED,WALLET,355.83,232.67,49.0,1014.61,1186.77,inr,2026-09-27 09:00:00
ORD00012927,CUST003794,2026-08-26 02:00:00,PAID,COD,1060.03,357.32,0.0,933.48,1636.19,INR ,2026-09-27 09:00:00
ORD00012928,CUST001826,2026-09-06 09:00:00,DELIVERED,UPI,1133.25,801.58,99.0,1077.81,1508.48,INR ,2026-09-27 09:00:00
ORD00012929,CUST002004,2026-08-01 11:00:00,DELIVERED,CARD,615.93,246.46,49.0,1494.59,1913.06,Rs,2026-09-27 09:00:00
ORD00012930,CUST004017,2026-08-29 04:00:00,PLACED,COD,1464.65,267.36,0.0,418.39,1615.68,INR,2026-09-27 09:00:00
ORD00012931,CUST001013,2026-09-20 16:00:00,DELIVERED,WALLET,804.66,719.73,99.0,786.4,970.33,Rs,2026-09-27 09:00:00
ORD00012932,CUST003382,2026-09-22 07:00:00,SHIPPED,COD,1145.02,608.92,79.0,1342.17,1957.27,Rs,2026-09-27 09:00:00
ORD00012933,CUST002590,2026-08-11 10:00:00,DELIVERED,WALLET,771.76,786.38,0.0,425.73,411.11,INR ,2026-09-27 09:00:00
ORD00012934,CUST001739,2026-08-28 00:00:00,SHIPPED,COD,2197.8,38.19,49.0,455.73,2664.34,INR,2026-09-27 09:00:00
ORD00012935,CUST004528,2026-09-27 19:00:00,DELIVERED,UPI,2578.26,991.45,49.0,797.71,2433.52,inr,2026-09-27 09:00:00
ORD00012936,CUST005058,2026-09-15 06:00:00,DELIVERED,NETBANKING,744.08,381.47,79.0,597.54,1039.15,inr,2026-09-27 09:00:00
ORD00012937,CUST001615,2026-09-06 19:00:00,DELIVERED,COD,1004.78,33.08,99.0,875.25,1945.95,Rs,2026-09-27 09:00:00
ORD00012938,CUST002968,2026-09-06 18:00:00,DELIVERED,UPI,961.29,273.74,99.0,1473.15,2259.7,Rs,2026-09-27 09:00:00
ORD00012939,CUST004228,2026-09-24 20:00:00,SHIPPED,COD,1433.29,748.18,0.0,739.9,1425.01,Rs,2026-09-27 09:00:00
ORD00012940,CUST002775,2026-08-26 22:00:00,DELIVERED,NETBANKING,617.03,975.86,99.0,1279.44,1019.61,inr,2026-09-27 09:00:00
ORD00012941,CUST002188,2026-09-27 21:00:00,PLACED,COD,1017.22,256.57,79.0,32.49,872.14,INR ,2026-09-27 09:00:00
ORD00012942,CUST002375,2026-08-30 07:00:00,DELIVERED,CARD,1271.43,860.1,49.0,1461.23,1921.56,INR ,2026-09-27 09:00:00
ORD00012943,CUST004494,2026-08-08 17:00:00,PLACED,CARD,441.75,1.46,49.0,527.74,1017.03,INR,2026-09-27 09:00:00
ORD00012944,CUST003726,2026-09-02 08:00:00,DELIVERED,NETBANKING,1212.73,818.71,79.0,1237.27,1710.29,INR,2026-09-27 09:00:00
ORD00012945,CUST005192,2026-09-14 17:00:00,DELIVERED,UPI,1706.06,128.98,99.0,1054.46,2730.54,INR ,2026-09-27 09:00:00
ORD00012946,CUST001862,2026-08-07 13:00:00,PAID,WALLET,738.33,316.01,79.0,419.51,920.83,INR,2026-09-27 09:00:00
ORD00012947,CUST002577,2026-09-28 23:00:00,DELIVERED,CARD,1521.12,904.17,99.0,1226.31,1942.26,Rs,2026-09-27 09:00:00
ORD00012948,CUST000096,2026-08-23 07:00:00,DELIVERED,COD,1594.07,768.22,99.0,811.1,1735.95,inr,2026-09-27 09:00:00
ORD00012949,CUST000252,2026-08-20 11:00:00,SHIPPED,UPI,1390.06,106.75,79.0,894.92,2257.23,inr,2026-09-27 09:00:00
ORD00012950,CUST002204,2026-08-27 08:00:00,DELIVERED,NETBANKING,784.9,321.64,99.0,992.15,1554.41,INR ,2026-09-27 09:00:00
ORD00012951,CUST003935,2026-08-08 22:00:00,SHIPPED,COD,1026.55,364.37,49.0,47.28,758.46,inr,2026-09-27 09:00:00
ORD00012952,CUST002538,2026-08-19 01:00:00,SHIPPED,COD,729.7,832.6,99.0,1174.18,1170.28,INR ,2026-09-27 09:00:00
ORD00012953,CUST005121,2026-09-17 09:00:00,SHIPPED,UPI,7361.98,233.9,49.0,996.44,8173.52,Rs,2026-09-27 09:00:00
ORD00012954,CUST005452,2026-09-17 09:00:00,DELIVERED,WALLET,1348.17,676.18,99.0,850.26,1621.25,Rs,2026-09-27 09:00:00
ORD00012955,CUST002021,2026-09-20 07:00:00,DELIVERED,COD,1768.24,45.22,149.0,952.27,2824.29,INR ,2026-09-27 09:00:00
ORD00012956,CUST005407,2026-09-28 03:00:00,SHIPPED,CARD,745.81,904.23,149.0,23.1,13.68,INR,2026-09-27 09:00:00
ORD00012957,CUST000953,2026-09-21 09:00:00,SHIPPED,UPI,1643.21,820.41,79.0,1080.04,1981.84,Rs,2026-09-27 09:00:00
ORD00012958,CUST002470,2026-09-01 04:00:00,PAID,COD,1983.94,780.15,0.0,801.33,2005.12,Rs,2026-09-27 09:00:00
ORD00012959,CUST005341,2026-09-24 22:00:00,SHIPPED,CARD,740.08,269.67,0.0,756.89,1227.3,Rs,2026-09-27 09:00:00
ORD00012960,CUST005077,2026-08-18 16:00:00,SHIPPED,NETBANKING,653.76,974.18,99.0,1236.56,1015.14,INR,2026-09-27 09:00:00
ORD00012961,CUST001803,2026-08-26 01:00:00,DELIVERED,COD,921.95,384.45,0.0,910.12,1447.62,INR,2026-09-27 09:00:00
ORD00012962,CUST003588,2026-09-23 23:00:00,DELIVERED,WALLET,2515.67,168.46,49.0,1460.55,3856.76,inr,2026-09-27 09:00:00
ORD00012963,CUST000021,2026-09-21 18:00:00,SHIPPED,WALLET,1616.35,785.12,49.0,896.0,1776.23,inr,2026-09-27 09:00:00
ORD00012964,CUST002165,2026-09-09 05:00:00,DELIVERED,WALLET,927.06,451.74,99.0,328.98,903.3,INR,2026-09-27 09:00:00
ORD00012965,CUST003586,2026-09-14 03:00:00,SHIPPED,CARD,2490.1,168.74,0.0,187.23,2508.59,INR ,2026-09-27 09:00:00
ORD00012966,CUST001680,2026-09-28 11:00:00,SHIPPED,CARD,2680.47,63.45,0.0,79.44,2696.46,INR ,2026-09-27 09:00:00
ORD00012967,CUST005333,2026-09-04 22:00:00,SHIPPED,UPI,1923.0,600.1,0.0,1485.37,2808.27,Rs,2026-09-27 09:00:00
ORD00012968,CUST002873,2026-08-09 19:00:00,PAID,NETBANKING,1908.93,883.94,99.0,840.99,1964.98,INR,2026-09-27 09:00:00
ORD00012969,CUST002335,2026-09-24 18:00:00,DELIVERED,CARD,1500.98,875.03,0.0,1424.48,2050.43,inr,2026-09-27 09:00:00
ORD00012970,CUST002730,2026-09-24 20:00:00,DELIVERED,CARD,1881.03,392.51,99.0,1391.78,2979.3,Rs,2026-09-27 09:00:00
ORD00012971,CUST005484,2026-09-14 22:00:00,PLACED,COD,455.47,892.64,0.0,1127.23,690.06,Rs,2026-09-27 09:00:00
ORD00012972,CUST003660,2026-09-08 00:00:00,DELIVERED,NETBANKING,1565.77,612.46,149.0,1264.72,2367.03,INR,2026-09-27 09:00:00
ORD00012973,CUST004769,2026-08-27 20:00:00,DELIVERED,UPI,649.37,653.56,99.0,51.1,145.91,Rs,2026-09-27 09:00:00
ORD00012974,CUST003881,2026-09-05 02:00:00,PAID,UPI,1583.98,606.25,149.0,46.75,1173.48,INR ,2026-09-27 09:00:00
ORD00012975,CUST001905,2026-08-11 20:00:00,SHIPPED,WALLET,1329.4,741.45,49.0,1048.59,1685.54,Rs,2026-09-27 09:00:00
ORD00012976,CUST001548,2026-08-02 09:00:00,SHIPPED,WALLET,3222.87,288.58,49.0,1083.93,4067.22,inr,2026-09-27 09:00:00
ORD00012977,CUST003075,2026-08-26 10:00:00,SHIPPED,WALLET,3880.99,766.03,149.0,948.32,4212.28,Rs,2026-09-27 09:00:00
ORD00012978,CUST001273,2026-08-05 01:00:00,PLACED,WALLET,327.27,121.43,79.0,1002.44,1287.28,INR,2026-09-27 09:00:00
ORD00012979,CUST004777,2026-08-11 10:00:00,DELIVERED,COD,1930.76,481.45,0.0,652.11,2101.42,inr,2026-09-27 09:00:00
ORD00012980,CUST001435,2026-09-08 23:00:00,SHIPPED,UPI,1057.37,294.54,49.0,661.58,1473.41,Rs,2026-09-27 09:00:00
ORD00012981,CUST003426,2026-08-06 06:00:00,PLACED,WALLET,744.4,564.28,0.0,492.35,672.47,INR ,2026-09-27 09:00:00
ORD00012982,CUST004080,2026-08-22 04:00:00,DELIVERED,COD,478.34,618.34,99.0,1340.69,1299.69,Rs,2026-09-27 09:00:00
ORD00012983,CUST003898,2026-08-07 22:00:00,PAID,CARD,1507.28,970.84,0.0,923.01,1459.45,INR,2026-09-27 09:00:00
ORD00012984,CUST003395,2026-09-27 04:00:00,DELIVERED,COD,857.76,960.66,0.0,558.67,455.77,Rs,2026-09-27 09:00:00
ORD00012985,CUST000940,2026-09-22 06:00:00,DELIVERED,UPI,2736.34,713.62,0.0,1303.35,3326.07,Rs,2026-09-27 09:00:00
ORD00012986,CUST003026,2026-09-02 11:00:00,PAID,NETBANKING,746.3,670.66,149.0,997.15,1221.79,INR ,2026-09-27 09:00:00
ORD00012987,CUST001717,2026-08-13 16:00:00,PAID,CARD,7792.85,366.5,0.0,610.31,8036.66,Rs,2026-09-27 09:00:00
ORD00012988,CUST005378,2026-09-08 08:00:00,DELIVERED,WALLET,1493.68,90.49,149.0,260.82,1813.01,INR ,2026-09-27 09:00:00
ORD00012989,CUST004348,2026-08-22 07:00:00,DELIVERED,COD,1488.41,200.38,149.0,551.9,1988.93,INR,2026-09-27 09:00:00
ORD00012990,CUST004867,2026-08-20 10:00:00,PAID,NETBANKING,478.36,574.01,149.0,857.73,911.08,Rs,2026-09-27 09:00:00
ORD00012991,CUST000401,2026-08-22 06:00:00,DELIVERED,CARD,1005.75,336.62,79.0,799.99,1548.12,inr,2026-09-27 09:00:00
ORD00012992,CUST004925,2026-08-24 17:00:00,SHIPPED,COD,950.18,466.33,149.0,434.46,1067.31,inr,2026-09-27 09:00:00
ORD00012993,CUST003860,2026-09-11 17:00:00,DELIVERED,WALLET,4319.63,527.13,0.0,780.71,4573.21,INR ,2026-09-27 09:00:00
ORD00012994,CUST004369,2026-09-06 22:00:00,PAID,NETBANKING,354.74,662.42,79.0,785.83,557.15,inr,2026-09-27 09:00:00
ORD00012995,CUST002199,2026-09-16 17:00:00,PLACED,NETBANKING,810.66,358.02,79.0,394.24,925.88,INR,2026-09-27 09:00:00
ORD00012996,CUST000349,2026-08-29 00:00:00,PLACED,WALLET,433.59,268.74,99.0,1098.95,1362.8,inr ,2026-09-27 09:00:00
ORD00012997,CUST001547,2026-09-09 11:00:00,PAID,UPI,1698.56,60.39,0.0,268.08,1906.25,Rs,2026-09-27 09:00:00
ORD00012998,CUST000520,2026-09-15 12:00:00,PAID,NETBANKING,876.1,142.21,49.0,553.24,1336.13,INR,2026-09-27 09:00:00
ORD00012999,CUST004070,2026-08-11 10:00:00,DELIVERED,CARD,1350.61,219.97,99.0,127.16,1356.8,INR ,2026-09-27 09:00:00
ORD00013000,CUST003001,2026-08-27 10:00:00,DELIVERED,COD,618.63,528.99,49.0,1436.45,1575.09,inr,2026-09-27 09:00:00
ORD00013001,CUST004763,2026-08-04 23:00:00,PLACED,CARD,1485.1,266.38,99.0,235.86,1553.58,inr,2026-09-27 09:00:00
ORD00013002,CUST005482,2026-09-12 22:00:00,DELIVERED,UPI,836.39,547.61,79.0,790.21,1157.99,Rs,2026-09-27 09:00:00
ORD00013003,CUST000994,2026-08-29 15:00:00,PAID,COD,568.45,645.08,149.0,587.33,659.7,INR,2026-09-27 09:00:00
ORD00013004,CUST002541,2026-08-22 01:00:00,PAID,WALLET,1331.66,36.96,149.0,781.91,2225.61,inr,2026-09-27 09:00:00
ORD00013005,CUST003580,2026-08-12 00:00:00,PLACED,UPI,1426.25,809.53,0.0,999.71,1616.43,inr,2026-09-27 09:00:00
ORD00013006,CUST002316,2026-09-28 12:00:00,DELIVERED,COD,532.1,540.25,0.0,215.71,207.56,Rs,2026-09-27 09:00:00
ORD00013007,CUST001041,2026-09-25 05:00:00,SHIPPED,COD,911.55,725.48,149.0,866.23,1201.3,inr,2026-09-27 09:00:00
ORD00013008,CUST002276,2026-08-19 04:00:00,PAID,WALLET,2303.4,535.05,99.0,80.05,1947.4,inr,2026-09-27 09:00:00
ORD00013009,CUST002336,2026-09-17 01:00:00,DELIVERED,NETBANKING,1830.49,234.73,99.0,844.27,2539.03,Rs,2026-09-27 09:00:00
ORD00013010,CUST003315,2026-08-02 20:00:00,DELIVERED,COD,373.76,528.98,99.0,30.5,-25.72,INR ,2026-09-27 09:00:00
ORD00013011,CUST004530,2026-09-19 08:00:00,PLACED,CARD,2581.37,198.93,149.0,1266.99,3798.43,inr,2026-09-27 09:00:00
ORD00013012,CUST000576,2026-08-27 23:00:00,PAID,NETBANKING,670.64,402.46,99.0,1284.17,1651.35,Rs,2026-09-27 09:00:00
ORD00013013,CUST003276,2026-09-02 04:00:00,SHIPPED,UPI,1781.22,759.56,99.0,806.34,1927.0,INR,2026-09-27 09:00:00
ORD00013014,CUST000345,2026-09-09 08:00:00,PLACED,NETBANKING,1880.61,924.1,149.0,254.97,1360.48,INR ,2026-09-27 09:00:00
ORD00013015,CUST001949,2026-09-04 01:00:00,DELIVERED,UPI,1048.33,63.43,79.0,559.24,1623.14,Rs,2026-09-27 09:00:00
ORD00013016,CUST001611,2026-09-01 20:00:00,PAID,UPI,910.83,819.58,79.0,130.41,300.66,Rs,2026-09-27 09:00:00
ORD00013017,CUST000753,2026-09-25 08:00:00,DELIVERED,NETBANKING,1148.26,531.8,99.0,819.41,1534.87,INR ,2026-09-27 09:00:00
ORD00013018,CUST002209,2026-08-17 03:00:00,PLACED,COD,3560.23,70.18,149.0,741.84,4380.89,INR ,2026-09-27 09:00:00
ORD00013019,CUST004858,2026-09-23 06:00:00,SHIPPED,CARD,1696.1,875.12,0.0,156.35,977.33,Rs,2026-09-27 09:00:00
ORD00013020,CUST001288,2026-08-31 08:00:00,PAID,WALLET,3652.42,768.33,79.0,624.31,3587.4,inr,2026-09-27 09:00:00
ORD00013021,CUST001469,2026-09-10 01:00:00,PAID,UPI,708.1,726.07,0.0,332.09,314.12,inr,2026-09-27 09:00:00
ORD00013022,CUST004613,2026-09-06 08:00:00,DELIVERED,NETBANKING,2270.11,72.45,99.0,777.84,3074.5,INR,2026-09-27 09:00:00
ORD00013023,CUST004482,2026-08-28 12:00:00,PLACED,COD,775.96,696.06,79.0,1404.23,1563.13,INR,2026-09-27 09:00:00
ORD00013024,CUST002027,2026-08-18 22:00:00,PLACED,UPI,1739.98,69.5,149.0,260.51,2079.99,Rs,2026-09-27 09:00:00
ORD00013025,CUST001985,2026-09-09 05:00:00,PAID,UPI,537.05,462.92,79.0,134.02,287.15,inr,2026-09-27 09:00:00
ORD00013026,CUST003732,2026-09-27 05:00:00,PLACED,CARD,1882.88,222.74,99.0,990.01,2749.15,inr,2026-09-27 09:00:00
ORD00013027,CUST003555,2026-08-31 00:00:00,DELIVERED,COD,912.96,403.96,0.0,934.73,1443.73,INR ,2026-09-27 09:00:00
ORD00013028,CUST004532,2026-08-04 06:00:00,DELIVERED,WALLET,1794.47,841.8,99.0,211.5,1263.17,INR,2026-09-27 09:00:00
ORD00013029,CUST001401,2026-08-25 20:00:00,PAID,NETBANKING,3347.79,105.51,99.0,697.96,4039.24,Rs,2026-09-27 09:00:00
ORD00013030,CUST002304,2026-09-10 03:00:00,DELIVERED,CARD,3808.49,689.49,0.0,404.9,3523.9,INR ,2026-09-27 09:00:00
ORD00013031,CUST003487,2026-09-10 02:00:00,DELIVERED,COD,1396.05,42.4,99.0,690.77,2143.42,INR ,2026-09-27 09:00:00
ORD00013032,CUST000441,2026-08-26 06:00:00,DELIVERED,NETBANKING,1093.36,612.8,79.0,351.1,910.66,Rs,2026-09-27 09:00:00
ORD00013033,CUST000928,2026-08-04 13:00:00,SHIPPED,WALLET,2362.73,332.51,0.0,1414.42,3444.64,Rs,2026-09-27 09:00:00
ORD00013034,CUST002936,2026-08-06 00:00:00,DELIVERED,NETBANKING,1778.22,841.61,79.0,736.38,1751.99,inr,2026-09-27 09:00:00
ORD00013035,CUST004608,2026-09-26 23:00:00,DELIVERED,NETBANKING,570.33,252.51,49.0,605.66,972.48,inr,2026-09-27 09:00:00
ORD00013036,CUST005397,2026-08-05 04:00:00,SHIPPED,WALLET,1693.68,304.07,99.0,232.49,1721.1,Rs,2026-09-27 09:00:00
ORD00013037,CUST003455,2026-08-19 05:00:00,DELIVERED,WALLET,1807.48,173.4,0.0,503.42,2137.5,INR,2026-09-27 09:00:00
ORD00013038,CUST005027,2026-08-18 08:00:00,DELIVERED,UPI,988.14,948.61,149.0,455.46,643.99,inr,2026-09-27 09:00:00
ORD00013039,CUST003637,2026-08-26 14:00:00,DELIVERED,COD,402.17,721.17,49.0,758.27,488.27,INR,2026-09-27 09:00:00
ORD00013040,CUST000988,2026-08-27 00:00:00,SHIPPED,NETBANKING,1872.52,830.22,0.0,1314.39,2356.69,Rs,2026-09-27 09:00:00
ORD00013041,CUST003705,2026-09-25 23:00:00,DELIVERED,CARD,494.16,254.17,79.0,1184.14,1503.13,INR ,2026-09-27 09:00:00
ORD00013042,CUST002864,2026-09-13 19:00:00,DELIVERED,NETBANKING,602.61,643.15,0.0,644.47,603.93,Rs,2026-09-27 09:00:00
ORD00013043,CUST001256,2026-08-12 07:00:00,DELIVERED,UPI,1228.97,515.4,0.0,1338.81,2052.38,INR,2026-09-27 09:00:00
ORD00013044,CUST004882,2026-08-14 20:00:00,SHIPPED,COD,744.86,105.61,99.0,1456.28,2194.53,inr,2026-09-27 09:00:00
ORD00013045,CUST001288,2026-08-24 08:00:00,DELIVERED,NETBANKING,3229.17,250.47,79.0,112.25,3169.95,INR,2026-09-27 09:00:00
ORD00013046,CUST000525,2026-09-17 22:00:00,SHIPPED,NETBANKING,1514.11,180.08,0.0,56.05,1390.08,inr,2026-09-27 09:00:00
ORD00013047,CUST004172,2026-09-18 04:00:00,PAID,COD,1129.23,481.21,0.0,1421.0,2069.02,inr,2026-09-27 09:00:00
ORD00013048,CUST000550,2026-09-13 20:00:00,PAID,CARD,1041.06,104.64,79.0,755.26,1770.68,INR ,2026-09-27 09:00:00
ORD00013049,CUST005255,2026-09-28 19:00:00,DELIVERED,CARD,748.28,599.72,79.0,949.64,1177.2,inr,2026-09-27 09:00:00
ORD00013050,CUST002279,2026-08-07 05:00:00,SHIPPED,CARD,1181.28,200.86,79.0,915.37,1974.79,INR ,2026-09-27 09:00:00
ORD00013051,CUST002456,2026-09-29 20:00:00,PAID,UPI,931.58,226.41,79.0,943.69,1727.86,Rs,2026-09-27 09:00:00
ORD00013052,CUST001339,2026-09-08 21:00:00,DELIVERED,CARD,644.2,564.7,0.0,280.06,359.56,inr,2026-09-27 09:00:00
ORD00013053,CUST000261,2026-08-05 00:00:00,PAID,CARD,1146.09,635.07,49.0,472.51,1032.53,inr,2026-09-27 09:00:00
ORD00013054,CUST000627,2026-08-04 12:00:00,PAID,WALLET,1672.34,363.12,79.0,957.31,2345.53,inr,2026-09-27 09:00:00
ORD00013055,CUST003043,2026-09-28 06:00:00,DELIVERED,UPI,1733.41,678.98,49.0,1191.67,2295.1,INR,2026-09-27 09:00:00
ORD00013056,CUST004735,2026-09-11 11:00:00,SHIPPED,COD,1476.65,65.8,99.0,498.59,2008.44,inr,2026-09-27 09:00:00
ORD00013057,CUST002686,2026-09-28 21:00:00,PAID,CARD,1091.28,765.56,0.0,721.3,1047.02,INR ,2026-09-27 09:00:00
ORD00013058,CUST004203,2026-08-14 13:00:00,DELIVERED,CARD,2804.8,209.66,99.0,1239.72,3933.86,Rs,2026-09-27 09:00:00
ORD00013059,CUST003904,2026-08-11 09:00:00,PLACED,WALLET,593.51,714.24,79.0,863.55,821.82,INR ,2026-09-27 09:00:00
ORD00013060,CUST001858,2026-09-04 03:00:00,PAID,WALLET,4185.05,943.92,99.0,392.97,3733.1,Rs,2026-09-27 09:00:00
ORD00013061,CUST000379,2026-09-21 09:00:00,SHIPPED,CARD,1515.94,255.46,99.0,986.61,2346.09,inr ,2026-09-27 09:00:00
ORD00013062,CUST001550,2026-09-29 23:00:00,DELIVERED,CARD,1136.59,210.31,79.0,1310.26,2315.54,INR,2026-09-27 09:00:00
ORD00013063,CUST004393,2026-09-16 17:00:00,PAID,NETBANKING,535.06,918.82,99.0,1132.9,848.14,inr,2026-09-27 09:00:00
ORD00013064,CUST005381,2026-08-05 08:00:00,DELIVERED,COD,682.26,657.92,0.0,471.81,496.15,INR ,2026-09-27 09:00:00
ORD00013065,CUST004899,2026-09-04 10:00:00,SHIPPED,UPI,2507.41,868.63,149.0,808.04,2595.82,INR,2026-09-27 09:00:00
ORD00013066,CUST003749,2026-08-31 08:00:00,DELIVERED,COD,1810.28,190.46,79.0,767.5,2466.32,INR,2026-09-27 09:00:00
ORD00013067,CUST003578,2026-09-15 16:00:00,DELIVERED,CARD,1377.38,345.55,49.0,659.28,1740.11,INR ,2026-09-27 09:00:00
ORD00013068,CUST004814,2026-08-22 03:00:00,DELIVERED,CARD,949.48,959.71,0.0,782.78,772.55,Rs,2026-09-27 09:00:00
ORD00013069,CUST003021,2026-09-11 21:00:00,SHIPPED,NETBANKING,2089.11,773.02,49.0,953.48,2318.57,INR,2026-09-27 09:00:00
ORD00013070,CUST003433,2026-08-15 17:00:00,DELIVERED,CARD,1531.9,664.45,49.0,301.18,1217.63,Rs,2026-09-27 09:00:00
ORD00013071,CUST002436,2026-08-09 17:00:00,SHIPPED,WALLET,719.51,42.6,149.0,275.67,1101.58,inr,2026-09-27 09:00:00
ORD00013072,CUST003827,2026-09-09 07:00:00,PAID,NETBANKING,618.77,368.92,0.0,986.82,1236.67,inr,2026-09-27 09:00:00
ORD00013073,CUST002263,2026-08-18 01:00:00,PLACED,NETBANKING,2443.83,229.5,79.0,139.06,2432.39,inr,2026-09-27 09:00:00
ORD00013074,CUST004258,2026-08-29 12:00:00,DELIVERED,CARD,1577.76,570.14,0.0,60.76,1068.38,INR ,2026-09-27 09:00:00
ORD00013075,CUST004122,2026-08-02 21:00:00,PAID,NETBANKING,2323.24,992.89,99.0,841.71,2271.06,Rs,2026-09-27 09:00:00
ORD00013076,CUST001486,2026-09-17 01:00:00,PLACED,WALLET,660.34,554.4,149.0,1273.57,1528.51,INR,2026-09-27 09:00:00
ORD00013077,CUST005195,2026-08-09 21:00:00,PAID,COD,1108.34,964.25,0.0,282.55,426.64,inr,2026-09-27 09:00:00
ORD00013078,CUST002012,2026-08-10 05:00:00,SHIPPED,WALLET,1038.76,571.59,49.0,1329.56,1845.73,Rs,2026-09-27 09:00:00
ORD00013079,CUST003104,2026-08-22 16:00:00,DELIVERED,WALLET,1607.42,206.91,79.0,25.46,1504.97,Rs,2026-09-27 09:00:00
ORD00013080,CUST000385,2026-08-28 11:00:00,DELIVERED,UPI,1049.02,623.58,0.0,620.05,1045.49,inr,2026-09-27 09:00:00
ORD00013081,CUST004183,2026-08-01 20:00:00,PAID,CARD,1773.31,434.24,149.0,617.62,2105.69,Rs,2026-09-27 09:00:00
ORD00013082,CUST003873,2026-09-06 05:00:00,DELIVERED,NETBANKING,831.84,31.16,79.0,364.24,1243.92,INR,2026-09-27 09:00:00
ORD00013083,CUST001267,2026-09-15 13:00:00,DELIVERED,COD,2392.7,848.58,49.0,866.56,2459.68,inr,2026-09-27 09:00:00
ORD00013084,CUST003751,2026-08-08 14:00:00,DELIVERED,WALLET,680.63,183.07,79.0,1328.07,1904.63,Rs,2026-09-27 09:00:00
ORD00013085,CUST003132,2026-09-02 14:00:00,DELIVERED,UPI,864.82,557.39,79.0,699.93,1086.36,INR ,2026-09-27 09:00:00
ORD00013086,CUST001054,2026-08-21 19:00:00,SHIPPED,NETBANKING,566.87,843.72,49.0,103.79,-124.06,INR,2026-09-27 09:00:00
ORD00013087,CUST002399,2026-09-29 00:00:00,PAID,CARD,1389.53,831.98,149.0,264.78,971.33,INR ,2026-09-27 09:00:00
ORD00013088,CUST005024,2026-09-27 09:00:00,DELIVERED,CARD,2253.44,621.84,99.0,903.2,2633.8,INR ,2026-09-27 09:00:00
ORD00013089,CUST004609,2026-08-19 08:00:00,DELIVERED,CARD,570.61,292.31,79.0,677.32,1034.62,INR,2026-09-27 09:00:00
ORD00013090,CUST004950,2026-08-31 15:00:00,PLACED,COD,1371.85,770.21,149.0,537.09,1287.73,INR ,2026-09-27 09:00:00
ORD00013091,CUST000644,2026-09-04 20:00:00,DELIVERED,NETBANKING,1058.1,526.44,49.0,875.61,1456.27,INR ,2026-09-27 09:00:00
ORD00013092,CUST003722,2026-09-08 20:00:00,SHIPPED,COD,802.82,217.72,49.0,762.34,1396.44,INR,2026-09-27 09:00:00
ORD00013093,CUST004521,2026-08-28 18:00:00,DELIVERED,NETBANKING,366.21,874.74,49.0,810.38,350.85,INR,2026-09-27 09:00:00
ORD00013094,CUST000237,2026-09-22 23:00:00,DELIVERED,COD,926.51,45.84,99.0,927.33,1907.0,INR ,2026-09-27 09:00:00
ORD00013095,CUST000311,2026-08-28 16:00:00,DELIVERED,COD,799.61,399.52,99.0,256.39,755.48,INR ,2026-09-27 09:00:00
ORD00013096,CUST005240,2026-08-29 01:00:00,SHIPPED,CARD,1203.72,620.03,149.0,259.25,991.94,inr,2026-09-27 09:00:00
ORD00013097,CUST001050,2026-08-03 04:00:00,PLACED,NETBANKING,1322.74,432.58,0.0,169.84,1060.0,INR ,2026-09-27 09:00:00
ORD00013098,CUST002353,2026-09-21 10:00:00,DELIVERED,NETBANKING,2192.88,478.87,99.0,111.74,1924.75,inr,2026-09-27 09:00:00
ORD00013099,CUST005040,2026-09-29 15:00:00,DELIVERED,UPI,5718.16,11.42,49.0,1026.37,6782.11,Rs,2026-09-27 09:00:00
ORD00013100,CUST000627,2026-09-24 15:00:00,SHIPPED,CARD,2477.68,898.66,79.0,668.83,2326.85,inr,2026-09-27 09:00:00
ORD00013101,CUST004673,2026-08-22 04:00:00,DELIVERED,UPI,1350.66,823.12,79.0,549.37,1155.91,INR,2026-09-27 09:00:00
ORD00013102,CUST005173,2026-09-17 11:00:00,DELIVERED,NETBANKING,878.82,256.04,149.0,1170.49,1942.27,INR,2026-09-27 09:00:00
ORD00013103,CUST001744,2026-09-24 05:00:00,SHIPPED,WALLET,783.56,692.73,149.0,500.25,740.08,Rs,2026-09-27 09:00:00
ORD00013104,CUST000224,2026-09-19 04:00:00,PAID,COD,360.6,601.65,0.0,1066.26,825.21,INR ,2026-09-27 09:00:00
ORD00013105,CUST005182,2026-08-08 16:00:00,DELIVERED,CARD,549.88,539.89,149.0,1315.61,1474.6,INR ,2026-09-27 09:00:00
ORD00013106,CUST003839,2026-09-12 16:00:00,DELIVERED,CARD,1050.69,49.35,99.0,1071.24,2171.58,inr,2026-09-27 09:00:00
ORD00013107,CUST000901,2026-08-08 15:00:00,DELIVERED,NETBANKING,2931.36,693.92,79.0,431.09,2747.53,inr,2026-09-27 09:00:00
ORD00013108,CUST003004,2026-08-02 19:00:00,SHIPPED,UPI,1540.73,159.81,49.0,76.68,1506.6,inr,2026-09-27 09:00:00
ORD00013109,CUST002981,2026-08-09 03:00:00,SHIPPED,CARD,857.89,925.66,99.0,390.87,422.1,Rs,2026-09-27 09:00:00
ORD00013110,CUST001010,2026-09-22 06:00:00,PLACED,WALLET,1220.1,907.94,79.0,875.52,1266.68,inr,2026-09-27 09:00:00
ORD00013111,CUST003883,2026-08-20 00:00:00,DELIVERED,WALLET,457.35,264.76,99.0,470.46,762.05,Rs,2026-09-27 09:00:00
ORD00013112,CUST004058,2026-08-14 15:00:00,PAID,CARD,3091.71,567.38,99.0,559.05,3182.38,INR ,2026-09-27 09:00:00
ORD00013113,CUST002876,2026-08-25 16:00:00,DELIVERED,UPI,1911.46,731.14,99.0,1476.62,2755.94,Rs,2026-09-27 09:00:00
ORD00013114,CUST003997,2026-09-02 14:00:00,SHIPPED,NETBANKING,869.45,331.98,79.0,1224.25,1840.72,INR ,2026-09-27 09:00:00
ORD00013115,CUST003354,2026-08-08 09:00:00,PAID,COD,1426.81,541.85,79.0,383.5,1347.46,Rs,2026-09-27 09:00:00
ORD00013116,CUST000082,2026-09-17 14:00:00,DELIVERED,UPI,1464.71,188.35,0.0,1364.25,2640.61,INR,2026-09-27 09:00:00
ORD00013117,CUST005419,2026-09-22 07:00:00,DELIVERED,UPI,1632.27,236.04,149.0,784.85,2330.08,INR ,2026-09-27 09:00:00
ORD00013118,CUST001488,2026-08-03 22:00:00,DELIVERED,NETBANKING,554.18,192.46,0.0,1389.23,1750.95,INR ,2026-09-27 09:00:00
ORD00013119,CUST005275,2026-09-13 07:00:00,PAID,COD,1133.57,801.08,49.0,1400.03,1781.52,INR,2026-09-27 09:00:00
ORD00013120,CUST004564,2026-08-09 01:00:00,DELIVERED,UPI,1247.95,839.29,0.0,783.69,1192.35,INR ,2026-09-27 09:00:00
ORD00013121,CUST001241,2026-09-17 21:00:00,DELIVERED,UPI,1953.73,402.66,149.0,1407.25,3107.32,Rs,2026-09-27 09:00:00
ORD00013122,CUST004377,2026-09-02 02:00:00,PAID,UPI,1424.23,531.6,0.0,925.07,1817.7,Rs,2026-09-27 09:00:00
ORD00013123,CUST003378,2026-08-08 21:00:00,PAID,UPI,1131.15,887.89,49.0,87.01,379.27,inr,2026-09-27 09:00:00
ORD00013124,CUST001738,2026-09-16 11:00:00,DELIVERED,WALLET,712.25,933.21,49.0,1393.39,1221.43,INR,2026-09-27 09:00:00
ORD00013125,CUST000275,2026-08-16 05:00:00,PAID,WALLET,1495.42,321.42,99.0,1494.71,2767.71,INR,2026-09-27 09:00:00
ORD00013126,CUST004821,2026-08-23 01:00:00,DELIVERED,COD,1827.19,145.54,49.0,563.75,2294.4,INR ,2026-09-27 09:00:00
ORD00013127,CUST005273,2026-08-21 03:00:00,PAID,UPI,2081.51,666.76,79.0,154.48,1648.23,INR,2026-09-27 09:00:00
ORD00013128,CUST001512,2026-08-24 17:00:00,DELIVERED,WALLET,476.32,372.39,49.0,1106.79,1259.72,INR ,2026-09-27 09:00:00
ORD00013129,CUST001579,2026-08-17 22:00:00,DELIVERED,UPI,3573.47,7.15,49.0,1469.69,5085.01,INR ,2026-09-27 09:00:00
ORD00013130,CUST001209,2026-09-19 20:00:00,SHIPPED,COD,354.01,639.37,99.0,696.17,509.81,inr,2026-09-27 09:00:00
ORD00013131,CUST004089,2026-08-25 05:00:00,PAID,UPI,1772.08,51.69,49.0,1008.63,2778.02,INR,2026-09-27 09:00:00
ORD00013132,CUST002857,2026-09-25 17:00:00,DELIVERED,CARD,1312.21,763.42,99.0,137.36,785.15,INR ,2026-09-27 09:00:00
ORD00013133,CUST000092,2026-08-03 21:00:00,DELIVERED,NETBANKING,2348.87,466.05,49.0,904.69,2836.51,INR,2026-09-27 09:00:00
ORD00013134,CUST003691,2026-08-18 13:00:00,DELIVERED,WALLET,2159.27,500.03,149.0,887.07,2695.31,Rs,2026-09-27 09:00:00
ORD00013135,CUST002117,2026-08-17 00:00:00,SHIPPED,UPI,1175.68,474.81,99.0,1043.11,1842.98,INR ,2026-09-27 09:00:00
ORD00013136,CUST001460,2026-08-12 11:00:00,SHIPPED,CARD,436.66,956.65,79.0,379.55,-61.44,Rs,2026-09-27 09:00:00
ORD00013137,CUST000607,2026-08-22 00:00:00,SHIPPED,CARD,472.88,494.18,0.0,1335.3,1314.0,INR,2026-09-27 09:00:00
ORD00013138,CUST000914,2026-08-26 16:00:00,SHIPPED,UPI,1198.51,934.05,49.0,486.22,799.68,Rs,2026-09-27 09:00:00
ORD00013139,CUST000269,2026-09-17 22:00:00,DELIVERED,UPI,1559.35,982.51,49.0,1122.6,1748.44,INR ,2026-09-27 09:00:00
ORD00013140,CUST004519,2026-09-25 10:00:00,DELIVERED,CARD,792.57,498.32,0.0,1363.37,1657.62,inr,2026-09-27 09:00:00
ORD00013141,CUST004904,2026-09-18 23:00:00,DELIVERED,CARD,1625.6,912.08,99.0,1265.47,2077.99,Rs,2026-09-27 09:00:00
ORD00013142,CUST001223,2026-09-28 20:00:00,DELIVERED,COD,2331.96,719.48,79.0,696.02,2387.5,inr,2026-09-27 09:00:00
ORD00013143,CUST000367,2026-09-07 20:00:00,PAID,NETBANKING,474.82,91.41,99.0,966.35,1448.76,inr,2026-09-27 09:00:00
ORD00013144,CUST002349,2026-09-12 09:00:00,DELIVERED,WALLET,3644.48,257.11,79.0,245.44,3711.81,inr,2026-09-27 09:00:00
ORD00013145,CUST005339,2026-09-22 09:00:00,DELIVERED,CARD,1670.95,840.7,99.0,813.92,1743.17,inr,2026-09-27 09:00:00
ORD00013146,CUST005248,2026-08-01 03:00:00,DELIVERED,WALLET,1365.85,504.52,49.0,326.96,1237.29,inr,2026-09-27 09:00:00
ORD00013147,CUST000721,2026-09-05 17:00:00,DELIVERED,COD,2022.63,578.52,49.0,1356.87,2849.98,INR ,2026-09-27 09:00:00
ORD00013148,CUST002089,2026-08-28 23:00:00,DELIVERED,WALLET,3962.16,774.89,79.0,316.02,3582.29,INR,2026-09-27 09:00:00
ORD00013149,CUST001274,2026-08-04 19:00:00,SHIPPED,NETBANKING,2590.47,85.36,49.0,1300.91,3855.02,inr,2026-09-27 09:00:00
ORD00013150,CUST002546,2026-08-22 05:00:00,DELIVERED,WALLET,1788.69,938.89,79.0,495.36,1424.16,inr,2026-09-27 09:00:00
ORD00013151,CUST000080,2026-09-12 20:00:00,DELIVERED,WALLET,598.93,271.75,0.0,129.4,456.58,inr,2026-09-27 09:00:00
ORD00013152,CUST001186,2026-09-15 02:00:00,DELIVERED,COD,252.16,23.0,49.0,1354.04,1632.2,INR ,2026-09-27 09:00:00
ORD00013153,CUST002980,2026-08-15 04:00:00,PAID,NETBANKING,1917.43,215.74,99.0,213.83,2014.52,Rs,2026-09-27 09:00:00
ORD00013154,CUST003237,2026-09-12 15:00:00,SHIPPED,CARD,2150.62,215.3,79.0,1071.67,3085.99,inr,2026-09-27 09:00:00
ORD00013155,CUST000383,2026-09-10 01:00:00,DELIVERED,WALLET,1378.74,955.4,0.0,1430.43,1853.77,INR ,2026-09-27 09:00:00
ORD00013156,CUST003315,2026-09-22 05:00:00,SHIPPED,COD,1410.96,978.75,0.0,758.64,1190.85,INR,2026-09-27 09:00:00
ORD00013157,CUST002107,2026-09-11 01:00:00,PAID,UPI,615.75,664.93,99.0,483.65,533.47,INR,2026-09-27 09:00:00
ORD00013158,CUST005498,2026-09-03 02:00:00,SHIPPED,CARD,1254.41,384.21,99.0,165.32,1134.52,INR,2026-09-27 09:00:00
ORD00013159,CUST001972,2026-09-14 19:00:00,DELIVERED,WALLET,2521.32,290.48,149.0,934.07,3313.91,INR ,2026-09-27 09:00:00
ORD00013160,CUST002254,2026-09-05 12:00:00,DELIVERED,UPI,1269.41,248.27,49.0,123.18,1193.32,Rs,2026-09-27 09:00:00
ORD00013161,CUST000850,2026-08-10 21:00:00,DELIVERED,WALLET,680.67,365.16,149.0,1331.68,1796.19,Rs,2026-09-27 09:00:00
ORD00013162,CUST004662,2026-09-19 18:00:00,DELIVERED,CARD,3225.62,939.43,0.0,1396.63,3682.82,Rs,2026-09-27 09:00:00
ORD00013163,CUST004981,2026-08-29 09:00:00,DELIVERED,NETBANKING,988.65,814.55,99.0,661.49,934.59,Rs,2026-09-27 09:00:00
ORD00013164,CUST004081,2026-09-10 23:00:00,PLACED,CARD,522.91,579.13,99.0,519.64,562.42,INR,2026-09-27 09:00:00
ORD00013165,CUST002367,2026-09-10 17:00:00,DELIVERED,NETBANKING,928.93,341.05,0.0,709.19,1297.07,Rs,2026-09-27 09:00:00
ORD00013166,CUST001063,2026-09-20 12:00:00,SHIPPED,CARD,880.18,187.59,0.0,720.73,1413.32,INR,2026-09-27 09:00:00
ORD00013167,CUST002589,2026-09-11 01:00:00,PAID,WALLET,2298.93,528.8,0.0,32.23,1802.36,inr,2026-09-27 09:00:00
ORD00013168,CUST005269,2026-09-09 13:00:00,DELIVERED,NETBANKING,1232.09,408.98,149.0,173.75,1145.86,INR ,2026-09-27 09:00:00
ORD00013169,CUST002414,2026-08-01 11:00:00,DELIVERED,COD,1523.08,880.06,149.0,1454.66,2246.68,Rs,2026-09-27 09:00:00
ORD00013170,CUST001935,2026-08-03 07:00:00,DELIVERED,COD,1017.76,203.23,49.0,121.36,984.89,Rs,2026-09-27 09:00:00
ORD00013171,CUST001256,2026-09-06 23:00:00,DELIVERED,NETBANKING,1308.71,955.26,149.0,921.7,1424.15,inr,2026-09-27 09:00:00
ORD00013172,CUST002746,2026-08-24 23:00:00,DELIVERED,COD,1497.52,415.7,49.0,302.04,1432.86,INR,2026-09-27 09:00:00
ORD00013173,CUST005334,2026-09-29 07:00:00,DELIVERED,UPI,1256.27,367.88,79.0,924.75,1892.14,INR,2026-09-27 09:00:00
ORD00013174,CUST000848,2026-09-23 00:00:00,DELIVERED,NETBANKING,957.39,336.07,149.0,1128.55,1898.87,INR ,2026-09-27 09:00:00
ORD00013175,CUST004577,2026-09-05 01:00:00,PAID,NETBANKING,985.64,992.51,79.0,57.52,129.65,INR,2026-09-27 09:00:00
ORD00013176,CUST001077,2026-08-01 22:00:00,PLACED,CARD,2392.41,75.72,99.0,1087.68,3503.37,INR,2026-09-27 09:00:00
ORD00013177,CUST000207,2026-09-19 11:00:00,DELIVERED,UPI,1313.46,405.28,0.0,944.3,1852.48,INR ,2026-09-27 09:00:00
ORD00013178,CUST002814,2026-09-20 00:00:00,DELIVERED,NETBANKING,526.41,10.49,99.0,1045.04,1659.96,INR,2026-09-27 09:00:00
ORD00013179,CUST000328,2026-08-07 06:00:00,PAID,WALLET,1553.07,920.38,49.0,1080.37,1762.06,Rs,2026-09-27 09:00:00
ORD00013180,CUST000433,2026-08-09 02:00:00,SHIPPED,WALLET,991.09,782.18,149.0,983.76,1341.67,INR ,2026-09-27 09:00:00
ORD00013181,CUST002758,2026-08-27 13:00:00,SHIPPED,UPI,798.87,653.23,99.0,1010.15,1254.79,inr,2026-09-27 09:00:00
ORD00013182,CUST004406,2026-08-28 21:00:00,SHIPPED,COD,618.14,735.8,49.0,783.58,714.92,INR,2026-09-27 09:00:00
ORD00013183,CUST003206,2026-08-06 20:00:00,DELIVERED,COD,2310.07,30.41,149.0,1068.82,3497.48,inr,2026-09-27 09:00:00
ORD00013184,CUST004832,2026-09-27 18:00:00,DELIVERED,CARD,1128.06,4.0,149.0,1064.98,2338.04,Rs,2026-09-27 09:00:00
ORD00013185,CUST004458,2026-08-04 17:00:00,PAID,COD,2391.96,839.52,0.0,709.91,2262.35,INR,2026-09-27 09:00:00
ORD00013186,CUST001381,2026-09-03 04:00:00,PLACED,UPI,3610.78,380.29,79.0,137.01,3446.5,INR,2026-09-27 09:00:00
ORD00013187,CUST004827,2026-08-21 14:00:00,DELIVERED,COD,749.55,123.14,0.0,582.58,1208.99,inr,2026-09-27 09:00:00
ORD00013188,CUST000339,2026-09-01 14:00:00,DELIVERED,COD,519.32,708.57,49.0,793.91,653.66,INR,2026-09-27 09:00:00
ORD00013189,CUST004990,2026-09-29 04:00:00,PAID,CARD,795.07,444.58,0.0,440.8,791.29,inr,2026-09-27 09:00:00
ORD00013190,CUST005100,2026-09-09 19:00:00,DELIVERED,WALLET,1865.43,786.89,49.0,212.38,1339.92,inr,2026-09-27 09:00:00
ORD00013191,CUST001965,2026-08-31 12:00:00,DELIVERED,WALLET,1129.6,967.93,0.0,1317.99,1479.66,inr,2026-09-27 09:00:00
ORD00013192,CUST001459,2026-08-09 02:00:00,SHIPPED,COD,1233.46,533.52,99.0,530.81,1329.75,inr,2026-09-27 09:00:00
ORD00013193,CUST001009,2026-08-27 10:00:00,DELIVERED,CARD,996.77,980.68,0.0,273.93,290.02,Rs,2026-09-27 09:00:00
ORD00013194,CUST001646,2026-08-12 18:00:00,SHIPPED,WALLET,5285.79,660.28,79.0,33.73,4738.24,INR ,2026-09-27 09:00:00
ORD00013195,CUST003493,2026-08-28 14:00:00,PLACED,CARD,3800.99,258.69,149.0,385.77,4077.07,INR ,2026-09-27 09:00:00
ORD00013196,CUST001308,2026-09-18 00:00:00,PLACED,UPI,530.97,175.85,49.0,1034.62,1438.74,inr,2026-09-27 09:00:00
ORD00013197,CUST004061,2026-08-08 23:00:00,DELIVERED,COD,884.69,280.89,149.0,1250.97,2003.77,Rs,2026-09-27 09:00:00
ORD00013198,CUST001576,2026-09-27 15:00:00,PLACED,NETBANKING,689.94,795.79,49.0,759.84,702.99,Rs,2026-09-27 09:00:00
ORD00013199,CUST001690,2026-08-27 12:00:00,DELIVERED,WALLET,1201.67,198.52,149.0,867.14,2019.29,INR ,2026-09-27 09:00:00
ORD00013200,CUST000548,2026-09-11 01:00:00,SHIPPED,NETBANKING,3796.82,237.64,79.0,1400.58,5038.76,INR,2026-09-27 09:00:00
ORD00013201,CUST001836,2026-08-13 16:00:00,DELIVERED,COD,144.06,595.13,149.0,1297.0,994.93,inr,2026-09-27 09:00:00
ORD00013202,CUST002487,2026-08-25 17:00:00,DELIVERED,COD,762.89,48.53,79.0,91.34,884.7,INR ,2026-09-27 09:00:00
ORD00013203,CUST002648,2026-09-06 00:00:00,DELIVERED,WALLET,1156.42,40.64,79.0,343.5,1538.28,inr,2026-09-27 09:00:00
ORD00013204,CUST000146,2026-08-29 01:00:00,DELIVERED,NETBANKING,4331.28,795.71,149.0,1363.41,5047.98,Rs,2026-09-27 09:00:00
ORD00013205,CUST002654,2026-08-04 07:00:00,PLACED,UPI,1704.92,630.21,149.0,666.91,1890.62,inr,2026-09-27 09:00:00
ORD00013206,CUST002058,2026-08-15 21:00:00,PLACED,CARD,562.6,768.69,0.0,1092.64,886.55,Rs,2026-09-27 09:00:00
ORD00013207,CUST004852,2026-08-06 22:00:00,DELIVERED,CARD,703.03,183.81,99.0,324.49,942.71,inr,2026-09-27 09:00:00
ORD00013208,CUST000988,2026-09-04 21:00:00,PAID,COD,2150.28,618.0,99.0,200.77,1832.05,Rs,2026-09-27 09:00:00
ORD00013209,CUST004014,2026-09-12 15:00:00,DELIVERED,UPI,493.38,971.05,0.0,1263.92,786.25,INR ,2026-09-27 09:00:00
ORD00013210,CUST002529,2026-08-31 10:00:00,PLACED,CARD,7923.12,695.95,79.0,522.77,7828.94,inr,2026-09-27 09:00:00
ORD00013211,CUST001557,2026-08-17 08:00:00,DELIVERED,COD,1075.83,448.94,149.0,1209.31,1985.2,inr,2026-09-27 09:00:00
ORD00013212,CUST000972,2026-08-21 12:00:00,DELIVERED,NETBANKING,928.05,896.97,99.0,144.54,274.62,Rs,2026-09-27 09:00:00
ORD00013213,CUST004914,2026-09-13 12:00:00,DELIVERED,WALLET,556.18,611.79,49.0,1240.24,1233.63,INR ,2026-09-27 09:00:00
ORD00013214,CUST004394,2026-08-19 11:00:00,PAID,COD,542.09,751.13,99.0,474.3,364.26,inr,2026-09-27 09:00:00
ORD00013215,CUST003064,2026-09-06 05:00:00,PLACED,NETBANKING,1281.87,309.32,0.0,644.99,1617.54,INR ,2026-09-27 09:00:00
ORD00013216,CUST003646,2026-08-29 12:00:00,PLACED,COD,1558.83,215.35,79.0,1432.93,2855.41,Rs,2026-09-27 09:00:00
ORD00013217,CUST003721,2026-09-22 04:00:00,DELIVERED,WALLET,806.92,902.71,99.0,271.81,275.02,Rs,2026-09-27 09:00:00
ORD00013218,CUST000821,2026-08-21 14:00:00,SHIPPED,UPI,1634.52,172.39,79.0,904.02,2445.15,inr,2026-09-27 09:00:00
ORD00013219,CUST004282,2026-08-24 14:00:00,SHIPPED,WALLET,648.29,822.24,149.0,827.39,802.44,INR,2026-09-27 09:00:00
ORD00013220,CUST000709,2026-08-02 02:00:00,DELIVERED,WALLET,1780.79,237.92,149.0,775.43,2467.3,INR,2026-09-27 09:00:00
ORD00013221,CUST003505,2026-08-30 06:00:00,DELIVERED,UPI,1893.23,932.48,99.0,1179.52,2239.27,inr,2026-09-27 09:00:00
ORD00013222,CUST002432,2026-09-10 05:00:00,DELIVERED,COD,1111.24,708.81,79.0,532.02,1013.45,INR ,2026-09-27 09:00:00
ORD00013223,CUST001458,2026-09-22 01:00:00,PAID,UPI,1926.13,583.38,149.0,1295.8,2787.55,INR,2026-09-27 09:00:00
ORD00013224,CUST005441,2026-08-28 01:00:00,PAID,WALLET,1406.0,378.37,0.0,878.27,1905.9,Rs,2026-09-27 09:00:00
ORD00013225,CUST004481,2026-09-22 10:00:00,DELIVERED,CARD,535.55,765.81,149.0,1247.53,1166.27,Rs,2026-09-27 09:00:00
ORD00013226,CUST000863,2026-09-03 12:00:00,SHIPPED,NETBANKING,1037.69,695.69,99.0,1200.57,1641.57,INR ,2026-09-27 09:00:00
ORD00013227,CUST005302,2026-08-15 18:00:00,PAID,CARD,786.84,484.47,49.0,1281.06,1632.43,INR ,2026-09-27 09:00:00
ORD00013228,CUST002658,2026-08-09 02:00:00,DELIVERED,COD,1634.88,614.94,49.0,727.12,1796.06,INR,2026-09-27 09:00:00
ORD00013229,CUST000043,2026-08-10 20:00:00,DELIVERED,NETBANKING,2722.64,995.86,0.0,935.34,2662.12,inr,2026-09-27 09:00:00
ORD00013230,CUST001954,2026-08-03 03:00:00,DELIVERED,NETBANKING,1140.83,321.42,49.0,181.55,1049.96,INR,2026-09-27 09:00:00
ORD00013231,CUST000047,2026-08-13 09:00:00,PAID,COD,495.59,57.48,0.0,478.01,916.12,INR,2026-09-27 09:00:00
ORD00013232,CUST001079,2026-09-10 17:00:00,DELIVERED,NETBANKING,1974.01,377.29,79.0,414.42,2090.14,Rs,2026-09-27 09:00:00
ORD00013233,CUST005250,2026-08-04 13:00:00,DELIVERED,COD,886.56,679.15,49.0,1118.98,1375.39,inr,2026-09-27 09:00:00
ORD00013234,CUST001333,2026-09-12 23:00:00,DELIVERED,NETBANKING,1373.52,762.72,0.0,1333.62,1944.42,inr,2026-09-27 09:00:00
ORD00013235,CUST002456,2026-09-08 01:00:00,SHIPPED,COD,1079.96,286.39,49.0,287.01,1129.58,inr,2026-09-27 09:00:00
ORD00013236,CUST003473,2026-08-14 09:00:00,SHIPPED,COD,730.8,505.26,149.0,1461.08,1835.62,INR,2026-09-27 09:00:00
ORD00013237,CUST003787,2026-08-11 09:00:00,DELIVERED,COD,2628.51,461.09,99.0,820.81,3087.23,inr,2026-09-27 09:00:00
ORD00013238,CUST003988,2026-08-30 09:00:00,SHIPPED,WALLET,1084.94,129.12,79.0,947.95,1982.77,INR ,2026-09-27 09:00:00
ORD00013239,CUST002027,2026-08-26 12:00:00,DELIVERED,CARD,1003.52,768.45,0.0,909.66,1144.73,inr,2026-09-27 09:00:00
ORD00013240,CUST002384,2026-08-10 07:00:00,PLACED,NETBANKING,1001.91,140.53,49.0,693.24,1603.62,Rs,2026-09-27 09:00:00
ORD00013241,CUST001636,2026-08-13 18:00:00,PAID,CARD,1871.94,60.88,0.0,812.1,2623.16,inr,2026-09-27 09:00:00
ORD00013242,CUST000519,2026-09-04 20:00:00,PLACED,COD,300.35,207.05,99.0,1221.26,1413.56,INR,2026-09-27 09:00:00
ORD00013243,CUST002939,2026-09-07 09:00:00,DELIVERED,WALLET,917.92,456.06,99.0,1464.84,2025.7,INR ,2026-09-27 09:00:00
ORD00013244,CUST001410,2026-09-07 13:00:00,PLACED,COD,801.04,455.95,99.0,1152.8,1596.89,Rs,2026-09-27 09:00:00
ORD00013245,CUST000799,2026-08-13 01:00:00,PAID,COD,1073.19,229.36,0.0,1209.9,2053.73,INR ,2026-09-27 09:00:00
ORD00013246,CUST004849,2026-08-08 21:00:00,PLACED,CARD,3488.51,481.28,149.0,1123.8,4280.03,inr,2026-09-27 09:00:00
ORD00013247,CUST001297,2026-08-16 09:00:00,PAID,NETBANKING,1917.27,737.81,0.0,263.08,1442.54,INR ,2026-09-27 09:00:00
ORD00013248,CUST000687,2026-08-11 06:00:00,SHIPPED,CARD,588.21,595.99,49.0,817.62,858.84,INR,2026-09-27 09:00:00
ORD00013249,CUST001043,2026-09-05 03:00:00,DELIVERED,CARD,2494.6,402.33,149.0,120.56,2361.83,inr,2026-09-27 09:00:00
ORD00013250,CUST001377,2026-08-14 21:00:00,DELIVERED,WALLET,5239.6,826.74,0.0,714.82,5127.68,inr,2026-09-27 09:00:00
ORD00013251,CUST001237,2026-08-04 09:00:00,DELIVERED,UPI,3983.02,355.3,0.0,1316.56,4944.28,Rs,2026-09-27 09:00:00
ORD00013252,CUST000671,2026-09-04 23:00:00,DELIVERED,CARD,387.09,398.94,79.0,608.42,675.57,INR ,2026-09-27 09:00:00
ORD00013253,CUST005496,2026-09-20 17:00:00,PAID,UPI,4497.71,949.16,49.0,1322.99,4920.54,INR,2026-09-27 09:00:00
ORD00013254,CUST000140,2026-08-15 01:00:00,DELIVERED,NETBANKING,1108.08,314.4,79.0,675.86,1548.54,Rs,2026-09-27 09:00:00
ORD00013255,CUST001710,2026-09-20 12:00:00,DELIVERED,COD,402.41,310.54,79.0,536.86,707.73,INR ,2026-09-27 09:00:00
ORD00013256,CUST003140,2026-09-10 08:00:00,PLACED,WALLET,821.43,691.47,49.0,1081.42,1260.38,Rs,2026-09-27 09:00:00
ORD00013257,CUST005108,2026-09-22 07:00:00,PAID,NETBANKING,3819.07,437.11,0.0,1226.73,4608.69,inr,2026-09-27 09:00:00
ORD00013258,CUST003751,2026-09-11 15:00:00,PAID,CARD,2584.01,150.51,149.0,713.76,3296.26,Rs,2026-09-27 09:00:00
ORD00013259,CUST003974,2026-08-27 19:00:00,DELIVERED,WALLET,504.49,922.9,49.0,703.63,334.22,INR,2026-09-27 09:00:00
ORD00013260,CUST001562,2026-08-01 17:00:00,DELIVERED,NETBANKING,473.51,475.75,0.0,1249.79,1247.55,INR,2026-09-27 09:00:00
ORD00013261,CUST004654,2026-09-10 01:00:00,DELIVERED,WALLET,1274.07,256.13,149.0,1224.3,2391.24,Rs,2026-09-27 09:00:00
ORD00013262,CUST001715,2026-08-26 07:00:00,PLACED,COD,2137.82,236.54,99.0,1372.14,3372.42,INR,2026-09-27 09:00:00
ORD00013263,CUST000658,2026-08-27 01:00:00,PAID,NETBANKING,1891.87,367.27,99.0,595.2,2218.8,INR ,2026-09-27 09:00:00
ORD00013264,CUST001792,2026-09-15 23:00:00,DELIVERED,NETBANKING,2178.56,537.82,149.0,298.63,2088.37,INR ,2026-09-27 09:00:00
ORD00013265,CUST005122,2026-09-22 22:00:00,SHIPPED,WALLET,1143.64,779.06,99.0,1432.4,1895.98,inr,2026-09-27 09:00:00
ORD00013266,CUST003309,2026-08-02 08:00:00,DELIVERED,WALLET,3331.5,608.95,79.0,841.97,3643.52,INR ,2026-09-27 09:00:00
ORD00013267,CUST000414,2026-09-24 20:00:00,DELIVERED,COD,745.64,903.56,149.0,1072.54,1063.62,INR ,2026-09-27 09:00:00
ORD00013268,CUST004075,2026-09-19 08:00:00,SHIPPED,UPI,860.66,875.33,49.0,1288.29,1322.62,INR ,2026-09-27 09:00:00
ORD00013269,CUST004434,2026-09-26 03:00:00,DELIVERED,COD,1720.98,209.45,149.0,227.7,1888.23,Rs,2026-09-27 09:00:00
ORD00013270,CUST004708,2026-09-21 23:00:00,PAID,UPI,696.34,543.77,0.0,854.3,1006.87,Rs,2026-09-27 09:00:00
ORD00013271,CUST001047,2026-08-05 14:00:00,SHIPPED,NETBANKING,2066.15,626.1,0.0,931.15,2371.2,inr,2026-09-27 09:00:00
ORD00013272,CUST001008,2026-08-14 14:00:00,SHIPPED,WALLET,1799.81,863.64,149.0,1312.29,2397.46,INR,2026-09-27 09:00:00
ORD00013273,CUST004734,2026-08-20 00:00:00,DELIVERED,NETBANKING,1204.51,518.58,99.0,901.81,1686.74,INR ,2026-09-27 09:00:00
ORD00013274,CUST005009,2026-08-02 22:00:00,DELIVERED,NETBANKING,198.82,880.04,0.0,297.47,-383.75,inr,2026-09-27 09:00:00
ORD00013275,CUST002558,2026-08-20 10:00:00,DELIVERED,UPI,108.82,792.17,99.0,1098.93,514.58,INR,2026-09-27 09:00:00
ORD00013276,CUST003989,2026-08-30 22:00:00,SHIPPED,WALLET,1382.09,765.29,149.0,1488.84,2254.64,inr,2026-09-27 09:00:00
ORD00013277,CUST002612,2026-08-10 17:00:00,DELIVERED,NETBANKING,1147.86,120.59,0.0,1039.08,2066.35,INR,2026-09-27 09:00:00
ORD00013278,CUST001033,2026-08-12 08:00:00,DELIVERED,NETBANKING,1382.61,239.8,79.0,1008.53,2230.34,Rs,2026-09-27 09:00:00
ORD00013279,CUST000294,2026-08-09 00:00:00,SHIPPED,CARD,935.69,497.23,149.0,212.91,800.37,inr,2026-09-27 09:00:00
ORD00013280,CUST002614,2026-09-29 16:00:00,SHIPPED,WALLET,1468.72,375.09,0.0,1431.38,2525.01,Rs,2026-09-27 09:00:00
ORD00013281,CUST002353,2026-08-10 06:00:00,PLACED,CARD,1114.21,551.37,149.0,527.34,1239.18,Rs,2026-09-27 09:00:00
ORD00013282,CUST000686,2026-09-11 20:00:00,DELIVERED,NETBANKING,1642.89,465.77,0.0,1424.75,2601.87,INR,2026-09-27 09:00:00
ORD00013283,CUST003952,2026-09-27 07:00:00,DELIVERED,UPI,763.17,58.14,0.0,1057.2,1762.23,INR,2026-09-27 09:00:00
ORD00013284,CUST004284,2026-08-18 16:00:00,DELIVERED,WALLET,1476.84,490.12,149.0,609.97,1745.69,INR,2026-09-27 09:00:00
ORD00013285,CUST002129,2026-09-15 07:00:00,SHIPPED,COD,925.2,767.28,79.0,264.66,501.58,Rs,2026-09-27 09:00:00
ORD00013286,CUST003014,2026-08-15 15:00:00,PAID,COD,400.81,478.07,79.0,745.9,747.64,Rs,2026-09-27 09:00:00
ORD00013287,CUST003227,2026-08-12 12:00:00,PAID,NETBANKING,466.68,663.93,99.0,1340.68,1242.43,INR,2026-09-27 09:00:00
ORD00013288,CUST004669,2026-08-08 08:00:00,DELIVERED,COD,270.25,155.47,149.0,1235.12,1498.9,Rs,2026-09-27 09:00:00
ORD00013289,CUST000395,2026-09-27 16:00:00,SHIPPED,CARD,1989.1,463.06,49.0,306.02,1881.06,INR,2026-09-27 09:00:00
ORD00013290,CUST001095,2026-09-26 10:00:00,PLACED,CARD,1641.17,364.35,49.0,1359.67,2685.49,INR ,2026-09-27 09:00:00
ORD00013291,CUST001484,2026-09-04 22:00:00,DELIVERED,NETBANKING,879.45,953.68,99.0,1377.32,1402.09,INR ,2026-09-27 09:00:00
ORD00013292,CUST004269,2026-09-02 12:00:00,SHIPPED,WALLET,601.49,321.36,49.0,234.43,563.56,inr,2026-09-27 09:00:00
ORD00013293,CUST000085,2026-08-08 07:00:00,DELIVERED,UPI,976.63,413.58,0.0,707.92,1270.97,INR ,2026-09-27 09:00:00
ORD00013294,CUST001154,2026-09-12 21:00:00,PAID,COD,454.65,529.64,79.0,619.57,623.58,inr,2026-09-27 09:00:00
ORD00013295,CUST004279,2026-09-02 08:00:00,SHIPPED,UPI,499.74,33.67,49.0,1044.27,1559.34,INR ,2026-09-27 09:00:00
ORD00013296,CUST003471,2026-09-25 04:00:00,DELIVERED,WALLET,817.01,320.28,49.0,585.23,1130.96,INR,2026-09-27 09:00:00
ORD00013297,CUST001111,2026-08-29 09:00:00,DELIVERED,WALLET,1501.95,153.93,49.0,255.45,1652.47,inr,2026-09-27 09:00:00
ORD00013298,CUST001116,2026-09-20 03:00:00,DELIVERED,WALLET,879.34,962.31,149.0,1064.24,1130.27,INR ,2026-09-27 09:00:00
ORD00013299,CUST003204,2026-08-18 01:00:00,DELIVERED,CARD,1184.67,424.38,49.0,161.78,971.07,inr,2026-09-27 09:00:00
ORD00013300,CUST002854,2026-09-26 11:00:00,PAID,WALLET,1463.09,392.79,99.0,202.29,1371.59,INR ,2026-09-27 09:00:00
ORD00013301,CUST001715,2026-09-07 07:00:00,PLACED,CARD,818.02,985.43,0.0,871.64,704.23,Rs,2026-09-27 09:00:00
ORD00013302,CUST001930,2026-09-06 06:00:00,SHIPPED,COD,3934.3,352.38,79.0,240.26,3901.18,INR,2026-09-27 09:00:00
ORD00013303,CUST003468,2026-08-04 00:00:00,PAID,CARD,1055.82,690.13,99.0,703.0,1167.69,inr,2026-09-27 09:00:00
ORD00013304,CUST001968,2026-09-20 18:00:00,SHIPPED,UPI,1174.41,449.12,149.0,1457.81,2332.1,INR,2026-09-27 09:00:00
ORD00013305,CUST001353,2026-09-02 16:00:00,DELIVERED,UPI,2513.47,785.86,0.0,1142.49,2870.1,INR,2026-09-27 09:00:00
ORD00013306,CUST003346,2026-09-28 02:00:00,DELIVERED,NETBANKING,1974.18,527.1,0.0,1167.17,2614.25,INR,2026-09-27 09:00:00
ORD00013307,CUST005025,2026-08-09 23:00:00,SHIPPED,COD,852.59,360.58,0.0,708.71,1200.72,INR,2026-09-27 09:00:00
ORD00013308,CUST004964,2026-08-14 15:00:00,PAID,WALLET,7548.98,959.07,0.0,356.58,6946.49,inr,2026-09-27 09:00:00
ORD00013309,CUST001248,2026-09-06 14:00:00,PLACED,UPI,977.75,218.03,49.0,1340.47,2149.19,inr,2026-09-27 09:00:00
ORD00013310,CUST000480,2026-09-07 22:00:00,DELIVERED,WALLET,3744.42,67.01,0.0,138.89,3816.3,inr,2026-09-27 09:00:00
ORD00013311,CUST001254,2026-09-07 03:00:00,DELIVERED,CARD,775.54,653.03,0.0,561.42,683.93,inr,2026-09-27 09:00:00
ORD00013312,CUST002088,2026-08-13 01:00:00,DELIVERED,NETBANKING,1109.48,206.14,49.0,403.93,1356.27,INR,2026-09-27 09:00:00
ORD00013313,CUST002584,2026-08-14 06:00:00,PLACED,COD,1239.99,872.09,0.0,273.65,641.55,INR,2026-09-27 09:00:00
ORD00013314,CUST000655,2026-09-02 05:00:00,SHIPPED,COD,622.09,189.68,0.0,484.32,916.73,Rs,2026-09-27 09:00:00
ORD00013315,CUST004295,2026-08-10 19:00:00,DELIVERED,WALLET,1033.51,83.01,0.0,1490.26,2440.76,Rs,2026-09-27 09:00:00
ORD00013316,CUST001817,2026-09-01 23:00:00,DELIVERED,UPI,1621.88,252.33,0.0,963.8,2333.35,Rs,2026-09-27 09:00:00
ORD00013317,CUST004256,2026-08-31 05:00:00,SHIPPED,WALLET,1717.98,95.28,49.0,1365.33,3037.03,Rs,2026-09-27 09:00:00
ORD00013318,CUST001284,2026-09-09 17:00:00,DELIVERED,UPI,773.49,546.35,99.0,1428.3,1754.44,INR,2026-09-27 09:00:00
ORD00013319,CUST004818,2026-08-30 16:00:00,PAID,UPI,1710.58,848.74,149.0,36.6,1047.44,INR ,2026-09-27 09:00:00
ORD00013320,CUST002831,2026-08-02 10:00:00,DELIVERED,UPI,1217.65,472.35,79.0,748.26,1572.56,INR ,2026-09-27 09:00:00
ORD00013321,CUST004944,2026-09-21 17:00:00,DELIVERED,NETBANKING,3870.07,782.6,99.0,526.74,3713.21,Rs,2026-09-27 09:00:00
ORD00013322,CUST002010,2026-09-07 16:00:00,PLACED,NETBANKING,2925.68,624.36,0.0,116.16,2417.48,Rs,2026-09-27 09:00:00
ORD00013323,CUST001814,2026-09-04 05:00:00,DELIVERED,WALLET,1832.8,543.51,79.0,661.1,2029.39,Rs,2026-09-27 09:00:00
ORD00013324,CUST003996,2026-09-05 16:00:00,DELIVERED,WALLET,3049.97,207.92,0.0,1216.01,4058.06,INR,2026-09-27 09:00:00
ORD00013325,CUST005055,2026-08-17 14:00:00,DELIVERED,NETBANKING,1130.13,659.32,79.0,354.32,904.13,Rs,2026-09-27 09:00:00
ORD00013326,CUST001058,2026-09-11 17:00:00,DELIVERED,WALLET,1017.27,444.95,149.0,282.42,1003.74,inr,2026-09-27 09:00:00
ORD00013327,CUST000486,2026-08-04 21:00:00,DELIVERED,CARD,2105.45,1.91,149.0,1010.55,3263.09,inr,2026-09-27 09:00:00
ORD00013328,CUST004240,2026-08-17 17:00:00,SHIPPED,COD,1177.01,152.8,49.0,602.42,1675.63,Rs,2026-09-27 09:00:00
ORD00013329,CUST002754,2026-09-26 01:00:00,DELIVERED,WALLET,3843.63,604.41,79.0,1253.31,4571.53,INR,2026-09-27 09:00:00
ORD00013330,CUST001416,2026-09-09 17:00:00,DELIVERED,NETBANKING,2987.5,882.55,149.0,423.42,2677.37,inr,2026-09-27 09:00:00
ORD00013331,CUST003739,2026-09-04 08:00:00,DELIVERED,NETBANKING,801.16,359.58,149.0,653.12,1243.7,inr,2026-09-27 09:00:00
ORD00013332,CUST002050,2026-09-06 15:00:00,DELIVERED,WALLET,1159.08,58.27,99.0,1226.71,2426.52,inr,2026-09-27 09:00:00
ORD00013333,CUST005081,2026-09-25 11:00:00,SHIPPED,NETBANKING,1334.62,418.27,0.0,407.94,1324.29,INR ,2026-09-27 09:00:00
ORD00013334,CUST000268,2026-08-12 06:00:00,SHIPPED,WALLET,662.55,43.48,0.0,242.73,861.8,INR ,2026-09-27 09:00:00
ORD00013335,CUST002251,2026-09-03 12:00:00,DELIVERED,WALLET,918.24,184.35,49.0,513.85,1296.74,INR ,2026-09-27 09:00:00
ORD00013336,CUST002728,2026-08-26 21:00:00,DELIVERED,NETBANKING,1672.33,714.88,99.0,895.74,1952.19,INR,2026-09-27 09:00:00
ORD00013337,CUST003395,2026-09-23 21:00:00,PAID,COD,1456.41,60.27,0.0,874.54,2270.68,inr,2026-09-27 09:00:00
ORD00013338,CUST003916,2026-09-19 12:00:00,DELIVERED,COD,1534.35,589.25,99.0,187.4,1231.5,INR ,2026-09-27 09:00:00
ORD00013339,CUST005337,2026-09-04 17:00:00,DELIVERED,UPI,323.29,628.89,49.0,750.55,493.95,INR ,2026-09-27 09:00:00
ORD00013340,CUST003681,2026-09-22 13:00:00,DELIVERED,CARD,1105.62,551.89,149.0,779.45,1482.18,INR,2026-09-27 09:00:00
ORD00013341,CUST002732,2026-08-23 21:00:00,SHIPPED,WALLET,1458.81,337.21,49.0,783.31,1953.91,inr,2026-09-27 09:00:00
ORD00013342,CUST003767,2026-09-19 05:00:00,DELIVERED,CARD,954.14,396.59,79.0,523.73,1160.28,Rs,2026-09-27 09:00:00
ORD00013343,CUST002696,2026-08-08 14:00:00,DELIVERED,COD,3317.97,219.9,79.0,501.72,3678.79,inr,2026-09-27 09:00:00
ORD00013344,CUST001511,2026-08-07 15:00:00,DELIVERED,NETBANKING,830.67,610.68,0.0,44.51,264.5,inr,2026-09-27 09:00:00
ORD00013345,CUST000403,2026-08-21 17:00:00,DELIVERED,UPI,1332.52,211.81,79.0,393.84,1593.55,INR ,2026-09-27 09:00:00
ORD00013346,CUST002310,2026-08-17 12:00:00,SHIPPED,WALLET,428.09,212.99,0.0,701.13,916.23,inr,2026-09-27 09:00:00
ORD00013347,CUST005285,2026-08-28 20:00:00,DELIVERED,UPI,436.76,499.42,49.0,948.81,935.15,Rs,2026-09-27 09:00:00
ORD00013348,CUST000595,2026-09-04 11:00:00,PAID,CARD,4059.02,886.58,0.0,152.14,3324.58,INR,2026-09-27 09:00:00
ORD00013349,CUST005437,2026-08-12 09:00:00,DELIVERED,UPI,1198.82,422.92,79.0,430.63,1285.53,inr,2026-09-27 09:00:00
ORD00013350,CUST004355,2026-09-23 09:00:00,SHIPPED,CARD,758.92,666.76,0.0,725.35,817.51,Rs,2026-09-27 09:00:00
ORD00013351,CUST004625,2026-08-10 19:00:00,PAID,COD,793.74,937.25,0.0,1385.04,1241.53,INR ,2026-09-27 09:00:00
ORD00013352,CUST000415,2026-08-18 00:00:00,DELIVERED,CARD,1057.11,505.26,0.0,1361.54,1913.39,inr,2026-09-27 09:00:00
ORD00013353,CUST000997,2026-08-12 10:00:00,PAID,NETBANKING,2163.14,33.66,49.0,936.69,3115.17,INR ,2026-09-27 09:00:00
ORD00013354,CUST003316,2026-09-05 12:00:00,DELIVERED,COD,2148.51,530.83,49.0,359.93,2026.61,inr,2026-09-27 09:00:00
ORD00013355,CUST003314,2026-09-17 00:00:00,DELIVERED,WALLET,1737.41,839.9,0.0,553.59,1451.1,Rs,2026-09-27 09:00:00
ORD00013356,CUST002543,2026-09-11 22:00:00,SHIPPED,CARD,703.95,733.45,99.0,611.27,680.77,Rs,2026-09-27 09:00:00
ORD00013357,CUST004074,2026-08-06 00:00:00,DELIVERED,WALLET,1120.84,968.8,49.0,674.44,875.48,INR,2026-09-27 09:00:00
ORD00013358,CUST004008,2026-09-06 07:00:00,PLACED,WALLET,927.55,144.21,49.0,1478.4,2310.74,INR,2026-09-27 09:00:00
ORD00013359,CUST004150,2026-09-03 16:00:00,PLACED,UPI,953.45,407.83,99.0,1141.88,1786.5,Rs,2026-09-27 09:00:00
ORD00013360,CUST000724,2026-08-15 03:00:00,DELIVERED,NETBANKING,1155.67,231.62,79.0,102.12,1105.17,inr,2026-09-27 09:00:00
ORD00013361,CUST000174,2026-08-04 02:00:00,DELIVERED,WALLET,2375.7,466.72,79.0,400.02,2388.0,Rs,2026-09-27 09:00:00
ORD00013362,CUST004328,2026-08-20 08:00:00,SHIPPED,WALLET,290.81,701.77,149.0,827.04,565.08,Rs,2026-09-27 09:00:00
ORD00013363,CUST000862,2026-08-29 15:00:00,SHIPPED,COD,4354.87,190.17,0.0,1207.53,5372.23,INR,2026-09-27 09:00:00
ORD00013364,CUST004856,2026-08-08 21:00:00,PLACED,UPI,1545.18,343.78,149.0,901.87,2252.27,INR ,2026-09-27 09:00:00
ORD00013365,CUST000501,2026-09-19 10:00:00,SHIPPED,CARD,1998.13,415.85,99.0,1072.72,2754.0,INR,2026-09-27 09:00:00
ORD00013366,CUST002854,2026-09-28 09:00:00,DELIVERED,WALLET,288.15,885.08,99.0,445.27,-52.66,INR,2026-09-27 09:00:00
ORD00013367,CUST001664,2026-08-17 01:00:00,SHIPPED,COD,487.67,275.96,0.0,570.81,782.52,Rs,2026-09-27 09:00:00
ORD00013368,CUST005284,2026-09-19 12:00:00,SHIPPED,WALLET,3923.76,766.88,49.0,99.56,3305.44,Rs,2026-09-27 09:00:00
ORD00013369,CUST005364,2026-09-26 16:00:00,DELIVERED,UPI,1771.58,910.67,79.0,992.89,1932.8,Rs,2026-09-27 09:00:00
ORD00013370,CUST001932,2026-08-17 01:00:00,DELIVERED,WALLET,1369.33,587.24,99.0,108.98,990.07,inr,2026-09-27 09:00:00
ORD00013371,CUST001384,2026-08-08 00:00:00,DELIVERED,UPI,590.16,961.99,79.0,1356.5,1063.67,INR ,2026-09-27 09:00:00
ORD00013372,CUST004726,2026-09-09 04:00:00,DELIVERED,CARD,2665.65,355.14,0.0,1255.0,3565.51,Rs,2026-09-27 09:00:00
ORD00013373,CUST000970,2026-09-29 04:00:00,SHIPPED,NETBANKING,1351.54,682.07,49.0,163.55,882.02,Rs,2026-09-27 09:00:00
ORD00013374,CUST001040,2026-09-29 04:00:00,PAID,COD,1527.03,113.02,149.0,879.25,2442.26,INR ,2026-09-27 09:00:00
ORD00013375,CUST000045,2026-08-25 03:00:00,PAID,CARD,625.26,365.87,99.0,59.74,418.13,Rs,2026-09-27 09:00:00
ORD00013376,CUST000724,2026-08-18 23:00:00,DELIVERED,COD,869.2,855.02,99.0,1377.41,1490.59,inr,2026-09-27 09:00:00
ORD00013377,CUST005155,2026-09-07 04:00:00,SHIPPED,COD,2549.21,29.78,79.0,577.65,3176.08,inr,2026-09-27 09:00:00
ORD00013378,CUST002841,2026-08-05 19:00:00,DELIVERED,UPI,366.4,900.39,49.0,985.0,500.01,INR,2026-09-27 09:00:00
ORD00013379,CUST001743,2026-09-19 19:00:00,PLACED,UPI,4039.8,849.09,79.0,127.58,3397.29,INR ,2026-09-27 09:00:00
ORD00013380,CUST004355,2026-08-04 01:00:00,DELIVERED,NETBANKING,524.36,836.7,49.0,1288.91,1025.57,Rs,2026-09-27 09:00:00
ORD00013381,CUST000562,2026-08-20 05:00:00,DELIVERED,NETBANKING,1931.31,385.52,79.0,1357.15,2981.94,INR ,2026-09-27 09:00:00
ORD00013382,CUST004005,2026-09-09 10:00:00,DELIVERED,UPI,514.52,988.97,49.0,1311.84,886.39,INR ,2026-09-27 09:00:00
ORD00013383,CUST003471,2026-08-22 01:00:00,DELIVERED,CARD,2466.93,888.89,99.0,1399.9,3076.94,INR ,2026-09-27 09:00:00
ORD00013384,CUST001873,2026-08-19 14:00:00,PAID,NETBANKING,1784.2,249.91,49.0,794.89,2378.18,INR ,2026-09-27 09:00:00
ORD00013385,CUST002021,2026-08-10 03:00:00,DELIVERED,WALLET,890.89,195.62,79.0,895.06,1669.33,INR,2026-09-27 09:00:00
ORD00013386,CUST000002,2026-08-28 01:00:00,PLACED,WALLET,663.08,282.62,79.0,31.93,491.39,INR ,2026-09-27 09:00:00
ORD00013387,CUST000561,2026-09-28 10:00:00,PLACED,NETBANKING,1249.78,800.35,0.0,377.57,827.0,INR ,2026-09-27 09:00:00
ORD00013388,CUST001709,2026-09-27 13:00:00,PLACED,NETBANKING,924.43,373.52,49.0,475.74,1075.65,INR ,2026-09-27 09:00:00
ORD00013389,CUST002344,2026-09-07 13:00:00,DELIVERED,CARD,754.98,56.41,149.0,837.71,1685.28,Rs,2026-09-27 09:00:00
ORD00013390,CUST000991,2026-09-22 05:00:00,DELIVERED,NETBANKING,1107.98,354.27,49.0,74.4,877.11,INR ,2026-09-27 09:00:00
ORD00013391,CUST004571,2026-08-05 15:00:00,SHIPPED,UPI,362.3,435.5,79.0,316.62,322.42,inr ,2026-09-27 09:00:00
ORD00013392,CUST004508,2026-08-14 04:00:00,DELIVERED,NETBANKING,1048.88,307.33,149.0,766.22,1656.77,INR,2026-09-27 09:00:00
ORD00013393,CUST003371,2026-08-16 12:00:00,SHIPPED,COD,1219.04,327.27,49.0,687.79,1628.56,inr,2026-09-27 09:00:00
ORD00013394,CUST004523,2026-08-15 03:00:00,PAID,UPI,655.94,961.83,0.0,916.38,610.49,INR ,2026-09-27 09:00:00
ORD00013395,CUST001661,2026-08-22 01:00:00,PLACED,NETBANKING,408.53,888.65,99.0,649.61,268.49,INR,2026-09-27 09:00:00
ORD00013396,CUST003984,2026-09-03 17:00:00,DELIVERED,NETBANKING,725.3,560.33,49.0,139.79,353.76,Rs,2026-09-27 09:00:00
ORD00013397,CUST005278,2026-08-19 12:00:00,DELIVERED,CARD,1097.63,332.66,149.0,621.42,1535.39,INR ,2026-09-27 09:00:00
ORD00013398,CUST004003,2026-08-20 21:00:00,SHIPPED,UPI,1559.56,551.92,79.0,976.32,2062.96,INR ,2026-09-27 09:00:00
ORD00013399,CUST000909,2026-09-27 20:00:00,DELIVERED,UPI,1881.68,416.02,49.0,450.17,1964.83,inr,2026-09-27 09:00:00
ORD00013400,CUST004190,2026-08-23 18:00:00,PAID,UPI,2206.84,273.5,79.0,498.49,2510.83,INR,2026-09-27 09:00:00
ORD00013401,CUST005441,2026-09-23 05:00:00,SHIPPED,COD,660.25,771.68,79.0,1003.83,971.4,inr,2026-09-27 09:00:00
ORD00013402,CUST004983,2026-08-23 20:00:00,DELIVERED,NETBANKING,1226.8,59.91,49.0,777.87,1993.76,Rs,2026-09-27 09:00:00
ORD00013403,CUST001692,2026-08-24 03:00:00,DELIVERED,COD,1216.53,687.06,99.0,229.4,857.87,INR,2026-09-27 09:00:00
ORD00013404,CUST005383,2026-09-09 12:00:00,DELIVERED,WALLET,1151.23,416.97,49.0,826.98,1610.24,INR,2026-09-27 09:00:00
ORD00013405,CUST005318,2026-09-29 07:00:00,DELIVERED,UPI,1198.05,231.66,99.0,839.73,1905.12,inr,2026-09-27 09:00:00
ORD00013406,CUST003594,2026-08-28 17:00:00,PAID,WALLET,1039.39,875.78,79.0,918.66,1161.27,INR,2026-09-27 09:00:00
ORD00013407,CUST004462,2026-09-03 16:00:00,DELIVERED,NETBANKING,464.64,233.52,79.0,487.51,797.63,INR ,2026-09-27 09:00:00
ORD00013408,CUST001366,2026-08-01 01:00:00,PAID,NETBANKING,2266.05,935.24,99.0,1233.88,2663.69,inr ,2026-09-27 09:00:00
ORD00013409,CUST001366,2026-08-01 04:00:00,DELIVERED,CARD,2922.04,959.53,149.0,1340.7,3452.21,INR,2026-09-27 09:00:00
ORD00013410,CUST002799,2026-09-10 09:00:00,PAID,UPI,643.35,292.25,99.0,432.92,883.02,inr,2026-09-27 09:00:00
ORD00013411,CUST001736,2026-08-26 08:00:00,SHIPPED,NETBANKING,945.47,441.7,49.0,1352.09,1904.86,Rs,2026-09-27 09:00:00
ORD00013412,CUST001458,2026-08-01 22:00:00,DELIVERED,COD,2276.85,109.09,49.0,1153.68,3370.44,INR,2026-09-27 09:00:00
ORD00013413,CUST004472,2026-08-29 19:00:00,DELIVERED,UPI,594.89,318.54,79.0,1274.72,1630.07,inr,2026-09-27 09:00:00
ORD00013414,CUST001315,2026-08-21 06:00:00,PLACED,UPI,669.26,216.89,149.0,760.77,1362.14,INR,2026-09-27 09:00:00
ORD00013415,CUST000345,2026-08-27 09:00:00,SHIPPED,NETBANKING,956.63,635.65,99.0,988.38,1408.36,INR ,2026-09-27 09:00:00
ORD00013416,CUST000686,2026-08-02 22:00:00,SHIPPED,COD,6032.15,911.45,49.0,1012.03,6181.73,inr,2026-09-27 09:00:00
ORD00013417,CUST004922,2026-09-12 12:00:00,PAID,CARD,367.03,74.9,79.0,618.02,989.15,INR,2026-09-27 09:00:00
ORD00013418,CUST001606,2026-08-23 20:00:00,DELIVERED,CARD,1673.38,186.09,49.0,182.27,1718.56,inr ,2026-09-27 09:00:00
ORD00013419,CUST003574,2026-09-27 00:00:00,DELIVERED,CARD,2401.33,769.34,149.0,1348.69,3129.68,INR,2026-09-27 09:00:00
ORD00013420,CUST005123,2026-09-15 06:00:00,DELIVERED,COD,3283.26,922.72,79.0,163.4,2602.94,inr,2026-09-27 09:00:00
ORD00013421,CUST002019,2026-09-13 15:00:00,SHIPPED,WALLET,2080.16,743.76,0.0,1494.07,2830.47,INR ,2026-09-27 09:00:00
ORD00013422,CUST004136,2026-08-19 22:00:00,DELIVERED,CARD,2504.97,430.82,49.0,1262.43,3385.58,Rs,2026-09-27 09:00:00
ORD00013423,CUST001706,2026-08-22 22:00:00,DELIVERED,NETBANKING,945.03,676.06,149.0,661.9,1079.87,INR ,2026-09-27 09:00:00
ORD00013424,CUST001914,2026-09-02 13:00:00,SHIPPED,UPI,1603.94,23.75,99.0,304.42,1983.61,inr,2026-09-27 09:00:00
ORD00013425,CUST004224,2026-08-06 21:00:00,SHIPPED,NETBANKING,3055.1,786.77,79.0,86.37,2433.7,inr,2026-09-27 09:00:00
ORD00013426,CUST003955,2026-09-06 13:00:00,PAID,COD,1047.08,310.87,0.0,267.46,1003.67,INR,2026-09-27 09:00:00
ORD00013427,CUST004291,2026-08-30 05:00:00,DELIVERED,COD,1576.95,802.56,99.0,218.33,1091.72,Rs,2026-09-27 09:00:00
ORD00013428,CUST001239,2026-09-25 13:00:00,DELIVERED,UPI,874.57,158.05,149.0,346.37,1211.89,INR ,2026-09-27 09:00:00
ORD00013429,CUST005474,2026-09-03 06:00:00,DELIVERED,WALLET,3488.89,122.99,149.0,1030.46,4545.36,inr,2026-09-27 09:00:00
ORD00013430,CUST004431,2026-08-04 18:00:00,PAID,CARD,1575.91,378.46,99.0,934.99,2231.44,Rs,2026-09-27 09:00:00
ORD00013431,CUST003289,2026-09-11 17:00:00,PAID,COD,1380.66,117.23,149.0,175.55,1587.98,INR ,2026-09-27 09:00:00
ORD00013432,CUST004120,2026-09-25 22:00:00,SHIPPED,WALLET,1522.5,696.41,99.0,994.02,1919.11,Rs,2026-09-27 09:00:00
ORD00013433,CUST000724,2026-08-07 04:00:00,PLACED,WALLET,808.3,289.21,0.0,215.74,734.83,inr,2026-09-27 09:00:00
ORD00013434,CUST001041,2026-09-15 07:00:00,PAID,CARD,1673.26,896.2,149.0,1160.55,2086.61,Rs,2026-09-27 09:00:00
ORD00013435,CUST005185,2026-08-18 03:00:00,SHIPPED,UPI,2405.17,653.91,99.0,1459.71,3309.97,Rs,2026-09-27 09:00:00
ORD00013436,CUST004875,2026-08-21 21:00:00,DELIVERED,UPI,1153.24,444.58,79.0,1226.98,2014.64,INR,2026-09-27 09:00:00
ORD00013437,CUST000874,2026-09-28 23:00:00,PAID,CARD,3924.53,229.31,79.0,70.31,3844.53,inr,2026-09-27 09:00:00
ORD00013438,CUST001712,2026-09-07 06:00:00,DELIVERED,COD,836.79,225.77,99.0,1421.8,2131.82,inr,2026-09-27 09:00:00
ORD00013439,CUST002567,2026-08-30 23:00:00,PAID,UPI,2576.75,276.63,149.0,794.55,3243.67,Rs,2026-09-27 09:00:00
ORD00013440,CUST002616,2026-08-31 23:00:00,DELIVERED,UPI,645.97,236.44,0.0,567.92,977.45,INR ,2026-09-27 09:00:00
ORD00013441,CUST004440,2026-08-28 15:00:00,SHIPPED,COD,2202.7,836.11,99.0,537.49,2003.08,Rs,2026-09-27 09:00:00
ORD00013442,CUST004068,2026-09-08 01:00:00,SHIPPED,CARD,1178.75,387.87,99.0,465.25,1355.13,INR ,2026-09-27 09:00:00
ORD00013443,CUST003841,2026-09-23 12:00:00,SHIPPED,COD,1703.74,372.53,0.0,365.53,1696.74,INR ,2026-09-27 09:00:00
ORD00013444,CUST005050,2026-09-09 11:00:00,SHIPPED,WALLET,1346.18,373.23,49.0,1296.25,2318.2,INR ,2026-09-27 09:00:00
ORD00013445,CUST004765,2026-09-24 06:00:00,PLACED,NETBANKING,855.98,15.44,49.0,905.06,1794.6,INR,2026-09-27 09:00:00
ORD00013446,CUST000362,2026-08-15 02:00:00,SHIPPED,NETBANKING,2106.23,351.9,49.0,189.69,1993.02,Rs,2026-09-27 09:00:00
ORD00013447,CUST004835,2026-09-02 19:00:00,SHIPPED,WALLET,685.35,148.01,0.0,1361.78,1899.12,Rs,2026-09-27 09:00:00
ORD00013448,CUST000339,2026-08-31 06:00:00,DELIVERED,NETBANKING,944.2,416.32,99.0,673.07,1299.95,INR,2026-09-27 09:00:00
ORD00013449,CUST000797,2026-09-23 08:00:00,SHIPPED,COD,2393.03,768.31,49.0,1449.74,3123.46,INR ,2026-09-27 09:00:00
ORD00013450,CUST004342,2026-09-19 06:00:00,DELIVERED,NETBANKING,3268.89,160.13,79.0,781.1,3968.86,inr,2026-09-27 09:00:00
ORD00013451,CUST003137,2026-09-20 17:00:00,SHIPPED,UPI,1147.96,593.17,49.0,34.11,637.9,INR ,2026-09-27 09:00:00
ORD00013452,CUST002711,2026-08-19 17:00:00,SHIPPED,COD,553.42,98.21,79.0,999.16,1533.37,INR,2026-09-27 09:00:00
ORD00013453,CUST003109,2026-08-11 10:00:00,DELIVERED,CARD,612.22,876.13,49.0,154.46,-60.45,INR ,2026-09-27 09:00:00
ORD00013454,CUST001682,2026-08-02 18:00:00,DELIVERED,NETBANKING,799.12,448.84,99.0,377.91,827.19,INR,2026-09-27 09:00:00
ORD00013455,CUST003870,2026-08-20 07:00:00,DELIVERED,COD,1275.73,878.37,99.0,264.46,760.82,INR ,2026-09-27 09:00:00
ORD00013456,CUST004407,2026-09-22 05:00:00,PAID,NETBANKING,3217.93,125.53,79.0,1437.07,4608.47,inr,2026-09-27 09:00:00
ORD00013457,CUST003660,2026-09-25 21:00:00,DELIVERED,WALLET,1416.09,662.37,49.0,282.06,1084.78,INR,2026-09-27 09:00:00
ORD00013458,CUST000343,2026-08-24 12:00:00,DELIVERED,UPI,1111.4,543.0,0.0,135.23,703.63,Rs,2026-09-27 09:00:00
ORD00013459,CUST003240,2026-08-29 05:00:00,SHIPPED,NETBANKING,1654.72,935.47,79.0,685.13,1483.38,INR,2026-09-27 09:00:00
ORD00013460,CUST002664,2026-09-02 10:00:00,SHIPPED,COD,913.69,826.53,149.0,586.9,823.06,INR ,2026-09-27 09:00:00
ORD00013461,CUST000198,2026-08-10 21:00:00,PAID,UPI,1937.63,648.42,99.0,735.21,2123.42,inr,2026-09-27 09:00:00
ORD00013462,CUST002770,2026-08-08 21:00:00,DELIVERED,NETBANKING,829.59,902.47,79.0,1031.57,1037.69,Rs,2026-09-27 09:00:00
ORD00013463,CUST001389,2026-08-26 13:00:00,SHIPPED,COD,1916.91,745.46,149.0,1176.19,2496.64,inr,2026-09-27 09:00:00
ORD00013464,CUST003471,2026-08-19 23:00:00,DELIVERED,NETBANKING,606.19,100.74,0.0,608.69,1114.14,inr,2026-09-27 09:00:00
ORD00013465,CUST001039,2026-08-26 03:00:00,DELIVERED,UPI,1846.03,917.07,99.0,830.9,1858.86,Rs,2026-09-27 09:00:00
ORD00013466,CUST003408,2026-08-08 19:00:00,DELIVERED,UPI,718.66,217.81,149.0,793.13,1442.98,Rs,2026-09-27 09:00:00
ORD00013467,CUST005334,2026-08-21 23:00:00,SHIPPED,CARD,810.48,235.08,49.0,444.68,1069.08,inr,2026-09-27 09:00:00
ORD00013468,CUST002216,2026-09-05 08:00:00,PLACED,COD,2258.43,738.75,49.0,423.07,1991.75,INR ,2026-09-27 09:00:00
ORD00013469,CUST003191,2026-09-06 11:00:00,DELIVERED,UPI,1040.09,109.28,49.0,61.02,1040.83,inr,2026-09-27 09:00:00
ORD00013470,CUST000704,2026-09-25 07:00:00,DELIVERED,UPI,1320.67,290.28,49.0,111.06,1190.45,Rs,2026-09-27 09:00:00
ORD00013471,CUST004839,2026-08-10 06:00:00,PAID,NETBANKING,1213.95,74.11,79.0,1189.16,2408.0,Rs,2026-09-27 09:00:00
ORD00013472,CUST000712,2026-09-24 02:00:00,SHIPPED,UPI,864.54,797.3,149.0,1466.71,1682.95,Rs,2026-09-27 09:00:00
ORD00013473,CUST000840,2026-09-13 10:00:00,DELIVERED,UPI,488.98,562.39,0.0,611.89,538.48,INR,2026-09-27 09:00:00
ORD00013474,CUST004149,2026-09-22 19:00:00,DELIVERED,COD,1954.74,111.22,0.0,1465.85,3309.37,INR ,2026-09-27 09:00:00
ORD00013475,CUST000110,2026-08-23 22:00:00,DELIVERED,NETBANKING,890.06,804.78,149.0,683.05,917.33,Rs,2026-09-27 09:00:00
ORD00013476,CUST005101,2026-08-17 12:00:00,SHIPPED,NETBANKING,2710.75,906.2,99.0,701.2,2604.75,inr,2026-09-27 09:00:00
ORD00013477,CUST005466,2026-08-06 21:00:00,SHIPPED,WALLET,779.14,469.55,149.0,467.15,925.74,INR,2026-09-27 09:00:00
ORD00013478,CUST000279,2026-09-01 09:00:00,DELIVERED,UPI,1764.51,710.22,149.0,263.01,1466.3,inr,2026-09-27 09:00:00
ORD00013479,CUST005026,2026-08-28 11:00:00,DELIVERED,CARD,2776.44,678.15,99.0,1106.06,3303.35,INR ,2026-09-27 09:00:00
ORD00013480,CUST002979,2026-08-26 11:00:00,PAID,COD,2587.91,200.35,79.0,419.05,2885.61,INR,2026-09-27 09:00:00
ORD00013481,CUST003816,2026-09-16 02:00:00,DELIVERED,COD,363.97,422.34,49.0,186.58,177.21,Rs,2026-09-27 09:00:00
ORD00013482,CUST002572,2026-09-22 07:00:00,SHIPPED,COD,1103.02,955.17,149.0,1121.06,1417.91,inr,2026-09-27 09:00:00
ORD00013483,CUST001094,2026-08-23 23:00:00,PAID,COD,1530.27,105.96,99.0,669.05,2192.36,Rs,2026-09-27 09:00:00
ORD00013484,CUST003225,2026-09-21 18:00:00,DELIVERED,CARD,2046.65,374.8,149.0,285.06,2105.91,INR,2026-09-27 09:00:00
ORD00013485,CUST000622,2026-08-13 20:00:00,DELIVERED,COD,913.79,157.91,49.0,670.43,1475.31,INR,2026-09-27 09:00:00
ORD00013486,CUST001070,2026-08-16 04:00:00,DELIVERED,NETBANKING,1728.02,786.93,49.0,100.73,1090.82,Rs,2026-09-27 09:00:00
ORD00013487,CUST005451,2026-08-26 09:00:00,DELIVERED,WALLET,2352.82,137.82,99.0,1415.73,3729.73,INR,2026-09-27 09:00:00
ORD00013488,CUST002725,2026-08-05 00:00:00,DELIVERED,UPI,2276.29,245.3,0.0,543.25,2574.24,INR,2026-09-27 09:00:00
ORD00013489,CUST003087,2026-08-11 02:00:00,SHIPPED,NETBANKING,2064.35,430.73,149.0,991.42,2774.04,inr ,2026-09-27 09:00:00
ORD00013490,CUST004080,2026-08-30 14:00:00,DELIVERED,WALLET,1470.34,73.65,99.0,371.21,1866.9,inr,2026-09-27 09:00:00
ORD00013491,CUST003984,2026-09-20 12:00:00,PAID,NETBANKING,1133.47,182.61,0.0,868.37,1819.23,Rs,2026-09-27 09:00:00
ORD00013492,CUST003489,2026-08-27 18:00:00,DELIVERED,UPI,802.67,769.56,149.0,410.54,592.65,inr,2026-09-27 09:00:00
ORD00013493,CUST005469,2026-08-22 10:00:00,DELIVERED,CARD,3280.08,583.83,149.0,666.26,3511.51,Rs,2026-09-27 09:00:00
ORD00013494,CUST001895,2026-08-10 11:00:00,PLACED,WALLET,4163.68,129.92,99.0,934.38,5067.14,INR ,2026-09-27 09:00:00
ORD00013495,CUST003786,2026-09-17 23:00:00,PLACED,WALLET,1540.7,260.53,79.0,1136.36,2495.53,INR,2026-09-27 09:00:00
ORD00013496,CUST004834,2026-09-20 22:00:00,PAID,UPI,996.3,158.69,0.0,266.12,1103.73,INR,2026-09-27 09:00:00
ORD00013497,CUST000194,2026-09-09 04:00:00,PAID,UPI,545.11,297.98,79.0,378.32,704.45,INR ,2026-09-27 09:00:00
ORD00013498,CUST000373,2026-08-18 14:00:00,DELIVERED,UPI,794.28,462.41,0.0,628.66,960.53,Rs,2026-09-27 09:00:00
ORD00013499,CUST000981,2026-08-10 08:00:00,DELIVERED,UPI,697.65,614.11,99.0,330.77,513.31,inr,2026-09-27 09:00:00
ORD00013500,CUST000218,2026-08-21 03:00:00,PAID,UPI,2048.68,993.01,0.0,1216.27,2271.94,Rs,2026-09-27 09:00:00
ORD00013501,CUST003055,2026-08-04 21:00:00,DELIVERED,CARD,1533.29,885.92,79.0,250.69,977.06,Rs,2026-09-27 09:00:00
ORD00013502,CUST004359,2026-09-08 21:00:00,PAID,CARD,1857.99,148.94,149.0,1455.56,3313.61,INR,2026-09-27 09:00:00
ORD00013503,CUST000271,2026-08-19 10:00:00,PAID,NETBANKING,966.01,814.53,49.0,802.59,1003.07,INR,2026-09-27 09:00:00
ORD00013504,CUST001180,2026-09-20 00:00:00,DELIVERED,NETBANKING,354.4,616.97,49.0,1439.55,1225.98,INR ,2026-09-27 09:00:00
ORD00013505,CUST004762,2026-08-23 19:00:00,PAID,NETBANKING,1829.5,566.51,99.0,445.84,1807.83,INR ,2026-09-27 09:00:00
ORD00013506,CUST004971,2026-09-11 00:00:00,DELIVERED,COD,2558.3,487.73,49.0,842.48,2962.05,INR,2026-09-27 09:00:00
ORD00013507,CUST003768,2026-08-30 23:00:00,DELIVERED,WALLET,3014.72,365.92,149.0,1389.02,4186.82,inr,2026-09-27 09:00:00
ORD00013508,CUST004071,2026-09-12 02:00:00,DELIVERED,UPI,425.95,143.17,149.0,1406.2,1837.98,inr,2026-09-27 09:00:00
ORD00013509,CUST005272,2026-08-29 03:00:00,DELIVERED,WALLET,1129.85,586.15,49.0,316.92,909.62,INR,2026-09-27 09:00:00
ORD00013510,CUST005064,2026-08-22 13:00:00,PLACED,WALLET,2102.02,884.57,99.0,668.19,1984.64,Rs,2026-09-27 09:00:00
ORD00013511,CUST001711,2026-08-30 08:00:00,DELIVERED,UPI,1519.23,685.67,149.0,473.52,1456.08,Rs,2026-09-27 09:00:00
ORD00013512,CUST004540,2026-09-25 19:00:00,PAID,WALLET,804.68,759.61,79.0,967.05,1091.12,INR,2026-09-27 09:00:00
ORD00013513,CUST002830,2026-09-22 19:00:00,DELIVERED,CARD,1369.59,83.76,49.0,659.93,1994.76,inr,2026-09-27 09:00:00
ORD00013514,CUST000189,2026-08-01 06:00:00,DELIVERED,WALLET,860.49,171.72,49.0,686.8,1424.57,inr,2026-09-27 09:00:00
ORD00013515,CUST003168,2026-08-03 01:00:00,DELIVERED,COD,1454.78,748.47,149.0,147.8,1003.11,Rs,2026-09-27 09:00:00
ORD00013516,CUST003110,2026-09-15 09:00:00,DELIVERED,WALLET,1227.57,851.21,79.0,1147.64,1603.0,INR ,2026-09-27 09:00:00
ORD00013517,CUST002466,2026-09-18 07:00:00,DELIVERED,COD,1871.5,485.71,0.0,964.85,2350.64,INR ,2026-09-27 09:00:00
ORD00013518,CUST001165,2026-09-14 07:00:00,PLACED,CARD,997.77,822.24,79.0,644.14,898.67,inr,2026-09-27 09:00:00
ORD00013519,CUST004875,2026-09-19 20:00:00,SHIPPED,NETBANKING,1778.46,291.83,79.0,1459.49,3025.12,inr,2026-09-27 09:00:00
ORD00013520,CUST004280,2026-09-08 20:00:00,DELIVERED,WALLET,1082.51,392.28,149.0,339.67,1178.9,INR ,2026-09-27 09:00:00
ORD00013521,CUST004239,2026-08-29 07:00:00,DELIVERED,COD,3060.91,61.93,99.0,37.74,3135.72,INR,2026-09-27 09:00:00
ORD00013522,CUST002625,2026-09-07 20:00:00,DELIVERED,CARD,1643.07,279.45,79.0,1320.71,2763.33,Rs,2026-09-27 09:00:00
ORD00013523,CUST000928,2026-09-17 04:00:00,SHIPPED,CARD,723.32,8.37,79.0,415.44,1209.39,inr,2026-09-27 09:00:00
ORD00013524,CUST002544,2026-08-25 16:00:00,DELIVERED,CARD,2191.08,972.35,79.0,575.69,1873.42,INR,2026-09-27 09:00:00
ORD00013525,CUST001739,2026-08-23 18:00:00,PAID,NETBANKING,5699.72,11.13,79.0,693.3,6460.89,inr,2026-09-27 09:00:00
ORD00013526,CUST005346,2026-08-07 10:00:00,PAID,UPI,1993.31,28.62,99.0,1341.13,3404.82,inr,2026-09-27 09:00:00
ORD00013527,CUST002655,2026-09-05 23:00:00,DELIVERED,WALLET,2591.97,513.69,0.0,1212.62,3290.9,INR ,2026-09-27 09:00:00
ORD00013528,CUST004478,2026-08-10 17:00:00,SHIPPED,UPI,1464.43,975.18,79.0,1007.96,1576.21,INR,2026-09-27 09:00:00
ORD00013529,CUST002240,2026-09-13 09:00:00,DELIVERED,NETBANKING,1665.39,168.52,79.0,1443.88,3019.75,INR ,2026-09-27 09:00:00
ORD00013530,CUST003601,2026-08-24 16:00:00,SHIPPED,WALLET,1190.73,914.19,79.0,1437.51,1793.05,Rs,2026-09-27 09:00:00
ORD00013531,CUST002081,2026-09-20 21:00:00,DELIVERED,CARD,217.73,288.92,149.0,567.31,645.12,INR ,2026-09-27 09:00:00
ORD00013532,CUST002908,2026-09-17 12:00:00,DELIVERED,WALLET,1458.89,449.16,79.0,1039.82,2128.55,INR,2026-09-27 09:00:00
ORD00013533,CUST004428,2026-09-01 08:00:00,DELIVERED,COD,364.89,289.62,99.0,547.38,721.65,INR ,2026-09-27 09:00:00
ORD00013534,CUST003407,2026-08-23 02:00:00,PAID,WALLET,2473.67,141.89,149.0,1380.82,3861.6,inr,2026-09-27 09:00:00
ORD00013535,CUST004882,2026-09-26 13:00:00,DELIVERED,CARD,2498.51,916.06,0.0,356.73,1939.18,INR ,2026-09-27 09:00:00
ORD00013536,CUST004134,2026-09-15 04:00:00,DELIVERED,WALLET,1083.95,701.47,0.0,682.64,1065.12,INR,2026-09-27 09:00:00
ORD00013537,CUST004814,2026-09-12 22:00:00,DELIVERED,WALLET,702.24,638.4,0.0,183.62,247.46,INR ,2026-09-27 09:00:00
ORD00013538,CUST003911,2026-08-17 23:00:00,DELIVERED,NETBANKING,1783.58,206.26,79.0,1060.68,2717.0,INR,2026-09-27 09:00:00
ORD00013539,CUST004562,2026-09-08 05:00:00,DELIVERED,UPI,1854.44,722.5,99.0,1110.38,2341.32,Rs,2026-09-27 09:00:00
ORD00013540,CUST003024,2026-08-31 08:00:00,SHIPPED,CARD,1085.5,208.79,99.0,178.04,1153.75,INR ,2026-09-27 09:00:00
ORD00013541,CUST003164,2026-08-09 11:00:00,DELIVERED,COD,1234.92,710.31,149.0,1425.88,2099.49,Rs,2026-09-27 09:00:00
ORD00013542,CUST000355,2026-08-26 17:00:00,PAID,NETBANKING,731.71,18.85,49.0,704.34,1466.2,Rs,2026-09-27 09:00:00
ORD00013543,CUST002869,2026-09-23 17:00:00,DELIVERED,COD,1807.07,257.06,49.0,939.08,2538.09,INR ,2026-09-27 09:00:00
ORD00013544,CUST000845,2026-08-07 02:00:00,PAID,WALLET,575.15,207.26,149.0,1197.95,1714.84,INR,2026-09-27 09:00:00
ORD00013545,CUST000062,2026-09-13 09:00:00,PLACED,COD,1126.52,646.74,149.0,1074.73,1703.51,Rs,2026-09-27 09:00:00
ORD00013546,CUST003426,2026-08-23 06:00:00,DELIVERED,CARD,1633.81,584.0,99.0,704.23,1853.04,inr,2026-09-27 09:00:00
ORD00013547,CUST001421,2026-08-09 20:00:00,DELIVERED,WALLET,1381.9,233.84,79.0,1468.13,2695.19,inr,2026-09-27 09:00:00
ORD00013548,CUST002181,2026-08-12 14:00:00,DELIVERED,WALLET,795.44,299.35,49.0,36.18,581.27,INR ,2026-09-27 09:00:00
ORD00013549,CUST003101,2026-08-26 07:00:00,DELIVERED,NETBANKING,1252.96,177.29,79.0,1460.43,2615.1,INR,2026-09-27 09:00:00
ORD00013550,CUST003118,2026-08-14 09:00:00,DELIVERED,WALLET,1217.96,806.79,149.0,790.0,1350.17,INR ,2026-09-27 09:00:00
ORD00013551,CUST001654,2026-08-13 18:00:00,DELIVERED,UPI,1222.93,790.65,49.0,960.21,1441.49,inr,2026-09-27 09:00:00
ORD00013552,CUST001800,2026-08-26 09:00:00,DELIVERED,WALLET,3842.18,873.91,149.0,236.66,3353.93,Rs,2026-09-27 09:00:00
ORD00013553,CUST005469,2026-08-09 11:00:00,PAID,CARD,1427.17,650.48,99.0,533.91,1409.6,Rs,2026-09-27 09:00:00
ORD00013554,CUST001707,2026-09-09 19:00:00,PLACED,NETBANKING,1544.43,870.93,79.0,1128.26,1880.76,inr,2026-09-27 09:00:00
ORD00013555,CUST004942,2026-08-08 21:00:00,SHIPPED,UPI,531.1,471.24,49.0,1081.09,1189.95,INR ,2026-09-27 09:00:00
ORD00013556,CUST004310,2026-08-18 17:00:00,PAID,CARD,875.23,110.3,99.0,1238.27,2102.2,INR ,2026-09-27 09:00:00
ORD00013557,CUST001465,2026-08-18 01:00:00,DELIVERED,NETBANKING,1330.94,826.87,149.0,990.77,1643.84,INR,2026-09-27 09:00:00
ORD00013558,CUST000405,2026-09-01 13:00:00,DELIVERED,COD,549.19,890.26,149.0,1137.94,945.87,Rs,2026-09-27 09:00:00
ORD00013559,CUST003909,2026-09-06 08:00:00,DELIVERED,COD,766.62,756.39,0.0,1191.07,1201.3,inr,2026-09-27 09:00:00
ORD00013560,CUST003389,2026-09-17 02:00:00,DELIVERED,NETBANKING,635.99,419.74,79.0,273.23,568.48,inr,2026-09-27 09:00:00
ORD00013561,CUST004008,2026-08-21 10:00:00,SHIPPED,UPI,917.46,937.9,149.0,338.63,467.19,Rs,2026-09-27 09:00:00
ORD00013562,CUST004709,2026-08-08 14:00:00,PAID,CARD,1262.82,337.26,99.0,257.15,1281.71,INR ,2026-09-27 09:00:00
ORD00013563,CUST001014,2026-08-21 04:00:00,PLACED,WALLET,3273.5,539.27,149.0,983.29,3866.52,INR ,2026-09-27 09:00:00
ORD00013564,CUST002577,2026-09-03 06:00:00,DELIVERED,COD,2236.58,98.67,149.0,1273.41,3560.32,inr,2026-09-27 09:00:00
ORD00013565,CUST002562,2026-09-05 23:00:00,DELIVERED,NETBANKING,1083.35,437.08,149.0,676.56,1471.83,Rs,2026-09-27 09:00:00
ORD00013566,CUST005389,2026-09-26 19:00:00,PLACED,UPI,2746.6,865.75,149.0,202.66,2232.51,INR,2026-09-27 09:00:00
ORD00013567,CUST001163,2026-09-14 02:00:00,PAID,COD,1159.68,104.21,149.0,380.82,1585.29,INR,2026-09-27 09:00:00
ORD00013568,CUST005421,2026-08-28 15:00:00,PAID,UPI,1064.9,887.83,0.0,1102.02,1279.09,INR ,2026-09-27 09:00:00
ORD00013569,CUST004181,2026-09-09 05:00:00,DELIVERED,UPI,1960.84,961.02,149.0,441.71,1590.53,inr,2026-09-27 09:00:00
ORD00013570,CUST005435,2026-09-05 04:00:00,DELIVERED,CARD,853.96,621.09,149.0,1493.79,1875.66,INR,2026-09-27 09:00:00
ORD00013571,CUST004922,2026-09-16 06:00:00,PAID,COD,1154.29,912.5,149.0,1460.42,1851.21,inr,2026-09-27 09:00:00
ORD00013572,CUST003278,2026-09-27 08:00:00,PLACED,WALLET,2404.3,31.45,0.0,591.81,2964.66,INR ,2026-09-27 09:00:00
ORD00013573,CUST002317,2026-09-03 02:00:00,DELIVERED,WALLET,742.55,121.95,79.0,404.56,1104.16,INR ,2026-09-27 09:00:00
ORD00013574,CUST003802,2026-09-10 02:00:00,SHIPPED,WALLET,1532.46,165.8,79.0,682.88,2128.54,inr,2026-09-27 09:00:00
ORD00013575,CUST003900,2026-08-06 14:00:00,PAID,COD,1346.15,196.67,99.0,729.73,1978.21,INR ,2026-09-27 09:00:00
ORD00013576,CUST005140,2026-09-25 14:00:00,PAID,UPI,2501.35,259.9,0.0,921.97,3163.42,INR,2026-09-27 09:00:00
ORD00013577,CUST002614,2026-08-15 16:00:00,DELIVERED,CARD,1341.09,648.38,0.0,929.24,1621.95,INR,2026-09-27 09:00:00
ORD00013578,CUST000257,2026-09-15 23:00:00,DELIVERED,CARD,3563.4,395.97,99.0,185.04,3451.47,INR,2026-09-27 09:00:00
ORD00013579,CUST000788,2026-09-24 15:00:00,PAID,NETBANKING,1293.08,919.28,149.0,1105.49,1628.29,Rs,2026-09-27 09:00:00
ORD00013580,CUST004133,2026-09-15 07:00:00,DELIVERED,UPI,492.92,681.58,149.0,571.23,531.57,INR ,2026-09-27 09:00:00
ORD00013581,CUST003479,2026-08-13 21:00:00,PLACED,COD,643.48,346.47,79.0,1207.63,1583.64,INR ,2026-09-27 09:00:00
ORD00013582,CUST004906,2026-09-29 12:00:00,PLACED,NETBANKING,986.12,211.46,149.0,308.48,1232.14,INR,2026-09-27 09:00:00
ORD00013583,CUST004595,2026-09-21 16:00:00,DELIVERED,COD,2518.93,613.11,99.0,1097.22,3102.04,INR,2026-09-27 09:00:00
ORD00013584,CUST002515,2026-08-25 09:00:00,PAID,COD,622.33,241.08,99.0,229.55,709.8,Rs,2026-09-27 09:00:00
ORD00013585,CUST002906,2026-08-21 17:00:00,DELIVERED,CARD,848.08,689.33,99.0,1129.21,1386.96,Rs,2026-09-27 09:00:00
ORD00013586,CUST002947,2026-08-01 22:00:00,PAID,COD,2209.48,556.76,99.0,1172.1,2923.82,INR ,2026-09-27 09:00:00
ORD00013587,CUST000511,2026-08-24 03:00:00,DELIVERED,UPI,2902.36,372.41,149.0,1006.05,3685.0,INR,2026-09-27 09:00:00
ORD00013588,CUST000061,2026-09-08 02:00:00,DELIVERED,CARD,2851.09,2.05,49.0,1249.83,4147.87,INR ,2026-09-27 09:00:00
ORD00013589,CUST001458,2026-09-15 16:00:00,SHIPPED,CARD,550.53,959.05,149.0,1238.57,979.05,inr,2026-09-27 09:00:00
ORD00013590,CUST004655,2026-08-17 23:00:00,PAID,COD,1861.82,757.87,49.0,114.07,1267.02,Rs,2026-09-27 09:00:00
ORD00013591,CUST001033,2026-09-17 16:00:00,PLACED,CARD,3260.15,861.33,79.0,673.02,3150.84,inr,2026-09-27 09:00:00
ORD00013592,CUST005321,2026-08-05 16:00:00,DELIVERED,WALLET,2249.25,947.13,149.0,140.91,1592.03,INR ,2026-09-27 09:00:00
ORD00013593,CUST002521,2026-08-13 15:00:00,PAID,CARD,1677.46,535.49,99.0,668.51,1909.48,inr,2026-09-27 09:00:00
ORD00013594,CUST000007,2026-08-09 01:00:00,DELIVERED,WALLET,502.21,484.52,0.0,575.04,592.73,Rs,2026-09-27 09:00:00
ORD00013595,CUST001336,2026-09-12 23:00:00,DELIVERED,UPI,1848.39,701.96,79.0,861.16,2086.59,INR ,2026-09-27 09:00:00
ORD00013596,CUST002283,2026-09-01 03:00:00,SHIPPED,COD,2244.25,711.07,149.0,588.57,2270.75,INR ,2026-09-27 09:00:00
ORD00013597,CUST003025,2026-09-16 15:00:00,SHIPPED,WALLET,668.43,25.16,79.0,1322.81,2045.08,Rs,2026-09-27 09:00:00
ORD00013598,CUST003177,2026-08-23 18:00:00,DELIVERED,CARD,1636.39,906.03,79.0,1317.81,2127.17,Rs,2026-09-27 09:00:00
ORD00013599,CUST001849,2026-08-24 10:00:00,SHIPPED,COD,1463.89,926.29,49.0,164.24,750.84,Rs,2026-09-27 09:00:00
ORD00013600,CUST002172,2026-09-09 09:00:00,PLACED,COD,1345.76,217.97,149.0,1089.63,2366.42,inr,2026-09-27 09:00:00
ORD00013601,CUST005255,2026-08-25 13:00:00,DELIVERED,UPI,877.46,855.69,99.0,353.87,474.64,inr,2026-09-27 09:00:00
ORD00013602,CUST003540,2026-08-07 19:00:00,DELIVERED,COD,725.22,998.86,49.0,1222.35,997.71,Rs,2026-09-27 09:00:00
ORD00013603,CUST001170,2026-08-28 13:00:00,DELIVERED,NETBANKING,3615.0,232.63,49.0,321.61,3752.98,INR,2026-09-27 09:00:00
ORD00013604,CUST001346,2026-09-22 21:00:00,PAID,CARD,1511.57,583.39,149.0,1161.62,2238.8,INR ,2026-09-27 09:00:00
ORD00013605,CUST001118,2026-08-26 08:00:00,PLACED,NETBANKING,344.76,587.31,49.0,1215.38,1021.83,Rs,2026-09-27 09:00:00
ORD00013606,CUST002153,2026-08-05 00:00:00,DELIVERED,WALLET,428.3,62.03,149.0,694.0,1209.27,Rs,2026-09-27 09:00:00
ORD00013607,CUST002977,2026-09-16 16:00:00,DELIVERED,NETBANKING,1202.34,537.03,99.0,991.93,1756.24,Rs,2026-09-27 09:00:00
ORD00013608,CUST004272,2026-09-12 20:00:00,SHIPPED,WALLET,1850.29,194.47,79.0,825.42,2560.24,INR ,2026-09-27 09:00:00
ORD00013609,CUST003545,2026-08-18 04:00:00,DELIVERED,COD,1867.46,996.34,49.0,1266.58,2186.7,inr,2026-09-27 09:00:00
ORD00013610,CUST004962,2026-09-15 18:00:00,SHIPPED,UPI,820.62,294.42,149.0,667.8,1343.0,INR,2026-09-27 09:00:00
ORD00013611,CUST000083,2026-09-11 03:00:00,PAID,COD,486.67,964.38,149.0,1453.82,1125.11,INR ,2026-09-27 09:00:00
ORD00013612,CUST004118,2026-08-11 17:00:00,PAID,COD,1278.58,37.39,79.0,861.59,2181.78,Rs,2026-09-27 09:00:00
ORD00013613,CUST003908,2026-08-25 13:00:00,SHIPPED,CARD,1953.67,62.65,0.0,110.56,2001.58,inr,2026-09-27 09:00:00
ORD00013614,CUST002981,2026-08-14 05:00:00,PLACED,CARD,1910.82,444.21,0.0,1445.3,2911.91,INR,2026-09-27 09:00:00
ORD00013615,CUST000493,2026-09-28 23:00:00,SHIPPED,UPI,878.48,375.83,49.0,547.31,1098.96,inr,2026-09-27 09:00:00
ORD00013616,CUST000164,2026-09-08 16:00:00,DELIVERED,COD,1642.09,996.85,79.0,891.71,1615.95,INR ,2026-09-27 09:00:00
ORD00013617,CUST003929,2026-08-22 15:00:00,SHIPPED,WALLET,3231.8,122.79,99.0,805.3,4013.31,INR ,2026-09-27 09:00:00
ORD00013618,CUST003197,2026-08-07 14:00:00,PAID,UPI,1834.44,632.33,49.0,1038.54,2289.65,inr,2026-09-27 09:00:00
ORD00013619,CUST004554,2026-08-02 13:00:00,DELIVERED,NETBANKING,992.16,814.41,99.0,813.27,1090.02,INR ,2026-09-27 09:00:00
ORD00013620,CUST000374,2026-08-31 09:00:00,DELIVERED,COD,4664.91,23.96,49.0,811.52,5501.47,INR ,2026-09-27 09:00:00
ORD00013621,CUST002636,2026-09-26 16:00:00,PLACED,NETBANKING,1474.33,0.01,149.0,354.72,1978.04,INR,2026-09-27 09:00:00
ORD00013622,CUST000376,2026-08-07 00:00:00,PLACED,COD,1538.44,259.03,49.0,62.42,1390.83,Rs,2026-09-27 09:00:00
ORD00013623,CUST001369,2026-09-14 01:00:00,SHIPPED,WALLET,2654.8,752.64,149.0,1182.75,3233.91,INR ,2026-09-27 09:00:00
ORD00013624,CUST002606,2026-08-14 19:00:00,DELIVERED,COD,1724.85,956.62,99.0,388.2,1255.43,Rs,2026-09-27 09:00:00
ORD00013625,CUST004963,2026-08-24 13:00:00,DELIVERED,COD,454.05,282.29,79.0,282.12,532.88,INR ,2026-09-27 09:00:00
ORD00013626,CUST002700,2026-09-09 14:00:00,PAID,CARD,1217.19,685.38,149.0,139.56,820.37,INR,2026-09-27 09:00:00
ORD00013627,CUST002506,2026-09-02 12:00:00,DELIVERED,UPI,3610.89,991.12,149.0,241.27,3010.04,inr,2026-09-27 09:00:00
ORD00013628,CUST002053,2026-08-05 22:00:00,SHIPPED,CARD,1912.46,195.95,149.0,688.57,2554.08,Rs,2026-09-27 09:00:00
ORD00013629,CUST004291,2026-08-16 18:00:00,PAID,NETBANKING,1873.46,72.0,149.0,1388.43,3338.89,inr,2026-09-27 09:00:00
ORD00013630,CUST001235,2026-09-08 00:00:00,DELIVERED,NETBANKING,568.16,572.47,149.0,860.31,1005.0,INR ,2026-09-27 09:00:00
ORD00013631,CUST000389,2026-09-25 14:00:00,SHIPPED,NETBANKING,5570.64,882.93,79.0,912.32,5679.03,Rs,2026-09-27 09:00:00
ORD00013632,CUST000288,2026-09-19 23:00:00,SHIPPED,CARD,682.93,736.14,49.0,1099.78,1095.57,INR,2026-09-27 09:00:00
ORD00013633,CUST002977,2026-09-19 08:00:00,DELIVERED,UPI,646.3,83.76,149.0,987.72,1699.26,INR ,2026-09-27 09:00:00
ORD00013634,CUST002322,2026-09-16 16:00:00,DELIVERED,WALLET,316.34,976.49,99.0,334.72,-226.43,INR ,2026-09-27 09:00:00
ORD00013635,CUST004229,2026-09-14 17:00:00,DELIVERED,NETBANKING,539.69,51.66,149.0,286.19,923.22,INR,2026-09-27 09:00:00
ORD00013636,CUST002008,2026-08-12 02:00:00,SHIPPED,CARD,2682.08,234.28,79.0,919.01,3445.81,inr,2026-09-27 09:00:00
ORD00013637,CUST003626,2026-09-21 03:00:00,DELIVERED,NETBANKING,385.05,916.24,0.0,821.75,290.56,Rs,2026-09-27 09:00:00
ORD00013638,CUST000218,2026-08-09 02:00:00,DELIVERED,NETBANKING,883.14,800.79,0.0,1492.52,1574.87,INR ,2026-09-27 09:00:00
ORD00013639,CUST004164,2026-09-19 09:00:00,PLACED,UPI,831.34,418.1,99.0,1258.42,1770.66,INR,2026-09-27 09:00:00
ORD00013640,CUST004517,2026-08-01 01:00:00,DELIVERED,CARD,539.52,691.46,0.0,884.97,733.03,Rs,2026-09-27 09:00:00
ORD00013641,CUST005001,2026-09-23 07:00:00,PAID,UPI,1604.98,460.45,0.0,1207.47,2352.0,Rs,2026-09-27 09:00:00
ORD00013642,CUST004853,2026-08-27 03:00:00,SHIPPED,UPI,2306.31,766.33,149.0,650.07,2339.05,INR ,2026-09-27 09:00:00
ORD00013643,CUST001782,2026-08-23 05:00:00,PAID,CARD,2372.39,520.74,0.0,803.23,2654.88,inr,2026-09-27 09:00:00
ORD00013644,CUST004181,2026-09-21 23:00:00,DELIVERED,CARD,2053.58,801.38,79.0,947.98,2279.18,INR ,2026-09-27 09:00:00
ORD00013645,CUST000471,2026-09-23 19:00:00,PAID,COD,1552.56,914.69,0.0,1304.58,1942.45,inr,2026-09-27 09:00:00
ORD00013646,CUST003255,2026-08-01 03:00:00,SHIPPED,UPI,459.39,824.71,49.0,1269.93,953.61,Rs,2026-09-27 09:00:00
ORD00013647,CUST003043,2026-09-28 15:00:00,PAID,CARD,1333.58,732.79,0.0,1073.04,1673.83,INR ,2026-09-27 09:00:00
ORD00013648,CUST005381,2026-09-14 01:00:00,DELIVERED,NETBANKING,1135.36,512.42,0.0,953.03,1575.97,INR ,2026-09-27 09:00:00
ORD00013649,CUST001297,2026-09-22 12:00:00,DELIVERED,CARD,460.6,94.01,0.0,749.95,1116.54,inr,2026-09-27 09:00:00
ORD00013650,CUST003818,2026-08-20 08:00:00,DELIVERED,WALLET,1790.57,915.68,149.0,1200.85,2224.74,INR ,2026-09-27 09:00:00
ORD00013651,CUST000225,2026-09-20 11:00:00,DELIVERED,WALLET,420.37,512.14,0.0,1298.95,1207.18,INR,2026-09-27 09:00:00
ORD00013652,CUST001208,2026-09-20 00:00:00,DELIVERED,UPI,583.57,830.88,99.0,1023.12,874.81,INR ,2026-09-27 09:00:00
ORD00013653,CUST000570,2026-09-26 04:00:00,SHIPPED,CARD,1118.97,19.49,49.0,134.68,1283.16,INR,2026-09-27 09:00:00
ORD00013654,CUST000573,2026-08-14 10:00:00,SHIPPED,CARD,673.91,443.58,149.0,310.17,689.5,INR ,2026-09-27 09:00:00
ORD00013655,CUST000703,2026-09-12 13:00:00,PLACED,WALLET,1509.98,974.88,0.0,78.66,613.76,INR,2026-09-27 09:00:00
ORD00013656,CUST002879,2026-09-04 12:00:00,DELIVERED,CARD,1228.66,793.45,99.0,357.92,892.13,INR,2026-09-27 09:00:00
ORD00013657,CUST004720,2026-09-15 04:00:00,PAID,UPI,367.96,186.37,79.0,947.24,1207.83,INR,2026-09-27 09:00:00
ORD00013658,CUST000939,2026-08-02 08:00:00,DELIVERED,CARD,614.54,60.11,0.0,1398.56,1952.99,INR ,2026-09-27 09:00:00
ORD00013659,CUST000955,2026-09-05 10:00:00,SHIPPED,CARD,1516.21,520.59,0.0,126.02,1121.64,Rs,2026-09-27 09:00:00
ORD00013660,CUST000900,2026-09-09 06:00:00,DELIVERED,CARD,3736.52,569.34,49.0,155.6,3371.78,inr,2026-09-27 09:00:00
ORD00013661,CUST000635,2026-09-01 14:00:00,SHIPPED,COD,1353.13,262.56,79.0,672.59,1842.16,INR ,2026-09-27 09:00:00
ORD00013662,CUST000814,2026-08-08 12:00:00,SHIPPED,NETBANKING,1226.89,886.98,0.0,215.24,555.15,INR ,2026-09-27 09:00:00
ORD00013663,CUST002950,2026-08-21 01:00:00,DELIVERED,CARD,916.84,2.81,99.0,368.18,1381.21,inr,2026-09-27 09:00:00
ORD00013664,CUST005475,2026-09-20 06:00:00,DELIVERED,UPI,2094.31,979.82,0.0,289.26,1403.75,INR,2026-09-27 09:00:00
ORD00013665,CUST004544,2026-08-05 00:00:00,SHIPPED,UPI,584.3,929.57,49.0,931.15,634.88,Rs,2026-09-27 09:00:00
ORD00013666,CUST005237,2026-08-22 03:00:00,PLACED,CARD,1284.68,458.84,79.0,497.3,1402.14,INR ,2026-09-27 09:00:00
ORD00013667,CUST004186,2026-09-16 05:00:00,PAID,NETBANKING,1951.72,280.68,79.0,1159.98,2910.02,INR ,2026-09-27 09:00:00
ORD00013668,CUST001379,2026-08-17 08:00:00,SHIPPED,NETBANKING,710.85,504.01,99.0,219.9,525.74,Rs,2026-09-27 09:00:00
ORD00013669,CUST000019,2026-09-04 06:00:00,DELIVERED,NETBANKING,1305.96,80.35,149.0,776.62,2151.23,INR,2026-09-27 09:00:00
ORD00013670,CUST004709,2026-08-15 14:00:00,PAID,WALLET,1568.89,165.14,99.0,245.05,1747.8,INR,2026-09-27 09:00:00
ORD00013671,CUST003097,2026-08-20 04:00:00,PAID,NETBANKING,1027.47,733.08,99.0,976.16,1369.55,INR,2026-09-27 09:00:00
ORD00013672,CUST001103,2026-09-12 06:00:00,PAID,WALLET,1158.35,337.34,0.0,776.42,1597.43,INR ,2026-09-27 09:00:00
ORD00013673,CUST001250,2026-09-18 02:00:00,PAID,WALLET,1480.35,964.73,99.0,23.04,637.66,INR ,2026-09-27 09:00:00
ORD00013674,CUST004304,2026-08-26 02:00:00,PAID,UPI,1657.89,92.62,79.0,1113.34,2757.61,INR ,2026-09-27 09:00:00
ORD00013675,CUST004870,2026-09-07 04:00:00,SHIPPED,COD,829.25,141.31,99.0,1489.11,2276.05,inr,2026-09-27 09:00:00
ORD00013676,CUST004451,2026-09-28 16:00:00,DELIVERED,WALLET,1687.66,195.64,0.0,507.4,1999.42,INR,2026-09-27 09:00:00
ORD00013677,CUST002227,2026-09-28 05:00:00,PAID,WALLET,639.54,439.97,79.0,1234.52,1513.09,INR,2026-09-27 09:00:00
ORD00013678,CUST002529,2026-09-02 11:00:00,PLACED,COD,1646.51,731.34,149.0,261.72,1325.89,INR ,2026-09-27 09:00:00
ORD00013679,CUST004750,2026-08-31 01:00:00,DELIVERED,COD,1073.13,966.12,49.0,1315.24,1471.25,inr,2026-09-27 09:00:00
ORD00013680,CUST001908,2026-09-16 00:00:00,DELIVERED,NETBANKING,769.81,59.9,79.0,896.41,1685.32,Rs,2026-09-27 09:00:00
ORD00013681,CUST004876,2026-08-18 19:00:00,PLACED,COD,1547.38,822.73,0.0,387.36,1112.01,inr,2026-09-27 09:00:00
ORD00013682,CUST003875,2026-08-17 12:00:00,PAID,COD,3516.87,727.81,0.0,1242.41,4031.47,inr,2026-09-27 09:00:00
ORD00013683,CUST000075,2026-08-15 00:00:00,DELIVERED,UPI,831.3,647.93,49.0,1206.17,1438.54,inr,2026-09-27 09:00:00
ORD00013684,CUST002822,2026-08-20 19:00:00,PAID,WALLET,2041.87,752.09,79.0,1056.65,2425.43,INR,2026-09-27 09:00:00
ORD00013685,CUST005476,2026-09-10 20:00:00,DELIVERED,CARD,1473.34,116.5,99.0,849.28,2305.12,INR ,2026-09-27 09:00:00
ORD00013686,CUST000568,2026-08-15 11:00:00,PLACED,UPI,781.79,989.77,79.0,610.74,481.76,INR,2026-09-27 09:00:00
ORD00013687,CUST004269,2026-09-26 15:00:00,DELIVERED,UPI,1745.1,505.54,49.0,944.16,2232.72,inr,2026-09-27 09:00:00
ORD00013688,CUST000663,2026-09-23 21:00:00,SHIPPED,COD,2279.44,766.95,99.0,744.81,2356.3,INR,2026-09-27 09:00:00
ORD00013689,CUST000056,2026-08-21 09:00:00,PAID,CARD,1846.84,621.11,149.0,563.96,1938.69,inr,2026-09-27 09:00:00
ORD00013690,CUST001493,2026-09-04 08:00:00,DELIVERED,WALLET,1241.42,443.01,149.0,169.47,1116.88,INR ,2026-09-27 09:00:00
ORD00013691,CUST001739,2026-08-08 14:00:00,DELIVERED,CARD,1456.72,606.43,149.0,1125.97,2125.26,INR,2026-09-27 09:00:00
ORD00013692,CUST004557,2026-08-22 03:00:00,DELIVERED,WALLET,2677.92,707.9,99.0,1099.61,3168.63,INR,2026-09-27 09:00:00
ORD00013693,CUST001316,2026-08-03 17:00:00,PAID,COD,671.9,496.62,0.0,569.58,744.86,Rs,2026-09-27 09:00:00
ORD00013694,CUST001038,2026-09-01 21:00:00,PLACED,COD,2933.81,366.35,79.0,1214.1,3860.56,Rs,2026-09-27 09:00:00
ORD00013695,CUST005260,2026-09-01 08:00:00,PLACED,NETBANKING,2095.34,617.58,79.0,1326.79,2883.55,Rs,2026-09-27 09:00:00
ORD00013696,CUST003748,2026-08-24 05:00:00,DELIVERED,UPI,1000.1,186.18,79.0,227.24,1120.16,INR ,2026-09-27 09:00:00
ORD00013697,CUST004469,2026-08-04 17:00:00,DELIVERED,NETBANKING,5878.15,769.76,0.0,872.57,5980.96,INR ,2026-09-27 09:00:00
ORD00013698,CUST005359,2026-08-08 11:00:00,SHIPPED,CARD,1996.0,457.6,149.0,769.67,2457.07,inr,2026-09-27 09:00:00
ORD00013699,CUST002877,2026-09-18 03:00:00,PLACED,CARD,907.11,83.61,0.0,74.6,898.1,inr,2026-09-27 09:00:00
ORD00013700,CUST002934,2026-09-18 08:00:00,SHIPPED,CARD,2410.2,142.53,149.0,825.19,3241.86,Rs,2026-09-27 09:00:00
ORD00013701,CUST001555,2026-08-13 06:00:00,PLACED,UPI,3932.71,89.49,99.0,290.41,4232.63,Rs,2026-09-27 09:00:00
ORD00013702,CUST004436,2026-08-22 15:00:00,DELIVERED,WALLET,1096.05,537.92,149.0,1148.52,1855.65,Rs,2026-09-27 09:00:00
ORD00013703,CUST002596,2026-08-08 11:00:00,DELIVERED,COD,758.47,84.42,79.0,541.68,1294.73,inr ,2026-09-27 09:00:00
ORD00013704,CUST004250,2026-08-04 22:00:00,SHIPPED,WALLET,449.5,250.93,49.0,499.62,747.19,Rs,2026-09-27 09:00:00
ORD00013705,CUST003197,2026-09-23 03:00:00,DELIVERED,UPI,560.87,731.93,49.0,955.34,833.28,inr,2026-09-27 09:00:00
ORD00013706,CUST000468,2026-08-11 20:00:00,PLACED,WALLET,700.33,904.46,0.0,1393.63,1189.5,INR,2026-09-27 09:00:00
ORD00013707,CUST001748,2026-08-04 03:00:00,PAID,UPI,3178.65,669.08,49.0,96.16,2654.73,INR ,2026-09-27 09:00:00
ORD00013708,CUST003518,2026-09-02 16:00:00,PLACED,WALLET,1482.03,80.3,79.0,843.88,2324.61,INR ,2026-09-27 09:00:00
ORD00013709,CUST000154,2026-08-28 10:00:00,DELIVERED,UPI,1139.88,925.12,79.0,1004.04,1297.8,INR,2026-09-27 09:00:00
ORD00013710,CUST000398,2026-08-24 05:00:00,PAID,WALLET,514.97,997.61,79.0,204.42,-199.22,Rs,2026-09-27 09:00:00
ORD00013711,CUST004182,2026-09-07 20:00:00,PAID,CARD,1115.98,556.97,49.0,680.12,1288.13,inr,2026-09-27 09:00:00
ORD00013712,CUST002332,2026-09-04 08:00:00,DELIVERED,UPI,557.05,80.03,49.0,1446.21,1972.23,Rs,2026-09-27 09:00:00
ORD00013713,CUST003789,2026-08-13 10:00:00,DELIVERED,WALLET,712.78,635.81,49.0,705.33,831.3,inr,2026-09-27 09:00:00
ORD00013714,CUST002191,2026-09-26 10:00:00,DELIVERED,CARD,626.75,544.2,79.0,293.66,455.21,Rs,2026-09-27 09:00:00
ORD00013715,CUST003989,2026-09-09 21:00:00,PAID,NETBANKING,1061.68,174.19,49.0,764.26,1700.75,Rs,2026-09-27 09:00:00
ORD00013716,CUST002255,2026-09-03 18:00:00,PLACED,UPI,1408.36,778.12,99.0,568.55,1297.79,inr,2026-09-27 09:00:00
ORD00013717,CUST004866,2026-08-22 03:00:00,DELIVERED,UPI,802.2,830.39,49.0,1343.68,1364.49,Rs,2026-09-27 09:00:00
ORD00013718,CUST001151,2026-09-22 09:00:00,PAID,CARD,1849.22,718.06,0.0,1347.8,2478.96,Rs,2026-09-27 09:00:00
ORD00013719,CUST002008,2026-08-17 22:00:00,SHIPPED,UPI,2944.85,577.75,99.0,172.56,2638.66,inr,2026-09-27 09:00:00
ORD00013720,CUST001110,2026-09-21 11:00:00,SHIPPED,WALLET,1350.51,992.05,149.0,1313.05,1820.51,inr,2026-09-27 09:00:00
ORD00013721,CUST004704,2026-09-05 21:00:00,DELIVERED,CARD,2868.08,298.53,49.0,1197.39,3815.94,Rs,2026-09-27 09:00:00
ORD00013722,CUST003768,2026-08-10 13:00:00,SHIPPED,NETBANKING,3215.31,203.98,99.0,1455.66,4565.99,INR,2026-09-27 09:00:00
ORD00013723,CUST000994,2026-09-08 02:00:00,PAID,NETBANKING,724.06,462.22,79.0,1309.54,1650.38,INR,2026-09-27 09:00:00
ORD00013724,CUST003058,2026-08-05 00:00:00,DELIVERED,COD,590.52,425.42,49.0,370.46,584.56,INR,2026-09-27 09:00:00
ORD00013725,CUST002550,2026-09-08 01:00:00,PAID,WALLET,848.78,823.87,99.0,544.04,667.95,INR,2026-09-27 09:00:00
ORD00013726,CUST002524,2026-09-09 20:00:00,PAID,CARD,1910.06,965.16,79.0,150.81,1174.71,inr,2026-09-27 09:00:00
ORD00013727,CUST000339,2026-08-21 14:00:00,DELIVERED,CARD,1917.41,802.22,99.0,1337.65,2551.84,Rs,2026-09-27 09:00:00
ORD00013728,CUST000590,2026-09-13 05:00:00,PLACED,UPI,1761.21,791.91,49.0,1006.54,2024.84,INR ,2026-09-27 09:00:00
ORD00013729,CUST002332,2026-09-26 19:00:00,PAID,UPI,781.98,510.35,79.0,817.37,1168.0,INR,2026-09-27 09:00:00
ORD00013730,CUST002907,2026-08-03 12:00:00,SHIPPED,CARD,2657.92,737.35,99.0,800.89,2820.46,INR,2026-09-27 09:00:00
ORD00013731,CUST004067,2026-09-03 08:00:00,SHIPPED,UPI,1332.77,708.28,149.0,1282.42,2055.91,Rs,2026-09-27 09:00:00
ORD00013732,CUST003599,2026-08-13 21:00:00,DELIVERED,CARD,1440.29,249.74,49.0,1492.9,2732.45,INR,2026-09-27 09:00:00
ORD00013733,CUST005183,2026-09-06 13:00:00,DELIVERED,COD,406.4,569.31,149.0,452.25,438.34,INR ,2026-09-27 09:00:00
ORD00013734,CUST002208,2026-09-24 08:00:00,PLACED,UPI,2991.51,527.27,0.0,22.07,2486.31,inr,2026-09-27 09:00:00
ORD00013735,CUST001049,2026-09-20 05:00:00,DELIVERED,UPI,1831.61,949.39,79.0,1038.9,2000.12,INR,2026-09-27 09:00:00
ORD00013736,CUST004170,2026-08-25 20:00:00,PLACED,NETBANKING,1689.24,263.54,79.0,89.22,1593.92,inr,2026-09-27 09:00:00
ORD00013737,CUST000829,2026-09-15 15:00:00,DELIVERED,CARD,1527.8,898.41,49.0,1484.85,2163.24,INR ,2026-09-27 09:00:00
ORD00013738,CUST001264,2026-09-15 09:00:00,DELIVERED,CARD,1170.9,914.2,0.0,183.43,440.13,Rs,2026-09-27 09:00:00
ORD00013739,CUST004390,2026-08-24 06:00:00,PAID,WALLET,2014.44,619.99,149.0,818.2,2361.65,Rs,2026-09-27 09:00:00
ORD00013740,CUST005097,2026-09-26 07:00:00,DELIVERED,WALLET,1522.18,792.27,79.0,1392.03,2200.94,INR,2026-09-27 09:00:00
ORD00013741,CUST002571,2026-08-27 20:00:00,SHIPPED,WALLET,1456.8,766.38,149.0,350.86,1190.28,inr,2026-09-27 09:00:00
ORD00013742,CUST004120,2026-08-31 09:00:00,SHIPPED,NETBANKING,1190.77,674.74,0.0,1184.13,1700.16,INR,2026-09-27 09:00:00
ORD00013743,CUST000756,2026-08-19 12:00:00,DELIVERED,COD,1469.44,328.61,0.0,912.12,2052.95,inr,2026-09-27 09:00:00
ORD00013744,CUST003052,2026-08-16 17:00:00,DELIVERED,NETBANKING,240.14,373.11,149.0,779.49,795.52,Rs,2026-09-27 09:00:00
ORD00013745,CUST002205,2026-09-01 01:00:00,DELIVERED,NETBANKING,1280.26,535.65,149.0,1066.04,1959.65,INR ,2026-09-27 09:00:00
ORD00013746,CUST004502,2026-09-04 19:00:00,SHIPPED,WALLET,1022.13,903.6,49.0,1121.98,1289.51,INR,2026-09-27 09:00:00
ORD00013747,CUST004613,2026-08-08 10:00:00,SHIPPED,COD,2116.9,434.68,149.0,94.57,1925.79,Rs,2026-09-27 09:00:00
ORD00013748,CUST004112,2026-08-25 15:00:00,DELIVERED,CARD,873.54,89.94,0.0,1007.03,1790.63,INR ,2026-09-27 09:00:00
ORD00013749,CUST003520,2026-09-08 11:00:00,PAID,COD,2762.51,109.48,149.0,1153.1,3955.13,Rs,2026-09-27 09:00:00
ORD00013750,CUST001203,2026-08-03 07:00:00,DELIVERED,WALLET,544.27,268.05,0.0,229.15,505.37,Rs,2026-09-27 09:00:00
ORD00013751,CUST005190,2026-08-25 01:00:00,DELIVERED,NETBANKING,599.17,482.07,149.0,359.61,625.71,inr,2026-09-27 09:00:00
ORD00013752,CUST001854,2026-09-08 17:00:00,DELIVERED,UPI,399.49,872.19,99.0,802.82,429.12,Rs,2026-09-27 09:00:00
ORD00013753,CUST002340,2026-08-11 06:00:00,SHIPPED,UPI,413.46,779.89,49.0,519.16,201.73,INR ,2026-09-27 09:00:00
ORD00013754,CUST000588,2026-08-23 11:00:00,PLACED,CARD,663.08,118.56,0.0,1431.65,1976.17,Rs,2026-09-27 09:00:00
ORD00013755,CUST005365,2026-09-24 17:00:00,SHIPPED,NETBANKING,566.36,94.82,79.0,1375.24,1925.78,inr,2026-09-27 09:00:00
ORD00013756,CUST000891,2026-09-29 18:00:00,DELIVERED,UPI,812.54,795.67,149.0,241.16,407.03,INR,2026-09-27 09:00:00
ORD00013757,CUST001934,2026-09-18 18:00:00,PLACED,WALLET,1148.43,950.13,49.0,1220.41,1467.71,Rs,2026-09-27 09:00:00
ORD00013758,CUST001032,2026-08-22 01:00:00,DELIVERED,UPI,4185.22,16.46,79.0,312.05,4559.81,Rs,2026-09-27 09:00:00
ORD00013759,CUST002419,2026-08-16 07:00:00,SHIPPED,WALLET,456.6,829.23,99.0,570.12,296.49,INR,2026-09-27 09:00:00
ORD00013760,CUST001784,2026-09-19 11:00:00,DELIVERED,WALLET,1351.07,809.46,99.0,1448.36,2088.97,Rs,2026-09-27 09:00:00
ORD00013761,CUST003510,2026-08-16 14:00:00,DELIVERED,CARD,3727.73,837.09,79.0,686.92,3656.56,inr,2026-09-27 09:00:00
ORD00013762,CUST002024,2026-08-29 00:00:00,DELIVERED,CARD,837.74,47.66,49.0,1168.16,2007.24,INR,2026-09-27 09:00:00
ORD00013763,CUST003438,2026-09-11 15:00:00,DELIVERED,WALLET,289.43,1.65,149.0,1103.24,1540.02,inr,2026-09-27 09:00:00
ORD00013764,CUST004059,2026-09-08 02:00:00,DELIVERED,COD,295.53,314.81,0.0,962.12,942.84,INR ,2026-09-27 09:00:00
ORD00013765,CUST004967,2026-08-27 11:00:00,PAID,COD,2268.77,512.59,99.0,1147.02,3002.2,INR,2026-09-27 09:00:00
ORD00013766,CUST002440,2026-08-11 04:00:00,PLACED,COD,1899.37,260.82,49.0,1212.7,2900.25,inr,2026-09-27 09:00:00
ORD00013767,CUST001749,2026-08-26 01:00:00,PLACED,NETBANKING,1318.22,483.91,149.0,75.03,1058.34,Rs,2026-09-27 09:00:00
ORD00013768,CUST004877,2026-09-22 07:00:00,DELIVERED,NETBANKING,2012.9,872.3,0.0,1439.59,2580.19,INR,2026-09-27 09:00:00
ORD00013769,CUST005122,2026-09-12 19:00:00,DELIVERED,UPI,873.38,740.47,99.0,244.82,476.73,INR ,2026-09-27 09:00:00
ORD00013770,CUST002796,2026-09-02 07:00:00,DELIVERED,COD,1012.84,691.41,0.0,303.7,625.13,INR ,2026-09-27 09:00:00
ORD00013771,CUST004306,2026-08-29 05:00:00,SHIPPED,COD,726.82,938.55,49.0,47.67,-115.06,Rs,2026-09-27 09:00:00
ORD00013772,CUST004180,2026-09-10 05:00:00,DELIVERED,UPI,924.48,739.44,79.0,186.53,450.57,Rs,2026-09-27 09:00:00
ORD00013773,CUST005211,2026-08-04 09:00:00,DELIVERED,COD,544.01,522.46,0.0,127.6,149.15,Rs,2026-09-27 09:00:00
ORD00013774,CUST005009,2026-09-05 23:00:00,DELIVERED,COD,514.02,711.43,99.0,641.23,542.82,Rs,2026-09-27 09:00:00
ORD00013775,CUST002246,2026-08-14 02:00:00,DELIVERED,NETBANKING,3021.39,681.36,49.0,27.72,2416.75,Rs,2026-09-27 09:00:00
ORD00013776,CUST000740,2026-09-09 13:00:00,DELIVERED,COD,1162.34,486.1,49.0,1075.42,1800.66,INR,2026-09-27 09:00:00
ORD00013777,CUST000324,2026-09-05 13:00:00,DELIVERED,CARD,856.45,474.09,0.0,1142.31,1524.67,INR,2026-09-27 09:00:00
ORD00013778,CUST002369,2026-08-18 15:00:00,DELIVERED,UPI,541.18,628.11,49.0,987.34,949.41,INR,2026-09-27 09:00:00
ORD00013779,CUST000338,2026-08-15 22:00:00,SHIPPED,UPI,1368.75,722.78,79.0,494.91,1219.88,INR ,2026-09-27 09:00:00
ORD00013780,CUST005413,2026-09-18 12:00:00,DELIVERED,UPI,2712.91,740.27,99.0,678.1,2749.74,inr,2026-09-27 09:00:00
ORD00013781,CUST005411,2026-09-10 13:00:00,DELIVERED,NETBANKING,2606.02,973.38,0.0,79.7,1712.34,INR ,2026-09-27 09:00:00
ORD00013782,CUST004851,2026-09-16 23:00:00,DELIVERED,UPI,2504.76,421.88,49.0,736.11,2867.99,INR ,2026-09-27 09:00:00
ORD00013783,CUST000921,2026-08-08 18:00:00,SHIPPED,NETBANKING,726.52,3.67,149.0,1369.45,2241.3,INR ,2026-09-27 09:00:00
ORD00013784,CUST004974,2026-08-06 00:00:00,SHIPPED,CARD,1621.12,860.83,79.0,703.41,1542.7,INR ,2026-09-27 09:00:00
ORD00013785,CUST004963,2026-08-22 04:00:00,PAID,NETBANKING,932.09,437.95,79.0,1466.73,2039.87,Rs,2026-09-27 09:00:00
ORD00013786,CUST003741,2026-09-23 03:00:00,PAID,UPI,1173.9,309.02,49.0,1451.56,2365.44,Rs,2026-09-27 09:00:00
ORD00013787,CUST004792,2026-08-20 19:00:00,PAID,NETBANKING,1009.95,429.59,99.0,1389.49,2068.85,INR,2026-09-27 09:00:00
ORD00013788,CUST001458,2026-08-06 12:00:00,PAID,NETBANKING,1431.98,222.24,0.0,1420.11,2629.85,inr,2026-09-27 09:00:00
ORD00013789,CUST000884,2026-09-24 12:00:00,DELIVERED,COD,1107.46,910.94,79.0,636.16,911.68,INR,2026-09-27 09:00:00
ORD00013790,CUST004296,2026-08-01 21:00:00,PLACED,WALLET,481.7,698.98,79.0,754.45,616.17,Rs,2026-09-27 09:00:00
ORD00013791,CUST004833,2026-08-23 00:00:00,DELIVERED,UPI,2077.38,235.72,79.0,1415.38,3336.04,Rs,2026-09-27 09:00:00
ORD00013792,CUST000871,2026-08-22 20:00:00,DELIVERED,WALLET,2108.86,819.03,99.0,1204.31,2593.14,INR,2026-09-27 09:00:00
ORD00013793,CUST003637,2026-09-16 12:00:00,PAID,WALLET,1104.54,758.43,79.0,931.09,1356.2,INR ,2026-09-27 09:00:00
ORD00013794,CUST003970,2026-09-05 19:00:00,SHIPPED,NETBANKING,2320.24,957.17,49.0,1044.58,2456.65,INR ,2026-09-27 09:00:00
ORD00013795,CUST002349,2026-09-03 09:00:00,DELIVERED,CARD,651.64,799.9,99.0,596.87,547.61,inr,2026-09-27 09:00:00
ORD00013796,CUST004377,2026-08-15 23:00:00,PAID,COD,405.65,715.9,99.0,1107.56,896.31,INR ,2026-09-27 09:00:00
ORD00013797,CUST003035,2026-08-31 23:00:00,PLACED,WALLET,1311.64,625.62,0.0,1309.13,1995.15,inr,2026-09-27 09:00:00
ORD00013798,CUST005443,2026-09-20 18:00:00,DELIVERED,WALLET,831.47,637.11,149.0,80.8,424.16,Rs,2026-09-27 09:00:00
ORD00013799,CUST003347,2026-09-02 07:00:00,SHIPPED,CARD,1483.49,876.36,149.0,878.4,1634.53,Rs,2026-09-27 09:00:00
ORD00013800,CUST000163,2026-08-13 04:00:00,PAID,COD,881.09,599.81,79.0,509.38,869.66,INR,2026-09-27 09:00:00
ORD00013801,CUST000737,2026-08-05 18:00:00,DELIVERED,NETBANKING,1421.0,256.45,149.0,874.62,2188.17,Rs,2026-09-27 09:00:00
ORD00013802,CUST004682,2026-08-05 09:00:00,DELIVERED,UPI,1848.66,929.45,0.0,574.79,1494.0,INR ,2026-09-27 09:00:00
ORD00013803,CUST005206,2026-09-07 15:00:00,DELIVERED,COD,701.62,947.28,0.0,788.39,542.73,Rs,2026-09-27 09:00:00
ORD00013804,CUST000296,2026-08-13 09:00:00,SHIPPED,WALLET,1137.49,382.56,99.0,183.27,1037.2,INR,2026-09-27 09:00:00
ORD00013805,CUST003154,2026-09-04 04:00:00,SHIPPED,CARD,867.66,541.76,149.0,1276.77,1751.67,INR,2026-09-27 09:00:00
ORD00013806,CUST000050,2026-08-21 01:00:00,DELIVERED,UPI,710.99,820.85,79.0,354.57,323.71,inr,2026-09-27 09:00:00
ORD00013807,CUST004776,2026-09-11 13:00:00,PAID,COD,1091.87,375.13,99.0,427.98,1243.72,INR,2026-09-27 09:00:00
ORD00013808,CUST004181,2026-08-09 01:00:00,PLACED,CARD,1734.3,157.65,49.0,368.83,1994.48,INR,2026-09-27 09:00:00
ORD00013809,CUST005441,2026-08-31 04:00:00,PLACED,NETBANKING,911.98,684.1,79.0,1157.82,1464.7,inr,2026-09-27 09:00:00
ORD00013810,CUST003293,2026-09-04 07:00:00,SHIPPED,COD,1145.84,271.19,149.0,719.57,1743.22,INR,2026-09-27 09:00:00
ORD00013811,CUST003934,2026-08-25 16:00:00,SHIPPED,CARD,1616.61,571.6,79.0,1205.22,2329.23,INR ,2026-09-27 09:00:00
ORD00013812,CUST000263,2026-09-03 06:00:00,SHIPPED,COD,2162.29,708.12,79.0,1200.66,2733.83,Rs,2026-09-27 09:00:00
ORD00013813,CUST003490,2026-08-09 14:00:00,PLACED,CARD,932.26,942.23,79.0,1059.76,1128.79,Rs,2026-09-27 09:00:00
ORD00013814,CUST002050,2026-09-25 04:00:00,PAID,CARD,1296.8,940.34,0.0,566.83,923.29,INR ,2026-09-27 09:00:00
ORD00013815,CUST003028,2026-08-12 19:00:00,SHIPPED,UPI,914.4,622.82,0.0,694.89,986.47,inr,2026-09-27 09:00:00
ORD00013816,CUST000639,2026-09-09 15:00:00,PLACED,WALLET,2396.53,845.72,99.0,1275.6,2925.41,INR ,2026-09-27 09:00:00
ORD00013817,CUST005373,2026-09-01 04:00:00,SHIPPED,UPI,1534.35,896.95,99.0,677.67,1414.07,Rs,2026-09-27 09:00:00
ORD00013818,CUST004402,2026-09-12 10:00:00,DELIVERED,COD,752.16,266.2,0.0,616.29,1102.25,INR ,2026-09-27 09:00:00
ORD00013819,CUST001960,2026-08-29 00:00:00,SHIPPED,WALLET,973.47,910.15,149.0,308.25,520.57,INR,2026-09-27 09:00:00
ORD00013820,CUST002730,2026-09-09 21:00:00,DELIVERED,UPI,820.19,362.19,99.0,1395.85,1952.85,Rs,2026-09-27 09:00:00
ORD00013821,CUST003719,2026-09-10 22:00:00,DELIVERED,WALLET,1473.23,584.31,149.0,42.32,1080.24,Rs,2026-09-27 09:00:00
ORD00013822,CUST003806,2026-08-01 22:00:00,DELIVERED,NETBANKING,1441.92,835.04,79.0,1049.04,1734.92,INR,2026-09-27 09:00:00
ORD00013823,CUST003905,2026-08-09 00:00:00,DELIVERED,WALLET,1239.96,58.15,79.0,459.85,1720.66,INR ,2026-09-27 09:00:00
ORD00013824,CUST001021,2026-08-14 10:00:00,SHIPPED,COD,1033.61,645.32,149.0,975.26,1512.55,Rs,2026-09-27 09:00:00
ORD00013825,CUST003900,2026-09-28 16:00:00,DELIVERED,COD,1465.37,755.26,79.0,972.85,1761.96,INR,2026-09-27 09:00:00
ORD00013826,CUST000419,2026-09-08 23:00:00,PLACED,NETBANKING,1206.47,775.76,79.0,808.63,1318.34,INR ,2026-09-27 09:00:00
ORD00013827,CUST002352,2026-08-19 05:00:00,DELIVERED,NETBANKING,2516.66,502.08,79.0,1140.85,3234.43,INR ,2026-09-27 09:00:00
ORD00013828,CUST002077,2026-08-15 09:00:00,DELIVERED,CARD,3915.35,534.93,49.0,610.41,4039.83,INR ,2026-09-27 09:00:00
ORD00013829,CUST001247,2026-09-07 09:00:00,PAID,CARD,1461.86,687.28,149.0,347.37,1270.95,INR ,2026-09-27 09:00:00
ORD00013830,CUST001257,2026-09-06 10:00:00,DELIVERED,UPI,1864.13,592.0,0.0,1108.63,2380.76,INR,2026-09-27 09:00:00
ORD00013831,CUST002818,2026-08-02 02:00:00,DELIVERED,WALLET,456.03,551.78,49.0,924.07,877.32,Rs,2026-09-27 09:00:00
ORD00013832,CUST002932,2026-08-16 21:00:00,DELIVERED,NETBANKING,987.69,91.85,99.0,839.56,1834.4,inr,2026-09-27 09:00:00
ORD00013833,CUST001367,2026-08-28 03:00:00,DELIVERED,NETBANKING,1342.43,607.34,0.0,967.24,1702.33,inr,2026-09-27 09:00:00
ORD00013834,CUST002863,2026-08-06 21:00:00,DELIVERED,NETBANKING,620.49,452.89,149.0,326.66,643.26,INR ,2026-09-27 09:00:00
ORD00013835,CUST001916,2026-08-05 15:00:00,DELIVERED,WALLET,1717.76,645.88,79.0,203.23,1354.11,INR ,2026-09-27 09:00:00
ORD00013836,CUST005483,2026-08-05 06:00:00,PAID,NETBANKING,1535.13,921.84,0.0,647.27,1260.56,Rs,2026-09-27 09:00:00
ORD00013837,CUST000261,2026-08-05 01:00:00,PLACED,CARD,908.41,573.73,79.0,120.69,534.37,inr,2026-09-27 09:00:00
ORD00013838,CUST003747,2026-08-14 08:00:00,DELIVERED,WALLET,3468.34,767.73,99.0,114.8,2914.41,INR ,2026-09-27 09:00:00
ORD00013839,CUST003076,2026-09-21 15:00:00,PAID,COD,1384.54,831.38,0.0,1460.75,2013.91,INR ,2026-09-27 09:00:00
ORD00013840,CUST002092,2026-09-29 03:00:00,PAID,WALLET,1328.83,473.79,149.0,884.43,1888.47,INR ,2026-09-27 09:00:00
ORD00013841,CUST005478,2026-09-24 01:00:00,DELIVERED,WALLET,1659.07,545.24,0.0,1127.58,2241.41,INR ,2026-09-27 09:00:00
ORD00013842,CUST004952,2026-09-11 23:00:00,PAID,UPI,1375.01,827.42,79.0,953.88,1580.47,INR,2026-09-27 09:00:00
ORD00013843,CUST004727,2026-09-01 02:00:00,PAID,UPI,1388.17,186.61,49.0,899.89,2150.45,INR ,2026-09-27 09:00:00
ORD00013844,CUST003121,2026-08-16 08:00:00,DELIVERED,CARD,2339.71,543.91,0.0,463.29,2259.09,Rs,2026-09-27 09:00:00
ORD00013845,CUST003377,2026-08-27 22:00:00,DELIVERED,CARD,1371.12,294.94,149.0,299.79,1524.97,inr,2026-09-27 09:00:00
ORD00013846,CUST002986,2026-08-21 10:00:00,PAID,UPI,1332.4,520.81,99.0,1360.12,2270.71,Rs,2026-09-27 09:00:00
ORD00013847,CUST003525,2026-09-28 09:00:00,DELIVERED,WALLET,375.97,481.04,99.0,135.32,129.25,INR ,2026-09-27 09:00:00
ORD00013848,CUST002533,2026-09-09 11:00:00,DELIVERED,CARD,1448.39,809.42,149.0,375.15,1163.12,INR ,2026-09-27 09:00:00
ORD00013849,CUST000590,2026-08-17 01:00:00,PAID,WALLET,825.03,504.84,79.0,983.84,1383.03,INR ,2026-09-27 09:00:00
ORD00013850,CUST004218,2026-09-06 09:00:00,DELIVERED,CARD,1841.77,46.61,149.0,425.43,2369.59,inr ,2026-09-27 09:00:00
ORD00013851,CUST000611,2026-08-10 00:00:00,PAID,UPI,714.81,130.41,99.0,762.16,1445.56,inr,2026-09-27 09:00:00
ORD00013852,CUST004714,2026-08-28 13:00:00,SHIPPED,COD,4351.2,652.46,99.0,304.24,4101.98,Rs,2026-09-27 09:00:00
ORD00013853,CUST005167,2026-08-09 20:00:00,PLACED,WALLET,1665.38,496.43,0.0,1383.35,2552.3,Rs,2026-09-27 09:00:00
ORD00013854,CUST003710,2026-08-12 15:00:00,DELIVERED,COD,1580.96,679.55,79.0,70.33,1050.74,INR ,2026-09-27 09:00:00
ORD00013855,CUST000963,2026-08-26 19:00:00,DELIVERED,NETBANKING,1683.0,94.48,0.0,1036.42,2624.94,inr,2026-09-27 09:00:00
ORD00013856,CUST000275,2026-08-06 23:00:00,PAID,NETBANKING,839.11,55.74,149.0,828.85,1761.22,INR ,2026-09-27 09:00:00
ORD00013857,CUST001171,2026-09-04 20:00:00,PLACED,CARD,2200.31,669.86,0.0,250.02,1780.47,inr,2026-09-27 09:00:00
ORD00013858,CUST001788,2026-08-08 06:00:00,DELIVERED,COD,1811.34,902.47,0.0,782.36,1691.23,INR,2026-09-27 09:00:00
ORD00013859,CUST000050,2026-09-13 06:00:00,DELIVERED,CARD,1444.82,558.87,149.0,305.02,1339.97,inr,2026-09-27 09:00:00
ORD00013860,CUST001430,2026-09-07 17:00:00,SHIPPED,CARD,1741.62,627.65,0.0,1440.05,2554.02,inr,2026-09-27 09:00:00
ORD00013861,CUST001853,2026-08-14 17:00:00,PAID,COD,1736.0,735.97,149.0,532.28,1681.31,Rs,2026-09-27 09:00:00
ORD00013862,CUST002557,2026-09-18 02:00:00,DELIVERED,WALLET,3046.39,959.04,79.0,393.27,2559.62,inr,2026-09-27 09:00:00
ORD00013863,CUST005198,2026-09-20 09:00:00,PAID,COD,3837.65,962.83,49.0,398.17,3321.99,Rs,2026-09-27 09:00:00
ORD00013864,CUST000801,2026-09-04 06:00:00,PLACED,COD,2119.96,861.94,99.0,724.64,2081.66,inr,2026-09-27 09:00:00
ORD00013865,CUST000262,2026-08-10 18:00:00,DELIVERED,CARD,612.97,834.65,0.0,74.87,-146.81,INR,2026-09-27 09:00:00
ORD00013866,CUST004175,2026-08-07 08:00:00,PLACED,UPI,1100.01,553.7,149.0,955.9,1651.21,inr,2026-09-27 09:00:00
ORD00013867,CUST000928,2026-09-01 23:00:00,PAID,NETBANKING,2737.83,833.81,149.0,715.99,2769.01,INR,2026-09-27 09:00:00
ORD00013868,CUST003823,2026-08-25 21:00:00,PAID,COD,729.7,871.25,79.0,1461.94,1399.39,inr,2026-09-27 09:00:00
ORD00013869,CUST001928,2026-09-21 22:00:00,DELIVERED,UPI,845.38,774.88,0.0,764.82,835.32,INR,2026-09-27 09:00:00
ORD00013870,CUST000031,2026-09-04 21:00:00,PLACED,COD,1275.37,734.9,49.0,806.65,1396.12,INR,2026-09-27 09:00:00
ORD00013871,CUST005152,2026-08-10 15:00:00,DELIVERED,COD,1412.48,769.44,49.0,480.76,1172.8,INR ,2026-09-27 09:00:00
ORD00013872,CUST002869,2026-08-07 07:00:00,DELIVERED,NETBANKING,2189.31,920.34,79.0,1268.3,2616.27,Rs,2026-09-27 09:00:00
ORD00013873,CUST003547,2026-09-01 02:00:00,SHIPPED,UPI,349.02,426.15,149.0,995.21,1067.08,Rs,2026-09-27 09:00:00
ORD00013874,CUST003319,2026-09-27 14:00:00,DELIVERED,UPI,787.97,76.77,49.0,1452.74,2212.94,inr,2026-09-27 09:00:00
ORD00013875,CUST000603,2026-08-12 23:00:00,DELIVERED,CARD,470.8,37.35,49.0,605.8,1088.25,INR,2026-09-27 09:00:00
ORD00013876,CUST001793,2026-08-30 12:00:00,DELIVERED,NETBANKING,1599.13,492.25,99.0,1018.55,2224.43,Rs,2026-09-27 09:00:00
ORD00013877,CUST002244,2026-08-17 02:00:00,DELIVERED,NETBANKING,836.74,977.72,0.0,36.18,-104.8,Rs,2026-09-27 09:00:00
ORD00013878,CUST001878,2026-09-22 11:00:00,DELIVERED,CARD,1341.87,313.38,49.0,808.84,1886.33,INR,2026-09-27 09:00:00
ORD00013879,CUST001888,2026-08-24 01:00:00,SHIPPED,COD,5089.27,749.28,149.0,114.15,4603.14,INR,2026-09-27 09:00:00
ORD00013880,CUST000804,2026-08-24 04:00:00,PAID,CARD,1253.86,654.36,149.0,266.02,1014.52,Rs,2026-09-27 09:00:00
ORD00013881,CUST000221,2026-08-10 11:00:00,DELIVERED,WALLET,2760.3,292.65,99.0,695.01,3261.66,inr,2026-09-27 09:00:00
ORD00013882,CUST001835,2026-09-03 07:00:00,PAID,WALLET,2331.63,96.88,49.0,54.86,2338.61,Rs,2026-09-27 09:00:00
ORD00013883,CUST002137,2026-08-11 12:00:00,DELIVERED,NETBANKING,1501.8,778.58,99.0,1082.48,1904.7,INR,2026-09-27 09:00:00
ORD00013884,CUST001352,2026-08-04 08:00:00,DELIVERED,UPI,842.88,636.38,49.0,38.2,293.7,INR,2026-09-27 09:00:00
ORD00013885,CUST003385,2026-08-30 18:00:00,PAID,WALLET,1111.49,631.9,79.0,40.82,599.41,INR,2026-09-27 09:00:00
ORD00013886,CUST004186,2026-08-11 08:00:00,DELIVERED,NETBANKING,2687.55,334.22,149.0,1141.14,3643.47,inr,2026-09-27 09:00:00
ORD00013887,CUST001039,2026-08-24 23:00:00,PLACED,WALLET,1621.69,963.46,99.0,1193.96,1951.19,Rs,2026-09-27 09:00:00
ORD00013888,CUST004851,2026-09-01 08:00:00,SHIPPED,COD,2034.14,925.46,99.0,664.18,1871.86,inr,2026-09-27 09:00:00
ORD00013889,CUST000471,2026-09-07 23:00:00,DELIVERED,COD,3154.77,990.28,0.0,1364.07,3528.56,Rs,2026-09-27 09:00:00
ORD00013890,CUST004575,2026-08-20 06:00:00,SHIPPED,UPI,1207.48,974.01,99.0,1063.21,1395.68,inr,2026-09-27 09:00:00
ORD00013891,CUST001383,2026-09-19 12:00:00,PAID,NETBANKING,2901.41,941.82,79.0,679.8,2718.39,INR,2026-09-27 09:00:00
ORD00013892,CUST001865,2026-08-28 01:00:00,PAID,COD,604.03,646.88,79.0,306.81,342.96,INR ,2026-09-27 09:00:00
ORD00013893,CUST004817,2026-08-31 11:00:00,DELIVERED,NETBANKING,841.82,128.4,149.0,502.14,1364.56,INR,2026-09-27 09:00:00
ORD00013894,CUST005215,2026-08-18 03:00:00,PAID,WALLET,2467.16,89.36,79.0,267.83,2724.63,inr,2026-09-27 09:00:00
ORD00013895,CUST002350,2026-09-05 15:00:00,DELIVERED,UPI,740.38,549.27,99.0,460.15,750.26,INR,2026-09-27 09:00:00
ORD00013896,CUST003780,2026-09-28 07:00:00,PLACED,WALLET,1338.38,694.14,0.0,368.61,1012.85,inr,2026-09-27 09:00:00
ORD00013897,CUST004564,2026-08-01 12:00:00,DELIVERED,UPI,994.29,87.98,149.0,35.65,1090.96,INR ,2026-09-27 09:00:00
ORD00013898,CUST004162,2026-08-17 00:00:00,PLACED,WALLET,1398.96,104.12,79.0,775.57,2149.41,INR,2026-09-27 09:00:00
ORD00013899,CUST003270,2026-09-29 11:00:00,SHIPPED,UPI,1270.66,585.84,99.0,195.25,979.07,Rs,2026-09-27 09:00:00
ORD00013900,CUST001658,2026-08-23 17:00:00,PAID,UPI,1999.09,746.79,79.0,1108.54,2439.84,inr,2026-09-27 09:00:00
ORD00013901,CUST001478,2026-09-05 06:00:00,SHIPPED,UPI,708.13,249.3,149.0,242.32,850.15,INR ,2026-09-27 09:00:00
ORD00013902,CUST003015,2026-09-14 03:00:00,DELIVERED,CARD,1259.56,921.92,0.0,581.29,918.93,INR ,2026-09-27 09:00:00
ORD00013903,CUST004217,2026-08-02 09:00:00,PLACED,CARD,1854.63,429.59,99.0,922.71,2446.75,inr,2026-09-27 09:00:00
ORD00013904,CUST002660,2026-09-10 13:00:00,DELIVERED,WALLET,2950.23,148.17,0.0,24.74,2826.8,Rs,2026-09-27 09:00:00
ORD00013905,CUST003625,2026-08-07 16:00:00,PAID,CARD,2549.33,904.1,99.0,514.56,2258.79,Rs,2026-09-27 09:00:00
ORD00013906,CUST001600,2026-08-07 11:00:00,DELIVERED,UPI,1815.88,861.41,0.0,933.68,1888.15,Rs,2026-09-27 09:00:00
ORD00013907,CUST005209,2026-09-13 14:00:00,DELIVERED,UPI,1127.94,880.21,0.0,134.24,381.97,INR,2026-09-27 09:00:00
ORD00013908,CUST005135,2026-09-04 13:00:00,DELIVERED,NETBANKING,5075.7,504.27,99.0,1251.65,5922.08,inr,2026-09-27 09:00:00
ORD00013909,CUST002905,2026-09-20 17:00:00,DELIVERED,WALLET,3204.55,182.62,149.0,130.01,3300.94,INR ,2026-09-27 09:00:00
ORD00013910,CUST003135,2026-09-01 10:00:00,DELIVERED,NETBANKING,1848.5,880.0,99.0,467.8,1535.3,inr,2026-09-27 09:00:00
ORD00013911,CUST002318,2026-09-10 22:00:00,DELIVERED,NETBANKING,1187.41,544.65,79.0,953.49,1675.25,Rs,2026-09-27 09:00:00
ORD00013912,CUST000247,2026-08-16 19:00:00,PAID,CARD,1569.96,417.49,0.0,1289.27,2441.74,Rs,2026-09-27 09:00:00
ORD00013913,CUST000048,2026-08-05 08:00:00,PAID,CARD,1273.74,295.53,79.0,757.92,1815.13,INR ,2026-09-27 09:00:00
ORD00013914,CUST005499,2026-09-21 03:00:00,DELIVERED,WALLET,1149.82,545.44,99.0,1353.01,2056.39,Rs,2026-09-27 09:00:00
ORD00013915,CUST001129,2026-08-07 07:00:00,DELIVERED,CARD,2158.79,467.64,49.0,1309.55,3049.7,Rs,2026-09-27 09:00:00
ORD00013916,CUST003038,2026-08-19 20:00:00,SHIPPED,CARD,872.35,258.96,0.0,1292.15,1905.54,Rs,2026-09-27 09:00:00
ORD00013917,CUST005311,2026-08-10 01:00:00,PAID,COD,3188.29,342.52,149.0,115.16,3109.93,Rs,2026-09-27 09:00:00
ORD00013918,CUST000895,2026-09-25 22:00:00,DELIVERED,CARD,3955.28,730.29,49.0,603.92,3877.91,inr,2026-09-27 09:00:00
ORD00013919,CUST003391,2026-08-11 02:00:00,PLACED,WALLET,1309.07,535.24,0.0,1030.46,1804.29,inr,2026-09-27 09:00:00
ORD00013920,CUST003947,2026-08-08 03:00:00,DELIVERED,WALLET,334.97,774.02,0.0,1138.52,699.47,Rs,2026-09-27 09:00:00
ORD00013921,CUST001619,2026-09-22 18:00:00,SHIPPED,WALLET,3398.52,684.86,99.0,812.45,3625.11,inr,2026-09-27 09:00:00
ORD00013922,CUST000966,2026-09-28 14:00:00,DELIVERED,NETBANKING,414.91,118.21,99.0,1085.88,1481.58,inr,2026-09-27 09:00:00
ORD00013923,CUST000401,2026-08-31 12:00:00,SHIPPED,WALLET,1728.78,619.55,49.0,316.94,1475.17,Rs,2026-09-27 09:00:00
ORD00013924,CUST001078,2026-09-29 20:00:00,DELIVERED,COD,1313.37,601.59,149.0,213.53,1074.31,INR,2026-09-27 09:00:00
ORD00013925,CUST000780,2026-09-23 09:00:00,PAID,UPI,3020.53,363.65,0.0,522.96,3179.84,Rs,2026-09-27 09:00:00
ORD00013926,CUST004859,2026-09-28 23:00:00,DELIVERED,COD,2145.43,267.37,0.0,973.79,2851.85,INR ,2026-09-27 09:00:00
ORD00013927,CUST000772,2026-09-03 22:00:00,DELIVERED,WALLET,7329.39,711.93,149.0,35.18,6801.64,Rs,2026-09-27 09:00:00
ORD00013928,CUST004830,2026-09-15 01:00:00,DELIVERED,NETBANKING,204.96,700.32,79.0,625.94,209.58,Rs,2026-09-27 09:00:00
ORD00013929,CUST005189,2026-09-05 12:00:00,DELIVERED,UPI,474.26,797.25,79.0,27.15,-216.84,INR ,2026-09-27 09:00:00
ORD00013930,CUST002408,2026-08-16 10:00:00,DELIVERED,CARD,719.74,728.68,99.0,731.28,821.34,inr,2026-09-27 09:00:00
ORD00013931,CUST003316,2026-09-28 18:00:00,SHIPPED,UPI,1687.88,846.53,49.0,558.33,1448.68,INR ,2026-09-27 09:00:00
ORD00013932,CUST002362,2026-09-18 02:00:00,PLACED,COD,984.39,990.62,99.0,1457.48,1550.25,inr,2026-09-27 09:00:00
ORD00013933,CUST003527,2026-09-22 07:00:00,DELIVERED,WALLET,1335.06,485.12,79.0,279.86,1208.8,INR ,2026-09-27 09:00:00
ORD00013934,CUST002887,2026-09-29 05:00:00,DELIVERED,COD,1179.09,904.45,0.0,531.01,805.65,Rs,2026-09-27 09:00:00
ORD00013935,CUST001217,2026-08-19 08:00:00,PLACED,UPI,575.74,927.81,99.0,613.71,360.64,inr,2026-09-27 09:00:00
ORD00013936,CUST001020,2026-09-04 16:00:00,DELIVERED,WALLET,2737.65,220.98,0.0,1021.04,3537.71,inr,2026-09-27 09:00:00
ORD00013937,CUST000472,2026-09-27 04:00:00,DELIVERED,UPI,1692.27,451.32,99.0,1402.71,2742.66,INR,2026-09-27 09:00:00
ORD00013938,CUST003824,2026-09-11 17:00:00,PAID,COD,557.97,421.34,99.0,1304.93,1540.56,Rs,2026-09-27 09:00:00
ORD00013939,CUST005444,2026-09-28 01:00:00,DELIVERED,CARD,717.85,552.87,0.0,887.97,1052.95,INR ,2026-09-27 09:00:00
ORD00013940,CUST000747,2026-08-27 04:00:00,DELIVERED,NETBANKING,2281.01,909.16,49.0,258.79,1679.64,inr,2026-09-27 09:00:00
ORD00013941,CUST004129,2026-08-07 06:00:00,PAID,UPI,3436.27,781.98,99.0,1158.72,3912.01,INR ,2026-09-27 09:00:00
ORD00013942,CUST002212,2026-08-31 22:00:00,PAID,WALLET,1936.9,857.34,79.0,200.74,1359.3,inr,2026-09-27 09:00:00
ORD00013943,CUST005320,2026-09-02 12:00:00,DELIVERED,UPI,1347.8,595.99,79.0,921.87,1752.68,Rs,2026-09-27 09:00:00
ORD00013944,CUST001931,2026-09-26 20:00:00,DELIVERED,NETBANKING,1998.53,21.36,99.0,288.12,2364.29,inr,2026-09-27 09:00:00
ORD00013945,CUST001646,2026-08-27 03:00:00,DELIVERED,UPI,1167.98,68.19,99.0,1136.56,2335.35,Rs,2026-09-27 09:00:00
ORD00013946,CUST000892,2026-09-08 04:00:00,DELIVERED,NETBANKING,502.91,67.4,149.0,332.49,917.0,INR ,2026-09-27 09:00:00
ORD00013947,CUST004399,2026-08-18 05:00:00,DELIVERED,UPI,5583.99,404.75,0.0,418.8,5598.04,INR ,2026-09-27 09:00:00
ORD00013948,CUST003126,2026-09-28 14:00:00,DELIVERED,UPI,1159.55,427.01,99.0,1127.72,1959.26,INR ,2026-09-27 09:00:00
ORD00013949,CUST001443,2026-09-19 04:00:00,DELIVERED,NETBANKING,718.33,511.75,149.0,573.03,928.61,inr ,2026-09-27 09:00:00
ORD00013950,CUST004401,2026-09-23 09:00:00,PAID,CARD,1893.96,484.38,99.0,594.0,2102.58,inr,2026-09-27 09:00:00
ORD00013951,CUST001806,2026-08-04 11:00:00,DELIVERED,UPI,389.62,171.32,99.0,1350.97,1668.27,INR,2026-09-27 09:00:00
ORD00013952,CUST004771,2026-08-15 18:00:00,SHIPPED,CARD,1499.79,98.98,0.0,728.94,2129.75,INR ,2026-09-27 09:00:00
ORD00013953,CUST001851,2026-08-28 02:00:00,SHIPPED,NETBANKING,712.89,921.83,49.0,1061.38,901.44,INR,2026-09-27 09:00:00
ORD00013954,CUST000133,2026-09-21 07:00:00,DELIVERED,COD,1032.54,49.63,49.0,516.94,1548.85,INR,2026-09-27 09:00:00
ORD00013955,CUST002546,2026-08-20 20:00:00,PLACED,CARD,750.56,315.59,49.0,488.72,972.69,Rs,2026-09-27 09:00:00
ORD00013956,CUST002147,2026-09-26 11:00:00,DELIVERED,NETBANKING,2305.03,118.65,0.0,1265.69,3452.07,INR,2026-09-27 09:00:00
ORD00013957,CUST001946,2026-09-23 02:00:00,PLACED,NETBANKING,1939.75,136.59,49.0,79.95,1932.11,inr,2026-09-27 09:00:00
ORD00013958,CUST004563,2026-09-10 09:00:00,PAID,CARD,723.78,222.01,99.0,723.05,1323.82,inr,2026-09-27 09:00:00
ORD00013959,CUST002307,2026-08-17 05:00:00,PLACED,WALLET,812.36,457.22,49.0,63.08,467.22,INR,2026-09-27 09:00:00
ORD00013960,CUST003276,2026-08-19 00:00:00,SHIPPED,CARD,828.29,439.85,0.0,1032.62,1421.06,INR,2026-09-27 09:00:00
ORD00013961,CUST002642,2026-09-18 22:00:00,DELIVERED,CARD,1263.55,154.76,79.0,1069.04,2256.83,Rs,2026-09-27 09:00:00
ORD00013962,CUST002588,2026-09-04 10:00:00,SHIPPED,NETBANKING,656.56,875.76,0.0,1338.26,1119.06,Rs,2026-09-27 09:00:00
ORD00013963,CUST003780,2026-08-18 14:00:00,DELIVERED,UPI,6568.51,946.6,149.0,747.64,6518.55,INR,2026-09-27 09:00:00
ORD00013964,CUST001641,2026-08-08 05:00:00,DELIVERED,WALLET,862.76,454.02,49.0,922.03,1379.77,INR,2026-09-27 09:00:00
ORD00013965,CUST004586,2026-08-07 09:00:00,SHIPPED,COD,1144.56,329.2,149.0,1279.16,2243.52,INR ,2026-09-27 09:00:00
ORD00013966,CUST002832,2026-09-26 04:00:00,SHIPPED,NETBANKING,764.28,992.71,49.0,723.61,544.18,Rs,2026-09-27 09:00:00
ORD00013967,CUST003976,2026-09-23 18:00:00,SHIPPED,NETBANKING,2847.59,919.78,49.0,144.39,2121.2,inr,2026-09-27 09:00:00
ORD00013968,CUST002037,2026-08-12 12:00:00,DELIVERED,CARD,1644.55,383.85,49.0,1122.01,2431.71,INR,2026-09-27 09:00:00
ORD00013969,CUST000138,2026-08-25 07:00:00,DELIVERED,WALLET,797.35,254.24,49.0,532.48,1124.59,INR ,2026-09-27 09:00:00
ORD00013970,CUST005056,2026-09-26 10:00:00,DELIVERED,NETBANKING,1998.86,103.79,149.0,439.19,2483.26,inr,2026-09-27 09:00:00
ORD00013971,CUST001949,2026-09-06 16:00:00,SHIPPED,NETBANKING,407.01,885.93,149.0,42.84,-287.08,INR ,2026-09-27 09:00:00
ORD00013972,CUST002523,2026-08-02 06:00:00,DELIVERED,WALLET,409.69,555.01,99.0,1188.49,1142.17,INR,2026-09-27 09:00:00
ORD00013973,CUST002684,2026-08-11 15:00:00,DELIVERED,WALLET,1089.16,479.37,99.0,1138.66,1847.45,inr,2026-09-27 09:00:00
ORD00013974,CUST002997,2026-09-29 06:00:00,SHIPPED,NETBANKING,3090.4,21.24,49.0,335.21,3453.37,inr,2026-09-27 09:00:00
ORD00013975,CUST000117,2026-09-12 20:00:00,PAID,UPI,675.84,462.46,49.0,112.11,374.49,INR ,2026-09-27 09:00:00
ORD00013976,CUST001774,2026-09-06 03:00:00,DELIVERED,UPI,867.89,322.53,79.0,636.62,1260.98,INR,2026-09-27 09:00:00
ORD00013977,CUST003566,2026-08-23 09:00:00,DELIVERED,UPI,1746.35,827.54,79.0,751.49,1749.3,inr,2026-09-27 09:00:00
ORD00013978,CUST005284,2026-09-04 17:00:00,SHIPPED,NETBANKING,798.68,372.17,79.0,449.25,954.76,Rs,2026-09-27 09:00:00
ORD00013979,CUST000898,2026-08-23 02:00:00,DELIVERED,CARD,655.93,798.27,99.0,1395.53,1352.19,INR ,2026-09-27 09:00:00
ORD00013980,CUST001766,2026-08-05 02:00:00,PLACED,WALLET,1010.06,451.64,99.0,1362.55,2019.97,inr,2026-09-27 09:00:00
ORD00013981,CUST002808,2026-09-12 20:00:00,DELIVERED,NETBANKING,1185.36,901.78,99.0,134.9,517.48,inr,2026-09-27 09:00:00
ORD00013982,CUST000902,2026-08-30 06:00:00,SHIPPED,WALLET,611.16,274.91,79.0,661.76,1077.01,INR ,2026-09-27 09:00:00
ORD00013983,CUST001867,2026-08-20 02:00:00,PLACED,WALLET,2065.57,74.61,0.0,1462.88,3453.84,INR ,2026-09-27 09:00:00
ORD00013984,CUST001215,2026-09-26 20:00:00,PAID,UPI,1653.96,794.35,0.0,501.11,1360.72,INR ,2026-09-27 09:00:00
ORD00013985,CUST004941,2026-09-06 11:00:00,DELIVERED,NETBANKING,884.75,234.16,49.0,249.3,948.89,INR ,2026-09-27 09:00:00
ORD00013986,CUST003927,2026-09-13 15:00:00,DELIVERED,WALLET,677.2,744.37,149.0,563.01,644.84,Rs,2026-09-27 09:00:00
ORD00013987,CUST002554,2026-08-05 01:00:00,PLACED,COD,524.42,758.32,49.0,611.56,426.66,inr,2026-09-27 09:00:00
ORD00013988,CUST002976,2026-08-02 12:00:00,PLACED,CARD,1851.79,788.23,149.0,153.8,1366.36,inr,2026-09-27 09:00:00
ORD00013989,CUST005380,2026-09-11 08:00:00,PAID,UPI,903.7,816.72,79.0,450.94,616.92,inr,2026-09-27 09:00:00
ORD00013990,CUST002291,2026-09-22 04:00:00,PAID,COD,1463.95,904.92,79.0,88.5,726.53,inr,2026-09-27 09:00:00
ORD00013991,CUST003876,2026-09-01 08:00:00,DELIVERED,CARD,1716.28,243.25,149.0,1260.07,2882.1,INR,2026-09-27 09:00:00
ORD00013992,CUST005023,2026-08-23 08:00:00,PAID,UPI,418.18,497.8,0.0,362.46,282.84,inr,2026-09-27 09:00:00
ORD00013993,CUST002630,2026-09-12 02:00:00,DELIVERED,COD,1632.87,862.6,0.0,366.38,1136.65,INR,2026-09-27 09:00:00
ORD00013994,CUST000278,2026-08-12 23:00:00,DELIVERED,WALLET,1732.11,249.48,49.0,1452.49,2984.12,INR ,2026-09-27 09:00:00
ORD00013995,CUST005276,2026-09-24 11:00:00,PLACED,COD,3310.29,623.68,0.0,1191.16,3877.77,Rs,2026-09-27 09:00:00
ORD00013996,CUST002851,2026-09-11 12:00:00,PAID,COD,1087.16,842.87,0.0,216.8,461.09,Rs,2026-09-27 09:00:00
ORD00013997,CUST000913,2026-08-10 04:00:00,PLACED,WALLET,1220.35,689.95,99.0,783.81,1413.21,INR ,2026-09-27 09:00:00
ORD00013998,CUST005163,2026-08-11 00:00:00,DELIVERED,WALLET,1739.46,138.31,149.0,516.66,2266.81,INR,2026-09-27 09:00:00
ORD00013999,CUST001366,2026-09-29 02:00:00,PAID,COD,1214.19,308.23,0.0,258.35,1164.31,INR,2026-09-27 09:00:00
ORD00014000,CUST002125,2026-09-11 23:00:00,SHIPPED,COD,3463.08,141.1,149.0,146.68,3617.66,INR ,2026-09-27 09:00:00
ORD00014001,CUST000924,2026-09-15 11:00:00,DELIVERED,CARD,2074.92,975.1,149.0,1013.08,2261.9,INR ,2026-09-27 09:00:00
ORD00014002,CUST004565,2026-08-25 14:00:00,DELIVERED,COD,2543.27,17.01,149.0,1473.46,4148.72,INR ,2026-09-27 09:00:00
ORD00014003,CUST003450,2026-09-24 15:00:00,DELIVERED,COD,853.08,139.34,99.0,862.04,1674.78,Rs,2026-09-27 09:00:00
ORD00014004,CUST003102,2026-09-14 05:00:00,DELIVERED,CARD,1344.23,950.55,49.0,1204.7,1647.38,INR,2026-09-27 09:00:00
ORD00014005,CUST002680,2026-08-13 15:00:00,DELIVERED,WALLET,3829.83,624.18,149.0,917.16,4271.81,INR,2026-09-27 09:00:00
ORD00014006,CUST000425,2026-09-13 04:00:00,DELIVERED,UPI,568.26,895.74,79.0,1463.41,1214.93,inr,2026-09-27 09:00:00
ORD00014007,CUST001233,2026-09-19 16:00:00,DELIVERED,NETBANKING,941.09,289.82,79.0,225.82,956.09,inr,2026-09-27 09:00:00
ORD00014008,CUST004858,2026-09-03 03:00:00,PAID,WALLET,1156.52,340.9,79.0,1489.61,2384.23,Rs,2026-09-27 09:00:00
ORD00014009,CUST002349,2026-09-17 08:00:00,DELIVERED,UPI,3370.48,665.66,49.0,1069.58,3823.4,inr,2026-09-27 09:00:00
ORD00014010,CUST004546,2026-09-16 04:00:00,DELIVERED,CARD,526.72,760.17,99.0,848.63,714.18,Rs,2026-09-27 09:00:00
ORD00014011,CUST003947,2026-09-23 00:00:00,PAID,CARD,1860.63,416.77,149.0,975.12,2567.98,Rs,2026-09-27 09:00:00
ORD00014012,CUST002359,2026-08-29 06:00:00,SHIPPED,WALLET,408.16,895.31,49.0,160.19,-277.96,Rs,2026-09-27 09:00:00
ORD00014013,CUST004899,2026-08-12 05:00:00,PAID,CARD,666.8,677.21,79.0,823.04,891.63,INR ,2026-09-27 09:00:00
ORD00014014,CUST001969,2026-09-22 06:00:00,PAID,UPI,712.19,282.35,99.0,1351.29,1880.13,inr,2026-09-27 09:00:00
ORD00014015,CUST003171,2026-09-08 17:00:00,DELIVERED,WALLET,2613.1,55.89,79.0,238.99,2875.2,inr,2026-09-27 09:00:00
ORD00014016,CUST003753,2026-08-16 05:00:00,DELIVERED,UPI,695.44,196.35,99.0,321.33,919.42,INR,2026-09-27 09:00:00
ORD00014017,CUST004807,2026-09-16 04:00:00,PAID,CARD,1546.39,63.71,149.0,58.05,1689.73,INR ,2026-09-27 09:00:00
ORD00014018,CUST001100,2026-09-14 08:00:00,DELIVERED,WALLET,1210.07,937.05,149.0,59.31,481.33,Rs,2026-09-27 09:00:00
ORD00014019,CUST003261,2026-09-23 12:00:00,DELIVERED,UPI,509.68,133.91,0.0,719.41,1095.18,inr,2026-09-27 09:00:00
ORD00014020,CUST000815,2026-08-07 05:00:00,PLACED,UPI,1206.47,240.09,79.0,999.54,2044.92,Rs,2026-09-27 09:00:00
ORD00014021,CUST003826,2026-08-16 17:00:00,PLACED,WALLET,2717.22,355.81,79.0,795.45,3235.86,Rs,2026-09-27 09:00:00
ORD00014022,CUST004550,2026-09-20 15:00:00,PLACED,UPI,1798.19,864.12,149.0,739.47,1822.54,INR ,2026-09-27 09:00:00
ORD00014023,CUST003222,2026-08-28 13:00:00,PLACED,NETBANKING,390.29,89.45,79.0,640.45,1020.29,INR ,2026-09-27 09:00:00
ORD00014024,CUST000541,2026-08-10 01:00:00,SHIPPED,NETBANKING,3390.21,101.04,149.0,345.47,3783.64,Rs,2026-09-27 09:00:00
ORD00014025,CUST001588,2026-09-27 01:00:00,DELIVERED,CARD,969.8,584.9,0.0,978.72,1363.62,INR ,2026-09-27 09:00:00
ORD00014026,CUST000983,2026-09-06 11:00:00,DELIVERED,NETBANKING,1769.07,722.59,149.0,367.29,1562.77,INR,2026-09-27 09:00:00
ORD00014027,CUST000184,2026-09-05 05:00:00,DELIVERED,COD,1020.85,597.95,79.0,1070.19,1572.09,Rs,2026-09-27 09:00:00
ORD00014028,CUST003461,2026-09-11 15:00:00,DELIVERED,COD,6293.97,201.06,99.0,1327.02,7518.93,Rs,2026-09-27 09:00:00
ORD00014029,CUST000068,2026-09-09 09:00:00,PAID,COD,1123.76,391.56,79.0,408.87,1220.07,INR ,2026-09-27 09:00:00
ORD00014030,CUST000153,2026-09-25 18:00:00,DELIVERED,CARD,1008.8,14.92,149.0,502.13,1645.01,Rs,2026-09-27 09:00:00
ORD00014031,CUST000176,2026-09-19 14:00:00,DELIVERED,UPI,915.81,514.53,0.0,1382.66,1783.94,Rs,2026-09-27 09:00:00
ORD00014032,CUST004953,2026-08-25 21:00:00,PAID,WALLET,2122.06,86.25,79.0,252.45,2367.26,inr,2026-09-27 09:00:00
ORD00014033,CUST000609,2026-09-17 09:00:00,PAID,WALLET,1862.63,582.54,0.0,1392.04,2672.13,inr,2026-09-27 09:00:00
ORD00014034,CUST003834,2026-09-22 12:00:00,PAID,NETBANKING,1330.55,308.26,49.0,286.33,1357.62,INR ,2026-09-27 09:00:00
ORD00014035,CUST003945,2026-09-17 17:00:00,PAID,UPI,920.87,167.85,0.0,699.59,1452.61,INR ,2026-09-27 09:00:00
ORD00014036,CUST004374,2026-08-23 18:00:00,DELIVERED,COD,299.22,722.39,49.0,25.12,-349.05,INR,2026-09-27 09:00:00
ORD00014037,CUST002250,2026-09-20 05:00:00,PLACED,COD,1929.72,976.68,79.0,649.44,1681.48,INR,2026-09-27 09:00:00
ORD00014038,CUST003763,2026-08-16 15:00:00,SHIPPED,WALLET,2101.68,942.45,99.0,781.24,2039.47,Rs,2026-09-27 09:00:00
ORD00014039,CUST004996,2026-08-25 15:00:00,PAID,UPI,1900.04,493.89,0.0,1255.54,2661.69,Rs,2026-09-27 09:00:00
ORD00014040,CUST001277,2026-09-27 07:00:00,PLACED,WALLET,1477.85,806.82,99.0,1174.18,1944.21,inr,2026-09-27 09:00:00
ORD00014041,CUST001767,2026-08-21 16:00:00,PLACED,COD,769.17,921.15,149.0,1198.62,1195.64,INR,2026-09-27 09:00:00
ORD00014042,CUST001965,2026-09-09 05:00:00,PAID,COD,1772.85,641.23,99.0,1029.55,2260.17,Rs,2026-09-27 09:00:00
ORD00014043,CUST002986,2026-08-31 04:00:00,DELIVERED,NETBANKING,1167.0,243.98,99.0,389.5,1411.52,inr,2026-09-27 09:00:00
ORD00014044,CUST003187,2026-09-14 14:00:00,DELIVERED,UPI,1161.12,265.87,0.0,1038.22,1933.47,inr,2026-09-27 09:00:00
ORD00014045,CUST002400,2026-09-25 02:00:00,PAID,COD,2199.38,968.65,0.0,713.07,1943.8,INR,2026-09-27 09:00:00
ORD00014046,CUST001603,2026-08-31 23:00:00,PAID,COD,1440.83,535.76,99.0,1035.94,2040.01,inr,2026-09-27 09:00:00
ORD00014047,CUST001737,2026-09-12 05:00:00,PAID,UPI,891.84,621.39,0.0,890.7,1161.15,INR,2026-09-27 09:00:00
ORD00014048,CUST003437,2026-08-11 15:00:00,DELIVERED,CARD,1664.59,4.32,79.0,399.86,2139.13,inr,2026-09-27 09:00:00
ORD00014049,CUST002570,2026-09-14 12:00:00,SHIPPED,WALLET,723.86,918.36,0.0,238.31,43.81,inr,2026-09-27 09:00:00
ORD00014050,CUST001313,2026-09-09 01:00:00,PAID,WALLET,992.73,17.46,149.0,1017.48,2141.75,inr,2026-09-27 09:00:00
ORD00014051,CUST003076,2026-09-01 20:00:00,PLACED,NETBANKING,854.36,529.38,0.0,559.05,884.03,INR ,2026-09-27 09:00:00
ORD00014052,CUST003206,2026-09-19 04:00:00,SHIPPED,UPI,1288.83,635.05,79.0,1057.18,1789.96,INR ,2026-09-27 09:00:00
ORD00014053,CUST000343,2026-09-09 14:00:00,DELIVERED,CARD,1369.48,651.0,99.0,1316.25,2133.73,INR ,2026-09-27 09:00:00
ORD00014054,CUST004604,2026-08-12 03:00:00,DELIVERED,COD,3579.32,469.68,0.0,300.57,3410.21,INR ,2026-09-27 09:00:00
ORD00014055,CUST000613,2026-09-23 12:00:00,SHIPPED,UPI,1950.38,366.84,79.0,725.52,2388.06,INR,2026-09-27 09:00:00
ORD00014056,CUST004646,2026-08-26 00:00:00,DELIVERED,CARD,2658.25,763.3,99.0,862.88,2856.83,inr,2026-09-27 09:00:00
ORD00014057,CUST001811,2026-09-22 23:00:00,SHIPPED,CARD,1411.09,65.26,99.0,896.37,2341.2,INR,2026-09-27 09:00:00
ORD00014058,CUST000101,2026-08-20 17:00:00,PAID,CARD,774.78,202.32,79.0,699.45,1350.91,INR ,2026-09-27 09:00:00
ORD00014059,CUST004941,2026-09-10 08:00:00,PAID,NETBANKING,1994.11,616.71,99.0,723.29,2199.69,inr,2026-09-27 09:00:00
ORD00014060,CUST004114,2026-08-24 18:00:00,PLACED,COD,2029.27,102.22,0.0,250.23,2177.28,INR,2026-09-27 09:00:00
ORD00014061,CUST001009,2026-08-20 17:00:00,DELIVERED,CARD,1185.84,410.12,0.0,1402.67,2178.39,Rs,2026-09-27 09:00:00
ORD00014062,CUST004876,2026-08-16 19:00:00,PAID,NETBANKING,552.48,262.6,49.0,697.38,1036.26,INR ,2026-09-27 09:00:00
ORD00014063,CUST002117,2026-09-03 23:00:00,DELIVERED,COD,652.53,638.93,0.0,1302.16,1315.76,inr,2026-09-27 09:00:00
ORD00014064,CUST002847,2026-09-06 07:00:00,DELIVERED,COD,905.39,606.72,99.0,780.57,1178.24,inr,2026-09-27 09:00:00
ORD00014065,CUST003306,2026-08-19 12:00:00,PLACED,NETBANKING,111.64,923.88,49.0,1129.21,365.97,Rs,2026-09-27 09:00:00
ORD00014066,CUST003398,2026-09-28 16:00:00,DELIVERED,COD,781.22,786.81,99.0,310.3,403.71,inr,2026-09-27 09:00:00
ORD00014067,CUST002484,2026-09-18 06:00:00,PAID,CARD,2700.03,743.39,0.0,840.0,2796.64,INR ,2026-09-27 09:00:00
ORD00014068,CUST000735,2026-09-21 13:00:00,DELIVERED,COD,556.21,69.53,149.0,1492.54,2128.22,INR,2026-09-27 09:00:00
ORD00014069,CUST003743,2026-08-13 14:00:00,DELIVERED,NETBANKING,259.31,636.72,49.0,448.9,120.49,inr,2026-09-27 09:00:00
ORD00014070,CUST000537,2026-08-28 03:00:00,DELIVERED,NETBANKING,677.95,388.77,49.0,426.68,764.86,Rs,2026-09-27 09:00:00
ORD00014071,CUST005131,2026-08-18 10:00:00,PAID,CARD,1976.38,916.56,0.0,741.69,1801.51,INR,2026-09-27 09:00:00
ORD00014072,CUST000276,2026-08-27 17:00:00,PAID,UPI,1327.56,809.25,0.0,23.43,541.74,Rs,2026-09-27 09:00:00
ORD00014073,CUST000478,2026-09-17 00:00:00,SHIPPED,CARD,1814.54,864.55,149.0,656.4,1755.39,INR ,2026-09-27 09:00:00
ORD00014074,CUST001164,2026-09-16 06:00:00,PLACED,NETBANKING,2002.51,350.59,149.0,1018.98,2819.9,INR ,2026-09-27 09:00:00
ORD00014075,CUST000963,2026-09-02 22:00:00,DELIVERED,NETBANKING,2526.22,811.4,0.0,818.96,2533.78,Rs,2026-09-27 09:00:00
ORD00014076,CUST005266,2026-09-12 07:00:00,DELIVERED,UPI,2425.8,347.65,0.0,524.13,2602.28,Rs,2026-09-27 09:00:00
ORD00014077,CUST005172,2026-09-29 23:00:00,PAID,UPI,1621.07,182.95,149.0,251.55,1838.67,INR,2026-09-27 09:00:00
ORD00014078,CUST003136,2026-08-16 08:00:00,DELIVERED,NETBANKING,764.75,29.07,49.0,180.12,964.8,Rs,2026-09-27 09:00:00
ORD00014079,CUST001687,2026-09-24 19:00:00,PLACED,CARD,781.17,241.83,99.0,528.44,1166.78,inr,2026-09-27 09:00:00
ORD00014080,CUST000703,2026-08-08 03:00:00,SHIPPED,UPI,749.67,668.0,79.0,68.73,229.4,INR ,2026-09-27 09:00:00
ORD00014081,CUST001836,2026-09-26 14:00:00,DELIVERED,UPI,1192.86,973.41,0.0,1347.08,1566.53,INR ,2026-09-27 09:00:00
ORD00014082,CUST000882,2026-08-10 16:00:00,DELIVERED,COD,929.05,916.99,79.0,1373.82,1464.88,INR ,2026-09-27 09:00:00
ORD00014083,CUST005229,2026-08-30 15:00:00,PAID,NETBANKING,1397.6,617.87,0.0,416.91,1196.64,inr,2026-09-27 09:00:00
ORD00014084,CUST003238,2026-08-11 04:00:00,DELIVERED,UPI,1093.69,100.79,49.0,585.74,1627.64,INR,2026-09-27 09:00:00
ORD00014085,CUST004882,2026-08-23 20:00:00,SHIPPED,CARD,942.76,37.13,0.0,994.53,1900.16,INR ,2026-09-27 09:00:00
ORD00014086,CUST003113,2026-09-01 07:00:00,SHIPPED,UPI,682.05,401.72,99.0,1111.07,1490.4,inr,2026-09-27 09:00:00
ORD00014087,CUST004098,2026-09-02 13:00:00,DELIVERED,CARD,905.68,878.09,99.0,1152.05,1278.64,Rs,2026-09-27 09:00:00
ORD00014088,CUST003987,2026-09-27 22:00:00,DELIVERED,WALLET,1465.14,861.3,79.0,771.59,1454.43,Rs,2026-09-27 09:00:00
ORD00014089,CUST001125,2026-08-09 23:00:00,SHIPPED,UPI,4972.8,363.49,149.0,375.08,5133.39,INR,2026-09-27 09:00:00
ORD00014090,CUST005422,2026-08-11 04:00:00,SHIPPED,NETBANKING,1696.98,411.07,79.0,354.98,1719.89,INR,2026-09-27 09:00:00
ORD00014091,CUST000563,2026-09-25 15:00:00,SHIPPED,NETBANKING,1161.54,642.81,149.0,640.77,1308.5,INR ,2026-09-27 09:00:00
ORD00014092,CUST002044,2026-09-26 17:00:00,DELIVERED,CARD,471.83,720.64,99.0,1208.71,1058.9,Rs,2026-09-27 09:00:00
ORD00014093,CUST000755,2026-08-18 05:00:00,DELIVERED,WALLET,1386.76,376.97,99.0,1310.57,2419.36,INR ,2026-09-27 09:00:00
ORD00014094,CUST001848,2026-08-05 23:00:00,PAID,NETBANKING,1419.6,409.3,149.0,149.99,1309.29,INR ,2026-09-27 09:00:00
ORD00014095,CUST001867,2026-09-11 00:00:00,PAID,UPI,708.81,206.88,99.0,1311.21,1912.14,Rs,2026-09-27 09:00:00
ORD00014096,CUST002402,2026-09-29 21:00:00,PLACED,UPI,3231.44,806.69,49.0,746.95,3220.7,INR,2026-09-27 09:00:00
ORD00014097,CUST001505,2026-08-14 15:00:00,DELIVERED,UPI,2214.69,619.69,0.0,423.12,2018.12,Rs,2026-09-27 09:00:00
ORD00014098,CUST002664,2026-09-01 07:00:00,DELIVERED,CARD,639.63,875.48,79.0,411.46,254.61,inr,2026-09-27 09:00:00
ORD00014099,CUST002985,2026-08-26 16:00:00,SHIPPED,COD,1634.37,996.13,79.0,541.22,1258.46,INR ,2026-09-27 09:00:00
ORD00014100,CUST001998,2026-08-31 10:00:00,SHIPPED,WALLET,502.03,902.13,0.0,57.33,-342.77,INR,2026-09-27 09:00:00
ORD00014101,CUST003669,2026-08-16 20:00:00,DELIVERED,NETBANKING,1382.91,113.41,0.0,509.55,1779.05,inr,2026-09-27 09:00:00
ORD00014102,CUST000232,2026-08-30 15:00:00,SHIPPED,COD,1000.3,712.5,49.0,408.32,745.12,INR,2026-09-27 09:00:00
ORD00014103,CUST005215,2026-09-18 14:00:00,DELIVERED,CARD,1330.2,223.06,99.0,550.99,1757.13,INR,2026-09-27 09:00:00
ORD00014104,CUST004814,2026-08-05 01:00:00,DELIVERED,CARD,1760.52,288.01,79.0,1092.18,2643.69,INR,2026-09-27 09:00:00
ORD00014105,CUST001975,2026-08-13 18:00:00,PAID,NETBANKING,1261.06,643.73,79.0,1157.33,1853.66,inr,2026-09-27 09:00:00
ORD00014106,CUST000950,2026-09-18 17:00:00,PAID,CARD,949.06,413.47,99.0,1019.79,1654.38,INR,2026-09-27 09:00:00
ORD00014107,CUST002403,2026-08-10 08:00:00,DELIVERED,WALLET,1197.13,418.38,49.0,223.22,1050.97,INR ,2026-09-27 09:00:00
ORD00014108,CUST003472,2026-08-22 17:00:00,PLACED,UPI,1001.89,95.97,0.0,1288.5,2194.42,INR,2026-09-27 09:00:00
ORD00014109,CUST000633,2026-09-26 07:00:00,PAID,UPI,1793.08,77.92,149.0,1080.94,2945.1,INR,2026-09-27 09:00:00
ORD00014110,CUST001649,2026-08-28 15:00:00,PAID,NETBANKING,808.9,400.42,0.0,894.83,1303.31,inr,2026-09-27 09:00:00
ORD00014111,CUST001079,2026-08-05 13:00:00,PLACED,CARD,3849.2,113.3,149.0,1046.3,4931.2,INR ,2026-09-27 09:00:00
ORD00014112,CUST002633,2026-08-12 15:00:00,PLACED,WALLET,1870.17,903.18,0.0,1218.57,2185.56,INR ,2026-09-27 09:00:00
ORD00014113,CUST003682,2026-08-26 15:00:00,DELIVERED,UPI,1162.3,728.85,79.0,967.17,1479.62,INR ,2026-09-27 09:00:00
ORD00014114,CUST002852,2026-09-03 12:00:00,PAID,NETBANKING,809.99,559.08,149.0,1090.71,1490.62,INR ,2026-09-27 09:00:00
ORD00014115,CUST001348,2026-08-04 21:00:00,DELIVERED,NETBANKING,700.99,791.52,0.0,123.02,32.49,inr,2026-09-27 09:00:00
ORD00014116,CUST004419,2026-08-22 01:00:00,DELIVERED,UPI,1134.87,664.27,99.0,308.13,877.73,INR ,2026-09-27 09:00:00
ORD00014117,CUST003030,2026-09-18 14:00:00,SHIPPED,CARD,1420.62,948.05,0.0,1498.66,1971.23,INR ,2026-09-27 09:00:00
ORD00014118,CUST004277,2026-08-02 07:00:00,PLACED,WALLET,863.5,84.33,149.0,279.32,1207.49,INR ,2026-09-27 09:00:00
ORD00014119,CUST002976,2026-09-26 15:00:00,DELIVERED,NETBANKING,588.18,904.93,149.0,1156.06,988.31,Rs,2026-09-27 09:00:00
ORD00014120,CUST004556,2026-09-11 15:00:00,SHIPPED,NETBANKING,1245.06,967.21,79.0,133.99,490.84,inr,2026-09-27 09:00:00
ORD00014121,CUST003602,2026-08-11 08:00:00,DELIVERED,COD,1871.15,141.08,49.0,1279.92,3058.99,INR,2026-09-27 09:00:00
ORD00014122,CUST001082,2026-09-29 07:00:00,SHIPPED,WALLET,608.3,520.6,99.0,79.1,265.8,INR,2026-09-27 09:00:00
ORD00014123,CUST000204,2026-08-14 01:00:00,SHIPPED,COD,3392.81,504.05,0.0,1011.79,3900.55,INR ,2026-09-27 09:00:00
ORD00014124,CUST002939,2026-09-01 18:00:00,SHIPPED,UPI,851.6,368.25,99.0,1141.16,1723.51,INR,2026-09-27 09:00:00
ORD00014125,CUST005202,2026-08-01 11:00:00,DELIVERED,CARD,948.51,677.68,149.0,417.76,837.59,Rs,2026-09-27 09:00:00
ORD00014126,CUST003892,2026-08-16 09:00:00,PLACED,NETBANKING,710.43,391.05,79.0,297.51,695.89,Rs,2026-09-27 09:00:00
ORD00014127,CUST001141,2026-08-25 21:00:00,SHIPPED,CARD,719.48,542.49,49.0,339.78,565.77,INR ,2026-09-27 09:00:00
ORD00014128,CUST003675,2026-08-18 03:00:00,DELIVERED,UPI,1170.2,844.51,49.0,166.85,541.54,inr,2026-09-27 09:00:00
ORD00014129,CUST003077,2026-08-03 17:00:00,SHIPPED,WALLET,1983.6,468.32,149.0,403.68,2067.96,INR,2026-09-27 09:00:00
ORD00014130,CUST004851,2026-09-04 17:00:00,SHIPPED,NETBANKING,509.15,412.54,49.0,535.03,680.64,inr,2026-09-27 09:00:00
ORD00014131,CUST001173,2026-09-11 05:00:00,PLACED,CARD,2290.52,440.29,49.0,30.16,1929.39,inr,2026-09-27 09:00:00
ORD00014132,CUST004813,2026-08-16 08:00:00,DELIVERED,COD,2232.29,375.75,149.0,807.91,2813.45,inr,2026-09-27 09:00:00
ORD00014133,CUST002247,2026-09-13 07:00:00,SHIPPED,COD,1248.7,550.05,99.0,1336.28,2133.93,INR,2026-09-27 09:00:00
ORD00014134,CUST004859,2026-09-23 15:00:00,DELIVERED,COD,1065.78,624.27,0.0,1142.6,1584.11,INR ,2026-09-27 09:00:00
ORD00014135,CUST000731,2026-09-20 20:00:00,SHIPPED,CARD,1396.55,23.85,79.0,375.7,1827.4,Rs,2026-09-27 09:00:00
ORD00014136,CUST001863,2026-09-04 17:00:00,DELIVERED,UPI,681.36,102.07,79.0,900.54,1558.83,inr,2026-09-27 09:00:00
ORD00014137,CUST004371,2026-09-07 22:00:00,DELIVERED,NETBANKING,662.74,585.91,149.0,210.76,436.59,inr,2026-09-27 09:00:00
ORD00014138,CUST001071,2026-08-18 18:00:00,DELIVERED,WALLET,3370.72,118.13,49.0,617.61,3919.2,INR,2026-09-27 09:00:00
ORD00014139,CUST002147,2026-09-22 21:00:00,DELIVERED,WALLET,1091.85,524.34,49.0,572.98,1189.49,Rs,2026-09-27 09:00:00
ORD00014140,CUST000114,2026-08-21 18:00:00,PAID,COD,2327.52,813.49,79.0,484.68,2077.71,INR ,2026-09-27 09:00:00
ORD00014141,CUST005312,2026-09-14 21:00:00,DELIVERED,WALLET,693.39,482.62,0.0,854.29,1065.06,Rs,2026-09-27 09:00:00
ORD00014142,CUST000897,2026-08-28 07:00:00,PLACED,UPI,3154.62,918.7,99.0,367.4,2702.32,INR ,2026-09-27 09:00:00
ORD00014143,CUST004531,2026-08-11 22:00:00,SHIPPED,COD,1262.5,690.36,79.0,1222.67,1873.81,Rs,2026-09-27 09:00:00
ORD00014144,CUST000350,2026-09-06 01:00:00,SHIPPED,UPI,499.14,188.66,49.0,828.86,1188.34,inr,2026-09-27 09:00:00
ORD00014145,CUST002825,2026-08-31 23:00:00,DELIVERED,WALLET,1153.51,176.19,149.0,444.51,1570.83,INR ,2026-09-27 09:00:00
ORD00014146,CUST004276,2026-08-10 17:00:00,DELIVERED,COD,1035.24,627.32,0.0,346.23,754.15,INR ,2026-09-27 09:00:00
ORD00014147,CUST002575,2026-08-15 11:00:00,DELIVERED,UPI,1310.63,757.1,49.0,429.95,1032.48,Rs,2026-09-27 09:00:00
ORD00014148,CUST002177,2026-08-04 04:00:00,SHIPPED,NETBANKING,1618.46,384.98,149.0,1142.72,2525.2,INR,2026-09-27 09:00:00
ORD00014149,CUST000660,2026-08-17 01:00:00,DELIVERED,CARD,1959.51,998.6,49.0,101.24,1111.15,INR,2026-09-27 09:00:00
ORD00014150,CUST000440,2026-09-09 09:00:00,DELIVERED,CARD,2067.13,128.5,149.0,533.98,2621.61,INR,2026-09-27 09:00:00
ORD00014151,CUST002435,2026-09-28 17:00:00,PAID,CARD,1319.84,976.4,149.0,1074.42,1566.86,INR ,2026-09-27 09:00:00
ORD00014152,CUST003846,2026-08-27 03:00:00,SHIPPED,COD,2279.28,411.31,0.0,623.87,2491.84,INR ,2026-09-27 09:00:00
ORD00014153,CUST002393,2026-08-06 15:00:00,DELIVERED,WALLET,1326.64,461.94,149.0,553.08,1566.78,INR ,2026-09-27 09:00:00
ORD00014154,CUST002667,2026-09-15 19:00:00,PAID,UPI,5062.35,533.09,99.0,1347.57,5975.83,inr,2026-09-27 09:00:00
ORD00014155,CUST004100,2026-08-11 20:00:00,SHIPPED,NETBANKING,1987.17,492.69,49.0,1450.94,2994.42,inr,2026-09-27 09:00:00
ORD00014156,CUST002386,2026-08-16 10:00:00,DELIVERED,COD,914.03,431.97,99.0,213.46,794.52,INR ,2026-09-27 09:00:00
ORD00014157,CUST002115,2026-08-25 21:00:00,SHIPPED,UPI,653.69,87.04,79.0,376.74,1022.39,INR,2026-09-27 09:00:00
ORD00014158,CUST000833,2026-08-19 03:00:00,SHIPPED,UPI,2938.23,210.42,0.0,846.22,3574.03,INR ,2026-09-27 09:00:00
ORD00014159,CUST003951,2026-08-19 12:00:00,DELIVERED,NETBANKING,505.12,535.21,49.0,484.75,503.66,inr,2026-09-27 09:00:00
ORD00014160,CUST005384,2026-08-21 17:00:00,SHIPPED,UPI,613.03,225.66,79.0,1079.59,1545.96,Rs,2026-09-27 09:00:00
ORD00014161,CUST001594,2026-09-28 16:00:00,DELIVERED,UPI,1211.36,225.66,99.0,671.97,1756.67,INR ,2026-09-27 09:00:00
ORD00014162,CUST004489,2026-09-10 15:00:00,DELIVERED,UPI,1977.58,865.06,49.0,919.57,2081.09,Rs,2026-09-27 09:00:00
ORD00014163,CUST003308,2026-09-20 16:00:00,DELIVERED,NETBANKING,799.79,720.24,79.0,954.23,1112.78,INR,2026-09-27 09:00:00
ORD00014164,CUST000823,2026-08-28 12:00:00,PLACED,UPI,1674.89,79.03,149.0,1108.72,2853.58,INR ,2026-09-27 09:00:00
ORD00014165,CUST005387,2026-08-14 03:00:00,DELIVERED,CARD,738.87,943.02,49.0,692.08,536.93,inr,2026-09-27 09:00:00
ORD00014166,CUST000429,2026-09-17 01:00:00,PAID,NETBANKING,833.94,724.71,49.0,352.81,511.04,inr,2026-09-27 09:00:00
ORD00014167,CUST000408,2026-09-19 17:00:00,SHIPPED,UPI,1571.06,972.38,0.0,275.22,873.9,inr,2026-09-27 09:00:00
ORD00014168,CUST002509,2026-08-15 20:00:00,DELIVERED,UPI,709.27,730.58,0.0,355.2,333.89,INR ,2026-09-27 09:00:00
ORD00014169,CUST001093,2026-08-29 13:00:00,DELIVERED,COD,2098.58,240.11,0.0,1142.63,3001.1,INR ,2026-09-27 09:00:00
ORD00014170,CUST001735,2026-09-14 12:00:00,DELIVERED,UPI,2041.17,700.04,99.0,998.71,2438.84,Rs,2026-09-27 09:00:00
ORD00014171,CUST003588,2026-09-09 06:00:00,DELIVERED,NETBANKING,2135.92,650.33,79.0,793.8,2358.39,inr,2026-09-27 09:00:00
ORD00014172,CUST004498,2026-09-15 15:00:00,DELIVERED,WALLET,270.34,354.27,99.0,1083.46,1098.53,INR,2026-09-27 09:00:00
ORD00014173,CUST004438,2026-09-25 21:00:00,DELIVERED,COD,2035.92,363.13,79.0,1362.48,3114.27,INR ,2026-09-27 09:00:00
ORD00014174,CUST000396,2026-08-16 18:00:00,DELIVERED,NETBANKING,1511.16,109.57,49.0,400.28,1850.87,Rs,2026-09-27 09:00:00
ORD00014175,CUST002917,2026-09-26 22:00:00,DELIVERED,NETBANKING,686.4,388.32,149.0,1354.53,1801.61,Rs,2026-09-27 09:00:00
ORD00014176,CUST005100,2026-09-02 20:00:00,DELIVERED,COD,1216.43,715.14,79.0,84.48,664.77,inr,2026-09-27 09:00:00
ORD00014177,CUST000920,2026-09-07 19:00:00,PLACED,UPI,575.82,935.64,99.0,595.7,334.88,inr,2026-09-27 09:00:00
ORD00014178,CUST004869,2026-09-17 21:00:00,DELIVERED,COD,963.3,970.41,79.0,1494.08,1565.97,inr,2026-09-27 09:00:00
ORD00014179,CUST000604,2026-09-18 16:00:00,DELIVERED,COD,2264.94,252.96,99.0,394.77,2505.75,INR ,2026-09-27 09:00:00
ORD00014180,CUST002469,2026-08-03 23:00:00,DELIVERED,COD,1145.2,91.39,49.0,217.27,1320.08,INR,2026-09-27 09:00:00
ORD00014181,CUST003983,2026-08-01 15:00:00,PAID,NETBANKING,3066.69,719.88,0.0,1155.1,3501.91,inr,2026-09-27 09:00:00
ORD00014182,CUST001834,2026-08-03 10:00:00,SHIPPED,CARD,1843.98,23.47,49.0,199.28,2068.79,INR,2026-09-27 09:00:00
ORD00014183,CUST001326,2026-08-10 05:00:00,PLACED,NETBANKING,971.36,454.68,79.0,1015.63,1611.31,INR ,2026-09-27 09:00:00
ORD00014184,CUST000919,2026-08-09 23:00:00,DELIVERED,NETBANKING,1335.66,100.47,0.0,855.15,2090.34,inr,2026-09-27 09:00:00
ORD00014185,CUST000237,2026-09-10 01:00:00,DELIVERED,WALLET,1101.26,642.66,79.0,1150.09,1687.69,Rs,2026-09-27 09:00:00
ORD00014186,CUST002697,2026-09-19 06:00:00,PAID,CARD,1309.11,776.06,0.0,762.23,1295.28,Rs,2026-09-27 09:00:00
ORD00014187,CUST000837,2026-09-17 04:00:00,DELIVERED,NETBANKING,1256.17,10.7,0.0,235.05,1480.52,INR,2026-09-27 09:00:00
ORD00014188,CUST004565,2026-09-04 19:00:00,SHIPPED,NETBANKING,801.01,782.66,79.0,699.35,796.7,Rs,2026-09-27 09:00:00
ORD00014189,CUST001543,2026-09-20 02:00:00,PLACED,UPI,1028.18,510.15,49.0,226.72,793.75,Rs,2026-09-27 09:00:00
ORD00014190,CUST002218,2026-08-18 15:00:00,PAID,COD,612.94,359.92,79.0,115.13,447.15,inr,2026-09-27 09:00:00
ORD00014191,CUST000977,2026-09-11 22:00:00,PAID,CARD,949.74,727.91,79.0,813.93,1114.76,inr,2026-09-27 09:00:00
ORD00014192,CUST004802,2026-09-22 23:00:00,DELIVERED,WALLET,1950.65,942.67,0.0,359.72,1367.7,INR ,2026-09-27 09:00:00
ORD00014193,CUST001271,2026-09-24 01:00:00,PLACED,NETBANKING,1519.71,802.76,79.0,623.77,1419.72,inr,2026-09-27 09:00:00
ORD00014194,CUST000795,2026-08-18 05:00:00,SHIPPED,WALLET,2044.46,43.1,99.0,72.95,2173.31,INR ,2026-09-27 09:00:00
ORD00014195,CUST004095,2026-09-18 21:00:00,DELIVERED,COD,986.43,926.75,0.0,529.56,589.24,INR ,2026-09-27 09:00:00
ORD00014196,CUST002536,2026-08-19 08:00:00,DELIVERED,UPI,677.76,750.83,149.0,1354.48,1430.41,inr,2026-09-27 09:00:00
ORD00014197,CUST004074,2026-09-21 15:00:00,DELIVERED,NETBANKING,866.11,931.67,99.0,706.76,740.2,INR ,2026-09-27 09:00:00
ORD00014198,CUST005022,2026-08-14 23:00:00,DELIVERED,COD,500.75,363.0,79.0,578.79,795.54,inr,2026-09-27 09:00:00
ORD00014199,CUST002617,2026-09-24 19:00:00,DELIVERED,COD,5421.22,192.46,99.0,560.32,5888.08,Rs,2026-09-27 09:00:00
ORD00014200,CUST005048,2026-09-19 10:00:00,PAID,WALLET,2047.05,915.62,149.0,1267.82,2548.25,INR ,2026-09-27 09:00:00
ORD00014201,CUST000227,2026-09-15 20:00:00,DELIVERED,COD,3156.33,497.2,99.0,1084.92,3843.05,Rs,2026-09-27 09:00:00
ORD00014202,CUST003551,2026-08-21 12:00:00,DELIVERED,UPI,1411.71,211.89,149.0,1168.56,2517.38,Rs,2026-09-27 09:00:00
ORD00014203,CUST001563,2026-09-02 20:00:00,DELIVERED,CARD,2635.82,382.48,79.0,905.43,3237.77,inr,2026-09-27 09:00:00
ORD00014204,CUST001480,2026-08-04 20:00:00,PLACED,NETBANKING,1473.64,53.73,49.0,1229.42,2698.33,INR ,2026-09-27 09:00:00
ORD00014205,CUST000948,2026-08-13 00:00:00,PAID,UPI,698.79,485.66,0.0,1184.97,1398.1,INR,2026-09-27 09:00:00
ORD00014206,CUST001023,2026-08-27 11:00:00,DELIVERED,WALLET,2006.92,678.07,0.0,992.52,2321.37,inr,2026-09-27 09:00:00
ORD00014207,CUST005419,2026-09-28 06:00:00,DELIVERED,UPI,598.98,192.38,79.0,1101.39,1586.99,inr,2026-09-27 09:00:00
ORD00014208,CUST005182,2026-08-23 04:00:00,DELIVERED,NETBANKING,2354.64,795.23,99.0,646.29,2304.7,INR,2026-09-27 09:00:00
ORD00014209,CUST000785,2026-09-17 03:00:00,DELIVERED,WALLET,317.94,377.62,149.0,327.0,416.32,Rs,2026-09-27 09:00:00
ORD00014210,CUST001272,2026-09-18 12:00:00,DELIVERED,UPI,1721.55,760.67,49.0,97.64,1107.52,inr ,2026-09-27 09:00:00
ORD00014211,CUST001542,2026-08-28 14:00:00,PAID,NETBANKING,732.12,124.77,49.0,594.94,1251.29,inr,2026-09-27 09:00:00
ORD00014212,CUST001285,2026-09-26 06:00:00,DELIVERED,UPI,1322.4,542.16,49.0,1495.41,2324.65,inr,2026-09-27 09:00:00
ORD00014213,CUST001430,2026-08-15 08:00:00,DELIVERED,COD,1216.31,2.2,149.0,458.65,1821.76,Rs,2026-09-27 09:00:00
ORD00014214,CUST005070,2026-08-18 16:00:00,DELIVERED,UPI,1462.96,465.94,0.0,427.87,1424.89,INR ,2026-09-27 09:00:00
ORD00014215,CUST001079,2026-08-13 12:00:00,DELIVERED,COD,3395.49,719.22,79.0,524.69,3279.96,INR,2026-09-27 09:00:00
ORD00014216,CUST003716,2026-09-19 05:00:00,DELIVERED,COD,1830.3,339.34,79.0,1118.32,2688.28,inr,2026-09-27 09:00:00
ORD00014217,CUST001631,2026-09-27 16:00:00,DELIVERED,COD,689.37,54.88,79.0,663.96,1377.45,INR,2026-09-27 09:00:00
ORD00014218,CUST004010,2026-09-18 20:00:00,PAID,COD,1819.82,812.59,79.0,713.8,1800.03,INR,2026-09-27 09:00:00
ORD00014219,CUST004093,2026-08-27 08:00:00,DELIVERED,UPI,2170.95,932.68,49.0,70.2,1357.47,inr,2026-09-27 09:00:00
ORD00014220,CUST003938,2026-08-04 05:00:00,SHIPPED,COD,1944.8,390.78,149.0,1255.12,2958.14,Rs,2026-09-27 09:00:00
ORD00014221,CUST001691,2026-09-09 13:00:00,DELIVERED,CARD,3096.53,816.81,149.0,417.36,2846.08,inr,2026-09-27 09:00:00
ORD00014222,CUST004305,2026-08-29 16:00:00,DELIVERED,COD,1830.32,493.11,79.0,154.65,1570.86,INR,2026-09-27 09:00:00
ORD00014223,CUST003123,2026-08-14 10:00:00,SHIPPED,WALLET,1082.92,600.12,99.0,728.22,1310.02,INR,2026-09-27 09:00:00
ORD00014224,CUST000726,2026-09-13 01:00:00,PLACED,WALLET,769.64,635.4,149.0,1475.94,1759.18,inr,2026-09-27 09:00:00
ORD00014225,CUST004355,2026-09-27 21:00:00,DELIVERED,CARD,2120.74,825.99,49.0,509.28,1853.03,Rs,2026-09-27 09:00:00
ORD00014226,CUST000857,2026-08-11 05:00:00,PAID,WALLET,1621.08,31.53,99.0,238.89,1927.44,INR,2026-09-27 09:00:00
ORD00014227,CUST000429,2026-08-12 19:00:00,SHIPPED,UPI,643.54,366.9,49.0,1329.64,1655.28,inr,2026-09-27 09:00:00
ORD00014228,CUST002490,2026-08-01 16:00:00,PAID,COD,1888.58,693.27,49.0,924.96,2169.27,INR,2026-09-27 09:00:00
ORD00014229,CUST004593,2026-08-30 01:00:00,PAID,COD,2796.95,859.0,49.0,1277.79,3264.74,inr,2026-09-27 09:00:00
ORD00014230,CUST005152,2026-08-20 05:00:00,PLACED,UPI,405.88,359.31,49.0,67.03,162.6,INR ,2026-09-27 09:00:00
ORD00014231,CUST005410,2026-08-18 19:00:00,PLACED,NETBANKING,503.4,470.52,0.0,832.3,865.18,INR ,2026-09-27 09:00:00
ORD00014232,CUST001700,2026-08-30 04:00:00,SHIPPED,UPI,529.43,566.04,99.0,669.35,731.74,Rs,2026-09-27 09:00:00
ORD00014233,CUST005419,2026-08-14 19:00:00,DELIVERED,WALLET,1361.38,7.0,79.0,1344.17,2777.55,INR,2026-09-27 09:00:00
ORD00014234,CUST004201,2026-09-27 15:00:00,PLACED,WALLET,405.42,554.31,99.0,1475.9,1426.01,inr,2026-09-27 09:00:00
ORD00014235,CUST000080,2026-09-19 20:00:00,SHIPPED,NETBANKING,1475.72,220.17,79.0,1247.86,2582.41,INR,2026-09-27 09:00:00
ORD00014236,CUST004402,2026-08-16 06:00:00,DELIVERED,UPI,1273.15,398.84,79.0,1176.79,2130.1,INR ,2026-09-27 09:00:00
ORD00014237,CUST001191,2026-09-24 14:00:00,DELIVERED,CARD,769.01,790.41,79.0,113.68,171.28,INR ,2026-09-27 09:00:00
ORD00014238,CUST002190,2026-08-28 22:00:00,DELIVERED,CARD,2495.06,516.4,0.0,525.77,2504.43,inr,2026-09-27 09:00:00
ORD00014239,CUST001301,2026-09-05 01:00:00,PLACED,NETBANKING,919.15,448.79,0.0,71.81,542.17,inr,2026-09-27 09:00:00
ORD00014240,CUST004378,2026-08-23 21:00:00,SHIPPED,WALLET,966.1,10.97,99.0,1368.09,2422.22,inr,2026-09-27 09:00:00
ORD00014241,CUST000929,2026-09-08 13:00:00,PLACED,WALLET,545.41,197.0,149.0,1368.06,1865.47,INR ,2026-09-27 09:00:00
ORD00014242,CUST002107,2026-08-10 09:00:00,DELIVERED,COD,3567.01,813.96,0.0,1002.56,3755.61,Rs,2026-09-27 09:00:00
ORD00014243,CUST004300,2026-08-16 17:00:00,DELIVERED,CARD,202.4,671.28,79.0,43.71,-346.17,Rs,2026-09-27 09:00:00
ORD00014244,CUST004349,2026-08-13 07:00:00,PAID,WALLET,468.21,222.54,79.0,1481.67,1806.34,INR ,2026-09-27 09:00:00
ORD00014245,CUST004748,2026-08-19 04:00:00,DELIVERED,UPI,1556.22,762.58,79.0,423.59,1296.23,inr,2026-09-27 09:00:00
ORD00014246,CUST003066,2026-09-23 16:00:00,SHIPPED,WALLET,1654.45,372.42,99.0,118.32,1499.35,INR ,2026-09-27 09:00:00
ORD00014247,CUST004990,2026-08-26 11:00:00,PLACED,COD,595.89,543.18,49.0,466.49,568.2,INR ,2026-09-27 09:00:00
ORD00014248,CUST005009,2026-08-10 00:00:00,DELIVERED,NETBANKING,1958.86,488.63,99.0,739.2,2308.43,INR ,2026-09-27 09:00:00
ORD00014249,CUST000745,2026-08-24 01:00:00,DELIVERED,CARD,610.3,761.54,49.0,383.33,281.09,inr,2026-09-27 09:00:00
ORD00014250,CUST001112,2026-08-20 21:00:00,DELIVERED,NETBANKING,4003.83,889.5,49.0,991.55,4154.88,Rs,2026-09-27 09:00:00
ORD00014251,CUST002470,2026-09-23 01:00:00,DELIVERED,NETBANKING,1212.09,317.82,79.0,1252.34,2225.61,INR,2026-09-27 09:00:00
ORD00014252,CUST001990,2026-09-04 08:00:00,SHIPPED,WALLET,603.68,151.29,99.0,280.65,832.04,INR ,2026-09-27 09:00:00
ORD00014253,CUST000117,2026-09-27 18:00:00,DELIVERED,NETBANKING,2292.45,875.12,149.0,125.13,1691.46,INR,2026-09-27 09:00:00
ORD00014254,CUST001236,2026-09-15 18:00:00,PAID,COD,669.47,721.3,149.0,121.26,218.43,Rs,2026-09-27 09:00:00
ORD00014255,CUST000855,2026-09-27 19:00:00,SHIPPED,NETBANKING,1484.38,310.84,99.0,1271.59,2544.13,INR ,2026-09-27 09:00:00
ORD00014256,CUST001841,2026-09-02 01:00:00,DELIVERED,WALLET,1899.35,299.94,99.0,1281.76,2980.17,inr,2026-09-27 09:00:00
ORD00014257,CUST003053,2026-09-02 00:00:00,SHIPPED,COD,1939.06,331.59,99.0,239.35,1945.82,inr,2026-09-27 09:00:00
ORD00014258,CUST004275,2026-09-06 02:00:00,DELIVERED,WALLET,2589.6,974.82,0.0,990.35,2605.13,INR,2026-09-27 09:00:00
ORD00014259,CUST001736,2026-09-07 04:00:00,DELIVERED,COD,948.79,383.04,149.0,773.75,1488.5,INR ,2026-09-27 09:00:00
ORD00014260,CUST002405,2026-09-17 21:00:00,DELIVERED,COD,980.15,417.04,49.0,443.35,1055.46,INR,2026-09-27 09:00:00
ORD00014261,CUST004717,2026-08-05 06:00:00,DELIVERED,CARD,1606.62,445.14,99.0,428.73,1689.21,Rs,2026-09-27 09:00:00
ORD00014262,CUST000352,2026-08-23 00:00:00,PLACED,WALLET,3148.69,552.26,79.0,1181.82,3857.25,Rs,2026-09-27 09:00:00
ORD00014263,CUST001611,2026-09-17 10:00:00,DELIVERED,WALLET,351.03,971.54,99.0,733.75,212.24,inr,2026-09-27 09:00:00
ORD00014264,CUST000151,2026-09-04 03:00:00,DELIVERED,CARD,862.1,174.16,79.0,576.26,1343.2,inr,2026-09-27 09:00:00
ORD00014265,CUST002164,2026-09-28 01:00:00,DELIVERED,NETBANKING,607.35,697.29,99.0,1021.69,1030.75,INR,2026-09-27 09:00:00
ORD00014266,CUST000887,2026-09-26 21:00:00,DELIVERED,UPI,1794.42,299.39,0.0,121.05,1616.08,INR ,2026-09-27 09:00:00
ORD00014267,CUST000086,2026-09-26 14:00:00,DELIVERED,NETBANKING,1211.43,92.77,49.0,1116.33,2283.99,INR,2026-09-27 09:00:00
ORD00014268,CUST001613,2026-09-26 10:00:00,SHIPPED,COD,1557.95,543.03,99.0,42.01,1155.93,INR ,2026-09-27 09:00:00
ORD00014269,CUST000089,2026-08-14 16:00:00,SHIPPED,WALLET,1026.34,456.06,0.0,576.71,1146.99,inr,2026-09-27 09:00:00
ORD00014270,CUST004835,2026-09-13 04:00:00,DELIVERED,COD,574.01,938.94,79.0,409.05,123.12,Rs,2026-09-27 09:00:00
ORD00014271,CUST001745,2026-09-24 03:00:00,DELIVERED,COD,1071.23,1.2,99.0,308.38,1477.41,INR ,2026-09-27 09:00:00
ORD00014272,CUST001309,2026-09-26 02:00:00,PAID,COD,392.64,700.49,99.0,548.61,339.76,INR,2026-09-27 09:00:00
ORD00014273,CUST001230,2026-08-06 04:00:00,DELIVERED,WALLET,1070.99,712.44,79.0,727.93,1165.48,INR ,2026-09-27 09:00:00
ORD00014274,CUST000892,2026-08-26 09:00:00,PLACED,NETBANKING,1649.43,333.23,99.0,873.38,2288.58,Rs,2026-09-27 09:00:00
ORD00014275,CUST001712,2026-08-25 04:00:00,SHIPPED,CARD,408.34,886.53,99.0,170.68,-208.51,INR,2026-09-27 09:00:00
ORD00014276,CUST001272,2026-08-22 05:00:00,DELIVERED,COD,1184.91,325.72,149.0,616.47,1624.66,INR,2026-09-27 09:00:00
ORD00014277,CUST000579,2026-08-06 09:00:00,DELIVERED,UPI,596.32,245.52,49.0,221.19,620.99,inr,2026-09-27 09:00:00
ORD00014278,CUST000530,2026-09-24 22:00:00,PAID,CARD,531.28,390.6,0.0,897.42,1038.1,inr,2026-09-27 09:00:00
ORD00014279,CUST004196,2026-09-05 19:00:00,SHIPPED,UPI,1842.09,954.03,0.0,743.38,1631.44,INR,2026-09-27 09:00:00
ORD00014280,CUST001121,2026-08-07 08:00:00,DELIVERED,NETBANKING,1346.0,788.16,0.0,989.9,1547.74,Rs,2026-09-27 09:00:00
ORD00014281,CUST002820,2026-08-30 15:00:00,DELIVERED,WALLET,1098.53,50.64,79.0,331.22,1458.11,inr,2026-09-27 09:00:00
ORD00014282,CUST004294,2026-09-20 16:00:00,DELIVERED,UPI,1412.55,725.78,99.0,300.23,1086.0,inr,2026-09-27 09:00:00
ORD00014283,CUST002670,2026-08-19 07:00:00,PAID,NETBANKING,1449.53,666.92,99.0,712.4,1594.01,inr,2026-09-27 09:00:00
ORD00014284,CUST000772,2026-08-19 13:00:00,PAID,CARD,887.56,148.2,99.0,481.7,1320.06,INR,2026-09-27 09:00:00
ORD00014285,CUST002805,2026-09-21 09:00:00,DELIVERED,NETBANKING,3522.37,726.65,79.0,52.91,2927.63,INR ,2026-09-27 09:00:00
ORD00014286,CUST005423,2026-08-08 15:00:00,SHIPPED,COD,1056.71,754.74,99.0,1421.97,1822.94,INR ,2026-09-27 09:00:00
ORD00014287,CUST000881,2026-08-27 05:00:00,PAID,WALLET,1014.03,665.86,149.0,767.46,1264.63,INR ,2026-09-27 09:00:00
ORD00014288,CUST001913,2026-09-20 23:00:00,DELIVERED,WALLET,1611.55,977.29,0.0,826.68,1460.94,Rs,2026-09-27 09:00:00
ORD00014289,CUST005361,2026-08-14 17:00:00,DELIVERED,NETBANKING,1500.73,70.97,49.0,601.34,2080.1,INR ,2026-09-27 09:00:00
ORD00014290,CUST001669,2026-08-29 02:00:00,DELIVERED,UPI,792.8,786.26,0.0,377.34,383.88,Rs,2026-09-27 09:00:00
ORD00014291,CUST000509,2026-08-12 11:00:00,PAID,NETBANKING,1369.47,570.35,49.0,1240.39,2088.51,inr,2026-09-27 09:00:00
ORD00014292,CUST004900,2026-09-02 15:00:00,SHIPPED,NETBANKING,1395.63,375.44,79.0,671.84,1771.03,INR,2026-09-27 09:00:00
ORD00014293,CUST000928,2026-08-16 14:00:00,DELIVERED,CARD,1140.08,54.17,49.0,1451.71,2586.62,INR,2026-09-27 09:00:00
ORD00014294,CUST003731,2026-09-10 16:00:00,DELIVERED,COD,1256.25,288.43,49.0,879.08,1895.9,Rs,2026-09-27 09:00:00
ORD00014295,CUST000749,2026-09-18 10:00:00,SHIPPED,UPI,2457.65,114.26,49.0,46.98,2439.37,Rs,2026-09-27 09:00:00
ORD00014296,CUST001401,2026-08-29 23:00:00,PLACED,CARD,758.44,731.26,149.0,976.35,1152.53,INR ,2026-09-27 09:00:00
ORD00014297,CUST004381,2026-09-22 08:00:00,PLACED,WALLET,292.26,242.99,99.0,1123.4,1271.67,inr,2026-09-27 09:00:00
ORD00014298,CUST002302,2026-09-02 09:00:00,PLACED,WALLET,1706.55,615.11,149.0,1269.06,2509.5,INR ,2026-09-27 09:00:00
ORD00014299,CUST001229,2026-09-22 04:00:00,PAID,WALLET,1128.51,360.65,0.0,1151.37,1919.23,INR,2026-09-27 09:00:00
ORD00014300,CUST003637,2026-09-18 17:00:00,DELIVERED,CARD,2270.9,639.45,79.0,401.92,2112.37,INR ,2026-09-27 09:00:00
ORD00014301,CUST001183,2026-09-08 15:00:00,SHIPPED,UPI,2758.51,833.54,0.0,915.91,2840.88,inr,2026-09-27 09:00:00
ORD00014302,CUST003005,2026-09-24 23:00:00,DELIVERED,WALLET,1963.81,710.3,149.0,53.11,1455.62,INR ,2026-09-27 09:00:00
ORD00014303,CUST003148,2026-08-24 15:00:00,DELIVERED,COD,423.9,924.69,0.0,838.79,338.0,INR ,2026-09-27 09:00:00
ORD00014304,CUST003396,2026-08-06 18:00:00,PLACED,COD,956.26,997.82,99.0,1050.69,1108.13,INR ,2026-09-27 09:00:00
ORD00014305,CUST003774,2026-08-31 12:00:00,PAID,CARD,3667.53,171.23,149.0,1115.46,4760.76,Rs,2026-09-27 09:00:00
ORD00014306,CUST001090,2026-09-16 04:00:00,DELIVERED,UPI,998.79,664.93,0.0,636.56,970.42,inr,2026-09-27 09:00:00
ORD00014307,CUST000991,2026-08-30 18:00:00,DELIVERED,UPI,239.55,25.71,149.0,239.93,602.77,INR,2026-09-27 09:00:00
ORD00014308,CUST002536,2026-09-11 06:00:00,DELIVERED,COD,1022.12,110.72,79.0,1309.12,2299.52,INR ,2026-09-27 09:00:00
ORD00014309,CUST003631,2026-08-20 11:00:00,DELIVERED,WALLET,1056.82,704.97,0.0,595.4,947.25,Rs,2026-09-27 09:00:00
ORD00014310,CUST000134,2026-08-18 01:00:00,PAID,NETBANKING,1724.67,206.46,99.0,1110.29,2727.5,Rs,2026-09-27 09:00:00
ORD00014311,CUST002087,2026-09-03 17:00:00,DELIVERED,CARD,502.06,448.55,99.0,1366.68,1519.19,Rs,2026-09-27 09:00:00
ORD00014312,CUST001893,2026-09-03 09:00:00,PAID,CARD,694.69,313.75,149.0,1291.7,1821.64,Rs,2026-09-27 09:00:00
ORD00014313,CUST000692,2026-08-03 01:00:00,DELIVERED,NETBANKING,1268.59,266.83,49.0,398.95,1449.71,INR ,2026-09-27 09:00:00
ORD00014314,CUST002672,2026-09-14 13:00:00,SHIPPED,NETBANKING,4894.64,551.24,79.0,1152.47,5574.87,inr,2026-09-27 09:00:00
ORD00014315,CUST003502,2026-08-19 22:00:00,DELIVERED,COD,1222.73,330.53,0.0,1381.12,2273.32,inr,2026-09-27 09:00:00
ORD00014316,CUST005303,2026-08-11 22:00:00,DELIVERED,COD,1230.79,629.07,99.0,285.3,986.02,inr ,2026-09-27 09:00:00
ORD00014317,CUST000348,2026-08-02 19:00:00,PAID,CARD,2828.13,225.39,0.0,357.14,2959.88,Rs,2026-09-27 09:00:00
ORD00014318,CUST003588,2026-09-21 19:00:00,DELIVERED,WALLET,1527.08,720.57,79.0,232.56,1118.07,Rs,2026-09-27 09:00:00
ORD00014319,CUST004638,2026-09-28 10:00:00,DELIVERED,UPI,604.34,711.72,99.0,1256.84,1248.46,INR ,2026-09-27 09:00:00
ORD00014320,CUST003737,2026-09-20 23:00:00,SHIPPED,WALLET,2597.86,439.62,0.0,31.15,2189.39,inr,2026-09-27 09:00:00
ORD00014321,CUST002672,2026-09-23 13:00:00,DELIVERED,NETBANKING,961.26,191.92,149.0,969.39,1887.73,Rs,2026-09-27 09:00:00
ORD00014322,CUST004416,2026-08-23 05:00:00,PAID,COD,764.65,924.37,0.0,334.39,174.67,Rs,2026-09-27 09:00:00
ORD00014323,CUST001792,2026-08-12 13:00:00,DELIVERED,UPI,2305.53,153.4,149.0,647.98,2949.11,INR,2026-09-27 09:00:00
ORD00014324,CUST003711,2026-08-26 11:00:00,SHIPPED,WALLET,1407.7,561.57,149.0,1249.33,2244.46,INR,2026-09-27 09:00:00
ORD00014325,CUST001023,2026-08-24 13:00:00,DELIVERED,UPI,2497.79,752.86,149.0,456.78,2350.71,Rs,2026-09-27 09:00:00
ORD00014326,CUST003254,2026-08-20 17:00:00,DELIVERED,COD,3226.46,852.73,0.0,972.38,3346.11,INR ,2026-09-27 09:00:00
ORD00014327,CUST001326,2026-08-28 12:00:00,PLACED,WALLET,440.58,594.76,79.0,887.08,811.9,inr,2026-09-27 09:00:00
ORD00014328,CUST004017,2026-09-11 14:00:00,DELIVERED,CARD,1234.13,6.47,79.0,232.93,1539.59,Rs,2026-09-27 09:00:00
ORD00014329,CUST001711,2026-08-12 09:00:00,PAID,COD,1069.91,343.61,49.0,1472.73,2248.03,INR ,2026-09-27 09:00:00
ORD00014330,CUST001594,2026-08-05 12:00:00,DELIVERED,WALLET,2253.9,142.36,0.0,165.9,2277.44,INR ,2026-09-27 09:00:00
ORD00014331,CUST004217,2026-08-11 17:00:00,DELIVERED,COD,460.08,684.02,99.0,446.28,321.34,Rs,2026-09-27 09:00:00
ORD00014332,CUST001944,2026-09-01 00:00:00,DELIVERED,WALLET,1390.0,842.59,0.0,31.58,578.99,INR,2026-09-27 09:00:00
ORD00014333,CUST004667,2026-08-25 19:00:00,PLACED,CARD,1768.97,955.52,149.0,371.39,1333.84,Rs,2026-09-27 09:00:00
ORD00014334,CUST003031,2026-09-03 16:00:00,DELIVERED,WALLET,571.08,32.16,79.0,1283.96,1901.88,INR,2026-09-27 09:00:00
ORD00014335,CUST005483,2026-09-11 09:00:00,DELIVERED,NETBANKING,1542.93,234.72,79.0,1303.82,2691.03,INR,2026-09-27 09:00:00
ORD00014336,CUST005291,2026-08-17 21:00:00,DELIVERED,UPI,1253.97,903.55,0.0,22.63,373.05,inr,2026-09-27 09:00:00
ORD00014337,CUST002520,2026-08-10 14:00:00,PLACED,CARD,656.92,861.58,149.0,475.68,420.02,INR ,2026-09-27 09:00:00
ORD00014338,CUST002702,2026-08-26 09:00:00,PLACED,COD,3421.0,88.57,49.0,548.24,3929.67,INR,2026-09-27 09:00:00
ORD00014339,CUST000725,2026-08-06 15:00:00,DELIVERED,UPI,1886.75,70.67,99.0,665.17,2580.25,INR ,2026-09-27 09:00:00
ORD00014340,CUST001210,2026-09-22 18:00:00,DELIVERED,UPI,1856.5,669.22,0.0,833.46,2020.74,INR,2026-09-27 09:00:00
ORD00014341,CUST003913,2026-08-07 20:00:00,DELIVERED,WALLET,1759.4,802.22,49.0,1273.25,2279.43,INR,2026-09-27 09:00:00
ORD00014342,CUST002842,2026-08-04 20:00:00,PAID,COD,1849.07,647.92,79.0,900.99,2181.14,Rs,2026-09-27 09:00:00
ORD00014343,CUST004166,2026-08-17 08:00:00,SHIPPED,NETBANKING,835.46,235.82,149.0,1061.09,1809.73,INR,2026-09-27 09:00:00
ORD00014344,CUST004865,2026-08-05 03:00:00,SHIPPED,UPI,3184.65,352.71,0.0,651.1,3483.04,Rs,2026-09-27 09:00:00
ORD00014345,CUST000379,2026-08-01 10:00:00,DELIVERED,NETBANKING,705.04,595.21,149.0,121.01,379.84,inr,2026-09-27 09:00:00
ORD00014346,CUST004471,2026-09-21 03:00:00,PLACED,COD,1199.96,474.23,0.0,301.9,1027.63,Rs,2026-09-27 09:00:00
ORD00014347,CUST002440,2026-08-12 00:00:00,PAID,CARD,1102.07,797.17,99.0,830.02,1233.92,inr,2026-09-27 09:00:00
ORD00014348,CUST003096,2026-08-15 14:00:00,SHIPPED,UPI,1411.43,694.82,149.0,945.65,1811.26,INR ,2026-09-27 09:00:00
ORD00014349,CUST001054,2026-08-04 20:00:00,PLACED,NETBANKING,1027.39,197.53,149.0,38.08,1016.94,INR,2026-09-27 09:00:00
ORD00014350,CUST000110,2026-09-08 12:00:00,PAID,WALLET,1680.36,608.74,49.0,101.5,1222.12,INR,2026-09-27 09:00:00
ORD00014351,CUST001794,2026-09-03 14:00:00,DELIVERED,NETBANKING,1384.88,667.04,149.0,1338.49,2205.33,Rs,2026-09-27 09:00:00
ORD00014352,CUST000578,2026-09-23 00:00:00,SHIPPED,NETBANKING,1117.72,771.53,149.0,1079.45,1574.64,inr,2026-09-27 09:00:00
ORD00014353,CUST005447,2026-09-13 22:00:00,PLACED,COD,926.12,921.24,99.0,576.03,679.91,INR,2026-09-27 09:00:00
ORD00014354,CUST001952,2026-08-31 23:00:00,PAID,CARD,661.01,701.79,49.0,609.96,618.18,INR ,2026-09-27 09:00:00
ORD00014355,CUST002346,2026-08-20 17:00:00,SHIPPED,NETBANKING,1670.4,470.93,0.0,725.7,1925.17,INR ,2026-09-27 09:00:00
ORD00014356,CUST001519,2026-09-27 02:00:00,PLACED,NETBANKING,1067.12,579.81,0.0,758.72,1246.03,Rs,2026-09-27 09:00:00
ORD00014357,CUST003360,2026-09-01 16:00:00,PLACED,COD,1086.31,480.73,0.0,1144.01,1749.59,INR ,2026-09-27 09:00:00
ORD00014358,CUST003253,2026-08-12 10:00:00,SHIPPED,NETBANKING,818.29,460.55,49.0,687.39,1094.13,INR,2026-09-27 09:00:00
ORD00014359,CUST004424,2026-08-02 18:00:00,PAID,CARD,1886.0,513.5,99.0,662.55,2134.05,INR ,2026-09-27 09:00:00
ORD00014360,CUST003963,2026-09-04 19:00:00,DELIVERED,WALLET,474.46,717.17,79.0,785.28,621.57,Rs,2026-09-27 09:00:00
ORD00014361,CUST003275,2026-09-03 20:00:00,DELIVERED,CARD,2095.93,244.63,49.0,159.99,2060.29,INR ,2026-09-27 09:00:00
ORD00014362,CUST004911,2026-08-08 14:00:00,DELIVERED,CARD,811.99,641.9,49.0,1277.69,1496.78,INR,2026-09-27 09:00:00
ORD00014363,CUST000119,2026-09-02 09:00:00,DELIVERED,UPI,1645.3,952.48,49.0,977.02,1718.84,inr,2026-09-27 09:00:00
ORD00014364,CUST003790,2026-08-08 22:00:00,SHIPPED,UPI,2158.29,444.24,0.0,469.32,2183.37,Rs,2026-09-27 09:00:00
ORD00014365,CUST002158,2026-09-12 15:00:00,DELIVERED,NETBANKING,1365.46,263.04,79.0,1107.83,2289.25,Rs,2026-09-27 09:00:00
ORD00014366,CUST002542,2026-09-28 06:00:00,DELIVERED,WALLET,1298.78,537.26,79.0,1248.19,2088.71,INR,2026-09-27 09:00:00
ORD00014367,CUST002543,2026-09-04 09:00:00,SHIPPED,CARD,1489.9,674.12,99.0,482.45,1397.23,INR ,2026-09-27 09:00:00
ORD00014368,CUST002025,2026-08-29 18:00:00,SHIPPED,CARD,686.02,117.42,99.0,307.59,975.19,Rs,2026-09-27 09:00:00
ORD00014369,CUST003512,2026-09-08 11:00:00,DELIVERED,COD,1638.81,517.21,149.0,37.95,1308.55,inr,2026-09-27 09:00:00
ORD00014370,CUST001390,2026-08-29 00:00:00,SHIPPED,WALLET,471.84,873.49,0.0,1079.66,678.01,Rs,2026-09-27 09:00:00
ORD00014371,CUST002562,2026-08-28 02:00:00,DELIVERED,COD,1350.93,255.96,49.0,1166.48,2310.45,inr,2026-09-27 09:00:00
ORD00014372,CUST001485,2026-09-02 08:00:00,DELIVERED,CARD,1369.38,167.73,99.0,923.58,2224.23,inr,2026-09-27 09:00:00
ORD00014373,CUST004628,2026-09-27 04:00:00,DELIVERED,CARD,1642.16,491.71,0.0,672.06,1822.51,inr,2026-09-27 09:00:00
ORD00014374,CUST003962,2026-08-16 02:00:00,PLACED,COD,1548.31,30.46,79.0,25.5,1622.35,inr,2026-09-27 09:00:00
ORD00014375,CUST005380,2026-08-02 19:00:00,DELIVERED,NETBANKING,3362.41,319.52,149.0,164.17,3356.06,Rs,2026-09-27 09:00:00
ORD00014376,CUST003087,2026-09-24 00:00:00,SHIPPED,UPI,1854.61,689.45,79.0,305.99,1550.15,Rs,2026-09-27 09:00:00
ORD00014377,CUST002312,2026-09-04 12:00:00,SHIPPED,COD,1276.26,432.01,79.0,119.75,1043.0,INR,2026-09-27 09:00:00
ORD00014378,CUST001678,2026-09-25 00:00:00,SHIPPED,NETBANKING,403.11,423.32,79.0,502.69,561.48,inr,2026-09-27 09:00:00
ORD00014379,CUST003703,2026-08-06 20:00:00,DELIVERED,CARD,2277.31,200.05,49.0,290.45,2416.71,inr,2026-09-27 09:00:00
ORD00014380,CUST003339,2026-09-24 16:00:00,PAID,CARD,622.62,451.5,149.0,1464.31,1784.43,Rs,2026-09-27 09:00:00
ORD00014381,CUST004663,2026-08-28 13:00:00,DELIVERED,COD,1358.21,431.53,0.0,1399.07,2325.75,Rs,2026-09-27 09:00:00
ORD00014382,CUST002382,2026-09-13 11:00:00,DELIVERED,NETBANKING,1942.5,860.01,99.0,497.87,1679.36,INR ,2026-09-27 09:00:00
ORD00014383,CUST000845,2026-08-31 07:00:00,SHIPPED,UPI,1677.39,254.95,149.0,961.14,2532.58,INR,2026-09-27 09:00:00
ORD00014384,CUST002755,2026-08-07 07:00:00,DELIVERED,NETBANKING,668.77,119.14,99.0,1335.69,1984.32,inr,2026-09-27 09:00:00
ORD00014385,CUST001333,2026-08-21 17:00:00,SHIPPED,CARD,1201.5,951.0,0.0,1025.43,1275.93,Rs,2026-09-27 09:00:00
ORD00014386,CUST003960,2026-08-15 09:00:00,SHIPPED,CARD,537.36,458.43,149.0,405.87,633.8,INR ,2026-09-27 09:00:00
ORD00014387,CUST001618,2026-09-05 00:00:00,DELIVERED,NETBANKING,433.85,144.51,99.0,524.11,912.45,Rs,2026-09-27 09:00:00
ORD00014388,CUST004286,2026-09-09 09:00:00,DELIVERED,CARD,1916.05,339.75,99.0,436.87,2112.17,INR,2026-09-27 09:00:00
ORD00014389,CUST004267,2026-09-01 09:00:00,PAID,CARD,1303.38,757.36,49.0,378.18,973.2,INR ,2026-09-27 09:00:00
ORD00014390,CUST005240,2026-09-03 23:00:00,SHIPPED,CARD,1766.01,660.15,79.0,339.12,1523.98,Rs,2026-09-27 09:00:00
ORD00014391,CUST002832,2026-08-20 17:00:00,SHIPPED,WALLET,520.31,432.62,99.0,975.9,1162.59,Rs,2026-09-27 09:00:00
ORD00014392,CUST001309,2026-08-18 22:00:00,PAID,NETBANKING,203.0,6.29,79.0,59.63,335.34,INR ,2026-09-27 09:00:00
ORD00014393,CUST002705,2026-08-20 21:00:00,DELIVERED,UPI,1164.15,667.95,99.0,576.87,1172.07,INR,2026-09-27 09:00:00
ORD00014394,CUST003356,2026-08-14 04:00:00,SHIPPED,CARD,505.26,915.4,79.0,91.12,-240.02,inr,2026-09-27 09:00:00
ORD00014395,CUST001763,2026-08-16 14:00:00,PAID,UPI,1055.22,840.85,99.0,1274.53,1587.9,inr,2026-09-27 09:00:00
ORD00014396,CUST000362,2026-08-11 16:00:00,PLACED,WALLET,1771.84,575.31,0.0,561.18,1757.71,INR ,2026-09-27 09:00:00
ORD00014397,CUST003223,2026-08-31 12:00:00,DELIVERED,NETBANKING,538.38,643.13,79.0,674.28,648.53,INR ,2026-09-27 09:00:00
ORD00014398,CUST003822,2026-09-19 08:00:00,DELIVERED,COD,2102.0,76.72,79.0,818.05,2922.33,inr,2026-09-27 09:00:00
ORD00014399,CUST002335,2026-09-13 13:00:00,DELIVERED,NETBANKING,1353.94,918.15,0.0,357.88,793.67,Rs,2026-09-27 09:00:00
ORD00014400,CUST002387,2026-08-07 00:00:00,DELIVERED,WALLET,673.95,840.3,79.0,55.68,-31.67,inr,2026-09-27 09:00:00
ORD00014401,CUST003265,2026-09-03 17:00:00,PAID,UPI,1234.84,194.04,0.0,560.9,1601.7,inr ,2026-09-27 09:00:00
ORD00014402,CUST004329,2026-08-17 03:00:00,DELIVERED,WALLET,449.85,336.73,99.0,48.08,260.2,inr ,2026-09-27 09:00:00
ORD00014403,CUST000645,2026-09-04 07:00:00,DELIVERED,NETBANKING,1489.66,513.39,99.0,84.01,1159.28,Rs,2026-09-27 09:00:00
ORD00014404,CUST005051,2026-09-23 16:00:00,PAID,WALLET,1038.87,675.62,99.0,1135.52,1597.77,inr,2026-09-27 09:00:00
ORD00014405,CUST005098,2026-09-19 08:00:00,DELIVERED,CARD,1734.13,610.16,0.0,1214.11,2338.08,inr,2026-09-27 09:00:00
ORD00014406,CUST004334,2026-08-18 09:00:00,DELIVERED,COD,2269.8,724.49,49.0,183.84,1778.15,inr,2026-09-27 09:00:00
ORD00014407,CUST002154,2026-09-17 00:00:00,DELIVERED,COD,4616.03,540.38,149.0,219.79,4444.44,inr,2026-09-27 09:00:00
ORD00014408,CUST001250,2026-09-13 15:00:00,SHIPPED,COD,717.01,642.78,0.0,700.13,774.36,Rs,2026-09-27 09:00:00
ORD00014409,CUST000318,2026-09-26 11:00:00,SHIPPED,WALLET,1110.23,382.36,79.0,130.7,937.57,inr,2026-09-27 09:00:00
ORD00014410,CUST003164,2026-09-22 21:00:00,PLACED,NETBANKING,1091.05,849.73,149.0,1117.94,1508.26,Rs,2026-09-27 09:00:00
ORD00014411,CUST002452,2026-09-25 00:00:00,SHIPPED,WALLET,1258.55,252.31,149.0,638.55,1793.79,INR,2026-09-27 09:00:00
ORD00014412,CUST001083,2026-08-06 07:00:00,PLACED,COD,867.13,581.5,99.0,731.06,1115.69,INR,2026-09-27 09:00:00
ORD00014413,CUST004535,2026-09-13 10:00:00,DELIVERED,UPI,1296.3,942.23,99.0,1111.25,1564.32,inr,2026-09-27 09:00:00
ORD00014414,CUST004215,2026-08-24 03:00:00,SHIPPED,UPI,1102.19,229.75,49.0,1476.01,2397.45,Rs,2026-09-27 09:00:00
ORD00014415,CUST000192,2026-08-10 14:00:00,SHIPPED,NETBANKING,544.9,691.61,49.0,1448.26,1350.55,INR ,2026-09-27 09:00:00
ORD00014416,CUST005011,2026-09-29 00:00:00,DELIVERED,UPI,1397.35,724.14,0.0,1022.74,1695.95,INR ,2026-09-27 09:00:00
ORD00014417,CUST000469,2026-08-02 21:00:00,DELIVERED,COD,737.56,897.18,49.0,852.29,741.67,inr,2026-09-27 09:00:00
ORD00014418,CUST002736,2026-09-27 03:00:00,DELIVERED,NETBANKING,1550.49,354.89,49.0,1458.27,2702.87,inr,2026-09-27 09:00:00
ORD00014419,CUST004820,2026-08-30 17:00:00,PAID,NETBANKING,4632.38,622.94,99.0,855.03,4963.47,INR,2026-09-27 09:00:00
ORD00014420,CUST004304,2026-08-24 02:00:00,DELIVERED,NETBANKING,589.37,232.79,149.0,1099.21,1604.79,INR,2026-09-27 09:00:00
ORD00014421,CUST004015,2026-09-28 14:00:00,SHIPPED,UPI,465.3,916.38,49.0,313.86,-88.22,INR ,2026-09-27 09:00:00
ORD00014422,CUST005292,2026-08-22 19:00:00,PAID,CARD,572.6,983.06,79.0,327.09,-4.37,INR,2026-09-27 09:00:00
ORD00014423,CUST004672,2026-08-16 20:00:00,PLACED,COD,854.36,674.88,0.0,365.48,544.96,INR ,2026-09-27 09:00:00
ORD00014424,CUST001366,2026-08-08 02:00:00,SHIPPED,UPI,1391.94,560.12,149.0,483.45,1464.27,INR ,2026-09-27 09:00:00
ORD00014425,CUST003554,2026-09-13 19:00:00,DELIVERED,COD,1859.65,858.68,149.0,306.36,1456.33,inr,2026-09-27 09:00:00
ORD00014426,CUST001008,2026-08-30 05:00:00,PLACED,UPI,3175.88,260.15,99.0,542.96,3557.69,inr,2026-09-27 09:00:00
ORD00014427,CUST000125,2026-09-01 05:00:00,DELIVERED,COD,3011.51,883.42,79.0,358.5,2565.59,INR,2026-09-27 09:00:00
ORD00014428,CUST000510,2026-08-14 14:00:00,PAID,WALLET,671.68,769.52,99.0,953.98,955.14,inr,2026-09-27 09:00:00
ORD00014429,CUST001888,2026-09-03 05:00:00,DELIVERED,UPI,1228.1,466.67,0.0,319.55,1080.98,INR ,2026-09-27 09:00:00
ORD00014430,CUST005057,2026-09-22 21:00:00,PAID,CARD,1367.55,280.59,49.0,735.44,1871.4,inr,2026-09-27 09:00:00
ORD00014431,CUST001255,2026-08-15 03:00:00,DELIVERED,CARD,1782.29,253.14,49.0,1022.09,2600.24,inr,2026-09-27 09:00:00
ORD00014432,CUST003352,2026-09-14 07:00:00,PAID,UPI,2004.18,620.83,79.0,49.6,1511.95,INR ,2026-09-27 09:00:00
ORD00014433,CUST002974,2026-08-06 13:00:00,PAID,COD,907.16,176.06,0.0,553.63,1284.73,inr,2026-09-27 09:00:00
ORD00014434,CUST001654,2026-09-06 16:00:00,DELIVERED,COD,3451.67,685.98,49.0,838.94,3653.63,INR ,2026-09-27 09:00:00
ORD00014435,CUST000638,2026-09-14 02:00:00,SHIPPED,COD,1036.95,612.85,149.0,951.08,1524.18,INR ,2026-09-27 09:00:00
ORD00014436,CUST004554,2026-08-30 15:00:00,PLACED,CARD,652.81,213.63,49.0,1418.58,1906.76,INR ,2026-09-27 09:00:00
ORD00014437,CUST001154,2026-08-16 10:00:00,PLACED,UPI,500.35,895.67,149.0,848.25,601.93,Rs,2026-09-27 09:00:00
ORD00014438,CUST002541,2026-08-19 00:00:00,DELIVERED,WALLET,893.03,862.58,0.0,605.62,636.07,INR,2026-09-27 09:00:00
ORD00014439,CUST000289,2026-09-27 06:00:00,PAID,COD,1416.54,750.38,79.0,65.73,810.89,INR,2026-09-27 09:00:00
ORD00014440,CUST003174,2026-08-24 03:00:00,DELIVERED,NETBANKING,4251.38,290.91,49.0,605.35,4614.82,INR ,2026-09-27 09:00:00
ORD00014441,CUST002451,2026-08-16 16:00:00,DELIVERED,NETBANKING,3619.17,167.74,99.0,1437.59,4988.02,INR,2026-09-27 09:00:00
ORD00014442,CUST001491,2026-08-12 13:00:00,SHIPPED,COD,387.5,705.91,0.0,1168.79,850.38,INR,2026-09-27 09:00:00
ORD00014443,CUST004777,2026-08-29 05:00:00,DELIVERED,NETBANKING,1520.88,389.05,79.0,1322.67,2533.5,INR,2026-09-27 09:00:00
ORD00014444,CUST005463,2026-08-14 00:00:00,PAID,WALLET,1581.62,620.67,49.0,476.1,1486.05,Rs,2026-09-27 09:00:00
ORD00014445,CUST005224,2026-09-12 21:00:00,PAID,COD,447.72,713.98,0.0,967.57,701.31,inr,2026-09-27 09:00:00
ORD00014446,CUST003121,2026-09-11 15:00:00,DELIVERED,NETBANKING,2924.92,777.13,99.0,121.8,2368.59,INR ,2026-09-27 09:00:00
ORD00014447,CUST000436,2026-09-17 08:00:00,DELIVERED,NETBANKING,2080.92,292.08,79.0,1144.3,3012.14,Rs,2026-09-27 09:00:00
ORD00014448,CUST000879,2026-08-30 18:00:00,DELIVERED,COD,1232.77,371.6,79.0,1471.65,2411.82,INR,2026-09-27 09:00:00
ORD00014449,CUST004557,2026-08-27 21:00:00,DELIVERED,UPI,1453.55,752.13,79.0,1288.67,2069.09,INR,2026-09-27 09:00:00
ORD00014450,CUST003207,2026-09-26 10:00:00,DELIVERED,WALLET,2754.9,24.74,49.0,1340.82,4119.98,Rs,2026-09-27 09:00:00
ORD00014451,CUST005436,2026-09-24 10:00:00,SHIPPED,WALLET,225.96,517.11,99.0,631.39,439.24,Rs,2026-09-27 09:00:00
ORD00014452,CUST001793,2026-09-21 10:00:00,DELIVERED,NETBANKING,1421.49,968.31,0.0,1464.14,1917.32,INR,2026-09-27 09:00:00
ORD00014453,CUST001862,2026-09-17 22:00:00,DELIVERED,UPI,895.71,408.96,79.0,699.31,1265.06,INR,2026-09-27 09:00:00
ORD00014454,CUST004181,2026-08-21 18:00:00,SHIPPED,COD,1278.95,549.9,79.0,79.94,887.99,INR ,2026-09-27 09:00:00
ORD00014455,CUST004289,2026-09-15 23:00:00,PAID,CARD,1533.2,99.18,149.0,541.86,2124.88,inr,2026-09-27 09:00:00
ORD00014456,CUST002937,2026-08-28 00:00:00,SHIPPED,COD,705.07,643.86,99.0,250.35,410.56,INR,2026-09-27 09:00:00
ORD00014457,CUST000347,2026-08-18 05:00:00,SHIPPED,NETBANKING,829.39,991.93,79.0,735.29,651.75,INR ,2026-09-27 09:00:00
ORD00014458,CUST003361,2026-08-20 14:00:00,SHIPPED,CARD,772.69,671.9,49.0,847.67,997.46,INR,2026-09-27 09:00:00
ORD00014459,CUST002962,2026-09-28 19:00:00,DELIVERED,COD,975.46,870.82,49.0,788.32,941.96,Rs,2026-09-27 09:00:00
ORD00014460,CUST004742,2026-09-25 20:00:00,DELIVERED,CARD,830.57,399.16,99.0,1298.25,1828.66,inr,2026-09-27 09:00:00
ORD00014461,CUST000466,2026-09-16 21:00:00,PLACED,COD,3430.66,25.7,149.0,1224.04,4778.0,Rs,2026-09-27 09:00:00
ORD00014462,CUST005262,2026-08-10 10:00:00,DELIVERED,CARD,1478.58,920.85,79.0,116.52,753.25,inr,2026-09-27 09:00:00
ORD00014463,CUST005105,2026-09-23 15:00:00,PAID,COD,445.48,136.78,79.0,1011.48,1399.18,INR ,2026-09-27 09:00:00
ORD00014464,CUST000198,2026-08-09 02:00:00,SHIPPED,NETBANKING,1379.54,144.78,99.0,966.97,2300.73,Rs,2026-09-27 09:00:00
ORD00014465,CUST000789,2026-08-20 16:00:00,DELIVERED,CARD,1206.23,84.3,49.0,1329.78,2500.71,INR ,2026-09-27 09:00:00
ORD00014466,CUST002824,2026-09-03 09:00:00,DELIVERED,UPI,2065.86,263.05,99.0,702.98,2604.79,INR,2026-09-27 09:00:00
ORD00014467,CUST005206,2026-08-23 15:00:00,PLACED,CARD,2576.76,979.82,0.0,1223.88,2820.82,inr,2026-09-27 09:00:00
ORD00014468,CUST002530,2026-09-07 18:00:00,PLACED,WALLET,829.33,757.02,49.0,534.38,655.69,INR ,2026-09-27 09:00:00
ORD00014469,CUST004863,2026-08-26 01:00:00,DELIVERED,COD,2216.09,214.3,149.0,784.34,2935.13,INR,2026-09-27 09:00:00
ORD00014470,CUST004792,2026-09-04 07:00:00,DELIVERED,CARD,1642.93,692.25,79.0,411.46,1441.14,Rs,2026-09-27 09:00:00
ORD00014471,CUST001730,2026-09-09 10:00:00,SHIPPED,WALLET,2337.09,473.57,0.0,1125.08,2988.6,INR,2026-09-27 09:00:00
ORD00014472,CUST000766,2026-09-09 09:00:00,DELIVERED,COD,3017.8,333.82,99.0,820.85,3603.83,INR ,2026-09-27 09:00:00
ORD00014473,CUST000743,2026-08-12 18:00:00,PAID,WALLET,529.19,913.87,99.0,1292.3,1006.62,INR ,2026-09-27 09:00:00
ORD00014474,CUST000835,2026-09-18 13:00:00,DELIVERED,WALLET,589.34,127.03,149.0,919.44,1530.75,Rs,2026-09-27 09:00:00
ORD00014475,CUST001355,2026-08-22 12:00:00,DELIVERED,CARD,1661.26,365.44,99.0,1338.42,2733.24,INR ,2026-09-27 09:00:00
ORD00014476,CUST001972,2026-09-21 22:00:00,PAID,UPI,661.15,436.95,49.0,978.8,1252.0,INR,2026-09-27 09:00:00
ORD00014477,CUST004203,2026-08-29 03:00:00,PAID,UPI,627.5,196.02,79.0,265.93,776.41,Rs,2026-09-27 09:00:00
ORD00014478,CUST000607,2026-08-02 07:00:00,DELIVERED,UPI,1083.61,161.64,49.0,859.0,1829.97,Rs,2026-09-27 09:00:00
ORD00014479,CUST003594,2026-08-02 11:00:00,PAID,WALLET,760.04,481.15,99.0,682.21,1060.1,INR,2026-09-27 09:00:00
ORD00014480,CUST001379,2026-09-14 18:00:00,PLACED,COD,662.55,127.32,49.0,846.27,1430.5,Rs,2026-09-27 09:00:00
ORD00014481,CUST000663,2026-08-30 09:00:00,PAID,UPI,1243.16,415.32,79.0,741.18,1648.02,inr,2026-09-27 09:00:00
ORD00014482,CUST004900,2026-09-12 14:00:00,PAID,CARD,1419.27,259.34,149.0,1221.98,2530.91,INR,2026-09-27 09:00:00
ORD00014483,CUST000571,2026-08-04 12:00:00,DELIVERED,NETBANKING,1344.4,130.61,149.0,23.97,1386.76,INR ,2026-09-27 09:00:00
ORD00014484,CUST001948,2026-09-04 02:00:00,DELIVERED,UPI,3783.38,356.06,49.0,1408.62,4884.94,Rs,2026-09-27 09:00:00
ORD00014485,CUST000850,2026-08-11 06:00:00,PAID,NETBANKING,1482.34,851.95,99.0,1111.53,1840.92,Rs,2026-09-27 09:00:00
ORD00014486,CUST001785,2026-08-02 22:00:00,DELIVERED,UPI,844.3,837.21,49.0,719.33,775.42,INR ,2026-09-27 09:00:00
ORD00014487,CUST002091,2026-09-15 05:00:00,SHIPPED,COD,2145.61,231.58,49.0,178.58,2141.61,inr,2026-09-27 09:00:00
ORD00014488,CUST004342,2026-08-24 05:00:00,SHIPPED,UPI,1296.95,486.99,149.0,1437.8,2396.76,INR,2026-09-27 09:00:00
ORD00014489,CUST001625,2026-08-24 12:00:00,DELIVERED,COD,912.15,345.78,0.0,1102.12,1668.49,Rs,2026-09-27 09:00:00
ORD00014490,CUST001340,2026-08-13 19:00:00,DELIVERED,COD,1236.86,489.51,49.0,337.15,1133.5,inr,2026-09-27 09:00:00
ORD00014491,CUST002326,2026-08-19 14:00:00,DELIVERED,NETBANKING,2232.79,929.45,149.0,1276.34,2728.68,inr,2026-09-27 09:00:00
ORD00014492,CUST005321,2026-08-12 07:00:00,DELIVERED,WALLET,1798.46,848.52,79.0,169.93,1198.87,inr,2026-09-27 09:00:00
ORD00014493,CUST003914,2026-08-29 12:00:00,DELIVERED,WALLET,667.6,681.94,99.0,1212.61,1297.27,inr,2026-09-27 09:00:00
ORD00014494,CUST002937,2026-08-29 20:00:00,DELIVERED,CARD,2270.31,784.72,0.0,1214.57,2700.16,Rs,2026-09-27 09:00:00
ORD00014495,CUST001427,2026-09-22 14:00:00,PLACED,UPI,754.89,705.12,79.0,1475.91,1604.68,INR ,2026-09-27 09:00:00
ORD00014496,CUST000805,2026-09-10 21:00:00,SHIPPED,WALLET,474.08,154.27,79.0,415.91,814.72,inr,2026-09-27 09:00:00
ORD00014497,CUST004126,2026-09-24 07:00:00,PAID,WALLET,1422.85,452.93,79.0,1270.2,2319.12,INR,2026-09-27 09:00:00
ORD00014498,CUST001617,2026-08-07 00:00:00,DELIVERED,COD,459.55,201.32,49.0,375.81,683.04,INR,2026-09-27 09:00:00
ORD00014499,CUST005238,2026-09-08 18:00:00,DELIVERED,UPI,750.35,326.8,99.0,1376.38,1898.93,inr,2026-09-27 09:00:00
ORD00014500,CUST004263,2026-09-23 01:00:00,DELIVERED,CARD,455.92,327.06,79.0,1047.69,1255.55,INR ,2026-09-27 09:00:00
ORD00014501,CUST002882,2026-09-02 17:00:00,PAID,CARD,3027.66,118.59,149.0,260.2,3318.27,INR,2026-09-27 09:00:00
ORD00014502,CUST004958,2026-08-23 00:00:00,SHIPPED,NETBANKING,2610.74,784.47,149.0,1054.94,3030.21,INR ,2026-09-27 09:00:00
ORD00014503,CUST004313,2026-08-02 01:00:00,SHIPPED,UPI,1890.43,11.08,79.0,1000.67,2959.02,inr,2026-09-27 09:00:00
ORD00014504,CUST000619,2026-09-25 11:00:00,PLACED,CARD,700.67,143.21,79.0,1497.31,2133.77,inr,2026-09-27 09:00:00
ORD00014505,CUST005249,2026-08-21 07:00:00,DELIVERED,CARD,1368.07,603.62,49.0,49.05,862.5,INR ,2026-09-27 09:00:00
ORD00014506,CUST005088,2026-08-14 18:00:00,SHIPPED,CARD,3499.0,588.3,99.0,1488.96,4498.66,Rs,2026-09-27 09:00:00
ORD00014507,CUST001297,2026-08-15 10:00:00,DELIVERED,CARD,3313.88,242.03,49.0,575.31,3696.16,inr,2026-09-27 09:00:00
ORD00014508,CUST001655,2026-08-06 10:00:00,PLACED,COD,981.88,915.27,99.0,1191.04,1356.65,inr,2026-09-27 09:00:00
ORD00014509,CUST001943,2026-09-28 12:00:00,PLACED,NETBANKING,724.59,988.79,149.0,232.21,117.01,Rs,2026-09-27 09:00:00
ORD00014510,CUST001388,2026-09-16 02:00:00,PAID,NETBANKING,2084.86,134.75,79.0,163.7,2192.81,inr,2026-09-27 09:00:00
ORD00014511,CUST001481,2026-09-03 08:00:00,DELIVERED,WALLET,2485.74,64.06,99.0,772.76,3293.44,INR ,2026-09-27 09:00:00
ORD00014512,CUST003092,2026-08-04 00:00:00,DELIVERED,WALLET,580.14,382.55,99.0,1030.84,1327.43,Rs,2026-09-27 09:00:00
ORD00014513,CUST004452,2026-08-06 11:00:00,DELIVERED,COD,1970.65,923.6,0.0,881.87,1928.92,Rs,2026-09-27 09:00:00
ORD00014514,CUST002300,2026-09-01 02:00:00,PAID,CARD,3015.84,232.55,79.0,1278.22,4140.51,INR ,2026-09-27 09:00:00
ORD00014515,CUST003252,2026-09-11 00:00:00,PAID,CARD,1866.97,373.96,49.0,920.29,2462.3,Rs,2026-09-27 09:00:00
ORD00014516,CUST005117,2026-08-14 00:00:00,SHIPPED,UPI,1813.75,874.54,99.0,1138.04,2176.25,Rs,2026-09-27 09:00:00
ORD00014517,CUST001027,2026-08-02 18:00:00,DELIVERED,COD,1399.12,475.65,49.0,723.73,1696.2,INR,2026-09-27 09:00:00
ORD00014518,CUST000087,2026-09-09 13:00:00,PLACED,CARD,2071.44,617.98,99.0,1401.96,2954.42,Rs,2026-09-27 09:00:00
ORD00014519,CUST003974,2026-09-12 05:00:00,SHIPPED,WALLET,2956.9,521.68,149.0,63.32,2647.54,INR,2026-09-27 09:00:00
ORD00014520,CUST004240,2026-08-21 08:00:00,DELIVERED,WALLET,2128.58,154.43,149.0,543.64,2666.79,Rs,2026-09-27 09:00:00
ORD00014521,CUST004222,2026-08-05 19:00:00,DELIVERED,NETBANKING,556.83,893.26,149.0,1422.65,1235.22,INR ,2026-09-27 09:00:00
ORD00014522,CUST001596,2026-08-16 12:00:00,SHIPPED,COD,1342.42,752.12,79.0,1058.6,1727.9,Rs,2026-09-27 09:00:00
ORD00014523,CUST002970,2026-08-16 02:00:00,DELIVERED,COD,1029.23,987.9,49.0,840.23,930.56,INR,2026-09-27 09:00:00
ORD00014524,CUST003558,2026-08-27 06:00:00,SHIPPED,COD,1145.48,992.27,0.0,660.44,813.65,Rs,2026-09-27 09:00:00
ORD00014525,CUST003383,2026-08-02 18:00:00,DELIVERED,NETBANKING,829.5,128.82,49.0,483.46,1233.14,INR ,2026-09-27 09:00:00
ORD00014526,CUST005392,2026-09-28 11:00:00,DELIVERED,CARD,550.63,799.06,49.0,619.58,420.15,Rs,2026-09-27 09:00:00
ORD00014527,CUST004579,2026-09-03 13:00:00,DELIVERED,COD,3110.23,212.09,0.0,703.83,3601.97,Rs,2026-09-27 09:00:00
ORD00014528,CUST001498,2026-09-08 17:00:00,DELIVERED,COD,912.3,508.65,0.0,1230.75,1634.4,inr,2026-09-27 09:00:00
ORD00014529,CUST004291,2026-09-12 06:00:00,PLACED,NETBANKING,1677.18,818.78,49.0,166.18,1073.58,inr,2026-09-27 09:00:00
ORD00014530,CUST002190,2026-09-04 12:00:00,SHIPPED,NETBANKING,1468.04,12.66,79.0,478.91,2013.29,Rs,2026-09-27 09:00:00
ORD00014531,CUST000198,2026-09-16 02:00:00,PAID,UPI,1621.52,975.97,149.0,918.68,1713.23,INR,2026-09-27 09:00:00
ORD00014532,CUST000957,2026-08-19 12:00:00,SHIPPED,UPI,1075.21,677.94,49.0,828.56,1274.83,INR ,2026-09-27 09:00:00
ORD00014533,CUST002275,2026-09-23 14:00:00,DELIVERED,NETBANKING,671.77,775.25,0.0,22.88,-80.6,Rs,2026-09-27 09:00:00
ORD00014534,CUST001291,2026-09-16 20:00:00,DELIVERED,WALLET,2859.75,508.7,79.0,631.57,3061.62,inr,2026-09-27 09:00:00
ORD00014535,CUST005184,2026-09-09 03:00:00,PAID,NETBANKING,1699.79,538.33,0.0,925.91,2087.37,inr,2026-09-27 09:00:00
ORD00014536,CUST001497,2026-08-12 09:00:00,PAID,NETBANKING,1457.89,867.38,0.0,1034.7,1625.21,Rs,2026-09-27 09:00:00
ORD00014537,CUST001902,2026-08-17 07:00:00,DELIVERED,CARD,6385.95,262.17,79.0,342.03,6544.81,inr,2026-09-27 09:00:00
ORD00014538,CUST003682,2026-08-03 22:00:00,PAID,UPI,1989.17,754.99,0.0,1301.94,2536.12,INR ,2026-09-27 09:00:00
ORD00014539,CUST000866,2026-09-01 10:00:00,DELIVERED,COD,996.37,297.89,149.0,246.22,1093.7,INR,2026-09-27 09:00:00
ORD00014540,CUST002133,2026-08-06 17:00:00,SHIPPED,COD,1542.68,324.4,149.0,600.42,1967.7,inr,2026-09-27 09:00:00
ORD00014541,CUST000895,2026-09-26 04:00:00,DELIVERED,NETBANKING,2143.46,433.71,0.0,806.38,2516.13,INR ,2026-09-27 09:00:00
ORD00014542,CUST005319,2026-09-29 19:00:00,DELIVERED,CARD,601.24,202.42,49.0,501.4,949.22,INR ,2026-09-27 09:00:00
ORD00014543,CUST003444,2026-09-28 01:00:00,SHIPPED,CARD,1105.97,149.05,99.0,321.01,1376.93,Rs,2026-09-27 09:00:00
ORD00014544,CUST002952,2026-09-20 20:00:00,PAID,CARD,1408.67,527.63,149.0,1462.8,2492.84,inr,2026-09-27 09:00:00
ORD00014545,CUST004722,2026-08-27 12:00:00,DELIVERED,CARD,1581.85,508.85,0.0,359.87,1432.87,Rs,2026-09-27 09:00:00
ORD00014546,CUST000503,2026-09-08 06:00:00,DELIVERED,WALLET,1192.89,106.6,49.0,1319.35,2454.64,INR,2026-09-27 09:00:00
ORD00014547,CUST003926,2026-08-09 10:00:00,DELIVERED,WALLET,812.59,771.19,149.0,1118.52,1308.92,inr,2026-09-27 09:00:00
ORD00014548,CUST004293,2026-09-01 12:00:00,SHIPPED,WALLET,3034.11,450.8,0.0,293.48,2876.79,Rs,2026-09-27 09:00:00
ORD00014549,CUST004192,2026-08-12 11:00:00,PLACED,COD,1267.93,515.1,49.0,200.78,1002.61,INR,2026-09-27 09:00:00
ORD00014550,CUST003701,2026-08-03 14:00:00,DELIVERED,NETBANKING,1470.84,565.3,0.0,1263.98,2169.52,Rs,2026-09-27 09:00:00
ORD00014551,CUST003239,2026-09-07 21:00:00,DELIVERED,COD,189.85,537.99,149.0,1052.64,853.5,inr,2026-09-27 09:00:00
ORD00014552,CUST000292,2026-08-24 23:00:00,PAID,COD,1281.36,782.78,149.0,151.48,799.06,Rs,2026-09-27 09:00:00
ORD00014553,CUST003386,2026-08-08 01:00:00,SHIPPED,UPI,1847.71,448.81,99.0,1246.42,2744.32,INR,2026-09-27 09:00:00
ORD00014554,CUST004421,2026-08-16 14:00:00,SHIPPED,WALLET,1576.71,816.83,99.0,1354.48,2213.36,inr,2026-09-27 09:00:00
ORD00014555,CUST001308,2026-08-03 22:00:00,PAID,UPI,954.8,216.28,149.0,580.8,1468.32,INR ,2026-09-27 09:00:00
ORD00014556,CUST002582,2026-08-24 14:00:00,DELIVERED,CARD,822.26,242.65,0.0,1187.68,1767.29,Rs,2026-09-27 09:00:00
ORD00014557,CUST001973,2026-09-24 13:00:00,DELIVERED,UPI,687.94,364.58,99.0,1051.44,1473.8,INR ,2026-09-27 09:00:00
ORD00014558,CUST000010,2026-09-26 07:00:00,DELIVERED,UPI,902.43,799.44,0.0,1095.52,1198.51,INR ,2026-09-27 09:00:00
ORD00014559,CUST001265,2026-09-02 13:00:00,DELIVERED,COD,2748.32,761.81,0.0,214.8,2201.31,inr,2026-09-27 09:00:00
ORD00014560,CUST001193,2026-09-19 23:00:00,DELIVERED,NETBANKING,1962.14,628.52,49.0,489.86,1872.48,inr,2026-09-27 09:00:00
ORD00014561,CUST002961,2026-08-12 09:00:00,PAID,COD,802.82,537.18,0.0,618.18,883.82,Rs,2026-09-27 09:00:00
ORD00014562,CUST004697,2026-09-21 13:00:00,DELIVERED,WALLET,698.98,543.38,49.0,534.39,738.99,inr,2026-09-27 09:00:00
ORD00014563,CUST002420,2026-09-13 04:00:00,DELIVERED,COD,946.54,165.71,49.0,261.28,1091.11,Rs,2026-09-27 09:00:00
ORD00014564,CUST001218,2026-09-18 10:00:00,DELIVERED,UPI,861.81,794.85,99.0,1032.16,1198.12,Rs,2026-09-27 09:00:00
ORD00014565,CUST004884,2026-08-12 01:00:00,PLACED,UPI,2432.03,481.3,49.0,899.96,2899.69,INR ,2026-09-27 09:00:00
ORD00014566,CUST004256,2026-09-27 04:00:00,DELIVERED,UPI,1524.45,536.65,79.0,356.42,1423.22,Rs,2026-09-27 09:00:00
ORD00014567,CUST001045,2026-09-21 20:00:00,SHIPPED,WALLET,1285.02,793.88,99.0,1239.12,1829.26,inr,2026-09-27 09:00:00
ORD00014568,CUST000501,2026-08-20 05:00:00,SHIPPED,COD,1991.27,431.12,149.0,192.96,1902.11,INR,2026-09-27 09:00:00
ORD00014569,CUST003492,2026-09-25 01:00:00,PLACED,CARD,4376.06,226.57,149.0,1167.9,5466.39,INR,2026-09-27 09:00:00
ORD00014570,CUST000666,2026-08-14 14:00:00,DELIVERED,COD,475.06,395.81,49.0,1415.82,1544.07,INR ,2026-09-27 09:00:00
ORD00014571,CUST000464,2026-09-20 15:00:00,DELIVERED,COD,881.76,502.59,149.0,1375.52,1903.69,INR,2026-09-27 09:00:00
ORD00014572,CUST002242,2026-09-21 14:00:00,SHIPPED,CARD,808.91,181.98,149.0,53.2,829.13,inr,2026-09-27 09:00:00
ORD00014573,CUST000978,2026-09-19 06:00:00,PAID,NETBANKING,2581.36,957.15,149.0,257.8,2031.01,Rs,2026-09-27 09:00:00
ORD00014574,CUST002810,2026-09-27 14:00:00,PAID,WALLET,3195.47,89.64,0.0,326.96,3432.79,Rs,2026-09-27 09:00:00
ORD00014575,CUST005329,2026-08-24 08:00:00,DELIVERED,NETBANKING,1481.65,311.54,79.0,158.33,1407.44,inr,2026-09-27 09:00:00
ORD00014576,CUST000114,2026-09-16 14:00:00,PAID,WALLET,1360.32,607.74,79.0,196.51,1028.09,INR ,2026-09-27 09:00:00
ORD00014577,CUST004838,2026-08-14 09:00:00,PAID,UPI,1300.8,868.48,49.0,228.47,709.79,Rs,2026-09-27 09:00:00
ORD00014578,CUST001501,2026-08-03 20:00:00,DELIVERED,NETBANKING,1087.0,872.23,79.0,990.47,1284.24,INR ,2026-09-27 09:00:00
ORD00014579,CUST002504,2026-08-31 13:00:00,DELIVERED,UPI,1252.11,258.88,149.0,719.45,1861.68,INR,2026-09-27 09:00:00
ORD00014580,CUST000326,2026-09-28 23:00:00,DELIVERED,UPI,724.58,465.77,0.0,1149.02,1407.83,Rs,2026-09-27 09:00:00
ORD00014581,CUST004208,2026-08-28 15:00:00,SHIPPED,UPI,624.35,811.07,49.0,596.45,458.73,inr,2026-09-27 09:00:00
ORD00014582,CUST003310,2026-08-18 16:00:00,DELIVERED,NETBANKING,2188.83,722.04,79.0,1383.38,2929.17,inr,2026-09-27 09:00:00
ORD00014583,CUST002484,2026-08-09 10:00:00,PAID,NETBANKING,315.63,629.38,0.0,639.83,326.08,INR,2026-09-27 09:00:00
ORD00014584,CUST001750,2026-09-10 21:00:00,SHIPPED,UPI,1741.48,620.67,79.0,361.23,1561.04,INR,2026-09-27 09:00:00
ORD00014585,CUST003692,2026-09-12 16:00:00,PAID,NETBANKING,1009.84,436.13,49.0,202.59,825.3,INR,2026-09-27 09:00:00
ORD00014586,CUST001085,2026-09-04 19:00:00,PAID,UPI,2850.32,48.68,49.0,553.05,3403.69,INR,2026-09-27 09:00:00
ORD00014587,CUST000164,2026-08-21 04:00:00,PAID,COD,408.97,806.08,149.0,291.19,43.08,INR ,2026-09-27 09:00:00
ORD00014588,CUST004648,2026-08-11 07:00:00,PLACED,WALLET,3457.16,992.34,79.0,606.12,3149.94,Rs,2026-09-27 09:00:00
ORD00014589,CUST003053,2026-08-10 15:00:00,DELIVERED,UPI,443.12,872.37,49.0,1232.74,852.49,INR ,2026-09-27 09:00:00
ORD00014590,CUST001895,2026-09-09 14:00:00,SHIPPED,UPI,742.48,853.93,49.0,911.59,849.14,INR ,2026-09-27 09:00:00
ORD00014591,CUST003093,2026-08-09 22:00:00,SHIPPED,CARD,2694.72,577.16,79.0,1243.85,3440.41,Rs,2026-09-27 09:00:00
ORD00014592,CUST004991,2026-08-05 16:00:00,DELIVERED,WALLET,572.08,663.15,79.0,1127.23,1115.16,INR ,2026-09-27 09:00:00
ORD00014593,CUST004702,2026-08-10 06:00:00,PAID,CARD,2103.29,371.28,79.0,1101.27,2912.28,inr,2026-09-27 09:00:00
ORD00014594,CUST002303,2026-09-06 11:00:00,PAID,NETBANKING,2799.98,736.42,149.0,1448.17,3660.73,Rs,2026-09-27 09:00:00
ORD00014595,CUST002709,2026-09-26 09:00:00,PAID,NETBANKING,959.18,845.85,49.0,490.29,652.62,Rs,2026-09-27 09:00:00
ORD00014596,CUST002607,2026-08-23 04:00:00,DELIVERED,UPI,1224.49,959.45,49.0,1135.66,1449.7,Rs,2026-09-27 09:00:00
ORD00014597,CUST000330,2026-08-16 03:00:00,SHIPPED,UPI,904.72,915.38,0.0,937.21,926.55,INR,2026-09-27 09:00:00
ORD00014598,CUST001047,2026-09-11 19:00:00,PAID,WALLET,3503.57,275.37,79.0,79.94,3387.14,INR,2026-09-27 09:00:00
ORD00014599,CUST000760,2026-09-07 19:00:00,DELIVERED,UPI,330.46,33.67,0.0,247.05,543.84,INR,2026-09-27 09:00:00
ORD00014600,CUST001325,2026-09-02 18:00:00,PAID,COD,662.65,349.21,0.0,451.43,764.87,INR ,2026-09-27 09:00:00
ORD00014601,CUST005379,2026-08-13 04:00:00,SHIPPED,COD,356.98,268.73,49.0,1125.3,1262.55,INR ,2026-09-27 09:00:00
ORD00014602,CUST000868,2026-09-09 21:00:00,PLACED,UPI,1709.92,504.63,149.0,854.82,2209.11,INR ,2026-09-27 09:00:00
ORD00014603,CUST002656,2026-09-07 06:00:00,PAID,NETBANKING,1361.49,646.5,49.0,689.41,1453.4,INR,2026-09-27 09:00:00
ORD00014604,CUST002530,2026-08-08 08:00:00,SHIPPED,WALLET,644.97,161.8,0.0,577.96,1061.13,Rs,2026-09-27 09:00:00
ORD00014605,CUST002135,2026-08-28 23:00:00,DELIVERED,CARD,1305.84,402.92,79.0,1474.52,2456.44,Rs,2026-09-27 09:00:00
ORD00014606,CUST000500,2026-09-28 20:00:00,PAID,NETBANKING,1137.53,139.41,79.0,1046.41,2123.53,INR,2026-09-27 09:00:00
ORD00014607,CUST004411,2026-08-10 14:00:00,DELIVERED,NETBANKING,787.45,222.2,99.0,772.39,1436.64,INR,2026-09-27 09:00:00
ORD00014608,CUST004040,2026-09-06 02:00:00,DELIVERED,WALLET,2943.87,70.26,149.0,908.01,3930.62,inr,2026-09-27 09:00:00
ORD00014609,CUST002566,2026-08-30 09:00:00,SHIPPED,WALLET,1036.14,355.23,0.0,1263.87,1944.78,Rs,2026-09-27 09:00:00
ORD00014610,CUST005303,2026-08-14 17:00:00,DELIVERED,COD,5122.33,226.34,49.0,440.22,5385.21,INR,2026-09-27 09:00:00
ORD00014611,CUST001553,2026-08-08 19:00:00,SHIPPED,CARD,1307.23,679.52,149.0,686.93,1463.64,inr,2026-09-27 09:00:00
ORD00014612,CUST005326,2026-09-05 21:00:00,PLACED,WALLET,2299.08,534.28,49.0,1099.96,2913.76,INR ,2026-09-27 09:00:00
ORD00014613,CUST003686,2026-08-29 17:00:00,DELIVERED,NETBANKING,1505.95,582.21,149.0,1418.77,2491.51,INR,2026-09-27 09:00:00
ORD00014614,CUST004189,2026-09-02 06:00:00,PAID,CARD,4886.16,8.94,149.0,903.36,5929.58,inr,2026-09-27 09:00:00
ORD00014615,CUST005021,2026-08-04 12:00:00,DELIVERED,CARD,2598.89,288.0,0.0,1401.3,3712.19,Rs,2026-09-27 09:00:00
ORD00014616,CUST002837,2026-08-01 01:00:00,SHIPPED,UPI,774.26,564.54,99.0,1260.52,1569.24,INR,2026-09-27 09:00:00
ORD00014617,CUST001540,2026-09-09 14:00:00,PAID,WALLET,986.7,719.43,99.0,472.17,838.44,INR,2026-09-27 09:00:00
ORD00014618,CUST004655,2026-09-16 00:00:00,PLACED,CARD,3703.77,586.31,99.0,1224.36,4440.82,INR,2026-09-27 09:00:00
ORD00014619,CUST000491,2026-09-02 23:00:00,DELIVERED,COD,1156.14,68.29,149.0,1400.72,2637.57,inr,2026-09-27 09:00:00
ORD00014620,CUST001764,2026-09-04 23:00:00,PLACED,COD,387.67,517.08,99.0,921.39,890.98,inr,2026-09-27 09:00:00
ORD00014621,CUST004139,2026-08-01 03:00:00,DELIVERED,WALLET,920.17,445.71,99.0,223.02,796.48,INR ,2026-09-27 09:00:00
ORD00014622,CUST005303,2026-09-08 07:00:00,SHIPPED,NETBANKING,2149.29,965.94,99.0,1020.49,2302.84,inr,2026-09-27 09:00:00
ORD00014623,CUST000436,2026-08-24 22:00:00,DELIVERED,UPI,1373.77,266.43,49.0,1322.32,2478.66,inr,2026-09-27 09:00:00
ORD00014624,CUST005225,2026-09-08 20:00:00,SHIPPED,WALLET,1324.33,735.44,49.0,93.13,731.02,inr,2026-09-27 09:00:00
ORD00014625,CUST002999,2026-09-20 03:00:00,PAID,WALLET,2003.33,659.66,149.0,328.61,1821.28,INR ,2026-09-27 09:00:00
ORD00014626,CUST003221,2026-09-01 04:00:00,PAID,WALLET,984.11,483.71,0.0,1372.6,1873.0,INR,2026-09-27 09:00:00
ORD00014627,CUST002645,2026-09-22 12:00:00,PAID,UPI,1499.02,783.98,99.0,1345.46,2159.5,inr,2026-09-27 09:00:00
ORD00014628,CUST002772,2026-08-01 10:00:00,SHIPPED,NETBANKING,589.5,802.15,99.0,798.82,685.17,INR ,2026-09-27 09:00:00
ORD00014629,CUST003386,2026-08-17 05:00:00,SHIPPED,WALLET,545.39,879.02,149.0,1316.75,1132.12,INR,2026-09-27 09:00:00
ORD00014630,CUST001322,2026-09-16 00:00:00,SHIPPED,NETBANKING,601.95,516.23,79.0,842.72,1007.44,INR,2026-09-27 09:00:00
ORD00014631,CUST001120,2026-09-02 02:00:00,PAID,COD,2639.21,576.3,49.0,415.61,2527.52,INR,2026-09-27 09:00:00
ORD00014632,CUST005111,2026-08-03 15:00:00,DELIVERED,NETBANKING,7245.7,936.67,149.0,510.85,6968.88,Rs,2026-09-27 09:00:00
ORD00014633,CUST003602,2026-08-03 12:00:00,DELIVERED,UPI,993.98,596.15,49.0,507.22,954.05,Rs,2026-09-27 09:00:00
ORD00014634,CUST004586,2026-09-27 18:00:00,DELIVERED,CARD,423.06,689.31,0.0,616.79,350.54,INR ,2026-09-27 09:00:00
ORD00014635,CUST001587,2026-08-06 14:00:00,DELIVERED,WALLET,1296.5,243.24,0.0,650.7,1703.96,INR ,2026-09-27 09:00:00
ORD00014636,CUST000772,2026-09-16 22:00:00,DELIVERED,UPI,954.86,134.68,0.0,845.03,1665.21,INR ,2026-09-27 09:00:00
ORD00014637,CUST003498,2026-09-18 23:00:00,DELIVERED,NETBANKING,732.45,448.18,149.0,41.27,474.54,INR ,2026-09-27 09:00:00
ORD00014638,CUST005451,2026-09-26 01:00:00,DELIVERED,COD,1105.93,951.52,79.0,436.52,669.93,INR ,2026-09-27 09:00:00
ORD00014639,CUST000071,2026-09-26 10:00:00,DELIVERED,CARD,2039.31,921.29,0.0,465.98,1584.0,Rs,2026-09-27 09:00:00
ORD00014640,CUST001757,2026-08-22 14:00:00,PLACED,CARD,1880.63,315.8,149.0,797.3,2511.13,INR,2026-09-27 09:00:00
ORD00014641,CUST001586,2026-09-12 23:00:00,DELIVERED,NETBANKING,1264.78,46.06,79.0,929.67,2227.39,INR ,2026-09-27 09:00:00
ORD00014642,CUST002301,2026-08-29 10:00:00,DELIVERED,CARD,1508.79,669.12,0.0,1147.72,1987.39,INR,2026-09-27 09:00:00
ORD00014643,CUST000038,2026-09-11 01:00:00,DELIVERED,WALLET,3038.19,207.16,99.0,1484.91,4414.94,INR,2026-09-27 09:00:00
ORD00014644,CUST002088,2026-08-22 10:00:00,SHIPPED,NETBANKING,1625.21,369.6,149.0,740.21,2144.82,Rs,2026-09-27 09:00:00
ORD00014645,CUST003645,2026-08-07 21:00:00,PAID,UPI,2840.35,891.69,0.0,789.88,2738.54,inr,2026-09-27 09:00:00
ORD00014646,CUST001697,2026-08-08 08:00:00,SHIPPED,COD,646.35,663.54,0.0,1041.81,1024.62,Rs,2026-09-27 09:00:00
ORD00014647,CUST004167,2026-08-08 15:00:00,PLACED,CARD,2495.82,872.91,0.0,553.91,2176.82,Rs,2026-09-27 09:00:00
ORD00014648,CUST001703,2026-09-13 10:00:00,PLACED,NETBANKING,737.61,386.87,79.0,166.6,596.34,inr,2026-09-27 09:00:00
ORD00014649,CUST000606,2026-09-11 20:00:00,DELIVERED,NETBANKING,1394.56,899.01,49.0,434.32,978.87,Rs,2026-09-27 09:00:00
ORD00014650,CUST000600,2026-09-06 13:00:00,PAID,COD,7132.92,133.23,149.0,676.51,7825.2,Rs,2026-09-27 09:00:00
ORD00014651,CUST002361,2026-09-22 05:00:00,PLACED,CARD,574.05,84.67,79.0,958.67,1527.05,INR,2026-09-27 09:00:00
ORD00014652,CUST001063,2026-08-08 20:00:00,PLACED,COD,1199.52,292.58,79.0,71.15,1057.09,INR,2026-09-27 09:00:00
ORD00014653,CUST005212,2026-08-06 09:00:00,DELIVERED,UPI,420.92,396.8,49.0,217.29,290.41,INR,2026-09-27 09:00:00
ORD00014654,CUST003758,2026-09-08 00:00:00,DELIVERED,UPI,594.92,173.71,99.0,322.36,842.57,Rs,2026-09-27 09:00:00
ORD00014655,CUST002051,2026-08-29 00:00:00,PAID,UPI,1868.65,843.64,99.0,989.64,2113.65,INR ,2026-09-27 09:00:00
ORD00014656,CUST003117,2026-09-01 10:00:00,SHIPPED,COD,2256.63,320.74,49.0,876.55,2861.44,inr,2026-09-27 09:00:00
ORD00014657,CUST000130,2026-09-13 10:00:00,PAID,CARD,5273.5,813.93,79.0,1181.14,5719.71,INR,2026-09-27 09:00:00
ORD00014658,CUST001976,2026-08-18 23:00:00,SHIPPED,UPI,2399.97,367.21,79.0,1489.31,3601.07,Rs,2026-09-27 09:00:00
ORD00014659,CUST000228,2026-09-03 11:00:00,PAID,CARD,740.63,683.51,79.0,953.59,1089.71,INR ,2026-09-27 09:00:00
ORD00014660,CUST004242,2026-08-08 14:00:00,PAID,UPI,2618.23,652.65,0.0,36.98,2002.56,INR ,2026-09-27 09:00:00
ORD00014661,CUST002943,2026-09-07 04:00:00,PLACED,COD,1029.51,697.59,99.0,1427.63,1858.55,Rs,2026-09-27 09:00:00
ORD00014662,CUST003821,2026-08-07 00:00:00,DELIVERED,CARD,1143.02,410.99,149.0,881.52,1762.55,INR ,2026-09-27 09:00:00
ORD00014663,CUST005209,2026-08-22 23:00:00,PAID,WALLET,792.68,882.67,99.0,491.94,500.95,INR ,2026-09-27 09:00:00
ORD00014664,CUST002328,2026-09-20 08:00:00,DELIVERED,CARD,961.73,459.42,99.0,1010.36,1611.67,Rs,2026-09-27 09:00:00
ORD00014665,CUST000792,2026-08-05 19:00:00,DELIVERED,COD,1088.71,106.66,99.0,634.3,1715.35,inr,2026-09-27 09:00:00
ORD00014666,CUST002608,2026-08-07 06:00:00,DELIVERED,NETBANKING,1803.99,856.35,149.0,951.19,2047.83,INR,2026-09-27 09:00:00
ORD00014667,CUST002048,2026-08-17 09:00:00,PLACED,NETBANKING,1674.54,666.92,79.0,675.37,1761.99,INR ,2026-09-27 09:00:00
ORD00014668,CUST001193,2026-08-18 10:00:00,SHIPPED,NETBANKING,1423.05,598.64,0.0,1314.79,2139.2,inr,2026-09-27 09:00:00
ORD00014669,CUST002037,2026-08-02 12:00:00,PAID,UPI,904.02,725.61,49.0,1350.53,1577.94,Rs,2026-09-27 09:00:00
ORD00014670,CUST002338,2026-08-17 05:00:00,DELIVERED,COD,2273.65,218.84,49.0,420.01,2523.82,inr,2026-09-27 09:00:00
ORD00014671,CUST001962,2026-08-18 19:00:00,PAID,WALLET,641.04,305.82,0.0,179.97,515.19,inr,2026-09-27 09:00:00
ORD00014672,CUST001253,2026-09-10 18:00:00,PAID,UPI,2905.33,591.26,79.0,464.62,2857.69,INR ,2026-09-27 09:00:00
ORD00014673,CUST004723,2026-09-09 05:00:00,DELIVERED,COD,1246.51,390.43,79.0,466.58,1401.66,inr,2026-09-27 09:00:00
ORD00014674,CUST001023,2026-08-18 07:00:00,DELIVERED,UPI,2529.34,904.62,79.0,749.19,2452.91,Rs,2026-09-27 09:00:00
ORD00014675,CUST000505,2026-09-18 07:00:00,DELIVERED,WALLET,801.32,782.64,79.0,1038.9,1136.58,Rs,2026-09-27 09:00:00
ORD00014676,CUST005481,2026-08-07 02:00:00,DELIVERED,WALLET,1653.69,345.36,0.0,199.22,1507.55,Rs,2026-09-27 09:00:00
ORD00014677,CUST005093,2026-08-08 01:00:00,SHIPPED,CARD,2173.37,352.9,79.0,333.65,2233.12,Rs,2026-09-27 09:00:00
ORD00014678,CUST000998,2026-08-14 18:00:00,DELIVERED,UPI,1655.52,875.23,79.0,480.3,1339.59,Rs,2026-09-27 09:00:00
ORD00014679,CUST005073,2026-09-21 10:00:00,PAID,NETBANKING,1509.77,344.1,99.0,233.89,1498.56,INR,2026-09-27 09:00:00
ORD00014680,CUST000175,2026-08-01 18:00:00,PAID,COD,4958.99,309.93,99.0,1203.5,5951.56,INR ,2026-09-27 09:00:00
ORD00014681,CUST004683,2026-09-25 03:00:00,DELIVERED,UPI,514.12,549.09,0.0,866.67,831.7,Rs,2026-09-27 09:00:00
ORD00014682,CUST004293,2026-09-25 23:00:00,PAID,UPI,4063.93,298.44,0.0,244.8,4010.29,INR,2026-09-27 09:00:00
ORD00014683,CUST000795,2026-08-29 02:00:00,PLACED,UPI,2794.27,152.6,49.0,948.15,3638.82,INR ,2026-09-27 09:00:00
ORD00014684,CUST003529,2026-08-04 19:00:00,DELIVERED,WALLET,984.79,574.85,0.0,432.52,842.46,INR,2026-09-27 09:00:00
ORD00014685,CUST002942,2026-08-20 20:00:00,PLACED,UPI,1581.3,837.27,49.0,671.84,1464.87,INR ,2026-09-27 09:00:00
ORD00014686,CUST004919,2026-09-22 15:00:00,SHIPPED,CARD,5655.53,88.53,79.0,823.56,6469.56,INR,2026-09-27 09:00:00
ORD00014687,CUST003070,2026-08-10 14:00:00,SHIPPED,COD,1066.48,895.62,79.0,1095.81,1345.67,INR ,2026-09-27 09:00:00
ORD00014688,CUST005305,2026-09-14 20:00:00,PAID,CARD,1252.22,770.19,0.0,166.8,648.83,INR ,2026-09-27 09:00:00
ORD00014689,CUST002092,2026-08-28 11:00:00,PLACED,WALLET,1365.45,571.37,49.0,1434.44,2277.52,inr,2026-09-27 09:00:00
ORD00014690,CUST001660,2026-08-19 07:00:00,PAID,WALLET,2017.8,787.34,149.0,117.84,1497.3,Rs,2026-09-27 09:00:00
ORD00014691,CUST005409,2026-08-15 18:00:00,DELIVERED,WALLET,770.53,0.1,79.0,338.54,1187.97,INR ,2026-09-27 09:00:00
ORD00014692,CUST004835,2026-08-31 03:00:00,DELIVERED,UPI,644.37,288.01,149.0,927.64,1433.0,Rs,2026-09-27 09:00:00
ORD00014693,CUST005483,2026-09-10 20:00:00,DELIVERED,NETBANKING,881.59,249.34,49.0,920.1,1601.35,INR,2026-09-27 09:00:00
ORD00014694,CUST000710,2026-08-22 23:00:00,DELIVERED,NETBANKING,863.14,165.67,149.0,324.38,1170.85,inr,2026-09-27 09:00:00
ORD00014695,CUST005278,2026-09-03 20:00:00,DELIVERED,UPI,714.35,267.79,99.0,1312.03,1857.59,Rs,2026-09-27 09:00:00
ORD00014696,CUST004557,2026-08-01 13:00:00,DELIVERED,WALLET,485.4,524.36,149.0,480.07,590.11,INR,2026-09-27 09:00:00
ORD00014697,CUST001050,2026-09-01 22:00:00,DELIVERED,COD,396.81,997.71,99.0,1319.54,817.64,Rs,2026-09-27 09:00:00
ORD00014698,CUST005086,2026-08-14 15:00:00,PLACED,NETBANKING,1690.49,826.17,99.0,1441.14,2404.46,INR,2026-09-27 09:00:00
ORD00014699,CUST002155,2026-09-20 05:00:00,DELIVERED,CARD,958.48,90.16,79.0,254.2,1201.52,INR,2026-09-27 09:00:00
ORD00014700,CUST001173,2026-08-15 03:00:00,PAID,UPI,2284.78,978.23,0.0,387.35,1693.9,Rs,2026-09-27 09:00:00
ORD00014701,CUST003917,2026-08-24 09:00:00,DELIVERED,NETBANKING,802.71,200.44,99.0,241.43,942.7,Rs,2026-09-27 09:00:00
ORD00014702,CUST000761,2026-09-27 04:00:00,SHIPPED,WALLET,1319.17,199.28,79.0,292.89,1491.78,inr,2026-09-27 09:00:00
ORD00014703,CUST004048,2026-09-06 18:00:00,SHIPPED,CARD,583.05,341.79,79.0,1227.27,1547.53,INR,2026-09-27 09:00:00
ORD00014704,CUST004433,2026-08-02 23:00:00,DELIVERED,UPI,1107.8,626.87,149.0,781.95,1411.88,Rs,2026-09-27 09:00:00
ORD00014705,CUST000287,2026-09-18 03:00:00,SHIPPED,UPI,1521.27,638.83,49.0,119.24,1050.68,INR,2026-09-27 09:00:00
ORD00014706,CUST001571,2026-09-27 09:00:00,PLACED,UPI,587.31,737.35,79.0,147.53,76.49,INR ,2026-09-27 09:00:00
ORD00014707,CUST001834,2026-09-13 15:00:00,PAID,COD,698.35,311.7,0.0,371.66,758.31,INR,2026-09-27 09:00:00
ORD00014708,CUST003934,2026-09-24 05:00:00,DELIVERED,NETBANKING,4671.48,33.6,79.0,1040.28,5757.16,Rs,2026-09-27 09:00:00
ORD00014709,CUST004545,2026-08-22 07:00:00,PAID,NETBANKING,1436.14,579.52,99.0,150.8,1106.42,INR,2026-09-27 09:00:00
ORD00014710,CUST001299,2026-08-06 04:00:00,PAID,CARD,618.43,130.29,79.0,1421.36,1988.5,INR ,2026-09-27 09:00:00
ORD00014711,CUST001847,2026-08-04 01:00:00,DELIVERED,COD,260.73,168.06,0.0,1297.12,1389.79,Rs,2026-09-27 09:00:00
ORD00014712,CUST001696,2026-09-14 07:00:00,DELIVERED,WALLET,6188.58,231.82,0.0,1116.15,7072.91,inr,2026-09-27 09:00:00
ORD00014713,CUST001283,2026-09-24 00:00:00,DELIVERED,UPI,1064.64,610.62,49.0,417.35,920.37,inr,2026-09-27 09:00:00
ORD00014714,CUST002038,2026-08-05 03:00:00,PLACED,UPI,685.56,881.36,99.0,331.1,234.3,Rs,2026-09-27 09:00:00
ORD00014715,CUST005072,2026-08-09 08:00:00,DELIVERED,CARD,2190.27,629.15,49.0,1163.82,2773.94,INR ,2026-09-27 09:00:00
ORD00014716,CUST000655,2026-08-27 10:00:00,SHIPPED,WALLET,1059.68,877.05,49.0,349.15,580.78,INR,2026-09-27 09:00:00
ORD00014717,CUST000734,2026-09-13 06:00:00,DELIVERED,WALLET,1313.35,268.38,49.0,1143.44,2237.41,inr,2026-09-27 09:00:00
ORD00014718,CUST003687,2026-09-15 18:00:00,SHIPPED,UPI,881.31,944.22,0.0,569.94,507.03,INR,2026-09-27 09:00:00
ORD00014719,CUST003084,2026-08-01 12:00:00,DELIVERED,UPI,320.58,684.37,0.0,544.3,180.51,inr,2026-09-27 09:00:00
ORD00014720,CUST002745,2026-08-03 03:00:00,PAID,CARD,1082.37,350.42,0.0,407.96,1139.91,inr ,2026-09-27 09:00:00
ORD00014721,CUST005313,2026-08-15 15:00:00,SHIPPED,WALLET,1048.29,295.37,149.0,1030.5,1932.42,INR ,2026-09-27 09:00:00
ORD00014722,CUST001196,2026-09-16 04:00:00,PAID,NETBANKING,423.98,282.82,0.0,91.25,232.41,Rs,2026-09-27 09:00:00
ORD00014723,CUST000746,2026-09-19 02:00:00,DELIVERED,WALLET,860.17,192.4,0.0,1337.14,2004.91,INR ,2026-09-27 09:00:00
ORD00014724,CUST001085,2026-09-04 10:00:00,PLACED,NETBANKING,926.4,754.75,99.0,873.85,1144.5,Rs,2026-09-27 09:00:00
ORD00014725,CUST001833,2026-08-02 23:00:00,DELIVERED,UPI,1485.8,946.21,99.0,1125.93,1764.52,INR,2026-09-27 09:00:00
ORD00014726,CUST003314,2026-08-31 00:00:00,DELIVERED,WALLET,2073.09,642.53,49.0,1065.17,2544.73,inr,2026-09-27 09:00:00
ORD00014727,CUST004666,2026-09-10 17:00:00,SHIPPED,WALLET,917.08,466.55,79.0,613.2,1142.73,Rs,2026-09-27 09:00:00
ORD00014728,CUST001441,2026-09-17 03:00:00,DELIVERED,COD,780.28,336.82,99.0,1185.03,1727.49,inr,2026-09-27 09:00:00
ORD00014729,CUST001708,2026-09-21 18:00:00,PAID,COD,1276.09,949.65,49.0,647.99,1023.43,inr ,2026-09-27 09:00:00
ORD00014730,CUST003366,2026-08-07 00:00:00,DELIVERED,CARD,810.44,925.67,79.0,682.73,646.5,INR,2026-09-27 09:00:00
ORD00014731,CUST001758,2026-09-12 12:00:00,PAID,COD,388.27,629.64,49.0,147.81,-44.56,inr,2026-09-27 09:00:00
ORD00014732,CUST003835,2026-08-02 23:00:00,DELIVERED,NETBANKING,2056.53,742.88,149.0,689.02,2151.67,INR ,2026-09-27 09:00:00
ORD00014733,CUST001129,2026-09-23 11:00:00,SHIPPED,NETBANKING,1602.87,611.29,99.0,940.6,2031.18,INR,2026-09-27 09:00:00
ORD00014734,CUST001873,2026-08-22 23:00:00,PLACED,UPI,973.86,703.76,49.0,543.56,862.66,Rs,2026-09-27 09:00:00
ORD00014735,CUST004438,2026-08-20 09:00:00,DELIVERED,CARD,602.87,803.57,49.0,1494.26,1342.56,Rs,2026-09-27 09:00:00
ORD00014736,CUST003865,2026-09-17 01:00:00,PAID,CARD,1947.59,750.11,49.0,885.19,2131.67,INR,2026-09-27 09:00:00
ORD00014737,CUST003940,2026-09-24 06:00:00,SHIPPED,WALLET,735.48,376.77,49.0,1471.11,1878.82,INR ,2026-09-27 09:00:00
ORD00014738,CUST001628,2026-09-17 03:00:00,PLACED,WALLET,2289.37,837.45,149.0,1179.31,2780.23,INR,2026-09-27 09:00:00
ORD00014739,CUST001163,2026-08-16 14:00:00,SHIPPED,NETBANKING,631.11,397.72,79.0,1243.43,1555.82,INR,2026-09-27 09:00:00
ORD00014740,CUST004183,2026-08-23 20:00:00,DELIVERED,COD,2111.25,597.4,49.0,605.36,2168.21,inr,2026-09-27 09:00:00
ORD00014741,CUST000913,2026-08-09 23:00:00,SHIPPED,UPI,1456.62,76.62,79.0,495.68,1954.68,INR,2026-09-27 09:00:00
ORD00014742,CUST003584,2026-08-03 03:00:00,DELIVERED,CARD,1805.96,334.82,49.0,126.28,1646.42,Rs,2026-09-27 09:00:00
ORD00014743,CUST005224,2026-08-21 10:00:00,SHIPPED,UPI,2164.25,564.59,79.0,139.55,1818.21,inr,2026-09-27 09:00:00
ORD00014744,CUST002785,2026-09-20 09:00:00,SHIPPED,UPI,2221.22,311.4,149.0,288.74,2347.56,Rs,2026-09-27 09:00:00
ORD00014745,CUST001741,2026-08-17 07:00:00,PLACED,WALLET,436.4,132.06,149.0,1069.75,1523.09,inr,2026-09-27 09:00:00
ORD00014746,CUST005077,2026-09-06 13:00:00,DELIVERED,UPI,965.5,148.64,0.0,488.33,1305.19,inr,2026-09-27 09:00:00
ORD00014747,CUST005051,2026-08-02 02:00:00,DELIVERED,UPI,840.76,692.4,0.0,478.81,627.17,INR ,2026-09-27 09:00:00
ORD00014748,CUST001735,2026-08-22 02:00:00,DELIVERED,WALLET,837.91,803.77,79.0,952.65,1065.79,inr ,2026-09-27 09:00:00
ORD00014749,CUST001359,2026-08-26 03:00:00,DELIVERED,CARD,672.11,879.75,99.0,967.37,858.73,INR,2026-09-27 09:00:00
ORD00014750,CUST004904,2026-09-01 12:00:00,PLACED,WALLET,751.66,959.38,0.0,503.55,295.83,inr,2026-09-27 09:00:00
ORD00014751,CUST002334,2026-09-18 10:00:00,DELIVERED,NETBANKING,1003.8,158.92,99.0,1294.15,2238.03,inr ,2026-09-27 09:00:00
ORD00014752,CUST000208,2026-09-08 16:00:00,SHIPPED,WALLET,2725.99,174.09,49.0,1459.37,4060.27,INR,2026-09-27 09:00:00
ORD00014753,CUST003922,2026-09-24 09:00:00,SHIPPED,UPI,541.8,652.03,149.0,470.42,509.19,Rs,2026-09-27 09:00:00
ORD00014754,CUST003549,2026-09-18 23:00:00,DELIVERED,CARD,203.28,317.26,0.0,826.42,712.44,Rs,2026-09-27 09:00:00
ORD00014755,CUST004245,2026-09-26 17:00:00,PLACED,UPI,1365.49,289.48,79.0,512.35,1667.36,inr,2026-09-27 09:00:00
ORD00014756,CUST001098,2026-08-06 00:00:00,DELIVERED,UPI,693.68,775.75,0.0,848.53,766.46,INR ,2026-09-27 09:00:00
ORD00014757,CUST000303,2026-09-03 07:00:00,DELIVERED,WALLET,2090.31,256.14,79.0,1386.63,3299.8,INR ,2026-09-27 09:00:00
ORD00014758,CUST002180,2026-08-19 15:00:00,DELIVERED,WALLET,749.74,243.12,99.0,940.26,1545.88,inr,2026-09-27 09:00:00
ORD00014759,CUST002588,2026-08-30 16:00:00,DELIVERED,CARD,1403.19,337.74,149.0,1068.87,2283.32,inr,2026-09-27 09:00:00
ORD00014760,CUST002196,2026-09-26 07:00:00,PLACED,CARD,2894.65,482.42,0.0,1170.03,3582.26,Rs,2026-09-27 09:00:00
ORD00014761,CUST005402,2026-08-03 22:00:00,PAID,COD,1071.9,658.92,0.0,20.32,433.3,inr,2026-09-27 09:00:00
ORD00014762,CUST003531,2026-08-08 23:00:00,PAID,UPI,655.73,80.38,149.0,688.06,1412.41,INR,2026-09-27 09:00:00
ORD00014763,CUST005416,2026-09-28 17:00:00,PLACED,WALLET,1304.96,762.19,49.0,1264.2,1855.97,Rs,2026-09-27 09:00:00
ORD00014764,CUST005181,2026-08-02 00:00:00,DELIVERED,NETBANKING,694.52,800.77,79.0,667.9,640.65,Rs,2026-09-27 09:00:00
ORD00014765,CUST000044,2026-09-23 05:00:00,DELIVERED,CARD,501.71,674.44,99.0,286.89,213.16,Rs,2026-09-27 09:00:00
ORD00014766,CUST004018,2026-09-25 00:00:00,PAID,WALLET,3306.17,186.52,0.0,397.44,3517.09,Rs,2026-09-27 09:00:00
ORD00014767,CUST005468,2026-08-17 11:00:00,DELIVERED,COD,1354.47,230.22,0.0,169.98,1294.23,inr,2026-09-27 09:00:00
ORD00014768,CUST003341,2026-08-28 05:00:00,DELIVERED,COD,4200.71,159.07,0.0,53.13,4094.77,Rs,2026-09-27 09:00:00
ORD00014769,CUST002158,2026-09-09 09:00:00,SHIPPED,COD,1715.3,74.23,79.0,79.6,1799.67,inr,2026-09-27 09:00:00
ORD00014770,CUST000360,2026-09-20 01:00:00,SHIPPED,NETBANKING,520.07,274.59,0.0,1073.45,1318.93,INR,2026-09-27 09:00:00
ORD00014771,CUST002683,2026-09-05 04:00:00,SHIPPED,COD,763.9,757.02,99.0,416.86,522.74,inr,2026-09-27 09:00:00
ORD00014772,CUST003559,2026-09-01 22:00:00,PAID,UPI,3306.12,391.45,99.0,1230.87,4244.54,INR,2026-09-27 09:00:00
ORD00014773,CUST001732,2026-09-18 07:00:00,PAID,NETBANKING,602.81,835.97,49.0,1402.15,1217.99,INR,2026-09-27 09:00:00
ORD00014774,CUST001008,2026-08-30 01:00:00,DELIVERED,CARD,686.72,35.84,99.0,1089.92,1839.8,INR ,2026-09-27 09:00:00
ORD00014775,CUST002660,2026-09-28 01:00:00,PLACED,UPI,539.27,973.21,0.0,632.59,198.65,Rs,2026-09-27 09:00:00
ORD00014776,CUST002858,2026-09-01 02:00:00,DELIVERED,CARD,881.11,633.95,49.0,223.57,519.73,INR,2026-09-27 09:00:00
ORD00014777,CUST000125,2026-09-22 05:00:00,PAID,UPI,1947.2,394.85,49.0,60.45,1661.8,INR,2026-09-27 09:00:00
ORD00014778,CUST004850,2026-08-11 04:00:00,PAID,WALLET,680.05,569.67,0.0,302.67,413.05,INR ,2026-09-27 09:00:00
ORD00014779,CUST005357,2026-08-12 09:00:00,DELIVERED,WALLET,1435.12,132.48,79.0,1049.23,2430.87,Rs,2026-09-27 09:00:00
ORD00014780,CUST002945,2026-08-18 15:00:00,DELIVERED,NETBANKING,2518.2,877.07,0.0,697.53,2338.66,inr,2026-09-27 09:00:00
ORD00014781,CUST005079,2026-09-26 17:00:00,SHIPPED,CARD,608.55,418.81,0.0,638.85,828.59,inr,2026-09-27 09:00:00
ORD00014782,CUST005024,2026-09-04 06:00:00,SHIPPED,COD,1490.21,593.65,0.0,888.16,1784.72,inr,2026-09-27 09:00:00
ORD00014783,CUST002727,2026-09-03 11:00:00,PAID,CARD,419.42,563.9,49.0,380.0,284.52,INR ,2026-09-27 09:00:00
ORD00014784,CUST000866,2026-09-20 18:00:00,DELIVERED,NETBANKING,1318.26,964.32,49.0,1076.29,1479.23,INR ,2026-09-27 09:00:00
ORD00014785,CUST001009,2026-09-29 11:00:00,PAID,CARD,986.78,398.69,99.0,317.63,1004.72,INR,2026-09-27 09:00:00
ORD00014786,CUST003882,2026-08-12 07:00:00,DELIVERED,NETBANKING,580.17,925.95,0.0,939.0,593.22,inr,2026-09-27 09:00:00
ORD00014787,CUST005168,2026-09-23 12:00:00,SHIPPED,WALLET,1767.94,612.63,49.0,779.16,1983.47,INR,2026-09-27 09:00:00
ORD00014788,CUST003673,2026-08-26 16:00:00,SHIPPED,UPI,2245.22,320.87,49.0,218.21,2191.56,INR,2026-09-27 09:00:00
ORD00014789,CUST004294,2026-08-19 21:00:00,SHIPPED,CARD,580.42,12.17,79.0,364.17,1011.42,Rs,2026-09-27 09:00:00
ORD00014790,CUST004224,2026-09-23 23:00:00,SHIPPED,UPI,1436.8,398.12,0.0,288.83,1327.51,inr,2026-09-27 09:00:00
ORD00014791,CUST000529,2026-09-05 05:00:00,DELIVERED,WALLET,1195.15,248.69,99.0,818.66,1864.12,INR ,2026-09-27 09:00:00
ORD00014792,CUST002412,2026-08-12 06:00:00,PAID,NETBANKING,844.03,412.24,149.0,655.92,1236.71,inr,2026-09-27 09:00:00
ORD00014793,CUST001879,2026-08-31 05:00:00,PLACED,WALLET,1490.7,506.43,49.0,796.71,1829.98,INR,2026-09-27 09:00:00
ORD00014794,CUST001415,2026-08-30 14:00:00,DELIVERED,WALLET,1412.98,667.98,79.0,644.73,1468.73,Rs,2026-09-27 09:00:00
ORD00014795,CUST003476,2026-08-08 12:00:00,PLACED,UPI,2213.54,374.02,149.0,250.02,2238.54,Rs,2026-09-27 09:00:00
ORD00014796,CUST004098,2026-09-28 19:00:00,PAID,CARD,1082.89,894.36,149.0,1463.96,1801.49,INR ,2026-09-27 09:00:00
ORD00014797,CUST004220,2026-08-05 03:00:00,PLACED,CARD,608.86,7.58,99.0,1395.49,2095.77,INR,2026-09-27 09:00:00
ORD00014798,CUST000023,2026-08-20 17:00:00,PLACED,WALLET,1833.77,345.7,49.0,531.9,2068.97,INR ,2026-09-27 09:00:00
ORD00014799,CUST004922,2026-09-23 08:00:00,PAID,COD,1115.95,700.65,149.0,96.96,661.26,INR,2026-09-27 09:00:00
ORD00014800,CUST003046,2026-09-22 04:00:00,SHIPPED,CARD,4299.63,359.95,149.0,1058.75,5147.43,Rs,2026-09-27 09:00:00
ORD00014801,CUST002677,2026-09-14 20:00:00,DELIVERED,WALLET,654.63,673.24,49.0,1385.79,1416.18,INR ,2026-09-27 09:00:00
ORD00014802,CUST004878,2026-08-23 06:00:00,DELIVERED,COD,2461.22,648.2,79.0,131.31,2023.33,Rs,2026-09-27 09:00:00
ORD00014803,CUST003083,2026-08-01 12:00:00,DELIVERED,WALLET,1256.74,624.41,99.0,727.22,1458.55,inr,2026-09-27 09:00:00
ORD00014804,CUST002740,2026-08-21 17:00:00,DELIVERED,UPI,2863.89,519.04,149.0,558.23,3052.08,inr,2026-09-27 09:00:00
ORD00014805,CUST005131,2026-09-09 15:00:00,DELIVERED,WALLET,654.33,618.69,49.0,1058.93,1143.57,inr,2026-09-27 09:00:00
ORD00014806,CUST003460,2026-09-03 08:00:00,PAID,COD,1192.56,314.26,79.0,689.81,1647.11,Rs,2026-09-27 09:00:00
ORD00014807,CUST004564,2026-09-23 23:00:00,SHIPPED,WALLET,476.52,7.57,0.0,119.18,588.13,INR ,2026-09-27 09:00:00
ORD00014808,CUST004426,2026-08-29 14:00:00,DELIVERED,NETBANKING,995.23,955.72,0.0,1028.96,1068.47,INR,2026-09-27 09:00:00
ORD00014809,CUST003527,2026-08-17 15:00:00,DELIVERED,UPI,2310.45,290.94,99.0,1136.77,3255.28,inr,2026-09-27 09:00:00
ORD00014810,CUST001973,2026-08-19 11:00:00,DELIVERED,NETBANKING,419.63,808.15,99.0,1445.77,1156.25,inr,2026-09-27 09:00:00
ORD00014811,CUST002160,2026-08-31 01:00:00,DELIVERED,CARD,493.38,927.25,149.0,238.43,-46.44,INR,2026-09-27 09:00:00
ORD00014812,CUST000990,2026-09-10 19:00:00,DELIVERED,COD,1925.93,43.06,0.0,141.91,2024.78,inr,2026-09-27 09:00:00
ORD00014813,CUST001876,2026-09-23 23:00:00,PAID,NETBANKING,1537.6,226.87,149.0,657.84,2117.57,INR,2026-09-27 09:00:00
ORD00014814,CUST000280,2026-08-18 09:00:00,DELIVERED,UPI,869.33,703.89,149.0,49.29,363.73,INR ,2026-09-27 09:00:00
ORD00014815,CUST000018,2026-09-29 19:00:00,PAID,NETBANKING,3105.24,221.19,79.0,431.88,3394.93,Rs,2026-09-27 09:00:00
ORD00014816,CUST003367,2026-09-23 17:00:00,DELIVERED,CARD,1785.34,326.86,79.0,1024.7,2562.18,INR,2026-09-27 09:00:00
ORD00014817,CUST004342,2026-09-08 07:00:00,DELIVERED,CARD,1043.09,851.93,149.0,1214.46,1554.62,INR ,2026-09-27 09:00:00
ORD00014818,CUST001456,2026-09-14 23:00:00,PLACED,UPI,1306.67,252.81,49.0,1089.04,2191.9,INR ,2026-09-27 09:00:00
ORD00014819,CUST001215,2026-08-31 07:00:00,DELIVERED,CARD,3384.21,92.05,99.0,651.97,4043.13,INR,2026-09-27 09:00:00
ORD00014820,CUST003915,2026-08-14 16:00:00,SHIPPED,UPI,839.3,253.52,79.0,549.54,1214.32,inr,2026-09-27 09:00:00
ORD00014821,CUST000175,2026-08-20 19:00:00,DELIVERED,UPI,414.62,317.7,49.0,351.3,497.22,Rs,2026-09-27 09:00:00
ORD00014822,CUST000173,2026-09-17 00:00:00,DELIVERED,NETBANKING,1267.83,489.08,149.0,496.76,1424.51,INR,2026-09-27 09:00:00
ORD00014823,CUST002149,2026-08-14 04:00:00,SHIPPED,NETBANKING,2998.57,224.02,0.0,370.83,3145.38,INR ,2026-09-27 09:00:00
ORD00014824,CUST004508,2026-08-22 07:00:00,DELIVERED,CARD,1337.09,276.7,0.0,441.04,1501.43,INR,2026-09-27 09:00:00
ORD00014825,CUST004031,2026-09-11 05:00:00,DELIVERED,WALLET,1632.38,282.14,0.0,715.06,2065.3,INR,2026-09-27 09:00:00
ORD00014826,CUST000354,2026-08-29 20:00:00,PLACED,NETBANKING,831.92,943.31,0.0,796.42,685.03,INR ,2026-09-27 09:00:00
ORD00014827,CUST003826,2026-09-19 22:00:00,PAID,WALLET,1258.44,490.41,49.0,511.88,1328.91,INR,2026-09-27 09:00:00
ORD00014828,CUST001139,2026-08-17 01:00:00,DELIVERED,NETBANKING,696.5,499.53,99.0,948.33,1244.3,inr,2026-09-27 09:00:00
ORD00014829,CUST003303,2026-08-27 07:00:00,DELIVERED,COD,2840.9,594.96,0.0,1339.56,3585.5,Rs,2026-09-27 09:00:00
ORD00014830,CUST003949,2026-08-11 03:00:00,DELIVERED,WALLET,255.68,791.63,49.0,812.11,325.16,INR ,2026-09-27 09:00:00
ORD00014831,CUST001831,2026-09-03 07:00:00,SHIPPED,UPI,1698.4,917.05,49.0,1380.85,2211.2,Rs,2026-09-27 09:00:00
ORD00014832,CUST001550,2026-09-17 20:00:00,PAID,NETBANKING,629.31,428.29,149.0,22.72,372.74,inr,2026-09-27 09:00:00
ORD00014833,CUST002440,2026-09-27 06:00:00,DELIVERED,COD,1966.18,718.19,0.0,1475.18,2723.17,INR,2026-09-27 09:00:00
ORD00014834,CUST004480,2026-08-29 15:00:00,DELIVERED,CARD,778.57,856.93,0.0,252.91,174.55,INR ,2026-09-27 09:00:00
ORD00014835,CUST002988,2026-08-10 12:00:00,DELIVERED,COD,1405.29,254.7,79.0,531.65,1761.24,Rs,2026-09-27 09:00:00
ORD00014836,CUST001512,2026-08-05 22:00:00,SHIPPED,UPI,3006.36,153.37,149.0,1132.98,4134.97,INR,2026-09-27 09:00:00
ORD00014837,CUST003848,2026-08-31 08:00:00,PLACED,WALLET,1153.08,396.3,0.0,1155.71,1912.49,Rs,2026-09-27 09:00:00
ORD00014838,CUST005097,2026-09-17 01:00:00,PLACED,UPI,885.9,459.3,149.0,1187.32,1762.92,Rs,2026-09-27 09:00:00
ORD00014839,CUST005362,2026-08-10 20:00:00,DELIVERED,COD,1228.83,708.89,149.0,71.71,740.65,Rs,2026-09-27 09:00:00
ORD00014840,CUST004451,2026-08-27 18:00:00,SHIPPED,WALLET,3847.82,911.09,149.0,184.53,3270.26,INR ,2026-09-27 09:00:00
ORD00014841,CUST003908,2026-08-30 08:00:00,DELIVERED,CARD,2297.57,497.83,0.0,358.14,2157.88,Rs,2026-09-27 09:00:00
ORD00014842,CUST004926,2026-09-09 05:00:00,SHIPPED,COD,755.63,680.87,49.0,91.89,215.65,INR,2026-09-27 09:00:00
ORD00014843,CUST005013,2026-09-17 12:00:00,PAID,COD,769.85,131.12,79.0,216.55,934.28,inr,2026-09-27 09:00:00
ORD00014844,CUST005420,2026-08-18 07:00:00,DELIVERED,NETBANKING,575.05,308.8,79.0,996.29,1341.54,inr,2026-09-27 09:00:00
ORD00014845,CUST000588,2026-09-26 11:00:00,DELIVERED,NETBANKING,888.37,887.8,99.0,361.17,460.74,INR ,2026-09-27 09:00:00
ORD00014846,CUST004867,2026-09-04 08:00:00,DELIVERED,CARD,655.57,234.02,99.0,1222.08,1742.63,INR ,2026-09-27 09:00:00
ORD00014847,CUST001347,2026-09-22 01:00:00,SHIPPED,CARD,2732.99,511.78,0.0,696.71,2917.92,INR,2026-09-27 09:00:00
ORD00014848,CUST005220,2026-09-22 17:00:00,SHIPPED,COD,604.34,238.89,49.0,661.01,1075.46,Rs,2026-09-27 09:00:00
ORD00014849,CUST002390,2026-09-12 08:00:00,PAID,UPI,1380.87,678.16,149.0,1214.49,2066.2,inr,2026-09-27 09:00:00
ORD00014850,CUST005083,2026-08-05 21:00:00,PAID,NETBANKING,808.92,464.73,79.0,1295.82,1719.01,INR,2026-09-27 09:00:00
ORD00014851,CUST004813,2026-09-15 17:00:00,DELIVERED,COD,851.05,337.63,49.0,605.12,1167.54,INR,2026-09-27 09:00:00
ORD00014852,CUST001179,2026-08-09 16:00:00,DELIVERED,WALLET,1486.65,852.42,0.0,659.99,1294.22,inr,2026-09-27 09:00:00
ORD00014853,CUST002986,2026-09-12 01:00:00,SHIPPED,NETBANKING,1477.15,746.02,99.0,888.72,1718.85,INR ,2026-09-27 09:00:00
ORD00014854,CUST004835,2026-09-23 12:00:00,PAID,NETBANKING,1966.74,352.76,49.0,966.01,2628.99,inr,2026-09-27 09:00:00
ORD00014855,CUST002033,2026-09-27 21:00:00,PLACED,CARD,3234.2,222.58,79.0,477.87,3568.49,INR,2026-09-27 09:00:00
ORD00014856,CUST004091,2026-08-17 12:00:00,DELIVERED,UPI,643.06,942.5,149.0,814.43,663.99,INR ,2026-09-27 09:00:00
ORD00014857,CUST001601,2026-09-27 23:00:00,DELIVERED,WALLET,3422.78,974.89,149.0,697.96,3294.85,INR,2026-09-27 09:00:00
ORD00014858,CUST003709,2026-09-10 12:00:00,DELIVERED,COD,737.62,564.35,79.0,1184.0,1436.27,Rs,2026-09-27 09:00:00
ORD00014859,CUST004508,2026-09-07 03:00:00,PAID,NETBANKING,1631.0,461.65,99.0,930.49,2198.84,Rs,2026-09-27 09:00:00
ORD00014860,CUST004779,2026-09-18 23:00:00,DELIVERED,COD,5778.41,419.24,149.0,1253.01,6761.18,Rs,2026-09-27 09:00:00
ORD00014861,CUST005206,2026-09-09 10:00:00,DELIVERED,WALLET,1167.67,934.65,149.0,976.66,1358.68,Rs,2026-09-27 09:00:00
ORD00014862,CUST001481,2026-09-04 09:00:00,PAID,CARD,908.93,410.05,79.0,1281.62,1859.5,inr,2026-09-27 09:00:00
ORD00014863,CUST005221,2026-08-18 16:00:00,DELIVERED,CARD,772.22,608.6,79.0,439.43,682.05,Rs,2026-09-27 09:00:00
ORD00014864,CUST002902,2026-09-20 09:00:00,DELIVERED,NETBANKING,1043.44,173.77,79.0,1064.85,2013.52,inr,2026-09-27 09:00:00
ORD00014865,CUST000521,2026-09-15 23:00:00,PAID,UPI,1975.12,336.32,0.0,96.4,1735.2,inr,2026-09-27 09:00:00
ORD00014866,CUST003634,2026-09-27 17:00:00,DELIVERED,NETBANKING,579.3,48.96,149.0,390.58,1069.92,INR ,2026-09-27 09:00:00
ORD00014867,CUST004351,2026-08-30 18:00:00,DELIVERED,NETBANKING,886.24,690.0,99.0,914.54,1209.78,inr,2026-09-27 09:00:00
ORD00014868,CUST001583,2026-09-15 02:00:00,PAID,COD,1527.77,514.06,99.0,246.28,1358.99,INR ,2026-09-27 09:00:00
ORD00014869,CUST004021,2026-08-03 10:00:00,SHIPPED,UPI,1013.56,81.96,79.0,1071.84,2082.44,INR ,2026-09-27 09:00:00
ORD00014870,CUST002109,2026-09-23 22:00:00,DELIVERED,UPI,1473.58,386.92,99.0,952.01,2137.67,Rs,2026-09-27 09:00:00
ORD00014871,CUST004922,2026-08-30 16:00:00,DELIVERED,NETBANKING,869.59,495.3,99.0,895.76,1369.05,inr,2026-09-27 09:00:00
ORD00014872,CUST004949,2026-09-15 20:00:00,DELIVERED,COD,850.73,670.78,0.0,1244.54,1424.49,INR ,2026-09-27 09:00:00
ORD00014873,CUST002167,2026-08-09 05:00:00,DELIVERED,WALLET,705.66,566.86,0.0,733.86,872.66,INR ,2026-09-27 09:00:00
ORD00014874,CUST002217,2026-08-18 20:00:00,DELIVERED,CARD,1164.7,108.86,79.0,119.83,1254.67,inr,2026-09-27 09:00:00
ORD00014875,CUST001592,2026-09-03 03:00:00,SHIPPED,UPI,1136.86,358.52,149.0,702.76,1630.1,INR,2026-09-27 09:00:00
ORD00014876,CUST002260,2026-09-10 10:00:00,PLACED,CARD,1385.8,454.92,99.0,1136.78,2166.66,INR,2026-09-27 09:00:00
ORD00014877,CUST001872,2026-09-09 07:00:00,PAID,UPI,1070.0,699.44,99.0,1238.52,1708.08,Rs,2026-09-27 09:00:00
ORD00014878,CUST004202,2026-09-03 19:00:00,PAID,COD,388.44,508.06,149.0,1183.11,1212.49,inr,2026-09-27 09:00:00
ORD00014879,CUST004562,2026-09-13 21:00:00,SHIPPED,UPI,1531.65,122.57,0.0,169.29,1578.37,Rs,2026-09-27 09:00:00
ORD00014880,CUST005489,2026-08-05 23:00:00,DELIVERED,NETBANKING,2437.3,329.35,79.0,1420.18,3607.13,Rs,2026-09-27 09:00:00
ORD00014881,CUST001771,2026-09-02 05:00:00,PAID,CARD,2330.91,752.82,0.0,821.04,2399.13,INR,2026-09-27 09:00:00
ORD00014882,CUST005204,2026-08-20 12:00:00,SHIPPED,UPI,735.78,270.2,79.0,1245.44,1790.02,inr,2026-09-27 09:00:00
ORD00014883,CUST003136,2026-09-21 13:00:00,DELIVERED,WALLET,1083.89,599.05,0.0,961.08,1445.92,inr,2026-09-27 09:00:00
ORD00014884,CUST003423,2026-08-28 13:00:00,PLACED,NETBANKING,3143.91,288.45,49.0,685.04,3589.5,inr,2026-09-27 09:00:00
ORD00014885,CUST004043,2026-08-06 18:00:00,SHIPPED,NETBANKING,1115.51,325.51,0.0,855.21,1645.21,Rs,2026-09-27 09:00:00
ORD00014886,CUST002985,2026-08-06 20:00:00,DELIVERED,COD,1297.28,484.09,99.0,975.64,1887.83,INR,2026-09-27 09:00:00
ORD00014887,CUST003232,2026-08-20 05:00:00,PLACED,COD,3405.55,828.65,0.0,828.25,3405.15,INR,2026-09-27 09:00:00
ORD00014888,CUST004808,2026-09-18 14:00:00,PAID,UPI,2178.99,471.48,99.0,1277.97,3084.48,INR,2026-09-27 09:00:00
ORD00014889,CUST002558,2026-09-02 11:00:00,PAID,COD,530.85,569.39,0.0,309.91,271.37,INR,2026-09-27 09:00:00
ORD00014890,CUST000210,2026-09-14 08:00:00,PLACED,NETBANKING,1121.39,185.29,79.0,144.21,1159.31,Rs,2026-09-27 09:00:00
ORD00014891,CUST005217,2026-08-27 21:00:00,DELIVERED,NETBANKING,1070.88,494.63,79.0,966.53,1621.78,INR ,2026-09-27 09:00:00
ORD00014892,CUST000794,2026-09-19 07:00:00,DELIVERED,UPI,3186.25,157.14,79.0,116.86,3224.97,INR ,2026-09-27 09:00:00
ORD00014893,CUST005415,2026-08-31 16:00:00,DELIVERED,CARD,917.28,699.04,149.0,815.98,1183.22,INR,2026-09-27 09:00:00
ORD00014894,CUST004081,2026-09-20 15:00:00,DELIVERED,CARD,1025.89,43.45,99.0,824.08,1905.52,INR ,2026-09-27 09:00:00
ORD00014895,CUST002816,2026-08-09 05:00:00,DELIVERED,COD,1250.75,826.86,0.0,102.35,526.24,INR,2026-09-27 09:00:00
ORD00014896,CUST001959,2026-08-28 23:00:00,DELIVERED,CARD,1245.97,915.91,149.0,521.4,1000.46,INR ,2026-09-27 09:00:00
ORD00014897,CUST005041,2026-08-23 07:00:00,PAID,WALLET,1274.26,662.8,0.0,696.38,1307.84,INR,2026-09-27 09:00:00
ORD00014898,CUST001523,2026-08-22 11:00:00,PAID,WALLET,1943.73,471.11,49.0,118.23,1639.85,inr,2026-09-27 09:00:00
ORD00014899,CUST002406,2026-08-04 18:00:00,DELIVERED,NETBANKING,2050.65,280.55,99.0,725.98,2595.08,inr,2026-09-27 09:00:00
ORD00014900,CUST001954,2026-08-09 17:00:00,PLACED,NETBANKING,1108.24,946.34,99.0,89.38,350.28,INR,2026-09-27 09:00:00
ORD00014901,CUST004222,2026-09-24 12:00:00,DELIVERED,WALLET,900.44,474.02,149.0,439.87,1015.29,INR,2026-09-27 09:00:00
ORD00014902,CUST000503,2026-08-23 11:00:00,PAID,UPI,1194.96,446.56,49.0,1176.86,1974.26,INR ,2026-09-27 09:00:00
ORD00014903,CUST003778,2026-09-11 01:00:00,PAID,UPI,872.84,401.27,49.0,915.78,1436.35,INR,2026-09-27 09:00:00
ORD00014904,CUST003780,2026-08-11 21:00:00,DELIVERED,CARD,895.79,114.09,0.0,781.57,1563.27,inr,2026-09-27 09:00:00
ORD00014905,CUST002319,2026-08-23 00:00:00,DELIVERED,UPI,946.64,42.08,79.0,979.42,1962.98,INR ,2026-09-27 09:00:00
ORD00014906,CUST004156,2026-08-30 01:00:00,SHIPPED,UPI,1255.96,95.8,49.0,1271.61,2480.77,inr,2026-09-27 09:00:00
ORD00014907,CUST003975,2026-08-12 00:00:00,SHIPPED,CARD,1685.94,352.69,49.0,811.19,2193.44,inr ,2026-09-27 09:00:00
ORD00014908,CUST003749,2026-08-30 17:00:00,PLACED,COD,1703.59,412.21,79.0,680.4,2050.78,INR,2026-09-27 09:00:00
ORD00014909,CUST000558,2026-08-25 20:00:00,DELIVERED,COD,617.48,995.12,79.0,501.95,203.31,INR ,2026-09-27 09:00:00
ORD00014910,CUST001648,2026-08-23 05:00:00,PAID,NETBANKING,5505.72,337.98,0.0,971.89,6139.63,Rs,2026-09-27 09:00:00
ORD00014911,CUST000119,2026-09-24 15:00:00,SHIPPED,UPI,695.7,950.6,79.0,352.58,176.68,INR,2026-09-27 09:00:00
ORD00014912,CUST004589,2026-08-18 05:00:00,PLACED,COD,881.08,424.84,49.0,255.82,761.06,Rs,2026-09-27 09:00:00
ORD00014913,CUST004711,2026-08-19 03:00:00,DELIVERED,WALLET,646.85,603.37,79.0,185.0,307.48,INR ,2026-09-27 09:00:00
ORD00014914,CUST003458,2026-08-06 08:00:00,PLACED,UPI,1536.17,765.79,79.0,208.83,1058.21,INR ,2026-09-27 09:00:00
ORD00014915,CUST005300,2026-08-27 10:00:00,PAID,UPI,748.34,493.25,79.0,506.49,840.58,INR,2026-09-27 09:00:00
ORD00014916,CUST002342,2026-08-17 14:00:00,SHIPPED,UPI,976.12,87.54,49.0,1190.18,2127.76,Rs,2026-09-27 09:00:00
ORD00014917,CUST000360,2026-09-20 17:00:00,PAID,WALLET,334.61,740.87,99.0,1486.79,1179.53,inr,2026-09-27 09:00:00
ORD00014918,CUST002626,2026-09-07 19:00:00,DELIVERED,WALLET,2786.4,117.13,149.0,607.92,3426.19,INR ,2026-09-27 09:00:00
ORD00014919,CUST003254,2026-09-19 03:00:00,SHIPPED,COD,859.35,789.14,49.0,304.53,423.74,INR ,2026-09-27 09:00:00
ORD00014920,CUST000191,2026-09-15 03:00:00,SHIPPED,COD,1685.01,595.22,149.0,871.86,2110.65,inr,2026-09-27 09:00:00
ORD00014921,CUST003443,2026-08-22 04:00:00,DELIVERED,COD,3527.67,372.63,99.0,288.73,3542.77,Rs,2026-09-27 09:00:00
ORD00014922,CUST004473,2026-08-08 09:00:00,DELIVERED,COD,2476.97,324.74,79.0,518.11,2749.34,Rs,2026-09-27 09:00:00
ORD00014923,CUST000757,2026-09-17 14:00:00,DELIVERED,WALLET,888.34,893.15,49.0,213.24,257.43,inr,2026-09-27 09:00:00
ORD00014924,CUST003777,2026-09-26 12:00:00,DELIVERED,WALLET,4156.43,909.26,99.0,470.7,3816.87,Rs,2026-09-27 09:00:00
ORD00014925,CUST003740,2026-09-28 03:00:00,DELIVERED,NETBANKING,1151.0,538.73,0.0,1193.85,1806.12,INR,2026-09-27 09:00:00
ORD00014926,CUST004597,2026-09-25 11:00:00,PLACED,WALLET,660.87,669.3,79.0,350.99,421.56,INR ,2026-09-27 09:00:00
ORD00014927,CUST004057,2026-08-01 13:00:00,SHIPPED,NETBANKING,2045.43,526.37,99.0,1239.97,2858.03,INR,2026-09-27 09:00:00
ORD00014928,CUST001511,2026-09-10 04:00:00,DELIVERED,COD,513.77,19.85,99.0,1176.02,1768.94,INR,2026-09-27 09:00:00
ORD00014929,CUST002823,2026-09-19 07:00:00,PAID,CARD,573.52,630.32,99.0,640.08,682.28,INR ,2026-09-27 09:00:00
ORD00014930,CUST002759,2026-08-21 12:00:00,SHIPPED,COD,1250.02,987.43,0.0,377.57,640.16,inr,2026-09-27 09:00:00
ORD00014931,CUST004862,2026-08-20 11:00:00,DELIVERED,COD,1049.06,74.66,79.0,1082.34,2135.74,INR ,2026-09-27 09:00:00
ORD00014932,CUST000132,2026-08-14 07:00:00,DELIVERED,CARD,468.27,277.24,149.0,206.1,546.13,Rs,2026-09-27 09:00:00
ORD00014933,CUST002683,2026-09-02 14:00:00,SHIPPED,CARD,2505.79,871.88,79.0,128.84,1841.75,inr,2026-09-27 09:00:00
ORD00014934,CUST001717,2026-08-12 19:00:00,PAID,COD,1209.99,590.95,99.0,629.38,1347.42,inr,2026-09-27 09:00:00
ORD00014935,CUST003183,2026-09-19 08:00:00,DELIVERED,WALLET,797.92,297.81,149.0,158.8,807.91,INR,2026-09-27 09:00:00
ORD00014936,CUST003192,2026-08-10 05:00:00,DELIVERED,NETBANKING,552.35,430.24,49.0,20.07,191.18,Rs,2026-09-27 09:00:00
ORD00014937,CUST001367,2026-08-18 08:00:00,SHIPPED,CARD,2118.28,520.42,79.0,1001.19,2678.05,inr,2026-09-27 09:00:00
ORD00014938,CUST004279,2026-08-12 22:00:00,SHIPPED,CARD,549.32,615.84,99.0,665.72,698.2,INR ,2026-09-27 09:00:00
ORD00014939,CUST002971,2026-08-13 19:00:00,SHIPPED,WALLET,444.97,49.43,49.0,841.92,1286.46,INR,2026-09-27 09:00:00
ORD00014940,CUST000619,2026-08-25 03:00:00,PAID,NETBANKING,254.99,357.57,99.0,181.52,177.94,INR ,2026-09-27 09:00:00
ORD00014941,CUST001244,2026-09-23 04:00:00,PAID,COD,2543.49,466.76,99.0,1013.66,3189.39,Rs,2026-09-27 09:00:00
ORD00014942,CUST001829,2026-09-11 12:00:00,SHIPPED,CARD,1621.97,732.08,149.0,437.72,1476.61,INR,2026-09-27 09:00:00
ORD00014943,CUST004774,2026-09-21 23:00:00,PAID,WALLET,4729.67,845.36,99.0,265.95,4249.26,INR,2026-09-27 09:00:00
ORD00014944,CUST000100,2026-08-20 11:00:00,DELIVERED,CARD,1486.16,260.47,79.0,1457.75,2762.44,Rs,2026-09-27 09:00:00
ORD00014945,CUST004681,2026-08-28 04:00:00,DELIVERED,COD,2785.11,649.97,79.0,1307.11,3521.25,Rs,2026-09-27 09:00:00
ORD00014946,CUST005288,2026-08-22 16:00:00,SHIPPED,COD,1847.56,590.32,79.0,276.81,1613.05,INR,2026-09-27 09:00:00
ORD00014947,CUST001198,2026-08-04 18:00:00,DELIVERED,WALLET,1751.18,911.53,99.0,348.34,1286.99,Rs,2026-09-27 09:00:00
ORD00014948,CUST004966,2026-09-29 11:00:00,SHIPPED,NETBANKING,734.14,32.12,149.0,119.66,970.68,INR ,2026-09-27 09:00:00
ORD00014949,CUST003306,2026-09-03 00:00:00,DELIVERED,CARD,927.13,16.05,149.0,1485.66,2545.74,INR ,2026-09-27 09:00:00
ORD00014950,CUST003562,2026-09-03 22:00:00,PAID,WALLET,4154.37,708.21,0.0,1053.35,4499.51,Rs,2026-09-27 09:00:00
ORD00014951,CUST000937,2026-09-03 13:00:00,PAID,COD,1447.36,472.78,0.0,813.14,1787.72,INR ,2026-09-27 09:00:00
ORD00014952,CUST000086,2026-09-28 12:00:00,PLACED,COD,1674.24,119.27,0.0,695.91,2250.88,inr,2026-09-27 09:00:00
ORD00014953,CUST003983,2026-08-23 01:00:00,DELIVERED,UPI,913.03,669.73,99.0,1261.74,1604.04,inr,2026-09-27 09:00:00
ORD00014954,CUST004239,2026-09-24 01:00:00,SHIPPED,WALLET,847.83,228.99,79.0,121.84,819.68,inr,2026-09-27 09:00:00
ORD00014955,CUST000385,2026-09-03 08:00:00,DELIVERED,NETBANKING,1028.1,874.64,99.0,1227.41,1479.87,inr,2026-09-27 09:00:00
ORD00014956,CUST002194,2026-08-16 02:00:00,DELIVERED,WALLET,1672.32,217.79,0.0,685.73,2140.26,INR ,2026-09-27 09:00:00
ORD00014957,CUST002788,2026-09-08 10:00:00,DELIVERED,COD,1663.91,248.5,99.0,797.89,2312.3,INR,2026-09-27 09:00:00
ORD00014958,CUST002783,2026-08-12 10:00:00,DELIVERED,WALLET,365.52,893.32,149.0,151.51,-227.29,Rs,2026-09-27 09:00:00
ORD00014959,CUST004480,2026-08-29 15:00:00,SHIPPED,UPI,1316.97,416.45,99.0,1169.41,2168.93,INR,2026-09-27 09:00:00
ORD00014960,CUST002841,2026-08-11 09:00:00,DELIVERED,COD,451.7,638.25,49.0,468.63,331.08,Rs,2026-09-27 09:00:00
ORD00014961,CUST001453,2026-08-27 21:00:00,SHIPPED,NETBANKING,1320.72,155.78,49.0,908.25,2122.19,Rs,2026-09-27 09:00:00
ORD00014962,CUST001626,2026-08-17 04:00:00,SHIPPED,NETBANKING,2443.47,7.05,99.0,589.75,3125.17,INR ,2026-09-27 09:00:00
ORD00014963,CUST000932,2026-09-25 10:00:00,PAID,NETBANKING,1346.19,214.21,99.0,1384.75,2615.73,INR ,2026-09-27 09:00:00
ORD00014964,CUST003725,2026-08-26 13:00:00,DELIVERED,NETBANKING,520.62,39.13,149.0,185.07,815.56,INR,2026-09-27 09:00:00
ORD00014965,CUST000268,2026-08-31 14:00:00,DELIVERED,COD,635.16,604.68,149.0,860.13,1039.61,inr,2026-09-27 09:00:00
ORD00014966,CUST004282,2026-08-20 20:00:00,DELIVERED,COD,803.33,189.48,49.0,414.18,1077.03,INR,2026-09-27 09:00:00
ORD00014967,CUST000372,2026-08-06 10:00:00,DELIVERED,NETBANKING,3602.56,314.45,99.0,1224.65,4611.76,inr,2026-09-27 09:00:00
ORD00014968,CUST005138,2026-08-12 01:00:00,SHIPPED,NETBANKING,1346.46,711.81,149.0,926.83,1710.48,inr,2026-09-27 09:00:00
ORD00014969,CUST001748,2026-09-07 05:00:00,DELIVERED,NETBANKING,769.29,387.88,0.0,481.4,862.81,Rs,2026-09-27 09:00:00
ORD00014970,CUST001798,2026-08-06 16:00:00,PAID,COD,2703.48,396.57,49.0,1407.68,3763.59,INR,2026-09-27 09:00:00
ORD00014971,CUST004567,2026-09-13 20:00:00,DELIVERED,NETBANKING,1349.62,390.91,79.0,1101.39,2139.1,INR ,2026-09-27 09:00:00
ORD00014972,CUST004141,2026-08-25 21:00:00,DELIVERED,UPI,1432.56,53.75,149.0,1053.82,2581.63,INR,2026-09-27 09:00:00
ORD00014973,CUST001346,2026-09-12 02:00:00,SHIPPED,NETBANKING,657.33,607.78,49.0,390.07,488.62,INR ,2026-09-27 09:00:00
ORD00014974,CUST001680,2026-08-10 05:00:00,DELIVERED,WALLET,807.95,913.13,79.0,401.45,375.27,inr,2026-09-27 09:00:00
ORD00014975,CUST001757,2026-09-29 15:00:00,PLACED,WALLET,1401.84,850.78,0.0,1499.86,2050.92,Rs,2026-09-27 09:00:00
ORD00014976,CUST003361,2026-08-19 15:00:00,PLACED,UPI,3145.83,284.99,149.0,736.78,3746.62,INR,2026-09-27 09:00:00
ORD00014977,CUST001723,2026-08-31 18:00:00,DELIVERED,UPI,3350.21,462.92,99.0,1353.76,4340.05,Rs,2026-09-27 09:00:00
ORD00014978,CUST002121,2026-09-21 09:00:00,PAID,NETBANKING,543.88,442.5,99.0,283.51,483.89,INR ,2026-09-27 09:00:00
ORD00014979,CUST001956,2026-09-26 07:00:00,DELIVERED,COD,2147.74,947.92,149.0,289.63,1638.45,INR,2026-09-27 09:00:00
ORD00014980,CUST004245,2026-08-16 18:00:00,PAID,WALLET,714.62,630.77,0.0,1408.91,1492.76,INR ,2026-09-27 09:00:00
ORD00014981,CUST001051,2026-09-26 00:00:00,DELIVERED,UPI,1380.03,15.79,49.0,102.5,1515.74,INR ,2026-09-27 09:00:00
ORD00014982,CUST005424,2026-08-16 11:00:00,DELIVERED,CARD,1091.08,316.55,149.0,299.41,1222.94,inr,2026-09-27 09:00:00
ORD00014983,CUST002978,2026-08-21 06:00:00,PLACED,WALLET,800.54,597.92,99.0,1148.9,1450.52,Rs,2026-09-27 09:00:00
ORD00014984,CUST003327,2026-08-07 19:00:00,PLACED,NETBANKING,905.57,34.5,99.0,724.13,1694.2,inr,2026-09-27 09:00:00
ORD00014985,CUST004510,2026-09-11 09:00:00,DELIVERED,UPI,2492.03,586.21,49.0,104.9,2059.72,Rs,2026-09-27 09:00:00
ORD00014986,CUST001292,2026-09-03 06:00:00,SHIPPED,CARD,706.99,320.97,0.0,573.09,959.11,inr,2026-09-27 09:00:00
ORD00014987,CUST001140,2026-08-23 00:00:00,SHIPPED,WALLET,577.58,632.81,0.0,791.92,736.69,INR,2026-09-27 09:00:00
ORD00014988,CUST000668,2026-09-05 08:00:00,DELIVERED,CARD,3471.19,40.22,79.0,453.9,3963.87,INR ,2026-09-27 09:00:00
ORD00014989,CUST003399,2026-08-17 15:00:00,DELIVERED,NETBANKING,4082.86,874.68,99.0,1161.83,4469.01,INR,2026-09-27 09:00:00
ORD00014990,CUST000467,2026-09-10 05:00:00,SHIPPED,CARD,1727.04,25.12,0.0,595.18,2297.1,Rs,2026-09-27 09:00:00
ORD00014991,CUST001624,2026-08-21 01:00:00,DELIVERED,UPI,1113.34,390.35,149.0,1386.32,2258.31,inr,2026-09-27 09:00:00
ORD00014992,CUST001737,2026-09-28 04:00:00,PAID,WALLET,340.48,1.88,99.0,241.11,678.71,inr,2026-09-27 09:00:00
ORD00014993,CUST004911,2026-09-08 09:00:00,DELIVERED,UPI,1132.86,378.6,0.0,410.77,1165.03,INR,2026-09-27 09:00:00
ORD00014994,CUST001245,2026-09-22 13:00:00,DELIVERED,CARD,1071.42,904.23,99.0,1410.43,1676.62,Rs,2026-09-27 09:00:00
ORD00014995,CUST002485,2026-09-21 21:00:00,PAID,WALLET,2383.51,753.73,79.0,882.5,2591.28,inr ,2026-09-27 09:00:00
ORD00014996,CUST002354,2026-08-19 20:00:00,PAID,CARD,497.09,948.03,149.0,650.6,348.66,inr,2026-09-27 09:00:00
ORD00014997,CUST003998,2026-08-18 19:00:00,SHIPPED,NETBANKING,1016.62,758.43,0.0,531.82,790.01,INR,2026-09-27 09:00:00
ORD00014998,CUST002569,2026-09-28 09:00:00,PAID,CARD,2038.95,90.84,79.0,1148.81,3175.92,INR ,2026-09-27 09:00:00
ORD00014999,CUST000415,2026-09-11 03:00:00,DELIVERED,NETBANKING,1537.68,830.13,149.0,274.96,1131.51,INR,2026-09-27 09:00:00
ORD00015000,CUST002440,2026-08-29 04:00:00,PLACED,COD,3864.53,285.34,149.0,135.13,3863.32,INR ,2026-09-27 09:00:00
