payment_id,order_id,payment_date,payment_gateway,payment_status,amount,transaction_fee,currency,updated_at
PAY000007005,ORD00011619,2026-03-03 14:00:00,PayU,SUCCESS,1733.96,21.23,INR,2026-09-28 08:00:00
PAY000010748,ORD00003884,2026-08-07 23:00:00,Cashfree,SUCCESS,1200.1,33.28,INR,2026-09-28 08:00:00
PAY000012803,ORD00001159,2026-06-04 09:00:00,PayU,SUCCESS,402.2,34.46,INR,2026-09-28 08:00:00
PAY000001058,ORD00007594,2026-06-04 23:00:00,PayU,PENDING,1135.35,2.46,INR,2026-09-28 08:00:00
PAY000009193,ORD00008438,2026-04-14 06:00:00,Cashfree,SUCCESS,492.14,17.5,inr,2026-09-28 08:00:00
PAY000000084,ORD00011370,2026-03-31 16:00:00,PayU,SUCCESS,1356.11,17.73,inr,2026-09-28 08:00:00
PAY000009953,ORD00003943,2026-07-29 07:00:00,PayU,SUCCESS,527.72,32.02,INR,2026-09-28 08:00:00
PAY000011757,ORD00006062,2026-07-16 13:00:00,Razorpay,FAILED,512.75,14.7,INR,2026-09-28 08:00:00
PAY000001962,ORD00001851,2026-07-06 05:00:00,Razorpay,SUCCESS,532.14,13.41,INR,2026-09-28 08:00:00
PAY000008581,ORD00003520,2026-02-22 00:00:00,PayU,SUCCESS,1553.65,24.18,INR,2026-09-28 08:00:00
PAY000000948,ORD00000736,2026-08-22 22:00:00,PayU,SUCCESS,1289.14,14.64,INR,2026-09-28 08:00:00
PAY000003382,ORD00008962,2026-02-27 10:00:00,Stripe,FAILED,442.36,19.1,INR,2026-09-28 08:00:00
PAY000010823,ORD00008913,2026-04-06 16:00:00,Razorpay,PENDING,1583.2,3.99,INR,2026-09-28 08:00:00
PAY000007976,ORD00001361,2026-05-24 23:00:00,Stripe,SUCCESS,527.16,8.09,INR,2026-09-28 08:00:00
PAY000008331,ORD00010998,2026-04-22 16:00:00,Stripe,SUCCESS,381.98,29.62,Rs,2026-09-28 08:00:00
PAY000007097,ORD00011525,2026-01-10 15:00:00,Razorpay,PENDING,1215.88,29.34,INR,2026-09-28 08:00:00
PAY000005340,ORD00009607,2026-05-14 08:00:00,razorpay ,SUCCESS,2832.6,2.61,INR,2026-09-28 08:00:00
PAY000001319,ORD00007218,2026-08-28 00:00:00,Stripe,SUCCESS,618.74,23.66,INR,2026-09-28 08:00:00
PAY000006517,ORD00005243,2026-02-03 07:00:00,Cashfree,SUCCESS,1440.91,5.61,inr,2026-09-28 08:00:00
PAY000005097,ORD00002046,2026-02-24 16:00:00,razorpay ,SUCCESS,730.14,2.66,INR,2026-09-28 08:00:00
PAY000007537,ORD00002733,2026-05-29 20:00:00,PayU,SUCCESS,551.8,2.11,INR,2026-09-28 08:00:00
PAY000001527,ORD00008462,2026-02-07 10:00:00,razorpay ,FAILED,3177.62,4.36,INR,2026-09-28 08:00:00
PAY000007188,ORD00010753,2026-02-04 19:00:00,Cashfree,SUCCESS,1249.69,28.11,INR,2026-09-28 08:00:00
PAY000000035,ORD00011207,2026-08-12 15:00:00,Stripe,FAILED,3515.49,9.95,Rs,2026-09-28 08:00:00
PAY000013471,ORD00007534,2026-07-02 02:00:00,Razorpay,SUCCESS,584.88,29.32,INR,2026-09-28 08:00:00
PAY000009671,ORD00000476,2026-06-29 22:00:00,razorpay ,REFUNDED,1861.07,6.18,INR,2026-09-28 08:00:00
PAY000000332,ORD00006604,2026-03-07 08:00:00,Cashfree,REFUNDED,1088.81,34.7,INR,2026-09-28 08:00:00
PAY000009611,ORD00001215,2026-04-09 21:00:00,razorpay ,FAILED,298.71,14.74,INR,2026-09-28 08:00:00
PAY000002937,ORD00010844,2026-03-06 06:00:00,Cashfree,SUCCESS,804.11,23.07,Rs,2026-09-28 08:00:00
PAY000013076,ORD00003469,2026-08-06 20:00:00,Stripe,SUCCESS,1661.41,28.06,INR,2026-09-28 08:00:00
PAY000002933,ORD00003308,2026-02-12 04:00:00,razorpay ,SUCCESS,898.92,4.84,INR,2026-09-28 08:00:00
PAY000010879,ORD00003388,2026-08-28 05:00:00,razorpay ,SUCCESS,1066.38,20.58,INR,2026-09-28 08:00:00
PAY000004983,ORD00003917,2026-08-18 19:00:00,Stripe,PENDING,938.52,17.27,inr,2026-09-28 08:00:00
PAY000007437,ORD00010463,2026-04-28 06:00:00,Cashfree,REFUNDED,1964.33,19.34,INR,2026-09-28 08:00:00
PAY000002335,ORD00010574,2026-07-21 19:00:00,razorpay ,SUCCESS,1689.24,22.27,INR,2026-09-28 08:00:00
PAY000000261,ORD00010321,2026-08-28 17:00:00,Stripe,SUCCESS,1665.12,27.55,INR,2026-09-28 08:00:00
PAY000005374,ORD00000733,2026-08-03 03:00:00,Cashfree,SUCCESS,3775.48,15.96,INR,2026-09-28 08:00:00
PAY000006844,ORD00007005,2026-06-17 20:00:00,Cashfree,PENDING,879.29,2.89,inr,2026-09-28 08:00:00
PAY000002241,ORD00006500,2026-05-08 14:00:00,Razorpay,SUCCESS,408.05,22.79,INR,2026-09-28 08:00:00
PAY000011725,ORD00009871,2026-02-25 00:00:00,Razorpay,SUCCESS,1903.16,3.8,inr,2026-09-28 08:00:00
PAY000010356,ORD00011194,2026-02-18 10:00:00,RAZORPAY,SUCCESS,1354.64,20.77,INR,2026-09-28 08:00:00
PAY000011660,ORD00003754,2026-06-19 12:00:00,PayU,SUCCESS,1110.5,6.58,INR,2026-09-28 08:00:00
PAY000010952,ORD00003064,2026-08-27 19:00:00,Stripe,SUCCESS,1301.9,3.42,INR,2026-09-28 08:00:00
PAY000004321,ORD00003411,2026-05-13 13:00:00,PayU,PENDING,977.31,12.4,INR,2026-09-28 08:00:00
PAY000004994,ORD00005406,2026-05-13 16:00:00,Cashfree,PENDING,1628.32,23.66,INR,2026-09-28 08:00:00
PAY000009927,ORD00006085,2026-08-19 11:00:00,Cashfree,FAILED,924.29,12.12,INR,2026-09-28 08:00:00
PAY000012679,ORD00011268,2026-07-18 02:00:00,Razorpay,SUCCESS,1329.75,16.9,Rs,2026-09-28 08:00:00
PAY000010243,ORD00010308,2026-06-12 09:00:00,Razorpay,FAILED,732.4,22.28,INR,2026-09-28 08:00:00
PAY000011567,ORD00007295,2026-08-02 13:00:00,Razorpay,REFUNDED,1548.41,2.3,INR,2026-09-28 08:00:00
PAY000011602,ORD00010836,2026-05-13 22:00:00,Stripe,FAILED,624.95,13.39,inr,2026-09-28 08:00:00
PAY000010469,ORD00009653,2026-02-19 13:00:00,Razorpay,SUCCESS,1279.98,23.86,INR,2026-09-28 08:00:00
PAY000005315,ORD00004948,2026-08-13 17:00:00,razorpay ,FAILED,1830.99,34.21,INR,2026-09-28 08:00:00
PAY000002857,ORD00009044,2026-04-14 06:00:00,Stripe,SUCCESS,1642.9,26.39,inr,2026-09-28 08:00:00
PAY000009896,ORD00005437,2026-02-02 00:00:00,Razorpay,FAILED,2577.6,25.48,INR,2026-09-28 08:00:00
PAY000012568,ORD00001854,2026-03-05 12:00:00,Stripe,SUCCESS,1435.34,19.42,INR,2026-09-28 08:00:00
PAY000008365,ORD00001942,2026-02-11 20:00:00,PayU,PENDING,1090.95,12.89,INR,2026-09-28 08:00:00
PAY000005518,ORD00006301,2026-05-27 10:00:00,Stripe,SUCCESS,756.8,29.24,INR,2026-09-28 08:00:00
PAY000001180,ORD00008130,2026-06-18 16:00:00,razorpay ,PENDING,533.52,29.53,inr,2026-09-28 08:00:00
PAY000012727,ORD00007048,2026-07-15 22:00:00,razorpay ,REFUNDED,1388.91,21.26,inr,2026-09-28 08:00:00
PAY000005832,ORD00005919,2026-07-24 19:00:00,PayU,FAILED,2331.14,14.84,inr,2026-09-28 08:00:00
PAY000008020,ORD00011558,2026-07-03 03:00:00,Razorpay,SUCCESS,1378.7,31.81,INR,2026-09-28 08:00:00
PAY000000540,ORD00004606,2026-07-27 13:00:00,razorpay ,REFUNDED,3362.75,10.78,INR,2026-09-28 08:00:00
PAY000000430,ORD00010818,2026-08-27 06:00:00,Stripe,PENDING,1114.87,15.63,INR,2026-09-28 08:00:00
PAY000008073,ORD00001301,2026-06-26 16:00:00,Stripe,SUCCESS,694.06,27.45,INR,2026-09-28 08:00:00
PAY000004895,ORD00008091,2026-03-18 06:00:00,razorpay ,FAILED,1521.39,26.23,INR,2026-09-28 08:00:00
PAY000003919,ORD00003914,2026-07-01 04:00:00,Cashfree,PENDING,1494.54,29.57,INR,2026-09-28 08:00:00
PAY000011707,ORD00007437,2026-08-07 18:00:00,Stripe,SUCCESS,3170.24,32.19,INR,2026-09-28 08:00:00
PAY000008155,ORD00009417,2026-05-22 11:00:00,razorpay ,SUCCESS,267.46,8.95,INR,2026-09-28 08:00:00
PAY000010410,ORD00006507,2026-07-10 22:00:00,PayU,SUCCESS,1020.62,24.0,INR,2026-09-28 08:00:00
PAY000002053,ORD00009174,2026-07-08 09:00:00,Razorpay,PENDING,1613.82,14.02,Rs,2026-09-28 08:00:00
PAY000012654,ORD00006460,2026-04-14 18:00:00,razorpay ,PENDING,644.06,17.84,inr,2026-09-28 08:00:00
PAY000008459,ORD00011463,2026-08-24 17:00:00,razorpay ,PENDING,888.54,27.39,INR,2026-09-28 08:00:00
PAY000005113,ORD00011532,2026-08-10 07:00:00,razorpay ,SUCCESS,911.1,15.38,Rs,2026-09-28 08:00:00
PAY000012348,ORD00010744,2026-07-19 19:00:00,razorpay ,SUCCESS,1209.28,31.68,INR,2026-09-28 08:00:00
PAY000003443,ORD00008055,2026-03-10 01:00:00,PayU,FAILED,773.86,23.93,INR,2026-09-28 08:00:00
PAY000002694,ORD00001471,2026-01-14 13:00:00,Stripe,FAILED,1436.94,24.73,INR,2026-09-28 08:00:00
PAY000006428,ORD00011731,2026-07-14 13:00:00,razorpay ,FAILED,702.51,24.3,INR,2026-09-28 08:00:00
PAY000009344,ORD00000303,2026-08-22 16:00:00,Cashfree,PENDING,1669.94,33.92,INR,2026-09-28 08:00:00
PAY000000845,ORD00008950,2026-03-16 10:00:00,Stripe,REFUNDED,1011.3,10.81,INR,2026-09-28 08:00:00
PAY000010562,ORD00004283,2026-01-19 03:00:00,Cashfree,SUCCESS,873.21,31.9,INR,2026-09-28 08:00:00
PAY000004551,ORD00000750,2026-03-28 12:00:00,Razorpay,SUCCESS,800.35,33.88,INR,2026-09-28 08:00:00
PAY000006042,ORD00000547,2026-04-27 23:00:00,Stripe,FAILED,1747.41,17.44,INR,2026-09-28 08:00:00
PAY000000480,ORD00001223,2026-03-13 01:00:00,Stripe,FAILED,1457.5,26.04,inr,2026-09-28 08:00:00
PAY000004542,ORD00011899,2026-05-13 08:00:00,Stripe,SUCCESS,3024.41,9.22,INR,2026-09-28 08:00:00
PAY000009052,ORD00009737,2026-08-02 01:00:00,Stripe,SUCCESS,1011.8,32.64,INR,2026-09-28 08:00:00
PAY000004540,ORD00003177,2026-06-24 22:00:00,Razorpay,SUCCESS,746.63,32.37,INR,2026-09-28 08:00:00
PAY000000229,ORD00009694,2026-07-03 04:00:00,PayU,REFUNDED,905.72,15.72,INR,2026-09-28 08:00:00
PAY000002464,ORD00007510,2026-04-07 08:00:00,PayU,SUCCESS,2348.19,4.07,INR,2026-09-28 08:00:00
PAY000008356,ORD00010170,2026-07-11 10:00:00,razorpay ,FAILED,894.22,10.51,INR,2026-09-28 08:00:00
PAY000012394,ORD00006422,2026-06-12 23:00:00,Cashfree,SUCCESS,1953.36,25.8,INR,2026-09-28 08:00:00
PAY000011147,ORD00003764,2026-05-25 07:00:00,PayU,REFUNDED,3312.58,31.12,Rs,2026-09-28 08:00:00
PAY000008939,ORD00002668,2026-05-30 18:00:00,Stripe,SUCCESS,847.39,25.81,Rs,2026-09-28 08:00:00
PAY000013278,ORD00000783,2026-03-17 01:00:00,Cashfree,REFUNDED,1778.01,27.34,Rs,2026-09-28 08:00:00
PAY000010906,ORD00008008,2026-08-07 09:00:00,razorpay ,PENDING,532.83,8.44,INR,2026-09-28 08:00:00
PAY000000302,ORD00006591,2026-07-21 02:00:00,Razorpay,REFUNDED,1694.54,4.64,INR,2026-09-28 08:00:00
PAY000011540,ORD00010102,2026-07-31 13:00:00,PayU,SUCCESS,1443.99,32.85,INR,2026-09-28 08:00:00
PAY000000081,ORD00006975,2026-08-10 10:00:00,PayU,PENDING,628.19,6.89,inr,2026-09-28 08:00:00
PAY000005999,ORD00007531,2026-03-29 20:00:00,Razorpay,PENDING,977.26,21.94,INR,2026-09-28 08:00:00
PAY000011750,ORD00010940,2026-05-28 22:00:00,Razorpay,FAILED,540.64,20.35,INR,2026-09-28 08:00:00
PAY000008401,ORD00002595,2026-05-15 02:00:00,Cashfree,SUCCESS,1394.77,10.86,INR,2026-09-28 08:00:00
PAY000013472,ORD00003847,2026-08-17 22:00:00,Cashfree,SUCCESS,4987.31,2.53,inr,2026-09-28 08:00:00
PAY000011796,ORD00006516,2026-06-25 00:00:00,Stripe,PENDING,1735.31,18.7,INR,2026-09-28 08:00:00
PAY000008367,ORD00003485,2026-01-24 17:00:00,razorpay ,REFUNDED,2260.91,24.71,INR,2026-09-28 08:00:00
PAY000003533,ORD00005421,2026-07-31 03:00:00,Cashfree,SUCCESS,1082.95,7.46,INR,2026-09-28 08:00:00
PAY000012535,ORD00008551,2026-04-03 16:00:00,PayU,SUCCESS,399.74,25.15,INR,2026-09-28 08:00:00
PAY000006425,ORD00005040,2026-01-01 21:00:00,Cashfree,SUCCESS,747.57,31.49,INR,2026-09-28 08:00:00
PAY000010648,ORD00002009,2026-01-17 19:00:00,Cashfree,SUCCESS,1450.88,9.68,INR,2026-09-28 08:00:00
PAY000001923,ORD00008324,2026-03-19 20:00:00,PayU,SUCCESS,918.26,4.62,INR,2026-09-28 08:00:00
PAY000008871,ORD00002129,2026-04-22 00:00:00,razorpay ,FAILED,527.13,27.55,INR,2026-09-28 08:00:00
PAY000010091,ORD00010486,2026-08-28 08:00:00,razorpay ,SUCCESS,603.54,25.66,inr,2026-09-28 08:00:00
PAY000006133,ORD00010869,2026-02-21 19:00:00,razorpay ,REFUNDED,1569.33,12.73,Rs,2026-09-28 08:00:00
PAY000012669,ORD00004206,2026-01-01 03:00:00,Cashfree,REFUNDED,2682.22,7.04,INR,2026-09-28 08:00:00
PAY000005254,ORD00001538,2026-07-03 02:00:00,razorpay ,SUCCESS,428.85,27.33,INR,2026-09-28 08:00:00
PAY000004345,ORD00003000,2026-07-18 02:00:00,Stripe,REFUNDED,1840.99,9.22,INR,2026-09-28 08:00:00
PAY000001808,ORD00009946,2026-03-25 05:00:00,Razorpay,SUCCESS,2454.79,11.73,INR,2026-09-28 08:00:00
PAY000001119,ORD00010874,2026-05-09 14:00:00,razorpay ,SUCCESS,2323.85,15.08,INR,2026-09-28 08:00:00
PAY000001479,ORD00009998,2026-06-26 00:00:00,razorpay ,PENDING,1455.52,30.88,INR,2026-09-28 08:00:00
PAY000001008,ORD00007697,2026-07-30 07:00:00,Stripe,SUCCESS,686.17,33.12,INR,2026-09-28 08:00:00
PAY000005625,ORD00007629,2026-07-16 21:00:00,razorpay ,FAILED,407.39,12.35,INR,2026-09-28 08:00:00
PAY000009610,ORD00002800,2026-08-20 23:00:00,PayU,SUCCESS,892.52,3.66,INR,2026-09-28 08:00:00
PAY000008436,ORD00002849,2026-05-18 09:00:00,Razorpay,PENDING,491.98,32.36,INR,2026-09-28 08:00:00
PAY000007451,ORD00011303,2026-01-19 22:00:00,PayU,SUCCESS,2312.38,22.78,INR,2026-09-28 08:00:00
PAY000000059,ORD00007044,2026-03-16 16:00:00,Cashfree,SUCCESS,778.87,28.14,INR,2026-09-28 08:00:00
PAY000006721,ORD00008004,2026-03-28 21:00:00,PayU,SUCCESS,799.09,23.43,INR,2026-09-28 08:00:00
PAY000002238,ORD00010947,2026-05-06 00:00:00,razorpay ,REFUNDED,2750.4,17.92,INR,2026-09-28 08:00:00
PAY000012635,ORD00010627,2026-07-15 16:00:00,Stripe,SUCCESS,1021.29,31.52,INR,2026-09-28 08:00:00
PAY000011145,ORD00009897,2026-07-28 11:00:00,razorpay ,SUCCESS,2006.23,34.15,INR,2026-09-28 08:00:00
PAY000001037,ORD00006599,2026-04-01 10:00:00,razorpay ,SUCCESS,878.19,10.51,INR,2026-09-28 08:00:00
PAY000002831,ORD00011598,2026-02-06 03:00:00,Stripe,PENDING,207.61,3.09,INR,2026-09-28 08:00:00
PAY000009020,ORD00002406,2026-06-08 08:00:00,Cashfree,FAILED,1559.31,24.92,Rs,2026-09-28 08:00:00
PAY000007938,ORD00006903,2026-02-16 06:00:00,razorpay ,REFUNDED,854.41,21.62,INR,2026-09-28 08:00:00
PAY000012201,ORD00000333,2026-01-26 11:00:00,razorpay ,SUCCESS,546.09,16.62,INR,2026-09-28 08:00:00
PAY000004506,ORD00000988,2026-03-04 10:00:00,Stripe,SUCCESS,1230.89,2.68,inr,2026-09-28 08:00:00
PAY000002059,ORD00006964,2026-03-13 01:00:00,Stripe,FAILED,741.5,7.93,INR,2026-09-28 08:00:00
PAY000000467,ORD00011928,2026-07-12 23:00:00,Razorpay,SUCCESS,5981.19,29.11,INR,2026-09-28 08:00:00
PAY000010032,ORD00011009,2026-04-27 10:00:00,Stripe,REFUNDED,1055.67,29.94,INR,2026-09-28 08:00:00
PAY000006523,ORD00009060,2026-02-10 02:00:00,razorpay ,SUCCESS,1050.23,33.63,INR,2026-09-28 08:00:00
PAY000005752,ORD00007381,2026-08-14 10:00:00,razorpay ,SUCCESS,771.67,26.29,INR,2026-09-28 08:00:00
PAY000007542,ORD00007723,2026-02-13 12:00:00,Razorpay,FAILED,1396.85,25.4,INR,2026-09-28 08:00:00
PAY000005701,ORD00008759,2026-07-22 00:00:00,Cashfree,SUCCESS,765.83,6.49,INR,2026-09-28 08:00:00
PAY000009888,ORD00008310,2026-08-11 01:00:00,PayU,SUCCESS,935.29,25.17,INR,2026-09-28 08:00:00
PAY000005767,ORD00009505,2026-04-16 02:00:00,PayU,SUCCESS,436.78,23.76,INR,2026-09-28 08:00:00
PAY000009181,ORD00007429,2026-01-24 20:00:00,razorpay ,REFUNDED,2890.49,27.06,INR,2026-09-28 08:00:00
PAY000006459,ORD00009020,2026-06-05 08:00:00,Cashfree,SUCCESS,2233.03,23.25,inr,2026-09-28 08:00:00
PAY000002732,ORD00010020,2026-02-25 08:00:00,Razorpay,SUCCESS,742.34,12.05,INR,2026-09-28 08:00:00
PAY000003070,ORD00004602,2026-05-16 07:00:00,Stripe,REFUNDED,930.07,4.8,inr,2026-09-28 08:00:00
PAY000012342,ORD00007690,2026-01-20 00:00:00,Stripe,SUCCESS,374.06,25.18,INR,2026-09-28 08:00:00
PAY000003764,ORD00004377,2026-06-07 11:00:00,PayU,SUCCESS,2237.52,20.89,inr,2026-09-28 08:00:00
PAY000001657,ORD00011411,2026-08-14 02:00:00,Cashfree,REFUNDED,1078.13,10.62,INR,2026-09-28 08:00:00
PAY000004568,ORD00009549,2026-06-17 21:00:00,Razorpay,SUCCESS,942.76,32.79,INR,2026-09-28 08:00:00
PAY000002610,ORD00008220,2026-01-11 16:00:00,Stripe,SUCCESS,1525.1,27.15,INR,2026-09-28 08:00:00
PAY000009415,ORD00010453,2026-08-16 21:00:00,Cashfree,SUCCESS,1140.95,7.1,INR,2026-09-28 08:00:00
PAY000009937,ORD00005007,2026-01-05 04:00:00,Cashfree,REFUNDED,1016.35,19.39,INR,2026-09-28 08:00:00
PAY000011445,ORD00007689,2026-06-11 09:00:00,Razorpay,SUCCESS,2293.77,23.98,INR,2026-09-28 08:00:00
PAY000002301,ORD00000259,2026-03-08 20:00:00,razorpay ,SUCCESS,543.22,11.24,INR,2026-09-28 08:00:00
PAY000000211,ORD00010452,2026-04-07 20:00:00,Stripe,REFUNDED,930.97,21.55,inr,2026-09-28 08:00:00
PAY000011063,ORD00004787,2026-01-06 17:00:00,razorpay ,SUCCESS,567.18,15.29,INR,2026-09-28 08:00:00
PAY000008218,ORD00006814,2026-07-24 02:00:00,Stripe,SUCCESS,1233.46,9.34,Rs,2026-09-28 08:00:00
PAY000005482,ORD00008499,2026-03-21 06:00:00,Cashfree,SUCCESS,1351.0,28.63,INR,2026-09-28 08:00:00
PAY000004387,ORD00005789,2026-05-06 16:00:00,Stripe,REFUNDED,940.46,27.13,INR,2026-09-28 08:00:00
PAY000011656,ORD00002704,2026-07-04 08:00:00,Cashfree,SUCCESS,795.4,13.57,INR,2026-09-28 08:00:00
PAY000013318,ORD00007112,2026-04-06 03:00:00,Razorpay,SUCCESS,1343.2,32.36,INR,2026-09-28 08:00:00
PAY000002130,ORD00002900,2026-05-27 19:00:00,Cashfree,PENDING,204.17,27.29,INR,2026-09-28 08:00:00
PAY000012037,ORD00002786,2026-07-21 23:00:00,razorpay ,SUCCESS,741.48,34.01,INR,2026-09-28 08:00:00
PAY000012174,ORD00011992,2026-05-03 13:00:00,razorpay ,SUCCESS,2292.09,16.56,INR,2026-09-28 08:00:00
PAY000012226,ORD00005814,2026-04-18 03:00:00,PayU,SUCCESS,1308.4,9.14,INR,2026-09-28 08:00:00
PAY000012658,ORD00005097,2026-08-19 03:00:00,razorpay ,SUCCESS,608.69,33.1,INR,2026-09-28 08:00:00
PAY000007495,ORD00008574,2026-06-23 16:00:00,Cashfree,SUCCESS,1612.01,23.57,INR,2026-09-28 08:00:00
PAY000010659,ORD00002889,2026-07-22 00:00:00,Cashfree,REFUNDED,560.19,33.96,INR,2026-09-28 08:00:00
PAY000002198,ORD00000820,2026-02-25 20:00:00,razorpay ,SUCCESS,1052.89,32.44,INR,2026-09-28 08:00:00
PAY000011344,ORD00000271,2026-07-24 12:00:00,PayU,PENDING,1825.66,23.37,INR,2026-09-28 08:00:00
PAY000002346,ORD00005143,2026-01-26 03:00:00,Razorpay,SUCCESS,705.18,30.4,INR,2026-09-28 08:00:00
PAY000006038,ORD00006696,2026-08-09 11:00:00,Razorpay,SUCCESS,1167.05,7.24,INR,2026-09-28 08:00:00
PAY000005939,ORD00007921,2026-04-05 04:00:00,razorpay ,SUCCESS,1149.54,5.0,INR,2026-09-28 08:00:00
PAY000013487,ORD00011094,2026-03-09 11:00:00,PayU,SUCCESS,1760.37,13.08,inr,2026-09-28 08:00:00
PAY000000535,ORD00001824,2026-05-07 11:00:00,Razorpay,FAILED,417.47,34.19,INR,2026-09-28 08:00:00
PAY000012866,ORD00009925,2026-03-29 11:00:00,razorpay ,SUCCESS,2358.05,34.87,INR,2026-09-28 08:00:00
PAY000001123,ORD00010082,2026-06-23 15:00:00,razorpay ,PENDING,903.13,32.36,inr,2026-09-28 08:00:00
PAY000001827,ORD00010060,2026-07-12 02:00:00,Stripe,REFUNDED,198.26,19.09,INR,2026-09-28 08:00:00
PAY000010066,ORD00010970,2026-07-18 16:00:00,Cashfree,PENDING,183.12,28.05,inr,2026-09-28 08:00:00
PAY000001374,ORD00000479,2026-08-18 14:00:00,Razorpay,SUCCESS,1419.69,33.67,INR,2026-09-28 08:00:00
PAY000001487,ORD00003066,2026-03-26 21:00:00,Razorpay,PENDING,597.79,18.93,INR,2026-09-28 08:00:00
PAY000001407,ORD00007348,2026-07-07 04:00:00,PayU,SUCCESS,529.18,12.77,INR,2026-09-28 08:00:00
PAY000012541,ORD00010697,2026-05-06 00:00:00,razorpay ,FAILED,794.58,31.9,INR,2026-09-28 08:00:00
PAY000013357,ORD00003909,2026-01-16 04:00:00,PayU,PENDING,1444.38,22.94,Rs,2026-09-28 08:00:00
PAY000003032,ORD00000878,2026-02-24 08:00:00,razorpay ,SUCCESS,3295.32,29.62,INR,2026-09-28 08:00:00
PAY000005039,ORD00008149,2026-04-20 21:00:00,PayU,SUCCESS,1627.04,6.39,INR,2026-09-28 08:00:00
PAY000004474,ORD00008663,2026-05-05 10:00:00,Razorpay,SUCCESS,1291.36,26.12,INR,2026-09-28 08:00:00
PAY000001127,ORD00009265,2026-07-10 11:00:00,Cashfree,SUCCESS,1385.64,20.63,INR,2026-09-28 08:00:00
PAY000003832,ORD00005706,2026-08-09 07:00:00,Stripe,SUCCESS,991.31,5.25,Rs,2026-09-28 08:00:00
PAY000010645,ORD00011781,2026-01-02 11:00:00,Cashfree,SUCCESS,692.57,3.46,inr,2026-09-28 08:00:00
PAY000008361,ORD00011501,2026-01-23 04:00:00,Cashfree,SUCCESS,691.69,17.74,INR,2026-09-28 08:00:00
PAY000004956,ORD00001559,2026-04-18 18:00:00,Stripe,SUCCESS,1281.14,8.11,INR,2026-09-28 08:00:00
PAY000004559,ORD00009078,2026-02-26 04:00:00,Stripe,FAILED,2057.21,24.74,INR,2026-09-28 08:00:00
PAY000005969,ORD00002975,2026-06-16 00:00:00,Stripe,SUCCESS,1898.32,32.84,INR,2026-09-28 08:00:00
PAY000005726,ORD00009272,2026-02-12 20:00:00,Stripe,SUCCESS,762.54,2.51,INR,2026-09-28 08:00:00
PAY000002715,ORD00002949,2026-07-20 21:00:00,Cashfree,REFUNDED,1867.55,23.17,Rs,2026-09-28 08:00:00
PAY000011399,ORD00002841,2026-02-20 06:00:00,Razorpay,PENDING,863.91,8.81,INR,2026-09-28 08:00:00
PAY000008832,ORD00000630,2026-07-18 11:00:00,razorpay ,SUCCESS,3552.58,25.47,INR,2026-09-28 08:00:00
PAY000011603,ORD00006055,2026-06-13 07:00:00,Razorpay,SUCCESS,549.55,22.08,INR,2026-09-28 08:00:00
PAY000001324,ORD00009640,2026-08-27 03:00:00,Cashfree,SUCCESS,3112.75,18.11,INR,2026-09-28 08:00:00
PAY000009331,ORD00001333,2026-04-11 05:00:00,Cashfree,SUCCESS,1484.24,28.81,Rs,2026-09-28 08:00:00
PAY000004635,ORD00002319,2026-02-11 11:00:00,Cashfree,FAILED,424.43,25.23,Rs,2026-09-28 08:00:00
PAY000008442,ORD00002155,2026-03-09 12:00:00,Razorpay,SUCCESS,3083.05,5.95,INR,2026-09-28 08:00:00
PAY000011064,ORD00011562,2026-01-11 19:00:00,Stripe,SUCCESS,1140.18,17.18,inr,2026-09-28 08:00:00
PAY000005515,ORD00001549,2026-01-28 13:00:00,Cashfree,SUCCESS,1206.9,15.61,INR,2026-09-28 08:00:00
PAY000003738,ORD00002118,2026-03-10 15:00:00,Cashfree,FAILED,1068.64,11.85,Rs,2026-09-28 08:00:00
PAY000003808,ORD00005753,2026-03-20 18:00:00,Razorpay,REFUNDED,4389.42,33.55,INR,2026-09-28 08:00:00
PAY000012277,ORD00008873,2026-07-03 00:00:00,PayU,SUCCESS,1484.61,6.58,INR,2026-09-28 08:00:00
PAY000013256,ORD00001302,2026-07-16 21:00:00,PayU,SUCCESS,746.02,10.11,INR,2026-09-28 08:00:00
PAY000011315,ORD00008628,2026-01-15 07:00:00,PayU,REFUNDED,1601.33,25.93,Rs,2026-09-28 08:00:00
PAY000003063,ORD00001896,2026-01-21 01:00:00,razorpay ,SUCCESS,1920.78,29.98,INR,2026-09-28 08:00:00
PAY000009723,ORD00007998,2026-04-22 02:00:00,PayU,SUCCESS,527.06,27.83,inr,2026-09-28 08:00:00
PAY000002585,ORD00008002,2026-08-02 10:00:00,razorpay ,FAILED,857.13,19.88,INR,2026-09-28 08:00:00
PAY000002322,ORD00005697,2026-06-30 00:00:00,Cashfree,FAILED,879.27,32.53,INR,2026-09-28 08:00:00
PAY000012190,ORD00011511,2026-07-26 19:00:00,PayU,SUCCESS,3232.95,2.96,INR,2026-09-28 08:00:00
PAY000011511,ORD00007196,2026-01-24 04:00:00,Stripe,REFUNDED,1140.24,29.57,INR,2026-09-28 08:00:00
PAY000011864,ORD00002742,2026-02-03 17:00:00,razorpay ,FAILED,1575.91,7.78,INR,2026-09-28 08:00:00
PAY000011727,ORD00006517,2026-07-03 09:00:00,Stripe,REFUNDED,1215.5,33.36,INR,2026-09-28 08:00:00
PAY000000439,ORD00007854,2026-08-10 19:00:00,Razorpay,SUCCESS,3118.6,20.44,INR,2026-09-28 08:00:00
PAY000012581,ORD00008535,2026-07-27 15:00:00,Cashfree,FAILED,732.11,23.49,INR,2026-09-28 08:00:00
PAY000009687,ORD00001599,2026-08-25 22:00:00,Razorpay,SUCCESS,1439.18,15.63,inr,2026-09-28 08:00:00
PAY000012054,ORD00010945,2026-05-02 09:00:00,PayU,REFUNDED,522.49,7.54,INR,2026-09-28 08:00:00
PAY000008176,ORD00011731,2026-04-11 07:00:00,PayU,SUCCESS,1217.25,13.71,INR,2026-09-28 08:00:00
PAY000008139,ORD00001784,2026-02-04 11:00:00,Cashfree,SUCCESS,680.15,24.65,INR,2026-09-28 08:00:00
PAY000008170,ORD00011071,2026-05-17 03:00:00,razorpay ,FAILED,2698.58,22.84,INR,2026-09-28 08:00:00
PAY000009768,ORD00009491,2026-07-15 21:00:00,Razorpay,PENDING,1495.38,7.56,INR,2026-09-28 08:00:00
PAY000002463,ORD00000325,2026-01-14 21:00:00,PayU,FAILED,1898.19,13.34,INR,2026-09-28 08:00:00
PAY000008243,ORD00005753,2026-06-23 11:00:00,Stripe,PENDING,1049.89,6.8,INR,2026-09-28 08:00:00
PAY000003747,ORD00011720,2026-05-22 22:00:00,Stripe,SUCCESS,2554.75,21.9,INR,2026-09-28 08:00:00
PAY000006546,ORD00007859,2026-06-18 08:00:00,Razorpay,SUCCESS,1920.88,28.51,INR,2026-09-28 08:00:00
PAY000011208,ORD00006518,2026-01-31 08:00:00,Stripe,SUCCESS,878.28,8.47,INR,2026-09-28 08:00:00
PAY000012072,ORD00004586,2026-07-09 06:00:00,Razorpay,FAILED,373.08,34.74,INR,2026-09-28 08:00:00
PAY000011518,ORD00011369,2026-01-09 10:00:00,Cashfree,SUCCESS,1743.14,34.74,INR,2026-09-28 08:00:00
PAY000005820,ORD00004195,2026-04-27 20:00:00,Razorpay,PENDING,1876.92,4.45,INR,2026-09-28 08:00:00
PAY000006571,ORD00007472,2026-01-12 18:00:00,Cashfree,SUCCESS,3000.13,15.24,INR,2026-09-28 08:00:00
PAY000005550,ORD00001058,2026-04-25 01:00:00,Razorpay,SUCCESS,214.91,25.89,INR,2026-09-28 08:00:00
PAY000000039,ORD00008323,2026-08-22 23:00:00,Cashfree,SUCCESS,4532.04,18.9,INR,2026-09-28 08:00:00
PAY000002578,ORD00005722,2026-04-10 10:00:00,Cashfree,SUCCESS,1655.68,15.98,INR,2026-09-28 08:00:00
PAY000004764,ORD00001369,2026-01-13 23:00:00,PayU,SUCCESS,1417.35,15.21,inr,2026-09-28 08:00:00
PAY000002568,ORD00002353,2026-05-11 13:00:00,Cashfree,REFUNDED,1340.81,18.29,INR,2026-09-28 08:00:00
PAY000009216,ORD00004997,2026-06-28 05:00:00,PayU,REFUNDED,8701.66,11.11,INR,2026-09-28 08:00:00
PAY000006399,ORD00004089,2026-02-01 04:00:00,razorpay ,SUCCESS,1177.56,32.99,Rs,2026-09-28 08:00:00
PAY000009195,ORD00001150,2026-07-08 06:00:00,PayU,FAILED,2569.81,30.35,INR,2026-09-28 08:00:00
PAY000007336,ORD00011156,2026-07-22 01:00:00,Razorpay,REFUNDED,2106.8,18.52,INR,2026-09-28 08:00:00
PAY000011195,ORD00010231,2026-06-04 23:00:00,Razorpay,SUCCESS,2062.21,17.59,INR,2026-09-28 08:00:00
PAY000006175,ORD00009908,2026-01-06 09:00:00,Stripe,SUCCESS,1405.51,30.32,INR,2026-09-28 08:00:00
PAY000010556,ORD00004398,2026-03-19 06:00:00,Razorpay,SUCCESS,1521.67,22.78,INR,2026-09-28 08:00:00
PAY000011983,ORD00001083,2026-06-08 10:00:00,Cashfree,REFUNDED,259.66,13.97,INR,2026-09-28 08:00:00
PAY000003370,ORD00001334,2026-03-04 17:00:00,Razorpay,FAILED,1160.88,16.46,INR,2026-09-28 08:00:00
PAY000006070,ORD00009688,2026-08-28 14:00:00,PayU,PENDING,604.22,29.16,INR,2026-09-28 08:00:00
PAY000001169,ORD00003553,2026-08-24 13:00:00,Cashfree,SUCCESS,630.13,20.01,INR,2026-09-28 08:00:00
PAY000010267,ORD00008456,2026-05-09 12:00:00,Cashfree,REFUNDED,3136.69,31.19,inr,2026-09-28 08:00:00
PAY000005846,ORD00005660,2026-01-03 04:00:00,Stripe,REFUNDED,973.99,10.62,INR,2026-09-28 08:00:00
PAY000009658,ORD00006759,2026-03-01 00:00:00,Stripe,PENDING,1164.11,23.69,INR,2026-09-28 08:00:00
PAY000003862,ORD00005743,2026-01-07 04:00:00,Cashfree,SUCCESS,796.92,2.39,INR,2026-09-28 08:00:00
PAY000008058,ORD00000817,2026-07-01 23:00:00,Cashfree,SUCCESS,1332.31,24.63,INR,2026-09-28 08:00:00
PAY000008272,ORD00011607,2026-02-16 10:00:00,PayU,PENDING,1650.2,18.94,INR,2026-09-28 08:00:00
PAY000006300,ORD00002410,2026-07-22 07:00:00,razorpay ,SUCCESS,1224.94,10.81,INR,2026-09-28 08:00:00
PAY000006737,ORD00005646,2026-06-21 17:00:00,Cashfree,SUCCESS,1524.39,10.19,INR,2026-09-28 08:00:00
PAY000009371,ORD00006766,2026-01-09 12:00:00,razorpay ,FAILED,729.56,16.73,INR,2026-09-28 08:00:00
PAY000001807,ORD00009965,2026-04-10 15:00:00,razorpay ,SUCCESS,1038.29,23.94,inr,2026-09-28 08:00:00
PAY000006402,ORD00000441,2026-03-07 18:00:00,PayU,SUCCESS,492.17,18.25,INR,2026-09-28 08:00:00
PAY000007470,ORD00009522,2026-03-23 19:00:00,Stripe,SUCCESS,1940.91,23.5,INR,2026-09-28 08:00:00
PAY000010893,ORD00004826,2026-05-03 15:00:00,Razorpay,FAILED,1034.17,30.61,Rs,2026-09-28 08:00:00
PAY000012699,ORD00007734,2026-07-02 03:00:00,PayU,REFUNDED,916.95,18.68,inr,2026-09-28 08:00:00
PAY000001430,ORD00002057,2026-08-21 02:00:00,Cashfree,SUCCESS,1648.35,26.96,INR,2026-09-28 08:00:00
PAY000001284,ORD00009753,2026-06-29 06:00:00,PayU,PENDING,1491.72,3.04,inr,2026-09-28 08:00:00
PAY000000605,ORD00011385,2026-01-03 09:00:00,Razorpay,PENDING,1277.17,5.87,INR,2026-09-28 08:00:00
PAY000009322,ORD00007092,2026-08-13 10:00:00,Stripe,REFUNDED,2010.48,7.3,INR,2026-09-28 08:00:00
PAY000005069,ORD00006838,2026-06-14 15:00:00,razorpay ,PENDING,3144.01,21.67,INR,2026-09-28 08:00:00
PAY000009114,ORD00008402,2026-08-21 23:00:00,RAZORPAY,REFUNDED,1310.69,14.9,INR,2026-09-28 08:00:00
PAY000001793,ORD00001300,2026-08-09 00:00:00,Stripe,PENDING,3604.84,28.32,INR,2026-09-28 08:00:00
PAY000002133,ORD00011286,2026-04-21 13:00:00,Stripe,REFUNDED,2357.97,18.46,INR,2026-09-28 08:00:00
PAY000010566,ORD00011054,2026-02-01 19:00:00,RAZORPAY,PENDING,1150.88,4.16,inr,2026-09-28 08:00:00
PAY000012450,ORD00001072,2026-05-19 18:00:00,Razorpay,SUCCESS,1310.37,23.18,INR,2026-09-28 08:00:00
PAY000012815,ORD00011780,2026-04-20 14:00:00,PayU,SUCCESS,453.56,27.77,INR,2026-09-28 08:00:00
PAY000012478,ORD00008032,2026-01-04 18:00:00,Stripe,REFUNDED,3099.92,24.91,INR,2026-09-28 08:00:00
PAY000001199,ORD00002667,2026-04-17 09:00:00,razorpay ,REFUNDED,666.61,5.49,INR,2026-09-28 08:00:00
PAY000009152,ORD00006918,2026-04-28 12:00:00,Cashfree,SUCCESS,628.9,22.57,INR,2026-09-28 08:00:00
PAY000007270,ORD00002981,2026-02-13 12:00:00,PayU,SUCCESS,827.28,32.18,INR,2026-09-28 08:00:00
PAY000006397,ORD00004981,2026-02-17 16:00:00,Cashfree,SUCCESS,1946.7,33.31,INR,2026-09-28 08:00:00
PAY000003536,ORD00000888,2026-06-29 10:00:00,PayU,REFUNDED,608.36,17.05,INR,2026-09-28 08:00:00
PAY000011574,ORD00008864,2026-04-02 19:00:00,Razorpay,REFUNDED,1629.58,14.38,INR,2026-09-28 08:00:00
PAY000006516,ORD00003503,2026-07-08 03:00:00,PayU,PENDING,2466.49,20.72,INR,2026-09-28 08:00:00
PAY000008638,ORD00010191,2026-06-05 20:00:00,PayU,SUCCESS,2914.64,14.13,INR,2026-09-28 08:00:00
PAY000005334,ORD00010090,2026-08-24 10:00:00,razorpay ,SUCCESS,1521.4,15.0,INR,2026-09-28 08:00:00
PAY000006153,ORD00007765,2026-05-12 17:00:00,PayU,SUCCESS,656.56,22.96,INR,2026-09-28 08:00:00
PAY000002800,ORD00002236,2026-03-26 14:00:00,Stripe,SUCCESS,930.0,31.45,INR,2026-09-28 08:00:00
PAY000008010,ORD00000160,2026-08-05 04:00:00,razorpay ,SUCCESS,1233.88,12.84,INR,2026-09-28 08:00:00
PAY000009706,ORD00001754,2026-02-17 18:00:00,PayU,SUCCESS,1757.29,24.8,INR,2026-09-28 08:00:00
PAY000006382,ORD00005832,2026-05-07 16:00:00,razorpay ,FAILED,1076.44,23.42,INR,2026-09-28 08:00:00
PAY000004001,ORD00005415,2026-06-03 03:00:00,PayU,SUCCESS,795.08,17.2,INR,2026-09-28 08:00:00
PAY000002311,ORD00005921,2026-01-22 16:00:00,Razorpay,SUCCESS,842.73,27.69,inr,2026-09-28 08:00:00
PAY000009272,ORD00011991,2026-01-03 15:00:00,Stripe,SUCCESS,604.0,3.95,INR,2026-09-28 08:00:00
PAY000009291,ORD00003652,2026-07-18 14:00:00,Cashfree,REFUNDED,3945.36,34.98,INR,2026-09-28 08:00:00
PAY000013125,ORD00009981,2026-07-26 07:00:00,PayU,SUCCESS,2501.84,34.33,INR,2026-09-28 08:00:00
PAY000010484,ORD00003677,2026-06-13 12:00:00,Stripe,PENDING,723.66,15.54,Rs,2026-09-28 08:00:00
PAY000008444,ORD00010498,2026-01-29 15:00:00,Stripe,PENDING,612.79,23.22,INR,2026-09-28 08:00:00
PAY000005850,ORD00009755,2026-03-10 08:00:00,Cashfree,SUCCESS,853.67,21.89,INR,2026-09-28 08:00:00
PAY000004394,ORD00006223,2026-07-16 20:00:00,razorpay ,SUCCESS,590.94,23.89,inr,2026-09-28 08:00:00
PAY000004492,ORD00008940,2026-07-29 06:00:00,PayU,SUCCESS,410.4,31.47,inr,2026-09-28 08:00:00
PAY000009263,ORD00006126,2026-07-11 18:00:00,razorpay ,SUCCESS,915.32,9.36,INR,2026-09-28 08:00:00
PAY000005810,ORD00003317,2026-07-29 05:00:00,Stripe,SUCCESS,1658.81,10.69,INR,2026-09-28 08:00:00
PAY000009381,ORD00010758,2026-01-24 06:00:00,Cashfree,SUCCESS,2033.96,14.32,INR,2026-09-28 08:00:00
PAY000008242,ORD00001717,2026-02-05 21:00:00,Cashfree,SUCCESS,666.53,5.87,inr,2026-09-28 08:00:00
PAY000001181,ORD00009855,2026-08-01 16:00:00,Stripe,FAILED,1498.11,34.0,INR,2026-09-28 08:00:00
PAY000001847,ORD00002395,2026-01-28 22:00:00,Cashfree,SUCCESS,245.85,31.16,INR,2026-09-28 08:00:00
PAY000000966,ORD00009054,2026-01-09 17:00:00,Cashfree,SUCCESS,1123.0,5.98,Rs,2026-09-28 08:00:00
PAY000007940,ORD00006721,2026-03-15 01:00:00,Stripe,SUCCESS,592.33,2.99,INR,2026-09-28 08:00:00
PAY000011456,ORD00009749,2026-08-28 15:00:00,Cashfree,SUCCESS,341.83,29.3,Rs,2026-09-28 08:00:00
PAY000011010,ORD00010911,2026-07-24 20:00:00,Razorpay,SUCCESS,637.48,10.08,inr,2026-09-28 08:00:00
PAY000000152,ORD00006185,2026-08-10 00:00:00,razorpay ,REFUNDED,1030.14,19.43,INR,2026-09-28 08:00:00
PAY000000970,ORD00009364,2026-05-04 17:00:00,razorpay ,SUCCESS,284.36,20.72,INR,2026-09-28 08:00:00
PAY000008357,ORD00005809,2026-05-19 00:00:00,PayU,FAILED,399.86,10.63,INR,2026-09-28 08:00:00
PAY000003998,ORD00008996,2026-01-06 00:00:00,razorpay ,SUCCESS,1249.55,6.86,INR,2026-09-28 08:00:00
PAY000009479,ORD00007473,2026-07-03 12:00:00,Stripe,SUCCESS,307.45,16.47,INR,2026-09-28 08:00:00
PAY000011221,ORD00007542,2026-02-27 21:00:00,PayU,SUCCESS,363.4,25.58,INR,2026-09-28 08:00:00
PAY000000006,ORD00003695,2026-02-02 17:00:00,Cashfree,SUCCESS,1433.07,9.98,INR,2026-09-28 08:00:00
PAY000003899,ORD00007433,2026-02-17 08:00:00,Cashfree,SUCCESS,712.35,2.15,INR,2026-09-28 08:00:00
PAY000000916,ORD00001941,2026-03-05 13:00:00,PayU,SUCCESS,4866.48,7.97,INR,2026-09-28 08:00:00
PAY000002105,ORD00002044,2026-07-18 21:00:00,Cashfree,SUCCESS,2093.82,29.13,INR,2026-09-28 08:00:00
PAY000010413,ORD00009982,2026-01-21 11:00:00,Cashfree,SUCCESS,1208.69,3.8,Rs,2026-09-28 08:00:00
PAY000001356,ORD00001785,2026-04-15 22:00:00,PayU,REFUNDED,1558.97,11.56,INR,2026-09-28 08:00:00
PAY000013500,ORD00001493,2026-06-01 18:00:00,Stripe,REFUNDED,2186.82,22.36,inr,2026-09-28 08:00:00
PAY000006920,ORD00010649,2026-04-29 14:00:00,Stripe,REFUNDED,2492.31,16.94,INR,2026-09-28 08:00:00
PAY000005122,ORD00000046,2026-05-03 14:00:00,Razorpay,SUCCESS,2038.29,11.92,INR,2026-09-28 08:00:00
PAY000001508,ORD00006080,2026-08-17 14:00:00,Stripe,REFUNDED,2859.91,27.21,INR,2026-09-28 08:00:00
PAY000009027,ORD00009282,2026-02-26 22:00:00,Stripe,SUCCESS,428.58,30.52,INR,2026-09-28 08:00:00
PAY000001580,ORD00002291,2026-02-23 05:00:00,Stripe,SUCCESS,1846.89,17.31,INR,2026-09-28 08:00:00
PAY000003682,ORD00011717,2026-08-02 08:00:00,razorpay ,SUCCESS,1029.4,30.99,INR,2026-09-28 08:00:00
PAY000000245,ORD00005345,2026-02-21 06:00:00,Cashfree,SUCCESS,1470.38,19.94,Rs,2026-09-28 08:00:00
PAY000001858,ORD00007302,2026-01-22 14:00:00,Cashfree,SUCCESS,1007.22,4.57,INR,2026-09-28 08:00:00
PAY000004581,ORD00010197,2026-08-25 04:00:00,Cashfree,SUCCESS,2858.15,12.48,inr,2026-09-28 08:00:00
PAY000005630,ORD00002981,2026-03-05 22:00:00,PayU,REFUNDED,1812.64,4.27,INR,2026-09-28 08:00:00
PAY000000068,ORD00006562,2026-04-11 12:00:00,PayU,PENDING,688.85,31.28,INR,2026-09-28 08:00:00
PAY000013140,ORD00011302,2026-03-20 11:00:00,Razorpay,SUCCESS,1035.7,5.65,Rs,2026-09-28 08:00:00
PAY000002069,ORD00010636,2026-06-05 14:00:00,razorpay ,SUCCESS,488.14,12.19,INR,2026-09-28 08:00:00
PAY000004701,ORD00007751,2026-03-22 00:00:00,PayU,PENDING,582.96,7.2,Rs,2026-09-28 08:00:00
PAY000000194,ORD00006649,2026-01-08 04:00:00,Razorpay,SUCCESS,811.72,20.9,INR,2026-09-28 08:00:00
PAY000007319,ORD00004244,2026-06-27 05:00:00,Cashfree,SUCCESS,302.37,15.49,INR,2026-09-28 08:00:00
PAY000012368,ORD00000359,2026-06-15 13:00:00,Stripe,SUCCESS,1468.95,7.63,INR,2026-09-28 08:00:00
PAY000006539,ORD00000475,2026-08-21 02:00:00,Razorpay,SUCCESS,1308.19,18.3,Rs,2026-09-28 08:00:00
PAY000006931,ORD00000147,2026-05-26 09:00:00,razorpay ,SUCCESS,606.14,8.14,INR,2026-09-28 08:00:00
PAY000008106,ORD00004124,2026-05-03 07:00:00,Razorpay,FAILED,812.29,19.91,INR,2026-09-28 08:00:00
PAY000011996,ORD00008797,2026-01-16 21:00:00,Razorpay,PENDING,485.13,7.68,INR,2026-09-28 08:00:00
PAY000004563,ORD00008914,2026-06-25 00:00:00,PayU,REFUNDED,460.96,2.04,INR,2026-09-28 08:00:00
PAY000002535,ORD00004362,2026-02-23 17:00:00,razorpay ,SUCCESS,474.1,7.66,INR,2026-09-28 08:00:00
PAY000002580,ORD00002459,2026-03-29 11:00:00,razorpay ,SUCCESS,490.31,13.59,INR,2026-09-28 08:00:00
PAY000001835,ORD00003996,2026-05-21 11:00:00,Razorpay,FAILED,747.12,8.29,INR,2026-09-28 08:00:00
PAY000001976,ORD00002694,2026-02-13 23:00:00,Stripe,REFUNDED,779.38,31.62,INR,2026-09-28 08:00:00
PAY000002804,ORD00003610,2026-04-21 18:00:00,razorpay ,REFUNDED,883.73,4.89,INR,2026-09-28 08:00:00
PAY000012043,ORD00005112,2026-07-31 11:00:00,Cashfree,SUCCESS,952.93,32.37,INR,2026-09-28 08:00:00
PAY000009665,ORD00006819,2026-02-11 06:00:00,Stripe,SUCCESS,546.7,16.66,INR,2026-09-28 08:00:00
PAY000011434,ORD00007774,2026-01-12 12:00:00,Stripe,PENDING,1163.89,12.84,INR,2026-09-28 08:00:00
PAY000011432,ORD00003707,2026-02-10 06:00:00,Razorpay,SUCCESS,707.45,6.82,inr,2026-09-28 08:00:00
PAY000012766,ORD00010836,2026-08-01 12:00:00,PayU,SUCCESS,3129.18,24.21,INR,2026-09-28 08:00:00
PAY000010011,ORD00009020,2026-02-10 03:00:00,PayU,SUCCESS,2576.61,15.8,INR,2026-09-28 08:00:00
PAY000011170,ORD00001570,2026-08-21 22:00:00,Razorpay,SUCCESS,3013.78,22.13,inr,2026-09-28 08:00:00
PAY000002853,ORD00002453,2026-03-04 08:00:00,Cashfree,REFUNDED,1150.13,32.76,INR,2026-09-28 08:00:00
PAY000008822,ORD00011557,2026-04-07 21:00:00,PayU,SUCCESS,1475.3,17.27,INR,2026-09-28 08:00:00
PAY000010334,ORD00008328,2026-08-10 03:00:00,PayU,SUCCESS,1204.95,8.65,INR,2026-09-28 08:00:00
PAY000011005,ORD00011685,2026-07-08 20:00:00,Razorpay,SUCCESS,1604.12,32.56,INR,2026-09-28 08:00:00
PAY000004040,ORD00004258,2026-02-17 23:00:00,Cashfree,SUCCESS,4056.77,17.39,INR,2026-09-28 08:00:00
PAY000010733,ORD00002588,2026-08-26 11:00:00,razorpay ,FAILED,651.88,8.51,INR,2026-09-28 08:00:00
PAY000012833,ORD00010462,2026-06-29 00:00:00,PayU,SUCCESS,990.59,27.65,INR,2026-09-28 08:00:00
PAY000012919,ORD00000356,2026-05-02 09:00:00,Cashfree,SUCCESS,1172.25,13.39,INR,2026-09-28 08:00:00
PAY000001200,ORD00011858,2026-03-28 17:00:00,PayU,SUCCESS,1947.43,18.83,INR,2026-09-28 08:00:00
PAY000007208,ORD00000160,2026-07-19 07:00:00,Cashfree,REFUNDED,347.66,31.45,inr,2026-09-28 08:00:00
PAY000013450,ORD00009174,2026-01-01 18:00:00,Stripe,SUCCESS,1527.82,10.22,INR,2026-09-28 08:00:00
PAY000004644,ORD00005028,2026-02-22 19:00:00,PayU,SUCCESS,3058.35,20.74,INR,2026-09-28 08:00:00
PAY000002600,ORD00002557,2026-05-21 12:00:00,PayU,SUCCESS,1433.34,11.86,INR,2026-09-28 08:00:00
PAY000007648,ORD00009779,2026-03-27 03:00:00,Stripe,SUCCESS,1384.68,31.41,inr,2026-09-28 08:00:00
PAY000012747,ORD00011701,2026-01-13 03:00:00,Cashfree,REFUNDED,582.85,6.72,INR,2026-09-28 08:00:00
PAY000006140,ORD00009578,2026-01-21 04:00:00,razorpay ,PENDING,4838.98,20.68,INR,2026-09-28 08:00:00
PAY000012767,ORD00003238,2026-03-18 12:00:00,Stripe,FAILED,983.43,27.17,inr,2026-09-28 08:00:00
PAY000007318,ORD00003454,2026-03-28 02:00:00,Razorpay,REFUNDED,878.86,25.59,INR,2026-09-28 08:00:00
PAY000010317,ORD00001808,2026-06-14 11:00:00,PayU,SUCCESS,1321.01,8.85,INR,2026-09-28 08:00:00
PAY000008211,ORD00011112,2026-06-25 13:00:00,Stripe,PENDING,1232.4,10.93,INR,2026-09-28 08:00:00
PAY000012554,ORD00005938,2026-03-31 04:00:00,Cashfree,PENDING,1152.41,8.15,INR,2026-09-28 08:00:00
PAY000010682,ORD00002575,2026-08-17 21:00:00,Razorpay,SUCCESS,1103.8,9.51,INR,2026-09-28 08:00:00
PAY000002079,ORD00006134,2026-06-01 12:00:00,PayU,SUCCESS,2585.81,26.39,INR,2026-09-28 08:00:00
PAY000012248,ORD00008107,2026-07-05 19:00:00,Stripe,PENDING,1388.75,10.3,INR,2026-09-28 08:00:00
PAY000002827,ORD00003294,2026-06-11 12:00:00,Stripe,SUCCESS,374.61,17.47,INR,2026-09-28 08:00:00
PAY000007287,ORD00000363,2026-06-18 12:00:00,Stripe,SUCCESS,661.68,2.99,INR,2026-09-28 08:00:00
PAY000008635,ORD00006667,2026-01-03 22:00:00,Stripe,SUCCESS,1110.63,19.12,INR,2026-09-28 08:00:00
PAY000007344,ORD00004717,2026-02-19 12:00:00,Cashfree,SUCCESS,995.73,11.48,INR,2026-09-28 08:00:00
PAY000003418,ORD00000150,2026-03-15 19:00:00,Cashfree,SUCCESS,1423.81,12.49,INR,2026-09-28 08:00:00
PAY000009311,ORD00002544,2026-05-26 01:00:00,razorpay ,REFUNDED,834.92,5.64,INR,2026-09-28 08:00:00
PAY000009933,ORD00005146,2026-02-07 21:00:00,PayU,SUCCESS,1915.48,19.66,INR,2026-09-28 08:00:00
PAY000003184,ORD00011190,2026-04-09 10:00:00,Razorpay,REFUNDED,1201.16,10.42,INR,2026-09-28 08:00:00
PAY000001159,ORD00005718,2026-03-24 05:00:00,Razorpay,SUCCESS,1410.77,26.93,INR,2026-09-28 08:00:00
PAY000008055,ORD00005856,2026-01-22 07:00:00,Razorpay,REFUNDED,2090.12,12.31,INR,2026-09-28 08:00:00
PAY000008480,ORD00001660,2026-03-02 01:00:00,razorpay ,FAILED,693.79,25.73,INR,2026-09-28 08:00:00
PAY000001618,ORD00004611,2026-04-28 09:00:00,Stripe,FAILED,2276.06,24.04,INR,2026-09-28 08:00:00
PAY000011235,ORD00010413,2026-05-25 04:00:00,Razorpay,REFUNDED,2499.67,31.78,INR,2026-09-28 08:00:00
PAY000010365,ORD00005813,2026-06-10 23:00:00,PayU,FAILED,1348.2,22.23,INR,2026-09-28 08:00:00
PAY000009384,ORD00000098,2026-07-19 15:00:00,Stripe,REFUNDED,1001.42,34.74,INR,2026-09-28 08:00:00
PAY000002784,ORD00004919,2026-06-12 05:00:00,Stripe,SUCCESS,2282.21,4.34,Rs,2026-09-28 08:00:00
PAY000001786,ORD00000478,2026-01-14 01:00:00,razorpay ,PENDING,2362.52,2.03,INR,2026-09-28 08:00:00
PAY000010869,ORD00003350,2026-04-24 19:00:00,razorpay ,SUCCESS,841.86,19.47,INR,2026-09-28 08:00:00
PAY000011324,ORD00005825,2026-01-07 15:00:00,PayU,SUCCESS,537.65,6.71,INR,2026-09-28 08:00:00
PAY000010188,ORD00002197,2026-01-21 09:00:00,razorpay ,SUCCESS,1082.6,23.68,INR,2026-09-28 08:00:00
PAY000008244,ORD00005535,2026-04-08 21:00:00,PayU,PENDING,873.28,3.59,INR,2026-09-28 08:00:00
PAY000000360,ORD00000835,2026-05-03 11:00:00,Stripe,SUCCESS,1692.75,27.88,INR,2026-09-28 08:00:00
PAY000004900,ORD00011579,2026-05-26 19:00:00,PayU,FAILED,1088.49,13.41,INR,2026-09-28 08:00:00
PAY000002710,ORD00001336,2026-01-06 11:00:00,Stripe,REFUNDED,2345.23,18.86,INR,2026-09-28 08:00:00
PAY000003255,ORD00005132,2026-08-06 20:00:00,Razorpay,PENDING,557.71,23.8,INR,2026-09-28 08:00:00
PAY000008145,ORD00003135,2026-03-17 14:00:00,Razorpay,FAILED,812.27,13.56,inr,2026-09-28 08:00:00
PAY000007632,ORD00008621,2026-03-29 17:00:00,PayU,FAILED,753.93,14.74,INR,2026-09-28 08:00:00
PAY000010817,ORD00002337,2026-04-15 02:00:00,PayU,SUCCESS,1644.81,15.93,inr,2026-09-28 08:00:00
PAY000007453,ORD00005805,2026-02-27 12:00:00,Cashfree,SUCCESS,478.28,20.03,INR,2026-09-28 08:00:00
PAY000006209,ORD00003794,2026-06-10 14:00:00,Cashfree,SUCCESS,1971.71,19.71,INR,2026-09-28 08:00:00
PAY000005642,ORD00010694,2026-02-22 04:00:00,Stripe,PENDING,830.29,24.24,INR,2026-09-28 08:00:00
PAY000004768,ORD00003268,2026-08-18 23:00:00,Cashfree,SUCCESS,1363.97,19.94,Rs,2026-09-28 08:00:00
PAY000003385,ORD00004634,2026-02-12 17:00:00,Stripe,SUCCESS,1365.13,33.66,INR,2026-09-28 08:00:00
PAY000002281,ORD00006553,2026-08-14 18:00:00,Stripe,SUCCESS,800.67,12.47,INR,2026-09-28 08:00:00
PAY000004082,ORD00003319,2026-06-07 11:00:00,razorpay ,SUCCESS,455.39,30.3,INR,2026-09-28 08:00:00
PAY000000984,ORD00000423,2026-02-23 07:00:00,Razorpay,SUCCESS,1431.53,15.83,INR,2026-09-28 08:00:00
PAY000012750,ORD00001280,2026-06-23 22:00:00,Razorpay,REFUNDED,869.12,28.11,INR,2026-09-28 08:00:00
PAY000010367,ORD00010994,2026-01-30 06:00:00,PayU,SUCCESS,1254.54,27.69,INR,2026-09-28 08:00:00
PAY000004282,ORD00002213,2026-07-03 21:00:00,Stripe,SUCCESS,1183.93,18.69,INR,2026-09-28 08:00:00
PAY000001558,ORD00008555,2026-07-26 07:00:00,Stripe,REFUNDED,1079.14,25.61,INR,2026-09-28 08:00:00
PAY000007564,ORD00006306,2026-01-08 01:00:00,Cashfree,SUCCESS,1294.55,3.93,inr,2026-09-28 08:00:00
PAY000005855,ORD00002230,2026-01-07 13:00:00,Razorpay,SUCCESS,756.94,30.52,Rs,2026-09-28 08:00:00
PAY000002088,ORD00004471,2026-07-16 21:00:00,Stripe,SUCCESS,1494.75,9.29,INR,2026-09-28 08:00:00
PAY000004583,ORD00005537,2026-07-21 04:00:00,Stripe,SUCCESS,1852.61,4.32,INR,2026-09-28 08:00:00
PAY000009391,ORD00003577,2026-04-25 13:00:00,Razorpay,SUCCESS,545.07,11.61,inr,2026-09-28 08:00:00
PAY000008946,ORD00006582,2026-04-19 00:00:00,razorpay ,REFUNDED,1806.49,15.51,Rs,2026-09-28 08:00:00
PAY000008002,ORD00002528,2026-01-09 09:00:00,PayU,SUCCESS,807.54,29.52,INR,2026-09-28 08:00:00
PAY000009695,ORD00004868,2026-08-25 13:00:00,PayU,REFUNDED,963.87,29.39,INR,2026-09-28 08:00:00
PAY000011920,ORD00005364,2026-02-26 20:00:00,PayU,SUCCESS,1725.93,33.8,INR,2026-09-28 08:00:00
PAY000006304,ORD00006588,2026-01-09 00:00:00,Cashfree,PENDING,835.32,29.52,inr,2026-09-28 08:00:00
PAY000010530,ORD00007815,2026-01-27 08:00:00,Stripe,SUCCESS,619.31,34.47,INR,2026-09-28 08:00:00
PAY000009140,ORD00009120,2026-05-15 05:00:00,Razorpay,SUCCESS,2859.31,34.93,INR,2026-09-28 08:00:00
PAY000008043,ORD00006944,2026-02-08 22:00:00,razorpay ,FAILED,2667.63,34.21,INR,2026-09-28 08:00:00
PAY000010746,ORD00000344,2026-02-11 14:00:00,PayU,FAILED,2690.63,34.37,inr,2026-09-28 08:00:00
PAY000010721,ORD00005172,2026-05-04 10:00:00,Cashfree,SUCCESS,1654.7,33.59,INR,2026-09-28 08:00:00
PAY000005219,ORD00009058,2026-01-29 10:00:00,PayU,FAILED,716.31,30.92,INR,2026-09-28 08:00:00
PAY000000408,ORD00006642,2026-01-10 18:00:00,razorpay ,REFUNDED,1360.83,13.23,INR,2026-09-28 08:00:00
PAY000003336,ORD00010421,2026-01-18 02:00:00,PayU,SUCCESS,1462.22,23.28,INR,2026-09-28 08:00:00
PAY000000049,ORD00002730,2026-01-06 02:00:00,Stripe,REFUNDED,1234.14,16.55,INR,2026-09-28 08:00:00
PAY000002466,ORD00008491,2026-05-28 08:00:00,PayU,SUCCESS,1143.99,28.93,INR,2026-09-28 08:00:00
PAY000011004,ORD00009223,2026-08-27 07:00:00,Stripe,SUCCESS,445.77,3.41,inr,2026-09-28 08:00:00
PAY000001172,ORD00009150,2026-06-24 17:00:00,razorpay ,REFUNDED,507.91,8.17,inr,2026-09-28 08:00:00
PAY000012911,ORD00007734,2026-06-24 01:00:00,PayU,REFUNDED,1001.01,17.56,INR,2026-09-28 08:00:00
PAY000004055,ORD00003051,2026-08-08 23:00:00,Razorpay,PENDING,739.78,2.85,INR,2026-09-28 08:00:00
PAY000009618,ORD00009883,2026-08-24 14:00:00,Stripe,SUCCESS,2127.57,26.24,INR,2026-09-28 08:00:00
PAY000000976,ORD00007535,2026-06-11 08:00:00,Razorpay,SUCCESS,1769.05,3.85,inr,2026-09-28 08:00:00
PAY000012490,ORD00006781,2026-03-29 15:00:00,PayU,SUCCESS,4724.08,13.48,INR,2026-09-28 08:00:00
PAY000007675,ORD00005280,2026-03-09 04:00:00,PayU,SUCCESS,1170.87,23.81,inr,2026-09-28 08:00:00
PAY000011668,ORD00011274,2026-06-12 23:00:00,Razorpay,PENDING,1053.83,31.74,Rs,2026-09-28 08:00:00
PAY000011356,ORD00003109,2026-07-26 04:00:00,Stripe,FAILED,5308.96,26.75,INR,2026-09-28 08:00:00
PAY000007355,ORD00010192,2026-07-03 19:00:00,Razorpay,SUCCESS,3456.38,9.53,INR,2026-09-28 08:00:00
PAY000007391,ORD00000259,2026-07-08 16:00:00,Cashfree,SUCCESS,1088.09,32.8,INR,2026-09-28 08:00:00
PAY000001689,ORD00001724,2026-02-17 21:00:00,PayU,REFUNDED,888.88,20.65,INR,2026-09-28 08:00:00
PAY000010420,ORD00010563,2026-07-18 01:00:00,Razorpay,SUCCESS,1726.53,13.73,INR,2026-09-28 08:00:00
PAY000010909,ORD00004753,2026-07-02 17:00:00,Cashfree,SUCCESS,1294.14,2.85,inr,2026-09-28 08:00:00
PAY000007366,ORD00009969,2026-02-25 00:00:00,Stripe,SUCCESS,851.82,26.98,INR,2026-09-28 08:00:00
PAY000004950,ORD00006267,2026-02-26 17:00:00,Cashfree,SUCCESS,1464.5,13.89,INR,2026-09-28 08:00:00
PAY000005236,ORD00008129,2026-03-16 11:00:00,PayU,FAILED,603.24,21.5,INR,2026-09-28 08:00:00
PAY000009522,ORD00001214,2026-01-29 20:00:00,PayU,SUCCESS,1521.15,14.41,INR,2026-09-28 08:00:00
PAY000009748,ORD00006793,2026-06-25 19:00:00,razorpay ,SUCCESS,402.59,14.55,INR,2026-09-28 08:00:00
PAY000007115,ORD00011458,2026-04-07 01:00:00,PayU,SUCCESS,636.51,6.62,INR,2026-09-28 08:00:00
PAY000001873,ORD00005312,2026-05-21 02:00:00,PayU,SUCCESS,1060.73,3.5,INR,2026-09-28 08:00:00
PAY000008216,ORD00003094,2026-01-06 21:00:00,RAZORPAY,SUCCESS,349.35,24.43,INR,2026-09-28 08:00:00
PAY000002456,ORD00000128,2026-07-13 04:00:00,Razorpay,SUCCESS,1031.18,17.81,INR,2026-09-28 08:00:00
PAY000000811,ORD00006658,2026-08-10 19:00:00,Cashfree,REFUNDED,985.51,24.18,INR,2026-09-28 08:00:00
PAY000003815,ORD00002729,2026-07-25 08:00:00,Stripe,SUCCESS,1419.99,18.45,INR,2026-09-28 08:00:00
PAY000010361,ORD00011850,2026-05-20 14:00:00,razorpay ,SUCCESS,316.45,9.32,INR,2026-09-28 08:00:00
PAY000000111,ORD00002368,2026-08-18 15:00:00,Cashfree,SUCCESS,1405.48,34.56,INR,2026-09-28 08:00:00
PAY000004537,ORD00001963,2026-08-02 08:00:00,razorpay ,PENDING,2708.26,13.14,INR,2026-09-28 08:00:00
PAY000002450,ORD00004820,2026-01-24 00:00:00,Stripe,SUCCESS,2572.25,16.11,INR,2026-09-28 08:00:00
PAY000012862,ORD00005588,2026-02-22 11:00:00,Razorpay,FAILED,2343.61,34.54,INR,2026-09-28 08:00:00
PAY000010684,ORD00010877,2026-01-16 18:00:00,Cashfree,SUCCESS,795.01,27.7,INR,2026-09-28 08:00:00
PAY000005382,ORD00001034,2026-04-30 19:00:00,PayU,REFUNDED,1341.87,32.84,INR,2026-09-28 08:00:00
PAY000001473,ORD00002525,2026-07-04 10:00:00,Cashfree,SUCCESS,1332.81,32.59,inr,2026-09-28 08:00:00
PAY000001926,ORD00008511,2026-01-15 01:00:00,razorpay ,FAILED,883.25,16.16,INR,2026-09-28 08:00:00
PAY000011605,ORD00000606,2026-07-26 20:00:00,Razorpay,SUCCESS,2168.37,25.96,inr,2026-09-28 08:00:00
PAY000001435,ORD00006822,2026-03-11 19:00:00,PayU,REFUNDED,722.97,9.17,INR,2026-09-28 08:00:00
PAY000007403,ORD00009746,2026-08-22 18:00:00,Stripe,SUCCESS,5687.41,21.59,INR,2026-09-28 08:00:00
PAY000009046,ORD00001947,2026-03-15 11:00:00,PayU,SUCCESS,1435.08,25.28,INR,2026-09-28 08:00:00
PAY000006816,ORD00010465,2026-08-01 03:00:00,Cashfree,SUCCESS,1001.2,22.84,INR,2026-09-28 08:00:00
PAY000002877,ORD00001557,2026-03-14 06:00:00,Stripe,SUCCESS,708.78,23.1,INR,2026-09-28 08:00:00
PAY000000339,ORD00011968,2026-04-01 18:00:00,razorpay ,FAILED,700.36,27.52,INR,2026-09-28 08:00:00
PAY000000410,ORD00002867,2026-04-16 00:00:00,Stripe,SUCCESS,909.78,21.86,INR,2026-09-28 08:00:00
PAY000012243,ORD00006869,2026-04-08 16:00:00,razorpay ,REFUNDED,1747.81,3.91,INR,2026-09-28 08:00:00
PAY000006232,ORD00004738,2026-02-27 10:00:00,Razorpay,REFUNDED,1860.64,26.54,INR,2026-09-28 08:00:00
PAY000002314,ORD00000189,2026-02-09 11:00:00,Razorpay,SUCCESS,5689.4,12.05,Rs,2026-09-28 08:00:00
PAY000000002,ORD00004461,2026-02-07 15:00:00,Stripe,SUCCESS,1520.31,3.54,INR,2026-09-28 08:00:00
PAY000006788,ORD00003103,2026-07-05 14:00:00,Razorpay,SUCCESS,2553.65,34.49,INR,2026-09-28 08:00:00
PAY000002425,ORD00009967,2026-06-06 07:00:00,razorpay ,SUCCESS,305.57,4.09,INR,2026-09-28 08:00:00
PAY000007932,ORD00004138,2026-05-03 16:00:00,Cashfree,FAILED,644.3,9.47,INR,2026-09-28 08:00:00
PAY000011127,ORD00005525,2026-08-09 21:00:00,Cashfree,SUCCESS,1889.73,29.77,INR,2026-09-28 08:00:00
PAY000005050,ORD00008535,2026-04-02 02:00:00,Razorpay,SUCCESS,818.52,33.64,INR,2026-09-28 08:00:00
PAY000012297,ORD00006574,2026-08-28 13:00:00,Stripe,PENDING,713.21,29.9,INR,2026-09-28 08:00:00
PAY000001318,ORD00003622,2026-08-04 22:00:00,razorpay ,SUCCESS,1915.83,6.22,INR,2026-09-28 08:00:00
PAY000000347,ORD00011514,2026-02-20 03:00:00,Cashfree,SUCCESS,949.0,3.27,Rs,2026-09-28 08:00:00
PAY000000789,ORD00008000,2026-01-16 04:00:00,Stripe,SUCCESS,1147.17,31.6,inr,2026-09-28 08:00:00
PAY000005293,ORD00004057,2026-08-13 06:00:00,Stripe,SUCCESS,665.28,15.36,INR,2026-09-28 08:00:00
PAY000002889,ORD00009477,2026-02-09 13:00:00,razorpay ,FAILED,1279.81,4.79,Rs,2026-09-28 08:00:00
PAY000005253,ORD00001334,2026-02-06 20:00:00,Cashfree,SUCCESS,422.08,9.43,INR,2026-09-28 08:00:00
PAY000003056,ORD00008397,2026-03-14 19:00:00,Cashfree,SUCCESS,630.11,13.25,INR,2026-09-28 08:00:00
PAY000009456,ORD00000173,2026-03-19 02:00:00,Razorpay,REFUNDED,884.28,10.27,INR,2026-09-28 08:00:00
PAY000006717,ORD00011342,2026-03-13 07:00:00,RAZORPAY,SUCCESS,745.71,6.6,INR,2026-09-28 08:00:00
PAY000005280,ORD00000303,2026-06-30 01:00:00,PayU,PENDING,1189.87,27.93,INR,2026-09-28 08:00:00
PAY000010837,ORD00004130,2026-08-03 16:00:00,Cashfree,REFUNDED,1296.73,15.44,INR,2026-09-28 08:00:00
PAY000000196,ORD00002803,2026-01-22 04:00:00,razorpay ,PENDING,1955.79,17.0,INR,2026-09-28 08:00:00
PAY000006467,ORD00008106,2026-08-18 23:00:00,Razorpay,SUCCESS,635.31,15.94,INR,2026-09-28 08:00:00
PAY000000268,ORD00011733,2026-03-14 14:00:00,PayU,SUCCESS,1697.11,3.87,Rs,2026-09-28 08:00:00
PAY000000647,ORD00011487,2026-03-09 15:00:00,Razorpay,REFUNDED,1127.09,26.57,INR,2026-09-28 08:00:00
PAY000005521,ORD00005348,2026-01-26 10:00:00,razorpay ,PENDING,975.64,10.11,INR,2026-09-28 08:00:00
PAY000000123,ORD00011862,2026-01-29 22:00:00,PayU,SUCCESS,296.16,20.38,inr,2026-09-28 08:00:00
PAY000004528,ORD00008424,2026-08-26 22:00:00,Razorpay,PENDING,1149.63,26.26,inr,2026-09-28 08:00:00
PAY000011587,ORD00003869,2026-05-08 09:00:00,Razorpay,SUCCESS,1405.64,15.87,INR,2026-09-28 08:00:00
PAY000012383,ORD00005941,2026-03-21 18:00:00,Razorpay,SUCCESS,747.12,25.85,inr,2026-09-28 08:00:00
PAY000004949,ORD00007202,2026-04-10 09:00:00,Stripe,SUCCESS,2074.56,14.6,INR,2026-09-28 08:00:00
PAY000009473,ORD00002333,2026-02-20 23:00:00,PayU,PENDING,1341.63,22.74,INR,2026-09-28 08:00:00
PAY000011769,ORD00009220,2026-02-25 22:00:00,Cashfree,SUCCESS,645.63,19.29,INR,2026-09-28 08:00:00
PAY000008392,ORD00001248,2026-07-17 05:00:00,Cashfree,FAILED,362.33,15.74,INR,2026-09-28 08:00:00
PAY000005659,ORD00002227,2026-04-20 15:00:00,Cashfree,SUCCESS,1828.58,14.91,INR,2026-09-28 08:00:00
PAY000001072,ORD00007352,2026-04-02 19:00:00,razorpay ,SUCCESS,1729.62,8.73,INR,2026-09-28 08:00:00
PAY000010005,ORD00004935,2026-07-06 11:00:00,razorpay ,SUCCESS,1479.41,30.92,INR,2026-09-28 08:00:00
PAY000005632,ORD00008635,2026-08-20 23:00:00,Cashfree,SUCCESS,879.44,32.09,INR,2026-09-28 08:00:00
PAY000007994,ORD00007665,2026-06-06 08:00:00,razorpay ,SUCCESS,1771.28,14.86,INR,2026-09-28 08:00:00
PAY000003152,ORD00000041,2026-04-13 05:00:00,Cashfree,PENDING,202.79,33.24,inr,2026-09-28 08:00:00
PAY000005255,ORD00005169,2026-05-27 12:00:00,Stripe,PENDING,797.88,8.39,INR,2026-09-28 08:00:00
PAY000006734,ORD00005449,2026-04-02 06:00:00,Razorpay,SUCCESS,2382.24,23.86,INR,2026-09-28 08:00:00
PAY000009857,ORD00004247,2026-04-18 03:00:00,Cashfree,PENDING,1092.06,27.02,INR,2026-09-28 08:00:00
PAY000006607,ORD00003903,2026-01-23 12:00:00,razorpay ,REFUNDED,776.87,23.32,INR,2026-09-28 08:00:00
PAY000010623,ORD00000841,2026-06-05 04:00:00,Razorpay,REFUNDED,2066.82,9.75,INR,2026-09-28 08:00:00
PAY000006602,ORD00005822,2026-02-16 05:00:00,Stripe,SUCCESS,639.39,15.53,INR,2026-09-28 08:00:00
PAY000004459,ORD00002626,2026-08-22 11:00:00,Razorpay,SUCCESS,1405.76,22.01,INR,2026-09-28 08:00:00
PAY000000142,ORD00004643,2026-01-18 06:00:00,Stripe,SUCCESS,1359.53,15.9,INR,2026-09-28 08:00:00
PAY000002954,ORD00008920,2026-04-12 23:00:00,PayU,REFUNDED,2017.03,5.03,INR,2026-09-28 08:00:00
PAY000011365,ORD00002924,2026-07-06 23:00:00,Stripe,SUCCESS,346.68,12.51,INR,2026-09-28 08:00:00
PAY000012729,ORD00005447,2026-08-10 05:00:00,Cashfree,REFUNDED,1688.14,9.46,INR,2026-09-28 08:00:00
PAY000010847,ORD00003241,2026-06-22 02:00:00,Stripe,PENDING,453.22,4.33,INR,2026-09-28 08:00:00
PAY000009208,ORD00002258,2026-01-27 22:00:00,Stripe,PENDING,666.41,13.02,INR,2026-09-28 08:00:00
PAY000008525,ORD00006349,2026-01-27 13:00:00,Stripe,SUCCESS,2846.64,5.41,inr,2026-09-28 08:00:00
PAY000006229,ORD00005842,2026-07-16 16:00:00,razorpay ,PENDING,922.51,26.99,INR,2026-09-28 08:00:00
PAY000003482,ORD00007898,2026-01-26 16:00:00,PayU,SUCCESS,404.55,30.88,INR,2026-09-28 08:00:00
PAY000009019,ORD00007010,2026-04-21 14:00:00,Razorpay,SUCCESS,1988.32,14.0,Rs,2026-09-28 08:00:00
PAY000003050,ORD00001517,2026-02-23 21:00:00,PayU,SUCCESS,1289.9,25.15,INR,2026-09-28 08:00:00
PAY000010529,ORD00007431,2026-05-14 18:00:00,Razorpay,FAILED,437.96,2.07,INR,2026-09-28 08:00:00
PAY000003287,ORD00007141,2026-01-06 03:00:00,PayU,PENDING,788.82,13.72,INR,2026-09-28 08:00:00
PAY000002002,ORD00000130,2026-02-27 22:00:00,PayU,FAILED,1709.3,5.56,INR,2026-09-28 08:00:00
PAY000000741,ORD00010145,2026-02-27 06:00:00,PayU,REFUNDED,1207.21,6.52,INR,2026-09-28 08:00:00
PAY000012400,ORD00001316,2026-04-27 19:00:00,PayU,REFUNDED,1245.58,31.47,inr,2026-09-28 08:00:00
PAY000001879,ORD00008584,2026-07-08 01:00:00,razorpay ,SUCCESS,2364.73,30.62,inr,2026-09-28 08:00:00
PAY000001331,ORD00001974,2026-05-21 13:00:00,Razorpay,PENDING,1455.01,7.37,Rs,2026-09-28 08:00:00
PAY000011673,ORD00008699,2026-07-27 13:00:00,Razorpay,SUCCESS,1260.42,22.02,INR,2026-09-28 08:00:00
PAY000012495,ORD00007761,2026-08-15 04:00:00,Stripe,FAILED,797.4,29.35,INR,2026-09-28 08:00:00
PAY000001348,ORD00009094,2026-05-17 12:00:00,PayU,SUCCESS,2259.62,17.46,INR,2026-09-28 08:00:00
PAY000008797,ORD00007082,2026-08-21 16:00:00,Cashfree,SUCCESS,835.0,21.07,INR,2026-09-28 08:00:00
PAY000005331,ORD00002225,2026-03-31 23:00:00,razorpay ,PENDING,1635.19,34.39,INR,2026-09-28 08:00:00
PAY000000539,ORD00010921,2026-05-03 00:00:00,PayU,PENDING,1998.89,19.18,INR,2026-09-28 08:00:00
PAY000001222,ORD00000050,2026-08-25 04:00:00,PayU,SUCCESS,3132.57,3.35,INR,2026-09-28 08:00:00
PAY000010039,ORD00007136,2026-08-24 16:00:00,PayU,PENDING,1281.26,27.08,INR,2026-09-28 08:00:00
PAY000001312,ORD00006912,2026-07-18 00:00:00,Stripe,PENDING,2094.55,24.2,INR,2026-09-28 08:00:00
PAY000007275,ORD00011710,2026-05-21 18:00:00,Stripe,SUCCESS,739.05,6.37,INR,2026-09-28 08:00:00
PAY000012736,ORD00007631,2026-08-10 14:00:00,razorpay ,REFUNDED,2753.98,20.44,INR,2026-09-28 08:00:00
PAY000012026,ORD00006684,2026-08-14 05:00:00,razorpay ,SUCCESS,2181.44,15.78,INR,2026-09-28 08:00:00
PAY000000940,ORD00005310,2026-03-01 22:00:00,Razorpay,PENDING,896.96,31.5,INR,2026-09-28 08:00:00
PAY000009744,ORD00000153,2026-05-24 00:00:00,razorpay ,SUCCESS,1292.81,15.92,INR,2026-09-28 08:00:00
PAY000003506,ORD00011147,2026-05-31 22:00:00,PayU,REFUNDED,1419.14,33.27,inr,2026-09-28 08:00:00
PAY000002434,ORD00006126,2026-07-21 02:00:00,Stripe,FAILED,384.78,16.29,INR,2026-09-28 08:00:00
PAY000012691,ORD00008982,2026-08-03 01:00:00,razorpay ,PENDING,1985.43,26.05,INR,2026-09-28 08:00:00
PAY000013396,ORD00001295,2026-08-14 08:00:00,Stripe,FAILED,1123.82,25.71,INR,2026-09-28 08:00:00
PAY000010532,ORD00000321,2026-06-10 14:00:00,razorpay ,REFUNDED,755.13,31.56,INR,2026-09-28 08:00:00
PAY000001773,ORD00000085,2026-07-27 13:00:00,PayU,SUCCESS,2251.49,20.12,INR,2026-09-28 08:00:00
PAY000000533,ORD00009663,2026-01-01 11:00:00,Cashfree,PENDING,728.06,26.44,INR,2026-09-28 08:00:00
PAY000004124,ORD00002514,2026-04-12 10:00:00,Cashfree,PENDING,1098.11,23.92,INR,2026-09-28 08:00:00
PAY000004545,ORD00010614,2026-07-10 12:00:00,PayU,SUCCESS,976.27,11.52,Rs,2026-09-28 08:00:00
PAY000008495,ORD00000646,2026-03-26 18:00:00,razorpay ,FAILED,425.93,6.11,INR,2026-09-28 08:00:00
PAY000009204,ORD00001798,2026-07-30 09:00:00,razorpay ,FAILED,1899.34,14.14,INR,2026-09-28 08:00:00
PAY000010673,ORD00006314,2026-07-31 20:00:00,PayU,REFUNDED,2596.01,19.27,INR,2026-09-28 08:00:00
PAY000002538,ORD00011760,2026-08-06 04:00:00,Razorpay,PENDING,1790.67,12.8,INR,2026-09-28 08:00:00
PAY000004168,ORD00008075,2026-04-26 12:00:00,Stripe,SUCCESS,1926.84,21.27,INR,2026-09-28 08:00:00
PAY000005149,ORD00000268,2026-01-23 00:00:00,Cashfree,REFUNDED,721.03,7.76,INR,2026-09-28 08:00:00
PAY000010368,ORD00000456,2026-03-15 06:00:00,Stripe,SUCCESS,2277.5,2.92,INR,2026-09-28 08:00:00
PAY000005669,ORD00005918,2026-04-01 04:00:00,Razorpay,SUCCESS,806.46,13.25,INR,2026-09-28 08:00:00
PAY000013160,ORD00010226,2026-08-01 04:00:00,Razorpay,SUCCESS,3614.98,28.58,inr,2026-09-28 08:00:00
PAY000002897,ORD00001640,2026-01-06 04:00:00,Cashfree,SUCCESS,1071.19,20.49,INR,2026-09-28 08:00:00
PAY000003548,ORD00006330,2026-06-28 11:00:00,PayU,SUCCESS,2213.3,10.63,INR,2026-09-28 08:00:00
PAY000007670,ORD00011425,2026-07-07 08:00:00,Cashfree,SUCCESS,2411.17,3.67,INR,2026-09-28 08:00:00
PAY000011357,ORD00008113,2026-02-22 15:00:00,Stripe,FAILED,655.43,17.04,INR,2026-09-28 08:00:00
PAY000001872,ORD00010682,2026-03-29 01:00:00,PayU,SUCCESS,2801.18,16.1,INR,2026-09-28 08:00:00
PAY000012983,ORD00011087,2026-02-10 07:00:00,Razorpay,SUCCESS,528.67,13.5,INR,2026-09-28 08:00:00
PAY000005224,ORD00003615,2026-08-05 20:00:00,Cashfree,PENDING,779.2,19.53,INR,2026-09-28 08:00:00
PAY000001728,ORD00002628,2026-01-09 18:00:00,Stripe,FAILED,775.53,32.32,INR,2026-09-28 08:00:00
PAY000008190,ORD00007044,2026-04-09 19:00:00,PayU,REFUNDED,683.0,20.28,INR,2026-09-28 08:00:00
PAY000011452,ORD00001858,2026-04-21 05:00:00,razorpay ,PENDING,841.23,30.56,inr,2026-09-28 08:00:00
PAY000013195,ORD00005827,2026-02-26 20:00:00,razorpay ,SUCCESS,5120.16,8.59,INR,2026-09-28 08:00:00
PAY000004252,ORD00009569,2026-01-26 10:00:00,razorpay ,SUCCESS,522.51,33.99,inr,2026-09-28 08:00:00
PAY000002564,ORD00010590,2026-04-07 19:00:00,Cashfree,PENDING,1934.17,21.71,INR,2026-09-28 08:00:00
PAY000002438,ORD00008845,2026-04-11 00:00:00,razorpay ,FAILED,482.66,26.49,INR,2026-09-28 08:00:00
PAY000002530,ORD00010059,2026-03-19 23:00:00,Razorpay,SUCCESS,487.21,19.92,INR,2026-09-28 08:00:00
PAY000004441,ORD00002617,2026-01-29 04:00:00,razorpay ,SUCCESS,2206.13,14.3,INR,2026-09-28 08:00:00
PAY000007203,ORD00010812,2026-08-09 09:00:00,Stripe,SUCCESS,1330.48,24.58,INR,2026-09-28 08:00:00
PAY000012952,ORD00010953,2026-05-24 04:00:00,Stripe,REFUNDED,298.58,5.15,INR,2026-09-28 08:00:00
PAY000001497,ORD00008774,2026-06-10 02:00:00,razorpay ,FAILED,547.48,25.9,INR,2026-09-28 08:00:00
PAY000003179,ORD00007715,2026-04-21 09:00:00,razorpay ,REFUNDED,698.41,23.26,inr,2026-09-28 08:00:00
PAY000001468,ORD00004122,2026-03-20 16:00:00,Stripe,FAILED,4937.81,5.57,INR,2026-09-28 08:00:00
PAY000012810,ORD00004776,2026-07-16 07:00:00,razorpay ,SUCCESS,730.42,3.64,INR,2026-09-28 08:00:00
PAY000013103,ORD00004029,2026-04-23 03:00:00,Cashfree,SUCCESS,1051.18,13.23,Rs,2026-09-28 08:00:00
PAY000000721,ORD00006374,2026-02-15 15:00:00,Cashfree,REFUNDED,1946.21,8.31,inr,2026-09-28 08:00:00
PAY000000767,ORD00005223,2026-01-06 03:00:00,PayU,SUCCESS,2082.0,16.84,INR,2026-09-28 08:00:00
PAY000013052,ORD00005805,2026-07-06 04:00:00,Razorpay,SUCCESS,837.59,3.14,INR,2026-09-28 08:00:00
PAY000013186,ORD00011461,2026-02-05 13:00:00,Stripe,FAILED,580.9,6.59,INR,2026-09-28 08:00:00
PAY000013498,ORD00007580,2026-02-19 10:00:00,razorpay ,SUCCESS,293.41,26.16,INR,2026-09-28 08:00:00
PAY000005154,ORD00010920,2026-06-19 00:00:00,Cashfree,SUCCESS,627.73,18.88,INR,2026-09-28 08:00:00
PAY000003102,ORD00004268,2026-02-25 12:00:00,razorpay ,FAILED,750.3,10.92,INR,2026-09-28 08:00:00
PAY000000941,ORD00007021,2026-04-07 11:00:00,PayU,PENDING,1523.34,23.02,INR,2026-09-28 08:00:00
PAY000000745,ORD00002948,2026-05-16 03:00:00,razorpay ,FAILED,1137.8,10.35,INR,2026-09-28 08:00:00
PAY000006266,ORD00004354,2026-06-10 17:00:00,Razorpay,REFUNDED,682.86,29.3,INR,2026-09-28 08:00:00
PAY000005161,ORD00001405,2026-01-20 06:00:00,Razorpay,PENDING,717.59,13.36,INR,2026-09-28 08:00:00
PAY000005404,ORD00009494,2026-01-06 05:00:00,Stripe,SUCCESS,1564.59,8.73,INR,2026-09-28 08:00:00
PAY000009666,ORD00005479,2026-07-02 11:00:00,Stripe,SUCCESS,1092.11,7.72,INR,2026-09-28 08:00:00
PAY000010185,ORD00000543,2026-02-22 21:00:00,razorpay ,PENDING,2098.5,24.72,INR,2026-09-28 08:00:00
PAY000003391,ORD00006811,2026-07-27 23:00:00,Cashfree,SUCCESS,754.9,20.7,INR,2026-09-28 08:00:00
PAY000010725,ORD00001300,2026-01-13 21:00:00,Razorpay,SUCCESS,1376.28,7.29,Rs,2026-09-28 08:00:00
PAY000006223,ORD00007731,2026-05-07 01:00:00,razorpay ,PENDING,1240.05,8.92,INR,2026-09-28 08:00:00
PAY000004097,ORD00007833,2026-05-08 11:00:00,Cashfree,SUCCESS,1372.77,24.53,INR,2026-09-28 08:00:00
PAY000006656,ORD00002925,2026-07-13 11:00:00,Razorpay,PENDING,999.44,19.15,INR,2026-09-28 08:00:00
PAY000011241,ORD00004746,2026-05-15 01:00:00,Razorpay,PENDING,682.38,10.59,INR,2026-09-28 08:00:00
PAY000006400,ORD00009867,2026-03-22 15:00:00,Razorpay,SUCCESS,553.43,15.98,INR,2026-09-28 08:00:00
PAY000011678,ORD00010073,2026-06-04 03:00:00,Stripe,PENDING,1849.11,4.31,INR,2026-09-28 08:00:00
PAY000012027,ORD00007085,2026-07-25 08:00:00,razorpay ,REFUNDED,520.58,22.13,INR,2026-09-28 08:00:00
PAY000002232,ORD00008811,2026-04-11 14:00:00,PayU,FAILED,1965.21,25.61,INR,2026-09-28 08:00:00
PAY000003954,ORD00007920,2026-04-29 13:00:00,PayU,FAILED,1176.3,22.52,INR,2026-09-28 08:00:00
PAY000009062,ORD00008939,2026-02-07 01:00:00,Razorpay,REFUNDED,3027.8,9.5,INR,2026-09-28 08:00:00
PAY000011503,ORD00004437,2026-07-23 14:00:00,Cashfree,FAILED,1614.98,4.26,INR,2026-09-28 08:00:00
PAY000008238,ORD00005872,2026-01-12 15:00:00,PayU,REFUNDED,1363.93,13.38,inr,2026-09-28 08:00:00
PAY000010283,ORD00008868,2026-07-23 13:00:00,Cashfree,PENDING,783.9,31.2,INR,2026-09-28 08:00:00
PAY000012441,ORD00011390,2026-04-13 20:00:00,PayU,FAILED,692.96,19.84,INR,2026-09-28 08:00:00
PAY000010988,ORD00004218,2026-03-29 20:00:00,PayU,SUCCESS,1380.96,30.27,Rs,2026-09-28 08:00:00
PAY000010999,ORD00007437,2026-06-04 13:00:00,Cashfree,SUCCESS,1056.74,6.05,Rs,2026-09-28 08:00:00
PAY000001979,ORD00001281,2026-08-24 08:00:00,Razorpay,SUCCESS,450.1,30.55,INR,2026-09-28 08:00:00
PAY000000058,ORD00001206,2026-04-28 21:00:00,Cashfree,SUCCESS,2288.43,18.79,inr,2026-09-28 08:00:00
PAY000001897,ORD00011560,2026-05-19 04:00:00,Stripe,SUCCESS,743.64,23.55,Rs,2026-09-28 08:00:00
PAY000008977,ORD00010859,2026-06-01 17:00:00,Razorpay,SUCCESS,3881.23,34.0,INR,2026-09-28 08:00:00
PAY000007899,ORD00003054,2026-01-09 02:00:00,razorpay ,SUCCESS,733.42,3.57,INR,2026-09-28 08:00:00
PAY000012931,ORD00010869,2026-06-21 21:00:00,Cashfree,SUCCESS,994.02,4.18,INR,2026-09-28 08:00:00
PAY000013416,ORD00006818,2026-05-31 02:00:00,PayU,FAILED,1107.29,9.73,INR,2026-09-28 08:00:00
PAY000005049,ORD00008745,2026-08-10 07:00:00,Stripe,SUCCESS,3249.92,26.57,INR,2026-09-28 08:00:00
PAY000000483,ORD00003420,2026-03-18 20:00:00,Razorpay,SUCCESS,1957.84,12.27,INR,2026-09-28 08:00:00
PAY000012451,ORD00003005,2026-05-24 10:00:00,Razorpay,SUCCESS,1780.93,3.72,INR,2026-09-28 08:00:00
PAY000010858,ORD00011442,2026-08-03 15:00:00,Cashfree,SUCCESS,729.4,4.89,INR,2026-09-28 08:00:00
PAY000013281,ORD00001327,2026-08-27 15:00:00,Razorpay,SUCCESS,5379.27,12.79,INR,2026-09-28 08:00:00
PAY000002992,ORD00004552,2026-06-04 09:00:00,Razorpay,FAILED,3842.98,5.19,inr,2026-09-28 08:00:00
PAY000013439,ORD00007286,2026-02-16 23:00:00,Stripe,SUCCESS,6785.1,33.24,INR,2026-09-28 08:00:00
PAY000007367,ORD00008403,2026-08-05 20:00:00,Stripe,REFUNDED,1152.15,8.25,INR,2026-09-28 08:00:00
PAY000002973,ORD00008942,2026-01-02 20:00:00,PayU,PENDING,457.57,7.18,INR,2026-09-28 08:00:00
PAY000006867,ORD00003091,2026-06-07 18:00:00,Stripe,SUCCESS,1448.58,9.48,INR,2026-09-28 08:00:00
PAY000006850,ORD00004732,2026-05-25 01:00:00,Stripe,SUCCESS,525.89,14.08,INR,2026-09-28 08:00:00
PAY000005723,ORD00010590,2026-03-16 02:00:00,Cashfree,FAILED,563.44,9.37,INR,2026-09-28 08:00:00
PAY000004965,ORD00003946,2026-04-17 07:00:00,Stripe,PENDING,2048.67,27.89,INR,2026-09-28 08:00:00
PAY000007042,ORD00002682,2026-05-27 21:00:00,razorpay ,FAILED,2751.28,25.37,INR,2026-09-28 08:00:00
PAY000007332,ORD00006401,2026-03-13 14:00:00,PayU,SUCCESS,617.64,29.59,inr,2026-09-28 08:00:00
PAY000005057,ORD00000472,2026-08-14 02:00:00,Stripe,PENDING,866.08,11.54,INR,2026-09-28 08:00:00
PAY000002268,ORD00006369,2026-05-07 22:00:00,PayU,FAILED,984.54,13.05,INR,2026-09-28 08:00:00
PAY000002829,ORD00008884,2026-05-20 11:00:00,Stripe,SUCCESS,405.25,6.41,inr,2026-09-28 08:00:00
PAY000006836,ORD00004303,2026-03-31 02:00:00,Cashfree,PENDING,607.79,26.86,INR,2026-09-28 08:00:00
PAY000007160,ORD00010342,2026-08-28 07:00:00,razorpay ,SUCCESS,497.55,13.12,inr,2026-09-28 08:00:00
PAY000003740,ORD00002777,2026-03-05 17:00:00,Razorpay,SUCCESS,1878.14,4.24,INR,2026-09-28 08:00:00
PAY000005126,ORD00001956,2026-06-30 04:00:00,Stripe,SUCCESS,2401.42,18.65,Rs,2026-09-28 08:00:00
PAY000000869,ORD00008298,2026-02-13 04:00:00,Stripe,PENDING,1421.65,13.16,INR,2026-09-28 08:00:00
PAY000003468,ORD00006237,2026-02-17 07:00:00,razorpay ,SUCCESS,894.38,12.39,INR,2026-09-28 08:00:00
PAY000000003,ORD00006770,2026-01-01 18:00:00,Razorpay,SUCCESS,1389.6,5.95,INR,2026-09-28 08:00:00
PAY000005581,ORD00004621,2026-08-28 22:00:00,razorpay ,SUCCESS,628.44,2.21,INR,2026-09-28 08:00:00
PAY000008670,ORD00001324,2026-07-23 11:00:00,PayU,SUCCESS,1301.7,13.55,Rs,2026-09-28 08:00:00
PAY000001405,ORD00010847,2026-05-25 14:00:00,razorpay ,REFUNDED,534.03,23.6,INR,2026-09-28 08:00:00
PAY000011833,ORD00001715,2026-07-01 17:00:00,razorpay ,SUCCESS,1304.28,2.99,INR,2026-09-28 08:00:00
PAY000012564,ORD00003218,2026-03-16 16:00:00,Razorpay,FAILED,1597.95,31.97,INR,2026-09-28 08:00:00
PAY000008157,ORD00002507,2026-02-16 15:00:00,razorpay ,PENDING,1113.62,34.36,INR,2026-09-28 08:00:00
PAY000007384,ORD00000340,2026-08-16 05:00:00,Stripe,REFUNDED,956.32,20.39,INR,2026-09-28 08:00:00
PAY000000228,ORD00008674,2026-06-13 01:00:00,Cashfree,SUCCESS,1727.91,19.25,INR,2026-09-28 08:00:00
PAY000000086,ORD00005286,2026-07-02 23:00:00,razorpay ,FAILED,1218.45,18.35,INR,2026-09-28 08:00:00
PAY000004637,ORD00006478,2026-05-22 23:00:00,PayU,FAILED,361.62,4.92,INR,2026-09-28 08:00:00
PAY000003706,ORD00007141,2026-01-29 00:00:00,Razorpay,SUCCESS,837.15,15.3,INR,2026-09-28 08:00:00
PAY000009686,ORD00005819,2026-05-05 16:00:00,razorpay ,SUCCESS,1761.77,19.11,INR,2026-09-28 08:00:00
PAY000002878,ORD00007688,2026-06-03 07:00:00,Stripe,PENDING,1308.47,13.42,INR,2026-09-28 08:00:00
PAY000005352,ORD00010643,2026-07-24 14:00:00,razorpay ,SUCCESS,1563.81,4.18,inr,2026-09-28 08:00:00
PAY000008468,ORD00003956,2026-05-20 11:00:00,PayU,SUCCESS,534.75,28.08,INR,2026-09-28 08:00:00
PAY000006891,ORD00005904,2026-05-18 18:00:00,Cashfree,SUCCESS,978.72,5.78,INR,2026-09-28 08:00:00
PAY000002780,ORD00007331,2026-05-26 00:00:00,Cashfree,SUCCESS,2204.34,34.45,INR,2026-09-28 08:00:00
PAY000006996,ORD00007886,2026-03-30 20:00:00,Stripe,FAILED,855.12,34.25,inr,2026-09-28 08:00:00
PAY000000555,ORD00004594,2026-02-04 23:00:00,Cashfree,SUCCESS,405.78,26.68,INR,2026-09-28 08:00:00
PAY000013109,ORD00005287,2026-07-05 18:00:00,PayU,REFUNDED,864.8,33.71,INR,2026-09-28 08:00:00
PAY000001696,ORD00004887,2026-01-11 15:00:00,Cashfree,REFUNDED,2027.26,12.97,inr,2026-09-28 08:00:00
PAY000002912,ORD00006481,2026-01-06 01:00:00,Cashfree,SUCCESS,2380.66,18.63,inr,2026-09-28 08:00:00
PAY000004349,ORD00003837,2026-01-26 15:00:00,razorpay ,REFUNDED,554.93,14.26,INR,2026-09-28 08:00:00
PAY000011349,ORD00000229,2026-08-15 20:00:00,Cashfree,PENDING,646.71,22.18,Rs,2026-09-28 08:00:00
PAY000011875,ORD00002502,2026-04-10 00:00:00,PayU,SUCCESS,721.05,21.34,INR,2026-09-28 08:00:00
PAY000005371,ORD00011946,2026-08-07 00:00:00,Cashfree,SUCCESS,1228.31,16.81,INR,2026-09-28 08:00:00
PAY000009848,ORD00001697,2026-04-17 15:00:00,Cashfree,SUCCESS,2868.34,5.34,INR,2026-09-28 08:00:00
PAY000011026,ORD00009308,2026-01-23 05:00:00,Stripe,PENDING,469.75,34.73,Rs,2026-09-28 08:00:00
PAY000002936,ORD00002843,2026-07-19 14:00:00,PayU,SUCCESS,866.49,28.7,INR,2026-09-28 08:00:00
PAY000007037,ORD00006677,2026-07-30 10:00:00,Stripe,SUCCESS,1018.71,21.7,INR,2026-09-28 08:00:00
PAY000005947,ORD00004010,2026-01-04 16:00:00,Cashfree,REFUNDED,1131.75,18.08,Rs,2026-09-28 08:00:00
PAY000007931,ORD00011495,2026-04-06 03:00:00,razorpay ,PENDING,1021.57,5.21,INR,2026-09-28 08:00:00
PAY000000974,ORD00005663,2026-01-29 06:00:00,Cashfree,FAILED,929.06,27.47,INR,2026-09-28 08:00:00
PAY000004850,ORD00002208,2026-07-08 20:00:00,Stripe,REFUNDED,1211.21,33.13,inr,2026-09-28 08:00:00
PAY000006332,ORD00007780,2026-05-21 08:00:00,PayU,SUCCESS,2048.97,4.81,inr,2026-09-28 08:00:00
PAY000004810,ORD00011814,2026-04-29 01:00:00,PayU,SUCCESS,760.87,30.78,INR,2026-09-28 08:00:00
PAY000005397,ORD00002371,2026-01-05 12:00:00,Cashfree,FAILED,747.45,4.36,INR,2026-09-28 08:00:00
PAY000001035,ORD00001773,2026-07-24 18:00:00,razorpay ,FAILED,1418.92,32.39,inr,2026-09-28 08:00:00
PAY000002862,ORD00010591,2026-06-27 09:00:00,PayU,PENDING,2400.43,28.07,INR,2026-09-28 08:00:00
PAY000010862,ORD00003836,2026-01-22 12:00:00,Razorpay,SUCCESS,647.7,13.83,INR,2026-09-28 08:00:00
PAY000007072,ORD00009938,2026-02-04 05:00:00,PayU,SUCCESS,795.17,23.66,INR,2026-09-28 08:00:00
PAY000000028,ORD00002179,2026-01-20 20:00:00,razorpay ,REFUNDED,630.92,9.36,INR,2026-09-28 08:00:00
PAY000000073,ORD00006011,2026-05-09 10:00:00,Stripe,REFUNDED,699.98,20.98,INR,2026-09-28 08:00:00
PAY000011483,ORD00011651,2026-05-18 16:00:00,Razorpay,FAILED,1433.73,18.88,INR,2026-09-28 08:00:00
PAY000001085,ORD00009814,2026-03-15 09:00:00,PayU,SUCCESS,508.5,34.27,INR,2026-09-28 08:00:00
PAY000000846,ORD00000964,2026-01-01 09:00:00,PayU,SUCCESS,553.44,28.66,INR,2026-09-28 08:00:00
PAY000004495,ORD00002177,2026-07-12 10:00:00,PayU,SUCCESS,800.05,32.29,INR,2026-09-28 08:00:00
PAY000012266,ORD00011826,2026-06-27 16:00:00,razorpay ,REFUNDED,762.3,21.35,INR,2026-09-28 08:00:00
PAY000006802,ORD00002642,2026-01-15 22:00:00,Razorpay,FAILED,1190.73,2.46,INR,2026-09-28 08:00:00
PAY000010441,ORD00009677,2026-07-01 00:00:00,PayU,FAILED,2092.15,7.55,INR,2026-09-28 08:00:00
PAY000009922,ORD00007939,2026-06-11 10:00:00,razorpay ,FAILED,341.02,17.37,INR,2026-09-28 08:00:00
PAY000000725,ORD00008309,2026-05-02 18:00:00,Stripe,SUCCESS,801.41,24.18,INR,2026-09-28 08:00:00
PAY000003435,ORD00003731,2026-08-15 11:00:00,razorpay ,SUCCESS,1462.55,9.69,INR,2026-09-28 08:00:00
PAY000008750,ORD00009744,2026-08-12 07:00:00,Razorpay,FAILED,1113.92,21.4,INR,2026-09-28 08:00:00
PAY000008475,ORD00005055,2026-08-03 17:00:00,Cashfree,SUCCESS,3157.48,30.95,INR,2026-09-28 08:00:00
PAY000002505,ORD00011329,2026-05-28 16:00:00,Cashfree,PENDING,262.08,30.58,INR,2026-09-28 08:00:00
PAY000000806,ORD00002410,2026-08-04 18:00:00,PayU,SUCCESS,2295.3,20.28,INR,2026-09-28 08:00:00
PAY000012640,ORD00002802,2026-08-05 17:00:00,razorpay ,SUCCESS,810.6,31.37,INR,2026-09-28 08:00:00
PAY000003355,ORD00008195,2026-08-07 16:00:00,razorpay ,SUCCESS,678.87,5.18,INR,2026-09-28 08:00:00
PAY000009490,ORD00009625,2026-05-10 09:00:00,razorpay ,SUCCESS,3618.6,34.12,INR,2026-09-28 08:00:00
PAY000008336,ORD00006951,2026-02-20 16:00:00,Razorpay,FAILED,3174.21,8.75,inr,2026-09-28 08:00:00
PAY000004963,ORD00001034,2026-08-14 01:00:00,Razorpay,FAILED,755.5,9.13,INR,2026-09-28 08:00:00
PAY000003010,ORD00011696,2026-02-23 14:00:00,Razorpay,SUCCESS,892.97,18.89,INR,2026-09-28 08:00:00
PAY000009810,ORD00008889,2026-08-28 01:00:00,Cashfree,SUCCESS,1921.5,22.27,INR,2026-09-28 08:00:00
PAY000009605,ORD00002911,2026-08-16 08:00:00,PayU,SUCCESS,1655.06,11.37,INR,2026-09-28 08:00:00
PAY000013011,ORD00006883,2026-07-31 08:00:00,Stripe,SUCCESS,994.02,3.07,inr,2026-09-28 08:00:00
PAY000000395,ORD00004640,2026-02-28 23:00:00,PayU,SUCCESS,726.68,11.03,INR,2026-09-28 08:00:00
PAY000005249,ORD00001190,2026-07-05 12:00:00,Cashfree,SUCCESS,1307.79,26.92,INR,2026-09-28 08:00:00
PAY000002156,ORD00001914,2026-05-06 00:00:00,razorpay ,REFUNDED,1137.98,21.2,INR,2026-09-28 08:00:00
PAY000013422,ORD00009160,2026-01-31 03:00:00,PayU,REFUNDED,149.79,17.39,INR,2026-09-28 08:00:00
PAY000008745,ORD00011221,2026-07-14 12:00:00,razorpay ,SUCCESS,630.65,7.77,INR,2026-09-28 08:00:00
PAY000010538,ORD00011888,2026-07-03 02:00:00,Razorpay,SUCCESS,878.38,11.73,INR,2026-09-28 08:00:00
PAY000008241,ORD00007465,2026-03-25 00:00:00,razorpay ,PENDING,476.82,5.89,Rs,2026-09-28 08:00:00
PAY000003131,ORD00010735,2026-03-21 06:00:00,PayU,SUCCESS,1717.39,26.12,INR,2026-09-28 08:00:00
PAY000004049,ORD00004417,2026-07-11 23:00:00,Stripe,PENDING,997.61,22.26,inr,2026-09-28 08:00:00
PAY000002280,ORD00000193,2026-02-17 13:00:00,PayU,REFUNDED,1364.98,10.38,INR,2026-09-28 08:00:00
PAY000009462,ORD00005480,2026-05-02 02:00:00,Stripe,FAILED,863.69,10.98,inr,2026-09-28 08:00:00
PAY000005053,ORD00007773,2026-08-15 22:00:00,Razorpay,SUCCESS,432.33,10.91,inr,2026-09-28 08:00:00
PAY000004872,ORD00004824,2026-03-22 01:00:00,Razorpay,SUCCESS,2075.06,28.39,INR,2026-09-28 08:00:00
PAY000010598,ORD00003800,2026-01-07 11:00:00,PayU,SUCCESS,2533.34,31.22,inr,2026-09-28 08:00:00
PAY000007966,ORD00002241,2026-03-19 19:00:00,razorpay ,SUCCESS,614.96,28.98,INR,2026-09-28 08:00:00
PAY000003871,ORD00000156,2026-06-11 19:00:00,Stripe,PENDING,920.78,33.1,INR,2026-09-28 08:00:00
PAY000007397,ORD00006103,2026-01-26 17:00:00,razorpay ,FAILED,1535.22,11.14,INR,2026-09-28 08:00:00
PAY000012116,ORD00003902,2026-05-29 11:00:00,Stripe,SUCCESS,964.31,5.02,INR,2026-09-28 08:00:00
PAY000006097,ORD00009667,2026-03-14 01:00:00,PayU,SUCCESS,634.04,17.64,INR,2026-09-28 08:00:00
PAY000007277,ORD00004776,2026-03-12 11:00:00,Cashfree,SUCCESS,791.06,14.98,INR,2026-09-28 08:00:00
PAY000003053,ORD00003855,2026-07-05 21:00:00,Stripe,SUCCESS,9647.36,16.28,INR,2026-09-28 08:00:00
PAY000000578,ORD00006444,2026-06-10 06:00:00,Cashfree,FAILED,802.55,2.66,INR,2026-09-28 08:00:00
PAY000007907,ORD00010555,2026-01-06 11:00:00,Razorpay,SUCCESS,363.25,6.48,inr,2026-09-28 08:00:00
PAY000009771,ORD00004072,2026-04-24 06:00:00,Razorpay,SUCCESS,1733.57,23.74,INR,2026-09-28 08:00:00
PAY000000544,ORD00004398,2026-04-06 08:00:00,Stripe,PENDING,1635.93,5.79,INR,2026-09-28 08:00:00
PAY000005841,ORD00000995,2026-03-08 06:00:00,Razorpay,SUCCESS,837.75,10.18,inr,2026-09-28 08:00:00
PAY000002095,ORD00002898,2026-06-08 05:00:00,Cashfree,FAILED,360.43,29.15,INR,2026-09-28 08:00:00
PAY000009427,ORD00002128,2026-03-08 11:00:00,Razorpay,SUCCESS,4021.7,30.54,Rs,2026-09-28 08:00:00
PAY000001207,ORD00006757,2026-02-19 05:00:00,PayU,FAILED,1331.33,13.07,INR,2026-09-28 08:00:00
PAY000004346,ORD00006839,2026-02-28 19:00:00,Cashfree,REFUNDED,903.77,12.16,INR,2026-09-28 08:00:00
PAY000005587,ORD00001002,2026-01-10 17:00:00,PayU,SUCCESS,2257.31,2.29,INR,2026-09-28 08:00:00
PAY000009842,ORD00009500,2026-02-15 23:00:00,Cashfree,PENDING,1995.66,25.51,inr,2026-09-28 08:00:00
PAY000012465,ORD00010990,2026-04-05 04:00:00,Cashfree,FAILED,1084.22,31.12,inr,2026-09-28 08:00:00
PAY000006423,ORD00005815,2026-03-05 10:00:00,razorpay ,SUCCESS,2098.47,2.03,inr,2026-09-28 08:00:00
PAY000013285,ORD00005904,2026-04-15 18:00:00,Stripe,REFUNDED,893.54,23.25,INR,2026-09-28 08:00:00
PAY000008692,ORD00009207,2026-08-09 17:00:00,Stripe,SUCCESS,508.88,32.84,inr,2026-09-28 08:00:00
PAY000013424,ORD00006376,2026-04-12 16:00:00,Cashfree,SUCCESS,1712.42,6.13,INR,2026-09-28 08:00:00
PAY000000214,ORD00009948,2026-07-19 10:00:00,Razorpay,SUCCESS,2266.9,22.73,INR,2026-09-28 08:00:00
PAY000008406,ORD00009482,2026-04-06 12:00:00,Razorpay,PENDING,2451.53,20.16,INR,2026-09-28 08:00:00
PAY000009648,ORD00010597,2026-01-27 11:00:00,Stripe,SUCCESS,676.39,33.93,inr,2026-09-28 08:00:00
PAY000010621,ORD00002618,2026-04-27 18:00:00,Razorpay,SUCCESS,894.36,6.39,INR,2026-09-28 08:00:00
PAY000008810,ORD00011372,2026-01-12 19:00:00,Cashfree,PENDING,461.86,25.62,INR,2026-09-28 08:00:00
PAY000011517,ORD00007374,2026-08-19 17:00:00,razorpay ,SUCCESS,238.46,8.43,INR,2026-09-28 08:00:00
PAY000005046,ORD00004653,2026-02-08 16:00:00,Stripe,FAILED,928.1,29.4,INR,2026-09-28 08:00:00
PAY000001832,ORD00001891,2026-07-23 02:00:00,Cashfree,SUCCESS,1093.43,11.4,INR,2026-09-28 08:00:00
PAY000001043,ORD00001497,2026-05-03 12:00:00,Cashfree,SUCCESS,1404.66,25.51,INR,2026-09-28 08:00:00
PAY000012165,ORD00006859,2026-05-17 20:00:00,razorpay ,SUCCESS,365.91,2.7,INR,2026-09-28 08:00:00
PAY000008277,ORD00001531,2026-06-13 21:00:00,RAZORPAY,PENDING,1450.13,11.18,INR,2026-09-28 08:00:00
PAY000010531,ORD00003203,2026-01-11 14:00:00,Stripe,REFUNDED,2946.16,30.38,INR,2026-09-28 08:00:00
PAY000002385,ORD00004316,2026-08-26 10:00:00,Razorpay,FAILED,1018.97,16.05,INR,2026-09-28 08:00:00
PAY000004103,ORD00010100,2026-05-09 15:00:00,razorpay ,SUCCESS,986.23,31.91,INR,2026-09-28 08:00:00
PAY000000007,ORD00010622,2026-07-12 08:00:00,Razorpay,SUCCESS,408.42,16.78,inr,2026-09-28 08:00:00
PAY000012868,ORD00008804,2026-03-09 15:00:00,PayU,SUCCESS,968.31,23.27,INR,2026-09-28 08:00:00
PAY000003846,ORD00007465,2026-02-20 15:00:00,PayU,PENDING,2412.64,7.79,INR,2026-09-28 08:00:00
PAY000006673,ORD00001191,2026-04-09 05:00:00,PayU,PENDING,686.67,34.72,INR,2026-09-28 08:00:00
PAY000011560,ORD00004671,2026-04-29 16:00:00,Stripe,SUCCESS,743.51,27.71,inr,2026-09-28 08:00:00
PAY000002234,ORD00005643,2026-01-24 11:00:00,PayU,SUCCESS,485.29,18.11,Rs,2026-09-28 08:00:00
PAY000010416,ORD00005354,2026-06-01 16:00:00,Cashfree,SUCCESS,1777.79,30.72,INR,2026-09-28 08:00:00
PAY000009295,ORD00010648,2026-01-31 12:00:00,razorpay ,REFUNDED,1815.19,10.72,INR,2026-09-28 08:00:00
PAY000012714,ORD00004752,2026-07-20 06:00:00,razorpay ,SUCCESS,1114.96,26.13,INR,2026-09-28 08:00:00
PAY000002664,ORD00003316,2026-04-18 22:00:00,Razorpay,SUCCESS,1153.07,33.33,INR,2026-09-28 08:00:00
PAY000003672,ORD00007683,2026-04-11 04:00:00,Cashfree,SUCCESS,4846.06,28.61,INR,2026-09-28 08:00:00
PAY000009815,ORD00009514,2026-08-12 17:00:00,Razorpay,PENDING,471.86,9.32,inr,2026-09-28 08:00:00
PAY000006541,ORD00009049,2026-05-29 17:00:00,PayU,SUCCESS,200.89,18.42,INR,2026-09-28 08:00:00
PAY000004243,ORD00009791,2026-06-30 06:00:00,Cashfree,SUCCESS,1739.52,18.07,INR,2026-09-28 08:00:00
PAY000004575,ORD00001425,2026-03-13 10:00:00,Stripe,PENDING,2428.4,12.06,INR,2026-09-28 08:00:00
PAY000012762,ORD00006750,2026-05-10 00:00:00,PayU,FAILED,1136.25,17.36,INR,2026-09-28 08:00:00
PAY000002497,ORD00001606,2026-01-31 07:00:00,Razorpay,SUCCESS,2472.52,5.31,INR,2026-09-28 08:00:00
PAY000000418,ORD00011318,2026-05-02 20:00:00,Stripe,SUCCESS,2510.21,7.96,INR,2026-09-28 08:00:00
PAY000012753,ORD00000427,2026-06-22 17:00:00,PayU,FAILED,444.04,7.9,INR,2026-09-28 08:00:00
PAY000008867,ORD00002420,2026-06-22 03:00:00,PayU,FAILED,848.91,13.82,INR,2026-09-28 08:00:00
PAY000003262,ORD00003780,2026-05-25 20:00:00,razorpay ,FAILED,545.68,6.75,INR,2026-09-28 08:00:00
PAY000002907,ORD00009476,2026-08-17 07:00:00,Razorpay,PENDING,1788.93,19.42,INR,2026-09-28 08:00:00
PAY000004525,ORD00000833,2026-08-20 06:00:00,PayU,PENDING,1637.83,29.08,Rs,2026-09-28 08:00:00
PAY000004481,ORD00005504,2026-05-09 13:00:00,Cashfree,SUCCESS,2305.97,16.81,INR,2026-09-28 08:00:00
PAY000005971,ORD00000415,2026-03-04 20:00:00,razorpay ,SUCCESS,329.73,24.14,INR,2026-09-28 08:00:00
PAY000012636,ORD00006976,2026-01-30 13:00:00,razorpay ,SUCCESS,1055.81,16.31,INR,2026-09-28 08:00:00
PAY000010147,ORD00006811,2026-06-21 18:00:00,Stripe,SUCCESS,572.32,6.74,INR,2026-09-28 08:00:00
PAY000006999,ORD00003398,2026-01-21 04:00:00,PayU,SUCCESS,990.18,24.62,INR,2026-09-28 08:00:00
PAY000013031,ORD00005349,2026-02-14 10:00:00,Razorpay,SUCCESS,1307.05,22.4,inr,2026-09-28 08:00:00
PAY000011677,ORD00008494,2026-01-05 17:00:00,Stripe,SUCCESS,503.2,10.94,INR,2026-09-28 08:00:00
PAY000001481,ORD00000772,2026-04-15 23:00:00,Razorpay,PENDING,989.3,3.79,INR,2026-09-28 08:00:00
PAY000008162,ORD00006571,2026-05-23 21:00:00,PayU,FAILED,2492.32,5.2,inr,2026-09-28 08:00:00
PAY000002745,ORD00002817,2026-03-03 23:00:00,PayU,SUCCESS,1206.96,27.77,INR,2026-09-28 08:00:00
PAY000005533,ORD00004690,2026-05-16 21:00:00,Cashfree,PENDING,2505.04,23.44,INR,2026-09-28 08:00:00
PAY000003454,ORD00007356,2026-08-20 22:00:00,Razorpay,REFUNDED,1042.27,32.18,INR,2026-09-28 08:00:00
PAY000004224,ORD00002261,2026-03-01 19:00:00,Razorpay,PENDING,725.57,21.26,INR,2026-09-28 08:00:00
PAY000005420,ORD00008392,2026-07-14 10:00:00,razorpay ,REFUNDED,2941.06,27.35,inr,2026-09-28 08:00:00
PAY000010584,ORD00000180,2026-04-21 10:00:00,razorpay ,PENDING,2619.54,28.56,INR,2026-09-28 08:00:00
PAY000008761,ORD00006274,2026-03-14 01:00:00,razorpay ,REFUNDED,815.26,19.02,INR,2026-09-28 08:00:00
PAY000010294,ORD00001433,2026-06-10 23:00:00,Stripe,PENDING,568.71,24.02,INR,2026-09-28 08:00:00
PAY000007839,ORD00002688,2026-08-25 05:00:00,Cashfree,SUCCESS,622.82,18.98,INR,2026-09-28 08:00:00
PAY000013034,ORD00009242,2026-04-07 03:00:00,Razorpay,SUCCESS,1567.28,23.82,INR,2026-09-28 08:00:00
PAY000010289,ORD00003754,2026-01-31 05:00:00,Cashfree,REFUNDED,397.68,31.68,INR,2026-09-28 08:00:00
PAY000004288,ORD00000681,2026-03-08 22:00:00,Razorpay,SUCCESS,735.38,5.95,INR,2026-09-28 08:00:00
PAY000008957,ORD00006727,2026-07-12 04:00:00,razorpay ,FAILED,595.97,5.12,INR,2026-09-28 08:00:00
PAY000009584,ORD00009281,2026-07-09 08:00:00,PayU,FAILED,780.81,19.94,Rs,2026-09-28 08:00:00
PAY000000468,ORD00010941,2026-01-06 22:00:00,razorpay ,PENDING,1596.51,17.58,INR,2026-09-28 08:00:00
PAY000004045,ORD00000511,2026-02-21 16:00:00,Stripe,SUCCESS,1007.19,10.57,INR,2026-09-28 08:00:00
PAY000002033,ORD00000763,2026-08-08 12:00:00,Stripe,SUCCESS,1044.67,30.06,INR,2026-09-28 08:00:00
PAY000007278,ORD00000007,2026-01-01 03:00:00,Razorpay,REFUNDED,1699.55,18.3,INR,2026-09-28 08:00:00
PAY000007942,ORD00002370,2026-08-28 21:00:00,Razorpay,PENDING,1159.26,34.33,INR,2026-09-28 08:00:00
PAY000001523,ORD00003441,2026-02-10 22:00:00,Stripe,SUCCESS,1424.48,21.84,INR,2026-09-28 08:00:00
PAY000010113,ORD00001220,2026-02-28 19:00:00,Cashfree,REFUNDED,520.64,33.83,INR,2026-09-28 08:00:00
PAY000005926,ORD00007925,2026-01-19 01:00:00,PayU,SUCCESS,619.42,13.02,INR,2026-09-28 08:00:00
PAY000000461,ORD00001673,2026-06-26 00:00:00,Cashfree,PENDING,1170.03,4.04,INR,2026-09-28 08:00:00
PAY000003572,ORD00003270,2026-01-25 08:00:00,PayU,SUCCESS,1064.73,3.83,INR,2026-09-28 08:00:00
PAY000005570,ORD00004841,2026-05-13 01:00:00,razorpay ,SUCCESS,3427.9,12.63,INR,2026-09-28 08:00:00
PAY000009803,ORD00005907,2026-05-27 06:00:00,Razorpay,SUCCESS,319.03,14.33,INR,2026-09-28 08:00:00
PAY000004316,ORD00010453,2026-05-10 09:00:00,razorpay ,SUCCESS,1362.64,27.29,INR,2026-09-28 08:00:00
PAY000001575,ORD00001421,2026-01-20 09:00:00,Stripe,SUCCESS,471.77,19.3,INR,2026-09-28 08:00:00
PAY000001485,ORD00005839,2026-08-24 11:00:00,Cashfree,PENDING,641.45,4.5,INR,2026-09-28 08:00:00
PAY000001163,ORD00002177,2026-05-06 11:00:00,razorpay ,SUCCESS,147.43,28.75,INR,2026-09-28 08:00:00
PAY000008960,ORD00007935,2026-07-21 05:00:00,Stripe,SUCCESS,931.08,9.42,INR,2026-09-28 08:00:00
PAY000005036,ORD00000212,2026-05-14 00:00:00,Stripe,FAILED,355.33,15.13,INR,2026-09-28 08:00:00
PAY000000510,ORD00009230,2026-07-10 18:00:00,PayU,SUCCESS,882.19,25.33,INR,2026-09-28 08:00:00
PAY000007769,ORD00006332,2026-05-10 16:00:00,Razorpay,SUCCESS,1651.47,2.39,INR,2026-09-28 08:00:00
PAY000003995,ORD00008979,2026-02-20 18:00:00,PayU,SUCCESS,197.05,25.18,Rs,2026-09-28 08:00:00
PAY000006479,ORD00005755,2026-01-11 13:00:00,Stripe,FAILED,1044.36,4.57,INR,2026-09-28 08:00:00
PAY000004091,ORD00008344,2026-07-06 23:00:00,Razorpay,FAILED,1107.68,2.54,INR,2026-09-28 08:00:00
PAY000007833,ORD00002478,2026-02-28 00:00:00,razorpay ,SUCCESS,509.32,26.49,INR,2026-09-28 08:00:00
PAY000001600,ORD00009714,2026-02-28 21:00:00,Stripe,REFUNDED,1485.31,2.64,INR,2026-09-28 08:00:00
PAY000002873,ORD00005184,2026-07-20 23:00:00,Razorpay,SUCCESS,1970.85,28.0,inr,2026-09-28 08:00:00
PAY000007575,ORD00002879,2026-08-26 15:00:00,Stripe,SUCCESS,1969.63,18.3,INR,2026-09-28 08:00:00
PAY000001857,ORD00009279,2026-06-01 11:00:00,Cashfree,REFUNDED,1380.82,7.91,INR,2026-09-28 08:00:00
PAY000005804,ORD00007768,2026-04-22 21:00:00,Cashfree,REFUNDED,1137.63,14.63,INR,2026-09-28 08:00:00
PAY000000450,ORD00004286,2026-03-25 04:00:00,razorpay ,SUCCESS,2284.45,19.98,Rs,2026-09-28 08:00:00
PAY000005522,ORD00005105,2026-05-12 20:00:00,razorpay ,SUCCESS,1124.55,6.95,inr,2026-09-28 08:00:00
PAY000008435,ORD00002061,2026-07-19 11:00:00,PayU,SUCCESS,911.21,13.64,Rs,2026-09-28 08:00:00
PAY000001800,ORD00011054,2026-01-16 08:00:00,Stripe,SUCCESS,889.5,27.28,INR,2026-09-28 08:00:00
PAY000013006,ORD00004391,2026-05-29 17:00:00,PayU,SUCCESS,712.63,16.61,INR,2026-09-28 08:00:00
PAY000007285,ORD00002067,2026-01-19 18:00:00,Cashfree,SUCCESS,1559.48,10.27,INR,2026-09-28 08:00:00
PAY000002239,ORD00001276,2026-01-14 23:00:00,Cashfree,SUCCESS,810.9,27.82,Rs,2026-09-28 08:00:00
PAY000012225,ORD00002896,2026-05-25 06:00:00,Cashfree,SUCCESS,401.84,13.87,INR,2026-09-28 08:00:00
PAY000005021,ORD00004705,2026-04-19 19:00:00,Cashfree,FAILED,298.66,28.1,INR,2026-09-28 08:00:00
PAY000004579,ORD00006129,2026-04-06 05:00:00,Cashfree,SUCCESS,1050.81,33.24,inr,2026-09-28 08:00:00
PAY000009738,ORD00011602,2026-08-15 08:00:00,Razorpay,FAILED,1704.35,17.27,INR,2026-09-28 08:00:00
PAY000012230,ORD00011561,2026-08-19 11:00:00,Stripe,SUCCESS,404.23,7.55,INR,2026-09-28 08:00:00
PAY000000076,ORD00007959,2026-06-21 19:00:00,Razorpay,SUCCESS,4368.07,34.55,INR,2026-09-28 08:00:00
PAY000006255,ORD00005413,2026-06-19 13:00:00,Razorpay,SUCCESS,1664.19,3.39,INR,2026-09-28 08:00:00
PAY000007822,ORD00003499,2026-02-20 16:00:00,Stripe,SUCCESS,459.11,5.71,inr,2026-09-28 08:00:00
PAY000001724,ORD00011777,2026-04-12 06:00:00,PayU,PENDING,1054.0,21.1,INR,2026-09-28 08:00:00
PAY000006977,ORD00011394,2026-02-22 05:00:00,PayU,PENDING,667.4,30.69,INR,2026-09-28 08:00:00
PAY000010720,ORD00006846,2026-01-31 02:00:00,Stripe,SUCCESS,1143.24,21.33,INR,2026-09-28 08:00:00
PAY000012311,ORD00011135,2026-02-06 01:00:00,PayU,FAILED,596.25,20.24,INR,2026-09-28 08:00:00
PAY000004341,ORD00003232,2026-02-16 11:00:00,razorpay ,SUCCESS,2585.68,14.32,inr,2026-09-28 08:00:00
PAY000003984,ORD00009088,2026-06-13 05:00:00,Cashfree,REFUNDED,708.75,21.09,inr,2026-09-28 08:00:00
PAY000001936,ORD00007427,2026-06-19 17:00:00,razorpay ,REFUNDED,1425.83,3.67,INR,2026-09-28 08:00:00
PAY000011258,ORD00004366,2026-02-23 02:00:00,Stripe,SUCCESS,1193.23,29.52,INR,2026-09-28 08:00:00
PAY000010060,ORD00000995,2026-07-29 20:00:00,Stripe,REFUNDED,2141.81,23.91,INR,2026-09-28 08:00:00
PAY000007737,ORD00000768,2026-06-20 13:00:00,Cashfree,SUCCESS,1256.51,15.63,INR,2026-09-28 08:00:00
PAY000004704,ORD00007672,2026-01-18 08:00:00,Stripe,SUCCESS,2292.72,13.69,INR,2026-09-28 08:00:00
PAY000010330,ORD00009267,2026-06-03 05:00:00,PayU,SUCCESS,604.23,4.63,Rs,2026-09-28 08:00:00
PAY000010515,ORD00004589,2026-07-07 15:00:00,Razorpay,SUCCESS,704.42,8.55,INR,2026-09-28 08:00:00
PAY000006477,ORD00011016,2026-01-06 17:00:00,PayU,SUCCESS,1684.75,21.24,INR,2026-09-28 08:00:00
PAY000001096,ORD00001344,2026-03-23 05:00:00,Stripe,REFUNDED,400.65,2.9,inr,2026-09-28 08:00:00
PAY000004935,ORD00006624,2026-07-14 16:00:00,PayU,SUCCESS,1895.83,10.83,INR,2026-09-28 08:00:00
PAY000001592,ORD00006932,2026-03-07 07:00:00,PayU,FAILED,994.84,15.25,INR,2026-09-28 08:00:00
PAY000002750,ORD00002995,2026-08-09 04:00:00,PayU,REFUNDED,3127.38,34.02,INR,2026-09-28 08:00:00
PAY000008083,ORD00005260,2026-03-22 08:00:00,Cashfree,SUCCESS,1705.78,23.45,INR,2026-09-28 08:00:00
PAY000010666,ORD00001162,2026-07-12 20:00:00,PayU,SUCCESS,470.97,17.47,INR,2026-09-28 08:00:00
PAY000002832,ORD00001197,2026-01-29 03:00:00,Stripe,SUCCESS,1411.37,20.49,INR,2026-09-28 08:00:00
PAY000005012,ORD00007647,2026-02-08 15:00:00,razorpay ,SUCCESS,1075.01,18.74,INR,2026-09-28 08:00:00
PAY000008751,ORD00002397,2026-08-23 02:00:00,Stripe,SUCCESS,1044.71,15.93,INR,2026-09-28 08:00:00
PAY000005684,ORD00007468,2026-04-08 08:00:00,razorpay ,SUCCESS,392.97,13.33,Rs,2026-09-28 08:00:00
PAY000009675,ORD00007034,2026-02-13 22:00:00,Razorpay,PENDING,2093.26,3.16,INR,2026-09-28 08:00:00
PAY000008134,ORD00006541,2026-01-05 20:00:00,Cashfree,REFUNDED,327.75,6.03,INR,2026-09-28 08:00:00
PAY000000172,ORD00009426,2026-01-28 01:00:00,razorpay ,SUCCESS,1452.93,15.64,INR,2026-09-28 08:00:00
PAY000003274,ORD00001217,2026-01-20 14:00:00,Razorpay,FAILED,506.73,21.45,INR,2026-09-28 08:00:00
PAY000009515,ORD00011699,2026-02-14 00:00:00,razorpay ,FAILED,634.64,29.54,INR,2026-09-28 08:00:00
PAY000003090,ORD00010675,2026-02-08 09:00:00,Razorpay,SUCCESS,1370.18,14.19,INR,2026-09-28 08:00:00
PAY000001007,ORD00001772,2026-05-22 22:00:00,Razorpay,REFUNDED,1751.41,23.02,INR,2026-09-28 08:00:00
PAY000003239,ORD00001702,2026-04-04 01:00:00,PayU,PENDING,1334.87,3.04,INR,2026-09-28 08:00:00
PAY000004643,ORD00008517,2026-08-03 15:00:00,Razorpay,SUCCESS,2221.92,6.02,INR,2026-09-28 08:00:00
PAY000004819,ORD00009226,2026-03-20 17:00:00,PayU,FAILED,1624.6,31.98,INR,2026-09-28 08:00:00
PAY000006481,ORD00007596,2026-04-29 12:00:00,Razorpay,SUCCESS,989.03,13.08,INR,2026-09-28 08:00:00
PAY000002848,ORD00009408,2026-02-15 20:00:00,Razorpay,PENDING,757.31,25.08,INR,2026-09-28 08:00:00
PAY000002817,ORD00009928,2026-06-15 13:00:00,PayU,FAILED,1087.44,15.37,inr,2026-09-28 08:00:00
PAY000013119,ORD00002753,2026-05-06 04:00:00,razorpay ,SUCCESS,1117.45,6.69,inr,2026-09-28 08:00:00
PAY000000367,ORD00001142,2026-04-25 16:00:00,Razorpay,PENDING,2158.42,28.01,inr,2026-09-28 08:00:00
PAY000010629,ORD00008697,2026-05-15 20:00:00,Cashfree,PENDING,3106.9,4.65,INR,2026-09-28 08:00:00
PAY000005181,ORD00005472,2026-08-03 10:00:00,Cashfree,FAILED,765.26,9.82,INR,2026-09-28 08:00:00
PAY000002236,ORD00006124,2026-07-07 20:00:00,razorpay ,SUCCESS,2046.89,11.94,INR,2026-09-28 08:00:00
PAY000008685,ORD00008341,2026-04-09 22:00:00,Stripe,REFUNDED,357.8,23.34,INR,2026-09-28 08:00:00
PAY000006774,ORD00000822,2026-08-13 22:00:00,razorpay ,SUCCESS,321.88,20.61,INR,2026-09-28 08:00:00
PAY000000982,ORD00004615,2026-04-30 18:00:00,PayU,SUCCESS,522.82,28.98,INR,2026-09-28 08:00:00
PAY000003751,ORD00000615,2026-08-11 12:00:00,razorpay ,PENDING,846.49,27.71,INR,2026-09-28 08:00:00
PAY000010221,ORD00001366,2026-02-04 05:00:00,Cashfree,REFUNDED,1260.09,3.63,INR,2026-09-28 08:00:00
PAY000008138,ORD00004994,2026-01-11 16:00:00,razorpay ,PENDING,1045.34,29.15,INR,2026-09-28 08:00:00
PAY000010501,ORD00004739,2026-05-26 09:00:00,Cashfree,PENDING,1102.67,23.33,INR,2026-09-28 08:00:00
PAY000001750,ORD00001446,2026-02-19 22:00:00,Cashfree,SUCCESS,1996.38,15.34,inr,2026-09-28 08:00:00
PAY000006712,ORD00001382,2026-02-24 05:00:00,Cashfree,SUCCESS,1608.63,16.73,INR,2026-09-28 08:00:00
PAY000003794,ORD00009443,2026-05-14 08:00:00,Razorpay,PENDING,3029.36,29.85,INR,2026-09-28 08:00:00
PAY000000067,ORD00004009,2026-08-25 23:00:00,Cashfree,SUCCESS,1721.66,13.4,INR,2026-09-28 08:00:00
PAY000008510,ORD00008637,2026-03-30 07:00:00,Stripe,SUCCESS,1118.12,30.07,INR,2026-09-28 08:00:00
PAY000012681,ORD00006441,2026-05-03 10:00:00,Stripe,SUCCESS,1517.75,14.98,INR,2026-09-28 08:00:00
PAY000000272,ORD00003541,2026-06-30 12:00:00,Razorpay,SUCCESS,565.43,4.72,INR,2026-09-28 08:00:00
PAY000004535,ORD00005946,2026-02-01 13:00:00,PayU,SUCCESS,781.1,2.98,INR,2026-09-28 08:00:00
PAY000011972,ORD00009364,2026-03-12 21:00:00,PayU,SUCCESS,842.54,8.71,inr,2026-09-28 08:00:00
PAY000001694,ORD00003509,2026-07-08 18:00:00,razorpay ,SUCCESS,532.63,18.68,INR,2026-09-28 08:00:00
PAY000007642,ORD00004460,2026-08-11 04:00:00,Stripe,SUCCESS,1281.3,14.95,inr,2026-09-28 08:00:00
PAY000003774,ORD00004984,2026-06-11 15:00:00,Razorpay,REFUNDED,3359.92,32.69,INR,2026-09-28 08:00:00
PAY000009189,ORD00004091,2026-06-02 16:00:00,razorpay ,FAILED,654.81,17.35,Rs,2026-09-28 08:00:00
PAY000009307,ORD00002791,2026-04-09 23:00:00,Razorpay,PENDING,973.55,11.5,INR,2026-09-28 08:00:00
PAY000005876,ORD00005117,2026-04-18 12:00:00,Razorpay,SUCCESS,1917.27,10.15,INR,2026-09-28 08:00:00
PAY000001507,ORD00002984,2026-02-14 13:00:00,PayU,SUCCESS,902.93,23.97,INR,2026-09-28 08:00:00
PAY000001335,ORD00008898,2026-04-22 14:00:00,Stripe,SUCCESS,1121.18,4.9,INR,2026-09-28 08:00:00
PAY000002243,ORD00009697,2026-08-11 23:00:00,Cashfree,FAILED,770.32,14.36,INR,2026-09-28 08:00:00
PAY000001850,ORD00010865,2026-07-06 19:00:00,Razorpay,REFUNDED,917.34,31.53,INR,2026-09-28 08:00:00
PAY000003471,ORD00008462,2026-03-19 12:00:00,razorpay ,SUCCESS,1592.92,11.36,INR,2026-09-28 08:00:00
PAY000000393,ORD00000969,2026-02-28 08:00:00,Razorpay,SUCCESS,2372.87,27.79,INR,2026-09-28 08:00:00
PAY000000542,ORD00008507,2026-03-05 14:00:00,razorpay ,REFUNDED,951.66,25.22,INR,2026-09-28 08:00:00
PAY000006138,ORD00002577,2026-05-28 20:00:00,Stripe,PENDING,4182.41,2.31,INR,2026-09-28 08:00:00
PAY000010391,ORD00010020,2026-01-26 18:00:00,Cashfree,SUCCESS,1732.17,7.99,INR,2026-09-28 08:00:00
PAY000011780,ORD00005521,2026-03-06 18:00:00,razorpay ,REFUNDED,1382.25,15.76,INR,2026-09-28 08:00:00
PAY000012659,ORD00006068,2026-05-01 15:00:00,razorpay ,SUCCESS,459.26,25.09,INR,2026-09-28 08:00:00
PAY000006699,ORD00002894,2026-01-11 15:00:00,Cashfree,FAILED,1278.92,21.64,INR,2026-09-28 08:00:00
PAY000007706,ORD00007503,2026-07-05 01:00:00,Cashfree,SUCCESS,2908.2,33.73,inr,2026-09-28 08:00:00
PAY000001763,ORD00001964,2026-03-02 02:00:00,PayU,REFUNDED,675.99,19.43,INR,2026-09-28 08:00:00
PAY000000116,ORD00000103,2026-01-06 18:00:00,Razorpay,SUCCESS,835.01,24.36,inr,2026-09-28 08:00:00
PAY000011674,ORD00009487,2026-04-23 07:00:00,PayU,REFUNDED,1257.25,31.98,INR,2026-09-28 08:00:00
PAY000011670,ORD00002338,2026-01-08 06:00:00,Cashfree,SUCCESS,1551.0,10.95,INR,2026-09-28 08:00:00
PAY000006947,ORD00008776,2026-02-12 02:00:00,razorpay ,SUCCESS,1263.08,33.2,INR,2026-09-28 08:00:00
PAY000008486,ORD00001153,2026-01-03 04:00:00,PayU,SUCCESS,1533.09,10.78,INR,2026-09-28 08:00:00
PAY000000649,ORD00004930,2026-03-27 03:00:00,PayU,SUCCESS,723.52,15.2,INR,2026-09-28 08:00:00
PAY000003434,ORD00007554,2026-05-28 15:00:00,Razorpay,SUCCESS,1937.42,30.87,INR,2026-09-28 08:00:00
PAY000002262,ORD00000321,2026-03-01 18:00:00,Razorpay,SUCCESS,788.24,27.78,INR,2026-09-28 08:00:00
PAY000005710,ORD00010762,2026-07-07 15:00:00,razorpay ,PENDING,1217.93,33.38,INR,2026-09-28 08:00:00
PAY000004560,ORD00010982,2026-05-09 06:00:00,razorpay ,SUCCESS,620.72,10.72,INR,2026-09-28 08:00:00
PAY000000640,ORD00001799,2026-03-20 16:00:00,Cashfree,SUCCESS,998.59,5.13,INR,2026-09-28 08:00:00
PAY000009864,ORD00011863,2026-03-15 23:00:00,PayU,FAILED,1374.67,31.8,INR,2026-09-28 08:00:00
PAY000009383,ORD00005437,2026-06-14 01:00:00,Razorpay,FAILED,1532.14,9.71,INR,2026-09-28 08:00:00
PAY000002613,ORD00009020,2026-02-09 04:00:00,PayU,SUCCESS,467.25,3.83,inr,2026-09-28 08:00:00
PAY000009945,ORD00002316,2026-03-09 08:00:00,PayU,SUCCESS,1858.19,5.15,INR,2026-09-28 08:00:00
PAY000009918,ORD00010401,2026-06-24 05:00:00,Cashfree,PENDING,578.63,29.82,INR,2026-09-28 08:00:00
PAY000003343,ORD00001896,2026-07-26 01:00:00,Razorpay,FAILED,3986.13,16.64,INR,2026-09-28 08:00:00
PAY000010240,ORD00004769,2026-01-12 11:00:00,Cashfree,FAILED,1875.45,19.42,INR,2026-09-28 08:00:00
PAY000000154,ORD00003579,2026-01-14 19:00:00,Cashfree,PENDING,591.55,16.46,inr,2026-09-28 08:00:00
PAY000002192,ORD00006152,2026-08-23 05:00:00,Cashfree,SUCCESS,943.34,11.84,INR,2026-09-28 08:00:00
PAY000008319,ORD00002324,2026-06-04 07:00:00,Razorpay,REFUNDED,1182.07,2.19,INR,2026-09-28 08:00:00
PAY000002116,ORD00002473,2026-07-02 17:00:00,razorpay ,PENDING,2180.85,20.63,INR,2026-09-28 08:00:00
PAY000001968,ORD00011027,2026-07-06 15:00:00,Razorpay,SUCCESS,1262.79,27.64,INR,2026-09-28 08:00:00
PAY000011144,ORD00004084,2026-04-04 21:00:00,razorpay ,SUCCESS,2025.45,16.33,INR,2026-09-28 08:00:00
PAY000006023,ORD00003013,2026-03-07 02:00:00,Razorpay,REFUNDED,576.21,16.85,INR,2026-09-28 08:00:00
PAY000008621,ORD00009464,2026-07-27 21:00:00,Razorpay,SUCCESS,413.02,9.07,inr,2026-09-28 08:00:00
PAY000005273,ORD00008702,2026-04-19 18:00:00,razorpay ,SUCCESS,2343.41,15.4,Rs,2026-09-28 08:00:00
PAY000002253,ORD00000938,2026-05-26 15:00:00,Stripe,SUCCESS,2567.73,27.68,inr,2026-09-28 08:00:00
PAY000007807,ORD00001354,2026-05-24 00:00:00,razorpay ,SUCCESS,2702.58,25.71,INR,2026-09-28 08:00:00
PAY000001815,ORD00004974,2026-07-25 17:00:00,Stripe,PENDING,2370.01,23.83,INR,2026-09-28 08:00:00
PAY000001042,ORD00007024,2026-05-26 22:00:00,PayU,SUCCESS,2645.95,26.19,inr,2026-09-28 08:00:00
PAY000008471,ORD00004089,2026-05-15 16:00:00,razorpay ,SUCCESS,498.97,13.61,INR,2026-09-28 08:00:00
PAY000012418,ORD00004110,2026-07-28 02:00:00,Cashfree,SUCCESS,1102.95,15.92,INR,2026-09-28 08:00:00
PAY000002542,ORD00006712,2026-07-13 04:00:00,Stripe,FAILED,994.75,20.59,inr,2026-09-28 08:00:00
PAY000010067,ORD00007903,2026-01-13 07:00:00,PayU,SUCCESS,3239.01,34.1,Rs,2026-09-28 08:00:00
PAY000000099,ORD00007201,2026-04-12 05:00:00,PayU,REFUNDED,447.12,25.03,INR,2026-09-28 08:00:00
PAY000010754,ORD00001994,2026-07-27 19:00:00,Stripe,REFUNDED,1785.97,3.3,INR,2026-09-28 08:00:00
PAY000009196,ORD00009527,2026-08-20 20:00:00,Cashfree,SUCCESS,1107.24,12.18,Rs,2026-09-28 08:00:00
PAY000012402,ORD00007889,2026-04-22 12:00:00,Cashfree,SUCCESS,1017.29,16.23,INR,2026-09-28 08:00:00
PAY000000066,ORD00000830,2026-04-20 22:00:00,Stripe,SUCCESS,2062.8,31.5,INR,2026-09-28 08:00:00
PAY000002362,ORD00011640,2026-04-28 23:00:00,Cashfree,SUCCESS,1237.68,3.4,INR,2026-09-28 08:00:00
PAY000012721,ORD00000050,2026-01-15 01:00:00,razorpay ,SUCCESS,493.72,8.94,inr,2026-09-28 08:00:00
PAY000003306,ORD00000899,2026-02-23 00:00:00,Stripe,PENDING,886.25,31.72,inr,2026-09-28 08:00:00
PAY000005746,ORD00001552,2026-08-02 01:00:00,Stripe,FAILED,647.28,21.37,INR,2026-09-28 08:00:00
PAY000002351,ORD00000805,2026-06-01 04:00:00,Cashfree,PENDING,932.54,10.12,INR,2026-09-28 08:00:00
PAY000010569,ORD00001872,2026-06-10 12:00:00,Razorpay,FAILED,756.94,4.37,INR,2026-09-28 08:00:00
PAY000007070,ORD00011545,2026-03-18 05:00:00,Cashfree,PENDING,877.56,21.1,INR,2026-09-28 08:00:00
PAY000010791,ORD00008694,2026-07-02 11:00:00,Stripe,FAILED,1119.77,34.49,INR,2026-09-28 08:00:00
PAY000006845,ORD00009036,2026-05-28 11:00:00,PayU,PENDING,460.97,18.35,INR,2026-09-28 08:00:00
PAY000008579,ORD00008323,2026-06-25 14:00:00,PayU,FAILED,1453.97,9.66,Rs,2026-09-28 08:00:00
PAY000001668,ORD00004769,2026-05-13 14:00:00,PayU,REFUNDED,2291.28,14.23,INR,2026-09-28 08:00:00
PAY000000352,ORD00005033,2026-07-29 02:00:00,Razorpay,FAILED,1677.61,21.44,INR,2026-09-28 08:00:00
PAY000005594,ORD00003955,2026-06-07 14:00:00,Razorpay,FAILED,1140.54,34.51,INR,2026-09-28 08:00:00
PAY000009641,ORD00002324,2026-04-24 00:00:00,Cashfree,REFUNDED,2029.1,33.16,INR,2026-09-28 08:00:00
PAY000003721,ORD00001389,2026-03-22 02:00:00,razorpay ,SUCCESS,680.4,6.42,INR,2026-09-28 08:00:00
PAY000009334,ORD00006873,2026-05-27 01:00:00,Razorpay,FAILED,1898.2,3.87,INR,2026-09-28 08:00:00
PAY000008012,ORD00003332,2026-06-07 16:00:00,Razorpay,FAILED,506.01,21.24,inr,2026-09-28 08:00:00
PAY000009445,ORD00010826,2026-06-01 14:00:00,Razorpay,FAILED,829.14,28.64,INR,2026-09-28 08:00:00
PAY000005716,ORD00002078,2026-05-10 13:00:00,razorpay ,PENDING,1248.15,8.22,INR,2026-09-28 08:00:00
PAY000008618,ORD00001090,2026-08-02 16:00:00,PayU,SUCCESS,2139.51,18.93,INR,2026-09-28 08:00:00
PAY000010798,ORD00007236,2026-06-15 02:00:00,Stripe,REFUNDED,372.16,13.58,inr,2026-09-28 08:00:00
PAY000007982,ORD00006418,2026-08-05 16:00:00,Cashfree,SUCCESS,4133.9,15.07,INR,2026-09-28 08:00:00
PAY000006880,ORD00006385,2026-05-09 19:00:00,PayU,FAILED,753.79,24.14,inr,2026-09-28 08:00:00
PAY000003058,ORD00004037,2026-05-03 05:00:00,razorpay ,PENDING,1032.51,27.35,INR,2026-09-28 08:00:00
PAY000002413,ORD00000078,2026-01-13 19:00:00,Stripe,SUCCESS,1411.4,27.22,INR,2026-09-28 08:00:00
PAY000006543,ORD00009790,2026-07-20 20:00:00,razorpay ,SUCCESS,1084.02,30.04,INR,2026-09-28 08:00:00
PAY000000927,ORD00009753,2026-01-17 07:00:00,Stripe,PENDING,1486.6,10.63,inr,2026-09-28 08:00:00
PAY000002166,ORD00008138,2026-05-22 14:00:00,Stripe,SUCCESS,269.62,31.98,INR,2026-09-28 08:00:00
PAY000012039,ORD00009122,2026-08-17 20:00:00,Stripe,REFUNDED,903.35,33.2,inr,2026-09-28 08:00:00
PAY000002169,ORD00007153,2026-05-03 01:00:00,Razorpay,SUCCESS,1924.01,13.57,INR,2026-09-28 08:00:00
PAY000012765,ORD00004813,2026-01-29 04:00:00,Stripe,PENDING,364.66,21.22,inr,2026-09-28 08:00:00
PAY000003931,ORD00003156,2026-05-12 09:00:00,Cashfree,SUCCESS,1018.22,8.91,inr,2026-09-28 08:00:00
PAY000002983,ORD00007512,2026-05-13 06:00:00,Stripe,SUCCESS,815.76,7.59,INR,2026-09-28 08:00:00
PAY000002237,ORD00006948,2026-05-17 09:00:00,Cashfree,PENDING,560.69,13.16,Rs,2026-09-28 08:00:00
PAY000000046,ORD00004456,2026-03-28 02:00:00,Stripe,FAILED,2877.21,17.34,INR,2026-09-28 08:00:00
PAY000005833,ORD00000261,2026-04-23 16:00:00,Cashfree,SUCCESS,1136.21,7.76,inr,2026-09-28 08:00:00
PAY000012781,ORD00004443,2026-07-04 04:00:00,Razorpay,REFUNDED,4756.45,21.96,inr,2026-09-28 08:00:00
PAY000002959,ORD00010666,2026-03-05 01:00:00,Cashfree,SUCCESS,857.45,17.63,INR,2026-09-28 08:00:00
PAY000009828,ORD00005535,2026-01-30 13:00:00,Razorpay,SUCCESS,723.14,4.24,INR,2026-09-28 08:00:00
PAY000000798,ORD00003866,2026-01-14 02:00:00,Razorpay,SUCCESS,1310.09,27.37,INR,2026-09-28 08:00:00
PAY000002668,ORD00005680,2026-06-03 17:00:00,Stripe,SUCCESS,1296.63,8.33,INR,2026-09-28 08:00:00
PAY000006284,ORD00003243,2026-07-25 14:00:00,razorpay ,SUCCESS,825.62,26.16,INR,2026-09-28 08:00:00
PAY000005378,ORD00002894,2026-07-24 11:00:00,razorpay ,REFUNDED,1953.94,25.78,INR,2026-09-28 08:00:00
PAY000006108,ORD00010917,2026-05-25 12:00:00,razorpay ,FAILED,532.6,32.62,INR,2026-09-28 08:00:00
PAY000007331,ORD00004507,2026-01-07 20:00:00,PayU,SUCCESS,1653.14,8.4,INR,2026-09-28 08:00:00
PAY000013091,ORD00004440,2026-04-06 06:00:00,razorpay ,REFUNDED,1313.93,12.0,INR,2026-09-28 08:00:00
PAY000007169,ORD00007195,2026-08-10 10:00:00,Cashfree,FAILED,388.51,18.77,INR,2026-09-28 08:00:00
PAY000011889,ORD00009785,2026-05-27 16:00:00,Stripe,PENDING,1377.13,22.18,inr,2026-09-28 08:00:00
PAY000001943,ORD00005425,2026-01-19 22:00:00,Razorpay,SUCCESS,239.54,26.29,INR,2026-09-28 08:00:00
PAY000011947,ORD00007683,2026-04-06 13:00:00,PayU,SUCCESS,427.78,17.06,INR,2026-09-28 08:00:00
PAY000007441,ORD00008228,2026-02-07 15:00:00,Cashfree,FAILED,603.12,32.97,INR,2026-09-28 08:00:00
PAY000011533,ORD00010539,2026-02-24 09:00:00,Cashfree,FAILED,787.24,12.44,INR,2026-09-28 08:00:00
PAY000003644,ORD00005817,2026-08-22 00:00:00,razorpay ,SUCCESS,517.21,11.52,inr,2026-09-28 08:00:00
PAY000007818,ORD00001512,2026-01-08 09:00:00,Cashfree,REFUNDED,1046.97,20.27,INR,2026-09-28 08:00:00
PAY000007444,ORD00004315,2026-05-23 00:00:00,Cashfree,SUCCESS,1855.84,6.0,INR,2026-09-28 08:00:00
PAY000000297,ORD00005578,2026-06-16 10:00:00,razorpay ,SUCCESS,687.58,8.76,INR,2026-09-28 08:00:00
PAY000002439,ORD00004909,2026-04-22 07:00:00,Razorpay,SUCCESS,761.15,6.93,INR,2026-09-28 08:00:00
PAY000010253,ORD00007503,2026-01-25 06:00:00,Cashfree,REFUNDED,953.75,21.4,INR,2026-09-28 08:00:00
PAY000005703,ORD00004452,2026-06-29 09:00:00,PayU,PENDING,1396.96,12.89,INR,2026-09-28 08:00:00
PAY000012109,ORD00009915,2026-05-10 21:00:00,Razorpay,FAILED,1847.02,31.72,INR,2026-09-28 08:00:00
PAY000008620,ORD00000926,2026-04-04 16:00:00,Cashfree,REFUNDED,564.39,22.46,INR,2026-09-28 08:00:00
PAY000011454,ORD00005672,2026-07-20 11:00:00,PayU,SUCCESS,1259.13,3.03,Rs,2026-09-28 08:00:00
PAY000011242,ORD00000564,2026-03-22 18:00:00,Cashfree,SUCCESS,352.85,4.14,INR,2026-09-28 08:00:00
PAY000008473,ORD00005449,2026-05-24 23:00:00,razorpay ,SUCCESS,1575.07,21.31,INR,2026-09-28 08:00:00
PAY000004353,ORD00002559,2026-05-10 23:00:00,Stripe,REFUNDED,3670.78,33.08,INR,2026-09-28 08:00:00
PAY000008175,ORD00011480,2026-07-03 15:00:00,Razorpay,PENDING,639.01,28.87,INR,2026-09-28 08:00:00
PAY000009143,ORD00000381,2026-04-19 12:00:00,Stripe,SUCCESS,1709.24,25.98,INR,2026-09-28 08:00:00
PAY000002956,ORD00004485,2026-07-17 04:00:00,Stripe,FAILED,889.23,26.82,INR,2026-09-28 08:00:00
PAY000002673,ORD00011351,2026-06-12 21:00:00,Razorpay,SUCCESS,941.58,15.49,INR,2026-09-28 08:00:00
PAY000009871,ORD00007661,2026-01-21 11:00:00,Razorpay,REFUNDED,2399.1,25.65,INR,2026-09-28 08:00:00
PAY000010951,ORD00001812,2026-01-22 05:00:00,Cashfree,REFUNDED,267.73,23.36,INR,2026-09-28 08:00:00
PAY000008115,ORD00009389,2026-04-20 06:00:00,PayU,SUCCESS,720.16,6.38,INR,2026-09-28 08:00:00
PAY000000224,ORD00002573,2026-01-01 00:00:00,Cashfree,PENDING,1258.21,33.64,INR,2026-09-28 08:00:00
PAY000007732,ORD00009657,2026-04-16 15:00:00,razorpay ,FAILED,666.08,14.67,INR,2026-09-28 08:00:00
PAY000004503,ORD00008759,2026-03-02 05:00:00,Stripe,FAILED,2235.75,33.03,INR,2026-09-28 08:00:00
PAY000002529,ORD00008072,2026-06-01 15:00:00,Stripe,FAILED,1636.85,31.9,INR,2026-09-28 08:00:00
PAY000009753,ORD00004293,2026-02-19 02:00:00,Stripe,SUCCESS,802.99,22.33,inr,2026-09-28 08:00:00
PAY000010950,ORD00006635,2026-05-05 09:00:00,PayU,SUCCESS,2063.92,7.69,INR,2026-09-28 08:00:00
PAY000003112,ORD00011309,2026-08-20 08:00:00,Cashfree,SUCCESS,352.52,19.5,INR,2026-09-28 08:00:00
PAY000007743,ORD00010702,2026-06-14 19:00:00,Razorpay,PENDING,996.92,20.52,INR,2026-09-28 08:00:00
PAY000001255,ORD00011159,2026-08-25 17:00:00,Cashfree,PENDING,782.29,19.49,INR,2026-09-28 08:00:00
PAY000003723,ORD00008745,2026-06-17 03:00:00,Razorpay,PENDING,589.0,19.57,INR,2026-09-28 08:00:00
PAY000005351,ORD00004524,2026-08-07 18:00:00,Cashfree,PENDING,1855.02,8.58,inr,2026-09-28 08:00:00
PAY000010151,ORD00011551,2026-02-20 05:00:00,Razorpay,PENDING,2233.0,2.28,INR,2026-09-28 08:00:00
PAY000000303,ORD00000184,2026-02-08 02:00:00,razorpay ,FAILED,625.78,9.06,INR,2026-09-28 08:00:00
PAY000012179,ORD00002279,2026-04-16 18:00:00,Cashfree,SUCCESS,1207.19,8.1,INR,2026-09-28 08:00:00
PAY000009112,ORD00003845,2026-05-20 13:00:00,PayU,SUCCESS,1619.52,28.93,INR,2026-09-28 08:00:00
PAY000011599,ORD00010564,2026-06-09 14:00:00,Cashfree,SUCCESS,2311.22,17.43,INR,2026-09-28 08:00:00
PAY000012661,ORD00000503,2026-02-10 18:00:00,Stripe,FAILED,391.94,9.6,INR,2026-09-28 08:00:00
PAY000009203,ORD00010382,2026-07-07 23:00:00,razorpay ,FAILED,739.51,3.84,Rs,2026-09-28 08:00:00
PAY000001261,ORD00004604,2026-03-25 07:00:00,Razorpay,SUCCESS,441.51,25.4,INR,2026-09-28 08:00:00
PAY000012695,ORD00003443,2026-06-18 19:00:00,Cashfree,FAILED,603.42,25.35,INR,2026-09-28 08:00:00
PAY000004380,ORD00007395,2026-06-04 07:00:00,Razorpay,SUCCESS,643.33,14.3,INR,2026-09-28 08:00:00
PAY000009503,ORD00001223,2026-05-15 01:00:00,razorpay ,SUCCESS,533.63,3.8,INR,2026-09-28 08:00:00
PAY000013062,ORD00008767,2026-06-02 05:00:00,Cashfree,SUCCESS,1356.39,23.67,INR,2026-09-28 08:00:00
PAY000004651,ORD00001110,2026-08-20 00:00:00,PayU,SUCCESS,922.15,32.65,INR,2026-09-28 08:00:00
PAY000004912,ORD00003468,2026-02-14 11:00:00,PayU,PENDING,1181.25,7.39,INR,2026-09-28 08:00:00
PAY000012426,ORD00007841,2026-03-19 02:00:00,Razorpay,REFUNDED,927.2,12.38,inr,2026-09-28 08:00:00
PAY000012986,ORD00001056,2026-02-28 17:00:00,Stripe,PENDING,1017.66,18.25,INR,2026-09-28 08:00:00
PAY000008570,ORD00000394,2026-06-28 22:00:00,Cashfree,REFUNDED,2682.46,16.22,INR,2026-09-28 08:00:00
PAY000004802,ORD00009103,2026-08-27 03:00:00,Stripe,SUCCESS,751.01,27.46,INR,2026-09-28 08:00:00
PAY000000604,ORD00010137,2026-05-31 07:00:00,razorpay ,SUCCESS,1667.45,10.11,inr,2026-09-28 08:00:00
PAY000010473,ORD00005281,2026-06-06 09:00:00,PayU,REFUNDED,689.08,33.06,INR,2026-09-28 08:00:00
PAY000005104,ORD00006728,2026-07-22 03:00:00,razorpay ,FAILED,6151.92,5.72,INR,2026-09-28 08:00:00
PAY000005699,ORD00000763,2026-07-05 16:00:00,Stripe,REFUNDED,946.93,5.99,inr,2026-09-28 08:00:00
PAY000008304,ORD00010432,2026-04-28 15:00:00,Razorpay,PENDING,1228.02,29.02,INR,2026-09-28 08:00:00
PAY000013209,ORD00010793,2026-02-08 02:00:00,PayU,SUCCESS,416.13,16.62,INR,2026-09-28 08:00:00
PAY000009453,ORD00010398,2026-01-19 17:00:00,Cashfree,SUCCESS,963.78,12.35,INR,2026-09-28 08:00:00
PAY000007800,ORD00007147,2026-05-09 16:00:00,Cashfree,PENDING,940.68,29.57,INR,2026-09-28 08:00:00
PAY000004871,ORD00002545,2026-07-16 11:00:00,Stripe,SUCCESS,2568.37,26.71,INR,2026-09-28 08:00:00
PAY000001841,ORD00005890,2026-03-15 11:00:00,PayU,SUCCESS,1855.04,11.86,INR,2026-09-28 08:00:00
PAY000004056,ORD00001901,2026-05-05 10:00:00,Razorpay,FAILED,1042.67,12.69,INR,2026-09-28 08:00:00
PAY000005940,ORD00003800,2026-02-04 04:00:00,Razorpay,SUCCESS,2986.51,14.53,inr,2026-09-28 08:00:00
PAY000008648,ORD00010145,2026-07-13 17:00:00,Cashfree,REFUNDED,266.8,4.79,INR,2026-09-28 08:00:00
PAY000006787,ORD00007499,2026-04-15 06:00:00,razorpay ,PENDING,715.34,7.83,INR,2026-09-28 08:00:00
PAY000001915,ORD00009053,2026-02-06 10:00:00,Razorpay,SUCCESS,442.63,30.54,INR,2026-09-28 08:00:00
PAY000012653,ORD00010581,2026-02-19 09:00:00,razorpay ,FAILED,1883.6,18.27,INR,2026-09-28 08:00:00
PAY000000924,ORD00009323,2026-06-22 01:00:00,Cashfree,REFUNDED,4304.96,19.02,INR,2026-09-28 08:00:00
PAY000004997,ORD00000951,2026-06-05 15:00:00,razorpay ,SUCCESS,682.04,29.93,inr,2026-09-28 08:00:00
PAY000012590,ORD00008391,2026-08-09 20:00:00,razorpay ,SUCCESS,544.64,7.37,INR,2026-09-28 08:00:00
PAY000001597,ORD00008897,2026-01-04 01:00:00,Cashfree,REFUNDED,3084.73,31.56,INR,2026-09-28 08:00:00
PAY000009137,ORD00006601,2026-07-16 00:00:00,razorpay ,SUCCESS,4621.93,33.84,INR,2026-09-28 08:00:00
PAY000000479,ORD00005725,2026-06-17 00:00:00,Stripe,PENDING,940.86,7.07,INR,2026-09-28 08:00:00
PAY000004886,ORD00006413,2026-03-03 18:00:00,Stripe,SUCCESS,2837.66,32.77,INR,2026-09-28 08:00:00
PAY000004851,ORD00004538,2026-05-25 03:00:00,razorpay ,FAILED,1138.69,28.69,INR,2026-09-28 08:00:00
PAY000006008,ORD00002591,2026-05-16 04:00:00,PayU,SUCCESS,819.43,5.85,INR,2026-09-28 08:00:00
PAY000011442,ORD00003575,2026-07-15 15:00:00,razorpay ,SUCCESS,2197.64,29.58,INR,2026-09-28 08:00:00
PAY000001607,ORD00001284,2026-03-14 03:00:00,Stripe,FAILED,327.1,5.78,INR,2026-09-28 08:00:00
PAY000010994,ORD00002353,2026-08-26 02:00:00,Razorpay,PENDING,1532.2,32.34,INR,2026-09-28 08:00:00
PAY000009747,ORD00000902,2026-05-21 09:00:00,Stripe,REFUNDED,1075.66,26.87,INR,2026-09-28 08:00:00
PAY000009412,ORD00010409,2026-05-21 04:00:00,Razorpay,SUCCESS,620.95,6.38,INR,2026-09-28 08:00:00
PAY000004837,ORD00003400,2026-06-21 07:00:00,Cashfree,FAILED,2251.1,24.37,inr,2026-09-28 08:00:00
PAY000010982,ORD00002502,2026-05-24 15:00:00,razorpay ,FAILED,1976.42,27.01,INR,2026-09-28 08:00:00
PAY000000775,ORD00005801,2026-01-19 17:00:00,Cashfree,PENDING,1621.93,30.15,INR,2026-09-28 08:00:00
PAY000002210,ORD00003651,2026-08-28 00:00:00,razorpay ,REFUNDED,741.89,16.15,INR,2026-09-28 08:00:00
PAY000000978,ORD00006033,2026-06-09 19:00:00,Stripe,SUCCESS,637.41,14.01,INR,2026-09-28 08:00:00
PAY000007721,ORD00007871,2026-07-05 01:00:00,razorpay ,SUCCESS,478.04,4.87,INR,2026-09-28 08:00:00
PAY000005188,ORD00011601,2026-03-09 20:00:00,Razorpay,SUCCESS,739.89,32.39,inr,2026-09-28 08:00:00
PAY000010871,ORD00004464,2026-07-22 01:00:00,PayU,SUCCESS,1263.53,30.95,INR,2026-09-28 08:00:00
PAY000001006,ORD00004373,2026-08-26 06:00:00,PayU,SUCCESS,640.23,30.02,INR,2026-09-28 08:00:00
PAY000010447,ORD00011469,2026-04-30 01:00:00,PayU,SUCCESS,630.78,23.94,INR,2026-09-28 08:00:00
PAY000011885,ORD00006747,2026-02-26 13:00:00,Stripe,PENDING,616.88,27.53,INR,2026-09-28 08:00:00
PAY000000983,ORD00005727,2026-01-27 10:00:00,Stripe,FAILED,835.93,28.27,INR,2026-09-28 08:00:00
PAY000007314,ORD00000290,2026-04-15 17:00:00,Cashfree,FAILED,1203.1,23.75,inr,2026-09-28 08:00:00
PAY000010156,ORD00009142,2026-07-26 09:00:00,Cashfree,FAILED,3606.16,34.86,INR,2026-09-28 08:00:00
PAY000004600,ORD00005797,2026-06-30 22:00:00,Stripe,FAILED,1169.47,27.91,INR,2026-09-28 08:00:00
PAY000004757,ORD00000273,2026-02-14 11:00:00,razorpay ,PENDING,1244.35,21.47,INR,2026-09-28 08:00:00
PAY000002547,ORD00005521,2026-01-29 17:00:00,razorpay ,SUCCESS,525.63,3.81,INR,2026-09-28 08:00:00
PAY000011392,ORD00006047,2026-02-21 18:00:00,PayU,SUCCESS,2627.85,14.62,INR,2026-09-28 08:00:00
PAY000011549,ORD00008594,2026-05-19 03:00:00,Razorpay,SUCCESS,832.6,31.92,INR,2026-09-28 08:00:00
PAY000008015,ORD00011292,2026-06-10 22:00:00,Razorpay,SUCCESS,2043.39,12.85,INR,2026-09-28 08:00:00
PAY000003476,ORD00011608,2026-01-20 00:00:00,razorpay ,FAILED,903.89,10.59,inr,2026-09-28 08:00:00
PAY000010643,ORD00003018,2026-08-17 03:00:00,Stripe,PENDING,766.55,20.52,INR,2026-09-28 08:00:00
PAY000008970,ORD00008456,2026-02-04 18:00:00,Razorpay,PENDING,619.88,16.68,INR,2026-09-28 08:00:00
PAY000006206,ORD00002867,2026-02-05 06:00:00,Cashfree,SUCCESS,710.24,6.31,INR,2026-09-28 08:00:00
PAY000005834,ORD00003205,2026-07-02 14:00:00,PayU,PENDING,505.04,21.05,INR,2026-09-28 08:00:00
PAY000009134,ORD00002490,2026-07-14 07:00:00,Stripe,PENDING,2066.25,24.3,INR,2026-09-28 08:00:00
PAY000002985,ORD00006930,2026-01-13 02:00:00,Razorpay,SUCCESS,887.22,12.02,INR,2026-09-28 08:00:00
PAY000009995,ORD00011479,2026-03-07 01:00:00,Cashfree,FAILED,1279.74,28.12,INR,2026-09-28 08:00:00
PAY000012839,ORD00002890,2026-07-11 06:00:00,razorpay ,SUCCESS,198.64,33.88,INR,2026-09-28 08:00:00
PAY000002885,ORD00006671,2026-03-27 20:00:00,PayU,FAILED,1314.18,27.17,INR,2026-09-28 08:00:00
PAY000012077,ORD00005699,2026-02-03 20:00:00,Stripe,REFUNDED,2514.02,15.19,INR,2026-09-28 08:00:00
PAY000009467,ORD00001139,2026-08-10 00:00:00,PayU,SUCCESS,1012.5,5.05,INR,2026-09-28 08:00:00
PAY000011839,ORD00010055,2026-07-27 10:00:00,razorpay ,SUCCESS,983.03,6.44,INR,2026-09-28 08:00:00
PAY000010615,ORD00006800,2026-02-03 16:00:00,Cashfree,SUCCESS,1504.0,19.1,INR,2026-09-28 08:00:00
PAY000000136,ORD00003504,2026-04-24 09:00:00,Razorpay,FAILED,473.95,29.34,INR,2026-09-28 08:00:00
PAY000006062,ORD00010853,2026-04-20 12:00:00,Stripe,FAILED,522.74,11.28,INR,2026-09-28 08:00:00
PAY000011949,ORD00010015,2026-01-11 06:00:00,Cashfree,REFUNDED,293.85,17.02,inr,2026-09-28 08:00:00
PAY000003656,ORD00003361,2026-06-16 21:00:00,Cashfree,FAILED,2112.64,27.78,INR,2026-09-28 08:00:00
PAY000012549,ORD00005042,2026-08-11 10:00:00,Cashfree,SUCCESS,684.65,27.11,INR,2026-09-28 08:00:00
PAY000007955,ORD00006538,2026-03-25 04:00:00,PayU,PENDING,545.95,30.09,INR,2026-09-28 08:00:00
PAY000001192,ORD00010880,2026-08-12 20:00:00,Cashfree,SUCCESS,1386.6,2.66,INR,2026-09-28 08:00:00
PAY000006306,ORD00001465,2026-02-06 03:00:00,Razorpay,SUCCESS,4538.71,4.11,INR,2026-09-28 08:00:00
PAY000011701,ORD00004481,2026-03-02 18:00:00,PayU,FAILED,2070.34,11.78,inr,2026-09-28 08:00:00
PAY000009518,ORD00009919,2026-08-01 06:00:00,PayU,REFUNDED,392.34,21.54,INR,2026-09-28 08:00:00
PAY000007603,ORD00005868,2026-03-25 10:00:00,Cashfree,REFUNDED,477.7,6.65,INR,2026-09-28 08:00:00
PAY000003640,ORD00011726,2026-03-26 00:00:00,Stripe,SUCCESS,1309.75,9.32,Rs,2026-09-28 08:00:00
PAY000008584,ORD00001567,2026-04-26 04:00:00,Cashfree,SUCCESS,1274.29,15.4,INR,2026-09-28 08:00:00
PAY000005242,ORD00007438,2026-01-06 20:00:00,PayU,SUCCESS,361.22,24.83,INR,2026-09-28 08:00:00
PAY000004702,ORD00004634,2026-08-22 05:00:00,Razorpay,SUCCESS,1378.14,20.17,INR,2026-09-28 08:00:00
PAY000008192,ORD00011510,2026-07-13 19:00:00,Cashfree,SUCCESS,510.53,17.44,INR,2026-09-28 08:00:00
PAY000012159,ORD00002217,2026-01-28 06:00:00,Razorpay,FAILED,2121.86,14.84,INR,2026-09-28 08:00:00
PAY000008754,ORD00000320,2026-06-11 21:00:00,razorpay ,SUCCESS,467.58,3.84,INR,2026-09-28 08:00:00
PAY000000518,ORD00003464,2026-01-30 22:00:00,Razorpay,SUCCESS,2035.47,17.23,INR,2026-09-28 08:00:00
PAY000009133,ORD00000180,2026-06-25 05:00:00,razorpay ,SUCCESS,1366.11,22.36,INR,2026-09-28 08:00:00
PAY000006270,ORD00008335,2026-03-01 11:00:00,Razorpay,FAILED,5166.02,27.39,INR,2026-09-28 08:00:00
PAY000003953,ORD00001055,2026-03-03 06:00:00,razorpay ,FAILED,1234.5,18.68,INR,2026-09-28 08:00:00
PAY000008282,ORD00009382,2026-08-27 05:00:00,Cashfree,SUCCESS,2463.15,12.08,INR,2026-09-28 08:00:00
PAY000009532,ORD00008191,2026-05-28 19:00:00,PayU,REFUNDED,712.96,24.98,INR,2026-09-28 08:00:00
PAY000008387,ORD00011901,2026-01-29 09:00:00,Cashfree,REFUNDED,1467.98,21.04,INR,2026-09-28 08:00:00
PAY000007837,ORD00010544,2026-05-23 03:00:00,Stripe,SUCCESS,2109.19,10.02,INR,2026-09-28 08:00:00
PAY000012023,ORD00006695,2026-05-14 00:00:00,Stripe,SUCCESS,1734.78,22.67,inr,2026-09-28 08:00:00
PAY000009271,ORD00006654,2026-06-22 00:00:00,Stripe,SUCCESS,1249.28,19.96,INR,2026-09-28 08:00:00
PAY000003162,ORD00002371,2026-03-25 10:00:00,Stripe,SUCCESS,776.25,2.35,Rs,2026-09-28 08:00:00
PAY000002317,ORD00007142,2026-05-19 01:00:00,Stripe,SUCCESS,782.8,28.64,INR,2026-09-28 08:00:00
PAY000005333,ORD00001730,2026-08-20 22:00:00,Razorpay,SUCCESS,644.13,27.22,INR,2026-09-28 08:00:00
PAY000010689,ORD00004289,2026-05-02 13:00:00,Razorpay,REFUNDED,1614.85,14.48,INR,2026-09-28 08:00:00
PAY000000283,ORD00004083,2026-03-29 02:00:00,razorpay ,SUCCESS,1732.16,21.06,INR,2026-09-28 08:00:00
PAY000011199,ORD00007962,2026-08-11 16:00:00,Cashfree,PENDING,2213.63,13.04,INR,2026-09-28 08:00:00
PAY000007472,ORD00000014,2026-05-22 04:00:00,Stripe,SUCCESS,331.35,9.57,INR,2026-09-28 08:00:00
PAY000007096,ORD00002128,2026-02-13 16:00:00,Stripe,SUCCESS,933.71,13.33,INR,2026-09-28 08:00:00
PAY000007446,ORD00007101,2026-03-21 19:00:00,Stripe,SUCCESS,589.92,21.0,INR,2026-09-28 08:00:00
PAY000001304,ORD00005151,2026-02-07 18:00:00,Stripe,SUCCESS,804.33,34.18,INR,2026-09-28 08:00:00
PAY000005035,ORD00003776,2026-08-12 00:00:00,Razorpay,REFUNDED,1707.49,25.67,INR,2026-09-28 08:00:00
PAY000009397,ORD00007161,2026-08-05 16:00:00,Stripe,REFUNDED,1405.29,11.34,INR,2026-09-28 08:00:00
PAY000000005,ORD00001294,2026-04-23 07:00:00,PayU,SUCCESS,1855.45,4.82,Rs,2026-09-28 08:00:00
PAY000001524,ORD00007961,2026-02-27 05:00:00,Stripe,REFUNDED,932.84,13.36,INR,2026-09-28 08:00:00
PAY000001911,ORD00003654,2026-06-12 09:00:00,razorpay ,REFUNDED,2647.71,11.42,INR,2026-09-28 08:00:00
PAY000007084,ORD00008127,2026-02-19 00:00:00,Cashfree,SUCCESS,1771.8,18.88,Rs,2026-09-28 08:00:00
PAY000005870,ORD00001602,2026-05-16 15:00:00,Cashfree,SUCCESS,1712.78,14.76,INR,2026-09-28 08:00:00
PAY000010213,ORD00007195,2026-03-30 13:00:00,Stripe,SUCCESS,1583.7,18.34,INR,2026-09-28 08:00:00
PAY000007655,ORD00008800,2026-02-04 13:00:00,Razorpay,REFUNDED,1100.77,19.55,inr,2026-09-28 08:00:00
PAY000004734,ORD00003296,2026-01-25 05:00:00,razorpay ,SUCCESS,855.98,3.16,inr,2026-09-28 08:00:00
PAY000012613,ORD00003645,2026-03-20 09:00:00,PayU,SUCCESS,501.89,23.17,INR,2026-09-28 08:00:00
PAY000010793,ORD00006929,2026-04-07 12:00:00,Stripe,PENDING,4282.6,18.97,INR,2026-09-28 08:00:00
PAY000001315,ORD00004480,2026-08-07 13:00:00,Razorpay,SUCCESS,697.73,27.6,INR,2026-09-28 08:00:00
PAY000003697,ORD00003716,2026-02-24 22:00:00,PayU,PENDING,1228.02,11.26,INR,2026-09-28 08:00:00
PAY000008381,ORD00006502,2026-07-21 14:00:00,razorpay ,PENDING,1928.32,19.42,INR,2026-09-28 08:00:00
PAY000005694,ORD00010584,2026-02-13 11:00:00,Razorpay,SUCCESS,643.63,29.63,INR,2026-09-28 08:00:00
PAY000013258,ORD00000187,2026-07-16 08:00:00,Razorpay,SUCCESS,1775.25,16.06,Rs,2026-09-28 08:00:00
PAY000006627,ORD00001550,2026-07-16 21:00:00,razorpay ,PENDING,1238.17,21.3,INR,2026-09-28 08:00:00
PAY000013398,ORD00011965,2026-06-14 05:00:00,Razorpay,PENDING,815.61,2.93,INR,2026-09-28 08:00:00
PAY000012188,ORD00001046,2026-07-27 16:00:00,Cashfree,FAILED,1182.8,6.9,INR,2026-09-28 08:00:00
PAY000004188,ORD00002630,2026-02-11 16:00:00,razorpay ,SUCCESS,1732.29,10.28,INR,2026-09-28 08:00:00
PAY000012117,ORD00001408,2026-01-20 01:00:00,Cashfree,PENDING,1958.77,20.29,INR,2026-09-28 08:00:00
PAY000009166,ORD00004140,2026-03-20 18:00:00,Cashfree,FAILED,2352.91,7.98,INR,2026-09-28 08:00:00
PAY000008281,ORD00002428,2026-07-06 01:00:00,Razorpay,SUCCESS,519.61,3.51,inr,2026-09-28 08:00:00
PAY000007290,ORD00004033,2026-08-23 08:00:00,Cashfree,REFUNDED,1192.28,6.34,INR,2026-09-28 08:00:00
PAY000009704,ORD00001452,2026-04-12 10:00:00,razorpay ,FAILED,1158.62,12.8,INR,2026-09-28 08:00:00
PAY000010051,ORD00001775,2026-01-19 04:00:00,razorpay ,SUCCESS,539.78,25.92,INR,2026-09-28 08:00:00
PAY000006350,ORD00006680,2026-08-15 14:00:00,Razorpay,SUCCESS,849.16,15.23,INR,2026-09-28 08:00:00
PAY000007234,ORD00004659,2026-01-20 01:00:00,razorpay ,REFUNDED,645.22,24.82,INR,2026-09-28 08:00:00
PAY000005007,ORD00008646,2026-03-26 20:00:00,Razorpay,REFUNDED,3785.65,28.94,INR,2026-09-28 08:00:00
PAY000001777,ORD00009736,2026-02-13 11:00:00,Cashfree,SUCCESS,2288.44,29.71,INR,2026-09-28 08:00:00
PAY000000563,ORD00010375,2026-07-09 03:00:00,PayU,FAILED,1399.0,14.77,INR,2026-09-28 08:00:00
PAY000000564,ORD00006411,2026-04-15 14:00:00,Razorpay,SUCCESS,224.38,22.33,INR,2026-09-28 08:00:00
PAY000001476,ORD00008563,2026-02-11 02:00:00,razorpay ,SUCCESS,1531.73,32.42,INR,2026-09-28 08:00:00
PAY000013413,ORD00002391,2026-04-28 14:00:00,Razorpay,SUCCESS,245.09,5.92,inr,2026-09-28 08:00:00
PAY000003673,ORD00009015,2026-01-03 23:00:00,Cashfree,SUCCESS,584.46,25.9,INR,2026-09-28 08:00:00
PAY000012435,ORD00008583,2026-08-15 18:00:00,Stripe,PENDING,1078.29,16.34,INR,2026-09-28 08:00:00
PAY000003711,ORD00000264,2026-06-21 13:00:00,PayU,REFUNDED,3524.44,30.53,INR,2026-09-28 08:00:00
PAY000011941,ORD00005404,2026-03-24 15:00:00,Razorpay,FAILED,851.02,23.03,INR,2026-09-28 08:00:00
PAY000003732,ORD00010071,2026-07-11 16:00:00,razorpay ,SUCCESS,1306.45,15.05,INR,2026-09-28 08:00:00
PAY000000689,ORD00011944,2026-06-03 19:00:00,Cashfree,SUCCESS,1033.52,31.13,INR,2026-09-28 08:00:00
PAY000000612,ORD00001546,2026-01-24 22:00:00,Razorpay,FAILED,1245.8,25.84,inr,2026-09-28 08:00:00
PAY000004558,ORD00001379,2026-03-05 22:00:00,PayU,FAILED,2345.77,15.63,INR,2026-09-28 08:00:00
PAY000001414,ORD00001571,2026-06-24 06:00:00,Razorpay,SUCCESS,1240.18,8.74,INR,2026-09-28 08:00:00
PAY000001122,ORD00004665,2026-07-16 00:00:00,razorpay ,SUCCESS,664.54,10.2,INR,2026-09-28 08:00:00
PAY000007523,ORD00005424,2026-02-09 16:00:00,Cashfree,SUCCESS,762.14,28.63,INR,2026-09-28 08:00:00
PAY000006547,ORD00010477,2026-03-25 02:00:00,razorpay ,SUCCESS,1272.31,33.35,inr,2026-09-28 08:00:00
PAY000008841,ORD00006952,2026-01-27 21:00:00,Cashfree,PENDING,874.47,30.18,INR,2026-09-28 08:00:00
PAY000006812,ORD00007828,2026-08-04 21:00:00,razorpay ,SUCCESS,693.64,4.15,INR,2026-09-28 08:00:00
PAY000001729,ORD00011539,2026-05-03 10:00:00,Stripe,PENDING,366.78,17.69,INR,2026-09-28 08:00:00
PAY000007664,ORD00011410,2026-06-16 06:00:00,Razorpay,FAILED,925.82,9.26,INR,2026-09-28 08:00:00
PAY000004688,ORD00008143,2026-06-19 16:00:00,Cashfree,SUCCESS,2774.63,21.44,INR,2026-09-28 08:00:00
PAY000002942,ORD00010648,2026-03-23 04:00:00,Cashfree,SUCCESS,1984.47,10.1,inr,2026-09-28 08:00:00
PAY000010628,ORD00009128,2026-05-25 08:00:00,Stripe,PENDING,3128.35,17.79,INR,2026-09-28 08:00:00
PAY000007756,ORD00008424,2026-02-12 12:00:00,RAZORPAY,SUCCESS,404.88,10.92,INR,2026-09-28 08:00:00
PAY000003624,ORD00004880,2026-07-09 20:00:00,razorpay ,SUCCESS,594.26,3.9,INR,2026-09-28 08:00:00
PAY000007385,ORD00005339,2026-07-15 14:00:00,PayU,SUCCESS,758.57,23.14,INR,2026-09-28 08:00:00
PAY000010918,ORD00008484,2026-07-04 09:00:00,Razorpay,SUCCESS,355.52,14.49,INR,2026-09-28 08:00:00
PAY000001731,ORD00004377,2026-01-13 12:00:00,Razorpay,SUCCESS,1971.13,8.17,INR,2026-09-28 08:00:00
PAY000010149,ORD00011151,2026-03-08 08:00:00,PayU,SUCCESS,1277.18,22.75,INR,2026-09-28 08:00:00
PAY000007703,ORD00003637,2026-01-14 07:00:00,Cashfree,SUCCESS,1195.39,17.36,INR,2026-09-28 08:00:00
PAY000003791,ORD00001718,2026-01-06 19:00:00,Razorpay,SUCCESS,251.34,18.03,INR,2026-09-28 08:00:00
PAY000012041,ORD00001939,2026-06-03 17:00:00,Cashfree,SUCCESS,1329.51,34.99,INR,2026-09-28 08:00:00
PAY000000817,ORD00002608,2026-01-26 04:00:00,Cashfree,FAILED,582.59,23.31,INR,2026-09-28 08:00:00
PAY000005808,ORD00002983,2026-03-01 22:00:00,Razorpay,SUCCESS,2106.24,7.23,INR,2026-09-28 08:00:00
PAY000010462,ORD00010412,2026-06-14 22:00:00,razorpay ,SUCCESS,693.46,11.84,inr,2026-09-28 08:00:00
PAY000007777,ORD00007042,2026-04-01 08:00:00,razorpay ,PENDING,1888.94,2.64,INR,2026-09-28 08:00:00
PAY000001639,ORD00006507,2026-03-29 16:00:00,PayU,SUCCESS,874.96,26.66,INR,2026-09-28 08:00:00
PAY000011429,ORD00005504,2026-04-17 23:00:00,Stripe,SUCCESS,640.03,34.98,INR,2026-09-28 08:00:00
PAY000013430,ORD00011346,2026-07-23 00:00:00,razorpay ,SUCCESS,732.0,26.25,INR,2026-09-28 08:00:00
PAY000012936,ORD00006263,2026-03-31 10:00:00,Stripe,SUCCESS,1467.75,16.36,Rs,2026-09-28 08:00:00
PAY000008707,ORD00001447,2026-07-07 06:00:00,Razorpay,SUCCESS,1373.62,23.13,inr,2026-09-28 08:00:00
PAY000007193,ORD00008568,2026-02-16 03:00:00,Cashfree,FAILED,1733.82,10.98,INR,2026-09-28 08:00:00
PAY000008191,ORD00004714,2026-01-06 14:00:00,PayU,PENDING,905.33,21.42,INR,2026-09-28 08:00:00
PAY000002034,ORD00007317,2026-06-19 23:00:00,PayU,SUCCESS,585.4,3.89,inr,2026-09-28 08:00:00
PAY000002549,ORD00003391,2026-06-28 19:00:00,Razorpay,REFUNDED,991.46,11.29,INR,2026-09-28 08:00:00
PAY000008275,ORD00010383,2026-06-03 09:00:00,Stripe,SUCCESS,365.43,17.69,inr,2026-09-28 08:00:00
PAY000009657,ORD00003106,2026-02-26 20:00:00,Stripe,SUCCESS,838.45,22.66,INR,2026-09-28 08:00:00
PAY000010359,ORD00009212,2026-04-05 11:00:00,Stripe,SUCCESS,2904.7,33.97,INR,2026-09-28 08:00:00
PAY000000138,ORD00000369,2026-06-15 21:00:00,Stripe,SUCCESS,445.2,21.7,INR,2026-09-28 08:00:00
PAY000012966,ORD00002323,2026-06-03 05:00:00,Cashfree,SUCCESS,540.25,16.4,INR,2026-09-28 08:00:00
PAY000000312,ORD00008885,2026-02-14 18:00:00,Stripe,PENDING,3797.78,21.31,INR,2026-09-28 08:00:00
PAY000011717,ORD00010240,2026-01-14 14:00:00,PayU,SUCCESS,2978.13,26.75,Rs,2026-09-28 08:00:00
PAY000009356,ORD00005828,2026-04-10 06:00:00,PayU,SUCCESS,2845.48,12.3,inr,2026-09-28 08:00:00
PAY000013259,ORD00002649,2026-04-12 22:00:00,razorpay ,PENDING,429.99,22.64,INR,2026-09-28 08:00:00
PAY000007132,ORD00005078,2026-08-27 21:00:00,Stripe,FAILED,449.36,33.18,inr,2026-09-28 08:00:00
PAY000005611,ORD00004907,2026-07-14 12:00:00,Cashfree,FAILED,963.06,3.09,INR,2026-09-28 08:00:00
PAY000003433,ORD00009629,2026-03-02 05:00:00,Cashfree,FAILED,1120.98,32.8,INR,2026-09-28 08:00:00
PAY000001246,ORD00011422,2026-02-28 10:00:00,PayU,SUCCESS,292.04,10.35,INR,2026-09-28 08:00:00
PAY000007180,ORD00005208,2026-02-03 21:00:00,razorpay ,REFUNDED,613.41,4.51,INR,2026-09-28 08:00:00
PAY000007515,ORD00008222,2026-07-14 12:00:00,razorpay ,SUCCESS,3049.83,2.96,Rs,2026-09-28 08:00:00
PAY000009363,ORD00009101,2026-08-13 17:00:00,Cashfree,SUCCESS,1443.98,20.81,inr,2026-09-28 08:00:00
PAY000010868,ORD00004867,2026-05-28 21:00:00,Cashfree,PENDING,1270.13,13.56,INR,2026-09-28 08:00:00
PAY000009211,ORD00003993,2026-01-18 10:00:00,PayU,SUCCESS,634.35,3.7,INR,2026-09-28 08:00:00
PAY000004639,ORD00002213,2026-08-13 14:00:00,Razorpay,SUCCESS,2856.46,6.3,INR,2026-09-28 08:00:00
PAY000008716,ORD00005064,2026-04-26 22:00:00,Cashfree,FAILED,822.88,27.52,INR,2026-09-28 08:00:00
PAY000001861,ORD00004370,2026-08-21 18:00:00,Razorpay,SUCCESS,1682.22,7.99,INR,2026-09-28 08:00:00
PAY000013188,ORD00007797,2026-02-04 20:00:00,Stripe,REFUNDED,907.17,28.07,INR,2026-09-28 08:00:00
PAY000000999,ORD00002305,2026-08-18 14:00:00,Razorpay,SUCCESS,598.72,20.04,INR,2026-09-28 08:00:00
PAY000009734,ORD00003371,2026-07-20 05:00:00,Cashfree,REFUNDED,1355.52,4.12,INR,2026-09-28 08:00:00
PAY000008907,ORD00004569,2026-04-11 00:00:00,PayU,SUCCESS,1057.09,5.87,INR,2026-09-28 08:00:00
PAY000010305,ORD00009495,2026-01-30 05:00:00,Razorpay,SUCCESS,2040.0,31.98,INR,2026-09-28 08:00:00
PAY000007423,ORD00001987,2026-08-14 18:00:00,PayU,PENDING,612.01,33.78,INR,2026-09-28 08:00:00
PAY000005502,ORD00009374,2026-07-14 03:00:00,Cashfree,SUCCESS,360.55,30.93,INR,2026-09-28 08:00:00
PAY000004964,ORD00000783,2026-06-10 06:00:00,razorpay ,SUCCESS,1129.12,29.03,INR,2026-09-28 08:00:00
PAY000012443,ORD00007148,2026-05-05 10:00:00,PayU,SUCCESS,1138.36,31.71,INR,2026-09-28 08:00:00
PAY000007086,ORD00004377,2026-07-04 00:00:00,Razorpay,SUCCESS,3838.96,32.5,INR,2026-09-28 08:00:00
PAY000003143,ORD00011910,2026-02-25 05:00:00,Stripe,SUCCESS,716.24,12.72,INR,2026-09-28 08:00:00
PAY000009902,ORD00011937,2026-08-01 08:00:00,Stripe,REFUNDED,1067.74,30.53,INR,2026-09-28 08:00:00
PAY000001055,ORD00002254,2026-01-08 22:00:00,Stripe,SUCCESS,754.19,24.52,INR,2026-09-28 08:00:00
PAY000000496,ORD00001189,2026-07-08 10:00:00,razorpay ,SUCCESS,1426.34,3.02,INR,2026-09-28 08:00:00
PAY000010323,ORD00005485,2026-04-05 04:00:00,Stripe,SUCCESS,1190.23,28.98,INR,2026-09-28 08:00:00
PAY000005402,ORD00008756,2026-08-10 17:00:00,Stripe,REFUNDED,2787.88,28.17,INR,2026-09-28 08:00:00
PAY000004384,ORD00006615,2026-01-20 14:00:00,PayU,PENDING,2302.12,34.55,INR,2026-09-28 08:00:00
PAY000005771,ORD00005955,2026-07-30 10:00:00,Cashfree,SUCCESS,6059.65,4.94,INR,2026-09-28 08:00:00
PAY000011726,ORD00011143,2026-03-07 18:00:00,PayU,SUCCESS,657.41,22.9,INR,2026-09-28 08:00:00
PAY000011679,ORD00002593,2026-04-13 14:00:00,razorpay ,SUCCESS,1643.92,2.23,INR,2026-09-28 08:00:00
PAY000005852,ORD00001567,2026-01-01 18:00:00,Stripe,SUCCESS,283.61,19.13,INR,2026-09-28 08:00:00
PAY000007896,ORD00002641,2026-07-09 08:00:00,PayU,SUCCESS,516.62,14.24,INR,2026-09-28 08:00:00
PAY000002076,ORD00007317,2026-07-15 11:00:00,PayU,FAILED,3024.96,12.2,INR,2026-09-28 08:00:00
PAY000005965,ORD00008265,2026-08-04 23:00:00,razorpay ,SUCCESS,749.68,7.33,inr,2026-09-28 08:00:00
PAY000004144,ORD00007750,2026-03-31 22:00:00,razorpay ,SUCCESS,858.02,26.82,INR,2026-09-28 08:00:00
PAY000008018,ORD00003691,2026-04-19 18:00:00,razorpay ,SUCCESS,2180.65,34.61,INR,2026-09-28 08:00:00
PAY000009829,ORD00011431,2026-04-02 23:00:00,razorpay ,PENDING,1200.71,23.57,inr,2026-09-28 08:00:00
PAY000000831,ORD00000857,2026-01-16 18:00:00,razorpay ,FAILED,678.96,14.93,inr,2026-09-28 08:00:00
PAY000001764,ORD00005352,2026-01-20 21:00:00,Stripe,SUCCESS,890.39,14.06,INR,2026-09-28 08:00:00
PAY000005203,ORD00008524,2026-01-22 06:00:00,Cashfree,SUCCESS,1381.13,26.16,INR,2026-09-28 08:00:00
PAY000012874,ORD00009001,2026-05-28 18:00:00,Razorpay,SUCCESS,573.26,5.83,Rs,2026-09-28 08:00:00
PAY000004722,ORD00007909,2026-03-12 21:00:00,razorpay ,SUCCESS,438.04,31.6,INR,2026-09-28 08:00:00
PAY000007223,ORD00004684,2026-01-28 21:00:00,PayU,PENDING,808.27,21.85,INR,2026-09-28 08:00:00
PAY000004016,ORD00002825,2026-02-02 04:00:00,Stripe,SUCCESS,3952.82,20.8,INR,2026-09-28 08:00:00
PAY000004753,ORD00003516,2026-01-04 23:00:00,Cashfree,SUCCESS,1175.97,24.76,inr,2026-09-28 08:00:00
PAY000001440,ORD00003555,2026-02-28 05:00:00,PayU,FAILED,785.27,24.13,INR,2026-09-28 08:00:00
PAY000012185,ORD00003881,2026-07-04 08:00:00,Cashfree,PENDING,663.58,24.1,Rs,2026-09-28 08:00:00
PAY000000936,ORD00007101,2026-01-20 01:00:00,PayU,SUCCESS,2900.67,27.05,INR,2026-09-28 08:00:00
PAY000006544,ORD00001079,2026-03-23 00:00:00,RAZORPAY,SUCCESS,3169.37,33.42,INR,2026-09-28 08:00:00
PAY000010854,ORD00007571,2026-07-18 14:00:00,Razorpay,SUCCESS,275.26,15.38,INR,2026-09-28 08:00:00
PAY000011669,ORD00007544,2026-08-03 07:00:00,PayU,FAILED,879.47,13.56,INR,2026-09-28 08:00:00
PAY000002763,ORD00005641,2026-05-23 16:00:00,Razorpay,SUCCESS,659.17,14.73,INR,2026-09-28 08:00:00
PAY000001128,ORD00002596,2026-05-07 13:00:00,Cashfree,SUCCESS,1040.0,33.4,INR,2026-09-28 08:00:00
PAY000005406,ORD00007165,2026-07-27 15:00:00,Razorpay,SUCCESS,2515.81,20.42,INR,2026-09-28 08:00:00
PAY000010259,ORD00000332,2026-08-10 06:00:00,Razorpay,SUCCESS,1115.18,14.6,INR,2026-09-28 08:00:00
PAY000003229,ORD00008269,2026-05-27 21:00:00,Razorpay,PENDING,2363.25,23.2,INR,2026-09-28 08:00:00
PAY000009157,ORD00011557,2026-08-15 06:00:00,Razorpay,FAILED,1392.12,14.29,INR,2026-09-28 08:00:00
PAY000010479,ORD00004051,2026-08-21 13:00:00,Stripe,SUCCESS,166.66,18.45,INR,2026-09-28 08:00:00
PAY000002672,ORD00000573,2026-03-22 13:00:00,Razorpay,PENDING,6294.65,3.16,INR,2026-09-28 08:00:00
PAY000004891,ORD00003735,2026-04-19 09:00:00,razorpay ,REFUNDED,2056.68,20.78,INR,2026-09-28 08:00:00
PAY000000853,ORD00002762,2026-08-04 15:00:00,PayU,SUCCESS,974.68,32.75,INR,2026-09-28 08:00:00
PAY000002364,ORD00004854,2026-07-27 15:00:00,Stripe,SUCCESS,510.55,18.28,inr,2026-09-28 08:00:00
PAY000006764,ORD00001524,2026-03-01 06:00:00,razorpay ,SUCCESS,1450.16,3.83,INR,2026-09-28 08:00:00
PAY000006514,ORD00003637,2026-02-04 07:00:00,Razorpay,FAILED,657.46,18.36,inr,2026-09-28 08:00:00
PAY000009141,ORD00000746,2026-05-27 20:00:00,Razorpay,SUCCESS,1236.69,6.57,INR,2026-09-28 08:00:00
PAY000004654,ORD00011088,2026-03-18 00:00:00,PayU,SUCCESS,3812.57,7.0,INR,2026-09-28 08:00:00
PAY000003219,ORD00011588,2026-06-19 10:00:00,Razorpay,SUCCESS,1001.84,7.03,Rs,2026-09-28 08:00:00
PAY000001650,ORD00001749,2026-06-19 18:00:00,Razorpay,SUCCESS,2546.2,8.49,INR,2026-09-28 08:00:00
PAY000012398,ORD00003347,2026-01-26 16:00:00,Razorpay,PENDING,931.03,6.53,INR,2026-09-28 08:00:00
PAY000012433,ORD00002146,2026-05-05 11:00:00,Stripe,SUCCESS,824.97,30.09,INR,2026-09-28 08:00:00
PAY000012284,ORD00010098,2026-05-11 04:00:00,Cashfree,SUCCESS,658.7,23.24,INR,2026-09-28 08:00:00
PAY000002200,ORD00003034,2026-02-27 17:00:00,Razorpay,FAILED,1556.25,18.44,inr,2026-09-28 08:00:00
PAY000000296,ORD00004748,2026-03-30 02:00:00,Cashfree,PENDING,410.67,24.73,INR,2026-09-28 08:00:00
PAY000002282,ORD00000520,2026-07-28 10:00:00,Cashfree,REFUNDED,1394.25,25.89,INR,2026-09-28 08:00:00
PAY000005871,ORD00005887,2026-07-07 23:00:00,Stripe,PENDING,1548.35,9.86,INR,2026-09-28 08:00:00
PAY000011523,ORD00009549,2026-07-27 22:00:00,Stripe,SUCCESS,996.19,5.08,INR,2026-09-28 08:00:00
PAY000000863,ORD00005638,2026-07-27 15:00:00,PayU,SUCCESS,306.68,17.64,INR,2026-09-28 08:00:00
PAY000006358,ORD00002176,2026-01-23 11:00:00,Cashfree,FAILED,554.93,34.85,inr,2026-09-28 08:00:00
PAY000007593,ORD00003731,2026-08-12 08:00:00,Cashfree,SUCCESS,1362.7,18.4,INR,2026-09-28 08:00:00
PAY000001799,ORD00005899,2026-05-10 07:00:00,razorpay ,PENDING,1419.06,23.82,INR,2026-09-28 08:00:00
PAY000011125,ORD00003408,2026-01-03 01:00:00,PayU,PENDING,1788.6,20.5,INR,2026-09-28 08:00:00
PAY000003526,ORD00005007,2026-07-26 19:00:00,Cashfree,SUCCESS,2689.09,14.02,INR,2026-09-28 08:00:00
PAY000013237,ORD00010608,2026-02-06 07:00:00,razorpay ,PENDING,605.73,32.06,INR,2026-09-28 08:00:00
PAY000007492,ORD00009188,2026-08-02 07:00:00,PayU,SUCCESS,874.48,10.64,INR,2026-09-28 08:00:00
PAY000002230,ORD00006683,2026-06-24 19:00:00,PayU,SUCCESS,967.12,33.67,INR,2026-09-28 08:00:00
PAY000001905,ORD00001908,2026-08-16 14:00:00,Cashfree,FAILED,1401.95,28.78,INR,2026-09-28 08:00:00
PAY000001683,ORD00008850,2026-07-03 02:00:00,razorpay ,PENDING,811.05,28.66,INR,2026-09-28 08:00:00
PAY000006032,ORD00007891,2026-05-12 21:00:00,Razorpay,FAILED,2472.65,7.79,INR,2026-09-28 08:00:00
PAY000004736,ORD00011857,2026-05-29 12:00:00,PayU,SUCCESS,409.86,33.25,INR,2026-09-28 08:00:00
PAY000011218,ORD00005217,2026-04-19 05:00:00,Stripe,SUCCESS,467.62,32.32,INR,2026-09-28 08:00:00
PAY000003320,ORD00000479,2026-03-26 20:00:00,Razorpay,SUCCESS,1192.89,23.86,inr,2026-09-28 08:00:00
PAY000003576,ORD00010653,2026-08-07 07:00:00,Cashfree,FAILED,1707.73,3.53,INR,2026-09-28 08:00:00
PAY000000804,ORD00007694,2026-07-19 06:00:00,PayU,SUCCESS,2067.96,6.22,inr,2026-09-28 08:00:00
PAY000010166,ORD00009872,2026-05-05 13:00:00,Cashfree,SUCCESS,470.52,20.41,INR,2026-09-28 08:00:00
PAY000010507,ORD00011663,2026-02-28 13:00:00,Stripe,SUCCESS,4276.01,15.96,INR,2026-09-28 08:00:00
PAY000005015,ORD00003920,2026-04-20 17:00:00,PayU,FAILED,724.56,25.95,INR,2026-09-28 08:00:00
PAY000005073,ORD00004098,2026-01-19 23:00:00,Stripe,FAILED,1030.29,4.71,INR,2026-09-28 08:00:00
PAY000002652,ORD00003682,2026-01-08 15:00:00,Razorpay,SUCCESS,867.91,15.87,INR,2026-09-28 08:00:00
PAY000005353,ORD00001942,2026-07-30 00:00:00,Stripe,SUCCESS,2533.18,23.66,INR,2026-09-28 08:00:00
PAY000003341,ORD00008442,2026-03-19 09:00:00,PayU,PENDING,1136.68,28.84,INR,2026-09-28 08:00:00
PAY000003390,ORD00010414,2026-04-07 11:00:00,Stripe,SUCCESS,1844.24,21.27,INR,2026-09-28 08:00:00
PAY000013123,ORD00011602,2026-08-15 08:00:00,Cashfree,SUCCESS,2262.32,27.57,inr,2026-09-28 08:00:00
PAY000005473,ORD00002851,2026-04-25 09:00:00,razorpay ,SUCCESS,1399.95,2.68,INR,2026-09-28 08:00:00
PAY000000255,ORD00007414,2026-02-02 00:00:00,Cashfree,SUCCESS,2478.3,27.66,INR,2026-09-28 08:00:00
PAY000001063,ORD00007424,2026-03-04 22:00:00,Cashfree,SUCCESS,824.6,13.89,INR,2026-09-28 08:00:00
PAY000006767,ORD00001023,2026-02-25 09:00:00,razorpay ,PENDING,438.19,11.38,INR,2026-09-28 08:00:00
PAY000001399,ORD00002465,2026-03-01 01:00:00,razorpay ,SUCCESS,584.76,20.56,INR,2026-09-28 08:00:00
PAY000005037,ORD00000874,2026-04-16 04:00:00,Stripe,SUCCESS,1458.42,25.09,INR,2026-09-28 08:00:00
PAY000011731,ORD00002937,2026-07-01 15:00:00,PayU,SUCCESS,1912.63,34.17,INR,2026-09-28 08:00:00
PAY000009824,ORD00001541,2026-04-27 10:00:00,razorpay ,SUCCESS,2815.12,27.55,INR,2026-09-28 08:00:00
PAY000010328,ORD00010574,2026-06-26 05:00:00,razorpay ,FAILED,442.66,3.37,INR,2026-09-28 08:00:00
PAY000002049,ORD00007000,2026-05-24 03:00:00,PayU,PENDING,964.52,10.09,INR,2026-09-28 08:00:00
PAY000006346,ORD00005446,2026-05-26 19:00:00,Stripe,SUCCESS,1019.36,34.2,INR,2026-09-28 08:00:00
PAY000002566,ORD00001547,2026-02-10 23:00:00,Cashfree,SUCCESS,251.08,19.82,INR,2026-09-28 08:00:00
PAY000011207,ORD00009277,2026-01-08 04:00:00,Cashfree,REFUNDED,956.6,3.55,INR,2026-09-28 08:00:00
PAY000009457,ORD00008977,2026-02-13 05:00:00,razorpay ,FAILED,711.8,32.09,INR,2026-09-28 08:00:00
PAY000009127,ORD00001282,2026-04-08 02:00:00,Cashfree,PENDING,2565.81,22.89,inr,2026-09-28 08:00:00
PAY000000534,ORD00009317,2026-07-07 20:00:00,Cashfree,PENDING,3089.26,2.88,INR,2026-09-28 08:00:00
PAY000000992,ORD00010901,2026-04-17 07:00:00,PayU,SUCCESS,877.05,29.11,INR,2026-09-28 08:00:00
PAY000007201,ORD00006756,2026-05-17 13:00:00,Razorpay,SUCCESS,926.79,4.83,INR,2026-09-28 08:00:00
PAY000000599,ORD00007963,2026-06-24 20:00:00,Razorpay,PENDING,201.35,5.33,inr,2026-09-28 08:00:00
PAY000012228,ORD00007505,2026-07-05 15:00:00,Razorpay,PENDING,2966.26,25.88,INR,2026-09-28 08:00:00
PAY000003407,ORD00003373,2026-02-13 20:00:00,Razorpay,FAILED,1398.13,8.54,INR,2026-09-28 08:00:00
PAY000006131,ORD00000407,2026-01-04 10:00:00,PayU,FAILED,1961.69,17.38,INR,2026-09-28 08:00:00
PAY000010402,ORD00001245,2026-08-05 15:00:00,Cashfree,REFUNDED,841.38,18.91,INR,2026-09-28 08:00:00
PAY000006798,ORD00001300,2026-01-21 09:00:00,Stripe,FAILED,3015.69,12.53,INR,2026-09-28 08:00:00
PAY000013228,ORD00001028,2026-06-20 02:00:00,Razorpay,FAILED,1047.32,24.35,Rs,2026-09-28 08:00:00
PAY000002167,ORD00003615,2026-03-01 21:00:00,PayU,PENDING,606.21,5.21,INR,2026-09-28 08:00:00
PAY000003680,ORD00009922,2026-08-26 02:00:00,Cashfree,REFUNDED,745.45,2.0,INR,2026-09-28 08:00:00
PAY000011461,ORD00006077,2026-04-07 11:00:00,PayU,REFUNDED,1526.43,29.6,INR,2026-09-28 08:00:00
PAY000005370,ORD00002620,2026-02-07 18:00:00,razorpay ,SUCCESS,2554.37,22.39,inr,2026-09-28 08:00:00
PAY000008965,ORD00007746,2026-07-03 12:00:00,razorpay ,SUCCESS,3589.51,31.1,INR,2026-09-28 08:00:00
PAY000013323,ORD00008745,2026-06-23 22:00:00,razorpay ,FAILED,2648.36,34.04,INR,2026-09-28 08:00:00
PAY000003285,ORD00008257,2026-08-03 15:00:00,Cashfree,FAILED,1099.9,12.16,Rs,2026-09-28 08:00:00
PAY000006167,ORD00001995,2026-02-13 14:00:00,Razorpay,SUCCESS,492.68,6.1,INR,2026-09-28 08:00:00
PAY000002860,ORD00006475,2026-02-06 07:00:00,Razorpay,SUCCESS,1452.22,7.77,INR,2026-09-28 08:00:00
PAY000012373,ORD00002382,2026-07-21 06:00:00,PayU,SUCCESS,906.2,28.99,INR,2026-09-28 08:00:00
PAY000007276,ORD00002341,2026-04-27 14:00:00,Razorpay,SUCCESS,613.43,32.19,inr,2026-09-28 08:00:00
PAY000012126,ORD00006176,2026-02-16 13:00:00,Stripe,REFUNDED,1168.8,28.65,INR,2026-09-28 08:00:00
PAY000002611,ORD00009698,2026-05-04 05:00:00,PayU,SUCCESS,1079.25,12.24,INR,2026-09-28 08:00:00
PAY000012847,ORD00006144,2026-05-31 23:00:00,Cashfree,REFUNDED,970.96,18.52,INR,2026-09-28 08:00:00
PAY000006310,ORD00001049,2026-04-03 15:00:00,Razorpay,PENDING,1794.23,33.79,INR,2026-09-28 08:00:00
PAY000011659,ORD00006922,2026-05-22 14:00:00,Razorpay,SUCCESS,338.35,7.44,INR,2026-09-28 08:00:00
PAY000009306,ORD00002072,2026-02-18 15:00:00,PayU,PENDING,794.88,6.5,inr,2026-09-28 08:00:00
PAY000008324,ORD00011343,2026-03-23 02:00:00,Cashfree,SUCCESS,469.86,26.59,inr,2026-09-28 08:00:00
PAY000002899,ORD00001025,2026-08-16 20:00:00,Stripe,SUCCESS,1470.02,3.2,INR,2026-09-28 08:00:00
PAY000005169,ORD00008458,2026-01-13 00:00:00,Razorpay,SUCCESS,254.01,17.79,INR,2026-09-28 08:00:00
PAY000004531,ORD00000029,2026-02-27 21:00:00,PayU,PENDING,1573.51,29.44,INR,2026-09-28 08:00:00
PAY000006900,ORD00011614,2026-02-01 15:00:00,razorpay ,PENDING,893.25,22.64,INR,2026-09-28 08:00:00
PAY000003938,ORD00002982,2026-03-21 15:00:00,Razorpay,FAILED,1706.14,25.67,INR,2026-09-28 08:00:00
PAY000006965,ORD00008621,2026-06-15 08:00:00,razorpay ,SUCCESS,1092.71,34.76,INR,2026-09-28 08:00:00
PAY000007965,ORD00008034,2026-06-02 17:00:00,Stripe,REFUNDED,2569.31,15.68,INR,2026-09-28 08:00:00
PAY000009278,ORD00007986,2026-02-21 05:00:00,Razorpay,PENDING,3333.73,15.87,INR,2026-09-28 08:00:00
PAY000002523,ORD00004147,2026-03-19 14:00:00,Stripe,FAILED,404.38,10.07,INR,2026-09-28 08:00:00
PAY000004209,ORD00005009,2026-05-12 13:00:00,Cashfree,FAILED,1329.49,28.23,INR,2026-09-28 08:00:00
PAY000012757,ORD00004187,2026-01-23 09:00:00,razorpay ,SUCCESS,812.21,14.57,INR,2026-09-28 08:00:00
PAY000012250,ORD00002846,2026-08-05 08:00:00,Stripe,SUCCESS,1355.38,3.25,INR,2026-09-28 08:00:00
PAY000008795,ORD00002525,2026-08-05 22:00:00,PayU,REFUNDED,1661.7,18.1,inr,2026-09-28 08:00:00
PAY000012389,ORD00002408,2026-08-18 02:00:00,Razorpay,SUCCESS,931.29,32.23,Rs,2026-09-28 08:00:00
PAY000004175,ORD00007229,2026-01-10 06:00:00,PayU,PENDING,1424.42,6.92,INR,2026-09-28 08:00:00
PAY000003932,ORD00003976,2026-01-16 10:00:00,Stripe,SUCCESS,780.0,14.55,INR,2026-09-28 08:00:00
PAY000004529,ORD00008787,2026-08-04 06:00:00,Stripe,FAILED,1311.32,31.73,INR,2026-09-28 08:00:00
PAY000013206,ORD00009926,2026-05-13 14:00:00,PayU,SUCCESS,863.52,3.57,INR,2026-09-28 08:00:00
PAY000003348,ORD00001595,2026-04-06 20:00:00,Cashfree,PENDING,1197.56,14.99,INR,2026-09-28 08:00:00
PAY000001614,ORD00005326,2026-07-12 15:00:00,Razorpay,SUCCESS,730.54,9.48,INR,2026-09-28 08:00:00
PAY000002163,ORD00003004,2026-03-26 08:00:00,Cashfree,REFUNDED,1015.24,28.51,INR,2026-09-28 08:00:00
PAY000005198,ORD00011482,2026-03-25 07:00:00,Stripe,FAILED,2684.8,15.86,INR,2026-09-28 08:00:00
PAY000002961,ORD00005199,2026-02-20 07:00:00,Stripe,SUCCESS,539.64,33.99,Rs,2026-09-28 08:00:00
PAY000011937,ORD00002611,2026-07-02 10:00:00,Stripe,SUCCESS,1158.53,27.53,INR,2026-09-28 08:00:00
PAY000011184,ORD00001807,2026-02-01 01:00:00,Stripe,SUCCESS,534.99,5.46,INR,2026-09-28 08:00:00
PAY000009147,ORD00003956,2026-03-13 20:00:00,Cashfree,SUCCESS,937.72,15.61,Rs,2026-09-28 08:00:00
PAY000001961,ORD00011023,2026-04-23 19:00:00,Razorpay,SUCCESS,1433.22,7.66,INR,2026-09-28 08:00:00
PAY000007876,ORD00007725,2026-06-20 22:00:00,Razorpay,SUCCESS,567.78,3.35,INR,2026-09-28 08:00:00
PAY000005338,ORD00006427,2026-08-09 13:00:00,razorpay ,FAILED,887.62,11.55,inr,2026-09-28 08:00:00
PAY000005064,ORD00002399,2026-03-08 09:00:00,Cashfree,FAILED,857.6,18.36,Rs,2026-09-28 08:00:00
PAY000012829,ORD00004990,2026-04-29 12:00:00,PayU,SUCCESS,1349.57,14.82,INR,2026-09-28 08:00:00
PAY000002341,ORD00008389,2026-04-09 12:00:00,PayU,REFUNDED,3841.66,12.11,INR,2026-09-28 08:00:00
PAY000002120,ORD00003213,2026-05-05 06:00:00,Razorpay,REFUNDED,1705.88,14.44,INR,2026-09-28 08:00:00
PAY000012953,ORD00010399,2026-07-29 16:00:00,Stripe,FAILED,1419.8,26.68,inr,2026-09-28 08:00:00
PAY000002009,ORD00010996,2026-02-25 07:00:00,Stripe,REFUNDED,580.8,33.23,INR,2026-09-28 08:00:00
PAY000012216,ORD00011996,2026-06-08 18:00:00,Stripe,PENDING,960.09,33.76,INR,2026-09-28 08:00:00
PAY000011335,ORD00011637,2026-01-07 17:00:00,Razorpay,SUCCESS,498.58,9.86,INR,2026-09-28 08:00:00
PAY000008314,ORD00006812,2026-04-19 14:00:00,Razorpay,SUCCESS,1161.7,16.9,INR,2026-09-28 08:00:00
PAY000002347,ORD00005348,2026-02-28 10:00:00,Cashfree,SUCCESS,640.66,11.64,Rs,2026-09-28 08:00:00
PAY000002197,ORD00010242,2026-06-15 15:00:00,Stripe,SUCCESS,967.99,2.39,INR,2026-09-28 08:00:00
PAY000010125,ORD00000759,2026-06-13 09:00:00,PayU,SUCCESS,2188.1,4.94,INR,2026-09-28 08:00:00
PAY000011625,ORD00007279,2026-01-23 17:00:00,Cashfree,SUCCESS,877.97,11.17,INR,2026-09-28 08:00:00
PAY000010525,ORD00006708,2026-03-16 23:00:00,Cashfree,FAILED,1086.87,18.82,INR,2026-09-28 08:00:00
PAY000003757,ORD00007983,2026-03-18 21:00:00,razorpay ,FAILED,1461.82,9.04,INR,2026-09-28 08:00:00
PAY000012583,ORD00009840,2026-01-28 07:00:00,Cashfree,PENDING,518.01,17.53,INR,2026-09-28 08:00:00
PAY000005526,ORD00011189,2026-03-04 07:00:00,PayU,FAILED,626.61,17.15,INR,2026-09-28 08:00:00
PAY000010459,ORD00010765,2026-02-23 14:00:00,Cashfree,FAILED,989.29,3.75,INR,2026-09-28 08:00:00
PAY000002854,ORD00003684,2026-03-12 03:00:00,Stripe,REFUNDED,1264.71,16.6,INR,2026-09-28 08:00:00
PAY000001390,ORD00009405,2026-06-02 15:00:00,Cashfree,SUCCESS,1287.85,31.28,INR,2026-09-28 08:00:00
PAY000012161,ORD00008525,2026-03-12 10:00:00,Razorpay,SUCCESS,2794.42,16.64,inr,2026-09-28 08:00:00
PAY000004829,ORD00010344,2026-03-18 14:00:00,Stripe,SUCCESS,361.46,16.05,INR,2026-09-28 08:00:00
PAY000004913,ORD00003310,2026-08-17 18:00:00,Stripe,FAILED,753.6,25.23,INR,2026-09-28 08:00:00
PAY000009594,ORD00002318,2026-05-18 16:00:00,Cashfree,SUCCESS,857.0,13.58,INR,2026-09-28 08:00:00
PAY000013476,ORD00005794,2026-05-06 20:00:00,Cashfree,PENDING,653.73,24.41,Rs,2026-09-28 08:00:00
PAY000011409,ORD00004094,2026-04-27 09:00:00,PayU,REFUNDED,601.4,10.43,INR,2026-09-28 08:00:00
PAY000007044,ORD00006972,2026-07-23 07:00:00,razorpay ,PENDING,967.1,22.68,INR,2026-09-28 08:00:00
PAY000005823,ORD00007317,2026-04-13 06:00:00,razorpay ,SUCCESS,383.93,23.05,INR,2026-09-28 08:00:00
PAY000012449,ORD00002072,2026-08-13 02:00:00,RAZORPAY,SUCCESS,1473.19,2.23,INR,2026-09-28 08:00:00
PAY000006465,ORD00004426,2026-07-13 22:00:00,Stripe,FAILED,1180.56,15.73,INR,2026-09-28 08:00:00
PAY000011325,ORD00004641,2026-07-19 13:00:00,Cashfree,SUCCESS,2277.68,5.93,INR,2026-09-28 08:00:00
PAY000010021,ORD00006384,2026-03-23 08:00:00,Razorpay,SUCCESS,1756.65,21.83,INR,2026-09-28 08:00:00
PAY000004191,ORD00011098,2026-02-10 18:00:00,Stripe,PENDING,1230.85,3.03,INR,2026-09-28 08:00:00
PAY000004981,ORD00001987,2026-01-23 23:00:00,Stripe,PENDING,886.09,7.83,INR,2026-09-28 08:00:00
PAY000012948,ORD00005268,2026-05-26 01:00:00,PayU,SUCCESS,1558.57,5.56,INR,2026-09-28 08:00:00
PAY000008755,ORD00002431,2026-02-11 19:00:00,PayU,SUCCESS,779.36,23.18,INR,2026-09-28 08:00:00
PAY000003930,ORD00003520,2026-05-03 20:00:00,Cashfree,SUCCESS,1705.67,33.22,Rs,2026-09-28 08:00:00
PAY000000017,ORD00000437,2026-05-06 07:00:00,PayU,REFUNDED,503.2,22.19,INR,2026-09-28 08:00:00
PAY000002790,ORD00009189,2026-05-27 13:00:00,Cashfree,SUCCESS,1228.21,28.21,INR,2026-09-28 08:00:00
PAY000008772,ORD00006097,2026-01-23 21:00:00,razorpay ,PENDING,1265.42,17.06,INR,2026-09-28 08:00:00
PAY000006910,ORD00005722,2026-04-26 20:00:00,PayU,SUCCESS,637.44,2.57,INR,2026-09-28 08:00:00
PAY000001394,ORD00006102,2026-07-06 07:00:00,PayU,REFUNDED,1969.56,3.88,INR,2026-09-28 08:00:00
PAY000009847,ORD00011105,2026-02-11 08:00:00,Razorpay,SUCCESS,1641.72,2.54,inr,2026-09-28 08:00:00
PAY000004869,ORD00008109,2026-08-26 04:00:00,Stripe,REFUNDED,955.65,14.65,INR,2026-09-28 08:00:00
PAY000003991,ORD00008145,2026-04-19 09:00:00,Razorpay,SUCCESS,1952.69,30.06,INR,2026-09-28 08:00:00
PAY000008596,ORD00006292,2026-06-11 23:00:00,Stripe,SUCCESS,454.02,13.83,INR,2026-09-28 08:00:00
PAY000010712,ORD00004569,2026-05-30 19:00:00,Cashfree,FAILED,820.36,14.32,INR,2026-09-28 08:00:00
PAY000009930,ORD00000414,2026-02-04 08:00:00,PayU,SUCCESS,1319.0,12.23,INR,2026-09-28 08:00:00
PAY000000392,ORD00004806,2026-01-29 06:00:00,Razorpay,FAILED,677.12,2.64,INR,2026-09-28 08:00:00
PAY000003408,ORD00007889,2026-05-05 22:00:00,Razorpay,SUCCESS,1283.76,22.68,Rs,2026-09-28 08:00:00
PAY000012637,ORD00010610,2026-03-24 04:00:00,Razorpay,REFUNDED,545.06,31.81,inr,2026-09-28 08:00:00
PAY000009101,ORD00006389,2026-06-24 07:00:00,Stripe,SUCCESS,520.67,29.01,INR,2026-09-28 08:00:00
PAY000008718,ORD00003987,2026-01-31 07:00:00,Stripe,SUCCESS,3208.73,30.14,Rs,2026-09-28 08:00:00
PAY000002392,ORD00001768,2026-03-27 20:00:00,razorpay ,REFUNDED,754.85,20.48,INR,2026-09-28 08:00:00
PAY000007842,ORD00009827,2026-05-23 07:00:00,Razorpay,SUCCESS,483.9,6.08,INR,2026-09-28 08:00:00
PAY000010298,ORD00001660,2026-04-06 02:00:00,razorpay ,PENDING,2303.24,30.1,INR,2026-09-28 08:00:00
PAY000004839,ORD00006902,2026-02-23 22:00:00,razorpay ,REFUNDED,1009.04,7.16,INR,2026-09-28 08:00:00
PAY000004256,ORD00010087,2026-04-30 08:00:00,razorpay ,REFUNDED,3143.92,33.88,INR,2026-09-28 08:00:00
PAY000008167,ORD00011312,2026-04-27 23:00:00,razorpay ,SUCCESS,1473.96,18.64,INR,2026-09-28 08:00:00
PAY000007901,ORD00005310,2026-06-27 17:00:00,Razorpay,SUCCESS,754.26,28.42,INR,2026-09-28 08:00:00
PAY000010056,ORD00008779,2026-05-01 19:00:00,razorpay ,FAILED,1060.46,2.57,INR,2026-09-28 08:00:00
PAY000000814,ORD00007694,2026-07-26 15:00:00,razorpay ,REFUNDED,743.79,21.15,INR,2026-09-28 08:00:00
PAY000013200,ORD00005671,2026-02-17 06:00:00,Stripe,SUCCESS,1359.14,17.89,INR,2026-09-28 08:00:00
PAY000003176,ORD00010055,2026-08-05 05:00:00,razorpay ,FAILED,1083.36,11.41,INR,2026-09-28 08:00:00
PAY000004039,ORD00009398,2026-06-14 03:00:00,Cashfree,SUCCESS,671.38,21.13,INR,2026-09-28 08:00:00
PAY000006839,ORD00002864,2026-05-01 01:00:00,Razorpay,SUCCESS,1601.33,4.94,inr,2026-09-28 08:00:00
PAY000000407,ORD00009814,2026-06-18 17:00:00,Cashfree,PENDING,1740.31,7.33,INR,2026-09-28 08:00:00
PAY000012638,ORD00005434,2026-02-04 12:00:00,PayU,FAILED,1353.01,20.11,inr,2026-09-28 08:00:00
PAY000012090,ORD00001939,2026-04-05 02:00:00,Cashfree,SUCCESS,1028.12,29.86,INR,2026-09-28 08:00:00
PAY000005356,ORD00001162,2026-03-18 17:00:00,Razorpay,SUCCESS,1244.35,24.34,INR,2026-09-28 08:00:00
PAY000013499,ORD00008914,2026-02-17 07:00:00,Razorpay,REFUNDED,2154.51,26.18,INR,2026-09-28 08:00:00
PAY000010849,ORD00002067,2026-02-13 09:00:00,Cashfree,SUCCESS,1122.28,7.26,inr,2026-09-28 08:00:00
PAY000011090,ORD00006969,2026-01-30 08:00:00,Razorpay,PENDING,592.2,18.66,Rs,2026-09-28 08:00:00
PAY000004548,ORD00010246,2026-08-08 11:00:00,Cashfree,REFUNDED,1068.59,13.9,Rs,2026-09-28 08:00:00
PAY000007433,ORD00010428,2026-04-23 03:00:00,Razorpay,SUCCESS,1841.02,6.82,inr,2026-09-28 08:00:00
PAY000009785,ORD00002279,2026-07-28 03:00:00,razorpay ,SUCCESS,1251.48,23.62,INR,2026-09-28 08:00:00
PAY000006392,ORD00005476,2026-02-18 18:00:00,razorpay ,SUCCESS,1634.1,25.98,INR,2026-09-28 08:00:00
PAY000004367,ORD00008292,2026-04-15 18:00:00,Razorpay,PENDING,2622.18,31.38,INR,2026-09-28 08:00:00
PAY000004584,ORD00000118,2026-02-18 16:00:00,PayU,SUCCESS,189.08,29.61,INR,2026-09-28 08:00:00
PAY000009726,ORD00010583,2026-08-15 08:00:00,razorpay ,SUCCESS,833.15,4.35,INR,2026-09-28 08:00:00
PAY000011183,ORD00001032,2026-07-22 06:00:00,Cashfree,REFUNDED,2325.13,18.81,INR,2026-09-28 08:00:00
PAY000012845,ORD00002666,2026-08-10 06:00:00,razorpay ,FAILED,860.68,8.87,INR,2026-09-28 08:00:00
PAY000003993,ORD00000393,2026-01-07 05:00:00,razorpay ,SUCCESS,1178.32,27.58,INR,2026-09-28 08:00:00
PAY000000424,ORD00007259,2026-08-03 19:00:00,PayU,SUCCESS,1569.55,13.62,INR,2026-09-28 08:00:00
PAY000004594,ORD00001650,2026-06-24 19:00:00,PayU,SUCCESS,558.79,19.77,INR,2026-09-28 08:00:00
PAY000012034,ORD00003388,2026-04-05 15:00:00,razorpay ,PENDING,686.24,22.27,inr,2026-09-28 08:00:00
PAY000013023,ORD00003477,2026-06-08 14:00:00,Stripe,SUCCESS,690.51,33.45,Rs,2026-09-28 08:00:00
PAY000011389,ORD00001487,2026-06-26 14:00:00,PayU,FAILED,788.61,31.56,Rs,2026-09-28 08:00:00
PAY000005785,ORD00011796,2026-07-25 22:00:00,razorpay ,SUCCESS,359.8,6.68,inr,2026-09-28 08:00:00
PAY000010372,ORD00006419,2026-03-16 20:00:00,Cashfree,PENDING,828.45,34.08,inr,2026-09-28 08:00:00
PAY000002570,ORD00008571,2026-04-28 13:00:00,Stripe,REFUNDED,1029.8,10.09,INR,2026-09-28 08:00:00
PAY000007204,ORD00007935,2026-01-05 01:00:00,Cashfree,SUCCESS,1204.2,12.81,INR,2026-09-28 08:00:00
PAY000004447,ORD00003112,2026-03-24 03:00:00,Cashfree,SUCCESS,3679.05,5.93,Rs,2026-09-28 08:00:00
PAY000011756,ORD00011057,2026-02-12 22:00:00,Cashfree,SUCCESS,1023.8,17.71,Rs,2026-09-28 08:00:00
PAY000009477,ORD00007872,2026-07-06 06:00:00,Stripe,PENDING,1372.97,17.66,INR,2026-09-28 08:00:00
PAY000005809,ORD00001184,2026-03-14 21:00:00,PayU,SUCCESS,1722.51,23.87,INR,2026-09-28 08:00:00
PAY000000340,ORD00006892,2026-03-06 09:00:00,Stripe,SUCCESS,589.88,23.05,INR,2026-09-28 08:00:00
PAY000001326,ORD00007408,2026-02-28 16:00:00,Cashfree,SUCCESS,2201.98,17.06,INR,2026-09-28 08:00:00
PAY000001088,ORD00008710,2026-04-08 00:00:00,Cashfree,SUCCESS,364.28,26.42,Rs,2026-09-28 08:00:00
PAY000001593,ORD00004676,2026-05-12 23:00:00,Cashfree,SUCCESS,209.78,19.58,Rs,2026-09-28 08:00:00
PAY000001515,ORD00011923,2026-07-14 08:00:00,Cashfree,SUCCESS,870.01,2.67,inr,2026-09-28 08:00:00
PAY000004347,ORD00011064,2026-03-12 07:00:00,razorpay ,SUCCESS,1280.53,4.07,INR,2026-09-28 08:00:00
PAY000001909,ORD00010994,2026-07-06 21:00:00,Razorpay,SUCCESS,798.56,6.7,INR,2026-09-28 08:00:00
PAY000010803,ORD00002262,2026-07-29 11:00:00,Stripe,SUCCESS,576.64,19.55,inr,2026-09-28 08:00:00
PAY000002748,ORD00001858,2026-07-30 04:00:00,razorpay ,SUCCESS,583.95,22.98,INR,2026-09-28 08:00:00
PAY000007210,ORD00010221,2026-08-03 22:00:00,Razorpay,FAILED,1954.18,3.45,INR,2026-09-28 08:00:00
PAY000000133,ORD00001426,2026-08-07 05:00:00,Razorpay,FAILED,2271.95,2.82,INR,2026-09-28 08:00:00
PAY000002083,ORD00010404,2026-01-10 05:00:00,Stripe,SUCCESS,1051.27,14.61,INR,2026-09-28 08:00:00
PAY000008127,ORD00007004,2026-03-12 08:00:00,Cashfree,PENDING,1622.12,20.39,INR,2026-09-28 08:00:00
PAY000005991,ORD00000504,2026-02-22 17:00:00,Stripe,SUCCESS,1018.62,3.58,INR,2026-09-28 08:00:00
PAY000001904,ORD00002999,2026-02-11 18:00:00,razorpay ,SUCCESS,1630.98,21.73,INR,2026-09-28 08:00:00
PAY000003904,ORD00006533,2026-03-25 14:00:00,PayU,SUCCESS,1076.62,21.82,INR,2026-09-28 08:00:00
PAY000008925,ORD00007762,2026-05-06 12:00:00,Cashfree,FAILED,1639.92,4.42,INR,2026-09-28 08:00:00
PAY000000673,ORD00001975,2026-01-04 20:00:00,Cashfree,SUCCESS,1162.84,11.56,INR,2026-09-28 08:00:00
PAY000003562,ORD00001981,2026-01-16 08:00:00,Cashfree,FAILED,487.98,5.13,INR,2026-09-28 08:00:00
PAY000000315,ORD00009819,2026-07-18 08:00:00,Razorpay,SUCCESS,719.49,6.07,inr,2026-09-28 08:00:00
PAY000000354,ORD00004229,2026-04-20 15:00:00,Stripe,REFUNDED,519.04,9.27,INR,2026-09-28 08:00:00
PAY000001256,ORD00004602,2026-06-08 04:00:00,Cashfree,PENDING,951.72,30.9,INR,2026-09-28 08:00:00
PAY000007799,ORD00001840,2026-01-16 17:00:00,Cashfree,SUCCESS,811.88,24.38,INR,2026-09-28 08:00:00
PAY000001678,ORD00001078,2026-07-17 02:00:00,Stripe,PENDING,700.59,7.63,INR,2026-09-28 08:00:00
PAY000007805,ORD00006804,2026-02-21 09:00:00,razorpay ,SUCCESS,1816.98,8.09,INR,2026-09-28 08:00:00
PAY000005671,ORD00011348,2026-02-02 05:00:00,PayU,SUCCESS,335.62,5.22,INR,2026-09-28 08:00:00
PAY000000828,ORD00006279,2026-02-10 19:00:00,Cashfree,SUCCESS,3646.53,9.4,INR,2026-09-28 08:00:00
PAY000005894,ORD00009410,2026-05-22 05:00:00,PayU,SUCCESS,421.04,19.5,INR,2026-09-28 08:00:00
PAY000004444,ORD00004375,2026-05-01 12:00:00,Stripe,SUCCESS,1272.05,28.17,INR,2026-09-28 08:00:00
PAY000012318,ORD00007770,2026-05-17 19:00:00,Razorpay,SUCCESS,1604.24,28.8,INR,2026-09-28 08:00:00
PAY000004798,ORD00000438,2026-02-10 04:00:00,PayU,SUCCESS,660.47,28.54,INR,2026-09-28 08:00:00
PAY000001631,ORD00000768,2026-08-10 20:00:00,razorpay ,PENDING,4147.46,27.11,INR,2026-09-28 08:00:00
PAY000007156,ORD00004831,2026-05-06 06:00:00,Stripe,FAILED,1338.4,18.19,INR,2026-09-28 08:00:00
PAY000009144,ORD00004618,2026-05-26 22:00:00,PayU,SUCCESS,1494.51,15.43,INR,2026-09-28 08:00:00
PAY000008353,ORD00010684,2026-05-23 19:00:00,RAZORPAY,FAILED,1168.01,18.8,INR,2026-09-28 08:00:00
PAY000000012,ORD00003854,2026-04-21 15:00:00,razorpay ,FAILED,3346.68,18.72,INR,2026-09-28 08:00:00
PAY000013096,ORD00000400,2026-02-06 11:00:00,Cashfree,FAILED,1255.47,21.62,INR,2026-09-28 08:00:00
PAY000003743,ORD00005751,2026-04-18 15:00:00,Razorpay,FAILED,1039.57,33.23,INR,2026-09-28 08:00:00
PAY000007138,ORD00003848,2026-02-12 09:00:00,Stripe,SUCCESS,571.84,23.7,INR,2026-09-28 08:00:00
PAY000013456,ORD00004414,2026-06-14 12:00:00,razorpay ,SUCCESS,1785.25,29.28,INR,2026-09-28 08:00:00
PAY000005586,ORD00009838,2026-01-31 02:00:00,PayU,PENDING,4491.43,4.76,INR,2026-09-28 08:00:00
PAY000010624,ORD00002081,2026-03-08 20:00:00,PayU,PENDING,711.02,16.06,INR,2026-09-28 08:00:00
PAY000009550,ORD00009333,2026-03-31 03:00:00,Stripe,SUCCESS,908.26,23.12,inr,2026-09-28 08:00:00
PAY000009247,ORD00008062,2026-06-07 00:00:00,razorpay ,SUCCESS,945.68,2.75,inr,2026-09-28 08:00:00
PAY000002247,ORD00005352,2026-05-15 15:00:00,Razorpay,PENDING,544.7,19.6,INR,2026-09-28 08:00:00
PAY000007729,ORD00003956,2026-01-15 01:00:00,Stripe,SUCCESS,635.91,29.23,INR,2026-09-28 08:00:00
PAY000008519,ORD00000239,2026-04-04 02:00:00,Stripe,PENDING,1091.59,32.45,inr,2026-09-28 08:00:00
PAY000003935,ORD00000022,2026-08-12 01:00:00,Stripe,REFUNDED,1101.96,21.78,INR,2026-09-28 08:00:00
PAY000001907,ORD00006313,2026-04-14 10:00:00,PayU,SUCCESS,3091.52,31.76,INR,2026-09-28 08:00:00
PAY000012589,ORD00004393,2026-08-14 23:00:00,razorpay ,SUCCESS,2335.46,3.16,INR,2026-09-28 08:00:00
PAY000004655,ORD00002169,2026-08-18 22:00:00,Stripe,SUCCESS,1716.4,9.24,inr,2026-09-28 08:00:00
PAY000010279,ORD00001610,2026-05-07 07:00:00,Stripe,PENDING,1281.78,10.86,inr,2026-09-28 08:00:00
PAY000010004,ORD00004387,2026-06-14 10:00:00,Razorpay,PENDING,2038.16,4.57,INR,2026-09-28 08:00:00
PAY000000055,ORD00004924,2026-05-02 06:00:00,Cashfree,SUCCESS,673.64,19.01,INR,2026-09-28 08:00:00
PAY000010760,ORD00003232,2026-08-23 11:00:00,Cashfree,PENDING,625.71,32.93,inr,2026-09-28 08:00:00
PAY000010080,ORD00009425,2026-04-03 23:00:00,PayU,FAILED,809.73,14.41,INR,2026-09-28 08:00:00
PAY000009651,ORD00008516,2026-02-26 06:00:00,Stripe,SUCCESS,2088.29,30.14,INR,2026-09-28 08:00:00
PAY000004520,ORD00011519,2026-02-22 10:00:00,Stripe,SUCCESS,2204.09,24.93,inr,2026-09-28 08:00:00
PAY000005214,ORD00004335,2026-04-26 22:00:00,Razorpay,SUCCESS,5669.07,30.57,INR,2026-09-28 08:00:00
PAY000007996,ORD00007995,2026-06-27 14:00:00,Stripe,FAILED,2100.11,28.84,INR,2026-09-28 08:00:00
PAY000008695,ORD00003077,2026-08-13 21:00:00,razorpay ,SUCCESS,2960.9,5.44,inr,2026-09-28 08:00:00
PAY000010181,ORD00002331,2026-06-18 01:00:00,razorpay ,SUCCESS,1662.23,22.35,INR,2026-09-28 08:00:00
PAY000000413,ORD00002867,2026-08-23 05:00:00,Stripe,SUCCESS,2778.2,31.1,INR,2026-09-28 08:00:00
PAY000002378,ORD00002473,2026-08-28 15:00:00,razorpay ,SUCCESS,506.01,5.12,INR,2026-09-28 08:00:00
PAY000012045,ORD00008712,2026-08-13 14:00:00,Stripe,PENDING,950.41,4.66,inr,2026-09-28 08:00:00
PAY000005831,ORD00004270,2026-06-11 16:00:00,razorpay ,SUCCESS,725.57,18.38,INR,2026-09-28 08:00:00
PAY000005798,ORD00000285,2026-06-26 09:00:00,Razorpay,SUCCESS,1809.32,27.55,INR,2026-09-28 08:00:00
PAY000005206,ORD00006542,2026-07-17 10:00:00,PayU,SUCCESS,898.9,30.35,INR,2026-09-28 08:00:00
PAY000000475,ORD00001717,2026-07-23 09:00:00,Cashfree,SUCCESS,610.06,14.74,INR,2026-09-28 08:00:00
PAY000010575,ORD00004327,2026-02-25 00:00:00,razorpay ,SUCCESS,597.19,15.07,INR,2026-09-28 08:00:00
PAY000011741,ORD00011270,2026-08-01 16:00:00,razorpay ,PENDING,1157.04,23.2,INR,2026-09-28 08:00:00
PAY000004105,ORD00008922,2026-06-28 19:00:00,PayU,REFUNDED,1027.15,26.39,Rs,2026-09-28 08:00:00
PAY000003532,ORD00009232,2026-01-16 07:00:00,Razorpay,SUCCESS,426.92,6.08,INR,2026-09-28 08:00:00
PAY000011773,ORD00011087,2026-02-12 12:00:00,Cashfree,PENDING,1874.22,3.99,INR,2026-09-28 08:00:00
PAY000003985,ORD00008469,2026-03-14 00:00:00,Cashfree,SUCCESS,884.42,7.48,INR,2026-09-28 08:00:00
PAY000001613,ORD00000964,2026-05-21 17:00:00,Stripe,SUCCESS,678.52,31.87,INR,2026-09-28 08:00:00
PAY000007983,ORD00003840,2026-04-15 00:00:00,PayU,FAILED,1859.58,20.93,inr,2026-09-28 08:00:00
PAY000006811,ORD00005557,2026-03-28 17:00:00,razorpay ,SUCCESS,969.0,30.1,inr,2026-09-28 08:00:00
PAY000008499,ORD00003903,2026-04-23 02:00:00,Cashfree,SUCCESS,697.04,31.53,INR,2026-09-28 08:00:00
PAY000002913,ORD00008525,2026-01-21 19:00:00,PayU,REFUNDED,534.89,11.36,INR,2026-09-28 08:00:00
PAY000012237,ORD00003357,2026-07-23 11:00:00,Stripe,SUCCESS,697.16,11.9,INR,2026-09-28 08:00:00
PAY000008394,ORD00010181,2026-01-09 17:00:00,razorpay ,PENDING,2690.02,30.64,INR,2026-09-28 08:00:00
PAY000001069,ORD00006079,2026-08-02 04:00:00,Razorpay,SUCCESS,1257.4,12.21,INR,2026-09-28 08:00:00
PAY000005620,ORD00002411,2026-08-02 06:00:00,PayU,PENDING,2060.82,22.6,INR,2026-09-28 08:00:00
PAY000005853,ORD00001551,2026-07-03 01:00:00,Cashfree,SUCCESS,541.55,33.18,INR,2026-09-28 08:00:00
PAY000006156,ORD00001526,2026-03-27 02:00:00,razorpay ,REFUNDED,2027.88,11.98,INR,2026-09-28 08:00:00
PAY000002888,ORD00006271,2026-06-09 16:00:00,Stripe,SUCCESS,2182.57,29.72,INR,2026-09-28 08:00:00
PAY000005896,ORD00011539,2026-01-11 23:00:00,Stripe,SUCCESS,630.0,30.42,inr,2026-09-28 08:00:00
PAY000003908,ORD00010388,2026-08-07 18:00:00,Razorpay,SUCCESS,1689.99,5.24,INR,2026-09-28 08:00:00
PAY000008095,ORD00000510,2026-08-17 20:00:00,Cashfree,SUCCESS,1492.81,13.44,INR,2026-09-28 08:00:00
PAY000012709,ORD00009022,2026-04-26 23:00:00,Stripe,SUCCESS,1447.54,33.52,INR,2026-09-28 08:00:00
PAY000013158,ORD00008397,2026-08-21 07:00:00,razorpay ,SUCCESS,4993.18,25.72,inr,2026-09-28 08:00:00
PAY000001714,ORD00004195,2026-05-11 09:00:00,Cashfree,SUCCESS,3865.1,34.74,inr,2026-09-28 08:00:00
PAY000009293,ORD00006158,2026-01-17 04:00:00,Razorpay,SUCCESS,507.6,21.0,INR,2026-09-28 08:00:00
PAY000006983,ORD00005466,2026-03-31 14:00:00,razorpay ,SUCCESS,1123.31,8.08,INR,2026-09-28 08:00:00
PAY000002168,ORD00010255,2026-05-10 01:00:00,Stripe,REFUNDED,830.72,27.89,INR,2026-09-28 08:00:00
PAY000002642,ORD00005240,2026-01-06 11:00:00,Stripe,SUCCESS,2971.39,34.64,INR,2026-09-28 08:00:00
PAY000003018,ORD00009066,2026-05-31 05:00:00,Cashfree,REFUNDED,877.56,8.23,INR,2026-09-28 08:00:00
PAY000011815,ORD00011670,2026-02-14 18:00:00,Cashfree,FAILED,2268.3,12.83,INR,2026-09-28 08:00:00
PAY000002733,ORD00001656,2026-07-30 11:00:00,Razorpay,FAILED,1196.51,29.38,inr,2026-09-28 08:00:00
PAY000009908,ORD00010693,2026-01-31 20:00:00,Razorpay,SUCCESS,833.84,34.33,inr,2026-09-28 08:00:00
PAY000009777,ORD00009083,2026-07-17 08:00:00,razorpay ,SUCCESS,1302.13,34.24,inr,2026-09-28 08:00:00
PAY000003607,ORD00000542,2026-08-03 01:00:00,Stripe,SUCCESS,464.37,6.18,INR,2026-09-28 08:00:00
PAY000012363,ORD00001171,2026-07-14 18:00:00,Razorpay,FAILED,905.44,23.23,inr,2026-09-28 08:00:00
PAY000012758,ORD00010645,2026-06-19 22:00:00,PayU,REFUNDED,593.99,28.55,INR,2026-09-28 08:00:00
PAY000006954,ORD00008238,2026-06-03 21:00:00,PayU,PENDING,284.36,13.12,INR,2026-09-28 08:00:00
PAY000004955,ORD00010057,2026-03-20 02:00:00,razorpay ,REFUNDED,1223.45,2.02,INR,2026-09-28 08:00:00
PAY000011435,ORD00011620,2026-02-22 00:00:00,razorpay ,SUCCESS,563.82,4.46,INR,2026-09-28 08:00:00
PAY000007487,ORD00004362,2026-07-04 06:00:00,PayU,SUCCESS,505.7,11.36,inr,2026-09-28 08:00:00
PAY000003779,ORD00007238,2026-04-25 01:00:00,Cashfree,REFUNDED,1204.05,21.25,Rs,2026-09-28 08:00:00
PAY000004315,ORD00010690,2026-02-27 01:00:00,Cashfree,PENDING,432.78,14.52,INR,2026-09-28 08:00:00
PAY000011976,ORD00004356,2026-05-23 20:00:00,PayU,SUCCESS,529.81,33.61,INR,2026-09-28 08:00:00
PAY000006590,ORD00000445,2026-03-25 07:00:00,Razorpay,SUCCESS,1435.06,23.25,INR,2026-09-28 08:00:00
PAY000004782,ORD00005738,2026-08-03 06:00:00,PayU,SUCCESS,1548.31,10.02,INR,2026-09-28 08:00:00
PAY000002376,ORD00008444,2026-02-15 18:00:00,Cashfree,SUCCESS,232.76,25.2,INR,2026-09-28 08:00:00
PAY000010152,ORD00003664,2026-06-22 09:00:00,Razorpay,SUCCESS,320.59,3.96,INR,2026-09-28 08:00:00
PAY000004896,ORD00006302,2026-06-06 15:00:00,PayU,PENDING,841.18,29.63,INR,2026-09-28 08:00:00
PAY000008688,ORD00011166,2026-01-02 11:00:00,Cashfree,PENDING,1929.7,12.4,INR,2026-09-28 08:00:00
PAY000007898,ORD00000348,2026-04-30 15:00:00,razorpay ,SUCCESS,990.42,33.95,INR,2026-09-28 08:00:00
PAY000005051,ORD00009653,2026-02-23 23:00:00,razorpay ,SUCCESS,1478.19,27.51,INR,2026-09-28 08:00:00
PAY000009784,ORD00010435,2026-06-27 06:00:00,razorpay ,SUCCESS,1107.13,23.31,INR,2026-09-28 08:00:00
PAY000008461,ORD00003915,2026-07-03 01:00:00,Cashfree,REFUNDED,1796.61,13.24,INR,2026-09-28 08:00:00
PAY000003427,ORD00005498,2026-08-21 20:00:00,Cashfree,REFUNDED,975.98,23.99,INR,2026-09-28 08:00:00
PAY000002999,ORD00009685,2026-03-24 20:00:00,Stripe,SUCCESS,925.11,9.39,Rs,2026-09-28 08:00:00
PAY000009095,ORD00008392,2026-02-08 20:00:00,PayU,SUCCESS,714.06,29.74,Rs,2026-09-28 08:00:00
PAY000012595,ORD00004903,2026-05-28 11:00:00,Razorpay,SUCCESS,956.49,27.2,inr,2026-09-28 08:00:00
PAY000001423,ORD00001474,2026-01-05 13:00:00,PayU,FAILED,2249.59,31.6,INR,2026-09-28 08:00:00
PAY000006015,ORD00002949,2026-08-03 05:00:00,Razorpay,FAILED,1210.88,11.8,INR,2026-09-28 08:00:00
PAY000012463,ORD00009040,2026-06-15 04:00:00,razorpay ,REFUNDED,1529.46,7.85,INR,2026-09-28 08:00:00
PAY000005851,ORD00000897,2026-06-04 19:00:00,Razorpay,SUCCESS,1389.74,30.35,INR,2026-09-28 08:00:00
PAY000002320,ORD00008374,2026-08-28 19:00:00,Stripe,FAILED,1497.86,30.4,INR,2026-09-28 08:00:00
PAY000006542,ORD00001865,2026-07-19 13:00:00,razorpay ,REFUNDED,440.52,9.89,INR,2026-09-28 08:00:00
PAY000012267,ORD00001194,2026-07-01 13:00:00,PayU,SUCCESS,762.28,31.63,inr,2026-09-28 08:00:00
PAY000012954,ORD00010930,2026-01-21 13:00:00,Stripe,SUCCESS,850.08,27.83,INR,2026-09-28 08:00:00
PAY000013371,ORD00005843,2026-05-17 00:00:00,Stripe,SUCCESS,1126.77,2.99,INR,2026-09-28 08:00:00
PAY000008458,ORD00001393,2026-01-25 13:00:00,Stripe,SUCCESS,579.26,27.96,INR,2026-09-28 08:00:00
PAY000004629,ORD00000434,2026-03-12 13:00:00,Razorpay,SUCCESS,1073.18,29.15,inr,2026-09-28 08:00:00
PAY000007613,ORD00001464,2026-08-06 20:00:00,Razorpay,FAILED,1575.3,3.31,INR,2026-09-28 08:00:00
PAY000007858,ORD00004462,2026-08-22 02:00:00,Razorpay,SUCCESS,1664.87,29.59,INR,2026-09-28 08:00:00
PAY000005884,ORD00003925,2026-08-27 11:00:00,PayU,SUCCESS,1061.36,34.24,INR,2026-09-28 08:00:00
PAY000002212,ORD00009986,2026-03-19 20:00:00,Stripe,PENDING,1096.13,27.17,INR,2026-09-28 08:00:00
PAY000009510,ORD00003833,2026-07-28 20:00:00,PayU,SUCCESS,771.82,31.67,INR,2026-09-28 08:00:00
PAY000005042,ORD00009590,2026-01-29 10:00:00,Stripe,PENDING,1431.22,28.3,INR,2026-09-28 08:00:00
PAY000012809,ORD00005220,2026-03-11 19:00:00,razorpay ,REFUNDED,2132.69,30.97,INR,2026-09-28 08:00:00
PAY000012604,ORD00011255,2026-08-21 21:00:00,razorpay ,FAILED,771.62,29.83,INR,2026-09-28 08:00:00
PAY000001167,ORD00000193,2026-01-26 20:00:00,Stripe,REFUNDED,1071.42,27.97,INR,2026-09-28 08:00:00
PAY000003206,ORD00004040,2026-03-04 15:00:00,Stripe,FAILED,790.41,15.24,INR,2026-09-28 08:00:00
PAY000007810,ORD00004823,2026-07-08 00:00:00,PayU,SUCCESS,2060.89,23.07,INR,2026-09-28 08:00:00
PAY000008099,ORD00001003,2026-04-16 03:00:00,Cashfree,SUCCESS,2451.51,33.21,inr,2026-09-28 08:00:00
PAY000011234,ORD00008950,2026-07-05 23:00:00,Razorpay,SUCCESS,238.68,4.63,INR,2026-09-28 08:00:00
PAY000006742,ORD00010321,2026-04-19 12:00:00,PayU,FAILED,960.85,27.14,INR,2026-09-28 08:00:00
PAY000007440,ORD00007520,2026-03-21 19:00:00,Stripe,SUCCESS,817.4,15.92,INR,2026-09-28 08:00:00
PAY000007483,ORD00006684,2026-03-10 20:00:00,Stripe,SUCCESS,1304.43,9.37,inr,2026-09-28 08:00:00
PAY000011458,ORD00000505,2026-06-08 03:00:00,Razorpay,SUCCESS,2799.32,4.5,INR,2026-09-28 08:00:00
PAY000011943,ORD00000429,2026-02-14 06:00:00,Stripe,SUCCESS,1374.63,10.59,INR,2026-09-28 08:00:00
PAY000002259,ORD00000805,2026-07-12 16:00:00,razorpay ,SUCCESS,640.24,32.1,inr,2026-09-28 08:00:00
PAY000010773,ORD00000955,2026-01-08 20:00:00,Cashfree,SUCCESS,404.19,22.75,INR,2026-09-28 08:00:00
PAY000009420,ORD00003617,2026-01-11 08:00:00,Stripe,SUCCESS,1260.75,12.2,inr,2026-09-28 08:00:00
PAY000006809,ORD00010820,2026-03-03 06:00:00,Cashfree,SUCCESS,1692.07,6.99,INR,2026-09-28 08:00:00
PAY000006102,ORD00008888,2026-02-21 16:00:00,PayU,REFUNDED,675.27,10.42,INR,2026-09-28 08:00:00
PAY000000556,ORD00011807,2026-02-27 11:00:00,Cashfree,REFUNDED,1603.54,15.69,INR,2026-09-28 08:00:00
PAY000009887,ORD00005694,2026-05-01 23:00:00,Razorpay,PENDING,778.12,6.07,INR,2026-09-28 08:00:00
PAY000005251,ORD00000469,2026-01-26 10:00:00,Cashfree,REFUNDED,3699.24,27.44,INR,2026-09-28 08:00:00
PAY000000139,ORD00006196,2026-07-13 03:00:00,Cashfree,PENDING,492.4,30.53,INR,2026-09-28 08:00:00
PAY000007237,ORD00004229,2026-04-01 20:00:00,razorpay ,FAILED,768.06,24.6,INR,2026-09-28 08:00:00
PAY000001467,ORD00003835,2026-05-16 22:00:00,Cashfree,SUCCESS,786.68,27.36,inr,2026-09-28 08:00:00
PAY000000504,ORD00005461,2026-03-16 02:00:00,razorpay ,SUCCESS,384.64,18.75,INR,2026-09-28 08:00:00
PAY000005924,ORD00001759,2026-07-21 07:00:00,Stripe,REFUNDED,550.93,22.16,INR,2026-09-28 08:00:00
PAY000013120,ORD00011422,2026-04-02 18:00:00,PayU,FAILED,1057.3,5.44,INR,2026-09-28 08:00:00
PAY000001158,ORD00002484,2026-03-08 22:00:00,Razorpay,SUCCESS,1110.26,7.67,INR,2026-09-28 08:00:00
PAY000011404,ORD00001736,2026-07-18 04:00:00,PayU,SUCCESS,1137.89,24.08,INR,2026-09-28 08:00:00
PAY000009582,ORD00003004,2026-07-18 12:00:00,Stripe,PENDING,3350.52,12.04,INR,2026-09-28 08:00:00
PAY000008251,ORD00000171,2026-05-28 07:00:00,razorpay ,PENDING,1282.49,5.07,INR,2026-09-28 08:00:00
PAY000000361,ORD00008958,2026-03-15 07:00:00,PayU,SUCCESS,772.29,29.09,Rs,2026-09-28 08:00:00
PAY000001675,ORD00006476,2026-02-15 12:00:00,Razorpay,SUCCESS,5570.17,24.61,INR,2026-09-28 08:00:00
PAY000009903,ORD00007616,2026-05-01 02:00:00,razorpay ,SUCCESS,1288.7,13.45,inr,2026-09-28 08:00:00
PAY000013449,ORD00002272,2026-01-16 03:00:00,Stripe,PENDING,798.46,20.23,INR,2026-09-28 08:00:00
PAY000000511,ORD00009011,2026-08-15 09:00:00,PayU,SUCCESS,3081.07,11.82,INR,2026-09-28 08:00:00
PAY000000355,ORD00001943,2026-04-28 08:00:00,Razorpay,SUCCESS,1594.36,11.92,INR,2026-09-28 08:00:00
PAY000003414,ORD00003482,2026-06-06 01:00:00,Cashfree,FAILED,714.78,29.62,INR,2026-09-28 08:00:00
PAY000009606,ORD00010274,2026-02-23 13:00:00,PayU,SUCCESS,1206.96,14.73,INR,2026-09-28 08:00:00
PAY000004748,ORD00007261,2026-05-08 11:00:00,PayU,SUCCESS,569.61,26.16,INR,2026-09-28 08:00:00
PAY000003987,ORD00007854,2026-08-25 00:00:00,Razorpay,SUCCESS,1789.87,14.63,Rs,2026-09-28 08:00:00
PAY000006326,ORD00007073,2026-07-28 23:00:00,PayU,FAILED,1422.97,32.33,INR,2026-09-28 08:00:00
PAY000001066,ORD00008146,2026-04-22 17:00:00,razorpay ,SUCCESS,196.88,19.1,INR,2026-09-28 08:00:00
PAY000006879,ORD00007044,2026-05-06 06:00:00,PayU,SUCCESS,467.44,31.35,INR,2026-09-28 08:00:00
PAY000003574,ORD00003153,2026-07-24 03:00:00,Razorpay,SUCCESS,1067.55,26.17,INR,2026-09-28 08:00:00
PAY000006935,ORD00009795,2026-04-16 04:00:00,Stripe,FAILED,2592.8,6.22,INR,2026-09-28 08:00:00
PAY000007120,ORD00001689,2026-02-03 04:00:00,Razorpay,SUCCESS,1313.73,13.33,INR,2026-09-28 08:00:00
PAY000001624,ORD00011024,2026-05-26 01:00:00,razorpay ,SUCCESS,1280.6,29.11,INR,2026-09-28 08:00:00
PAY000003557,ORD00000430,2026-06-05 08:00:00,PayU,FAILED,1245.96,30.18,INR,2026-09-28 08:00:00
PAY000006352,ORD00001741,2026-01-06 23:00:00,razorpay ,REFUNDED,459.42,7.05,INR,2026-09-28 08:00:00
PAY000003753,ORD00011427,2026-08-01 05:00:00,Stripe,SUCCESS,1350.94,24.36,INR,2026-09-28 08:00:00
PAY000005075,ORD00001362,2026-02-24 07:00:00,Razorpay,SUCCESS,450.79,5.43,INR,2026-09-28 08:00:00
PAY000012294,ORD00002817,2026-04-28 01:00:00,Cashfree,REFUNDED,5781.25,9.86,INR,2026-09-28 08:00:00
PAY000009158,ORD00006290,2026-05-19 13:00:00,Razorpay,PENDING,1119.53,25.55,INR,2026-09-28 08:00:00
PAY000011645,ORD00001723,2026-01-14 13:00:00,razorpay ,PENDING,1260.53,24.86,INR,2026-09-28 08:00:00
PAY000003538,ORD00010188,2026-06-10 02:00:00,PayU,PENDING,3137.63,8.01,inr,2026-09-28 08:00:00
PAY000007570,ORD00010824,2026-06-14 17:00:00,Cashfree,SUCCESS,2139.95,20.61,INR,2026-09-28 08:00:00
PAY000002724,ORD00007438,2026-08-11 13:00:00,Cashfree,FAILED,530.01,30.08,INR,2026-09-28 08:00:00
PAY000002208,ORD00005366,2026-01-19 09:00:00,PayU,SUCCESS,642.4,3.58,INR,2026-09-28 08:00:00
PAY000009378,ORD00001396,2026-02-24 20:00:00,Stripe,REFUNDED,562.93,6.82,INR,2026-09-28 08:00:00
PAY000010204,ORD00000982,2026-02-05 17:00:00,Stripe,SUCCESS,1128.35,18.75,inr,2026-09-28 08:00:00
PAY000006990,ORD00009572,2026-04-17 05:00:00,Razorpay,SUCCESS,1136.62,13.73,INR,2026-09-28 08:00:00
PAY000000902,ORD00010458,2026-03-22 04:00:00,Razorpay,SUCCESS,796.48,23.05,INR,2026-09-28 08:00:00
PAY000002835,ORD00008048,2026-07-22 22:00:00,Stripe,SUCCESS,1292.9,12.99,INR,2026-09-28 08:00:00
PAY000003690,ORD00009179,2026-05-28 22:00:00,razorpay ,SUCCESS,1308.31,19.25,INR,2026-09-28 08:00:00
PAY000002598,ORD00005238,2026-03-26 05:00:00,RAZORPAY,SUCCESS,1851.92,33.95,INR,2026-09-28 08:00:00
PAY000007728,ORD00005683,2026-06-24 20:00:00,Razorpay,REFUNDED,1165.78,7.66,inr,2026-09-28 08:00:00
PAY000003429,ORD00003730,2026-08-04 07:00:00,PayU,SUCCESS,1189.81,7.92,inr,2026-09-28 08:00:00
PAY000006051,ORD00000765,2026-01-10 14:00:00,razorpay ,SUCCESS,1043.57,33.65,INR,2026-09-28 08:00:00
PAY000002773,ORD00004376,2026-07-09 06:00:00,PayU,SUCCESS,1142.43,23.75,INR,2026-09-28 08:00:00
PAY000005240,ORD00010035,2026-03-05 17:00:00,Stripe,FAILED,842.22,31.11,Rs,2026-09-28 08:00:00
PAY000005079,ORD00000327,2026-01-31 20:00:00,PayU,SUCCESS,6700.23,25.99,Rs,2026-09-28 08:00:00
PAY000000336,ORD00001830,2026-04-23 15:00:00,Razorpay,SUCCESS,532.5,10.01,inr,2026-09-28 08:00:00
PAY000010900,ORD00001153,2026-02-23 02:00:00,Stripe,PENDING,606.71,32.08,INR,2026-09-28 08:00:00
PAY000011120,ORD00003790,2026-07-27 17:00:00,Stripe,SUCCESS,1442.57,22.32,INR,2026-09-28 08:00:00
PAY000000242,ORD00002169,2026-07-30 10:00:00,razorpay ,SUCCESS,1366.29,31.06,INR,2026-09-28 08:00:00
PAY000007980,ORD00004540,2026-05-15 12:00:00,PayU,SUCCESS,969.02,31.6,INR,2026-09-28 08:00:00
PAY000004025,ORD00006157,2026-02-01 12:00:00,razorpay ,SUCCESS,1899.93,15.15,INR,2026-09-28 08:00:00
PAY000006343,ORD00011549,2026-01-03 01:00:00,Stripe,SUCCESS,2915.34,28.03,INR,2026-09-28 08:00:00
PAY000012129,ORD00009155,2026-06-25 03:00:00,Cashfree,SUCCESS,2463.59,5.11,INR,2026-09-28 08:00:00
PAY000003652,ORD00004041,2026-02-25 15:00:00,Razorpay,PENDING,1216.14,4.71,INR,2026-09-28 08:00:00
PAY000006830,ORD00003348,2026-01-26 23:00:00,Razorpay,SUCCESS,1508.04,5.83,INR,2026-09-28 08:00:00
PAY000011039,ORD00008313,2026-03-26 15:00:00,Stripe,REFUNDED,1806.73,17.87,INR,2026-09-28 08:00:00
PAY000001596,ORD00003495,2026-06-02 22:00:00,Cashfree,SUCCESS,1092.54,15.13,INR,2026-09-28 08:00:00
PAY000000184,ORD00005822,2026-03-21 16:00:00,Stripe,PENDING,746.63,8.2,INR,2026-09-28 08:00:00
PAY000009593,ORD00000166,2026-04-23 15:00:00,razorpay ,SUCCESS,2042.76,16.86,INR,2026-09-28 08:00:00
PAY000005486,ORD00001058,2026-08-16 14:00:00,PayU,SUCCESS,373.07,22.31,inr,2026-09-28 08:00:00
PAY000010347,ORD00007357,2026-08-15 05:00:00,PayU,SUCCESS,477.04,20.46,INR,2026-09-28 08:00:00
PAY000006068,ORD00004915,2026-05-26 07:00:00,Cashfree,FAILED,2371.48,19.13,Rs,2026-09-28 08:00:00
PAY000001336,ORD00010318,2026-06-08 12:00:00,Razorpay,SUCCESS,3132.87,14.74,INR,2026-09-28 08:00:00
PAY000001775,ORD00003074,2026-02-07 08:00:00,Cashfree,FAILED,1434.86,11.96,INR,2026-09-28 08:00:00
PAY000004488,ORD00007599,2026-01-19 07:00:00,Cashfree,SUCCESS,6362.69,21.78,INR,2026-09-28 08:00:00
PAY000005981,ORD00002233,2026-08-21 04:00:00,RAZORPAY,SUCCESS,1447.69,4.84,INR,2026-09-28 08:00:00
PAY000008633,ORD00000982,2026-02-12 04:00:00,razorpay ,SUCCESS,776.86,23.32,INR,2026-09-28 08:00:00
PAY000003232,ORD00000989,2026-07-31 06:00:00,Stripe,SUCCESS,573.48,25.67,INR,2026-09-28 08:00:00
PAY000010771,ORD00008697,2026-03-27 09:00:00,Cashfree,FAILED,1325.29,9.18,INR,2026-09-28 08:00:00
PAY000013155,ORD00011346,2026-05-01 18:00:00,Razorpay,FAILED,726.71,5.6,INR,2026-09-28 08:00:00
PAY000006724,ORD00008688,2026-01-25 06:00:00,Stripe,REFUNDED,715.44,29.99,INR,2026-09-28 08:00:00
PAY000013332,ORD00004292,2026-06-12 09:00:00,razorpay ,FAILED,406.83,14.31,inr,2026-09-28 08:00:00
PAY000007739,ORD00008120,2026-01-28 14:00:00,Stripe,PENDING,488.83,27.47,INR,2026-09-28 08:00:00
PAY000003729,ORD00010170,2026-07-16 06:00:00,PayU,FAILED,1999.1,12.45,INR,2026-09-28 08:00:00
PAY000011790,ORD00001251,2026-06-01 10:00:00,Stripe,PENDING,1256.28,20.05,INR,2026-09-28 08:00:00
PAY000004844,ORD00011096,2026-04-15 07:00:00,Razorpay,SUCCESS,1688.06,10.78,INR,2026-09-28 08:00:00
PAY000013501,ORD00014249,2026-09-28 08:00:00,PayU,SUCCESS,1003.39,2.6,INR,2026-09-28 08:00:00
PAY000013502,ORD00014890,2026-09-28 08:00:00,PayU,SUCCESS,1743.81,29.84,inr,2026-09-28 08:00:00
PAY000013503,ORD00012468,2026-09-28 08:00:00,PayU,SUCCESS,749.89,4.3,inr,2026-09-28 08:00:00
PAY000013504,ORD00012348,2026-09-28 08:00:00,Cashfree,SUCCESS,1038.03,31.66,INR,2026-09-28 08:00:00
PAY000013505,ORD00014830,2026-09-28 08:00:00,Razorpay,SUCCESS,2291.01,32.61,Rs,2026-09-28 08:00:00
PAY000013506,ORD00012247,2026-09-28 08:00:00,Razorpay,PENDING,1242.53,15.83,inr,2026-09-28 08:00:00
PAY000013507,ORD00013592,2026-09-28 08:00:00,razorpay ,SUCCESS,718.88,10.61,inr,2026-09-28 08:00:00
PAY000013508,ORD00014117,2026-09-28 08:00:00,PayU,SUCCESS,2423.44,4.84,Rs,2026-09-28 08:00:00
PAY000013509,ORD00014310,2026-09-28 08:00:00,Cashfree,SUCCESS,1621.02,33.76,Rs,2026-09-28 08:00:00
PAY000013510,ORD00012282,2026-09-28 08:00:00,razorpay ,PENDING,366.65,29.74,inr,2026-09-28 08:00:00
PAY000013511,ORD00012393,2026-09-28 08:00:00,PayU,SUCCESS,2478.42,27.29,Rs,2026-09-28 08:00:00
PAY000013512,ORD00012133,2026-09-28 08:00:00,Stripe,PENDING,304.08,21.72,inr,2026-09-28 08:00:00
PAY000013513,ORD00012425,2026-09-28 08:00:00,PayU,PENDING,432.86,8.08,inr,2026-09-28 08:00:00
PAY000013514,ORD00013097,2026-09-28 08:00:00,Cashfree,SUCCESS,1644.28,6.89,INR,2026-09-28 08:00:00
PAY000013515,ORD00013891,2026-09-28 08:00:00,Stripe,SUCCESS,2426.39,27.88,inr,2026-09-28 08:00:00
PAY000013516,ORD00014464,2026-09-28 08:00:00,PayU,FAILED,3695.54,13.74,INR,2026-09-28 08:00:00
PAY000013517,ORD00012626,2026-09-28 08:00:00,Razorpay,PENDING,1746.28,11.73,Rs,2026-09-28 08:00:00
PAY000013518,ORD00012926,2026-09-28 08:00:00,razorpay ,SUCCESS,2809.28,5.63,inr,2026-09-28 08:00:00
PAY000013519,ORD00012109,2026-09-28 08:00:00,PayU,SUCCESS,889.94,26.12,INR,2026-09-28 08:00:00
PAY000013520,ORD00013714,2026-09-28 08:00:00,Cashfree,SUCCESS,455.05,20.03,INR,2026-09-28 08:00:00
PAY000013521,ORD00012316,2026-09-28 08:00:00,PayU,SUCCESS,3649.0,27.81,Rs,2026-09-28 08:00:00
PAY000013522,ORD00012879,2026-09-28 08:00:00,Stripe,PENDING,557.01,23.48,Rs,2026-09-28 08:00:00
PAY000013523,ORD00012768,2026-09-28 08:00:00,Razorpay,PENDING,3739.39,4.25,inr,2026-09-28 08:00:00
PAY000013524,ORD00013420,2026-09-28 08:00:00,razorpay ,PENDING,461.08,22.03,INR,2026-09-28 08:00:00
PAY000013525,ORD00013065,2026-09-28 08:00:00,Cashfree,PENDING,1051.64,3.57,Rs,2026-09-28 08:00:00
PAY000013526,ORD00012516,2026-09-28 08:00:00,PayU,PENDING,928.71,26.47,inr,2026-09-28 08:00:00
PAY000013527,ORD00013447,2026-09-28 08:00:00,Stripe,SUCCESS,400.47,17.03,Rs,2026-09-28 08:00:00
PAY000013528,ORD00013661,2026-09-28 08:00:00,PayU,SUCCESS,1357.66,10.67,INR,2026-09-28 08:00:00
PAY000013529,ORD00012110,2026-09-28 08:00:00,Cashfree,SUCCESS,375.87,5.65,inr,2026-09-28 08:00:00
PAY000013530,ORD00013568,2026-09-28 08:00:00,razorpay ,FAILED,1424.44,34.25,inr,2026-09-28 08:00:00
PAY000013531,ORD00014830,2026-09-28 08:00:00,Cashfree,SUCCESS,884.62,32.55,Rs,2026-09-28 08:00:00
PAY000013532,ORD00014872,2026-09-28 08:00:00,razorpay ,PENDING,1017.24,15.65,inr,2026-09-28 08:00:00
PAY000013533,ORD00013081,2026-09-28 08:00:00,Stripe,SUCCESS,1754.33,9.98,Rs,2026-09-28 08:00:00
PAY000013534,ORD00012348,2026-09-28 08:00:00,Cashfree,PENDING,1002.73,14.64,Rs,2026-09-28 08:00:00
PAY000013535,ORD00013841,2026-09-28 08:00:00,Cashfree,FAILED,1017.62,19.89,INR,2026-09-28 08:00:00
PAY000013536,ORD00012823,2026-09-28 08:00:00,Cashfree,SUCCESS,2668.58,16.06,INR,2026-09-28 08:00:00
PAY000013537,ORD00014821,2026-09-28 08:00:00,razorpay ,SUCCESS,1142.72,18.99,inr,2026-09-28 08:00:00
PAY000013538,ORD00012961,2026-09-28 08:00:00,Stripe,PENDING,1217.25,19.52,inr,2026-09-28 08:00:00
PAY000013539,ORD00012759,2026-09-28 08:00:00,Razorpay,PENDING,2255.45,20.57,inr,2026-09-28 08:00:00
PAY000013540,ORD00012943,2026-09-28 08:00:00,Cashfree,PENDING,526.15,9.46,INR,2026-09-28 08:00:00
PAY000013541,ORD00013746,2026-09-28 08:00:00,Stripe,PENDING,1946.23,26.8,inr,2026-09-28 08:00:00
PAY000013542,ORD00014745,2026-09-28 08:00:00,razorpay ,SUCCESS,1104.52,11.19,INR,2026-09-28 08:00:00
PAY000013543,ORD00013264,2026-09-28 08:00:00,PayU,PENDING,1975.1,32.53,inr,2026-09-28 08:00:00
PAY000013544,ORD00013982,2026-09-28 08:00:00,Razorpay,SUCCESS,686.06,31.11,Rs,2026-09-28 08:00:00
PAY000013545,ORD00013077,2026-09-28 08:00:00,razorpay ,PENDING,1342.7,6.97,Rs,2026-09-28 08:00:00
PAY000013546,ORD00014135,2026-09-28 08:00:00,Cashfree,SUCCESS,1182.64,21.08,inr,2026-09-28 08:00:00
PAY000013547,ORD00013050,2026-09-28 08:00:00,Stripe,FAILED,3261.32,21.23,INR,2026-09-28 08:00:00
PAY000013548,ORD00013836,2026-09-28 08:00:00,Razorpay,SUCCESS,774.44,3.11,inr,2026-09-28 08:00:00
PAY000013549,ORD00014756,2026-09-28 08:00:00,Razorpay,PENDING,275.51,13.33,inr,2026-09-28 08:00:00
PAY000013550,ORD00013609,2026-09-28 08:00:00,Razorpay,SUCCESS,4142.84,12.66,Rs,2026-09-28 08:00:00
PAY000013551,ORD00012450,2026-09-28 08:00:00,Razorpay,SUCCESS,1465.14,28.32,inr,2026-09-28 08:00:00
PAY000013552,ORD00014663,2026-09-28 08:00:00,razorpay ,PENDING,1112.08,11.71,Rs,2026-09-28 08:00:00
PAY000013553,ORD00014568,2026-09-28 08:00:00,razorpay ,SUCCESS,1208.84,23.0,inr,2026-09-28 08:00:00
PAY000013554,ORD00014613,2026-09-28 08:00:00,Cashfree,PENDING,1745.36,26.14,Rs,2026-09-28 08:00:00
PAY000013555,ORD00012496,2026-09-28 08:00:00,Razorpay,FAILED,696.56,33.08,Rs,2026-09-28 08:00:00
PAY000013556,ORD00012247,2026-09-28 08:00:00,PayU,SUCCESS,2008.0,33.02,inr,2026-09-28 08:00:00
PAY000013557,ORD00014125,2026-09-28 08:00:00,razorpay ,SUCCESS,925.07,2.7,inr,2026-09-28 08:00:00
PAY000013558,ORD00014065,2026-09-28 08:00:00,razorpay ,PENDING,5034.05,7.75,inr,2026-09-28 08:00:00
PAY000013559,ORD00012396,2026-09-28 08:00:00,PayU,PENDING,2220.19,2.31,Rs,2026-09-28 08:00:00
PAY000013560,ORD00013141,2026-09-28 08:00:00,Razorpay,SUCCESS,4005.16,30.63,inr,2026-09-28 08:00:00
PAY000013561,ORD00014844,2026-09-28 08:00:00,razorpay ,SUCCESS,1411.53,28.99,inr,2026-09-28 08:00:00
PAY000013562,ORD00014511,2026-09-28 08:00:00,PayU,SUCCESS,793.34,5.36,INR,2026-09-28 08:00:00
PAY000013563,ORD00014758,2026-09-28 08:00:00,Stripe,PENDING,1329.93,31.73,inr,2026-09-28 08:00:00
PAY000013564,ORD00013059,2026-09-28 08:00:00,Stripe,PENDING,1338.19,31.96,inr,2026-09-28 08:00:00
PAY000013565,ORD00012645,2026-09-28 08:00:00,Stripe,PENDING,558.09,30.73,Rs,2026-09-28 08:00:00
PAY000013566,ORD00013499,2026-09-28 08:00:00,Razorpay,SUCCESS,666.99,33.56,inr,2026-09-28 08:00:00
PAY000013567,ORD00013226,2026-09-28 08:00:00,Cashfree,FAILED,1644.36,14.37,INR,2026-09-28 08:00:00
PAY000013568,ORD00014343,2026-09-28 08:00:00,Cashfree,SUCCESS,3083.71,19.79,inr,2026-09-28 08:00:00
PAY000013569,ORD00012899,2026-09-28 08:00:00,Razorpay,SUCCESS,1036.54,14.5,inr,2026-09-28 08:00:00
PAY000013570,ORD00014771,2026-09-28 08:00:00,Cashfree,SUCCESS,2147.08,30.72,inr,2026-09-28 08:00:00
PAY000013571,ORD00012438,2026-09-28 08:00:00,PayU,SUCCESS,412.91,2.56,Rs,2026-09-28 08:00:00
PAY000013572,ORD00012668,2026-09-28 08:00:00,PayU,PENDING,1769.78,23.23,Rs,2026-09-28 08:00:00
PAY000013573,ORD00012849,2026-09-28 08:00:00,Cashfree,SUCCESS,669.74,4.09,Rs,2026-09-28 08:00:00
PAY000013574,ORD00012537,2026-09-28 08:00:00,Cashfree,SUCCESS,5825.17,31.98,INR,2026-09-28 08:00:00
PAY000013575,ORD00012736,2026-09-28 08:00:00,razorpay ,FAILED,1041.37,17.42,inr,2026-09-28 08:00:00
PAY000013576,ORD00014701,2026-09-28 08:00:00,Razorpay,SUCCESS,505.76,33.26,inr,2026-09-28 08:00:00
PAY000013577,ORD00014851,2026-09-28 08:00:00,Razorpay,PENDING,2069.54,17.43,INR,2026-09-28 08:00:00
PAY000013578,ORD00014671,2026-09-28 08:00:00,Razorpay,FAILED,2604.79,12.03,INR,2026-09-28 08:00:00
PAY000013579,ORD00013794,2026-09-28 08:00:00,razorpay ,SUCCESS,667.24,10.87,inr,2026-09-28 08:00:00
PAY000013580,ORD00012152,2026-09-28 08:00:00,razorpay ,SUCCESS,718.83,5.38,INR,2026-09-28 08:00:00
PAY000013581,ORD00014071,2026-09-28 08:00:00,PayU,PENDING,3684.61,2.99,inr,2026-09-28 08:00:00
PAY000013582,ORD00014981,2026-09-28 08:00:00,Cashfree,SUCCESS,1397.11,22.47,inr,2026-09-28 08:00:00
PAY000013583,ORD00013468,2026-09-28 08:00:00,Stripe,FAILED,1770.15,13.06,INR,2026-09-28 08:00:00
PAY000013584,ORD00014366,2026-09-28 08:00:00,razorpay ,SUCCESS,2817.6,24.22,inr,2026-09-28 08:00:00
PAY000013585,ORD00013178,2026-09-28 08:00:00,PayU,SUCCESS,1776.14,30.17,Rs,2026-09-28 08:00:00
PAY000013586,ORD00012557,2026-09-28 08:00:00,PayU,FAILED,867.89,12.13,inr,2026-09-28 08:00:00
PAY000013587,ORD00012751,2026-09-28 08:00:00,PayU,SUCCESS,4205.98,12.55,inr,2026-09-28 08:00:00
PAY000013588,ORD00013926,2026-09-28 08:00:00,Cashfree,FAILED,5753.43,30.2,inr,2026-09-28 08:00:00
PAY000013589,ORD00014906,2026-09-28 08:00:00,Stripe,PENDING,1436.22,25.36,INR,2026-09-28 08:00:00
PAY000013590,ORD00014713,2026-09-28 08:00:00,Razorpay,SUCCESS,3720.64,17.24,Rs,2026-09-28 08:00:00
PAY000013591,ORD00012707,2026-09-28 08:00:00,PayU,PENDING,3422.64,4.77,inr,2026-09-28 08:00:00
PAY000013592,ORD00013110,2026-09-28 08:00:00,Stripe,PENDING,399.37,6.87,INR,2026-09-28 08:00:00
PAY000013593,ORD00012262,2026-09-28 08:00:00,PayU,SUCCESS,723.4,24.13,inr,2026-09-28 08:00:00
PAY000013594,ORD00013570,2026-09-28 08:00:00,Razorpay,SUCCESS,3624.66,15.35,INR,2026-09-28 08:00:00
PAY000013595,ORD00013402,2026-09-28 08:00:00,Cashfree,SUCCESS,730.79,4.98,Rs,2026-09-28 08:00:00
PAY000013596,ORD00013713,2026-09-28 08:00:00,PayU,FAILED,947.85,33.05,INR,2026-09-28 08:00:00
PAY000013597,ORD00012791,2026-09-28 08:00:00,Cashfree,SUCCESS,120.56,7.95,INR,2026-09-28 08:00:00
PAY000013598,ORD00012979,2026-09-28 08:00:00,Stripe,PENDING,382.61,9.09,Rs,2026-09-28 08:00:00
PAY000013599,ORD00012984,2026-09-28 08:00:00,razorpay ,PENDING,2247.33,25.23,inr,2026-09-28 08:00:00
PAY000013600,ORD00012405,2026-09-28 08:00:00,razorpay ,PENDING,1249.64,11.35,Rs,2026-09-28 08:00:00
PAY000013601,ORD00014152,2026-09-28 08:00:00,Stripe,FAILED,2316.11,28.77,inr,2026-09-28 08:00:00
PAY000013602,ORD00012793,2026-09-28 08:00:00,Cashfree,SUCCESS,557.8,22.54,inr,2026-09-28 08:00:00
PAY000013603,ORD00013222,2026-09-28 08:00:00,Cashfree,SUCCESS,480.06,31.05,Rs,2026-09-28 08:00:00
PAY000013604,ORD00014919,2026-09-28 08:00:00,Razorpay,SUCCESS,1139.14,32.63,INR,2026-09-28 08:00:00
PAY000013605,ORD00014261,2026-09-28 08:00:00,razorpay ,SUCCESS,1365.96,17.87,INR,2026-09-28 08:00:00
PAY000013606,ORD00013474,2026-09-28 08:00:00,Stripe,PENDING,1287.83,29.47,inr,2026-09-28 08:00:00
PAY000013607,ORD00014090,2026-09-28 08:00:00,razorpay ,SUCCESS,535.42,18.1,Rs,2026-09-28 08:00:00
PAY000013608,ORD00012620,2026-09-28 08:00:00,razorpay ,PENDING,818.34,18.98,Rs,2026-09-28 08:00:00
PAY000013609,ORD00013947,2026-09-28 08:00:00,Razorpay,SUCCESS,652.83,33.58,INR,2026-09-28 08:00:00
PAY000013610,ORD00013278,2026-09-28 08:00:00,razorpay ,SUCCESS,378.13,15.62,Rs,2026-09-28 08:00:00
PAY000013611,ORD00012902,2026-09-28 08:00:00,Razorpay,SUCCESS,1109.93,33.16,INR,2026-09-28 08:00:00
PAY000013612,ORD00013252,2026-09-28 08:00:00,Cashfree,SUCCESS,385.32,2.37,inr,2026-09-28 08:00:00
PAY000013613,ORD00013065,2026-09-28 08:00:00,Razorpay,PENDING,2616.17,4.64,INR,2026-09-28 08:00:00
PAY000013614,ORD00014207,2026-09-28 08:00:00,Stripe,SUCCESS,724.15,14.19,inr,2026-09-28 08:00:00
PAY000013615,ORD00013952,2026-09-28 08:00:00,PayU,SUCCESS,711.12,34.68,Rs,2026-09-28 08:00:00
PAY000013616,ORD00014661,2026-09-28 08:00:00,Razorpay,SUCCESS,943.89,29.41,Rs,2026-09-28 08:00:00
PAY000013617,ORD00012562,2026-09-28 08:00:00,razorpay ,PENDING,2118.97,4.25,INR,2026-09-28 08:00:00
PAY000013618,ORD00014704,2026-09-28 08:00:00,Cashfree,SUCCESS,772.91,30.32,Rs,2026-09-28 08:00:00
PAY000013619,ORD00013215,2026-09-28 08:00:00,PayU,FAILED,984.66,12.56,INR,2026-09-28 08:00:00
PAY000013620,ORD00014106,2026-09-28 08:00:00,razorpay ,SUCCESS,1872.92,25.84,Rs,2026-09-28 08:00:00
PAY000013621,ORD00012010,2026-09-28 08:00:00,PayU,SUCCESS,1416.81,33.63,Rs,2026-09-28 08:00:00
PAY000013622,ORD00013040,2026-09-28 08:00:00,Razorpay,SUCCESS,2430.15,2.26,inr,2026-09-28 08:00:00
PAY000013623,ORD00014411,2026-09-28 08:00:00,Cashfree,FAILED,802.22,26.66,inr,2026-09-28 08:00:00
PAY000013624,ORD00014704,2026-09-28 08:00:00,Stripe,SUCCESS,1107.2,7.46,Rs,2026-09-28 08:00:00
PAY000013625,ORD00012160,2026-09-28 08:00:00,Stripe,SUCCESS,5276.02,6.28,Rs,2026-09-28 08:00:00
PAY000013626,ORD00014204,2026-09-28 08:00:00,razorpay ,SUCCESS,943.89,10.94,INR,2026-09-28 08:00:00
PAY000013627,ORD00013348,2026-09-28 08:00:00,razorpay ,SUCCESS,722.44,15.37,Rs,2026-09-28 08:00:00
PAY000013628,ORD00012583,2026-09-28 08:00:00,razorpay ,PENDING,650.81,4.5,inr,2026-09-28 08:00:00
PAY000013629,ORD00014528,2026-09-28 08:00:00,Stripe,SUCCESS,810.37,28.9,INR,2026-09-28 08:00:00
PAY000013630,ORD00013688,2026-09-28 08:00:00,Stripe,PENDING,905.9,24.57,INR,2026-09-28 08:00:00
PAY000013631,ORD00013065,2026-09-28 08:00:00,PayU,SUCCESS,4478.19,4.37,INR,2026-09-28 08:00:00
PAY000013632,ORD00013924,2026-09-28 08:00:00,Cashfree,SUCCESS,1231.75,4.45,Rs,2026-09-28 08:00:00
PAY000013633,ORD00013012,2026-09-28 08:00:00,PayU,SUCCESS,1958.76,28.94,Rs,2026-09-28 08:00:00
PAY000013634,ORD00013655,2026-09-28 08:00:00,Razorpay,SUCCESS,5820.37,24.24,Rs,2026-09-28 08:00:00
PAY000013635,ORD00012531,2026-09-28 08:00:00,Cashfree,SUCCESS,572.12,11.77,Rs,2026-09-28 08:00:00
PAY000013636,ORD00012837,2026-09-28 08:00:00,Cashfree,PENDING,1212.36,6.29,INR,2026-09-28 08:00:00
PAY000013637,ORD00014254,2026-09-28 08:00:00,PayU,SUCCESS,1145.1,29.7,inr,2026-09-28 08:00:00
PAY000013638,ORD00012781,2026-09-28 08:00:00,Cashfree,SUCCESS,1604.1,12.9,INR,2026-09-28 08:00:00
PAY000013639,ORD00014300,2026-09-28 08:00:00,razorpay ,FAILED,874.11,15.46,inr,2026-09-28 08:00:00
PAY000013640,ORD00012609,2026-09-28 08:00:00,Razorpay,SUCCESS,889.15,21.88,inr,2026-09-28 08:00:00
PAY000013641,ORD00012858,2026-09-28 08:00:00,Razorpay,SUCCESS,443.36,29.47,inr,2026-09-28 08:00:00
PAY000013642,ORD00013428,2026-09-28 08:00:00,Razorpay,PENDING,1268.62,26.38,inr,2026-09-28 08:00:00
PAY000013643,ORD00012823,2026-09-28 08:00:00,Cashfree,PENDING,1055.0,31.71,inr,2026-09-28 08:00:00
PAY000013644,ORD00012720,2026-09-28 08:00:00,Razorpay,SUCCESS,1635.63,8.09,INR,2026-09-28 08:00:00
PAY000013645,ORD00012354,2026-09-28 08:00:00,RAZORPAY,SUCCESS,644.81,5.47,Rs,2026-09-28 08:00:00
PAY000013646,ORD00012021,2026-09-28 08:00:00,Cashfree,SUCCESS,1328.28,17.87,Rs,2026-09-28 08:00:00
PAY000013647,ORD00013364,2026-09-28 08:00:00,Stripe,PENDING,2493.23,2.37,inr,2026-09-28 08:00:00
PAY000013648,ORD00013426,2026-09-28 08:00:00,razorpay ,SUCCESS,1198.15,13.5,INR,2026-09-28 08:00:00
PAY000013649,ORD00014185,2026-09-28 08:00:00,Razorpay,SUCCESS,2342.17,10.65,inr,2026-09-28 08:00:00
PAY000013650,ORD00012537,2026-09-28 08:00:00,Razorpay,PENDING,2131.98,2.37,Rs,2026-09-28 08:00:00
PAY000013651,ORD00012994,2026-09-28 08:00:00,PayU,SUCCESS,1484.7,11.96,Rs,2026-09-28 08:00:00
PAY000013652,ORD00012100,2026-09-28 08:00:00,Razorpay,PENDING,226.75,18.39,inr,2026-09-28 08:00:00
PAY000013653,ORD00012195,2026-09-28 08:00:00,PayU,SUCCESS,635.25,11.89,INR,2026-09-28 08:00:00
PAY000013654,ORD00012931,2026-09-28 08:00:00,Stripe,SUCCESS,871.23,8.34,Rs,2026-09-28 08:00:00
PAY000013655,ORD00012607,2026-09-28 08:00:00,Cashfree,SUCCESS,869.24,22.69,Rs,2026-09-28 08:00:00
PAY000013656,ORD00014242,2026-09-28 08:00:00,Cashfree,SUCCESS,1672.26,20.92,Rs,2026-09-28 08:00:00
PAY000013657,ORD00014435,2026-09-28 08:00:00,razorpay ,FAILED,2206.59,4.3,inr,2026-09-28 08:00:00
PAY000013658,ORD00014960,2026-09-28 08:00:00,razorpay ,PENDING,3149.71,13.66,INR,2026-09-28 08:00:00
PAY000013659,ORD00014902,2026-09-28 08:00:00,PayU,SUCCESS,1586.46,27.71,inr,2026-09-28 08:00:00
PAY000013660,ORD00013700,2026-09-28 08:00:00,Cashfree,SUCCESS,1313.91,22.86,inr,2026-09-28 08:00:00
PAY000013661,ORD00013801,2026-09-28 08:00:00,razorpay ,SUCCESS,912.8,13.62,Rs,2026-09-28 08:00:00
PAY000013662,ORD00012250,2026-09-28 08:00:00,Cashfree,SUCCESS,4241.43,34.61,Rs,2026-09-28 08:00:00
PAY000013663,ORD00012790,2026-09-28 08:00:00,PayU,PENDING,1010.29,28.72,Rs,2026-09-28 08:00:00
PAY000013664,ORD00013186,2026-09-28 08:00:00,Stripe,SUCCESS,1341.13,24.32,inr,2026-09-28 08:00:00
PAY000013665,ORD00013405,2026-09-28 08:00:00,Razorpay,SUCCESS,1788.93,32.68,INR,2026-09-28 08:00:00
PAY000013666,ORD00012798,2026-09-28 08:00:00,Stripe,SUCCESS,572.86,10.6,inr,2026-09-28 08:00:00
PAY000013667,ORD00014238,2026-09-28 08:00:00,razorpay ,PENDING,293.61,11.19,Rs,2026-09-28 08:00:00
PAY000013668,ORD00013664,2026-09-28 08:00:00,PayU,FAILED,1447.13,6.39,inr,2026-09-28 08:00:00
PAY000013669,ORD00012742,2026-09-28 08:00:00,PayU,SUCCESS,1309.9,18.3,inr,2026-09-28 08:00:00
PAY000013670,ORD00014463,2026-09-28 08:00:00,PayU,SUCCESS,1813.43,8.47,inr,2026-09-28 08:00:00
PAY000013671,ORD00014902,2026-09-28 08:00:00,Cashfree,SUCCESS,712.58,17.84,INR,2026-09-28 08:00:00
PAY000013672,ORD00013162,2026-09-28 08:00:00,Razorpay,SUCCESS,1356.58,11.56,inr,2026-09-28 08:00:00
PAY000013673,ORD00013887,2026-09-28 08:00:00,Razorpay,SUCCESS,2770.49,18.07,inr,2026-09-28 08:00:00
PAY000013674,ORD00012464,2026-09-28 08:00:00,Stripe,FAILED,283.01,6.44,INR,2026-09-28 08:00:00
PAY000013675,ORD00014737,2026-09-28 08:00:00,Cashfree,SUCCESS,907.96,10.79,inr,2026-09-28 08:00:00
PAY000013676,ORD00013263,2026-09-28 08:00:00,razorpay ,SUCCESS,513.64,11.32,Rs,2026-09-28 08:00:00
PAY000013677,ORD00012885,2026-09-28 08:00:00,Cashfree,PENDING,2839.07,9.26,inr,2026-09-28 08:00:00
PAY000013678,ORD00012811,2026-09-28 08:00:00,Razorpay,SUCCESS,2904.77,8.07,Rs,2026-09-28 08:00:00
PAY000013679,ORD00013126,2026-09-28 08:00:00,PayU,SUCCESS,2266.9,24.17,Rs,2026-09-28 08:00:00
PAY000013680,ORD00013625,2026-09-28 08:00:00,Stripe,SUCCESS,1400.44,16.31,INR,2026-09-28 08:00:00
PAY000013681,ORD00012779,2026-09-28 08:00:00,Cashfree,SUCCESS,3740.31,13.18,INR,2026-09-28 08:00:00
PAY000013682,ORD00012865,2026-09-28 08:00:00,Stripe,PENDING,1183.35,28.5,Rs,2026-09-28 08:00:00
PAY000013683,ORD00014339,2026-09-28 08:00:00,Razorpay,FAILED,2083.24,3.54,inr,2026-09-28 08:00:00
PAY000013684,ORD00014264,2026-09-28 08:00:00,razorpay ,SUCCESS,676.49,21.69,INR,2026-09-28 08:00:00
PAY000013685,ORD00014402,2026-09-28 08:00:00,Stripe,FAILED,971.86,24.11,inr,2026-09-28 08:00:00
PAY000013686,ORD00012549,2026-09-28 08:00:00,Stripe,SUCCESS,1184.9,14.22,INR,2026-09-28 08:00:00
PAY000013687,ORD00014610,2026-09-28 08:00:00,Stripe,FAILED,1522.79,30.55,Rs,2026-09-28 08:00:00
PAY000013688,ORD00012251,2026-09-28 08:00:00,RAZORPAY,PENDING,2338.72,8.13,INR,2026-09-28 08:00:00
PAY000013689,ORD00012161,2026-09-28 08:00:00,Cashfree,FAILED,939.93,9.89,INR,2026-09-28 08:00:00
PAY000013690,ORD00014006,2026-09-28 08:00:00,Stripe,SUCCESS,1971.4,23.2,inr,2026-09-28 08:00:00
PAY000013691,ORD00014723,2026-09-28 08:00:00,razorpay ,FAILED,1793.4,10.33,INR,2026-09-28 08:00:00
PAY000013692,ORD00014896,2026-09-28 08:00:00,Stripe,PENDING,4674.34,34.41,inr,2026-09-28 08:00:00
PAY000013693,ORD00014242,2026-09-28 08:00:00,Cashfree,SUCCESS,1015.05,23.57,inr,2026-09-28 08:00:00
PAY000013694,ORD00013808,2026-09-28 08:00:00,PayU,SUCCESS,866.8,4.45,INR,2026-09-28 08:00:00
PAY000013695,ORD00013380,2026-09-28 08:00:00,Razorpay,SUCCESS,2191.61,3.36,inr,2026-09-28 08:00:00
PAY000013696,ORD00013436,2026-09-28 08:00:00,Cashfree,SUCCESS,3287.72,21.75,Rs,2026-09-28 08:00:00
PAY000013697,ORD00014563,2026-09-28 08:00:00,PayU,SUCCESS,1118.95,6.39,Rs,2026-09-28 08:00:00
PAY000013698,ORD00014279,2026-09-28 08:00:00,Cashfree,SUCCESS,1997.23,16.47,INR,2026-09-28 08:00:00
PAY000013699,ORD00013973,2026-09-28 08:00:00,Stripe,SUCCESS,677.43,19.18,Rs,2026-09-28 08:00:00
PAY000013700,ORD00013883,2026-09-28 08:00:00,Razorpay,SUCCESS,1056.34,5.93,Rs,2026-09-28 08:00:00
PAY000013701,ORD00014140,2026-09-28 08:00:00,PayU,SUCCESS,1820.46,27.59,Rs,2026-09-28 08:00:00
PAY000013702,ORD00013137,2026-09-28 08:00:00,razorpay ,SUCCESS,1226.03,24.47,INR,2026-09-28 08:00:00
PAY000013703,ORD00013885,2026-09-28 08:00:00,Stripe,SUCCESS,815.87,21.42,INR,2026-09-28 08:00:00
PAY000013704,ORD00014159,2026-09-28 08:00:00,Stripe,SUCCESS,626.09,6.53,inr,2026-09-28 08:00:00
PAY000013705,ORD00014359,2026-09-28 08:00:00,razorpay ,SUCCESS,1292.15,10.51,INR,2026-09-28 08:00:00
PAY000013706,ORD00012594,2026-09-28 08:00:00,Cashfree,PENDING,382.97,19.6,inr,2026-09-28 08:00:00
PAY000013707,ORD00013634,2026-09-28 08:00:00,Cashfree,FAILED,1439.61,13.39,INR,2026-09-28 08:00:00
PAY000013708,ORD00014590,2026-09-28 08:00:00,Stripe,SUCCESS,504.24,26.56,INR,2026-09-28 08:00:00
PAY000013709,ORD00012075,2026-09-28 08:00:00,razorpay ,PENDING,1277.63,11.81,Rs,2026-09-28 08:00:00
PAY000013710,ORD00012356,2026-09-28 08:00:00,Cashfree,SUCCESS,1734.92,12.46,INR,2026-09-28 08:00:00
PAY000013711,ORD00014507,2026-09-28 08:00:00,Cashfree,SUCCESS,1663.97,13.12,Rs,2026-09-28 08:00:00
PAY000013712,ORD00013554,2026-09-28 08:00:00,razorpay ,SUCCESS,2393.62,23.82,inr,2026-09-28 08:00:00
PAY000013713,ORD00012611,2026-09-28 08:00:00,razorpay ,SUCCESS,725.27,29.41,inr,2026-09-28 08:00:00
PAY000013714,ORD00012845,2026-09-28 08:00:00,Cashfree,SUCCESS,3298.72,2.55,INR,2026-09-28 08:00:00
PAY000013715,ORD00014112,2026-09-28 08:00:00,razorpay ,SUCCESS,1258.03,21.82,Rs,2026-09-28 08:00:00
PAY000013716,ORD00013798,2026-09-28 08:00:00,razorpay ,SUCCESS,1335.47,21.62,Rs,2026-09-28 08:00:00
PAY000013717,ORD00012299,2026-09-28 08:00:00,razorpay ,SUCCESS,1581.72,6.56,INR,2026-09-28 08:00:00
PAY000013718,ORD00012035,2026-09-28 08:00:00,Razorpay,FAILED,1147.79,12.88,INR,2026-09-28 08:00:00
PAY000013719,ORD00013070,2026-09-28 08:00:00,PayU,SUCCESS,984.31,13.72,INR,2026-09-28 08:00:00
PAY000013720,ORD00012253,2026-09-28 08:00:00,Cashfree,SUCCESS,2111.02,29.02,Rs,2026-09-28 08:00:00
PAY000013721,ORD00012476,2026-09-28 08:00:00,PayU,SUCCESS,3810.2,33.87,inr,2026-09-28 08:00:00
PAY000013722,ORD00014046,2026-09-28 08:00:00,Stripe,SUCCESS,763.08,2.56,inr,2026-09-28 08:00:00
PAY000013723,ORD00014311,2026-09-28 08:00:00,RAZORPAY,FAILED,1061.48,2.52,inr,2026-09-28 08:00:00
PAY000013724,ORD00012750,2026-09-28 08:00:00,razorpay ,PENDING,441.23,4.36,INR,2026-09-28 08:00:00
PAY000013725,ORD00012954,2026-09-28 08:00:00,Razorpay,PENDING,657.46,11.74,inr,2026-09-28 08:00:00
PAY000013726,ORD00013824,2026-09-28 08:00:00,Razorpay,SUCCESS,570.65,10.99,inr,2026-09-28 08:00:00
PAY000013727,ORD00014019,2026-09-28 08:00:00,Stripe,PENDING,1069.35,20.5,inr,2026-09-28 08:00:00
PAY000013728,ORD00013596,2026-09-28 08:00:00,Razorpay,PENDING,740.16,10.16,inr,2026-09-28 08:00:00
PAY000013729,ORD00013802,2026-09-28 08:00:00,Razorpay,SUCCESS,2016.53,12.38,Rs,2026-09-28 08:00:00
PAY000013730,ORD00014659,2026-09-28 08:00:00,Razorpay,PENDING,486.45,11.69,Rs,2026-09-28 08:00:00
PAY000013731,ORD00014471,2026-09-28 08:00:00,Razorpay,SUCCESS,817.61,14.02,inr,2026-09-28 08:00:00
PAY000013732,ORD00013827,2026-09-28 08:00:00,Razorpay,FAILED,737.03,22.73,Rs,2026-09-28 08:00:00
PAY000013733,ORD00013561,2026-09-28 08:00:00,Cashfree,FAILED,1105.9,18.67,Rs,2026-09-28 08:00:00
PAY000013734,ORD00013603,2026-09-28 08:00:00,Stripe,SUCCESS,960.79,14.96,Rs,2026-09-28 08:00:00
PAY000013735,ORD00013612,2026-09-28 08:00:00,Stripe,SUCCESS,1274.0,18.8,INR,2026-09-28 08:00:00
PAY000013736,ORD00012143,2026-09-28 08:00:00,Razorpay,FAILED,459.53,22.54,INR,2026-09-28 08:00:00
PAY000013737,ORD00012877,2026-09-28 08:00:00,PayU,PENDING,1346.26,24.9,INR,2026-09-28 08:00:00
PAY000013738,ORD00012201,2026-09-28 08:00:00,PayU,PENDING,699.38,32.39,Rs,2026-09-28 08:00:00
PAY000013739,ORD00014998,2026-09-28 08:00:00,Stripe,SUCCESS,1508.01,28.68,INR,2026-09-28 08:00:00
PAY000013740,ORD00012830,2026-09-28 08:00:00,Stripe,FAILED,974.91,29.15,INR,2026-09-28 08:00:00
PAY000013741,ORD00012826,2026-09-28 08:00:00,Cashfree,SUCCESS,2358.94,10.92,inr,2026-09-28 08:00:00
PAY000013742,ORD00012863,2026-09-28 08:00:00,Cashfree,SUCCESS,2075.57,3.14,INR,2026-09-28 08:00:00
PAY000013743,ORD00012227,2026-09-28 08:00:00,Cashfree,SUCCESS,1343.26,9.93,Rs,2026-09-28 08:00:00
PAY000013744,ORD00013502,2026-09-28 08:00:00,Razorpay,SUCCESS,1762.96,12.13,INR,2026-09-28 08:00:00
PAY000013745,ORD00014670,2026-09-28 08:00:00,Razorpay,SUCCESS,819.35,13.49,Rs,2026-09-28 08:00:00
PAY000013746,ORD00014103,2026-09-28 08:00:00,Razorpay,SUCCESS,4045.91,30.2,INR,2026-09-28 08:00:00
PAY000013747,ORD00013840,2026-09-28 08:00:00,Stripe,SUCCESS,1452.13,24.7,Rs,2026-09-28 08:00:00
PAY000013748,ORD00014212,2026-09-28 08:00:00,PayU,SUCCESS,1516.49,7.5,Rs,2026-09-28 08:00:00
PAY000013749,ORD00014692,2026-09-28 08:00:00,Cashfree,PENDING,546.49,9.05,INR,2026-09-28 08:00:00
PAY000013750,ORD00014836,2026-09-28 08:00:00,razorpay ,SUCCESS,1919.91,17.43,Rs,2026-09-28 08:00:00
PAY000013751,ORD00012723,2026-09-28 08:00:00,Cashfree,SUCCESS,491.29,33.31,inr,2026-09-28 08:00:00
PAY000013752,ORD00014080,2026-09-28 08:00:00,Razorpay,FAILED,1854.22,14.14,Rs,2026-09-28 08:00:00
PAY000013753,ORD00013181,2026-09-28 08:00:00,Razorpay,SUCCESS,1321.71,33.24,inr,2026-09-28 08:00:00
PAY000013754,ORD00012329,2026-09-28 08:00:00,PayU,FAILED,918.17,4.02,INR,2026-09-28 08:00:00
PAY000013755,ORD00012120,2026-09-28 08:00:00,Stripe,SUCCESS,1869.53,18.14,inr,2026-09-28 08:00:00
PAY000013756,ORD00012848,2026-09-28 08:00:00,Stripe,SUCCESS,660.13,30.7,inr,2026-09-28 08:00:00
PAY000013757,ORD00013013,2026-09-28 08:00:00,razorpay ,PENDING,838.92,28.44,inr,2026-09-28 08:00:00
PAY000013758,ORD00014116,2026-09-28 08:00:00,PayU,SUCCESS,1770.17,32.16,INR,2026-09-28 08:00:00
PAY000013759,ORD00012020,2026-09-28 08:00:00,Stripe,SUCCESS,940.8,14.32,inr,2026-09-28 08:00:00
PAY000013760,ORD00012103,2026-09-28 08:00:00,Cashfree,SUCCESS,1282.84,8.56,inr,2026-09-28 08:00:00
PAY000013761,ORD00014965,2026-09-28 08:00:00,Cashfree,SUCCESS,390.43,14.47,Rs,2026-09-28 08:00:00
PAY000013762,ORD00013877,2026-09-28 08:00:00,razorpay ,SUCCESS,535.61,26.66,inr,2026-09-28 08:00:00
PAY000013763,ORD00012847,2026-09-28 08:00:00,PayU,PENDING,462.5,28.61,inr,2026-09-28 08:00:00
PAY000013764,ORD00014464,2026-09-28 08:00:00,Cashfree,PENDING,1472.39,8.04,Rs,2026-09-28 08:00:00
PAY000013765,ORD00013434,2026-09-28 08:00:00,razorpay ,FAILED,402.89,24.05,Rs,2026-09-28 08:00:00
PAY000013766,ORD00014578,2026-09-28 08:00:00,PayU,PENDING,2801.94,19.14,inr,2026-09-28 08:00:00
PAY000013767,ORD00014640,2026-09-28 08:00:00,razorpay ,SUCCESS,1277.21,33.42,INR,2026-09-28 08:00:00
PAY000013768,ORD00013226,2026-09-28 08:00:00,Cashfree,SUCCESS,1006.08,22.19,Rs,2026-09-28 08:00:00
PAY000013769,ORD00013758,2026-09-28 08:00:00,Cashfree,PENDING,1036.33,24.06,inr,2026-09-28 08:00:00
PAY000013770,ORD00013713,2026-09-28 08:00:00,PayU,SUCCESS,1518.0,5.44,Rs,2026-09-28 08:00:00
PAY000013771,ORD00012305,2026-09-28 08:00:00,PayU,SUCCESS,741.68,19.76,inr,2026-09-28 08:00:00
PAY000013772,ORD00013358,2026-09-28 08:00:00,razorpay ,PENDING,1512.25,28.39,inr,2026-09-28 08:00:00
PAY000013773,ORD00013900,2026-09-28 08:00:00,Stripe,SUCCESS,500.95,15.65,INR,2026-09-28 08:00:00
PAY000013774,ORD00012494,2026-09-28 08:00:00,Stripe,PENDING,1051.44,34.63,Rs,2026-09-28 08:00:00
PAY000013775,ORD00012525,2026-09-28 08:00:00,razorpay ,SUCCESS,915.08,20.91,INR,2026-09-28 08:00:00
PAY000013776,ORD00013815,2026-09-28 08:00:00,PayU,SUCCESS,971.06,34.68,inr,2026-09-28 08:00:00
PAY000013777,ORD00013778,2026-09-28 08:00:00,PayU,FAILED,884.19,32.31,Rs,2026-09-28 08:00:00
PAY000013778,ORD00012609,2026-09-28 08:00:00,razorpay ,SUCCESS,442.45,6.64,inr,2026-09-28 08:00:00
PAY000013779,ORD00012143,2026-09-28 08:00:00,Cashfree,SUCCESS,648.27,34.96,INR,2026-09-28 08:00:00
PAY000013780,ORD00012383,2026-09-28 08:00:00,razorpay ,FAILED,289.33,33.6,inr,2026-09-28 08:00:00
PAY000013781,ORD00013347,2026-09-28 08:00:00,Stripe,SUCCESS,827.38,13.17,Rs,2026-09-28 08:00:00
PAY000013782,ORD00014929,2026-09-28 08:00:00,Razorpay,FAILED,583.73,28.35,INR,2026-09-28 08:00:00
PAY000013783,ORD00013807,2026-09-28 08:00:00,Stripe,FAILED,2576.25,22.42,INR,2026-09-28 08:00:00
PAY000013784,ORD00014787,2026-09-28 08:00:00,Razorpay,FAILED,820.14,22.49,INR,2026-09-28 08:00:00
PAY000013785,ORD00013092,2026-09-28 08:00:00,Cashfree,FAILED,1254.85,28.5,inr,2026-09-28 08:00:00
PAY000013786,ORD00013775,2026-09-28 08:00:00,PayU,SUCCESS,3365.18,5.85,Rs,2026-09-28 08:00:00
PAY000013787,ORD00014093,2026-09-28 08:00:00,PayU,SUCCESS,1035.73,24.47,INR,2026-09-28 08:00:00
PAY000013788,ORD00014874,2026-09-28 08:00:00,razorpay ,FAILED,719.3,19.87,Rs,2026-09-28 08:00:00
PAY000013789,ORD00013042,2026-09-28 08:00:00,Cashfree,PENDING,5400.75,22.1,inr,2026-09-28 08:00:00
PAY000013790,ORD00012215,2026-09-28 08:00:00,Stripe,PENDING,1406.93,27.04,Rs,2026-09-28 08:00:00
PAY000013791,ORD00012049,2026-09-28 08:00:00,razorpay ,SUCCESS,4342.12,31.41,Rs,2026-09-28 08:00:00
PAY000013792,ORD00012879,2026-09-28 08:00:00,Stripe,SUCCESS,698.81,28.08,Rs,2026-09-28 08:00:00
PAY000013793,ORD00012134,2026-09-28 08:00:00,razorpay ,SUCCESS,906.81,26.78,Rs,2026-09-28 08:00:00
PAY000013794,ORD00012365,2026-09-28 08:00:00,Razorpay,SUCCESS,8611.42,28.16,INR,2026-09-28 08:00:00
PAY000013795,ORD00013203,2026-09-28 08:00:00,razorpay ,SUCCESS,1644.9,24.42,inr,2026-09-28 08:00:00
PAY000013796,ORD00014160,2026-09-28 08:00:00,Cashfree,SUCCESS,694.43,34.07,inr,2026-09-28 08:00:00
PAY000013797,ORD00013394,2026-09-28 08:00:00,Cashfree,SUCCESS,866.7,10.55,Rs,2026-09-28 08:00:00
PAY000013798,ORD00012334,2026-09-28 08:00:00,Cashfree,SUCCESS,1004.01,17.45,inr,2026-09-28 08:00:00
PAY000013799,ORD00012245,2026-09-28 08:00:00,PayU,SUCCESS,1225.98,12.54,Rs,2026-09-28 08:00:00
PAY000013800,ORD00013941,2026-09-28 08:00:00,Cashfree,FAILED,1610.49,32.62,INR,2026-09-28 08:00:00
PAY000013801,ORD00012827,2026-09-28 08:00:00,Cashfree,SUCCESS,970.78,31.27,inr,2026-09-28 08:00:00
PAY000013802,ORD00014312,2026-09-28 08:00:00,PayU,SUCCESS,1184.54,21.16,INR,2026-09-28 08:00:00
PAY000013803,ORD00012340,2026-09-28 08:00:00,Stripe,SUCCESS,1546.41,33.75,inr,2026-09-28 08:00:00
PAY000013804,ORD00014019,2026-09-28 08:00:00,Cashfree,SUCCESS,635.83,2.72,Rs,2026-09-28 08:00:00
PAY000013805,ORD00012191,2026-09-28 08:00:00,Stripe,SUCCESS,431.79,13.62,inr,2026-09-28 08:00:00
PAY000013806,ORD00014385,2026-09-28 08:00:00,PayU,SUCCESS,451.68,30.43,inr,2026-09-28 08:00:00
PAY000013807,ORD00014292,2026-09-28 08:00:00,Cashfree,SUCCESS,2347.57,34.1,Rs,2026-09-28 08:00:00
PAY000013808,ORD00014280,2026-09-28 08:00:00,PayU,SUCCESS,4941.93,16.89,Rs,2026-09-28 08:00:00
PAY000013809,ORD00014567,2026-09-28 08:00:00,Razorpay,SUCCESS,1809.25,27.33,Rs,2026-09-28 08:00:00
PAY000013810,ORD00012374,2026-09-28 08:00:00,Razorpay,SUCCESS,477.41,12.83,INR,2026-09-28 08:00:00
PAY000013811,ORD00012564,2026-09-28 08:00:00,Stripe,SUCCESS,858.17,29.46,INR,2026-09-28 08:00:00
PAY000013812,ORD00014360,2026-09-28 08:00:00,Cashfree,SUCCESS,573.21,23.93,INR,2026-09-28 08:00:00
PAY000013813,ORD00014816,2026-09-28 08:00:00,Cashfree,SUCCESS,1422.74,2.91,inr,2026-09-28 08:00:00
PAY000013814,ORD00014378,2026-09-28 08:00:00,Cashfree,PENDING,1639.12,7.99,INR,2026-09-28 08:00:00
PAY000013815,ORD00013842,2026-09-28 08:00:00,Stripe,PENDING,1734.88,15.97,INR,2026-09-28 08:00:00
PAY000013816,ORD00014203,2026-09-28 08:00:00,PayU,SUCCESS,1334.43,4.18,Rs,2026-09-28 08:00:00
PAY000013817,ORD00012903,2026-09-28 08:00:00,Stripe,PENDING,916.29,7.16,Rs,2026-09-28 08:00:00
PAY000013818,ORD00013778,2026-09-28 08:00:00,PayU,SUCCESS,2375.02,27.44,INR,2026-09-28 08:00:00
PAY000013819,ORD00014482,2026-09-28 08:00:00,razorpay ,FAILED,1783.05,3.99,inr,2026-09-28 08:00:00
PAY000013820,ORD00012055,2026-09-28 08:00:00,PayU,SUCCESS,553.9,27.28,Rs,2026-09-28 08:00:00
PAY000013821,ORD00012863,2026-09-28 08:00:00,Razorpay,PENDING,276.11,28.39,INR,2026-09-28 08:00:00
PAY000013822,ORD00013158,2026-09-28 08:00:00,razorpay ,SUCCESS,832.09,11.27,inr,2026-09-28 08:00:00
PAY000013823,ORD00013928,2026-09-28 08:00:00,Cashfree,PENDING,1435.89,33.64,inr,2026-09-28 08:00:00
PAY000013824,ORD00012188,2026-09-28 08:00:00,Stripe,SUCCESS,2266.14,15.22,INR,2026-09-28 08:00:00
PAY000013825,ORD00013103,2026-09-28 08:00:00,PayU,SUCCESS,991.22,33.6,Rs,2026-09-28 08:00:00
PAY000013826,ORD00014846,2026-09-28 08:00:00,Razorpay,PENDING,1057.71,26.16,inr,2026-09-28 08:00:00
PAY000013827,ORD00014971,2026-09-28 08:00:00,razorpay ,FAILED,1119.16,33.07,Rs,2026-09-28 08:00:00
PAY000013828,ORD00012256,2026-09-28 08:00:00,Razorpay,SUCCESS,1073.78,26.93,Rs,2026-09-28 08:00:00
PAY000013829,ORD00013290,2026-09-28 08:00:00,razorpay ,SUCCESS,636.4,14.27,INR,2026-09-28 08:00:00
PAY000013830,ORD00014858,2026-09-28 08:00:00,Razorpay,SUCCESS,1470.17,28.78,inr,2026-09-28 08:00:00
PAY000013831,ORD00013332,2026-09-28 08:00:00,Cashfree,PENDING,610.51,20.15,Rs,2026-09-28 08:00:00
PAY000013832,ORD00014750,2026-09-28 08:00:00,razorpay ,SUCCESS,1497.84,28.11,Rs,2026-09-28 08:00:00
PAY000013833,ORD00013593,2026-09-28 08:00:00,Stripe,SUCCESS,787.84,33.92,Rs,2026-09-28 08:00:00
PAY000013834,ORD00012459,2026-09-28 08:00:00,PayU,SUCCESS,1720.49,30.01,inr,2026-09-28 08:00:00
PAY000013835,ORD00012886,2026-09-28 08:00:00,razorpay ,SUCCESS,1699.33,30.97,Rs,2026-09-28 08:00:00
PAY000013836,ORD00014706,2026-09-28 08:00:00,Razorpay,SUCCESS,836.17,2.35,inr,2026-09-28 08:00:00
PAY000013837,ORD00012157,2026-09-28 08:00:00,Stripe,SUCCESS,615.54,26.08,Rs,2026-09-28 08:00:00
PAY000013838,ORD00012396,2026-09-28 08:00:00,Cashfree,SUCCESS,832.51,14.57,inr,2026-09-28 08:00:00
PAY000013839,ORD00014438,2026-09-28 08:00:00,PayU,PENDING,865.05,16.04,INR,2026-09-28 08:00:00
PAY000013840,ORD00014386,2026-09-28 08:00:00,Stripe,FAILED,1486.67,17.74,inr,2026-09-28 08:00:00
PAY000013841,ORD00013587,2026-09-28 08:00:00,Razorpay,FAILED,995.27,34.98,Rs,2026-09-28 08:00:00
PAY000013842,ORD00012699,2026-09-28 08:00:00,Razorpay,SUCCESS,290.95,20.37,inr,2026-09-28 08:00:00
PAY000013843,ORD00012947,2026-09-28 08:00:00,Cashfree,PENDING,2765.06,28.73,Rs,2026-09-28 08:00:00
PAY000013844,ORD00012848,2026-09-28 08:00:00,PayU,SUCCESS,858.95,28.3,inr,2026-09-28 08:00:00
PAY000013845,ORD00013391,2026-09-28 08:00:00,Razorpay,PENDING,2361.03,34.09,Rs,2026-09-28 08:00:00
PAY000013846,ORD00012142,2026-09-28 08:00:00,Cashfree,SUCCESS,1258.04,29.08,inr,2026-09-28 08:00:00
PAY000013847,ORD00012557,2026-09-28 08:00:00,Razorpay,FAILED,686.48,6.61,INR,2026-09-28 08:00:00
PAY000013848,ORD00012333,2026-09-28 08:00:00,PayU,SUCCESS,362.67,24.89,inr,2026-09-28 08:00:00
PAY000013849,ORD00013614,2026-09-28 08:00:00,Stripe,PENDING,599.94,2.99,Rs,2026-09-28 08:00:00
PAY000013850,ORD00014129,2026-09-28 08:00:00,Cashfree,FAILED,501.86,23.8,Rs,2026-09-28 08:00:00
PAY000013851,ORD00012730,2026-09-28 08:00:00,PayU,SUCCESS,956.06,31.98,INR,2026-09-28 08:00:00
PAY000013852,ORD00012880,2026-09-28 08:00:00,Cashfree,SUCCESS,1026.05,8.66,Rs,2026-09-28 08:00:00
PAY000013853,ORD00014199,2026-09-28 08:00:00,Cashfree,PENDING,2969.18,33.96,INR,2026-09-28 08:00:00
PAY000013854,ORD00014352,2026-09-28 08:00:00,razorpay ,PENDING,1750.54,8.98,Rs,2026-09-28 08:00:00
PAY000013855,ORD00014361,2026-09-28 08:00:00,Stripe,PENDING,1672.83,19.96,INR,2026-09-28 08:00:00
PAY000013856,ORD00013604,2026-09-28 08:00:00,Stripe,PENDING,806.65,33.86,Rs,2026-09-28 08:00:00
PAY000013857,ORD00014452,2026-09-28 08:00:00,Stripe,FAILED,630.53,24.76,INR,2026-09-28 08:00:00
PAY000013858,ORD00012856,2026-09-28 08:00:00,Stripe,FAILED,1129.65,25.82,INR,2026-09-28 08:00:00
PAY000013859,ORD00014623,2026-09-28 08:00:00,Cashfree,SUCCESS,1800.3,12.26,Rs,2026-09-28 08:00:00
PAY000013860,ORD00013560,2026-09-28 08:00:00,Razorpay,FAILED,978.78,9.48,Rs,2026-09-28 08:00:00
PAY000013861,ORD00013054,2026-09-28 08:00:00,Cashfree,SUCCESS,533.73,26.89,INR,2026-09-28 08:00:00
PAY000013862,ORD00013992,2026-09-28 08:00:00,Stripe,SUCCESS,2244.14,30.01,INR,2026-09-28 08:00:00
PAY000013863,ORD00013682,2026-09-28 08:00:00,Stripe,FAILED,375.26,8.82,inr,2026-09-28 08:00:00
PAY000013864,ORD00012834,2026-09-28 08:00:00,Cashfree,SUCCESS,847.72,2.92,INR,2026-09-28 08:00:00
PAY000013865,ORD00014715,2026-09-28 08:00:00,razorpay ,SUCCESS,799.37,22.54,Rs,2026-09-28 08:00:00
PAY000013866,ORD00013998,2026-09-28 08:00:00,razorpay ,SUCCESS,671.7,21.97,Rs,2026-09-28 08:00:00
PAY000013867,ORD00014888,2026-09-28 08:00:00,Stripe,SUCCESS,245.33,30.95,inr,2026-09-28 08:00:00
PAY000013868,ORD00014328,2026-09-28 08:00:00,razorpay ,SUCCESS,2323.83,17.67,INR,2026-09-28 08:00:00
PAY000013869,ORD00012137,2026-09-28 08:00:00,Cashfree,FAILED,626.56,30.12,INR,2026-09-28 08:00:00
PAY000013870,ORD00014268,2026-09-28 08:00:00,PayU,FAILED,867.37,7.06,inr,2026-09-28 08:00:00
PAY000013871,ORD00013938,2026-09-28 08:00:00,razorpay ,PENDING,901.55,27.42,Rs,2026-09-28 08:00:00
PAY000013872,ORD00012066,2026-09-28 08:00:00,PayU,SUCCESS,1101.0,29.54,INR,2026-09-28 08:00:00
PAY000013873,ORD00013718,2026-09-28 08:00:00,razorpay ,SUCCESS,333.7,2.49,inr,2026-09-28 08:00:00
PAY000013874,ORD00014288,2026-09-28 08:00:00,Stripe,FAILED,348.16,28.49,INR,2026-09-28 08:00:00
PAY000013875,ORD00013017,2026-09-28 08:00:00,Razorpay,PENDING,402.1,27.35,inr,2026-09-28 08:00:00
PAY000013876,ORD00012481,2026-09-28 08:00:00,Cashfree,SUCCESS,979.61,13.32,Rs,2026-09-28 08:00:00
PAY000013877,ORD00012464,2026-09-28 08:00:00,Cashfree,PENDING,1385.55,18.2,inr,2026-09-28 08:00:00
PAY000013878,ORD00012028,2026-09-28 08:00:00,Cashfree,SUCCESS,473.67,19.87,inr,2026-09-28 08:00:00
PAY000013879,ORD00013403,2026-09-28 08:00:00,Razorpay,FAILED,1185.39,34.55,INR,2026-09-28 08:00:00
PAY000013880,ORD00014177,2026-09-28 08:00:00,PayU,SUCCESS,645.06,15.14,inr,2026-09-28 08:00:00
PAY000013881,ORD00014219,2026-09-28 08:00:00,PayU,FAILED,818.41,9.87,INR,2026-09-28 08:00:00
PAY000013882,ORD00013001,2026-09-28 08:00:00,PayU,SUCCESS,1937.03,8.66,Rs,2026-09-28 08:00:00
PAY000013883,ORD00012421,2026-09-28 08:00:00,Stripe,SUCCESS,1003.4,31.47,inr,2026-09-28 08:00:00
PAY000013884,ORD00012539,2026-09-28 08:00:00,Cashfree,FAILED,945.97,13.39,INR,2026-09-28 08:00:00
PAY000013885,ORD00012608,2026-09-28 08:00:00,Stripe,FAILED,1313.63,30.03,Rs,2026-09-28 08:00:00
PAY000013886,ORD00013554,2026-09-28 08:00:00,Stripe,SUCCESS,1445.39,4.2,INR,2026-09-28 08:00:00
PAY000013887,ORD00013855,2026-09-28 08:00:00,PayU,PENDING,444.41,4.37,inr,2026-09-28 08:00:00
PAY000013888,ORD00012594,2026-09-28 08:00:00,Cashfree,SUCCESS,1689.37,17.42,Rs,2026-09-28 08:00:00
PAY000013889,ORD00013701,2026-09-28 08:00:00,Stripe,PENDING,2241.09,15.81,Rs,2026-09-28 08:00:00
PAY000013890,ORD00014879,2026-09-28 08:00:00,Stripe,PENDING,386.43,7.54,INR,2026-09-28 08:00:00
PAY000013891,ORD00012790,2026-09-28 08:00:00,razorpay ,SUCCESS,2156.37,20.45,INR,2026-09-28 08:00:00
PAY000013892,ORD00012235,2026-09-28 08:00:00,razorpay ,PENDING,340.78,18.78,INR,2026-09-28 08:00:00
PAY000013893,ORD00014254,2026-09-28 08:00:00,Stripe,PENDING,1695.41,5.8,inr,2026-09-28 08:00:00
PAY000013894,ORD00012402,2026-09-28 08:00:00,Razorpay,SUCCESS,1001.41,28.2,inr,2026-09-28 08:00:00
PAY000013895,ORD00012458,2026-09-28 08:00:00,Razorpay,PENDING,4204.2,27.74,INR,2026-09-28 08:00:00
PAY000013896,ORD00012916,2026-09-28 08:00:00,Stripe,FAILED,2740.35,12.62,INR,2026-09-28 08:00:00
PAY000013897,ORD00012834,2026-09-28 08:00:00,PayU,PENDING,1302.72,4.36,INR,2026-09-28 08:00:00
PAY000013898,ORD00014304,2026-09-28 08:00:00,Cashfree,FAILED,740.55,13.47,INR,2026-09-28 08:00:00
PAY000013899,ORD00014233,2026-09-28 08:00:00,razorpay ,PENDING,3077.42,21.62,INR,2026-09-28 08:00:00
PAY000013900,ORD00013344,2026-09-28 08:00:00,RAZORPAY,SUCCESS,1137.54,7.58,INR,2026-09-28 08:00:00
PAY000013901,ORD00014630,2026-09-28 08:00:00,Razorpay,PENDING,897.59,19.56,INR,2026-09-28 08:00:00
PAY000013902,ORD00014327,2026-09-28 08:00:00,Cashfree,SUCCESS,1619.05,7.57,inr,2026-09-28 08:00:00
PAY000013903,ORD00012557,2026-09-28 08:00:00,PayU,SUCCESS,372.66,25.97,inr,2026-09-28 08:00:00
PAY000013904,ORD00012785,2026-09-28 08:00:00,razorpay ,SUCCESS,906.49,32.4,INR,2026-09-28 08:00:00
PAY000013905,ORD00012371,2026-09-28 08:00:00,Stripe,FAILED,1965.67,32.53,INR,2026-09-28 08:00:00
PAY000013906,ORD00012623,2026-09-28 08:00:00,Stripe,SUCCESS,692.22,33.35,Rs,2026-09-28 08:00:00
PAY000013907,ORD00014627,2026-09-28 08:00:00,Stripe,SUCCESS,216.61,32.1,INR,2026-09-28 08:00:00
PAY000013908,ORD00014777,2026-09-28 08:00:00,Cashfree,SUCCESS,710.81,33.18,inr,2026-09-28 08:00:00
PAY000013909,ORD00012308,2026-09-28 08:00:00,PayU,SUCCESS,735.99,31.95,Rs,2026-09-28 08:00:00
PAY000013910,ORD00013619,2026-09-28 08:00:00,Razorpay,FAILED,4130.57,8.2,inr,2026-09-28 08:00:00
PAY000013911,ORD00012938,2026-09-28 08:00:00,PayU,SUCCESS,1015.53,25.71,Rs,2026-09-28 08:00:00
PAY000013912,ORD00014418,2026-09-28 08:00:00,Stripe,SUCCESS,1591.93,21.71,INR,2026-09-28 08:00:00
PAY000013913,ORD00013998,2026-09-28 08:00:00,razorpay ,PENDING,2433.89,17.54,inr,2026-09-28 08:00:00
PAY000013914,ORD00013303,2026-09-28 08:00:00,Cashfree,SUCCESS,1233.96,26.6,Rs,2026-09-28 08:00:00
PAY000013915,ORD00013557,2026-09-28 08:00:00,PayU,SUCCESS,416.52,10.69,inr,2026-09-28 08:00:00
PAY000013916,ORD00012427,2026-09-28 08:00:00,PayU,PENDING,1154.78,28.87,inr,2026-09-28 08:00:00
PAY000013917,ORD00013715,2026-09-28 08:00:00,Stripe,FAILED,570.17,9.98,INR,2026-09-28 08:00:00
PAY000013918,ORD00013535,2026-09-28 08:00:00,Cashfree,SUCCESS,640.98,15.27,inr,2026-09-28 08:00:00
PAY000013919,ORD00013063,2026-09-28 08:00:00,PayU,FAILED,551.04,18.33,Rs,2026-09-28 08:00:00
PAY000013920,ORD00013859,2026-09-28 08:00:00,razorpay ,SUCCESS,1125.09,5.19,Rs,2026-09-28 08:00:00
PAY000013921,ORD00014194,2026-09-28 08:00:00,razorpay ,SUCCESS,235.42,28.56,inr,2026-09-28 08:00:00
PAY000013922,ORD00013156,2026-09-28 08:00:00,Cashfree,SUCCESS,630.52,31.22,inr,2026-09-28 08:00:00
PAY000013923,ORD00012531,2026-09-28 08:00:00,razorpay ,SUCCESS,373.38,15.97,inr,2026-09-28 08:00:00
PAY000013924,ORD00014009,2026-09-28 08:00:00,Cashfree,SUCCESS,4140.58,19.2,Rs,2026-09-28 08:00:00
PAY000013925,ORD00014603,2026-09-28 08:00:00,Razorpay,FAILED,1582.95,19.54,Rs,2026-09-28 08:00:00
PAY000013926,ORD00014912,2026-09-28 08:00:00,PayU,SUCCESS,882.84,6.47,INR,2026-09-28 08:00:00
PAY000013927,ORD00014407,2026-09-28 08:00:00,PayU,SUCCESS,578.32,6.7,Rs,2026-09-28 08:00:00
PAY000013928,ORD00012926,2026-09-28 08:00:00,Cashfree,SUCCESS,1211.84,18.64,inr,2026-09-28 08:00:00
PAY000013929,ORD00014889,2026-09-28 08:00:00,razorpay ,PENDING,518.82,34.93,INR,2026-09-28 08:00:00
PAY000013930,ORD00012349,2026-09-28 08:00:00,Cashfree,PENDING,2646.57,2.97,Rs,2026-09-28 08:00:00
PAY000013931,ORD00014387,2026-09-28 08:00:00,Cashfree,SUCCESS,710.86,22.8,INR,2026-09-28 08:00:00
PAY000013932,ORD00014562,2026-09-28 08:00:00,Razorpay,SUCCESS,853.51,8.78,INR,2026-09-28 08:00:00
PAY000013933,ORD00014124,2026-09-28 08:00:00,Cashfree,PENDING,837.18,15.26,INR,2026-09-28 08:00:00
PAY000013934,ORD00013264,2026-09-28 08:00:00,Cashfree,SUCCESS,2895.32,14.28,INR,2026-09-28 08:00:00
PAY000013935,ORD00013390,2026-09-28 08:00:00,Razorpay,PENDING,168.07,29.43,INR,2026-09-28 08:00:00
PAY000013936,ORD00013443,2026-09-28 08:00:00,Stripe,SUCCESS,706.31,3.08,INR,2026-09-28 08:00:00
PAY000013937,ORD00013621,2026-09-28 08:00:00,Razorpay,SUCCESS,1179.56,19.26,Rs,2026-09-28 08:00:00
PAY000013938,ORD00012512,2026-09-28 08:00:00,Razorpay,FAILED,1445.93,29.42,inr,2026-09-28 08:00:00
PAY000013939,ORD00014981,2026-09-28 08:00:00,Razorpay,SUCCESS,5146.9,13.89,inr,2026-09-28 08:00:00
PAY000013940,ORD00012124,2026-09-28 08:00:00,razorpay ,SUCCESS,990.33,3.8,Rs,2026-09-28 08:00:00
PAY000013941,ORD00014762,2026-09-28 08:00:00,Razorpay,FAILED,835.97,31.8,INR,2026-09-28 08:00:00
PAY000013942,ORD00013812,2026-09-28 08:00:00,Razorpay,SUCCESS,1707.84,31.14,inr,2026-09-28 08:00:00
PAY000013943,ORD00014920,2026-09-28 08:00:00,Cashfree,SUCCESS,662.1,4.57,inr,2026-09-28 08:00:00
PAY000013944,ORD00014240,2026-09-28 08:00:00,Cashfree,SUCCESS,853.93,8.41,inr,2026-09-28 08:00:00
PAY000013945,ORD00013893,2026-09-28 08:00:00,Stripe,SUCCESS,699.42,19.76,inr,2026-09-28 08:00:00
PAY000013946,ORD00013391,2026-09-28 08:00:00,RAZORPAY,SUCCESS,676.02,32.91,inr,2026-09-28 08:00:00
PAY000013947,ORD00013502,2026-09-28 08:00:00,razorpay ,SUCCESS,1352.14,2.74,Rs,2026-09-28 08:00:00
PAY000013948,ORD00012969,2026-09-28 08:00:00,Razorpay,SUCCESS,2162.51,14.83,INR,2026-09-28 08:00:00
PAY000013949,ORD00013043,2026-09-28 08:00:00,PayU,FAILED,974.31,2.74,inr,2026-09-28 08:00:00
PAY000013950,ORD00013898,2026-09-28 08:00:00,Cashfree,SUCCESS,233.22,23.58,inr,2026-09-28 08:00:00
PAY000013951,ORD00014448,2026-09-28 08:00:00,PayU,PENDING,660.68,6.72,inr,2026-09-28 08:00:00
PAY000013952,ORD00012163,2026-09-28 08:00:00,Cashfree,SUCCESS,1477.9,20.48,Rs,2026-09-28 08:00:00
PAY000013953,ORD00012158,2026-09-28 08:00:00,Razorpay,SUCCESS,685.78,10.72,Rs,2026-09-28 08:00:00
PAY000013954,ORD00012105,2026-09-28 08:00:00,Razorpay,SUCCESS,566.91,20.41,INR,2026-09-28 08:00:00
PAY000013955,ORD00013098,2026-09-28 08:00:00,PayU,SUCCESS,106.46,11.49,Rs,2026-09-28 08:00:00
PAY000013956,ORD00012408,2026-09-28 08:00:00,razorpay ,SUCCESS,938.8,32.93,inr,2026-09-28 08:00:00
PAY000013957,ORD00012627,2026-09-28 08:00:00,Razorpay,SUCCESS,135.5,29.74,INR,2026-09-28 08:00:00
PAY000013958,ORD00013863,2026-09-28 08:00:00,Cashfree,PENDING,760.51,29.8,inr,2026-09-28 08:00:00
PAY000013959,ORD00012379,2026-09-28 08:00:00,Stripe,FAILED,1656.89,2.1,Rs,2026-09-28 08:00:00
PAY000013960,ORD00012382,2026-09-28 08:00:00,Razorpay,SUCCESS,725.01,33.1,inr,2026-09-28 08:00:00
PAY000013961,ORD00013599,2026-09-28 08:00:00,Stripe,SUCCESS,1053.83,29.17,INR,2026-09-28 08:00:00
PAY000013962,ORD00012312,2026-09-28 08:00:00,Stripe,FAILED,1644.76,33.2,inr,2026-09-28 08:00:00
PAY000013963,ORD00014400,2026-09-28 08:00:00,Razorpay,PENDING,487.71,9.19,Rs,2026-09-28 08:00:00
PAY000013964,ORD00012864,2026-09-28 08:00:00,PayU,PENDING,4403.29,24.55,INR,2026-09-28 08:00:00
PAY000013965,ORD00013914,2026-09-28 08:00:00,Razorpay,SUCCESS,1314.31,27.48,inr,2026-09-28 08:00:00
PAY000013966,ORD00012619,2026-09-28 08:00:00,razorpay ,SUCCESS,2252.01,20.22,inr,2026-09-28 08:00:00
PAY000013967,ORD00013300,2026-09-28 08:00:00,PayU,SUCCESS,2013.54,14.17,inr,2026-09-28 08:00:00
PAY000013968,ORD00013997,2026-09-28 08:00:00,Razorpay,FAILED,1629.87,19.4,INR,2026-09-28 08:00:00
PAY000013969,ORD00012633,2026-09-28 08:00:00,Razorpay,SUCCESS,824.49,14.96,INR,2026-09-28 08:00:00
PAY000013970,ORD00013006,2026-09-28 08:00:00,Stripe,PENDING,414.33,16.87,inr,2026-09-28 08:00:00
PAY000013971,ORD00014790,2026-09-28 08:00:00,Razorpay,SUCCESS,5547.85,7.08,inr,2026-09-28 08:00:00
PAY000013972,ORD00014753,2026-09-28 08:00:00,Stripe,SUCCESS,413.0,8.94,Rs,2026-09-28 08:00:00
PAY000013973,ORD00014432,2026-09-28 08:00:00,Razorpay,SUCCESS,2425.25,6.11,INR,2026-09-28 08:00:00
PAY000013974,ORD00012314,2026-09-28 08:00:00,Razorpay,SUCCESS,871.64,24.46,Rs,2026-09-28 08:00:00
PAY000013975,ORD00012449,2026-09-28 08:00:00,Stripe,SUCCESS,1403.5,31.67,inr,2026-09-28 08:00:00
PAY000013976,ORD00012657,2026-09-28 08:00:00,Cashfree,SUCCESS,481.38,23.87,Rs,2026-09-28 08:00:00
PAY000013977,ORD00014038,2026-09-28 08:00:00,Stripe,SUCCESS,955.86,19.75,inr,2026-09-28 08:00:00
PAY000013978,ORD00014583,2026-09-28 08:00:00,PayU,FAILED,1251.0,28.19,inr,2026-09-28 08:00:00
PAY000013979,ORD00014064,2026-09-28 08:00:00,Cashfree,FAILED,526.88,31.6,Rs,2026-09-28 08:00:00
PAY000013980,ORD00014744,2026-09-28 08:00:00,Razorpay,SUCCESS,1076.12,30.83,INR,2026-09-28 08:00:00
PAY000013981,ORD00013182,2026-09-28 08:00:00,PayU,SUCCESS,581.39,25.27,inr,2026-09-28 08:00:00
PAY000013982,ORD00013741,2026-09-28 08:00:00,Cashfree,SUCCESS,668.08,18.44,INR,2026-09-28 08:00:00
PAY000013983,ORD00012484,2026-09-28 08:00:00,PayU,FAILED,721.03,20.89,INR,2026-09-28 08:00:00
PAY000013984,ORD00012187,2026-09-28 08:00:00,Razorpay,SUCCESS,1191.85,27.65,INR,2026-09-28 08:00:00
PAY000013985,ORD00012466,2026-09-28 08:00:00,Cashfree,SUCCESS,546.67,17.0,inr,2026-09-28 08:00:00
PAY000013986,ORD00014253,2026-09-28 08:00:00,Stripe,SUCCESS,1023.46,29.06,INR,2026-09-28 08:00:00
PAY000013987,ORD00012914,2026-09-28 08:00:00,PayU,SUCCESS,973.71,27.93,inr,2026-09-28 08:00:00
PAY000013988,ORD00014440,2026-09-28 08:00:00,Cashfree,PENDING,1241.39,18.32,Rs,2026-09-28 08:00:00
PAY000013989,ORD00013421,2026-09-28 08:00:00,Stripe,SUCCESS,2508.62,32.86,inr,2026-09-28 08:00:00
PAY000013990,ORD00012450,2026-09-28 08:00:00,Stripe,PENDING,1379.74,22.12,INR,2026-09-28 08:00:00
PAY000013991,ORD00014629,2026-09-28 08:00:00,razorpay ,SUCCESS,1567.23,12.66,inr,2026-09-28 08:00:00
PAY000013992,ORD00013053,2026-09-28 08:00:00,PayU,SUCCESS,403.23,18.97,Rs,2026-09-28 08:00:00
PAY000013993,ORD00013113,2026-09-28 08:00:00,razorpay ,SUCCESS,802.04,20.19,inr,2026-09-28 08:00:00
PAY000013994,ORD00014213,2026-09-28 08:00:00,Stripe,SUCCESS,1505.89,19.13,inr,2026-09-28 08:00:00
PAY000013995,ORD00013252,2026-09-28 08:00:00,Cashfree,PENDING,737.27,12.91,Rs,2026-09-28 08:00:00
PAY000013996,ORD00012593,2026-09-28 08:00:00,razorpay ,SUCCESS,659.73,9.52,Rs,2026-09-28 08:00:00
PAY000013997,ORD00012555,2026-09-28 08:00:00,Stripe,SUCCESS,468.81,9.1,Rs,2026-09-28 08:00:00
PAY000013998,ORD00014645,2026-09-28 08:00:00,Cashfree,SUCCESS,3781.16,20.12,INR,2026-09-28 08:00:00
PAY000013999,ORD00012949,2026-09-28 08:00:00,Cashfree,PENDING,1390.59,24.54,Rs,2026-09-28 08:00:00
PAY000014000,ORD00012929,2026-09-28 08:00:00,PayU,SUCCESS,2743.91,11.71,INR,2026-09-28 08:00:00
PAY000014001,ORD00013561,2026-09-28 08:00:00,razorpay ,SUCCESS,629.32,21.98,Rs,2026-09-28 08:00:00
PAY000014002,ORD00013960,2026-09-28 08:00:00,Razorpay,SUCCESS,925.33,9.17,INR,2026-09-28 08:00:00
PAY000014003,ORD00014711,2026-09-28 08:00:00,Razorpay,SUCCESS,372.29,33.56,INR,2026-09-28 08:00:00
PAY000014004,ORD00012319,2026-09-28 08:00:00,Razorpay,PENDING,656.57,13.45,Rs,2026-09-28 08:00:00
PAY000014005,ORD00014322,2026-09-28 08:00:00,PayU,SUCCESS,596.71,16.45,Rs,2026-09-28 08:00:00
PAY000014006,ORD00012162,2026-09-28 08:00:00,PayU,SUCCESS,1312.65,27.13,Rs,2026-09-28 08:00:00
PAY000014007,ORD00013979,2026-09-28 08:00:00,Stripe,SUCCESS,1059.48,14.76,INR,2026-09-28 08:00:00
PAY000014008,ORD00013455,2026-09-28 08:00:00,PayU,PENDING,2047.86,19.36,inr,2026-09-28 08:00:00
PAY000014009,ORD00014325,2026-09-28 08:00:00,razorpay ,SUCCESS,1001.18,6.03,Rs,2026-09-28 08:00:00
PAY000014010,ORD00014118,2026-09-28 08:00:00,Razorpay,SUCCESS,858.5,21.3,INR,2026-09-28 08:00:00
PAY000014011,ORD00013871,2026-09-28 08:00:00,razorpay ,SUCCESS,318.58,34.85,inr,2026-09-28 08:00:00
PAY000014012,ORD00013713,2026-09-28 08:00:00,Razorpay,PENDING,1523.06,32.16,Rs,2026-09-28 08:00:00
PAY000014013,ORD00013133,2026-09-28 08:00:00,razorpay ,PENDING,668.79,32.63,inr,2026-09-28 08:00:00
PAY000014014,ORD00013383,2026-09-28 08:00:00,Stripe,SUCCESS,898.18,2.72,Rs,2026-09-28 08:00:00
PAY000014015,ORD00012916,2026-09-28 08:00:00,razorpay ,SUCCESS,1722.88,23.97,INR,2026-09-28 08:00:00
PAY000014016,ORD00014749,2026-09-28 08:00:00,PayU,FAILED,418.09,33.87,inr,2026-09-28 08:00:00
PAY000014017,ORD00013766,2026-09-28 08:00:00,razorpay ,SUCCESS,522.63,4.96,Rs,2026-09-28 08:00:00
PAY000014018,ORD00012377,2026-09-28 08:00:00,Cashfree,SUCCESS,384.89,19.67,inr,2026-09-28 08:00:00
PAY000014019,ORD00014449,2026-09-28 08:00:00,Stripe,SUCCESS,1617.17,9.22,Rs,2026-09-28 08:00:00
PAY000014020,ORD00013716,2026-09-28 08:00:00,Cashfree,SUCCESS,846.1,8.29,INR,2026-09-28 08:00:00
PAY000014021,ORD00013912,2026-09-28 08:00:00,PayU,PENDING,1670.26,20.13,Rs,2026-09-28 08:00:00
PAY000014022,ORD00012129,2026-09-28 08:00:00,PayU,SUCCESS,951.44,15.49,Rs,2026-09-28 08:00:00
PAY000014023,ORD00014044,2026-09-28 08:00:00,Stripe,PENDING,1516.21,20.97,inr,2026-09-28 08:00:00
PAY000014024,ORD00014438,2026-09-28 08:00:00,Razorpay,SUCCESS,2827.4,22.26,inr,2026-09-28 08:00:00
PAY000014025,ORD00013416,2026-09-28 08:00:00,Cashfree,SUCCESS,1434.3,31.87,Rs,2026-09-28 08:00:00
PAY000014026,ORD00012918,2026-09-28 08:00:00,Stripe,SUCCESS,2487.01,28.43,inr,2026-09-28 08:00:00
PAY000014027,ORD00012631,2026-09-28 08:00:00,Cashfree,PENDING,850.79,3.66,Rs,2026-09-28 08:00:00
PAY000014028,ORD00012005,2026-09-28 08:00:00,Cashfree,PENDING,1551.78,3.92,Rs,2026-09-28 08:00:00
PAY000014029,ORD00012782,2026-09-28 08:00:00,Stripe,SUCCESS,1794.82,30.86,inr,2026-09-28 08:00:00
PAY000014030,ORD00013891,2026-09-28 08:00:00,Razorpay,SUCCESS,3119.22,11.96,INR,2026-09-28 08:00:00
PAY000014031,ORD00013835,2026-09-28 08:00:00,Stripe,SUCCESS,447.9,33.48,INR,2026-09-28 08:00:00
PAY000014032,ORD00014655,2026-09-28 08:00:00,PayU,FAILED,1239.62,11.75,INR,2026-09-28 08:00:00
PAY000014033,ORD00013094,2026-09-28 08:00:00,PayU,SUCCESS,957.22,4.49,Rs,2026-09-28 08:00:00
PAY000014034,ORD00013868,2026-09-28 08:00:00,Cashfree,SUCCESS,743.5,15.26,INR,2026-09-28 08:00:00
PAY000014035,ORD00012247,2026-09-28 08:00:00,razorpay ,FAILED,1723.38,31.4,Rs,2026-09-28 08:00:00
PAY000014036,ORD00013163,2026-09-28 08:00:00,Stripe,SUCCESS,1222.04,2.02,Rs,2026-09-28 08:00:00
PAY000014037,ORD00013219,2026-09-28 08:00:00,Cashfree,SUCCESS,3019.16,16.91,inr,2026-09-28 08:00:00
PAY000014038,ORD00013813,2026-09-28 08:00:00,Razorpay,SUCCESS,3022.55,18.25,inr,2026-09-28 08:00:00
PAY000014039,ORD00014506,2026-09-28 08:00:00,Cashfree,PENDING,2348.06,25.46,inr,2026-09-28 08:00:00
PAY000014040,ORD00012386,2026-09-28 08:00:00,razorpay ,SUCCESS,927.52,12.73,inr,2026-09-28 08:00:00
PAY000014041,ORD00013033,2026-09-28 08:00:00,Cashfree,SUCCESS,5822.94,28.42,INR,2026-09-28 08:00:00
PAY000014042,ORD00012247,2026-09-28 08:00:00,Razorpay,SUCCESS,1874.21,8.81,Rs,2026-09-28 08:00:00
PAY000014043,ORD00014928,2026-09-28 08:00:00,PayU,SUCCESS,1291.09,25.66,inr,2026-09-28 08:00:00
PAY000014044,ORD00013035,2026-09-28 08:00:00,PayU,SUCCESS,2039.66,6.49,inr,2026-09-28 08:00:00
PAY000014045,ORD00014995,2026-09-28 08:00:00,Cashfree,SUCCESS,1147.74,18.33,Rs,2026-09-28 08:00:00
PAY000014046,ORD00012523,2026-09-28 08:00:00,PayU,SUCCESS,2531.26,8.91,INR,2026-09-28 08:00:00
PAY000014047,ORD00013353,2026-09-28 08:00:00,Stripe,SUCCESS,3806.56,7.34,INR,2026-09-28 08:00:00
PAY000014048,ORD00013009,2026-09-28 08:00:00,PayU,SUCCESS,1907.06,8.85,Rs,2026-09-28 08:00:00
PAY000014049,ORD00014978,2026-09-28 08:00:00,Stripe,FAILED,1149.02,26.4,Rs,2026-09-28 08:00:00
PAY000014050,ORD00014003,2026-09-28 08:00:00,Stripe,SUCCESS,2026.44,7.44,inr,2026-09-28 08:00:00
PAY000014051,ORD00012122,2026-09-28 08:00:00,razorpay ,SUCCESS,2133.91,33.17,INR,2026-09-28 08:00:00
PAY000014052,ORD00013033,2026-09-28 08:00:00,PayU,SUCCESS,1003.26,18.42,INR,2026-09-28 08:00:00
PAY000014053,ORD00014532,2026-09-28 08:00:00,Cashfree,PENDING,567.18,22.94,inr,2026-09-28 08:00:00
PAY000014054,ORD00014088,2026-09-28 08:00:00,PayU,SUCCESS,194.88,15.15,Rs,2026-09-28 08:00:00
PAY000014055,ORD00013574,2026-09-28 08:00:00,Cashfree,SUCCESS,796.97,24.28,inr,2026-09-28 08:00:00
PAY000014056,ORD00014973,2026-09-28 08:00:00,razorpay ,PENDING,736.53,23.24,inr,2026-09-28 08:00:00
PAY000014057,ORD00014694,2026-09-28 08:00:00,Stripe,PENDING,1099.84,22.03,inr,2026-09-28 08:00:00
PAY000014058,ORD00014475,2026-09-28 08:00:00,Stripe,SUCCESS,2707.4,21.35,INR,2026-09-28 08:00:00
PAY000014059,ORD00013485,2026-09-28 08:00:00,Cashfree,SUCCESS,423.08,30.43,Rs,2026-09-28 08:00:00
PAY000014060,ORD00012771,2026-09-28 08:00:00,PayU,SUCCESS,827.02,7.97,INR,2026-09-28 08:00:00
PAY000014061,ORD00013824,2026-09-28 08:00:00,Razorpay,SUCCESS,2048.92,7.46,INR,2026-09-28 08:00:00
PAY000014062,ORD00012291,2026-09-28 08:00:00,PayU,SUCCESS,896.3,31.69,inr,2026-09-28 08:00:00
PAY000014063,ORD00012812,2026-09-28 08:00:00,PayU,SUCCESS,2457.48,13.47,inr,2026-09-28 08:00:00
PAY000014064,ORD00013460,2026-09-28 08:00:00,Stripe,SUCCESS,1513.33,3.28,inr,2026-09-28 08:00:00
PAY000014065,ORD00014459,2026-09-28 08:00:00,Cashfree,SUCCESS,1562.69,25.79,Rs,2026-09-28 08:00:00
PAY000014066,ORD00013554,2026-09-28 08:00:00,Cashfree,SUCCESS,781.41,4.84,inr,2026-09-28 08:00:00
PAY000014067,ORD00013504,2026-09-28 08:00:00,Razorpay,SUCCESS,1139.9,34.16,Rs,2026-09-28 08:00:00
PAY000014068,ORD00013916,2026-09-28 08:00:00,razorpay ,SUCCESS,1459.09,18.32,Rs,2026-09-28 08:00:00
PAY000014069,ORD00013245,2026-09-28 08:00:00,razorpay ,SUCCESS,1261.78,3.34,INR,2026-09-28 08:00:00
PAY000014070,ORD00014323,2026-09-28 08:00:00,Razorpay,SUCCESS,1585.57,29.46,Rs,2026-09-28 08:00:00
PAY000014071,ORD00012858,2026-09-28 08:00:00,Cashfree,SUCCESS,487.19,8.2,Rs,2026-09-28 08:00:00
PAY000014072,ORD00012782,2026-09-28 08:00:00,Razorpay,PENDING,917.97,10.79,INR,2026-09-28 08:00:00
PAY000014073,ORD00013684,2026-09-28 08:00:00,PayU,SUCCESS,870.72,9.94,INR,2026-09-28 08:00:00
PAY000014074,ORD00012807,2026-09-28 08:00:00,Razorpay,SUCCESS,589.4,27.45,INR,2026-09-28 08:00:00
PAY000014075,ORD00014222,2026-09-28 08:00:00,Razorpay,SUCCESS,801.16,22.09,Rs,2026-09-28 08:00:00
PAY000014076,ORD00012787,2026-09-28 08:00:00,Razorpay,SUCCESS,744.02,26.56,Rs,2026-09-28 08:00:00
PAY000014077,ORD00012190,2026-09-28 08:00:00,Stripe,PENDING,590.13,5.36,inr,2026-09-28 08:00:00
PAY000014078,ORD00013943,2026-09-28 08:00:00,Cashfree,FAILED,683.77,8.47,inr,2026-09-28 08:00:00
PAY000014079,ORD00013237,2026-09-28 08:00:00,Cashfree,SUCCESS,1271.68,25.5,INR,2026-09-28 08:00:00
PAY000014080,ORD00013858,2026-09-28 08:00:00,Stripe,SUCCESS,560.92,20.18,INR,2026-09-28 08:00:00
PAY000014081,ORD00014512,2026-09-28 08:00:00,razorpay ,SUCCESS,1037.17,9.86,Rs,2026-09-28 08:00:00
PAY000014082,ORD00014376,2026-09-28 08:00:00,Stripe,FAILED,503.87,6.85,Rs,2026-09-28 08:00:00
PAY000014083,ORD00013787,2026-09-28 08:00:00,razorpay ,SUCCESS,1177.66,3.41,Rs,2026-09-28 08:00:00
PAY000014084,ORD00014585,2026-09-28 08:00:00,Stripe,PENDING,2606.29,20.4,Rs,2026-09-28 08:00:00
PAY000014085,ORD00012028,2026-09-28 08:00:00,Cashfree,SUCCESS,1916.89,10.34,inr,2026-09-28 08:00:00
PAY000014086,ORD00012044,2026-09-28 08:00:00,PayU,SUCCESS,1065.57,33.35,INR,2026-09-28 08:00:00
PAY000014087,ORD00013944,2026-09-28 08:00:00,PayU,SUCCESS,2475.42,7.75,inr,2026-09-28 08:00:00
PAY000014088,ORD00013773,2026-09-28 08:00:00,razorpay ,SUCCESS,177.56,9.22,Rs,2026-09-28 08:00:00
PAY000014089,ORD00012727,2026-09-28 08:00:00,razorpay ,SUCCESS,721.88,8.2,INR,2026-09-28 08:00:00
PAY000014090,ORD00013694,2026-09-28 08:00:00,Razorpay,PENDING,391.53,7.48,INR,2026-09-28 08:00:00
PAY000014091,ORD00012103,2026-09-28 08:00:00,Cashfree,SUCCESS,446.1,20.1,Rs,2026-09-28 08:00:00
PAY000014092,ORD00012948,2026-09-28 08:00:00,razorpay ,SUCCESS,737.48,4.01,inr,2026-09-28 08:00:00
PAY000014093,ORD00014450,2026-09-28 08:00:00,Cashfree,SUCCESS,1596.44,32.99,inr,2026-09-28 08:00:00
PAY000014094,ORD00014647,2026-09-28 08:00:00,PayU,PENDING,463.31,10.78,INR,2026-09-28 08:00:00
PAY000014095,ORD00014998,2026-09-28 08:00:00,PayU,SUCCESS,423.72,13.76,INR,2026-09-28 08:00:00
PAY000014096,ORD00014326,2026-09-28 08:00:00,Cashfree,SUCCESS,433.4,34.66,INR,2026-09-28 08:00:00
PAY000014097,ORD00014660,2026-09-28 08:00:00,PayU,SUCCESS,1074.37,12.49,INR,2026-09-28 08:00:00
PAY000014098,ORD00013245,2026-09-28 08:00:00,Stripe,SUCCESS,1579.26,32.35,Rs,2026-09-28 08:00:00
PAY000014099,ORD00013570,2026-09-28 08:00:00,Cashfree,SUCCESS,738.65,19.56,INR,2026-09-28 08:00:00
PAY000014100,ORD00012870,2026-09-28 08:00:00,PayU,SUCCESS,993.57,19.91,Rs,2026-09-28 08:00:00
PAY000014101,ORD00013222,2026-09-28 08:00:00,Cashfree,SUCCESS,1310.34,16.04,INR,2026-09-28 08:00:00
PAY000014102,ORD00013174,2026-09-28 08:00:00,PayU,SUCCESS,839.97,6.18,inr,2026-09-28 08:00:00
PAY000014103,ORD00014828,2026-09-28 08:00:00,Razorpay,PENDING,128.47,23.02,inr,2026-09-28 08:00:00
PAY000014104,ORD00014715,2026-09-28 08:00:00,Cashfree,SUCCESS,304.65,27.16,inr,2026-09-28 08:00:00
PAY000014105,ORD00014785,2026-09-28 08:00:00,razorpay ,SUCCESS,1159.36,10.14,INR,2026-09-28 08:00:00
PAY000014106,ORD00014568,2026-09-28 08:00:00,razorpay ,PENDING,905.14,4.29,Rs,2026-09-28 08:00:00
PAY000014107,ORD00012848,2026-09-28 08:00:00,razorpay ,SUCCESS,1108.69,7.35,INR,2026-09-28 08:00:00
PAY000014108,ORD00012021,2026-09-28 08:00:00,Stripe,PENDING,1316.44,9.05,inr,2026-09-28 08:00:00
PAY000014109,ORD00012863,2026-09-28 08:00:00,PayU,PENDING,3046.67,23.64,INR,2026-09-28 08:00:00
PAY000014110,ORD00012559,2026-09-28 08:00:00,Razorpay,FAILED,1913.97,9.85,inr,2026-09-28 08:00:00
PAY000014111,ORD00013436,2026-09-28 08:00:00,PayU,SUCCESS,1440.03,2.57,inr,2026-09-28 08:00:00
PAY000014112,ORD00013484,2026-09-28 08:00:00,PayU,FAILED,734.52,16.93,Rs,2026-09-28 08:00:00
PAY000014113,ORD00012607,2026-09-28 08:00:00,Razorpay,SUCCESS,636.39,3.34,Rs,2026-09-28 08:00:00
PAY000014114,ORD00013403,2026-09-28 08:00:00,Razorpay,SUCCESS,479.78,20.9,Rs,2026-09-28 08:00:00
PAY000014115,ORD00012305,2026-09-28 08:00:00,razorpay ,SUCCESS,1972.86,16.61,INR,2026-09-28 08:00:00
PAY000014116,ORD00012812,2026-09-28 08:00:00,razorpay ,FAILED,1434.89,20.16,INR,2026-09-28 08:00:00
PAY000014117,ORD00014973,2026-09-28 08:00:00,Stripe,SUCCESS,490.46,6.92,Rs,2026-09-28 08:00:00
PAY000014118,ORD00012277,2026-09-28 08:00:00,Razorpay,SUCCESS,1037.24,26.42,INR,2026-09-28 08:00:00
PAY000014119,ORD00014298,2026-09-28 08:00:00,PayU,SUCCESS,569.83,29.22,INR,2026-09-28 08:00:00
PAY000014120,ORD00014737,2026-09-28 08:00:00,Razorpay,SUCCESS,728.85,23.62,INR,2026-09-28 08:00:00
PAY000014121,ORD00014214,2026-09-28 08:00:00,Cashfree,PENDING,1168.17,15.37,inr,2026-09-28 08:00:00
PAY000014122,ORD00013563,2026-09-28 08:00:00,Stripe,SUCCESS,994.03,27.91,Rs,2026-09-28 08:00:00
PAY000014123,ORD00012344,2026-09-28 08:00:00,PayU,SUCCESS,4669.89,22.13,inr,2026-09-28 08:00:00
PAY000014124,ORD00014712,2026-09-28 08:00:00,Stripe,SUCCESS,1654.6,31.04,Rs,2026-09-28 08:00:00
PAY000014125,ORD00012259,2026-09-28 08:00:00,Stripe,PENDING,551.05,32.39,INR,2026-09-28 08:00:00
PAY000014126,ORD00013115,2026-09-28 08:00:00,razorpay ,SUCCESS,497.8,9.2,INR,2026-09-28 08:00:00
PAY000014127,ORD00012207,2026-09-28 08:00:00,razorpay ,SUCCESS,1272.31,4.98,Rs,2026-09-28 08:00:00
PAY000014128,ORD00012879,2026-09-28 08:00:00,PayU,SUCCESS,958.49,13.89,inr,2026-09-28 08:00:00
PAY000014129,ORD00014970,2026-09-28 08:00:00,Stripe,PENDING,444.7,2.36,INR,2026-09-28 08:00:00
PAY000014130,ORD00012675,2026-09-28 08:00:00,Cashfree,SUCCESS,847.15,29.64,Rs,2026-09-28 08:00:00
PAY000014131,ORD00013586,2026-09-28 08:00:00,Stripe,SUCCESS,693.68,6.68,INR,2026-09-28 08:00:00
PAY000014132,ORD00012862,2026-09-28 08:00:00,Stripe,FAILED,932.51,5.08,Rs,2026-09-28 08:00:00
PAY000014133,ORD00012113,2026-09-28 08:00:00,Stripe,SUCCESS,452.69,3.08,inr,2026-09-28 08:00:00
PAY000014134,ORD00012546,2026-09-28 08:00:00,Cashfree,SUCCESS,478.27,11.88,Rs,2026-09-28 08:00:00
PAY000014135,ORD00012470,2026-09-28 08:00:00,Razorpay,SUCCESS,2088.05,27.15,INR,2026-09-28 08:00:00
PAY000014136,ORD00012466,2026-09-28 08:00:00,Cashfree,SUCCESS,1162.35,14.32,Rs,2026-09-28 08:00:00
PAY000014137,ORD00013564,2026-09-28 08:00:00,razorpay ,FAILED,745.67,21.85,Rs,2026-09-28 08:00:00
PAY000014138,ORD00013326,2026-09-28 08:00:00,Razorpay,FAILED,1675.5,7.8,Rs,2026-09-28 08:00:00
PAY000014139,ORD00012061,2026-09-28 08:00:00,RAZORPAY,SUCCESS,3032.89,10.73,inr,2026-09-28 08:00:00
PAY000014140,ORD00013095,2026-09-28 08:00:00,Cashfree,SUCCESS,2838.86,23.8,inr,2026-09-28 08:00:00
PAY000014141,ORD00013285,2026-09-28 08:00:00,PayU,SUCCESS,651.87,24.99,Rs,2026-09-28 08:00:00
PAY000014142,ORD00014820,2026-09-28 08:00:00,razorpay ,FAILED,420.51,28.05,Rs,2026-09-28 08:00:00
PAY000014143,ORD00013174,2026-09-28 08:00:00,razorpay ,SUCCESS,1215.48,26.36,INR,2026-09-28 08:00:00
PAY000014144,ORD00013224,2026-09-28 08:00:00,Stripe,SUCCESS,4255.8,7.24,inr,2026-09-28 08:00:00
PAY000014145,ORD00012516,2026-09-28 08:00:00,Stripe,SUCCESS,662.14,13.76,Rs,2026-09-28 08:00:00
PAY000014146,ORD00012231,2026-09-28 08:00:00,Cashfree,SUCCESS,2858.86,21.14,Rs,2026-09-28 08:00:00
PAY000014147,ORD00014521,2026-09-28 08:00:00,Cashfree,FAILED,749.98,24.1,inr,2026-09-28 08:00:00
PAY000014148,ORD00013013,2026-09-28 08:00:00,PayU,SUCCESS,590.55,7.42,Rs,2026-09-28 08:00:00
PAY000014149,ORD00012777,2026-09-28 08:00:00,PayU,SUCCESS,736.44,13.29,inr,2026-09-28 08:00:00
PAY000014150,ORD00013426,2026-09-28 08:00:00,Cashfree,PENDING,699.34,30.78,INR,2026-09-28 08:00:00
PAY000014151,ORD00013104,2026-09-28 08:00:00,razorpay ,SUCCESS,649.65,17.51,INR,2026-09-28 08:00:00
PAY000014152,ORD00013293,2026-09-28 08:00:00,Cashfree,FAILED,291.39,6.65,INR,2026-09-28 08:00:00
PAY000014153,ORD00012688,2026-09-28 08:00:00,Stripe,SUCCESS,875.58,31.99,inr,2026-09-28 08:00:00
PAY000014154,ORD00012945,2026-09-28 08:00:00,Razorpay,SUCCESS,720.12,11.68,inr,2026-09-28 08:00:00
PAY000014155,ORD00014632,2026-09-28 08:00:00,Razorpay,SUCCESS,641.17,32.64,Rs,2026-09-28 08:00:00
PAY000014156,ORD00014609,2026-09-28 08:00:00,razorpay ,SUCCESS,573.77,8.94,INR,2026-09-28 08:00:00
PAY000014157,ORD00012492,2026-09-28 08:00:00,Cashfree,SUCCESS,802.99,10.78,Rs,2026-09-28 08:00:00
PAY000014158,ORD00012572,2026-09-28 08:00:00,Cashfree,PENDING,690.02,30.79,INR,2026-09-28 08:00:00
PAY000014159,ORD00013352,2026-09-28 08:00:00,PayU,PENDING,519.05,31.18,Rs,2026-09-28 08:00:00
PAY000014160,ORD00014006,2026-09-28 08:00:00,Razorpay,SUCCESS,1441.98,12.24,Rs,2026-09-28 08:00:00
PAY000014161,ORD00013597,2026-09-28 08:00:00,razorpay ,SUCCESS,1302.57,28.18,Rs,2026-09-28 08:00:00
PAY000014162,ORD00013630,2026-09-28 08:00:00,Razorpay,FAILED,428.56,18.43,inr,2026-09-28 08:00:00
PAY000014163,ORD00014467,2026-09-28 08:00:00,Stripe,FAILED,965.42,29.99,INR,2026-09-28 08:00:00
PAY000014164,ORD00013544,2026-09-28 08:00:00,Stripe,SUCCESS,2167.1,7.17,INR,2026-09-28 08:00:00
PAY000014165,ORD00013649,2026-09-28 08:00:00,PayU,SUCCESS,488.3,19.28,inr,2026-09-28 08:00:00
PAY000014166,ORD00014811,2026-09-28 08:00:00,PayU,FAILED,1144.66,15.88,inr,2026-09-28 08:00:00
PAY000014167,ORD00012089,2026-09-28 08:00:00,PayU,FAILED,628.31,12.42,Rs,2026-09-28 08:00:00
PAY000014168,ORD00014641,2026-09-28 08:00:00,Cashfree,FAILED,1285.6,10.64,inr,2026-09-28 08:00:00
PAY000014169,ORD00014522,2026-09-28 08:00:00,razorpay ,SUCCESS,4551.3,16.04,Rs,2026-09-28 08:00:00
PAY000014170,ORD00012122,2026-09-28 08:00:00,razorpay ,SUCCESS,2111.84,13.89,Rs,2026-09-28 08:00:00
PAY000014171,ORD00014950,2026-09-28 08:00:00,Razorpay,SUCCESS,1241.83,25.23,inr,2026-09-28 08:00:00
PAY000014172,ORD00012213,2026-09-28 08:00:00,Razorpay,SUCCESS,2259.86,24.05,Rs,2026-09-28 08:00:00
PAY000014173,ORD00013493,2026-09-28 08:00:00,PayU,SUCCESS,1544.81,2.96,INR,2026-09-28 08:00:00
PAY000014174,ORD00012429,2026-09-28 08:00:00,razorpay ,FAILED,907.35,27.12,inr,2026-09-28 08:00:00
PAY000014175,ORD00012575,2026-09-28 08:00:00,Stripe,FAILED,1862.55,8.91,inr,2026-09-28 08:00:00
PAY000014176,ORD00013918,2026-09-28 08:00:00,Razorpay,SUCCESS,562.65,24.91,Rs,2026-09-28 08:00:00
PAY000014177,ORD00012195,2026-09-28 08:00:00,razorpay ,SUCCESS,1064.76,18.12,INR,2026-09-28 08:00:00
PAY000014178,ORD00014982,2026-09-28 08:00:00,razorpay ,SUCCESS,195.41,21.3,INR,2026-09-28 08:00:00
PAY000014179,ORD00014913,2026-09-28 08:00:00,Razorpay,FAILED,985.07,25.5,Rs,2026-09-28 08:00:00
PAY000014180,ORD00013900,2026-09-28 08:00:00,Razorpay,SUCCESS,1195.12,32.51,Rs,2026-09-28 08:00:00
PAY000014181,ORD00014310,2026-09-28 08:00:00,Stripe,FAILED,3726.39,12.78,Rs,2026-09-28 08:00:00
PAY000014182,ORD00013308,2026-09-28 08:00:00,Razorpay,SUCCESS,798.44,11.58,Rs,2026-09-28 08:00:00
PAY000014183,ORD00013545,2026-09-28 08:00:00,PayU,SUCCESS,687.13,9.23,Rs,2026-09-28 08:00:00
PAY000014184,ORD00014391,2026-09-28 08:00:00,Stripe,SUCCESS,898.03,22.64,INR,2026-09-28 08:00:00
PAY000014185,ORD00012172,2026-09-28 08:00:00,Cashfree,SUCCESS,640.88,25.6,Rs,2026-09-28 08:00:00
PAY000014186,ORD00013821,2026-09-28 08:00:00,Stripe,SUCCESS,1125.07,22.92,INR,2026-09-28 08:00:00
PAY000014187,ORD00014811,2026-09-28 08:00:00,Stripe,SUCCESS,2721.83,6.13,inr,2026-09-28 08:00:00
PAY000014188,ORD00014699,2026-09-28 08:00:00,Razorpay,FAILED,2208.49,18.01,Rs,2026-09-28 08:00:00
PAY000014189,ORD00012911,2026-09-28 08:00:00,Razorpay,PENDING,1065.12,4.76,INR,2026-09-28 08:00:00
PAY000014190,ORD00013701,2026-09-28 08:00:00,razorpay ,FAILED,962.46,17.62,INR,2026-09-28 08:00:00
PAY000014191,ORD00012243,2026-09-28 08:00:00,razorpay ,PENDING,1149.6,26.71,INR,2026-09-28 08:00:00
PAY000014192,ORD00013580,2026-09-28 08:00:00,Stripe,SUCCESS,290.02,11.77,inr,2026-09-28 08:00:00
PAY000014193,ORD00012585,2026-09-28 08:00:00,razorpay ,SUCCESS,1513.97,9.52,Rs,2026-09-28 08:00:00
PAY000014194,ORD00014429,2026-09-28 08:00:00,PayU,SUCCESS,2774.91,20.86,Rs,2026-09-28 08:00:00
PAY000014195,ORD00014007,2026-09-28 08:00:00,Stripe,SUCCESS,4819.47,16.65,INR,2026-09-28 08:00:00
PAY000014196,ORD00013191,2026-09-28 08:00:00,razorpay ,SUCCESS,653.56,34.96,Rs,2026-09-28 08:00:00
PAY000014197,ORD00012545,2026-09-28 08:00:00,Stripe,SUCCESS,448.05,27.05,inr,2026-09-28 08:00:00
PAY000014198,ORD00013624,2026-09-28 08:00:00,Razorpay,SUCCESS,634.21,6.89,Rs,2026-09-28 08:00:00
PAY000014199,ORD00012799,2026-09-28 08:00:00,Stripe,SUCCESS,1213.82,20.28,Rs,2026-09-28 08:00:00
PAY000014200,ORD00012157,2026-09-28 08:00:00,Cashfree,FAILED,1045.46,8.14,INR,2026-09-28 08:00:00
PAY000014201,ORD00012897,2026-09-28 08:00:00,razorpay ,SUCCESS,203.95,32.58,inr,2026-09-28 08:00:00
PAY000014202,ORD00012507,2026-09-28 08:00:00,Cashfree,SUCCESS,7900.4,14.43,Rs,2026-09-28 08:00:00
PAY000014203,ORD00012272,2026-09-28 08:00:00,Cashfree,FAILED,839.34,14.63,Rs,2026-09-28 08:00:00
PAY000014204,ORD00014622,2026-09-28 08:00:00,razorpay ,SUCCESS,1646.21,29.17,inr,2026-09-28 08:00:00
PAY000014205,ORD00014458,2026-09-28 08:00:00,Stripe,SUCCESS,1718.01,9.34,inr,2026-09-28 08:00:00
PAY000014206,ORD00012569,2026-09-28 08:00:00,Cashfree,SUCCESS,1715.68,23.14,inr,2026-09-28 08:00:00
PAY000014207,ORD00014772,2026-09-28 08:00:00,Stripe,FAILED,1993.24,28.65,inr,2026-09-28 08:00:00
PAY000014208,ORD00013471,2026-09-28 08:00:00,Cashfree,FAILED,1471.04,27.72,Rs,2026-09-28 08:00:00
PAY000014209,ORD00013126,2026-09-28 08:00:00,Stripe,SUCCESS,1523.11,25.9,Rs,2026-09-28 08:00:00
PAY000014210,ORD00014105,2026-09-28 08:00:00,Cashfree,SUCCESS,1531.68,13.26,inr,2026-09-28 08:00:00
PAY000014211,ORD00013305,2026-09-28 08:00:00,Cashfree,SUCCESS,290.75,17.66,inr,2026-09-28 08:00:00
PAY000014212,ORD00012350,2026-09-28 08:00:00,razorpay ,SUCCESS,1307.36,19.93,Rs,2026-09-28 08:00:00
PAY000014213,ORD00012667,2026-09-28 08:00:00,Stripe,SUCCESS,1027.9,17.0,inr,2026-09-28 08:00:00
PAY000014214,ORD00012990,2026-09-28 08:00:00,PayU,SUCCESS,1436.18,25.83,Rs,2026-09-28 08:00:00
PAY000014215,ORD00014794,2026-09-28 08:00:00,Stripe,FAILED,808.39,15.3,Rs,2026-09-28 08:00:00
PAY000014216,ORD00013735,2026-09-28 08:00:00,PayU,SUCCESS,477.61,28.38,Rs,2026-09-28 08:00:00
PAY000014217,ORD00013274,2026-09-28 08:00:00,Cashfree,SUCCESS,1166.57,2.69,INR,2026-09-28 08:00:00
PAY000014218,ORD00012272,2026-09-28 08:00:00,razorpay ,PENDING,424.73,23.56,inr,2026-09-28 08:00:00
PAY000014219,ORD00014169,2026-09-28 08:00:00,Stripe,SUCCESS,1785.37,32.24,inr,2026-09-28 08:00:00
PAY000014220,ORD00014475,2026-09-28 08:00:00,Razorpay,SUCCESS,852.6,10.89,INR,2026-09-28 08:00:00
PAY000014221,ORD00014918,2026-09-28 08:00:00,Cashfree,SUCCESS,1254.23,32.67,inr,2026-09-28 08:00:00
PAY000014222,ORD00013122,2026-09-28 08:00:00,PayU,SUCCESS,1510.77,17.65,Rs,2026-09-28 08:00:00
PAY000014223,ORD00014582,2026-09-28 08:00:00,PayU,SUCCESS,1191.94,13.29,Rs,2026-09-28 08:00:00
PAY000014224,ORD00014720,2026-09-28 08:00:00,PayU,FAILED,366.99,18.39,INR,2026-09-28 08:00:00
PAY000014225,ORD00013830,2026-09-28 08:00:00,razorpay ,SUCCESS,3324.46,13.91,Rs,2026-09-28 08:00:00
PAY000014226,ORD00012689,2026-09-28 08:00:00,Cashfree,SUCCESS,1691.59,12.17,Rs,2026-09-28 08:00:00
PAY000014227,ORD00013080,2026-09-28 08:00:00,Razorpay,SUCCESS,1547.92,5.79,Rs,2026-09-28 08:00:00
PAY000014228,ORD00012284,2026-09-28 08:00:00,Stripe,SUCCESS,273.28,20.36,inr,2026-09-28 08:00:00
PAY000014229,ORD00012544,2026-09-28 08:00:00,PayU,SUCCESS,777.56,32.21,inr,2026-09-28 08:00:00
PAY000014230,ORD00012353,2026-09-28 08:00:00,Cashfree,SUCCESS,1473.57,5.54,inr,2026-09-28 08:00:00
PAY000014231,ORD00012603,2026-09-28 08:00:00,PayU,SUCCESS,1697.47,20.69,INR,2026-09-28 08:00:00
PAY000014232,ORD00012728,2026-09-28 08:00:00,PayU,PENDING,719.77,25.92,INR,2026-09-28 08:00:00
PAY000014233,ORD00014525,2026-09-28 08:00:00,Razorpay,PENDING,497.59,9.15,Rs,2026-09-28 08:00:00
PAY000014234,ORD00012191,2026-09-28 08:00:00,razorpay ,PENDING,377.88,17.8,INR,2026-09-28 08:00:00
PAY000014235,ORD00013344,2026-09-28 08:00:00,razorpay ,SUCCESS,1021.21,30.11,INR,2026-09-28 08:00:00
PAY000014236,ORD00012220,2026-09-28 08:00:00,Razorpay,SUCCESS,5532.33,9.12,inr,2026-09-28 08:00:00
PAY000014237,ORD00013921,2026-09-28 08:00:00,razorpay ,SUCCESS,744.16,22.21,Rs,2026-09-28 08:00:00
PAY000014238,ORD00014006,2026-09-28 08:00:00,Stripe,SUCCESS,803.92,16.55,INR,2026-09-28 08:00:00
PAY000014239,ORD00013872,2026-09-28 08:00:00,Razorpay,SUCCESS,1183.16,3.51,inr,2026-09-28 08:00:00
PAY000014240,ORD00013988,2026-09-28 08:00:00,PayU,SUCCESS,2080.99,15.29,INR,2026-09-28 08:00:00
PAY000014241,ORD00013147,2026-09-28 08:00:00,Razorpay,SUCCESS,361.05,11.59,inr,2026-09-28 08:00:00
PAY000014242,ORD00012970,2026-09-28 08:00:00,Razorpay,SUCCESS,2014.88,2.24,inr,2026-09-28 08:00:00
PAY000014243,ORD00013626,2026-09-28 08:00:00,Stripe,PENDING,863.52,8.05,INR,2026-09-28 08:00:00
PAY000014244,ORD00012998,2026-09-28 08:00:00,PayU,PENDING,680.22,10.24,INR,2026-09-28 08:00:00
PAY000014245,ORD00012580,2026-09-28 08:00:00,PayU,SUCCESS,646.12,15.02,Rs,2026-09-28 08:00:00
PAY000014246,ORD00012171,2026-09-28 08:00:00,Razorpay,SUCCESS,594.91,21.88,Rs,2026-09-28 08:00:00
PAY000014247,ORD00013742,2026-09-28 08:00:00,PayU,PENDING,520.73,16.85,INR,2026-09-28 08:00:00
PAY000014248,ORD00012436,2026-09-28 08:00:00,Razorpay,SUCCESS,592.07,9.32,INR,2026-09-28 08:00:00
PAY000014249,ORD00012910,2026-09-28 08:00:00,Razorpay,SUCCESS,3004.74,6.05,Rs,2026-09-28 08:00:00
PAY000014250,ORD00012520,2026-09-28 08:00:00,Razorpay,PENDING,1401.07,7.57,inr,2026-09-28 08:00:00
PAY000014251,ORD00012731,2026-09-28 08:00:00,PayU,SUCCESS,1395.38,31.4,INR,2026-09-28 08:00:00
PAY000014252,ORD00012724,2026-09-28 08:00:00,razorpay ,SUCCESS,1242.59,13.82,inr,2026-09-28 08:00:00
PAY000014253,ORD00012581,2026-09-28 08:00:00,PayU,FAILED,1082.72,23.7,Rs,2026-09-28 08:00:00
PAY000014254,ORD00014365,2026-09-28 08:00:00,Razorpay,SUCCESS,1015.9,18.7,inr,2026-09-28 08:00:00
PAY000014255,ORD00013873,2026-09-28 08:00:00,Cashfree,SUCCESS,645.26,12.69,Rs,2026-09-28 08:00:00
PAY000014256,ORD00013023,2026-09-28 08:00:00,razorpay ,SUCCESS,1175.54,7.4,inr,2026-09-28 08:00:00
PAY000014257,ORD00014868,2026-09-28 08:00:00,PayU,SUCCESS,1802.57,5.82,inr,2026-09-28 08:00:00
PAY000014258,ORD00012243,2026-09-28 08:00:00,Cashfree,PENDING,1241.0,7.22,inr,2026-09-28 08:00:00
PAY000014259,ORD00012806,2026-09-28 08:00:00,PayU,FAILED,654.46,24.15,INR,2026-09-28 08:00:00
PAY000014260,ORD00012890,2026-09-28 08:00:00,PayU,SUCCESS,1279.61,2.33,INR,2026-09-28 08:00:00
PAY000014261,ORD00012464,2026-09-28 08:00:00,Stripe,FAILED,534.41,7.93,Rs,2026-09-28 08:00:00
PAY000014262,ORD00014276,2026-09-28 08:00:00,Stripe,SUCCESS,576.07,20.7,Rs,2026-09-28 08:00:00
PAY000014263,ORD00012693,2026-09-28 08:00:00,Razorpay,SUCCESS,1611.92,31.98,INR,2026-09-28 08:00:00
PAY000014264,ORD00014613,2026-09-28 08:00:00,Razorpay,FAILED,1868.96,20.27,INR,2026-09-28 08:00:00
PAY000014265,ORD00013881,2026-09-28 08:00:00,Razorpay,SUCCESS,914.9,25.4,inr,2026-09-28 08:00:00
PAY000014266,ORD00014009,2026-09-28 08:00:00,PayU,SUCCESS,200.8,2.31,inr,2026-09-28 08:00:00
PAY000014267,ORD00013238,2026-09-28 08:00:00,razorpay ,SUCCESS,558.25,32.3,inr,2026-09-28 08:00:00
PAY000014268,ORD00013182,2026-09-28 08:00:00,Cashfree,SUCCESS,907.01,9.42,inr,2026-09-28 08:00:00
PAY000014269,ORD00012834,2026-09-28 08:00:00,Stripe,PENDING,983.91,15.69,Rs,2026-09-28 08:00:00
PAY000014270,ORD00013848,2026-09-28 08:00:00,PayU,PENDING,1101.25,10.51,INR,2026-09-28 08:00:00
PAY000014271,ORD00013352,2026-09-28 08:00:00,Cashfree,SUCCESS,362.77,14.61,INR,2026-09-28 08:00:00
PAY000014272,ORD00012643,2026-09-28 08:00:00,Cashfree,SUCCESS,1631.42,29.72,inr,2026-09-28 08:00:00
PAY000014273,ORD00013441,2026-09-28 08:00:00,PayU,SUCCESS,973.63,6.2,Rs,2026-09-28 08:00:00
PAY000014274,ORD00013447,2026-09-28 08:00:00,Cashfree,FAILED,1026.75,22.29,Rs,2026-09-28 08:00:00
PAY000014275,ORD00013671,2026-09-28 08:00:00,Cashfree,FAILED,1285.49,6.7,Rs,2026-09-28 08:00:00
PAY000014276,ORD00012969,2026-09-28 08:00:00,razorpay ,PENDING,1082.2,10.41,inr,2026-09-28 08:00:00
PAY000014277,ORD00014324,2026-09-28 08:00:00,Cashfree,FAILED,2068.1,29.83,INR,2026-09-28 08:00:00
PAY000014278,ORD00014100,2026-09-28 08:00:00,Cashfree,SUCCESS,683.93,25.81,INR,2026-09-28 08:00:00
PAY000014279,ORD00012517,2026-09-28 08:00:00,razorpay ,PENDING,723.37,33.46,Rs,2026-09-28 08:00:00
PAY000014280,ORD00014094,2026-09-28 08:00:00,Cashfree,SUCCESS,415.51,28.24,INR,2026-09-28 08:00:00
PAY000014281,ORD00013662,2026-09-28 08:00:00,Razorpay,SUCCESS,862.58,33.4,Rs,2026-09-28 08:00:00
PAY000014282,ORD00012301,2026-09-28 08:00:00,razorpay ,SUCCESS,2093.1,6.56,INR,2026-09-28 08:00:00
PAY000014283,ORD00014900,2026-09-28 08:00:00,Cashfree,PENDING,1316.23,23.71,Rs,2026-09-28 08:00:00
PAY000014284,ORD00012006,2026-09-28 08:00:00,razorpay ,PENDING,496.14,34.21,Rs,2026-09-28 08:00:00
PAY000014285,ORD00014582,2026-09-28 08:00:00,Stripe,PENDING,828.08,15.06,INR,2026-09-28 08:00:00
PAY000014286,ORD00012775,2026-09-28 08:00:00,razorpay ,SUCCESS,2536.93,8.11,Rs,2026-09-28 08:00:00
PAY000014287,ORD00013150,2026-09-28 08:00:00,Razorpay,PENDING,2052.8,23.28,Rs,2026-09-28 08:00:00
PAY000014288,ORD00012558,2026-09-28 08:00:00,PayU,FAILED,544.17,12.97,Rs,2026-09-28 08:00:00
PAY000014289,ORD00014762,2026-09-28 08:00:00,razorpay ,SUCCESS,2865.85,21.89,inr,2026-09-28 08:00:00
PAY000014290,ORD00013124,2026-09-28 08:00:00,Razorpay,PENDING,1127.65,4.47,inr,2026-09-28 08:00:00
PAY000014291,ORD00013988,2026-09-28 08:00:00,Razorpay,SUCCESS,2646.97,19.88,Rs,2026-09-28 08:00:00
PAY000014292,ORD00014356,2026-09-28 08:00:00,Stripe,PENDING,5087.99,16.08,Rs,2026-09-28 08:00:00
PAY000014293,ORD00012019,2026-09-28 08:00:00,Razorpay,SUCCESS,1708.34,17.66,INR,2026-09-28 08:00:00
PAY000014294,ORD00013775,2026-09-28 08:00:00,Razorpay,SUCCESS,2025.88,23.94,INR,2026-09-28 08:00:00
PAY000014295,ORD00013224,2026-09-28 08:00:00,Cashfree,SUCCESS,1644.86,16.32,inr,2026-09-28 08:00:00
PAY000014296,ORD00012177,2026-09-28 08:00:00,Razorpay,SUCCESS,1037.4,25.32,INR,2026-09-28 08:00:00
PAY000014297,ORD00012856,2026-09-28 08:00:00,razorpay ,SUCCESS,503.64,11.3,INR,2026-09-28 08:00:00
PAY000014298,ORD00012042,2026-09-28 08:00:00,Razorpay,SUCCESS,1300.08,30.72,INR,2026-09-28 08:00:00
PAY000014299,ORD00014045,2026-09-28 08:00:00,Stripe,SUCCESS,965.45,8.7,inr,2026-09-28 08:00:00
PAY000014300,ORD00014803,2026-09-28 08:00:00,PayU,SUCCESS,514.63,19.97,inr,2026-09-28 08:00:00
PAY000014301,ORD00014012,2026-09-28 08:00:00,razorpay ,PENDING,3562.33,4.4,Rs,2026-09-28 08:00:00
PAY000014302,ORD00012801,2026-09-28 08:00:00,Stripe,SUCCESS,1501.38,18.53,inr,2026-09-28 08:00:00
PAY000014303,ORD00013707,2026-09-28 08:00:00,PayU,SUCCESS,257.47,16.12,Rs,2026-09-28 08:00:00
PAY000014304,ORD00014957,2026-09-28 08:00:00,Stripe,SUCCESS,485.29,29.58,INR,2026-09-28 08:00:00
PAY000014305,ORD00012887,2026-09-28 08:00:00,PayU,SUCCESS,1642.32,34.92,INR,2026-09-28 08:00:00
PAY000014306,ORD00012155,2026-09-28 08:00:00,Cashfree,PENDING,9722.42,27.61,INR,2026-09-28 08:00:00
PAY000014307,ORD00012994,2026-09-28 08:00:00,Stripe,PENDING,998.65,8.07,Rs,2026-09-28 08:00:00
PAY000014308,ORD00012659,2026-09-28 08:00:00,Stripe,PENDING,2771.8,18.01,INR,2026-09-28 08:00:00
PAY000014309,ORD00013316,2026-09-28 08:00:00,Stripe,SUCCESS,1056.5,4.31,inr,2026-09-28 08:00:00
PAY000014310,ORD00012473,2026-09-28 08:00:00,Cashfree,SUCCESS,1175.88,26.08,INR,2026-09-28 08:00:00
PAY000014311,ORD00013687,2026-09-28 08:00:00,Stripe,SUCCESS,1530.58,18.37,inr,2026-09-28 08:00:00
PAY000014312,ORD00013582,2026-09-28 08:00:00,razorpay ,SUCCESS,1543.03,23.94,INR,2026-09-28 08:00:00
PAY000014313,ORD00012902,2026-09-28 08:00:00,RAZORPAY,PENDING,1627.95,32.53,INR,2026-09-28 08:00:00
PAY000014314,ORD00012203,2026-09-28 08:00:00,Stripe,SUCCESS,815.99,31.05,INR,2026-09-28 08:00:00
PAY000014315,ORD00014266,2026-09-28 08:00:00,PayU,SUCCESS,697.12,21.54,Rs,2026-09-28 08:00:00
PAY000014316,ORD00012813,2026-09-28 08:00:00,Stripe,FAILED,785.11,31.51,INR,2026-09-28 08:00:00
PAY000014317,ORD00012607,2026-09-28 08:00:00,PayU,PENDING,2799.01,9.2,inr,2026-09-28 08:00:00
PAY000014318,ORD00013943,2026-09-28 08:00:00,Stripe,SUCCESS,1628.57,29.24,inr,2026-09-28 08:00:00
PAY000014319,ORD00012564,2026-09-28 08:00:00,PayU,PENDING,1137.0,11.96,Rs,2026-09-28 08:00:00
PAY000014320,ORD00013456,2026-09-28 08:00:00,Stripe,SUCCESS,933.35,28.22,Rs,2026-09-28 08:00:00
PAY000014321,ORD00012134,2026-09-28 08:00:00,PayU,PENDING,431.71,16.13,INR,2026-09-28 08:00:00
PAY000014322,ORD00014628,2026-09-28 08:00:00,Cashfree,PENDING,922.94,27.63,Rs,2026-09-28 08:00:00
PAY000014323,ORD00014761,2026-09-28 08:00:00,Cashfree,FAILED,5369.84,25.24,Rs,2026-09-28 08:00:00
PAY000014324,ORD00013312,2026-09-28 08:00:00,razorpay ,SUCCESS,1211.24,10.66,inr,2026-09-28 08:00:00
PAY000014325,ORD00013030,2026-09-28 08:00:00,razorpay ,PENDING,1066.05,18.32,Rs,2026-09-28 08:00:00
PAY000014326,ORD00013680,2026-09-28 08:00:00,razorpay ,SUCCESS,1008.74,26.63,INR,2026-09-28 08:00:00
PAY000014327,ORD00012048,2026-09-28 08:00:00,razorpay ,PENDING,2918.79,11.5,INR,2026-09-28 08:00:00
PAY000014328,ORD00013833,2026-09-28 08:00:00,Cashfree,SUCCESS,606.92,18.97,inr,2026-09-28 08:00:00
PAY000014329,ORD00012953,2026-09-28 08:00:00,PayU,FAILED,1834.87,28.23,inr,2026-09-28 08:00:00
PAY000014330,ORD00014465,2026-09-28 08:00:00,Cashfree,SUCCESS,2878.92,8.71,Rs,2026-09-28 08:00:00
PAY000014331,ORD00012569,2026-09-28 08:00:00,Stripe,SUCCESS,806.82,28.59,Rs,2026-09-28 08:00:00
PAY000014332,ORD00014500,2026-09-28 08:00:00,razorpay ,SUCCESS,684.71,23.16,Rs,2026-09-28 08:00:00
PAY000014333,ORD00012034,2026-09-28 08:00:00,Cashfree,FAILED,602.6,23.89,inr,2026-09-28 08:00:00
PAY000014334,ORD00012586,2026-09-28 08:00:00,Stripe,SUCCESS,1413.32,25.52,Rs,2026-09-28 08:00:00
PAY000014335,ORD00014017,2026-09-28 08:00:00,razorpay ,SUCCESS,871.29,6.81,Rs,2026-09-28 08:00:00
PAY000014336,ORD00014977,2026-09-28 08:00:00,PayU,SUCCESS,819.19,19.7,inr,2026-09-28 08:00:00
PAY000014337,ORD00012563,2026-09-28 08:00:00,PayU,SUCCESS,1258.94,18.59,inr,2026-09-28 08:00:00
PAY000014338,ORD00013649,2026-09-28 08:00:00,Razorpay,SUCCESS,3295.84,8.37,inr,2026-09-28 08:00:00
PAY000014339,ORD00013259,2026-09-28 08:00:00,Razorpay,SUCCESS,2060.12,13.43,Rs,2026-09-28 08:00:00
PAY000014340,ORD00012484,2026-09-28 08:00:00,PayU,SUCCESS,2156.68,26.49,Rs,2026-09-28 08:00:00
PAY000014341,ORD00014087,2026-09-28 08:00:00,Stripe,FAILED,559.27,15.01,INR,2026-09-28 08:00:00
PAY000014342,ORD00013678,2026-09-28 08:00:00,Stripe,PENDING,495.22,21.3,INR,2026-09-28 08:00:00
PAY000014343,ORD00012697,2026-09-28 08:00:00,Stripe,SUCCESS,3026.17,22.12,inr,2026-09-28 08:00:00
PAY000014344,ORD00013262,2026-09-28 08:00:00,Stripe,FAILED,1637.63,14.54,Rs,2026-09-28 08:00:00
PAY000014345,ORD00013735,2026-09-28 08:00:00,Stripe,SUCCESS,794.93,21.11,INR,2026-09-28 08:00:00
PAY000014346,ORD00012454,2026-09-28 08:00:00,PayU,SUCCESS,2075.11,19.13,Rs,2026-09-28 08:00:00
PAY000014347,ORD00013611,2026-09-28 08:00:00,razorpay ,SUCCESS,1346.22,11.8,INR,2026-09-28 08:00:00
PAY000014348,ORD00012337,2026-09-28 08:00:00,Cashfree,SUCCESS,387.13,23.48,INR,2026-09-28 08:00:00
PAY000014349,ORD00014474,2026-09-28 08:00:00,Stripe,PENDING,256.23,23.75,Rs,2026-09-28 08:00:00
PAY000014350,ORD00014618,2026-09-28 08:00:00,PayU,PENDING,3177.37,33.48,INR,2026-09-28 08:00:00
PAY000014351,ORD00013386,2026-09-28 08:00:00,Cashfree,FAILED,1342.88,12.11,Rs,2026-09-28 08:00:00
PAY000014352,ORD00013148,2026-09-28 08:00:00,Razorpay,FAILED,1836.59,4.58,INR,2026-09-28 08:00:00
PAY000014353,ORD00012152,2026-09-28 08:00:00,Cashfree,SUCCESS,634.68,21.38,INR,2026-09-28 08:00:00
PAY000014354,ORD00013294,2026-09-28 08:00:00,razorpay ,SUCCESS,2869.34,12.99,inr,2026-09-28 08:00:00
PAY000014355,ORD00013312,2026-09-28 08:00:00,razorpay ,SUCCESS,753.0,22.11,INR,2026-09-28 08:00:00
PAY000014356,ORD00014188,2026-09-28 08:00:00,PayU,SUCCESS,1120.14,30.78,inr,2026-09-28 08:00:00
PAY000014357,ORD00012191,2026-09-28 08:00:00,Stripe,SUCCESS,706.32,23.4,inr,2026-09-28 08:00:00
PAY000014358,ORD00013041,2026-09-28 08:00:00,PayU,PENDING,1265.5,16.23,inr,2026-09-28 08:00:00
PAY000014359,ORD00013684,2026-09-28 08:00:00,razorpay ,SUCCESS,2017.76,25.85,inr,2026-09-28 08:00:00
PAY000014360,ORD00014419,2026-09-28 08:00:00,Cashfree,PENDING,3402.87,7.63,INR,2026-09-28 08:00:00
PAY000014361,ORD00013862,2026-09-28 08:00:00,Razorpay,SUCCESS,1251.63,3.18,INR,2026-09-28 08:00:00
PAY000014362,ORD00013816,2026-09-28 08:00:00,Cashfree,PENDING,396.26,16.74,Rs,2026-09-28 08:00:00
PAY000014363,ORD00012418,2026-09-28 08:00:00,razorpay ,FAILED,2007.88,27.04,inr,2026-09-28 08:00:00
PAY000014364,ORD00014971,2026-09-28 08:00:00,Stripe,SUCCESS,1504.94,16.57,inr,2026-09-28 08:00:00
PAY000014365,ORD00012556,2026-09-28 08:00:00,Razorpay,SUCCESS,644.89,25.37,INR,2026-09-28 08:00:00
PAY000014366,ORD00014933,2026-09-28 08:00:00,Stripe,FAILED,528.42,24.56,inr,2026-09-28 08:00:00
PAY000014367,ORD00012128,2026-09-28 08:00:00,Cashfree,PENDING,1921.74,18.05,Rs,2026-09-28 08:00:00
PAY000014368,ORD00013990,2026-09-28 08:00:00,Stripe,SUCCESS,1227.29,5.73,Rs,2026-09-28 08:00:00
PAY000014369,ORD00014891,2026-09-28 08:00:00,razorpay ,SUCCESS,455.55,14.08,inr,2026-09-28 08:00:00
PAY000014370,ORD00012079,2026-09-28 08:00:00,razorpay ,PENDING,920.13,32.19,Rs,2026-09-28 08:00:00
PAY000014371,ORD00014158,2026-09-28 08:00:00,razorpay ,SUCCESS,506.87,18.41,Rs,2026-09-28 08:00:00
PAY000014372,ORD00013147,2026-09-28 08:00:00,razorpay ,SUCCESS,1840.13,2.15,Rs,2026-09-28 08:00:00
PAY000014373,ORD00014843,2026-09-28 08:00:00,PayU,SUCCESS,393.19,7.03,INR,2026-09-28 08:00:00
PAY000014374,ORD00012503,2026-09-28 08:00:00,Razorpay,SUCCESS,515.97,34.1,inr,2026-09-28 08:00:00
PAY000014375,ORD00014296,2026-09-28 08:00:00,razorpay ,SUCCESS,2294.33,33.31,Rs,2026-09-28 08:00:00
PAY000014376,ORD00013183,2026-09-28 08:00:00,PayU,PENDING,1876.86,26.18,Rs,2026-09-28 08:00:00
PAY000014377,ORD00014562,2026-09-28 08:00:00,Stripe,SUCCESS,2036.89,30.38,INR,2026-09-28 08:00:00
PAY000014378,ORD00013347,2026-09-28 08:00:00,PayU,SUCCESS,1518.0,5.45,Rs,2026-09-28 08:00:00
PAY000014379,ORD00013749,2026-09-28 08:00:00,PayU,SUCCESS,1303.01,13.73,Rs,2026-09-28 08:00:00
PAY000014380,ORD00012742,2026-09-28 08:00:00,Stripe,SUCCESS,1853.2,17.47,Rs,2026-09-28 08:00:00
PAY000014381,ORD00014252,2026-09-28 08:00:00,razorpay ,SUCCESS,898.1,10.99,Rs,2026-09-28 08:00:00
PAY000014382,ORD00014574,2026-09-28 08:00:00,Razorpay,SUCCESS,440.0,20.17,Rs,2026-09-28 08:00:00
PAY000014383,ORD00012548,2026-09-28 08:00:00,Stripe,PENDING,721.8,17.43,inr,2026-09-28 08:00:00
PAY000014384,ORD00014043,2026-09-28 08:00:00,Stripe,PENDING,971.82,2.76,Rs,2026-09-28 08:00:00
PAY000014385,ORD00013606,2026-09-28 08:00:00,razorpay ,SUCCESS,496.8,27.74,Rs,2026-09-28 08:00:00
PAY000014386,ORD00013990,2026-09-28 08:00:00,Razorpay,SUCCESS,268.71,10.6,Rs,2026-09-28 08:00:00
PAY000014387,ORD00014187,2026-09-28 08:00:00,Cashfree,PENDING,1042.45,14.12,Rs,2026-09-28 08:00:00
PAY000014388,ORD00012846,2026-09-28 08:00:00,Razorpay,SUCCESS,716.59,15.71,INR,2026-09-28 08:00:00
PAY000014389,ORD00013747,2026-09-28 08:00:00,Razorpay,PENDING,1234.11,24.55,INR,2026-09-28 08:00:00
PAY000014390,ORD00014964,2026-09-28 08:00:00,Razorpay,FAILED,1802.64,5.27,inr,2026-09-28 08:00:00
PAY000014391,ORD00013072,2026-09-28 08:00:00,PayU,FAILED,1224.2,24.41,inr,2026-09-28 08:00:00
PAY000014392,ORD00013282,2026-09-28 08:00:00,Stripe,SUCCESS,1114.91,13.29,Rs,2026-09-28 08:00:00
PAY000014393,ORD00012559,2026-09-28 08:00:00,Razorpay,SUCCESS,622.02,2.74,inr,2026-09-28 08:00:00
PAY000014394,ORD00012570,2026-09-28 08:00:00,PayU,SUCCESS,556.11,8.38,inr,2026-09-28 08:00:00
PAY000014395,ORD00012529,2026-09-28 08:00:00,RAZORPAY,SUCCESS,2172.27,15.41,Rs,2026-09-28 08:00:00
PAY000014396,ORD00013970,2026-09-28 08:00:00,Cashfree,SUCCESS,1800.33,30.33,Rs,2026-09-28 08:00:00
PAY000014397,ORD00014681,2026-09-28 08:00:00,Cashfree,SUCCESS,503.05,24.4,inr,2026-09-28 08:00:00
PAY000014398,ORD00013848,2026-09-28 08:00:00,Cashfree,FAILED,1794.55,22.06,inr,2026-09-28 08:00:00
PAY000014399,ORD00013897,2026-09-28 08:00:00,PayU,SUCCESS,959.67,17.97,INR,2026-09-28 08:00:00
PAY000014400,ORD00014845,2026-09-28 08:00:00,Stripe,SUCCESS,474.55,29.6,inr,2026-09-28 08:00:00
PAY000014401,ORD00013247,2026-09-28 08:00:00,Stripe,PENDING,804.72,9.47,inr,2026-09-28 08:00:00
PAY000014402,ORD00014617,2026-09-28 08:00:00,Cashfree,SUCCESS,819.91,33.08,Rs,2026-09-28 08:00:00
PAY000014403,ORD00014393,2026-09-28 08:00:00,PayU,PENDING,1531.05,30.13,inr,2026-09-28 08:00:00
PAY000014404,ORD00014732,2026-09-28 08:00:00,razorpay ,SUCCESS,999.46,7.22,inr,2026-09-28 08:00:00
PAY000014405,ORD00012896,2026-09-28 08:00:00,Razorpay,PENDING,3744.75,7.71,inr,2026-09-28 08:00:00
PAY000014406,ORD00014020,2026-09-28 08:00:00,Razorpay,PENDING,1951.87,31.91,INR,2026-09-28 08:00:00
PAY000014407,ORD00014554,2026-09-28 08:00:00,Stripe,FAILED,1814.86,22.47,inr,2026-09-28 08:00:00
PAY000014408,ORD00012615,2026-09-28 08:00:00,Stripe,SUCCESS,808.74,8.31,INR,2026-09-28 08:00:00
PAY000014409,ORD00012399,2026-09-28 08:00:00,razorpay ,SUCCESS,402.6,11.63,inr,2026-09-28 08:00:00
PAY000014410,ORD00013582,2026-09-28 08:00:00,Stripe,FAILED,813.67,5.31,Rs,2026-09-28 08:00:00
PAY000014411,ORD00014553,2026-09-28 08:00:00,razorpay ,SUCCESS,1522.51,34.15,inr,2026-09-28 08:00:00
PAY000014412,ORD00012329,2026-09-28 08:00:00,Stripe,SUCCESS,2764.83,14.83,INR,2026-09-28 08:00:00
PAY000014413,ORD00014154,2026-09-28 08:00:00,Razorpay,FAILED,1448.91,3.49,inr,2026-09-28 08:00:00
PAY000014414,ORD00013121,2026-09-28 08:00:00,PayU,FAILED,518.96,16.8,INR,2026-09-28 08:00:00
PAY000014415,ORD00012465,2026-09-28 08:00:00,PayU,SUCCESS,2698.43,22.61,inr,2026-09-28 08:00:00
PAY000014416,ORD00012877,2026-09-28 08:00:00,PayU,SUCCESS,549.05,20.04,INR,2026-09-28 08:00:00
PAY000014417,ORD00014213,2026-09-28 08:00:00,razorpay ,PENDING,1261.58,29.09,inr,2026-09-28 08:00:00
PAY000014418,ORD00012002,2026-09-28 08:00:00,razorpay ,SUCCESS,2659.81,30.99,INR,2026-09-28 08:00:00
PAY000014419,ORD00012375,2026-09-28 08:00:00,razorpay ,PENDING,597.93,22.55,Rs,2026-09-28 08:00:00
PAY000014420,ORD00014179,2026-09-28 08:00:00,PayU,SUCCESS,1011.74,15.31,inr,2026-09-28 08:00:00
PAY000014421,ORD00014894,2026-09-28 08:00:00,Stripe,SUCCESS,1806.44,2.78,inr,2026-09-28 08:00:00
PAY000014422,ORD00014221,2026-09-28 08:00:00,Cashfree,SUCCESS,1977.14,14.72,inr,2026-09-28 08:00:00
PAY000014423,ORD00014443,2026-09-28 08:00:00,razorpay ,SUCCESS,853.67,17.94,inr,2026-09-28 08:00:00
PAY000014424,ORD00012785,2026-09-28 08:00:00,Cashfree,PENDING,348.52,7.65,Rs,2026-09-28 08:00:00
PAY000014425,ORD00014908,2026-09-28 08:00:00,Cashfree,PENDING,542.32,15.41,INR,2026-09-28 08:00:00
PAY000014426,ORD00012919,2026-09-28 08:00:00,Cashfree,SUCCESS,804.91,20.58,inr,2026-09-28 08:00:00
PAY000014427,ORD00014451,2026-09-28 08:00:00,Cashfree,SUCCESS,1106.31,4.65,inr,2026-09-28 08:00:00
PAY000014428,ORD00013647,2026-09-28 08:00:00,razorpay ,FAILED,2516.71,27.01,Rs,2026-09-28 08:00:00
PAY000014429,ORD00012869,2026-09-28 08:00:00,razorpay ,SUCCESS,790.7,12.75,INR,2026-09-28 08:00:00
PAY000014430,ORD00013328,2026-09-28 08:00:00,Stripe,SUCCESS,1653.69,20.06,inr,2026-09-28 08:00:00
PAY000014431,ORD00013474,2026-09-28 08:00:00,razorpay ,SUCCESS,923.44,30.49,inr,2026-09-28 08:00:00
PAY000014432,ORD00012580,2026-09-28 08:00:00,Cashfree,SUCCESS,1010.85,2.87,Rs,2026-09-28 08:00:00
PAY000014433,ORD00012064,2026-09-28 08:00:00,Cashfree,SUCCESS,952.52,10.36,INR,2026-09-28 08:00:00
PAY000014434,ORD00013826,2026-09-28 08:00:00,PayU,SUCCESS,350.24,11.11,inr,2026-09-28 08:00:00
PAY000014435,ORD00013245,2026-09-28 08:00:00,Stripe,SUCCESS,1269.23,20.1,INR,2026-09-28 08:00:00
PAY000014436,ORD00014944,2026-09-28 08:00:00,Cashfree,SUCCESS,542.38,9.33,Rs,2026-09-28 08:00:00
PAY000014437,ORD00013406,2026-09-28 08:00:00,Cashfree,SUCCESS,1379.61,18.84,Rs,2026-09-28 08:00:00
PAY000014438,ORD00014358,2026-09-28 08:00:00,Razorpay,PENDING,822.72,15.55,INR,2026-09-28 08:00:00
PAY000014439,ORD00014671,2026-09-28 08:00:00,PayU,SUCCESS,1132.98,17.53,inr,2026-09-28 08:00:00
PAY000014440,ORD00012561,2026-09-28 08:00:00,razorpay ,SUCCESS,1286.78,16.86,Rs,2026-09-28 08:00:00
PAY000014441,ORD00013241,2026-09-28 08:00:00,Cashfree,SUCCESS,634.91,8.6,inr,2026-09-28 08:00:00
PAY000014442,ORD00012795,2026-09-28 08:00:00,PayU,PENDING,2582.39,28.46,Rs,2026-09-28 08:00:00
PAY000014443,ORD00014187,2026-09-28 08:00:00,Razorpay,PENDING,1575.86,21.39,INR,2026-09-28 08:00:00
PAY000014444,ORD00013048,2026-09-28 08:00:00,Razorpay,FAILED,2076.59,13.3,INR,2026-09-28 08:00:00
PAY000014445,ORD00012497,2026-09-28 08:00:00,Razorpay,PENDING,2215.51,31.78,INR,2026-09-28 08:00:00
PAY000014446,ORD00013778,2026-09-28 08:00:00,Cashfree,SUCCESS,1024.93,3.26,inr,2026-09-28 08:00:00
PAY000014447,ORD00012177,2026-09-28 08:00:00,Stripe,SUCCESS,976.06,23.31,inr,2026-09-28 08:00:00
PAY000014448,ORD00013540,2026-09-28 08:00:00,Stripe,SUCCESS,2132.64,20.65,Rs,2026-09-28 08:00:00
PAY000014449,ORD00013391,2026-09-28 08:00:00,Razorpay,SUCCESS,1030.25,7.14,INR,2026-09-28 08:00:00
PAY000014450,ORD00013406,2026-09-28 08:00:00,Razorpay,SUCCESS,2056.83,22.48,Rs,2026-09-28 08:00:00
PAY000014451,ORD00014868,2026-09-28 08:00:00,razorpay ,PENDING,862.73,16.36,INR,2026-09-28 08:00:00
PAY000014452,ORD00014116,2026-09-28 08:00:00,Razorpay,SUCCESS,701.14,4.58,inr,2026-09-28 08:00:00
PAY000014453,ORD00013705,2026-09-28 08:00:00,Stripe,SUCCESS,1043.62,8.24,Rs,2026-09-28 08:00:00
PAY000014454,ORD00013754,2026-09-28 08:00:00,PayU,SUCCESS,1662.43,29.73,inr,2026-09-28 08:00:00
PAY000014455,ORD00013432,2026-09-28 08:00:00,razorpay ,SUCCESS,1847.13,15.41,INR,2026-09-28 08:00:00
PAY000014456,ORD00012093,2026-09-28 08:00:00,Stripe,SUCCESS,1354.01,4.04,Rs,2026-09-28 08:00:00
PAY000014457,ORD00013210,2026-09-28 08:00:00,razorpay ,SUCCESS,1810.44,32.15,INR,2026-09-28 08:00:00
PAY000014458,ORD00014556,2026-09-28 08:00:00,razorpay ,SUCCESS,798.94,3.76,INR,2026-09-28 08:00:00
PAY000014459,ORD00013280,2026-09-28 08:00:00,PayU,SUCCESS,3883.51,19.57,Rs,2026-09-28 08:00:00
PAY000014460,ORD00014768,2026-09-28 08:00:00,razorpay ,FAILED,1998.85,16.84,Rs,2026-09-28 08:00:00
PAY000014461,ORD00013198,2026-09-28 08:00:00,PayU,SUCCESS,1977.12,28.73,INR,2026-09-28 08:00:00
PAY000014462,ORD00012786,2026-09-28 08:00:00,Stripe,SUCCESS,1033.35,2.14,INR,2026-09-28 08:00:00
PAY000014463,ORD00012681,2026-09-28 08:00:00,Razorpay,SUCCESS,1265.33,13.78,INR,2026-09-28 08:00:00
PAY000014464,ORD00014404,2026-09-28 08:00:00,razorpay ,SUCCESS,322.94,4.63,INR,2026-09-28 08:00:00
PAY000014465,ORD00012461,2026-09-28 08:00:00,PayU,SUCCESS,6406.43,2.06,Rs,2026-09-28 08:00:00
PAY000014466,ORD00013601,2026-09-28 08:00:00,razorpay ,SUCCESS,293.74,12.48,Rs,2026-09-28 08:00:00
PAY000014467,ORD00013244,2026-09-28 08:00:00,Cashfree,SUCCESS,3302.1,32.12,Rs,2026-09-28 08:00:00
PAY000014468,ORD00013052,2026-09-28 08:00:00,Stripe,SUCCESS,1717.77,24.25,INR,2026-09-28 08:00:00
PAY000014469,ORD00012879,2026-09-28 08:00:00,Stripe,SUCCESS,1824.39,30.73,inr,2026-09-28 08:00:00
PAY000014470,ORD00014127,2026-09-28 08:00:00,Cashfree,SUCCESS,1101.92,14.15,Rs,2026-09-28 08:00:00
PAY000014471,ORD00012793,2026-09-28 08:00:00,Stripe,PENDING,2154.56,8.04,INR,2026-09-28 08:00:00
PAY000014472,ORD00014433,2026-09-28 08:00:00,Razorpay,SUCCESS,1887.16,17.38,INR,2026-09-28 08:00:00
PAY000014473,ORD00012916,2026-09-28 08:00:00,Razorpay,SUCCESS,663.18,5.15,INR,2026-09-28 08:00:00
PAY000014474,ORD00014357,2026-09-28 08:00:00,razorpay ,PENDING,2133.96,5.72,Rs,2026-09-28 08:00:00
PAY000014475,ORD00012771,2026-09-28 08:00:00,razorpay ,PENDING,899.81,4.89,Rs,2026-09-28 08:00:00
PAY000014476,ORD00013802,2026-09-28 08:00:00,PayU,PENDING,608.31,32.55,inr,2026-09-28 08:00:00
PAY000014477,ORD00014723,2026-09-28 08:00:00,Stripe,PENDING,629.28,22.11,inr,2026-09-28 08:00:00
PAY000014478,ORD00014744,2026-09-28 08:00:00,Cashfree,FAILED,641.58,3.92,inr,2026-09-28 08:00:00
PAY000014479,ORD00014811,2026-09-28 08:00:00,Razorpay,PENDING,330.79,29.04,inr,2026-09-28 08:00:00
PAY000014480,ORD00012566,2026-09-28 08:00:00,Stripe,SUCCESS,1255.24,10.86,inr,2026-09-28 08:00:00
PAY000014481,ORD00014946,2026-09-28 08:00:00,razorpay ,FAILED,751.94,30.78,inr,2026-09-28 08:00:00
PAY000014482,ORD00012882,2026-09-28 08:00:00,Razorpay,SUCCESS,5550.81,28.59,inr,2026-09-28 08:00:00
PAY000014483,ORD00012427,2026-09-28 08:00:00,razorpay ,SUCCESS,1737.1,11.95,Rs,2026-09-28 08:00:00
PAY000014484,ORD00014069,2026-09-28 08:00:00,PayU,SUCCESS,1284.22,25.26,inr,2026-09-28 08:00:00
PAY000014485,ORD00012067,2026-09-28 08:00:00,Razorpay,SUCCESS,1174.55,11.58,Rs,2026-09-28 08:00:00
PAY000014486,ORD00013963,2026-09-28 08:00:00,razorpay ,PENDING,322.06,33.95,Rs,2026-09-28 08:00:00
PAY000014487,ORD00014815,2026-09-28 08:00:00,Cashfree,SUCCESS,537.44,26.37,Rs,2026-09-28 08:00:00
PAY000014488,ORD00014749,2026-09-28 08:00:00,PayU,SUCCESS,683.5,21.75,INR,2026-09-28 08:00:00
PAY000014489,ORD00013841,2026-09-28 08:00:00,Cashfree,SUCCESS,979.18,11.69,Rs,2026-09-28 08:00:00
PAY000014490,ORD00014179,2026-09-28 08:00:00,Cashfree,SUCCESS,904.07,10.36,inr,2026-09-28 08:00:00
PAY000014491,ORD00014022,2026-09-28 08:00:00,Stripe,SUCCESS,2400.05,11.03,Rs,2026-09-28 08:00:00
PAY000014492,ORD00014228,2026-09-28 08:00:00,Cashfree,FAILED,473.59,15.48,inr,2026-09-28 08:00:00
PAY000014493,ORD00014815,2026-09-28 08:00:00,Cashfree,PENDING,1757.28,14.74,inr,2026-09-28 08:00:00
PAY000014494,ORD00013905,2026-09-28 08:00:00,razorpay ,SUCCESS,3047.32,21.03,Rs,2026-09-28 08:00:00
PAY000014495,ORD00014834,2026-09-28 08:00:00,Cashfree,FAILED,1436.73,5.91,Rs,2026-09-28 08:00:00
PAY000014496,ORD00013188,2026-09-28 08:00:00,PayU,PENDING,722.23,11.08,inr,2026-09-28 08:00:00
PAY000014497,ORD00013129,2026-09-28 08:00:00,Razorpay,SUCCESS,773.66,12.08,inr,2026-09-28 08:00:00
PAY000014498,ORD00012643,2026-09-28 08:00:00,Stripe,SUCCESS,607.44,21.43,inr,2026-09-28 08:00:00
PAY000014499,ORD00013623,2026-09-28 08:00:00,PayU,PENDING,4803.73,27.11,INR,2026-09-28 08:00:00
PAY000014500,ORD00013477,2026-09-28 08:00:00,Cashfree,SUCCESS,910.55,8.12,Rs,2026-09-28 08:00:00
PAY000014501,ORD00014215,2026-09-28 08:00:00,Razorpay,SUCCESS,1313.87,27.64,INR,2026-09-28 08:00:00
PAY000014502,ORD00013783,2026-09-28 08:00:00,PayU,SUCCESS,983.6,33.88,Rs,2026-09-28 08:00:00
PAY000014503,ORD00012026,2026-09-28 08:00:00,Razorpay,SUCCESS,591.21,7.55,inr,2026-09-28 08:00:00
PAY000014504,ORD00013612,2026-09-28 08:00:00,Cashfree,PENDING,2144.25,14.13,INR,2026-09-28 08:00:00
PAY000014505,ORD00014441,2026-09-28 08:00:00,razorpay ,PENDING,645.2,22.93,Rs,2026-09-28 08:00:00
PAY000014506,ORD00012446,2026-09-28 08:00:00,Razorpay,PENDING,742.63,30.18,INR,2026-09-28 08:00:00
PAY000014507,ORD00012052,2026-09-28 08:00:00,PayU,SUCCESS,1356.9,3.66,INR,2026-09-28 08:00:00
PAY000014508,ORD00012029,2026-09-28 08:00:00,razorpay ,SUCCESS,4790.28,18.95,inr,2026-09-28 08:00:00
PAY000014509,ORD00013532,2026-09-28 08:00:00,razorpay ,SUCCESS,2202.49,17.41,INR,2026-09-28 08:00:00
PAY000014510,ORD00012909,2026-09-28 08:00:00,Cashfree,SUCCESS,1074.56,15.41,inr,2026-09-28 08:00:00
PAY000014511,ORD00013944,2026-09-28 08:00:00,Cashfree,PENDING,1215.51,18.34,inr,2026-09-28 08:00:00
PAY000014512,ORD00012004,2026-09-28 08:00:00,Cashfree,SUCCESS,1291.91,19.71,Rs,2026-09-28 08:00:00
PAY000014513,ORD00013042,2026-09-28 08:00:00,RAZORPAY,PENDING,1224.94,25.63,INR,2026-09-28 08:00:00
PAY000014514,ORD00012846,2026-09-28 08:00:00,razorpay ,SUCCESS,373.16,13.04,INR,2026-09-28 08:00:00
PAY000014515,ORD00014045,2026-09-28 08:00:00,Stripe,PENDING,677.33,33.02,inr,2026-09-28 08:00:00
PAY000014516,ORD00014913,2026-09-28 08:00:00,PayU,FAILED,3771.47,3.75,Rs,2026-09-28 08:00:00
PAY000014517,ORD00013829,2026-09-28 08:00:00,Stripe,SUCCESS,661.22,17.83,INR,2026-09-28 08:00:00
PAY000014518,ORD00013410,2026-09-28 08:00:00,razorpay ,SUCCESS,1217.37,34.52,inr,2026-09-28 08:00:00
PAY000014519,ORD00013454,2026-09-28 08:00:00,PayU,SUCCESS,472.64,7.24,inr,2026-09-28 08:00:00
PAY000014520,ORD00014106,2026-09-28 08:00:00,Cashfree,PENDING,277.5,6.16,Rs,2026-09-28 08:00:00
PAY000014521,ORD00013713,2026-09-28 08:00:00,PayU,FAILED,1340.95,20.5,inr,2026-09-28 08:00:00
PAY000014522,ORD00014801,2026-09-28 08:00:00,Razorpay,PENDING,2394.87,7.39,Rs,2026-09-28 08:00:00
PAY000014523,ORD00013840,2026-09-28 08:00:00,razorpay ,PENDING,464.57,9.58,inr,2026-09-28 08:00:00
PAY000014524,ORD00014804,2026-09-28 08:00:00,razorpay ,SUCCESS,2955.72,27.96,Rs,2026-09-28 08:00:00
PAY000014525,ORD00014589,2026-09-28 08:00:00,PayU,SUCCESS,958.02,29.83,inr,2026-09-28 08:00:00
PAY000014526,ORD00012628,2026-09-28 08:00:00,PayU,FAILED,365.06,9.68,inr,2026-09-28 08:00:00
PAY000014527,ORD00012856,2026-09-28 08:00:00,Cashfree,PENDING,399.53,13.81,inr,2026-09-28 08:00:00
PAY000014528,ORD00014478,2026-09-28 08:00:00,Stripe,SUCCESS,1375.01,34.52,Rs,2026-09-28 08:00:00
PAY000014529,ORD00012692,2026-09-28 08:00:00,Cashfree,FAILED,350.33,25.85,inr,2026-09-28 08:00:00
PAY000014530,ORD00013940,2026-09-28 08:00:00,razorpay ,SUCCESS,778.72,14.06,INR,2026-09-28 08:00:00
PAY000014531,ORD00014484,2026-09-28 08:00:00,Cashfree,SUCCESS,752.74,25.49,Rs,2026-09-28 08:00:00
PAY000014532,ORD00013987,2026-09-28 08:00:00,Cashfree,SUCCESS,1130.23,11.6,inr,2026-09-28 08:00:00
PAY000014533,ORD00014043,2026-09-28 08:00:00,razorpay ,SUCCESS,482.23,18.42,inr,2026-09-28 08:00:00
PAY000014534,ORD00012968,2026-09-28 08:00:00,Cashfree,SUCCESS,511.32,9.68,INR,2026-09-28 08:00:00
PAY000014535,ORD00012546,2026-09-28 08:00:00,Razorpay,SUCCESS,780.24,27.79,inr,2026-09-28 08:00:00
PAY000014536,ORD00012501,2026-09-28 08:00:00,Cashfree,SUCCESS,985.9,29.72,Rs,2026-09-28 08:00:00
PAY000014537,ORD00012048,2026-09-28 08:00:00,PayU,PENDING,1390.97,15.71,Rs,2026-09-28 08:00:00
PAY000014538,ORD00014879,2026-09-28 08:00:00,Stripe,FAILED,978.49,4.9,Rs,2026-09-28 08:00:00
PAY000014539,ORD00014712,2026-09-28 08:00:00,razorpay ,PENDING,4234.61,24.67,Rs,2026-09-28 08:00:00
PAY000014540,ORD00013972,2026-09-28 08:00:00,razorpay ,PENDING,5453.28,8.9,Rs,2026-09-28 08:00:00
PAY000014541,ORD00012355,2026-09-28 08:00:00,Stripe,FAILED,2196.55,24.07,Rs,2026-09-28 08:00:00
PAY000014542,ORD00013780,2026-09-28 08:00:00,Razorpay,FAILED,1479.54,26.87,inr,2026-09-28 08:00:00
PAY000014543,ORD00014773,2026-09-28 08:00:00,Razorpay,SUCCESS,267.61,3.23,INR,2026-09-28 08:00:00
PAY000014544,ORD00014824,2026-09-28 08:00:00,razorpay ,SUCCESS,1359.67,4.08,Rs,2026-09-28 08:00:00
PAY000014545,ORD00013049,2026-09-28 08:00:00,PayU,PENDING,428.34,26.85,inr,2026-09-28 08:00:00
PAY000014546,ORD00014940,2026-09-28 08:00:00,PayU,PENDING,1113.7,16.31,Rs,2026-09-28 08:00:00
PAY000014547,ORD00014218,2026-09-28 08:00:00,PayU,SUCCESS,425.44,23.37,inr,2026-09-28 08:00:00
PAY000014548,ORD00013852,2026-09-28 08:00:00,Stripe,PENDING,988.82,8.51,inr,2026-09-28 08:00:00
PAY000014549,ORD00012152,2026-09-28 08:00:00,Stripe,SUCCESS,1368.7,17.41,inr,2026-09-28 08:00:00
PAY000014550,ORD00013015,2026-09-28 08:00:00,razorpay ,SUCCESS,964.13,6.86,Rs,2026-09-28 08:00:00
PAY000014551,ORD00013652,2026-09-28 08:00:00,PayU,SUCCESS,421.89,30.28,INR,2026-09-28 08:00:00
PAY000014552,ORD00014769,2026-09-28 08:00:00,razorpay ,SUCCESS,1344.44,18.62,INR,2026-09-28 08:00:00
PAY000014553,ORD00012077,2026-09-28 08:00:00,razorpay ,SUCCESS,531.73,15.01,inr,2026-09-28 08:00:00
PAY000014554,ORD00014334,2026-09-28 08:00:00,razorpay ,SUCCESS,420.49,21.92,inr,2026-09-28 08:00:00
PAY000014555,ORD00012876,2026-09-28 08:00:00,Cashfree,SUCCESS,1053.6,6.09,INR,2026-09-28 08:00:00
PAY000014556,ORD00014735,2026-09-28 08:00:00,Cashfree,SUCCESS,1304.08,28.31,Rs,2026-09-28 08:00:00
PAY000014557,ORD00012497,2026-09-28 08:00:00,PayU,FAILED,971.19,26.36,INR,2026-09-28 08:00:00
PAY000014558,ORD00013844,2026-09-28 08:00:00,razorpay ,SUCCESS,1899.08,23.52,Rs,2026-09-28 08:00:00
PAY000014559,ORD00012276,2026-09-28 08:00:00,PayU,SUCCESS,1050.93,24.07,Rs,2026-09-28 08:00:00
PAY000014560,ORD00014195,2026-09-28 08:00:00,Razorpay,SUCCESS,1175.45,17.72,Rs,2026-09-28 08:00:00
PAY000014561,ORD00012731,2026-09-28 08:00:00,Razorpay,FAILED,3100.17,6.6,inr,2026-09-28 08:00:00
PAY000014562,ORD00014897,2026-09-28 08:00:00,PayU,SUCCESS,541.34,21.83,INR,2026-09-28 08:00:00
PAY000014563,ORD00013093,2026-09-28 08:00:00,razorpay ,FAILED,496.7,5.58,INR,2026-09-28 08:00:00
PAY000014564,ORD00012401,2026-09-28 08:00:00,PayU,SUCCESS,5291.22,28.32,Rs,2026-09-28 08:00:00
PAY000014565,ORD00014162,2026-09-28 08:00:00,Cashfree,FAILED,693.18,19.29,inr,2026-09-28 08:00:00
PAY000014566,ORD00012868,2026-09-28 08:00:00,Cashfree,FAILED,1336.27,11.38,inr,2026-09-28 08:00:00
PAY000014567,ORD00012516,2026-09-28 08:00:00,razorpay ,SUCCESS,688.25,34.97,inr,2026-09-28 08:00:00
PAY000014568,ORD00012460,2026-09-28 08:00:00,Razorpay,SUCCESS,980.65,7.87,INR,2026-09-28 08:00:00
PAY000014569,ORD00013555,2026-09-28 08:00:00,razorpay ,SUCCESS,1051.65,3.8,Rs,2026-09-28 08:00:00
PAY000014570,ORD00014798,2026-09-28 08:00:00,Stripe,FAILED,1372.83,20.08,Rs,2026-09-28 08:00:00
PAY000014571,ORD00013074,2026-09-28 08:00:00,razorpay ,PENDING,381.01,29.46,Rs,2026-09-28 08:00:00
PAY000014572,ORD00014961,2026-09-28 08:00:00,Razorpay,FAILED,1955.14,31.49,Rs,2026-09-28 08:00:00
PAY000014573,ORD00013404,2026-09-28 08:00:00,PayU,FAILED,514.52,8.62,INR,2026-09-28 08:00:00
PAY000014574,ORD00014875,2026-09-28 08:00:00,PayU,SUCCESS,973.59,26.65,Rs,2026-09-28 08:00:00
PAY000014575,ORD00012512,2026-09-28 08:00:00,PayU,SUCCESS,1039.17,29.23,Rs,2026-09-28 08:00:00
PAY000014576,ORD00013786,2026-09-28 08:00:00,Cashfree,PENDING,773.54,25.3,Rs,2026-09-28 08:00:00
PAY000014577,ORD00013310,2026-09-28 08:00:00,Cashfree,PENDING,869.34,20.85,INR,2026-09-28 08:00:00
PAY000014578,ORD00013784,2026-09-28 08:00:00,PayU,PENDING,627.56,25.52,Rs,2026-09-28 08:00:00
PAY000014579,ORD00013212,2026-09-28 08:00:00,Cashfree,SUCCESS,1391.01,33.91,inr,2026-09-28 08:00:00
PAY000014580,ORD00014781,2026-09-28 08:00:00,Cashfree,SUCCESS,1231.48,33.6,INR,2026-09-28 08:00:00
PAY000014581,ORD00014622,2026-09-28 08:00:00,Cashfree,SUCCESS,626.27,25.58,inr,2026-09-28 08:00:00
PAY000014582,ORD00014428,2026-09-28 08:00:00,razorpay ,SUCCESS,1035.06,9.32,inr,2026-09-28 08:00:00
PAY000014583,ORD00014956,2026-09-28 08:00:00,PayU,FAILED,2769.85,7.3,INR,2026-09-28 08:00:00
PAY000014584,ORD00012472,2026-09-28 08:00:00,PayU,PENDING,2545.81,12.97,Rs,2026-09-28 08:00:00
PAY000014585,ORD00014097,2026-09-28 08:00:00,Cashfree,PENDING,1515.99,34.71,Rs,2026-09-28 08:00:00
PAY000014586,ORD00014348,2026-09-28 08:00:00,Stripe,SUCCESS,1845.85,8.8,Rs,2026-09-28 08:00:00
PAY000014587,ORD00014058,2026-09-28 08:00:00,Stripe,SUCCESS,953.42,33.32,Rs,2026-09-28 08:00:00
PAY000014588,ORD00012257,2026-09-28 08:00:00,Cashfree,SUCCESS,397.01,22.14,INR,2026-09-28 08:00:00
PAY000014589,ORD00014376,2026-09-28 08:00:00,razorpay ,SUCCESS,2618.81,7.09,inr,2026-09-28 08:00:00
PAY000014590,ORD00014007,2026-09-28 08:00:00,Cashfree,PENDING,1067.98,34.46,inr,2026-09-28 08:00:00
PAY000014591,ORD00012839,2026-09-28 08:00:00,Cashfree,PENDING,828.02,16.65,INR,2026-09-28 08:00:00
PAY000014592,ORD00012064,2026-09-28 08:00:00,razorpay ,SUCCESS,1133.51,17.6,Rs,2026-09-28 08:00:00
PAY000014593,ORD00013689,2026-09-28 08:00:00,razorpay ,SUCCESS,1125.1,13.85,inr,2026-09-28 08:00:00
PAY000014594,ORD00014665,2026-09-28 08:00:00,PayU,SUCCESS,1006.79,19.32,Rs,2026-09-28 08:00:00
PAY000014595,ORD00012695,2026-09-28 08:00:00,PayU,SUCCESS,801.28,19.86,INR,2026-09-28 08:00:00
PAY000014596,ORD00014751,2026-09-28 08:00:00,razorpay ,PENDING,1508.96,10.92,INR,2026-09-28 08:00:00
PAY000014597,ORD00012123,2026-09-28 08:00:00,razorpay ,PENDING,925.36,12.74,inr,2026-09-28 08:00:00
PAY000014598,ORD00012858,2026-09-28 08:00:00,Razorpay,SUCCESS,985.34,6.87,INR,2026-09-28 08:00:00
PAY000014599,ORD00014563,2026-09-28 08:00:00,Cashfree,SUCCESS,1613.05,30.4,INR,2026-09-28 08:00:00
PAY000014600,ORD00014822,2026-09-28 08:00:00,razorpay ,FAILED,956.43,6.44,INR,2026-09-28 08:00:00
PAY000014601,ORD00014543,2026-09-28 08:00:00,razorpay ,FAILED,1447.15,20.18,Rs,2026-09-28 08:00:00
PAY000014602,ORD00012515,2026-09-28 08:00:00,Razorpay,SUCCESS,1723.45,27.79,INR,2026-09-28 08:00:00
PAY000014603,ORD00013737,2026-09-28 08:00:00,Stripe,PENDING,1084.71,33.3,Rs,2026-09-28 08:00:00
PAY000014604,ORD00013455,2026-09-28 08:00:00,Cashfree,FAILED,1182.15,4.3,Rs,2026-09-28 08:00:00
PAY000014605,ORD00013825,2026-09-28 08:00:00,Cashfree,FAILED,520.27,34.82,Rs,2026-09-28 08:00:00
PAY000014606,ORD00013433,2026-09-28 08:00:00,razorpay ,SUCCESS,4029.01,34.14,inr,2026-09-28 08:00:00
PAY000014607,ORD00013399,2026-09-28 08:00:00,Stripe,SUCCESS,460.73,28.06,inr,2026-09-28 08:00:00
PAY000014608,ORD00014434,2026-09-28 08:00:00,RAZORPAY,SUCCESS,807.21,34.62,Rs,2026-09-28 08:00:00
PAY000014609,ORD00012398,2026-09-28 08:00:00,Cashfree,SUCCESS,1965.57,2.51,inr,2026-09-28 08:00:00
PAY000014610,ORD00014042,2026-09-28 08:00:00,razorpay ,SUCCESS,806.73,20.22,INR,2026-09-28 08:00:00
PAY000014611,ORD00012912,2026-09-28 08:00:00,PayU,SUCCESS,804.78,8.1,inr,2026-09-28 08:00:00
PAY000014612,ORD00013428,2026-09-28 08:00:00,Stripe,SUCCESS,500.42,7.89,inr,2026-09-28 08:00:00
PAY000014613,ORD00012084,2026-09-28 08:00:00,razorpay ,SUCCESS,1740.34,33.54,inr,2026-09-28 08:00:00
PAY000014614,ORD00014137,2026-09-28 08:00:00,PayU,PENDING,2046.55,32.03,INR,2026-09-28 08:00:00
PAY000014615,ORD00012144,2026-09-28 08:00:00,Cashfree,PENDING,1133.06,32.63,Rs,2026-09-28 08:00:00
PAY000014616,ORD00013956,2026-09-28 08:00:00,Cashfree,SUCCESS,2863.66,29.37,Rs,2026-09-28 08:00:00
PAY000014617,ORD00013157,2026-09-28 08:00:00,razorpay ,SUCCESS,4338.55,11.44,Rs,2026-09-28 08:00:00
PAY000014618,ORD00012224,2026-09-28 08:00:00,Cashfree,FAILED,2200.34,15.43,INR,2026-09-28 08:00:00
PAY000014619,ORD00013775,2026-09-28 08:00:00,PayU,SUCCESS,1685.68,13.33,Rs,2026-09-28 08:00:00
PAY000014620,ORD00012554,2026-09-28 08:00:00,razorpay ,FAILED,280.42,26.14,INR,2026-09-28 08:00:00
PAY000014621,ORD00012866,2026-09-28 08:00:00,Stripe,PENDING,668.19,31.26,inr,2026-09-28 08:00:00
PAY000014622,ORD00014814,2026-09-28 08:00:00,Cashfree,SUCCESS,588.42,15.81,inr,2026-09-28 08:00:00
PAY000014623,ORD00012451,2026-09-28 08:00:00,Stripe,SUCCESS,1758.64,3.52,INR,2026-09-28 08:00:00
PAY000014624,ORD00013021,2026-09-28 08:00:00,Cashfree,SUCCESS,7690.65,14.18,inr,2026-09-28 08:00:00
PAY000014625,ORD00012231,2026-09-28 08:00:00,PayU,FAILED,1385.81,4.73,Rs,2026-09-28 08:00:00
PAY000014626,ORD00013792,2026-09-28 08:00:00,Razorpay,SUCCESS,1315.14,4.03,INR,2026-09-28 08:00:00
PAY000014627,ORD00014638,2026-09-28 08:00:00,PayU,SUCCESS,260.6,33.68,Rs,2026-09-28 08:00:00
PAY000014628,ORD00013783,2026-09-28 08:00:00,razorpay ,SUCCESS,1429.94,24.17,INR,2026-09-28 08:00:00
PAY000014629,ORD00014360,2026-09-28 08:00:00,Cashfree,SUCCESS,932.6,33.14,Rs,2026-09-28 08:00:00
PAY000014630,ORD00013263,2026-09-28 08:00:00,Stripe,SUCCESS,705.14,4.5,inr,2026-09-28 08:00:00
PAY000014631,ORD00014566,2026-09-28 08:00:00,Cashfree,SUCCESS,1628.31,29.02,Rs,2026-09-28 08:00:00
PAY000014632,ORD00012575,2026-09-28 08:00:00,PayU,FAILED,809.94,10.22,inr,2026-09-28 08:00:00
PAY000014633,ORD00012732,2026-09-28 08:00:00,PayU,SUCCESS,1920.17,33.97,INR,2026-09-28 08:00:00
PAY000014634,ORD00012499,2026-09-28 08:00:00,Stripe,PENDING,1106.25,14.13,INR,2026-09-28 08:00:00
PAY000014635,ORD00014451,2026-09-28 08:00:00,Razorpay,SUCCESS,1795.17,16.37,INR,2026-09-28 08:00:00
PAY000014636,ORD00012110,2026-09-28 08:00:00,Cashfree,FAILED,361.41,18.22,inr,2026-09-28 08:00:00
PAY000014637,ORD00012078,2026-09-28 08:00:00,Cashfree,SUCCESS,978.96,18.23,inr,2026-09-28 08:00:00
PAY000014638,ORD00014770,2026-09-28 08:00:00,Stripe,SUCCESS,842.51,27.46,INR,2026-09-28 08:00:00
PAY000014639,ORD00012673,2026-09-28 08:00:00,PayU,SUCCESS,505.45,20.53,Rs,2026-09-28 08:00:00
PAY000014640,ORD00014796,2026-09-28 08:00:00,Razorpay,PENDING,2229.33,25.23,Rs,2026-09-28 08:00:00
PAY000014641,ORD00012584,2026-09-28 08:00:00,Cashfree,SUCCESS,398.27,31.63,inr,2026-09-28 08:00:00
PAY000014642,ORD00014708,2026-09-28 08:00:00,Stripe,FAILED,757.87,30.83,inr,2026-09-28 08:00:00
PAY000014643,ORD00012736,2026-09-28 08:00:00,Razorpay,SUCCESS,1042.7,16.62,INR,2026-09-28 08:00:00
PAY000014644,ORD00014553,2026-09-28 08:00:00,Cashfree,FAILED,918.87,3.98,INR,2026-09-28 08:00:00
PAY000014645,ORD00012183,2026-09-28 08:00:00,Razorpay,PENDING,3390.83,29.96,INR,2026-09-28 08:00:00
PAY000014646,ORD00012097,2026-09-28 08:00:00,Stripe,SUCCESS,841.94,14.53,inr,2026-09-28 08:00:00
PAY000014647,ORD00012322,2026-09-28 08:00:00,PayU,SUCCESS,2222.53,24.77,Rs,2026-09-28 08:00:00
PAY000014648,ORD00012057,2026-09-28 08:00:00,Razorpay,PENDING,381.62,28.82,inr,2026-09-28 08:00:00
PAY000014649,ORD00013478,2026-09-28 08:00:00,Cashfree,PENDING,1413.06,15.38,INR,2026-09-28 08:00:00
PAY000014650,ORD00013272,2026-09-28 08:00:00,Razorpay,SUCCESS,1811.74,4.96,inr,2026-09-28 08:00:00
PAY000014651,ORD00014523,2026-09-28 08:00:00,PayU,SUCCESS,1119.66,18.05,inr,2026-09-28 08:00:00
PAY000014652,ORD00014591,2026-09-28 08:00:00,Stripe,FAILED,1067.97,8.54,Rs,2026-09-28 08:00:00
PAY000014653,ORD00012928,2026-09-28 08:00:00,Cashfree,PENDING,379.97,11.52,Rs,2026-09-28 08:00:00
PAY000014654,ORD00013092,2026-09-28 08:00:00,Razorpay,SUCCESS,3945.41,6.29,INR,2026-09-28 08:00:00
PAY000014655,ORD00014408,2026-09-28 08:00:00,Stripe,SUCCESS,1243.37,4.39,Rs,2026-09-28 08:00:00
PAY000014656,ORD00013955,2026-09-28 08:00:00,Cashfree,SUCCESS,957.66,3.28,inr,2026-09-28 08:00:00
PAY000014657,ORD00014269,2026-09-28 08:00:00,Stripe,SUCCESS,542.45,15.81,inr,2026-09-28 08:00:00
PAY000014658,ORD00013806,2026-09-28 08:00:00,razorpay ,PENDING,826.84,32.43,INR,2026-09-28 08:00:00
PAY000014659,ORD00013213,2026-09-28 08:00:00,PayU,SUCCESS,1771.89,2.85,Rs,2026-09-28 08:00:00
PAY000014660,ORD00013564,2026-09-28 08:00:00,razorpay ,SUCCESS,1267.01,23.97,inr,2026-09-28 08:00:00
PAY000014661,ORD00014129,2026-09-28 08:00:00,Cashfree,SUCCESS,528.83,31.61,inr,2026-09-28 08:00:00
PAY000014662,ORD00014307,2026-09-28 08:00:00,Cashfree,FAILED,627.59,9.23,Rs,2026-09-28 08:00:00
PAY000014663,ORD00013583,2026-09-28 08:00:00,razorpay ,SUCCESS,1082.78,5.69,Rs,2026-09-28 08:00:00
PAY000014664,ORD00014381,2026-09-28 08:00:00,razorpay ,SUCCESS,1164.88,14.57,Rs,2026-09-28 08:00:00
PAY000014665,ORD00013650,2026-09-28 08:00:00,Stripe,PENDING,1249.94,3.0,Rs,2026-09-28 08:00:00
PAY000014666,ORD00014969,2026-09-28 08:00:00,PayU,SUCCESS,1894.81,2.06,inr,2026-09-28 08:00:00
PAY000014667,ORD00013656,2026-09-28 08:00:00,razorpay ,FAILED,1687.34,5.31,Rs,2026-09-28 08:00:00
PAY000014668,ORD00013980,2026-09-28 08:00:00,razorpay ,FAILED,1235.9,5.66,INR,2026-09-28 08:00:00
PAY000014669,ORD00014698,2026-09-28 08:00:00,razorpay ,SUCCESS,580.33,6.38,inr,2026-09-28 08:00:00
PAY000014670,ORD00013366,2026-09-28 08:00:00,razorpay ,SUCCESS,818.24,25.34,inr,2026-09-28 08:00:00
PAY000014671,ORD00014861,2026-09-28 08:00:00,Cashfree,SUCCESS,1374.87,12.59,INR,2026-09-28 08:00:00
PAY000014672,ORD00013616,2026-09-28 08:00:00,Cashfree,PENDING,298.12,28.22,Rs,2026-09-28 08:00:00
PAY000014673,ORD00013141,2026-09-28 08:00:00,PayU,SUCCESS,2383.59,27.75,INR,2026-09-28 08:00:00
PAY000014674,ORD00014116,2026-09-28 08:00:00,Stripe,SUCCESS,1156.71,27.44,INR,2026-09-28 08:00:00
PAY000014675,ORD00014425,2026-09-28 08:00:00,Stripe,FAILED,1199.65,17.15,Rs,2026-09-28 08:00:00
PAY000014676,ORD00014507,2026-09-28 08:00:00,razorpay ,SUCCESS,1206.04,12.49,INR,2026-09-28 08:00:00
PAY000014677,ORD00013569,2026-09-28 08:00:00,Stripe,SUCCESS,430.79,9.37,inr,2026-09-28 08:00:00
PAY000014678,ORD00014860,2026-09-28 08:00:00,Razorpay,PENDING,2962.04,6.26,inr,2026-09-28 08:00:00
PAY000014679,ORD00013617,2026-09-28 08:00:00,Cashfree,SUCCESS,631.82,21.52,INR,2026-09-28 08:00:00
PAY000014680,ORD00013449,2026-09-28 08:00:00,PayU,SUCCESS,894.82,17.81,inr,2026-09-28 08:00:00
PAY000014681,ORD00013887,2026-09-28 08:00:00,Stripe,FAILED,523.64,28.97,Rs,2026-09-28 08:00:00
PAY000014682,ORD00012401,2026-09-28 08:00:00,Stripe,FAILED,731.91,16.92,Rs,2026-09-28 08:00:00
PAY000014683,ORD00014777,2026-09-28 08:00:00,Cashfree,SUCCESS,733.44,2.4,INR,2026-09-28 08:00:00
PAY000014684,ORD00013183,2026-09-28 08:00:00,Cashfree,SUCCESS,480.75,15.05,Rs,2026-09-28 08:00:00
PAY000014685,ORD00012041,2026-09-28 08:00:00,PayU,SUCCESS,704.67,2.07,inr,2026-09-28 08:00:00
PAY000014686,ORD00014744,2026-09-28 08:00:00,PayU,SUCCESS,1487.52,33.08,Rs,2026-09-28 08:00:00
PAY000014687,ORD00012852,2026-09-28 08:00:00,Razorpay,FAILED,897.1,32.74,inr,2026-09-28 08:00:00
PAY000014688,ORD00013190,2026-09-28 08:00:00,PayU,SUCCESS,1897.09,31.77,inr,2026-09-28 08:00:00
PAY000014689,ORD00012809,2026-09-28 08:00:00,PayU,SUCCESS,657.07,16.84,INR,2026-09-28 08:00:00
PAY000014690,ORD00014797,2026-09-28 08:00:00,Cashfree,SUCCESS,1719.43,23.99,inr,2026-09-28 08:00:00
PAY000014691,ORD00014442,2026-09-28 08:00:00,Cashfree,SUCCESS,1919.82,10.78,Rs,2026-09-28 08:00:00
PAY000014692,ORD00012651,2026-09-28 08:00:00,Cashfree,SUCCESS,968.19,22.29,inr,2026-09-28 08:00:00
PAY000014693,ORD00012800,2026-09-28 08:00:00,PayU,FAILED,898.08,31.92,inr,2026-09-28 08:00:00
PAY000014694,ORD00012774,2026-09-28 08:00:00,Cashfree,FAILED,2118.29,9.0,inr,2026-09-28 08:00:00
PAY000014695,ORD00013886,2026-09-28 08:00:00,Razorpay,SUCCESS,2065.71,4.36,INR,2026-09-28 08:00:00
PAY000014696,ORD00012526,2026-09-28 08:00:00,razorpay ,SUCCESS,1436.2,34.8,inr,2026-09-28 08:00:00
PAY000014697,ORD00013025,2026-09-28 08:00:00,Cashfree,SUCCESS,1093.07,27.2,inr,2026-09-28 08:00:00
PAY000014698,ORD00014335,2026-09-28 08:00:00,Razorpay,SUCCESS,1329.18,3.17,inr,2026-09-28 08:00:00
PAY000014699,ORD00014513,2026-09-28 08:00:00,Razorpay,SUCCESS,5199.11,21.97,INR,2026-09-28 08:00:00
PAY000014700,ORD00014536,2026-09-28 08:00:00,Stripe,SUCCESS,1594.0,23.49,inr,2026-09-28 08:00:00
PAY000014701,ORD00013628,2026-09-28 08:00:00,PayU,SUCCESS,1091.87,16.8,inr,2026-09-28 08:00:00
PAY000014702,ORD00012183,2026-09-28 08:00:00,Stripe,FAILED,1040.89,5.16,inr,2026-09-28 08:00:00
PAY000014703,ORD00014902,2026-09-28 08:00:00,razorpay ,SUCCESS,1463.31,23.39,INR,2026-09-28 08:00:00
PAY000014704,ORD00013640,2026-09-28 08:00:00,Stripe,FAILED,1464.15,19.22,Rs,2026-09-28 08:00:00
PAY000014705,ORD00014716,2026-09-28 08:00:00,Stripe,SUCCESS,890.89,16.73,Rs,2026-09-28 08:00:00
PAY000014706,ORD00012100,2026-09-28 08:00:00,Stripe,SUCCESS,885.74,6.89,INR,2026-09-28 08:00:00
PAY000014707,ORD00012892,2026-09-28 08:00:00,PayU,SUCCESS,2065.71,4.63,INR,2026-09-28 08:00:00
PAY000014708,ORD00014109,2026-09-28 08:00:00,Cashfree,SUCCESS,656.01,9.64,Rs,2026-09-28 08:00:00
PAY000014709,ORD00014676,2026-09-28 08:00:00,Stripe,SUCCESS,1348.41,27.24,inr,2026-09-28 08:00:00
PAY000014710,ORD00014279,2026-09-28 08:00:00,Cashfree,SUCCESS,2310.12,24.32,inr,2026-09-28 08:00:00
PAY000014711,ORD00014319,2026-09-28 08:00:00,Cashfree,SUCCESS,814.16,3.93,INR,2026-09-28 08:00:00
PAY000014712,ORD00012872,2026-09-28 08:00:00,Razorpay,SUCCESS,1458.74,30.47,Rs,2026-09-28 08:00:00
PAY000014713,ORD00014939,2026-09-28 08:00:00,Stripe,SUCCESS,584.53,11.89,INR,2026-09-28 08:00:00
PAY000014714,ORD00014951,2026-09-28 08:00:00,Cashfree,SUCCESS,4537.74,31.9,inr,2026-09-28 08:00:00
PAY000014715,ORD00012672,2026-09-28 08:00:00,PayU,SUCCESS,592.91,23.84,inr,2026-09-28 08:00:00
PAY000014716,ORD00012620,2026-09-28 08:00:00,PayU,SUCCESS,1331.08,11.17,INR,2026-09-28 08:00:00
PAY000014717,ORD00012966,2026-09-28 08:00:00,Cashfree,FAILED,429.37,34.94,inr,2026-09-28 08:00:00
PAY000014718,ORD00012047,2026-09-28 08:00:00,Razorpay,SUCCESS,605.41,11.72,Rs,2026-09-28 08:00:00
PAY000014719,ORD00013897,2026-09-28 08:00:00,Razorpay,PENDING,788.73,30.11,inr,2026-09-28 08:00:00
PAY000014720,ORD00013002,2026-09-28 08:00:00,PayU,SUCCESS,1846.98,33.04,inr,2026-09-28 08:00:00
PAY000014721,ORD00012515,2026-09-28 08:00:00,PayU,SUCCESS,1564.78,8.96,inr,2026-09-28 08:00:00
PAY000014722,ORD00014837,2026-09-28 08:00:00,Stripe,FAILED,895.67,34.64,INR,2026-09-28 08:00:00
PAY000014723,ORD00012343,2026-09-28 08:00:00,Razorpay,PENDING,1612.07,25.86,Rs,2026-09-28 08:00:00
PAY000014724,ORD00014450,2026-09-28 08:00:00,PayU,SUCCESS,202.28,29.61,inr,2026-09-28 08:00:00
PAY000014725,ORD00013894,2026-09-28 08:00:00,razorpay ,FAILED,1290.21,22.65,INR,2026-09-28 08:00:00
PAY000014726,ORD00014576,2026-09-28 08:00:00,razorpay ,SUCCESS,895.86,14.22,Rs,2026-09-28 08:00:00
PAY000014727,ORD00012103,2026-09-28 08:00:00,PayU,SUCCESS,805.46,12.13,Rs,2026-09-28 08:00:00
PAY000014728,ORD00013352,2026-09-28 08:00:00,Stripe,SUCCESS,2986.39,16.47,inr,2026-09-28 08:00:00
PAY000014729,ORD00013250,2026-09-28 08:00:00,Cashfree,PENDING,1112.04,8.33,INR,2026-09-28 08:00:00
PAY000014730,ORD00014219,2026-09-28 08:00:00,razorpay ,SUCCESS,1106.98,22.95,inr,2026-09-28 08:00:00
PAY000014731,ORD00012376,2026-09-28 08:00:00,PayU,SUCCESS,2625.57,10.9,inr,2026-09-28 08:00:00
PAY000014732,ORD00012025,2026-09-28 08:00:00,PayU,FAILED,382.88,11.81,INR,2026-09-28 08:00:00
PAY000014733,ORD00012663,2026-09-28 08:00:00,Razorpay,SUCCESS,2695.93,24.53,INR,2026-09-28 08:00:00
PAY000014734,ORD00013211,2026-09-28 08:00:00,Razorpay,SUCCESS,682.94,14.29,INR,2026-09-28 08:00:00
PAY000014735,ORD00013657,2026-09-28 08:00:00,Cashfree,FAILED,1274.32,17.59,Rs,2026-09-28 08:00:00
PAY000014736,ORD00014385,2026-09-28 08:00:00,PayU,SUCCESS,563.1,21.21,inr,2026-09-28 08:00:00
PAY000014737,ORD00012839,2026-09-28 08:00:00,Cashfree,SUCCESS,1036.92,27.87,INR,2026-09-28 08:00:00
PAY000014738,ORD00012043,2026-09-28 08:00:00,razorpay ,SUCCESS,2192.24,30.89,Rs,2026-09-28 08:00:00
PAY000014739,ORD00013177,2026-09-28 08:00:00,Razorpay,PENDING,587.43,31.82,INR,2026-09-28 08:00:00
PAY000014740,ORD00013487,2026-09-28 08:00:00,razorpay ,SUCCESS,1830.79,5.66,inr,2026-09-28 08:00:00
PAY000014741,ORD00013405,2026-09-28 08:00:00,PayU,SUCCESS,1126.38,3.24,inr,2026-09-28 08:00:00
PAY000014742,ORD00013547,2026-09-28 08:00:00,razorpay ,PENDING,1310.99,25.9,Rs,2026-09-28 08:00:00
PAY000014743,ORD00013053,2026-09-28 08:00:00,Cashfree,SUCCESS,519.31,23.91,INR,2026-09-28 08:00:00
PAY000014744,ORD00012338,2026-09-28 08:00:00,PayU,FAILED,2354.52,2.03,INR,2026-09-28 08:00:00
PAY000014745,ORD00012363,2026-09-28 08:00:00,razorpay ,PENDING,1095.16,31.59,Rs,2026-09-28 08:00:00
PAY000014746,ORD00014561,2026-09-28 08:00:00,Stripe,SUCCESS,368.97,5.77,INR,2026-09-28 08:00:00
PAY000014747,ORD00013117,2026-09-28 08:00:00,PayU,SUCCESS,668.45,17.09,INR,2026-09-28 08:00:00
PAY000014748,ORD00014103,2026-09-28 08:00:00,Razorpay,FAILED,716.07,26.15,inr,2026-09-28 08:00:00
PAY000014749,ORD00014030,2026-09-28 08:00:00,Razorpay,PENDING,849.67,34.36,INR,2026-09-28 08:00:00
PAY000014750,ORD00013966,2026-09-28 08:00:00,PayU,PENDING,2772.57,21.93,Rs,2026-09-28 08:00:00
PAY000014751,ORD00014757,2026-09-28 08:00:00,razorpay ,SUCCESS,1546.1,27.31,inr,2026-09-28 08:00:00
PAY000014752,ORD00013852,2026-09-28 08:00:00,Stripe,SUCCESS,1472.94,12.19,Rs,2026-09-28 08:00:00
PAY000014753,ORD00014494,2026-09-28 08:00:00,PayU,SUCCESS,3484.72,6.96,inr,2026-09-28 08:00:00
PAY000014754,ORD00012067,2026-09-28 08:00:00,Razorpay,SUCCESS,1986.56,20.85,Rs,2026-09-28 08:00:00
PAY000014755,ORD00013074,2026-09-28 08:00:00,Cashfree,PENDING,2563.46,2.33,inr,2026-09-28 08:00:00
PAY000014756,ORD00013974,2026-09-28 08:00:00,PayU,PENDING,1342.64,25.42,INR,2026-09-28 08:00:00
PAY000014757,ORD00013326,2026-09-28 08:00:00,PayU,SUCCESS,1180.01,29.53,Rs,2026-09-28 08:00:00
PAY000014758,ORD00012848,2026-09-28 08:00:00,Stripe,SUCCESS,539.08,3.94,inr,2026-09-28 08:00:00
PAY000014759,ORD00012736,2026-09-28 08:00:00,PayU,SUCCESS,2776.89,8.74,Rs,2026-09-28 08:00:00
PAY000014760,ORD00014154,2026-09-28 08:00:00,Cashfree,SUCCESS,1309.6,31.45,inr,2026-09-28 08:00:00
PAY000014761,ORD00013029,2026-09-28 08:00:00,Razorpay,SUCCESS,890.45,5.64,INR,2026-09-28 08:00:00
PAY000014762,ORD00012971,2026-09-28 08:00:00,razorpay ,FAILED,1294.85,2.82,INR,2026-09-28 08:00:00
PAY000014763,ORD00014777,2026-09-28 08:00:00,Cashfree,FAILED,1801.05,2.15,INR,2026-09-28 08:00:00
PAY000014764,ORD00013865,2026-09-28 08:00:00,razorpay ,FAILED,649.9,23.55,inr,2026-09-28 08:00:00
PAY000014765,ORD00014715,2026-09-28 08:00:00,Cashfree,SUCCESS,1175.81,15.59,inr,2026-09-28 08:00:00
PAY000014766,ORD00014182,2026-09-28 08:00:00,Razorpay,SUCCESS,626.19,25.99,INR,2026-09-28 08:00:00
PAY000014767,ORD00012949,2026-09-28 08:00:00,PayU,SUCCESS,1106.29,7.29,inr,2026-09-28 08:00:00
PAY000014768,ORD00014878,2026-09-28 08:00:00,PayU,SUCCESS,1071.7,17.45,INR,2026-09-28 08:00:00
PAY000014769,ORD00013770,2026-09-28 08:00:00,razorpay ,SUCCESS,1211.12,21.44,inr,2026-09-28 08:00:00
PAY000014770,ORD00012997,2026-09-28 08:00:00,PayU,SUCCESS,925.58,13.68,inr,2026-09-28 08:00:00
PAY000014771,ORD00012065,2026-09-28 08:00:00,razorpay ,PENDING,1517.92,26.63,Rs,2026-09-28 08:00:00
PAY000014772,ORD00014342,2026-09-28 08:00:00,Cashfree,SUCCESS,469.28,12.13,Rs,2026-09-28 08:00:00
PAY000014773,ORD00012897,2026-09-28 08:00:00,Cashfree,PENDING,4110.77,8.98,Rs,2026-09-28 08:00:00
PAY000014774,ORD00013662,2026-09-28 08:00:00,Cashfree,SUCCESS,546.43,6.07,Rs,2026-09-28 08:00:00
PAY000014775,ORD00013062,2026-09-28 08:00:00,PayU,SUCCESS,684.49,5.14,inr,2026-09-28 08:00:00
PAY000014776,ORD00013386,2026-09-28 08:00:00,Cashfree,SUCCESS,1590.3,5.01,inr,2026-09-28 08:00:00
PAY000014777,ORD00012364,2026-09-28 08:00:00,Razorpay,SUCCESS,505.66,5.03,INR,2026-09-28 08:00:00
PAY000014778,ORD00014977,2026-09-28 08:00:00,Razorpay,PENDING,3244.11,14.01,INR,2026-09-28 08:00:00
PAY000014779,ORD00012655,2026-09-28 08:00:00,Cashfree,SUCCESS,508.42,18.29,Rs,2026-09-28 08:00:00
PAY000014780,ORD00012076,2026-09-28 08:00:00,Cashfree,SUCCESS,1903.65,23.0,Rs,2026-09-28 08:00:00
PAY000014781,ORD00014673,2026-09-28 08:00:00,Cashfree,PENDING,777.63,27.25,inr,2026-09-28 08:00:00
PAY000014782,ORD00013538,2026-09-28 08:00:00,Stripe,SUCCESS,1076.22,2.74,inr,2026-09-28 08:00:00
PAY000014783,ORD00014884,2026-09-28 08:00:00,Stripe,SUCCESS,2626.41,6.49,Rs,2026-09-28 08:00:00
PAY000014784,ORD00014258,2026-09-28 08:00:00,Razorpay,SUCCESS,463.44,3.45,INR,2026-09-28 08:00:00
PAY000014785,ORD00013428,2026-09-28 08:00:00,PayU,SUCCESS,2593.8,11.97,Rs,2026-09-28 08:00:00
PAY000014786,ORD00013459,2026-09-28 08:00:00,Razorpay,PENDING,1016.18,32.79,Rs,2026-09-28 08:00:00
PAY000014787,ORD00014286,2026-09-28 08:00:00,Stripe,PENDING,1513.2,34.86,INR,2026-09-28 08:00:00
PAY000014788,ORD00013684,2026-09-28 08:00:00,razorpay ,SUCCESS,3861.52,11.48,Rs,2026-09-28 08:00:00
PAY000014789,ORD00014457,2026-09-28 08:00:00,Cashfree,SUCCESS,3852.19,25.47,Rs,2026-09-28 08:00:00
PAY000014790,ORD00013814,2026-09-28 08:00:00,razorpay ,FAILED,643.55,12.83,INR,2026-09-28 08:00:00
PAY000014791,ORD00012390,2026-09-28 08:00:00,Stripe,SUCCESS,764.06,7.5,inr,2026-09-28 08:00:00
PAY000014792,ORD00014168,2026-09-28 08:00:00,Cashfree,SUCCESS,837.39,34.72,inr,2026-09-28 08:00:00
PAY000014793,ORD00013605,2026-09-28 08:00:00,Stripe,SUCCESS,965.81,26.76,inr,2026-09-28 08:00:00
PAY000014794,ORD00013383,2026-09-28 08:00:00,Cashfree,SUCCESS,1218.61,4.16,INR,2026-09-28 08:00:00
PAY000014795,ORD00014667,2026-09-28 08:00:00,PayU,PENDING,1147.61,2.58,INR,2026-09-28 08:00:00
PAY000014796,ORD00014016,2026-09-28 08:00:00,PayU,PENDING,219.66,15.87,Rs,2026-09-28 08:00:00
PAY000014797,ORD00012502,2026-09-28 08:00:00,razorpay ,SUCCESS,452.9,3.82,Rs,2026-09-28 08:00:00
PAY000014798,ORD00012420,2026-09-28 08:00:00,Razorpay,SUCCESS,2340.51,6.06,inr,2026-09-28 08:00:00
PAY000014799,ORD00012110,2026-09-28 08:00:00,Stripe,SUCCESS,1108.34,3.56,Rs,2026-09-28 08:00:00
PAY000014800,ORD00014208,2026-09-28 08:00:00,razorpay ,SUCCESS,3538.31,31.01,inr,2026-09-28 08:00:00
PAY000014801,ORD00012040,2026-09-28 08:00:00,Cashfree,SUCCESS,934.47,26.84,INR,2026-09-28 08:00:00
PAY000014802,ORD00012123,2026-09-28 08:00:00,Stripe,FAILED,2828.18,33.49,INR,2026-09-28 08:00:00
PAY000014803,ORD00013202,2026-09-28 08:00:00,Razorpay,SUCCESS,1199.11,27.1,Rs,2026-09-28 08:00:00
PAY000014804,ORD00014147,2026-09-28 08:00:00,razorpay ,SUCCESS,2427.0,16.1,Rs,2026-09-28 08:00:00
PAY000014805,ORD00013709,2026-09-28 08:00:00,PayU,PENDING,501.73,2.57,Rs,2026-09-28 08:00:00
PAY000014806,ORD00012690,2026-09-28 08:00:00,razorpay ,SUCCESS,968.27,31.19,inr,2026-09-28 08:00:00
PAY000014807,ORD00014962,2026-09-28 08:00:00,razorpay ,SUCCESS,597.84,12.87,inr,2026-09-28 08:00:00
PAY000014808,ORD00012261,2026-09-28 08:00:00,PayU,SUCCESS,273.98,4.43,inr,2026-09-28 08:00:00
PAY000014809,ORD00013456,2026-09-28 08:00:00,PayU,SUCCESS,1262.8,2.53,INR,2026-09-28 08:00:00
PAY000014810,ORD00012951,2026-09-28 08:00:00,Cashfree,SUCCESS,1297.08,13.05,inr,2026-09-28 08:00:00
PAY000014811,ORD00013856,2026-09-28 08:00:00,Stripe,SUCCESS,334.62,3.98,INR,2026-09-28 08:00:00
PAY000014812,ORD00012058,2026-09-28 08:00:00,razorpay ,SUCCESS,673.81,19.51,Rs,2026-09-28 08:00:00
PAY000014813,ORD00012106,2026-09-28 08:00:00,PayU,SUCCESS,1047.92,4.56,inr,2026-09-28 08:00:00
PAY000014814,ORD00014330,2026-09-28 08:00:00,PayU,SUCCESS,783.9,33.46,inr,2026-09-28 08:00:00
PAY000014815,ORD00013334,2026-09-28 08:00:00,Cashfree,PENDING,1013.61,12.35,inr,2026-09-28 08:00:00
PAY000014816,ORD00012738,2026-09-28 08:00:00,PayU,SUCCESS,835.33,32.65,inr,2026-09-28 08:00:00
PAY000014817,ORD00013893,2026-09-28 08:00:00,razorpay ,PENDING,1469.11,11.21,INR,2026-09-28 08:00:00
PAY000014818,ORD00012859,2026-09-28 08:00:00,Cashfree,SUCCESS,654.8,18.18,Rs,2026-09-28 08:00:00
PAY000014819,ORD00013266,2026-09-28 08:00:00,Cashfree,PENDING,1638.26,19.43,inr,2026-09-28 08:00:00
PAY000014820,ORD00013513,2026-09-28 08:00:00,Cashfree,PENDING,2252.59,8.41,INR,2026-09-28 08:00:00
PAY000014821,ORD00014427,2026-09-28 08:00:00,Stripe,PENDING,473.71,29.6,INR,2026-09-28 08:00:00
PAY000014822,ORD00013800,2026-09-28 08:00:00,razorpay ,PENDING,2392.48,7.03,INR,2026-09-28 08:00:00
PAY000014823,ORD00014034,2026-09-28 08:00:00,Cashfree,PENDING,513.8,27.78,inr,2026-09-28 08:00:00
PAY000014824,ORD00014470,2026-09-28 08:00:00,Razorpay,SUCCESS,2764.01,3.6,INR,2026-09-28 08:00:00
PAY000014825,ORD00012167,2026-09-28 08:00:00,PayU,SUCCESS,1603.22,24.99,INR,2026-09-28 08:00:00
PAY000014826,ORD00013843,2026-09-28 08:00:00,Razorpay,PENDING,457.03,23.15,inr,2026-09-28 08:00:00
PAY000014827,ORD00013953,2026-09-28 08:00:00,razorpay ,PENDING,1083.98,24.15,Rs,2026-09-28 08:00:00
PAY000014828,ORD00012564,2026-09-28 08:00:00,Cashfree,SUCCESS,790.42,11.16,Rs,2026-09-28 08:00:00
PAY000014829,ORD00013221,2026-09-28 08:00:00,PayU,SUCCESS,1967.98,17.55,inr,2026-09-28 08:00:00
PAY000014830,ORD00012278,2026-09-28 08:00:00,Razorpay,SUCCESS,1885.56,7.7,Rs,2026-09-28 08:00:00
PAY000014831,ORD00014171,2026-09-28 08:00:00,Stripe,SUCCESS,4047.1,9.62,inr,2026-09-28 08:00:00
PAY000014832,ORD00012631,2026-09-28 08:00:00,razorpay ,SUCCESS,1409.34,27.33,INR,2026-09-28 08:00:00
PAY000014833,ORD00013412,2026-09-28 08:00:00,Razorpay,SUCCESS,427.95,28.44,inr,2026-09-28 08:00:00
PAY000014834,ORD00013913,2026-09-28 08:00:00,Cashfree,SUCCESS,959.09,17.75,INR,2026-09-28 08:00:00
PAY000014835,ORD00012838,2026-09-28 08:00:00,razorpay ,SUCCESS,655.11,25.39,inr,2026-09-28 08:00:00
PAY000014836,ORD00012209,2026-09-28 08:00:00,razorpay ,SUCCESS,657.55,9.28,inr,2026-09-28 08:00:00
PAY000014837,ORD00013154,2026-09-28 08:00:00,Cashfree,SUCCESS,1769.02,29.98,INR,2026-09-28 08:00:00
PAY000014838,ORD00012850,2026-09-28 08:00:00,Stripe,SUCCESS,1846.61,31.92,inr,2026-09-28 08:00:00
PAY000014839,ORD00013034,2026-09-28 08:00:00,Stripe,PENDING,525.55,14.02,INR,2026-09-28 08:00:00
PAY000014840,ORD00012723,2026-09-28 08:00:00,Stripe,FAILED,1703.14,12.01,inr,2026-09-28 08:00:00
PAY000014841,ORD00014364,2026-09-28 08:00:00,razorpay ,SUCCESS,633.76,31.33,INR,2026-09-28 08:00:00
PAY000014842,ORD00013399,2026-09-28 08:00:00,Stripe,SUCCESS,289.48,17.86,INR,2026-09-28 08:00:00
PAY000014843,ORD00014444,2026-09-28 08:00:00,Cashfree,PENDING,2068.08,10.04,Rs,2026-09-28 08:00:00
PAY000014844,ORD00012421,2026-09-28 08:00:00,Stripe,PENDING,728.37,18.59,INR,2026-09-28 08:00:00
PAY000014845,ORD00014542,2026-09-28 08:00:00,Razorpay,SUCCESS,1602.77,3.15,INR,2026-09-28 08:00:00
PAY000014846,ORD00014790,2026-09-28 08:00:00,Cashfree,FAILED,330.97,13.01,INR,2026-09-28 08:00:00
PAY000014847,ORD00013853,2026-09-28 08:00:00,PayU,SUCCESS,411.06,14.7,Rs,2026-09-28 08:00:00
PAY000014848,ORD00014896,2026-09-28 08:00:00,Razorpay,FAILED,1936.03,31.08,INR,2026-09-28 08:00:00
PAY000014849,ORD00012963,2026-09-28 08:00:00,PayU,SUCCESS,2162.33,31.93,Rs,2026-09-28 08:00:00
PAY000014850,ORD00014463,2026-09-28 08:00:00,Stripe,SUCCESS,769.05,32.77,INR,2026-09-28 08:00:00
PAY000014851,ORD00013601,2026-09-28 08:00:00,Stripe,PENDING,1914.68,21.95,INR,2026-09-28 08:00:00
PAY000014852,ORD00012108,2026-09-28 08:00:00,PayU,SUCCESS,2521.43,30.62,inr,2026-09-28 08:00:00
PAY000014853,ORD00012307,2026-09-28 08:00:00,Cashfree,SUCCESS,958.99,5.12,inr,2026-09-28 08:00:00
PAY000014854,ORD00013340,2026-09-28 08:00:00,Cashfree,SUCCESS,1039.49,22.25,INR,2026-09-28 08:00:00
PAY000014855,ORD00014364,2026-09-28 08:00:00,PayU,SUCCESS,1783.38,3.39,INR,2026-09-28 08:00:00
PAY000014856,ORD00013824,2026-09-28 08:00:00,PayU,PENDING,784.82,25.31,inr,2026-09-28 08:00:00
PAY000014857,ORD00013247,2026-09-28 08:00:00,Razorpay,SUCCESS,2070.09,11.45,INR,2026-09-28 08:00:00
PAY000014858,ORD00014822,2026-09-28 08:00:00,Razorpay,SUCCESS,2646.08,25.54,INR,2026-09-28 08:00:00
PAY000014859,ORD00012640,2026-09-28 08:00:00,PayU,SUCCESS,757.96,6.8,INR,2026-09-28 08:00:00
PAY000014860,ORD00014988,2026-09-28 08:00:00,Stripe,SUCCESS,2289.0,3.34,inr,2026-09-28 08:00:00
PAY000014861,ORD00014625,2026-09-28 08:00:00,PayU,SUCCESS,1838.75,11.78,INR,2026-09-28 08:00:00
PAY000014862,ORD00013391,2026-09-28 08:00:00,Razorpay,PENDING,517.05,24.92,Rs,2026-09-28 08:00:00
PAY000014863,ORD00012128,2026-09-28 08:00:00,Razorpay,SUCCESS,2619.11,29.16,Rs,2026-09-28 08:00:00
PAY000014864,ORD00014969,2026-09-28 08:00:00,Cashfree,SUCCESS,905.98,32.28,inr,2026-09-28 08:00:00
PAY000014865,ORD00012282,2026-09-28 08:00:00,Stripe,PENDING,1289.12,25.64,Rs,2026-09-28 08:00:00
PAY000014866,ORD00014599,2026-09-28 08:00:00,Razorpay,SUCCESS,1650.46,28.45,INR,2026-09-28 08:00:00
PAY000014867,ORD00014699,2026-09-28 08:00:00,Cashfree,SUCCESS,433.96,21.91,Rs,2026-09-28 08:00:00
PAY000014868,ORD00013219,2026-09-28 08:00:00,Stripe,FAILED,1136.36,31.95,INR,2026-09-28 08:00:00
PAY000014869,ORD00014886,2026-09-28 08:00:00,Razorpay,SUCCESS,2686.09,34.3,INR,2026-09-28 08:00:00
PAY000014870,ORD00014519,2026-09-28 08:00:00,Stripe,SUCCESS,4458.91,4.12,Rs,2026-09-28 08:00:00
PAY000014871,ORD00014401,2026-09-28 08:00:00,Stripe,FAILED,2529.55,30.68,inr,2026-09-28 08:00:00
PAY000014872,ORD00012352,2026-09-28 08:00:00,Stripe,PENDING,873.89,22.53,INR,2026-09-28 08:00:00
PAY000014873,ORD00013156,2026-09-28 08:00:00,PayU,SUCCESS,1168.71,25.41,INR,2026-09-28 08:00:00
PAY000014874,ORD00013170,2026-09-28 08:00:00,Cashfree,SUCCESS,632.34,16.51,inr,2026-09-28 08:00:00
PAY000014875,ORD00013108,2026-09-28 08:00:00,Razorpay,SUCCESS,566.7,25.15,inr,2026-09-28 08:00:00
PAY000014876,ORD00012169,2026-09-28 08:00:00,razorpay ,SUCCESS,760.64,11.29,Rs,2026-09-28 08:00:00
PAY000014877,ORD00012787,2026-09-28 08:00:00,Razorpay,SUCCESS,1402.62,6.65,Rs,2026-09-28 08:00:00
PAY000014878,ORD00012442,2026-09-28 08:00:00,Razorpay,SUCCESS,2205.92,8.97,inr,2026-09-28 08:00:00
PAY000014879,ORD00012309,2026-09-28 08:00:00,RAZORPAY,SUCCESS,1905.37,33.94,Rs,2026-09-28 08:00:00
PAY000014880,ORD00013522,2026-09-28 08:00:00,PayU,SUCCESS,1224.49,26.34,inr,2026-09-28 08:00:00
PAY000014881,ORD00012195,2026-09-28 08:00:00,razorpay ,PENDING,207.04,28.09,inr,2026-09-28 08:00:00
PAY000014882,ORD00013030,2026-09-28 08:00:00,razorpay ,SUCCESS,1467.15,7.66,inr,2026-09-28 08:00:00
PAY000014883,ORD00014534,2026-09-28 08:00:00,Stripe,PENDING,1172.5,7.7,Rs,2026-09-28 08:00:00
PAY000014884,ORD00012133,2026-09-28 08:00:00,razorpay ,SUCCESS,6401.77,19.9,inr,2026-09-28 08:00:00
PAY000014885,ORD00013811,2026-09-28 08:00:00,Stripe,SUCCESS,1126.21,23.54,Rs,2026-09-28 08:00:00
PAY000014886,ORD00012851,2026-09-28 08:00:00,Cashfree,SUCCESS,1054.92,20.78,inr,2026-09-28 08:00:00
PAY000014887,ORD00014503,2026-09-28 08:00:00,Stripe,PENDING,787.73,14.6,Rs,2026-09-28 08:00:00
PAY000014888,ORD00013190,2026-09-28 08:00:00,PayU,SUCCESS,609.61,20.11,Rs,2026-09-28 08:00:00
PAY000014889,ORD00012580,2026-09-28 08:00:00,Cashfree,SUCCESS,1907.26,6.79,inr,2026-09-28 08:00:00
PAY000014890,ORD00012967,2026-09-28 08:00:00,PayU,SUCCESS,685.76,27.77,INR,2026-09-28 08:00:00
PAY000014891,ORD00013925,2026-09-28 08:00:00,Stripe,SUCCESS,2735.69,17.06,Rs,2026-09-28 08:00:00
PAY000014892,ORD00014418,2026-09-28 08:00:00,PayU,SUCCESS,1137.6,14.46,INR,2026-09-28 08:00:00
PAY000014893,ORD00013305,2026-09-28 08:00:00,Cashfree,SUCCESS,1130.37,29.57,Rs,2026-09-28 08:00:00
PAY000014894,ORD00013746,2026-09-28 08:00:00,razorpay ,SUCCESS,386.13,26.96,inr,2026-09-28 08:00:00
PAY000014895,ORD00014406,2026-09-28 08:00:00,razorpay ,SUCCESS,925.95,9.0,INR,2026-09-28 08:00:00
PAY000014896,ORD00014090,2026-09-28 08:00:00,Razorpay,SUCCESS,1153.23,24.72,INR,2026-09-28 08:00:00
PAY000014897,ORD00012888,2026-09-28 08:00:00,Stripe,SUCCESS,3043.15,17.86,inr,2026-09-28 08:00:00
PAY000014898,ORD00014912,2026-09-28 08:00:00,Razorpay,SUCCESS,2609.34,22.46,INR,2026-09-28 08:00:00
PAY000014899,ORD00012028,2026-09-28 08:00:00,razorpay ,SUCCESS,1226.42,3.13,Rs,2026-09-28 08:00:00
PAY000014900,ORD00012454,2026-09-28 08:00:00,Stripe,FAILED,1130.04,15.24,inr,2026-09-28 08:00:00
PAY000014901,ORD00012978,2026-09-28 08:00:00,Cashfree,PENDING,805.18,7.28,INR,2026-09-28 08:00:00
PAY000014902,ORD00013302,2026-09-28 08:00:00,Stripe,PENDING,480.41,2.73,Rs,2026-09-28 08:00:00
PAY000014903,ORD00012695,2026-09-28 08:00:00,Stripe,PENDING,2580.94,25.38,INR,2026-09-28 08:00:00
PAY000014904,ORD00012546,2026-09-28 08:00:00,Stripe,SUCCESS,1131.2,16.29,Rs,2026-09-28 08:00:00
PAY000014905,ORD00014880,2026-09-28 08:00:00,Stripe,SUCCESS,3259.76,9.29,Rs,2026-09-28 08:00:00
PAY000014906,ORD00012414,2026-09-28 08:00:00,Cashfree,SUCCESS,1111.59,18.46,INR,2026-09-28 08:00:00
PAY000014907,ORD00014637,2026-09-28 08:00:00,PayU,SUCCESS,931.25,16.14,INR,2026-09-28 08:00:00
PAY000014908,ORD00014667,2026-09-28 08:00:00,Razorpay,SUCCESS,1321.07,20.46,inr,2026-09-28 08:00:00
PAY000014909,ORD00013314,2026-09-28 08:00:00,PayU,FAILED,508.24,12.52,inr,2026-09-28 08:00:00
PAY000014910,ORD00012682,2026-09-28 08:00:00,Cashfree,SUCCESS,628.85,10.74,inr,2026-09-28 08:00:00
PAY000014911,ORD00014720,2026-09-28 08:00:00,Razorpay,SUCCESS,1635.04,28.04,Rs,2026-09-28 08:00:00
PAY000014912,ORD00012157,2026-09-28 08:00:00,RAZORPAY,FAILED,1705.33,16.06,INR,2026-09-28 08:00:00
PAY000014913,ORD00014256,2026-09-28 08:00:00,Stripe,PENDING,1494.37,18.46,INR,2026-09-28 08:00:00
PAY000014914,ORD00014241,2026-09-28 08:00:00,Cashfree,SUCCESS,4420.96,33.12,inr,2026-09-28 08:00:00
PAY000014915,ORD00013790,2026-09-28 08:00:00,Cashfree,SUCCESS,1398.08,32.45,Rs,2026-09-28 08:00:00
PAY000014916,ORD00012223,2026-09-28 08:00:00,razorpay ,FAILED,1159.75,34.83,inr,2026-09-28 08:00:00
PAY000014917,ORD00014865,2026-09-28 08:00:00,Stripe,FAILED,2831.75,6.07,Rs,2026-09-28 08:00:00
PAY000014918,ORD00013902,2026-09-28 08:00:00,Stripe,PENDING,2539.52,28.82,Rs,2026-09-28 08:00:00
PAY000014919,ORD00014574,2026-09-28 08:00:00,Cashfree,SUCCESS,1566.28,17.66,Rs,2026-09-28 08:00:00
PAY000014920,ORD00012503,2026-09-28 08:00:00,razorpay ,SUCCESS,1836.49,12.78,INR,2026-09-28 08:00:00
PAY000014921,ORD00013590,2026-09-28 08:00:00,Stripe,SUCCESS,419.83,22.46,Rs,2026-09-28 08:00:00
PAY000014922,ORD00012402,2026-09-28 08:00:00,razorpay ,FAILED,811.75,11.28,INR,2026-09-28 08:00:00
PAY000014923,ORD00014392,2026-09-28 08:00:00,PayU,PENDING,617.89,24.1,INR,2026-09-28 08:00:00
PAY000014924,ORD00012713,2026-09-28 08:00:00,razorpay ,SUCCESS,2270.63,28.01,Rs,2026-09-28 08:00:00
PAY000014925,ORD00014782,2026-09-28 08:00:00,Stripe,SUCCESS,791.25,29.46,Rs,2026-09-28 08:00:00
PAY000014926,ORD00013517,2026-09-28 08:00:00,Razorpay,SUCCESS,2154.45,33.36,Rs,2026-09-28 08:00:00
PAY000014927,ORD00012605,2026-09-28 08:00:00,Stripe,SUCCESS,557.18,10.47,inr,2026-09-28 08:00:00
PAY000014928,ORD00012278,2026-09-28 08:00:00,PayU,PENDING,1178.08,18.45,INR,2026-09-28 08:00:00
PAY000014929,ORD00012955,2026-09-28 08:00:00,Stripe,SUCCESS,426.52,10.1,INR,2026-09-28 08:00:00
PAY000014930,ORD00014713,2026-09-28 08:00:00,Cashfree,SUCCESS,1759.09,29.62,inr,2026-09-28 08:00:00
PAY000014931,ORD00012809,2026-09-28 08:00:00,razorpay ,SUCCESS,2630.71,25.94,Rs,2026-09-28 08:00:00
PAY000014932,ORD00013197,2026-09-28 08:00:00,PayU,SUCCESS,364.9,7.06,inr,2026-09-28 08:00:00
PAY000014933,ORD00012166,2026-09-28 08:00:00,Razorpay,PENDING,802.46,9.71,INR,2026-09-28 08:00:00
PAY000014934,ORD00013952,2026-09-28 08:00:00,Cashfree,SUCCESS,1958.82,22.76,inr,2026-09-28 08:00:00
PAY000014935,ORD00012668,2026-09-28 08:00:00,Cashfree,PENDING,2087.02,11.83,INR,2026-09-28 08:00:00
PAY000014936,ORD00013143,2026-09-28 08:00:00,Razorpay,SUCCESS,2708.27,8.92,inr,2026-09-28 08:00:00
PAY000014937,ORD00014954,2026-09-28 08:00:00,Stripe,SUCCESS,547.38,24.84,INR,2026-09-28 08:00:00
PAY000014938,ORD00013665,2026-09-28 08:00:00,Cashfree,SUCCESS,3011.67,30.6,INR,2026-09-28 08:00:00
PAY000014939,ORD00013532,2026-09-28 08:00:00,Cashfree,SUCCESS,1703.92,8.98,inr,2026-09-28 08:00:00
PAY000014940,ORD00013282,2026-09-28 08:00:00,PayU,SUCCESS,2653.04,20.25,inr,2026-09-28 08:00:00
PAY000014941,ORD00014299,2026-09-28 08:00:00,PayU,SUCCESS,1219.42,10.55,Rs,2026-09-28 08:00:00
PAY000014942,ORD00014618,2026-09-28 08:00:00,razorpay ,SUCCESS,1226.12,34.66,Rs,2026-09-28 08:00:00
PAY000014943,ORD00014105,2026-09-28 08:00:00,Stripe,FAILED,1538.56,24.63,Rs,2026-09-28 08:00:00
PAY000014944,ORD00012378,2026-09-28 08:00:00,Stripe,FAILED,877.99,33.1,inr,2026-09-28 08:00:00
PAY000014945,ORD00014017,2026-09-28 08:00:00,Razorpay,FAILED,401.66,22.25,INR,2026-09-28 08:00:00
PAY000014946,ORD00013656,2026-09-28 08:00:00,razorpay ,SUCCESS,1233.55,15.69,inr,2026-09-28 08:00:00
PAY000014947,ORD00012288,2026-09-28 08:00:00,Stripe,SUCCESS,1284.5,11.58,INR,2026-09-28 08:00:00
PAY000014948,ORD00012359,2026-09-28 08:00:00,Razorpay,SUCCESS,1140.1,6.1,inr,2026-09-28 08:00:00
PAY000014949,ORD00013190,2026-09-28 08:00:00,Cashfree,FAILED,823.97,25.44,Rs,2026-09-28 08:00:00
PAY000014950,ORD00014122,2026-09-28 08:00:00,Cashfree,PENDING,471.79,8.9,inr,2026-09-28 08:00:00
PAY000014951,ORD00014771,2026-09-28 08:00:00,Razorpay,FAILED,766.49,18.47,INR,2026-09-28 08:00:00
PAY000014952,ORD00012407,2026-09-28 08:00:00,Razorpay,SUCCESS,631.58,27.37,inr,2026-09-28 08:00:00
PAY000014953,ORD00012885,2026-09-28 08:00:00,Razorpay,PENDING,2248.88,29.95,inr,2026-09-28 08:00:00
PAY000014954,ORD00014965,2026-09-28 08:00:00,Stripe,PENDING,1310.91,18.14,inr,2026-09-28 08:00:00
PAY000014955,ORD00012118,2026-09-28 08:00:00,PayU,SUCCESS,534.38,14.4,Rs,2026-09-28 08:00:00
PAY000014956,ORD00013698,2026-09-28 08:00:00,Stripe,PENDING,316.74,32.44,INR,2026-09-28 08:00:00
PAY000014957,ORD00012927,2026-09-28 08:00:00,razorpay ,SUCCESS,911.7,11.11,INR,2026-09-28 08:00:00
PAY000014958,ORD00014256,2026-09-28 08:00:00,Cashfree,PENDING,1790.67,2.06,inr,2026-09-28 08:00:00
PAY000014959,ORD00013071,2026-09-28 08:00:00,Stripe,SUCCESS,5394.71,2.05,Rs,2026-09-28 08:00:00
PAY000014960,ORD00012299,2026-09-28 08:00:00,PayU,SUCCESS,1978.9,14.99,inr,2026-09-28 08:00:00
PAY000014961,ORD00012578,2026-09-28 08:00:00,razorpay ,FAILED,2461.93,6.72,Rs,2026-09-28 08:00:00
PAY000014962,ORD00014824,2026-09-28 08:00:00,razorpay ,PENDING,796.19,3.76,inr,2026-09-28 08:00:00
PAY000014963,ORD00013760,2026-09-28 08:00:00,Cashfree,SUCCESS,954.23,13.19,Rs,2026-09-28 08:00:00
PAY000014964,ORD00013977,2026-09-28 08:00:00,PayU,SUCCESS,730.95,21.41,INR,2026-09-28 08:00:00
PAY000014965,ORD00013814,2026-09-28 08:00:00,Cashfree,SUCCESS,1940.88,14.82,INR,2026-09-28 08:00:00
PAY000014966,ORD00014771,2026-09-28 08:00:00,Cashfree,SUCCESS,1740.97,33.51,inr,2026-09-28 08:00:00
PAY000014967,ORD00012020,2026-09-28 08:00:00,Razorpay,SUCCESS,471.37,25.88,INR,2026-09-28 08:00:00
PAY000014968,ORD00014014,2026-09-28 08:00:00,Stripe,PENDING,1997.18,21.48,INR,2026-09-28 08:00:00
PAY000014969,ORD00014391,2026-09-28 08:00:00,Razorpay,SUCCESS,3125.72,20.81,Rs,2026-09-28 08:00:00
PAY000014970,ORD00012904,2026-09-28 08:00:00,razorpay ,PENDING,709.11,17.02,Rs,2026-09-28 08:00:00
PAY000014971,ORD00014636,2026-09-28 08:00:00,PayU,FAILED,814.71,17.33,INR,2026-09-28 08:00:00
PAY000014972,ORD00013874,2026-09-28 08:00:00,Cashfree,FAILED,788.82,8.88,inr,2026-09-28 08:00:00
PAY000014973,ORD00013130,2026-09-28 08:00:00,PayU,SUCCESS,372.43,3.01,Rs,2026-09-28 08:00:00
PAY000014974,ORD00014258,2026-09-28 08:00:00,Razorpay,PENDING,965.17,12.54,inr,2026-09-28 08:00:00
PAY000014975,ORD00014330,2026-09-28 08:00:00,PayU,SUCCESS,832.6,4.4,inr,2026-09-28 08:00:00
PAY000014976,ORD00012640,2026-09-28 08:00:00,PayU,SUCCESS,1538.95,20.31,inr,2026-09-28 08:00:00
PAY000014977,ORD00012502,2026-09-28 08:00:00,Cashfree,SUCCESS,1863.15,25.88,Rs,2026-09-28 08:00:00
PAY000014978,ORD00012251,2026-09-28 08:00:00,Stripe,SUCCESS,2367.45,14.85,Rs,2026-09-28 08:00:00
PAY000014979,ORD00013285,2026-09-28 08:00:00,razorpay ,SUCCESS,424.44,4.44,Rs,2026-09-28 08:00:00
PAY000014980,ORD00012803,2026-09-28 08:00:00,Cashfree,FAILED,1441.67,9.11,inr,2026-09-28 08:00:00
PAY000014981,ORD00013253,2026-09-28 08:00:00,PayU,FAILED,1843.57,10.82,inr,2026-09-28 08:00:00
PAY000014982,ORD00012275,2026-09-28 08:00:00,Cashfree,SUCCESS,654.7,32.06,Rs,2026-09-28 08:00:00
PAY000014983,ORD00012115,2026-09-28 08:00:00,razorpay ,SUCCESS,840.78,30.04,Rs,2026-09-28 08:00:00
PAY000014984,ORD00013796,2026-09-28 08:00:00,Stripe,SUCCESS,1370.68,33.18,inr,2026-09-28 08:00:00
PAY000014985,ORD00012534,2026-09-28 08:00:00,PayU,PENDING,725.42,29.06,inr,2026-09-28 08:00:00
PAY000014986,ORD00012124,2026-09-28 08:00:00,Stripe,SUCCESS,786.63,17.83,INR,2026-09-28 08:00:00
PAY000014987,ORD00012858,2026-09-28 08:00:00,Cashfree,SUCCESS,656.32,11.44,INR,2026-09-28 08:00:00
PAY000014988,ORD00014221,2026-09-28 08:00:00,PayU,SUCCESS,614.31,17.38,INR,2026-09-28 08:00:00
PAY000014989,ORD00013237,2026-09-28 08:00:00,Razorpay,PENDING,417.56,31.32,Rs,2026-09-28 08:00:00
PAY000014990,ORD00012915,2026-09-28 08:00:00,PayU,PENDING,1386.8,16.81,INR,2026-09-28 08:00:00
PAY000014991,ORD00014191,2026-09-28 08:00:00,PayU,SUCCESS,488.56,24.48,inr,2026-09-28 08:00:00
PAY000014992,ORD00012412,2026-09-28 08:00:00,razorpay ,SUCCESS,520.2,25.68,Rs,2026-09-28 08:00:00
PAY000014993,ORD00014843,2026-09-28 08:00:00,Razorpay,FAILED,2428.13,8.85,inr,2026-09-28 08:00:00
PAY000014994,ORD00013568,2026-09-28 08:00:00,razorpay ,SUCCESS,1931.76,18.97,INR,2026-09-28 08:00:00
PAY000014995,ORD00013234,2026-09-28 08:00:00,Razorpay,SUCCESS,2085.38,14.59,inr,2026-09-28 08:00:00
PAY000014996,ORD00012370,2026-09-28 08:00:00,razorpay ,SUCCESS,1770.97,3.06,Rs,2026-09-28 08:00:00
PAY000014997,ORD00014186,2026-09-28 08:00:00,Razorpay,SUCCESS,1358.33,16.04,Rs,2026-09-28 08:00:00
PAY000014998,ORD00013916,2026-09-28 08:00:00,razorpay ,SUCCESS,765.0,17.61,INR,2026-09-28 08:00:00
PAY000014999,ORD00013821,2026-09-28 08:00:00,Razorpay,SUCCESS,598.28,21.2,INR,2026-09-28 08:00:00
PAY000015000,ORD00014901,2026-09-28 08:00:00,PayU,SUCCESS,9688.31,33.12,INR,2026-09-28 08:00:00
PAY000015001,ORD00013877,2026-09-28 08:00:00,Stripe,SUCCESS,996.29,33.41,inr,2026-09-28 08:00:00
PAY000015002,ORD00013033,2026-09-28 08:00:00,PayU,SUCCESS,1484.31,13.91,INR,2026-09-28 08:00:00
PAY000015003,ORD00012442,2026-09-28 08:00:00,Stripe,SUCCESS,352.13,32.29,Rs,2026-09-28 08:00:00
PAY000015004,ORD00012371,2026-09-28 08:00:00,Stripe,SUCCESS,1236.39,4.38,INR,2026-09-28 08:00:00
PAY000015005,ORD00012552,2026-09-28 08:00:00,Stripe,SUCCESS,552.02,25.64,Rs,2026-09-28 08:00:00
PAY000015006,ORD00014911,2026-09-28 08:00:00,Stripe,SUCCESS,1109.29,13.29,INR,2026-09-28 08:00:00
PAY000015007,ORD00013534,2026-09-28 08:00:00,Cashfree,SUCCESS,1465.77,6.82,inr,2026-09-28 08:00:00
PAY000015008,ORD00012580,2026-09-28 08:00:00,razorpay ,SUCCESS,552.28,31.39,inr,2026-09-28 08:00:00
PAY000015009,ORD00014979,2026-09-28 08:00:00,Cashfree,SUCCESS,647.84,27.65,INR,2026-09-28 08:00:00
PAY000015010,ORD00012868,2026-09-28 08:00:00,Cashfree,SUCCESS,873.3,33.47,inr,2026-09-28 08:00:00
PAY000015011,ORD00013659,2026-09-28 08:00:00,Razorpay,SUCCESS,1306.28,17.94,Rs,2026-09-28 08:00:00
PAY000015012,ORD00012073,2026-09-28 08:00:00,Stripe,PENDING,1626.38,18.23,inr,2026-09-28 08:00:00
PAY000015013,ORD00014504,2026-09-28 08:00:00,PayU,PENDING,864.15,13.36,INR,2026-09-28 08:00:00
PAY000015014,ORD00014285,2026-09-28 08:00:00,Cashfree,SUCCESS,732.4,16.82,inr,2026-09-28 08:00:00
PAY000015015,ORD00013859,2026-09-28 08:00:00,PayU,SUCCESS,626.04,19.89,inr,2026-09-28 08:00:00
PAY000015016,ORD00012816,2026-09-28 08:00:00,razorpay ,SUCCESS,360.53,19.9,Rs,2026-09-28 08:00:00
PAY000015017,ORD00012009,2026-09-28 08:00:00,Razorpay,SUCCESS,2088.01,24.72,inr,2026-09-28 08:00:00
PAY000015018,ORD00014835,2026-09-28 08:00:00,PayU,SUCCESS,1917.67,5.42,INR,2026-09-28 08:00:00
PAY000015019,ORD00014640,2026-09-28 08:00:00,Stripe,SUCCESS,5093.16,26.71,inr,2026-09-28 08:00:00
PAY000015020,ORD00013449,2026-09-28 08:00:00,Cashfree,SUCCESS,532.05,24.04,inr,2026-09-28 08:00:00
PAY000015021,ORD00012089,2026-09-28 08:00:00,Cashfree,SUCCESS,724.84,12.25,inr,2026-09-28 08:00:00
PAY000015022,ORD00012994,2026-09-28 08:00:00,Cashfree,PENDING,730.79,32.5,inr,2026-09-28 08:00:00
PAY000015023,ORD00013961,2026-09-28 08:00:00,PayU,SUCCESS,1962.82,6.81,INR,2026-09-28 08:00:00
PAY000015024,ORD00013580,2026-09-28 08:00:00,PayU,FAILED,795.19,11.43,INR,2026-09-28 08:00:00
PAY000015025,ORD00012045,2026-09-28 08:00:00,Stripe,SUCCESS,1897.91,17.16,Rs,2026-09-28 08:00:00
PAY000015026,ORD00013303,2026-09-28 08:00:00,PayU,PENDING,2974.65,28.58,inr,2026-09-28 08:00:00
PAY000015027,ORD00013156,2026-09-28 08:00:00,Cashfree,SUCCESS,523.38,4.0,Rs,2026-09-28 08:00:00
PAY000015028,ORD00013413,2026-09-28 08:00:00,Razorpay,PENDING,1513.13,7.4,Rs,2026-09-28 08:00:00
PAY000015029,ORD00013796,2026-09-28 08:00:00,razorpay ,SUCCESS,1210.67,32.98,inr,2026-09-28 08:00:00
PAY000015030,ORD00014655,2026-09-28 08:00:00,PayU,SUCCESS,1439.42,32.84,inr,2026-09-28 08:00:00
PAY000015031,ORD00012707,2026-09-28 08:00:00,Stripe,FAILED,1306.16,9.24,INR,2026-09-28 08:00:00
PAY000015032,ORD00012685,2026-09-28 08:00:00,razorpay ,SUCCESS,1911.5,22.69,inr,2026-09-28 08:00:00
PAY000015033,ORD00014033,2026-09-28 08:00:00,Stripe,PENDING,961.94,18.84,INR,2026-09-28 08:00:00
PAY000015034,ORD00012411,2026-09-28 08:00:00,Razorpay,PENDING,927.72,34.59,inr,2026-09-28 08:00:00
PAY000015035,ORD00012054,2026-09-28 08:00:00,Stripe,FAILED,1185.42,24.67,Rs,2026-09-28 08:00:00
PAY000015036,ORD00014448,2026-09-28 08:00:00,Stripe,FAILED,2163.8,6.61,INR,2026-09-28 08:00:00
PAY000015037,ORD00013050,2026-09-28 08:00:00,Razorpay,PENDING,4740.87,15.15,INR,2026-09-28 08:00:00
PAY000015038,ORD00014076,2026-09-28 08:00:00,razorpay ,PENDING,619.45,7.47,inr,2026-09-28 08:00:00
PAY000015039,ORD00014226,2026-09-28 08:00:00,PayU,SUCCESS,1499.02,19.66,INR,2026-09-28 08:00:00
PAY000015040,ORD00014814,2026-09-28 08:00:00,razorpay ,PENDING,977.85,23.79,INR,2026-09-28 08:00:00
PAY000015041,ORD00013695,2026-09-28 08:00:00,Cashfree,PENDING,3687.47,19.27,INR,2026-09-28 08:00:00
PAY000015042,ORD00014783,2026-09-28 08:00:00,Stripe,PENDING,2895.12,26.15,inr,2026-09-28 08:00:00
PAY000015043,ORD00012592,2026-09-28 08:00:00,PayU,SUCCESS,945.41,20.52,Rs,2026-09-28 08:00:00
PAY000015044,ORD00013011,2026-09-28 08:00:00,Razorpay,SUCCESS,700.29,11.92,Rs,2026-09-28 08:00:00
PAY000015045,ORD00014881,2026-09-28 08:00:00,PayU,PENDING,453.07,3.1,inr,2026-09-28 08:00:00
PAY000015046,ORD00013957,2026-09-28 08:00:00,razorpay ,SUCCESS,1159.84,34.09,Rs,2026-09-28 08:00:00
PAY000015047,ORD00014699,2026-09-28 08:00:00,Cashfree,SUCCESS,672.96,24.12,Rs,2026-09-28 08:00:00
PAY000015048,ORD00013048,2026-09-28 08:00:00,Cashfree,FAILED,542.32,23.2,inr,2026-09-28 08:00:00
PAY000015049,ORD00013960,2026-09-28 08:00:00,Razorpay,SUCCESS,1256.97,9.34,Rs,2026-09-28 08:00:00
PAY000015050,ORD00014313,2026-09-28 08:00:00,Stripe,SUCCESS,770.79,24.25,inr,2026-09-28 08:00:00
PAY000015051,ORD00013516,2026-09-28 08:00:00,Cashfree,SUCCESS,732.16,21.51,inr,2026-09-28 08:00:00
PAY000015052,ORD00012112,2026-09-28 08:00:00,razorpay ,SUCCESS,1307.45,22.93,Rs,2026-09-28 08:00:00
PAY000015053,ORD00013914,2026-09-28 08:00:00,razorpay ,PENDING,889.98,18.45,INR,2026-09-28 08:00:00
PAY000015054,ORD00014351,2026-09-28 08:00:00,Razorpay,FAILED,1063.25,10.58,INR,2026-09-28 08:00:00
PAY000015055,ORD00012475,2026-09-28 08:00:00,Razorpay,PENDING,1910.94,6.8,Rs,2026-09-28 08:00:00
PAY000015056,ORD00012373,2026-09-28 08:00:00,Cashfree,FAILED,863.3,26.3,INR,2026-09-28 08:00:00
PAY000015057,ORD00014308,2026-09-28 08:00:00,PayU,SUCCESS,1090.83,25.24,inr,2026-09-28 08:00:00
PAY000015058,ORD00014727,2026-09-28 08:00:00,Stripe,FAILED,554.76,14.96,INR,2026-09-28 08:00:00
PAY000015059,ORD00012703,2026-09-28 08:00:00,Stripe,SUCCESS,1465.39,11.39,INR,2026-09-28 08:00:00
PAY000015060,ORD00013315,2026-09-28 08:00:00,Stripe,PENDING,1680.3,17.65,Rs,2026-09-28 08:00:00
PAY000015061,ORD00014038,2026-09-28 08:00:00,razorpay ,SUCCESS,648.39,8.16,Rs,2026-09-28 08:00:00
PAY000015062,ORD00012107,2026-09-28 08:00:00,PayU,FAILED,1939.47,33.57,INR,2026-09-28 08:00:00
PAY000015063,ORD00013997,2026-09-28 08:00:00,Stripe,SUCCESS,1007.61,31.7,INR,2026-09-28 08:00:00
PAY000015064,ORD00013502,2026-09-28 08:00:00,PayU,SUCCESS,1655.62,25.08,INR,2026-09-28 08:00:00
PAY000015065,ORD00013790,2026-09-28 08:00:00,razorpay ,PENDING,509.18,24.54,INR,2026-09-28 08:00:00
PAY000015066,ORD00014300,2026-09-28 08:00:00,PayU,SUCCESS,913.08,32.1,Rs,2026-09-28 08:00:00
PAY000015067,ORD00012568,2026-09-28 08:00:00,razorpay ,SUCCESS,1305.3,25.52,inr,2026-09-28 08:00:00
PAY000015068,ORD00014874,2026-09-28 08:00:00,Cashfree,SUCCESS,580.9,17.92,Rs,2026-09-28 08:00:00
PAY000015069,ORD00012239,2026-09-28 08:00:00,PayU,SUCCESS,618.8,12.01,Rs,2026-09-28 08:00:00
PAY000015070,ORD00013402,2026-09-28 08:00:00,PayU,SUCCESS,579.03,34.13,INR,2026-09-28 08:00:00
PAY000015071,ORD00012277,2026-09-28 08:00:00,PayU,SUCCESS,884.16,22.01,Rs,2026-09-28 08:00:00
PAY000015072,ORD00013342,2026-09-28 08:00:00,PayU,PENDING,1412.59,23.35,INR,2026-09-28 08:00:00
PAY000015073,ORD00012188,2026-09-28 08:00:00,razorpay ,PENDING,434.39,2.78,inr,2026-09-28 08:00:00
PAY000015074,ORD00013863,2026-09-28 08:00:00,Cashfree,SUCCESS,404.72,17.09,inr,2026-09-28 08:00:00
PAY000015075,ORD00012200,2026-09-28 08:00:00,razorpay ,SUCCESS,640.89,22.05,INR,2026-09-28 08:00:00
PAY000015076,ORD00013080,2026-09-28 08:00:00,Razorpay,SUCCESS,1086.79,18.66,inr,2026-09-28 08:00:00
PAY000015077,ORD00013844,2026-09-28 08:00:00,PayU,FAILED,738.22,21.54,inr,2026-09-28 08:00:00
PAY000015078,ORD00012868,2026-09-28 08:00:00,PayU,SUCCESS,1518.65,30.08,inr,2026-09-28 08:00:00
PAY000015079,ORD00014752,2026-09-28 08:00:00,Razorpay,FAILED,671.9,21.84,INR,2026-09-28 08:00:00
PAY000015080,ORD00013800,2026-09-28 08:00:00,Razorpay,SUCCESS,1033.97,7.86,inr,2026-09-28 08:00:00
PAY000015081,ORD00012779,2026-09-28 08:00:00,razorpay ,SUCCESS,2536.87,20.38,Rs,2026-09-28 08:00:00
PAY000015082,ORD00013102,2026-09-28 08:00:00,Razorpay,PENDING,638.96,6.78,INR,2026-09-28 08:00:00
PAY000015083,ORD00013123,2026-09-28 08:00:00,Stripe,FAILED,2070.74,25.1,inr,2026-09-28 08:00:00
PAY000015084,ORD00012638,2026-09-28 08:00:00,Stripe,SUCCESS,1283.73,27.57,inr,2026-09-28 08:00:00
PAY000015085,ORD00013746,2026-09-28 08:00:00,razorpay ,SUCCESS,1651.25,21.85,INR,2026-09-28 08:00:00
PAY000015086,ORD00014912,2026-09-28 08:00:00,Cashfree,PENDING,422.82,31.54,Rs,2026-09-28 08:00:00
PAY000015087,ORD00013604,2026-09-28 08:00:00,Stripe,SUCCESS,831.9,19.22,INR,2026-09-28 08:00:00
PAY000015088,ORD00013009,2026-09-28 08:00:00,PayU,FAILED,1840.86,6.2,Rs,2026-09-28 08:00:00
PAY000015089,ORD00012004,2026-09-28 08:00:00,razorpay ,FAILED,2157.31,9.09,inr,2026-09-28 08:00:00
PAY000015090,ORD00012615,2026-09-28 08:00:00,razorpay ,SUCCESS,1095.76,2.4,INR,2026-09-28 08:00:00
PAY000015091,ORD00012550,2026-09-28 08:00:00,Stripe,FAILED,3818.96,14.29,inr,2026-09-28 08:00:00
PAY000015092,ORD00012208,2026-09-28 08:00:00,Cashfree,PENDING,1156.82,25.94,Rs,2026-09-28 08:00:00
PAY000015093,ORD00014873,2026-09-28 08:00:00,razorpay ,SUCCESS,1628.97,33.62,inr,2026-09-28 08:00:00
PAY000015094,ORD00013083,2026-09-28 08:00:00,PayU,SUCCESS,1084.98,8.28,inr,2026-09-28 08:00:00
PAY000015095,ORD00014712,2026-09-28 08:00:00,Razorpay,FAILED,697.06,25.31,INR,2026-09-28 08:00:00
PAY000015096,ORD00013316,2026-09-28 08:00:00,Razorpay,FAILED,336.71,7.24,Rs,2026-09-28 08:00:00
PAY000015097,ORD00012506,2026-09-28 08:00:00,Cashfree,SUCCESS,578.38,24.89,Rs,2026-09-28 08:00:00
PAY000015098,ORD00013509,2026-09-28 08:00:00,Stripe,SUCCESS,2823.76,13.78,INR,2026-09-28 08:00:00
PAY000015099,ORD00012798,2026-09-28 08:00:00,Stripe,SUCCESS,1979.47,18.54,Rs,2026-09-28 08:00:00
PAY000015100,ORD00013268,2026-09-28 08:00:00,PayU,FAILED,1143.37,9.85,Rs,2026-09-28 08:00:00
PAY000015101,ORD00012346,2026-09-28 08:00:00,PayU,SUCCESS,1025.34,16.31,INR,2026-09-28 08:00:00
PAY000015102,ORD00014526,2026-09-28 08:00:00,Cashfree,SUCCESS,479.46,26.77,inr,2026-09-28 08:00:00
PAY000015103,ORD00014405,2026-09-28 08:00:00,Cashfree,PENDING,2205.13,29.52,INR,2026-09-28 08:00:00
PAY000015104,ORD00014973,2026-09-28 08:00:00,razorpay ,SUCCESS,588.61,10.63,Rs,2026-09-28 08:00:00
PAY000015105,ORD00012833,2026-09-28 08:00:00,Stripe,SUCCESS,563.39,25.65,Rs,2026-09-28 08:00:00
PAY000015106,ORD00014304,2026-09-28 08:00:00,Stripe,SUCCESS,3078.77,23.5,INR,2026-09-28 08:00:00
PAY000015107,ORD00013013,2026-09-28 08:00:00,Cashfree,SUCCESS,3728.94,17.21,inr,2026-09-28 08:00:00
PAY000015108,ORD00014023,2026-09-28 08:00:00,Stripe,SUCCESS,846.59,28.61,INR,2026-09-28 08:00:00
PAY000015109,ORD00012203,2026-09-28 08:00:00,Cashfree,SUCCESS,1337.91,8.82,INR,2026-09-28 08:00:00
PAY000015110,ORD00014671,2026-09-28 08:00:00,razorpay ,SUCCESS,811.9,4.82,inr,2026-09-28 08:00:00
PAY000015111,ORD00013900,2026-09-28 08:00:00,Stripe,PENDING,1534.0,3.33,INR,2026-09-28 08:00:00
PAY000015112,ORD00014769,2026-09-28 08:00:00,Cashfree,SUCCESS,2816.75,25.99,inr,2026-09-28 08:00:00
PAY000015113,ORD00014873,2026-09-28 08:00:00,razorpay ,SUCCESS,4486.51,11.06,Rs,2026-09-28 08:00:00
PAY000015114,ORD00012865,2026-09-28 08:00:00,PayU,PENDING,1124.84,31.65,INR,2026-09-28 08:00:00
PAY000015115,ORD00013368,2026-09-28 08:00:00,Razorpay,SUCCESS,4636.15,33.87,Rs,2026-09-28 08:00:00
PAY000015116,ORD00014143,2026-09-28 08:00:00,Stripe,SUCCESS,419.81,5.92,Rs,2026-09-28 08:00:00
PAY000015117,ORD00012586,2026-09-28 08:00:00,Stripe,SUCCESS,2205.25,22.23,Rs,2026-09-28 08:00:00
PAY000015118,ORD00012003,2026-09-28 08:00:00,Razorpay,SUCCESS,2699.37,14.23,inr,2026-09-28 08:00:00
PAY000015119,ORD00012966,2026-09-28 08:00:00,Stripe,SUCCESS,3078.91,24.82,Rs,2026-09-28 08:00:00
PAY000015120,ORD00014273,2026-09-28 08:00:00,Cashfree,PENDING,560.14,21.04,Rs,2026-09-28 08:00:00
PAY000015121,ORD00013144,2026-09-28 08:00:00,Stripe,SUCCESS,411.46,8.93,Rs,2026-09-28 08:00:00
PAY000015122,ORD00012236,2026-09-28 08:00:00,Cashfree,PENDING,349.32,27.1,INR,2026-09-28 08:00:00
PAY000015123,ORD00014233,2026-09-28 08:00:00,Stripe,SUCCESS,4335.05,32.14,Rs,2026-09-28 08:00:00
PAY000015124,ORD00013663,2026-09-28 08:00:00,Cashfree,FAILED,1430.67,15.54,inr,2026-09-28 08:00:00
PAY000015125,ORD00014647,2026-09-28 08:00:00,PayU,SUCCESS,1738.7,4.24,Rs,2026-09-28 08:00:00
PAY000015126,ORD00012504,2026-09-28 08:00:00,Razorpay,FAILED,1547.83,31.16,Rs,2026-09-28 08:00:00
PAY000015127,ORD00012462,2026-09-28 08:00:00,Razorpay,SUCCESS,1552.91,9.02,INR,2026-09-28 08:00:00
PAY000015128,ORD00012743,2026-09-28 08:00:00,Razorpay,SUCCESS,679.12,4.38,inr,2026-09-28 08:00:00
PAY000015129,ORD00012777,2026-09-28 08:00:00,Stripe,SUCCESS,808.82,24.33,INR,2026-09-28 08:00:00
PAY000015130,ORD00013860,2026-09-28 08:00:00,Stripe,PENDING,1614.03,15.12,Rs,2026-09-28 08:00:00
PAY000015131,ORD00013027,2026-09-28 08:00:00,Razorpay,SUCCESS,2013.65,19.29,Rs,2026-09-28 08:00:00
PAY000015132,ORD00012961,2026-09-28 08:00:00,Stripe,SUCCESS,1964.63,19.56,Rs,2026-09-28 08:00:00
PAY000015133,ORD00012537,2026-09-28 08:00:00,Cashfree,SUCCESS,327.3,22.59,Rs,2026-09-28 08:00:00
PAY000015134,ORD00013188,2026-09-28 08:00:00,razorpay ,SUCCESS,2439.98,30.91,Rs,2026-09-28 08:00:00
PAY000015135,ORD00013468,2026-09-28 08:00:00,Stripe,PENDING,879.23,24.84,Rs,2026-09-28 08:00:00
PAY000015136,ORD00013745,2026-09-28 08:00:00,Razorpay,PENDING,1578.1,31.42,INR,2026-09-28 08:00:00
PAY000015137,ORD00012297,2026-09-28 08:00:00,razorpay ,SUCCESS,1890.04,13.03,inr,2026-09-28 08:00:00
PAY000015138,ORD00013413,2026-09-28 08:00:00,PayU,FAILED,1092.52,20.32,Rs,2026-09-28 08:00:00
PAY000015139,ORD00012166,2026-09-28 08:00:00,Cashfree,SUCCESS,597.23,28.63,inr,2026-09-28 08:00:00
PAY000015140,ORD00012366,2026-09-28 08:00:00,Cashfree,PENDING,854.39,25.43,Rs,2026-09-28 08:00:00
PAY000015141,ORD00012244,2026-09-28 08:00:00,Cashfree,SUCCESS,3619.82,10.79,Rs,2026-09-28 08:00:00
PAY000015142,ORD00014740,2026-09-28 08:00:00,razorpay ,SUCCESS,600.02,6.89,INR,2026-09-28 08:00:00
PAY000015143,ORD00012747,2026-09-28 08:00:00,PayU,SUCCESS,1400.68,33.43,INR,2026-09-28 08:00:00
PAY000015144,ORD00012233,2026-09-28 08:00:00,PayU,SUCCESS,698.51,10.16,Rs,2026-09-28 08:00:00
PAY000015145,ORD00014803,2026-09-28 08:00:00,Razorpay,FAILED,1035.38,31.65,inr,2026-09-28 08:00:00
PAY000015146,ORD00013656,2026-09-28 08:00:00,razorpay ,SUCCESS,1661.99,10.57,INR,2026-09-28 08:00:00
PAY000015147,ORD00014386,2026-09-28 08:00:00,Stripe,SUCCESS,324.46,5.73,inr,2026-09-28 08:00:00
PAY000015148,ORD00012323,2026-09-28 08:00:00,Stripe,SUCCESS,910.24,32.1,INR,2026-09-28 08:00:00
PAY000015149,ORD00012507,2026-09-28 08:00:00,PayU,FAILED,2511.21,20.11,inr,2026-09-28 08:00:00
PAY000015150,ORD00012986,2026-09-28 08:00:00,Razorpay,SUCCESS,1021.8,10.98,INR,2026-09-28 08:00:00
PAY000015151,ORD00013787,2026-09-28 08:00:00,Cashfree,SUCCESS,1089.45,7.02,inr,2026-09-28 08:00:00
PAY000015152,ORD00013771,2026-09-28 08:00:00,Stripe,SUCCESS,1427.85,14.8,inr,2026-09-28 08:00:00
PAY000015153,ORD00013670,2026-09-28 08:00:00,Cashfree,FAILED,242.0,16.46,INR,2026-09-28 08:00:00
PAY000015154,ORD00014170,2026-09-28 08:00:00,Cashfree,FAILED,289.43,29.64,inr,2026-09-28 08:00:00
PAY000015155,ORD00014878,2026-09-28 08:00:00,RAZORPAY,SUCCESS,735.21,2.84,inr,2026-09-28 08:00:00
PAY000015156,ORD00013746,2026-09-28 08:00:00,Cashfree,SUCCESS,548.86,27.13,Rs,2026-09-28 08:00:00
PAY000015157,ORD00012911,2026-09-28 08:00:00,Razorpay,SUCCESS,1730.4,34.92,inr,2026-09-28 08:00:00
PAY000015158,ORD00013457,2026-09-28 08:00:00,Razorpay,SUCCESS,1650.41,14.15,INR,2026-09-28 08:00:00
PAY000015159,ORD00013908,2026-09-28 08:00:00,Razorpay,FAILED,1643.91,28.12,inr,2026-09-28 08:00:00
PAY000015160,ORD00014742,2026-09-28 08:00:00,Razorpay,SUCCESS,453.46,4.5,inr,2026-09-28 08:00:00
PAY000015161,ORD00013717,2026-09-28 08:00:00,PayU,PENDING,1802.07,25.49,INR,2026-09-28 08:00:00
PAY000015162,ORD00012869,2026-09-28 08:00:00,PayU,SUCCESS,518.11,28.82,inr,2026-09-28 08:00:00
PAY000015163,ORD00014143,2026-09-28 08:00:00,PayU,PENDING,638.51,27.12,inr,2026-09-28 08:00:00
PAY000015164,ORD00012902,2026-09-28 08:00:00,razorpay ,SUCCESS,389.46,11.81,inr,2026-09-28 08:00:00
PAY000015165,ORD00014395,2026-09-28 08:00:00,razorpay ,SUCCESS,509.42,6.21,INR,2026-09-28 08:00:00
PAY000015166,ORD00013826,2026-09-28 08:00:00,Stripe,PENDING,1934.88,30.97,inr,2026-09-28 08:00:00
PAY000015167,ORD00012636,2026-09-28 08:00:00,razorpay ,SUCCESS,1496.36,25.68,Rs,2026-09-28 08:00:00
PAY000015168,ORD00013235,2026-09-28 08:00:00,Cashfree,PENDING,571.77,32.92,Rs,2026-09-28 08:00:00
PAY000015169,ORD00013223,2026-09-28 08:00:00,Stripe,PENDING,3047.31,12.83,Rs,2026-09-28 08:00:00
PAY000015170,ORD00012060,2026-09-28 08:00:00,razorpay ,SUCCESS,557.4,29.4,Rs,2026-09-28 08:00:00
PAY000015171,ORD00013542,2026-09-28 08:00:00,PayU,SUCCESS,1980.11,27.98,inr,2026-09-28 08:00:00
PAY000015172,ORD00013926,2026-09-28 08:00:00,razorpay ,SUCCESS,787.31,27.58,inr,2026-09-28 08:00:00
PAY000015173,ORD00014870,2026-09-28 08:00:00,Cashfree,FAILED,930.24,8.97,Rs,2026-09-28 08:00:00
PAY000015174,ORD00012033,2026-09-28 08:00:00,razorpay ,SUCCESS,1450.12,18.9,inr,2026-09-28 08:00:00
PAY000015175,ORD00012302,2026-09-28 08:00:00,PayU,SUCCESS,801.24,33.1,INR,2026-09-28 08:00:00
PAY000015176,ORD00012058,2026-09-28 08:00:00,Razorpay,FAILED,838.99,13.47,INR,2026-09-28 08:00:00
PAY000015177,ORD00014643,2026-09-28 08:00:00,Stripe,SUCCESS,1047.85,25.19,inr,2026-09-28 08:00:00
PAY000015178,ORD00012120,2026-09-28 08:00:00,Cashfree,FAILED,598.01,15.95,inr,2026-09-28 08:00:00
PAY000015179,ORD00013305,2026-09-28 08:00:00,Stripe,SUCCESS,419.72,20.86,Rs,2026-09-28 08:00:00
PAY000015180,ORD00012549,2026-09-28 08:00:00,razorpay ,FAILED,1173.93,30.59,inr,2026-09-28 08:00:00
PAY000015181,ORD00014970,2026-09-28 08:00:00,Stripe,PENDING,2304.81,18.8,inr,2026-09-28 08:00:00
PAY000015182,ORD00013628,2026-09-28 08:00:00,Razorpay,PENDING,2457.69,7.17,inr,2026-09-28 08:00:00
PAY000015183,ORD00013284,2026-09-28 08:00:00,Stripe,PENDING,1194.12,21.82,INR,2026-09-28 08:00:00
PAY000015184,ORD00013573,2026-09-28 08:00:00,PayU,SUCCESS,724.77,17.39,inr,2026-09-28 08:00:00
PAY000015185,ORD00012902,2026-09-28 08:00:00,Stripe,SUCCESS,562.13,18.54,Rs,2026-09-28 08:00:00
PAY000015186,ORD00014032,2026-09-28 08:00:00,Razorpay,SUCCESS,927.2,21.88,INR,2026-09-28 08:00:00
PAY000015187,ORD00014226,2026-09-28 08:00:00,Stripe,SUCCESS,1422.8,9.87,Rs,2026-09-28 08:00:00
PAY000015188,ORD00012299,2026-09-28 08:00:00,razorpay ,SUCCESS,733.12,3.02,Rs,2026-09-28 08:00:00
PAY000015189,ORD00014361,2026-09-28 08:00:00,PayU,SUCCESS,961.91,9.55,Rs,2026-09-28 08:00:00
PAY000015190,ORD00012522,2026-09-28 08:00:00,razorpay ,SUCCESS,1189.86,17.73,inr,2026-09-28 08:00:00
PAY000015191,ORD00013395,2026-09-28 08:00:00,razorpay ,PENDING,2581.43,7.48,inr,2026-09-28 08:00:00
PAY000015192,ORD00013822,2026-09-28 08:00:00,PayU,SUCCESS,695.92,26.78,INR,2026-09-28 08:00:00
PAY000015193,ORD00012423,2026-09-28 08:00:00,Stripe,SUCCESS,1956.0,10.18,Rs,2026-09-28 08:00:00
PAY000015194,ORD00012390,2026-09-28 08:00:00,PayU,SUCCESS,285.83,19.03,INR,2026-09-28 08:00:00
PAY000015195,ORD00012083,2026-09-28 08:00:00,razorpay ,PENDING,355.9,27.29,Rs,2026-09-28 08:00:00
PAY000015196,ORD00013147,2026-09-28 08:00:00,Razorpay,PENDING,906.49,3.87,Rs,2026-09-28 08:00:00
PAY000015197,ORD00014773,2026-09-28 08:00:00,Cashfree,SUCCESS,1248.61,27.98,inr,2026-09-28 08:00:00
PAY000015198,ORD00013613,2026-09-28 08:00:00,Cashfree,PENDING,1764.95,5.8,INR,2026-09-28 08:00:00
PAY000015199,ORD00014508,2026-09-28 08:00:00,razorpay ,PENDING,3060.48,22.62,Rs,2026-09-28 08:00:00
PAY000015200,ORD00012231,2026-09-28 08:00:00,razorpay ,SUCCESS,1699.97,9.12,Rs,2026-09-28 08:00:00
PAY000015201,ORD00014650,2026-09-28 08:00:00,Razorpay,FAILED,1468.8,10.14,inr,2026-09-28 08:00:00
PAY000015202,ORD00013366,2026-09-28 08:00:00,razorpay ,PENDING,275.19,12.79,inr,2026-09-28 08:00:00
PAY000015203,ORD00012635,2026-09-28 08:00:00,PayU,SUCCESS,688.29,23.98,Rs,2026-09-28 08:00:00
PAY000015204,ORD00014252,2026-09-28 08:00:00,razorpay ,SUCCESS,1528.24,4.32,INR,2026-09-28 08:00:00
PAY000015205,ORD00012617,2026-09-28 08:00:00,PayU,PENDING,582.42,29.86,INR,2026-09-28 08:00:00
PAY000015206,ORD00012900,2026-09-28 08:00:00,Cashfree,FAILED,449.44,4.22,inr,2026-09-28 08:00:00
PAY000015207,ORD00014491,2026-09-28 08:00:00,PayU,PENDING,1214.63,15.25,Rs,2026-09-28 08:00:00
PAY000015208,ORD00014373,2026-09-28 08:00:00,Razorpay,SUCCESS,1403.93,28.15,Rs,2026-09-28 08:00:00
PAY000015209,ORD00014034,2026-09-28 08:00:00,razorpay ,SUCCESS,1296.74,11.36,Rs,2026-09-28 08:00:00
PAY000015210,ORD00012804,2026-09-28 08:00:00,Razorpay,SUCCESS,2342.36,17.07,inr,2026-09-28 08:00:00
PAY000015211,ORD00014078,2026-09-28 08:00:00,Razorpay,SUCCESS,686.18,28.91,INR,2026-09-28 08:00:00
PAY000015212,ORD00013978,2026-09-28 08:00:00,Razorpay,SUCCESS,962.38,3.04,INR,2026-09-28 08:00:00
PAY000015213,ORD00012808,2026-09-28 08:00:00,razorpay ,FAILED,1237.62,7.47,INR,2026-09-28 08:00:00
PAY000015214,ORD00014753,2026-09-28 08:00:00,Razorpay,SUCCESS,2089.6,24.61,inr,2026-09-28 08:00:00
PAY000015215,ORD00012388,2026-09-28 08:00:00,Razorpay,SUCCESS,2239.18,22.7,INR,2026-09-28 08:00:00
PAY000015216,ORD00013732,2026-09-28 08:00:00,Stripe,SUCCESS,1174.99,2.96,INR,2026-09-28 08:00:00
PAY000015217,ORD00014163,2026-09-28 08:00:00,razorpay ,FAILED,1038.44,11.67,INR,2026-09-28 08:00:00
PAY000015218,ORD00013043,2026-09-28 08:00:00,Razorpay,FAILED,1250.38,16.66,Rs,2026-09-28 08:00:00
PAY000015219,ORD00014770,2026-09-28 08:00:00,Razorpay,SUCCESS,1521.62,25.92,inr,2026-09-28 08:00:00
PAY000015220,ORD00014655,2026-09-28 08:00:00,razorpay ,SUCCESS,1336.47,7.72,Rs,2026-09-28 08:00:00
PAY000015221,ORD00014625,2026-09-28 08:00:00,Stripe,SUCCESS,1207.08,24.28,Rs,2026-09-28 08:00:00
PAY000015222,ORD00012121,2026-09-28 08:00:00,Razorpay,SUCCESS,1813.65,26.01,Rs,2026-09-28 08:00:00
PAY000015223,ORD00012316,2026-09-28 08:00:00,Stripe,SUCCESS,657.32,14.89,INR,2026-09-28 08:00:00
PAY000015224,ORD00014791,2026-09-28 08:00:00,razorpay ,PENDING,986.03,27.96,Rs,2026-09-28 08:00:00
PAY000015225,ORD00013793,2026-09-28 08:00:00,Cashfree,PENDING,1261.27,30.79,INR,2026-09-28 08:00:00
PAY000015226,ORD00014658,2026-09-28 08:00:00,Stripe,SUCCESS,1594.86,26.62,INR,2026-09-28 08:00:00
PAY000015227,ORD00012558,2026-09-28 08:00:00,razorpay ,SUCCESS,1154.81,15.73,INR,2026-09-28 08:00:00
PAY000015228,ORD00013235,2026-09-28 08:00:00,Stripe,FAILED,1303.06,32.41,INR,2026-09-28 08:00:00
PAY000015229,ORD00013549,2026-09-28 08:00:00,razorpay ,PENDING,894.07,27.95,Rs,2026-09-28 08:00:00
PAY000015230,ORD00012009,2026-09-28 08:00:00,razorpay ,SUCCESS,635.31,23.53,INR,2026-09-28 08:00:00
PAY000015231,ORD00014184,2026-09-28 08:00:00,PayU,PENDING,2797.32,12.95,INR,2026-09-28 08:00:00
PAY000015232,ORD00013268,2026-09-28 08:00:00,Stripe,SUCCESS,2180.62,34.62,INR,2026-09-28 08:00:00
PAY000015233,ORD00014904,2026-09-28 08:00:00,Cashfree,SUCCESS,1030.92,33.92,Rs,2026-09-28 08:00:00
PAY000015234,ORD00013841,2026-09-28 08:00:00,Razorpay,SUCCESS,1030.73,33.08,inr,2026-09-28 08:00:00
PAY000015235,ORD00013756,2026-09-28 08:00:00,PayU,SUCCESS,1090.06,7.98,Rs,2026-09-28 08:00:00
PAY000015236,ORD00014057,2026-09-28 08:00:00,Stripe,SUCCESS,3237.38,8.87,inr,2026-09-28 08:00:00
PAY000015237,ORD00014114,2026-09-28 08:00:00,PayU,SUCCESS,2121.69,6.02,Rs,2026-09-28 08:00:00
PAY000015238,ORD00014594,2026-09-28 08:00:00,Cashfree,SUCCESS,1049.94,10.87,Rs,2026-09-28 08:00:00
PAY000015239,ORD00014114,2026-09-28 08:00:00,Stripe,PENDING,2524.74,30.34,inr,2026-09-28 08:00:00
PAY000015240,ORD00012222,2026-09-28 08:00:00,Stripe,SUCCESS,1200.51,11.57,Rs,2026-09-28 08:00:00
PAY000015241,ORD00013313,2026-09-28 08:00:00,Cashfree,SUCCESS,1622.95,23.31,INR,2026-09-28 08:00:00
PAY000015242,ORD00013624,2026-09-28 08:00:00,Razorpay,SUCCESS,1631.12,16.66,Rs,2026-09-28 08:00:00
PAY000015243,ORD00012632,2026-09-28 08:00:00,Cashfree,SUCCESS,496.47,19.79,Rs,2026-09-28 08:00:00
PAY000015244,ORD00014696,2026-09-28 08:00:00,razorpay ,SUCCESS,979.32,9.81,Rs,2026-09-28 08:00:00
PAY000015245,ORD00014764,2026-09-28 08:00:00,Cashfree,SUCCESS,1286.68,10.73,inr,2026-09-28 08:00:00
PAY000015246,ORD00012387,2026-09-28 08:00:00,Razorpay,SUCCESS,2039.17,11.17,inr,2026-09-28 08:00:00
PAY000015247,ORD00014003,2026-09-28 08:00:00,razorpay ,PENDING,732.49,17.85,INR,2026-09-28 08:00:00
PAY000015248,ORD00013077,2026-09-28 08:00:00,PayU,FAILED,2108.54,25.03,Rs,2026-09-28 08:00:00
PAY000015249,ORD00013531,2026-09-28 08:00:00,Cashfree,SUCCESS,293.05,26.16,INR,2026-09-28 08:00:00
PAY000015250,ORD00012798,2026-09-28 08:00:00,Razorpay,SUCCESS,1259.26,30.13,inr,2026-09-28 08:00:00
PAY000015251,ORD00014922,2026-09-28 08:00:00,PayU,SUCCESS,1219.25,14.62,inr,2026-09-28 08:00:00
PAY000015252,ORD00012829,2026-09-28 08:00:00,Stripe,SUCCESS,1645.28,32.89,inr,2026-09-28 08:00:00
PAY000015253,ORD00012840,2026-09-28 08:00:00,razorpay ,SUCCESS,1213.81,20.56,inr,2026-09-28 08:00:00
PAY000015254,ORD00013694,2026-09-28 08:00:00,PayU,PENDING,3147.61,10.13,INR,2026-09-28 08:00:00
PAY000015255,ORD00013726,2026-09-28 08:00:00,Cashfree,SUCCESS,517.45,32.55,inr,2026-09-28 08:00:00
PAY000015256,ORD00014608,2026-09-28 08:00:00,Stripe,SUCCESS,2476.4,12.74,inr,2026-09-28 08:00:00
PAY000015257,ORD00012583,2026-09-28 08:00:00,Cashfree,SUCCESS,4712.14,23.33,INR,2026-09-28 08:00:00
PAY000015258,ORD00014933,2026-09-28 08:00:00,PayU,SUCCESS,534.18,24.98,Rs,2026-09-28 08:00:00
PAY000015259,ORD00013676,2026-09-28 08:00:00,Cashfree,PENDING,1500.09,12.25,inr,2026-09-28 08:00:00
PAY000015260,ORD00014863,2026-09-28 08:00:00,Cashfree,PENDING,533.23,26.54,INR,2026-09-28 08:00:00
PAY000015261,ORD00013316,2026-09-28 08:00:00,PayU,SUCCESS,409.47,33.37,inr,2026-09-28 08:00:00
PAY000015262,ORD00014615,2026-09-28 08:00:00,Razorpay,FAILED,560.55,29.91,INR,2026-09-28 08:00:00
PAY000015263,ORD00014167,2026-09-28 08:00:00,Cashfree,SUCCESS,2758.41,13.1,Rs,2026-09-28 08:00:00
PAY000015264,ORD00013375,2026-09-28 08:00:00,razorpay ,SUCCESS,651.75,28.06,inr,2026-09-28 08:00:00
PAY000015265,ORD00014597,2026-09-28 08:00:00,PayU,SUCCESS,7059.39,4.85,inr,2026-09-28 08:00:00
PAY000015266,ORD00014728,2026-09-28 08:00:00,PayU,SUCCESS,969.89,31.2,inr,2026-09-28 08:00:00
PAY000015267,ORD00013333,2026-09-28 08:00:00,Cashfree,PENDING,1722.61,11.13,Rs,2026-09-28 08:00:00
PAY000015268,ORD00013164,2026-09-28 08:00:00,razorpay ,SUCCESS,853.76,7.71,inr,2026-09-28 08:00:00
PAY000015269,ORD00014558,2026-09-28 08:00:00,razorpay ,PENDING,2487.83,34.06,inr,2026-09-28 08:00:00
PAY000015270,ORD00012457,2026-09-28 08:00:00,PayU,SUCCESS,1727.69,30.77,INR,2026-09-28 08:00:00
PAY000015271,ORD00012621,2026-09-28 08:00:00,Razorpay,FAILED,1265.18,11.19,inr,2026-09-28 08:00:00
PAY000015272,ORD00012628,2026-09-28 08:00:00,Stripe,SUCCESS,1188.69,14.35,INR,2026-09-28 08:00:00
PAY000015273,ORD00014507,2026-09-28 08:00:00,PayU,SUCCESS,1182.61,12.49,Rs,2026-09-28 08:00:00
PAY000015274,ORD00012709,2026-09-28 08:00:00,PayU,FAILED,458.67,19.95,inr,2026-09-28 08:00:00
PAY000015275,ORD00013461,2026-09-28 08:00:00,Cashfree,SUCCESS,2629.58,22.79,INR,2026-09-28 08:00:00
PAY000015276,ORD00014154,2026-09-28 08:00:00,Cashfree,SUCCESS,1154.7,32.16,Rs,2026-09-28 08:00:00
PAY000015277,ORD00012958,2026-09-28 08:00:00,Razorpay,SUCCESS,647.42,27.33,inr,2026-09-28 08:00:00
PAY000015278,ORD00014385,2026-09-28 08:00:00,razorpay ,SUCCESS,976.21,15.93,Rs,2026-09-28 08:00:00
PAY000015279,ORD00014087,2026-09-28 08:00:00,Stripe,SUCCESS,638.35,28.71,inr,2026-09-28 08:00:00
PAY000015280,ORD00012895,2026-09-28 08:00:00,Razorpay,FAILED,864.84,4.95,Rs,2026-09-28 08:00:00
PAY000015281,ORD00014298,2026-09-28 08:00:00,Cashfree,FAILED,631.92,27.65,inr,2026-09-28 08:00:00
PAY000015282,ORD00013046,2026-09-28 08:00:00,Stripe,SUCCESS,11656.2,25.96,Rs,2026-09-28 08:00:00
PAY000015283,ORD00013890,2026-09-28 08:00:00,PayU,FAILED,1671.65,4.9,Rs,2026-09-28 08:00:00
PAY000015284,ORD00013169,2026-09-28 08:00:00,Cashfree,SUCCESS,1488.2,25.36,inr,2026-09-28 08:00:00
PAY000015285,ORD00014636,2026-09-28 08:00:00,Cashfree,PENDING,553.29,17.64,INR,2026-09-28 08:00:00
PAY000015286,ORD00012635,2026-09-28 08:00:00,Razorpay,PENDING,1965.65,5.0,INR,2026-09-28 08:00:00
PAY000015287,ORD00014469,2026-09-28 08:00:00,Razorpay,SUCCESS,1590.88,4.73,inr,2026-09-28 08:00:00
PAY000015288,ORD00013259,2026-09-28 08:00:00,Razorpay,SUCCESS,501.57,5.21,INR,2026-09-28 08:00:00
PAY000015289,ORD00012418,2026-09-28 08:00:00,razorpay ,FAILED,455.41,31.73,INR,2026-09-28 08:00:00
PAY000015290,ORD00013682,2026-09-28 08:00:00,razorpay ,SUCCESS,1810.96,16.14,Rs,2026-09-28 08:00:00
PAY000015291,ORD00013956,2026-09-28 08:00:00,Stripe,FAILED,1382.35,12.85,inr,2026-09-28 08:00:00
PAY000015292,ORD00013834,2026-09-28 08:00:00,Cashfree,SUCCESS,549.3,27.63,INR,2026-09-28 08:00:00
PAY000015293,ORD00013670,2026-09-28 08:00:00,PayU,PENDING,318.89,33.58,Rs,2026-09-28 08:00:00
PAY000015294,ORD00013099,2026-09-28 08:00:00,PayU,SUCCESS,310.16,11.1,inr,2026-09-28 08:00:00
PAY000015295,ORD00014614,2026-09-28 08:00:00,Stripe,SUCCESS,767.54,16.93,Rs,2026-09-28 08:00:00
PAY000015296,ORD00012706,2026-09-28 08:00:00,Razorpay,SUCCESS,3493.99,19.63,inr,2026-09-28 08:00:00
PAY000015297,ORD00013642,2026-09-28 08:00:00,Stripe,SUCCESS,542.21,23.54,Rs,2026-09-28 08:00:00
PAY000015298,ORD00013029,2026-09-28 08:00:00,PayU,SUCCESS,1919.47,22.31,Rs,2026-09-28 08:00:00
PAY000015299,ORD00014319,2026-09-28 08:00:00,PayU,SUCCESS,655.49,19.23,INR,2026-09-28 08:00:00
PAY000015300,ORD00012595,2026-09-28 08:00:00,Cashfree,PENDING,2850.74,15.0,Rs,2026-09-28 08:00:00
PAY000015301,ORD00013390,2026-09-28 08:00:00,Razorpay,FAILED,1425.16,17.41,Rs,2026-09-28 08:00:00
PAY000015302,ORD00014375,2026-09-28 08:00:00,Stripe,SUCCESS,723.65,19.87,inr,2026-09-28 08:00:00
PAY000015303,ORD00014444,2026-09-28 08:00:00,PayU,FAILED,1863.85,11.22,Rs,2026-09-28 08:00:00
PAY000015304,ORD00012973,2026-09-28 08:00:00,razorpay ,PENDING,1941.94,31.21,Rs,2026-09-28 08:00:00
PAY000015305,ORD00014330,2026-09-28 08:00:00,Razorpay,SUCCESS,1083.75,14.28,inr,2026-09-28 08:00:00
PAY000015306,ORD00014984,2026-09-28 08:00:00,PayU,SUCCESS,4410.48,19.18,inr,2026-09-28 08:00:00
PAY000015307,ORD00013622,2026-09-28 08:00:00,Stripe,PENDING,3150.09,9.49,inr,2026-09-28 08:00:00
PAY000015308,ORD00013823,2026-09-28 08:00:00,Stripe,PENDING,2941.79,6.07,inr,2026-09-28 08:00:00
PAY000015309,ORD00013438,2026-09-28 08:00:00,Cashfree,SUCCESS,976.49,2.94,Rs,2026-09-28 08:00:00
PAY000015310,ORD00012392,2026-09-28 08:00:00,razorpay ,FAILED,1163.19,12.42,INR,2026-09-28 08:00:00
PAY000015311,ORD00013055,2026-09-28 08:00:00,Cashfree,SUCCESS,775.11,12.4,INR,2026-09-28 08:00:00
PAY000015312,ORD00013429,2026-09-28 08:00:00,Razorpay,SUCCESS,483.2,31.38,Rs,2026-09-28 08:00:00
PAY000015313,ORD00013317,2026-09-28 08:00:00,Razorpay,SUCCESS,1702.2,3.83,INR,2026-09-28 08:00:00
PAY000015314,ORD00014057,2026-09-28 08:00:00,PayU,FAILED,981.25,24.8,Rs,2026-09-28 08:00:00
PAY000015315,ORD00014048,2026-09-28 08:00:00,Stripe,PENDING,2038.06,33.26,Rs,2026-09-28 08:00:00
PAY000015316,ORD00012199,2026-09-28 08:00:00,Razorpay,SUCCESS,720.55,11.8,INR,2026-09-28 08:00:00
PAY000015317,ORD00013942,2026-09-28 08:00:00,Cashfree,SUCCESS,2780.87,9.99,inr,2026-09-28 08:00:00
PAY000015318,ORD00014689,2026-09-28 08:00:00,Stripe,SUCCESS,430.85,29.17,inr,2026-09-28 08:00:00
PAY000015319,ORD00012854,2026-09-28 08:00:00,Stripe,SUCCESS,2116.71,16.61,INR,2026-09-28 08:00:00
PAY000015320,ORD00013317,2026-09-28 08:00:00,Razorpay,SUCCESS,939.41,5.05,INR,2026-09-28 08:00:00
PAY000015321,ORD00014705,2026-09-28 08:00:00,Stripe,SUCCESS,1563.13,4.77,Rs,2026-09-28 08:00:00
PAY000015322,ORD00014988,2026-09-28 08:00:00,Razorpay,SUCCESS,541.54,33.47,inr,2026-09-28 08:00:00
PAY000015323,ORD00013004,2026-09-28 08:00:00,PayU,FAILED,1131.91,4.01,Rs,2026-09-28 08:00:00
PAY000015324,ORD00012781,2026-09-28 08:00:00,razorpay ,SUCCESS,2447.96,15.77,Rs,2026-09-28 08:00:00
PAY000015325,ORD00014122,2026-09-28 08:00:00,razorpay ,SUCCESS,1719.52,27.87,Rs,2026-09-28 08:00:00
PAY000015326,ORD00013538,2026-09-28 08:00:00,Stripe,SUCCESS,1818.78,24.26,Rs,2026-09-28 08:00:00
PAY000015327,ORD00013304,2026-09-28 08:00:00,razorpay ,SUCCESS,2557.47,12.78,inr,2026-09-28 08:00:00
PAY000015328,ORD00014752,2026-09-28 08:00:00,PayU,PENDING,691.77,21.05,INR,2026-09-28 08:00:00
PAY000015329,ORD00012981,2026-09-28 08:00:00,razorpay ,SUCCESS,2179.9,20.71,inr,2026-09-28 08:00:00
PAY000015330,ORD00012523,2026-09-28 08:00:00,PayU,FAILED,2199.54,25.84,Rs,2026-09-28 08:00:00
PAY000015331,ORD00013694,2026-09-28 08:00:00,PayU,SUCCESS,560.53,26.28,Rs,2026-09-28 08:00:00
PAY000015332,ORD00013786,2026-09-28 08:00:00,PayU,SUCCESS,1688.12,10.12,Rs,2026-09-28 08:00:00
PAY000015333,ORD00013945,2026-09-28 08:00:00,PayU,SUCCESS,687.69,10.34,inr,2026-09-28 08:00:00
PAY000015334,ORD00013428,2026-09-28 08:00:00,razorpay ,SUCCESS,1858.4,8.86,inr,2026-09-28 08:00:00
PAY000015335,ORD00012274,2026-09-28 08:00:00,razorpay ,SUCCESS,1156.69,6.4,inr,2026-09-28 08:00:00
PAY000015336,ORD00014272,2026-09-28 08:00:00,Cashfree,PENDING,1032.59,15.64,inr,2026-09-28 08:00:00
PAY000015337,ORD00012393,2026-09-28 08:00:00,Stripe,SUCCESS,1881.39,10.58,Rs,2026-09-28 08:00:00
PAY000015338,ORD00013607,2026-09-28 08:00:00,Razorpay,FAILED,680.52,11.69,INR,2026-09-28 08:00:00
PAY000015339,ORD00012090,2026-09-28 08:00:00,Razorpay,SUCCESS,2044.67,4.87,inr,2026-09-28 08:00:00
PAY000015340,ORD00012504,2026-09-28 08:00:00,Cashfree,SUCCESS,1642.36,23.66,Rs,2026-09-28 08:00:00
PAY000015341,ORD00014627,2026-09-28 08:00:00,Cashfree,FAILED,1203.37,6.64,Rs,2026-09-28 08:00:00
PAY000015342,ORD00013031,2026-09-28 08:00:00,PayU,SUCCESS,1170.36,27.52,inr,2026-09-28 08:00:00
PAY000015343,ORD00013682,2026-09-28 08:00:00,razorpay ,SUCCESS,1389.77,9.5,inr,2026-09-28 08:00:00
PAY000015344,ORD00014071,2026-09-28 08:00:00,Cashfree,PENDING,1236.31,33.53,Rs,2026-09-28 08:00:00
PAY000015345,ORD00012269,2026-09-28 08:00:00,RAZORPAY,SUCCESS,2855.88,18.58,Rs,2026-09-28 08:00:00
PAY000015346,ORD00013869,2026-09-28 08:00:00,Stripe,FAILED,1071.43,33.14,INR,2026-09-28 08:00:00
PAY000015347,ORD00012805,2026-09-28 08:00:00,Razorpay,SUCCESS,859.87,24.64,inr,2026-09-28 08:00:00
PAY000015348,ORD00013758,2026-09-28 08:00:00,razorpay ,PENDING,1974.69,9.05,INR,2026-09-28 08:00:00
PAY000015349,ORD00012479,2026-09-28 08:00:00,Cashfree,SUCCESS,1606.77,30.03,inr,2026-09-28 08:00:00
PAY000015350,ORD00012583,2026-09-28 08:00:00,razorpay ,SUCCESS,580.61,27.38,inr,2026-09-28 08:00:00
PAY000015351,ORD00012479,2026-09-28 08:00:00,razorpay ,SUCCESS,1479.34,12.93,Rs,2026-09-28 08:00:00
PAY000015352,ORD00012233,2026-09-28 08:00:00,Stripe,FAILED,1072.34,24.22,INR,2026-09-28 08:00:00
PAY000015353,ORD00013944,2026-09-28 08:00:00,Cashfree,SUCCESS,2147.46,30.6,Rs,2026-09-28 08:00:00
PAY000015354,ORD00012146,2026-09-28 08:00:00,Cashfree,SUCCESS,243.44,9.4,INR,2026-09-28 08:00:00
PAY000015355,ORD00012149,2026-09-28 08:00:00,Razorpay,SUCCESS,436.1,25.15,INR,2026-09-28 08:00:00
PAY000015356,ORD00012868,2026-09-28 08:00:00,Razorpay,SUCCESS,1112.7,12.58,inr,2026-09-28 08:00:00
PAY000015357,ORD00013921,2026-09-28 08:00:00,Razorpay,FAILED,2624.51,11.64,Rs,2026-09-28 08:00:00
PAY000015358,ORD00012869,2026-09-28 08:00:00,PayU,FAILED,871.83,19.72,Rs,2026-09-28 08:00:00
PAY000015359,ORD00013548,2026-09-28 08:00:00,Cashfree,SUCCESS,2899.17,25.61,inr,2026-09-28 08:00:00
PAY000015360,ORD00012772,2026-09-28 08:00:00,Cashfree,PENDING,789.94,29.44,inr,2026-09-28 08:00:00
PAY000015361,ORD00013212,2026-09-28 08:00:00,Razorpay,PENDING,2477.75,21.03,Rs,2026-09-28 08:00:00
PAY000015362,ORD00014073,2026-09-28 08:00:00,PayU,SUCCESS,3307.02,23.68,inr,2026-09-28 08:00:00
PAY000015363,ORD00014878,2026-09-28 08:00:00,Stripe,SUCCESS,4552.96,23.24,Rs,2026-09-28 08:00:00
PAY000015364,ORD00014973,2026-09-28 08:00:00,Cashfree,PENDING,1480.8,3.85,INR,2026-09-28 08:00:00
PAY000015365,ORD00013742,2026-09-28 08:00:00,PayU,FAILED,568.14,21.68,inr,2026-09-28 08:00:00
PAY000015366,ORD00012262,2026-09-28 08:00:00,PayU,SUCCESS,729.37,16.94,INR,2026-09-28 08:00:00
PAY000015367,ORD00014808,2026-09-28 08:00:00,razorpay ,SUCCESS,655.78,17.82,Rs,2026-09-28 08:00:00
PAY000015368,ORD00012595,2026-09-28 08:00:00,Cashfree,SUCCESS,718.57,28.08,inr,2026-09-28 08:00:00
PAY000015369,ORD00013825,2026-09-28 08:00:00,Stripe,PENDING,871.42,17.72,INR,2026-09-28 08:00:00
PAY000015370,ORD00013385,2026-09-28 08:00:00,Stripe,FAILED,377.04,22.31,Rs,2026-09-28 08:00:00
PAY000015371,ORD00012448,2026-09-28 08:00:00,Cashfree,FAILED,500.43,3.35,INR,2026-09-28 08:00:00
PAY000015372,ORD00014086,2026-09-28 08:00:00,razorpay ,SUCCESS,1029.82,30.24,inr,2026-09-28 08:00:00
PAY000015373,ORD00012655,2026-09-28 08:00:00,PayU,PENDING,2188.5,34.26,INR,2026-09-28 08:00:00
PAY000015374,ORD00012147,2026-09-28 08:00:00,Cashfree,SUCCESS,905.18,26.59,inr,2026-09-28 08:00:00
PAY000015375,ORD00012164,2026-09-28 08:00:00,Razorpay,SUCCESS,537.77,32.47,Rs,2026-09-28 08:00:00
PAY000015376,ORD00012415,2026-09-28 08:00:00,Razorpay,SUCCESS,928.08,22.4,INR,2026-09-28 08:00:00
PAY000015377,ORD00012407,2026-09-28 08:00:00,razorpay ,SUCCESS,1832.83,16.46,inr,2026-09-28 08:00:00
PAY000015378,ORD00013132,2026-09-28 08:00:00,Stripe,FAILED,1686.75,16.49,Rs,2026-09-28 08:00:00
PAY000015379,ORD00014066,2026-09-28 08:00:00,Razorpay,SUCCESS,1314.8,5.85,INR,2026-09-28 08:00:00
PAY000015380,ORD00013317,2026-09-28 08:00:00,Cashfree,PENDING,965.33,7.23,INR,2026-09-28 08:00:00
PAY000015381,ORD00014302,2026-09-28 08:00:00,Stripe,PENDING,2835.28,6.74,INR,2026-09-28 08:00:00
PAY000015382,ORD00012358,2026-09-28 08:00:00,PayU,SUCCESS,511.7,3.79,inr,2026-09-28 08:00:00
PAY000015383,ORD00013683,2026-09-28 08:00:00,PayU,SUCCESS,1450.72,11.21,Rs,2026-09-28 08:00:00
PAY000015384,ORD00014601,2026-09-28 08:00:00,Cashfree,SUCCESS,5286.54,13.12,inr,2026-09-28 08:00:00
PAY000015385,ORD00013179,2026-09-28 08:00:00,razorpay ,SUCCESS,631.38,12.12,Rs,2026-09-28 08:00:00
PAY000015386,ORD00013918,2026-09-28 08:00:00,Cashfree,FAILED,1199.28,14.29,inr,2026-09-28 08:00:00
PAY000015387,ORD00012832,2026-09-28 08:00:00,Stripe,PENDING,682.39,33.74,Rs,2026-09-28 08:00:00
PAY000015388,ORD00012767,2026-09-28 08:00:00,razorpay ,SUCCESS,616.04,20.05,Rs,2026-09-28 08:00:00
PAY000015389,ORD00014848,2026-09-28 08:00:00,Cashfree,SUCCESS,548.07,19.28,inr,2026-09-28 08:00:00
PAY000015390,ORD00013674,2026-09-28 08:00:00,razorpay ,SUCCESS,1319.22,26.45,Rs,2026-09-28 08:00:00
PAY000015391,ORD00012150,2026-09-28 08:00:00,Razorpay,SUCCESS,1890.95,29.12,INR,2026-09-28 08:00:00
PAY000015392,ORD00012403,2026-09-28 08:00:00,PayU,SUCCESS,2005.08,20.94,Rs,2026-09-28 08:00:00
PAY000015393,ORD00014730,2026-09-28 08:00:00,Cashfree,PENDING,774.03,11.73,INR,2026-09-28 08:00:00
PAY000015394,ORD00014743,2026-09-28 08:00:00,Cashfree,SUCCESS,1288.34,16.86,Rs,2026-09-28 08:00:00
PAY000015395,ORD00014700,2026-09-28 08:00:00,Stripe,PENDING,1873.01,18.44,INR,2026-09-28 08:00:00
PAY000015396,ORD00012387,2026-09-28 08:00:00,Cashfree,FAILED,1503.15,9.66,Rs,2026-09-28 08:00:00
PAY000015397,ORD00014127,2026-09-28 08:00:00,Cashfree,SUCCESS,351.43,7.32,INR,2026-09-28 08:00:00
PAY000015398,ORD00014524,2026-09-28 08:00:00,Cashfree,PENDING,1175.94,22.83,Rs,2026-09-28 08:00:00
PAY000015399,ORD00012563,2026-09-28 08:00:00,razorpay ,FAILED,770.95,22.86,INR,2026-09-28 08:00:00
PAY000015400,ORD00012210,2026-09-28 08:00:00,PayU,PENDING,986.5,23.81,Rs,2026-09-28 08:00:00
PAY000015401,ORD00012542,2026-09-28 08:00:00,Razorpay,SUCCESS,959.84,10.55,inr,2026-09-28 08:00:00
PAY000015402,ORD00013668,2026-09-28 08:00:00,razorpay ,SUCCESS,1731.72,17.45,Rs,2026-09-28 08:00:00
PAY000015403,ORD00013845,2026-09-28 08:00:00,Stripe,SUCCESS,2440.79,14.52,Rs,2026-09-28 08:00:00
PAY000015404,ORD00013768,2026-09-28 08:00:00,Razorpay,SUCCESS,1128.19,18.21,inr,2026-09-28 08:00:00
PAY000015405,ORD00013180,2026-09-28 08:00:00,Razorpay,SUCCESS,1114.81,17.52,inr,2026-09-28 08:00:00
PAY000015406,ORD00014589,2026-09-28 08:00:00,razorpay ,SUCCESS,1055.25,20.19,inr,2026-09-28 08:00:00
PAY000015407,ORD00013684,2026-09-28 08:00:00,Stripe,SUCCESS,1739.53,5.07,Rs,2026-09-28 08:00:00
PAY000015408,ORD00014961,2026-09-28 08:00:00,Stripe,SUCCESS,4634.24,4.59,Rs,2026-09-28 08:00:00
PAY000015409,ORD00013878,2026-09-28 08:00:00,razorpay ,SUCCESS,2285.94,30.25,Rs,2026-09-28 08:00:00
PAY000015410,ORD00013905,2026-09-28 08:00:00,razorpay ,SUCCESS,730.48,22.88,Rs,2026-09-28 08:00:00
PAY000015411,ORD00012652,2026-09-28 08:00:00,PayU,SUCCESS,2318.84,2.52,inr,2026-09-28 08:00:00
PAY000015412,ORD00014484,2026-09-28 08:00:00,Stripe,FAILED,2374.09,5.73,inr,2026-09-28 08:00:00
PAY000015413,ORD00013531,2026-09-28 08:00:00,Stripe,SUCCESS,726.76,33.92,INR,2026-09-28 08:00:00
PAY000015414,ORD00013017,2026-09-28 08:00:00,razorpay ,SUCCESS,1454.23,7.17,inr,2026-09-28 08:00:00
PAY000015415,ORD00012013,2026-09-28 08:00:00,razorpay ,FAILED,1583.73,25.07,Rs,2026-09-28 08:00:00
PAY000015416,ORD00013211,2026-09-28 08:00:00,PayU,SUCCESS,1346.51,30.95,INR,2026-09-28 08:00:00
PAY000015417,ORD00013663,2026-09-28 08:00:00,PayU,FAILED,1000.05,22.41,INR,2026-09-28 08:00:00
PAY000015418,ORD00013327,2026-09-28 08:00:00,Razorpay,FAILED,2652.49,24.11,INR,2026-09-28 08:00:00
PAY000015419,ORD00012229,2026-09-28 08:00:00,Cashfree,SUCCESS,949.13,4.67,INR,2026-09-28 08:00:00
PAY000015420,ORD00014890,2026-09-28 08:00:00,Stripe,SUCCESS,3127.94,9.59,Rs,2026-09-28 08:00:00
PAY000015421,ORD00013387,2026-09-28 08:00:00,Cashfree,PENDING,1606.46,8.31,Rs,2026-09-28 08:00:00
PAY000015422,ORD00014791,2026-09-28 08:00:00,Razorpay,FAILED,800.15,12.11,inr,2026-09-28 08:00:00
PAY000015423,ORD00014368,2026-09-28 08:00:00,Razorpay,SUCCESS,1192.11,3.65,INR,2026-09-28 08:00:00
PAY000015424,ORD00013931,2026-09-28 08:00:00,Stripe,FAILED,664.37,23.56,inr,2026-09-28 08:00:00
PAY000015425,ORD00014426,2026-09-28 08:00:00,PayU,SUCCESS,1194.38,19.27,inr,2026-09-28 08:00:00
PAY000015426,ORD00012685,2026-09-28 08:00:00,razorpay ,PENDING,1174.1,30.02,INR,2026-09-28 08:00:00
PAY000015427,ORD00012983,2026-09-28 08:00:00,Stripe,SUCCESS,2509.09,12.25,INR,2026-09-28 08:00:00
PAY000015428,ORD00012422,2026-09-28 08:00:00,Cashfree,SUCCESS,385.55,14.54,Rs,2026-09-28 08:00:00
PAY000015429,ORD00014608,2026-09-28 08:00:00,razorpay ,FAILED,618.17,27.61,inr,2026-09-28 08:00:00
PAY000015430,ORD00014709,2026-09-28 08:00:00,Razorpay,SUCCESS,1046.91,11.01,inr,2026-09-28 08:00:00
PAY000015431,ORD00013046,2026-09-28 08:00:00,Stripe,SUCCESS,1058.04,13.42,INR,2026-09-28 08:00:00
PAY000015432,ORD00012418,2026-09-28 08:00:00,PayU,SUCCESS,1510.65,14.49,INR,2026-09-28 08:00:00
PAY000015433,ORD00013709,2026-09-28 08:00:00,Cashfree,SUCCESS,2475.56,4.82,inr,2026-09-28 08:00:00
PAY000015434,ORD00014717,2026-09-28 08:00:00,Razorpay,PENDING,2175.7,32.33,INR,2026-09-28 08:00:00
PAY000015435,ORD00014587,2026-09-28 08:00:00,Razorpay,SUCCESS,504.41,10.88,INR,2026-09-28 08:00:00
PAY000015436,ORD00013424,2026-09-28 08:00:00,Razorpay,PENDING,808.12,24.79,Rs,2026-09-28 08:00:00
PAY000015437,ORD00014337,2026-09-28 08:00:00,PayU,FAILED,646.96,13.34,Rs,2026-09-28 08:00:00
PAY000015438,ORD00013215,2026-09-28 08:00:00,Stripe,SUCCESS,2914.05,14.63,Rs,2026-09-28 08:00:00
PAY000015439,ORD00014052,2026-09-28 08:00:00,razorpay ,SUCCESS,590.57,16.59,Rs,2026-09-28 08:00:00
PAY000015440,ORD00014636,2026-09-28 08:00:00,razorpay ,SUCCESS,1630.25,19.42,inr,2026-09-28 08:00:00
PAY000015441,ORD00013754,2026-09-28 08:00:00,Stripe,SUCCESS,454.52,16.84,inr,2026-09-28 08:00:00
PAY000015442,ORD00012368,2026-09-28 08:00:00,razorpay ,SUCCESS,1454.65,17.78,Rs,2026-09-28 08:00:00
PAY000015443,ORD00013697,2026-09-28 08:00:00,Stripe,SUCCESS,286.85,22.24,Rs,2026-09-28 08:00:00
PAY000015444,ORD00013954,2026-09-28 08:00:00,PayU,PENDING,652.95,3.87,INR,2026-09-28 08:00:00
PAY000015445,ORD00013207,2026-09-28 08:00:00,Razorpay,PENDING,1808.87,21.16,inr,2026-09-28 08:00:00
PAY000015446,ORD00014602,2026-09-28 08:00:00,PayU,FAILED,744.63,12.34,inr,2026-09-28 08:00:00
PAY000015447,ORD00012782,2026-09-28 08:00:00,Cashfree,SUCCESS,3664.82,27.26,inr,2026-09-28 08:00:00
PAY000015448,ORD00012376,2026-09-28 08:00:00,Cashfree,SUCCESS,3157.88,4.07,INR,2026-09-28 08:00:00
PAY000015449,ORD00013967,2026-09-28 08:00:00,razorpay ,PENDING,1941.21,3.08,inr,2026-09-28 08:00:00
PAY000015450,ORD00012675,2026-09-28 08:00:00,razorpay ,SUCCESS,1831.12,29.01,inr,2026-09-28 08:00:00
PAY000015451,ORD00012533,2026-09-28 08:00:00,Razorpay,SUCCESS,403.37,16.12,INR,2026-09-28 08:00:00
PAY000015452,ORD00014879,2026-09-28 08:00:00,Razorpay,SUCCESS,3464.81,4.39,INR,2026-09-28 08:00:00
PAY000015453,ORD00014838,2026-09-28 08:00:00,PayU,SUCCESS,660.79,2.65,INR,2026-09-28 08:00:00
PAY000015454,ORD00012602,2026-09-28 08:00:00,Razorpay,SUCCESS,617.08,10.42,inr,2026-09-28 08:00:00
PAY000015455,ORD00014925,2026-09-28 08:00:00,PayU,SUCCESS,865.16,12.09,INR,2026-09-28 08:00:00
PAY000015456,ORD00013321,2026-09-28 08:00:00,razorpay ,PENDING,1287.81,23.65,INR,2026-09-28 08:00:00
PAY000015457,ORD00012015,2026-09-28 08:00:00,Cashfree,SUCCESS,699.15,8.06,inr,2026-09-28 08:00:00
PAY000015458,ORD00013772,2026-09-28 08:00:00,razorpay ,PENDING,921.74,2.93,Rs,2026-09-28 08:00:00
PAY000015459,ORD00014786,2026-09-28 08:00:00,Cashfree,SUCCESS,839.19,11.32,Rs,2026-09-28 08:00:00
PAY000015460,ORD00013841,2026-09-28 08:00:00,razorpay ,FAILED,1511.39,5.04,INR,2026-09-28 08:00:00
PAY000015461,ORD00014221,2026-09-28 08:00:00,Cashfree,SUCCESS,3767.44,3.98,inr,2026-09-28 08:00:00
PAY000015462,ORD00012610,2026-09-28 08:00:00,Stripe,FAILED,651.93,24.67,inr,2026-09-28 08:00:00
PAY000015463,ORD00014625,2026-09-28 08:00:00,Stripe,SUCCESS,2681.39,8.57,inr,2026-09-28 08:00:00
PAY000015464,ORD00013044,2026-09-28 08:00:00,Stripe,PENDING,273.33,26.54,Rs,2026-09-28 08:00:00
PAY000015465,ORD00013307,2026-09-28 08:00:00,Cashfree,SUCCESS,1310.49,12.44,inr,2026-09-28 08:00:00
PAY000015466,ORD00012858,2026-09-28 08:00:00,PayU,PENDING,518.38,26.26,INR,2026-09-28 08:00:00
PAY000015467,ORD00012887,2026-09-28 08:00:00,Razorpay,PENDING,1478.59,20.82,inr,2026-09-28 08:00:00
PAY000015468,ORD00014974,2026-09-28 08:00:00,Cashfree,FAILED,1446.54,23.86,INR,2026-09-28 08:00:00
PAY000015469,ORD00012784,2026-09-28 08:00:00,Cashfree,SUCCESS,975.38,10.01,INR,2026-09-28 08:00:00
PAY000015470,ORD00012396,2026-09-28 08:00:00,PayU,SUCCESS,1540.65,19.29,INR,2026-09-28 08:00:00
PAY000015471,ORD00014650,2026-09-28 08:00:00,Cashfree,FAILED,770.56,7.11,Rs,2026-09-28 08:00:00
PAY000015472,ORD00013333,2026-09-28 08:00:00,Stripe,SUCCESS,889.08,10.06,INR,2026-09-28 08:00:00
PAY000015473,ORD00013180,2026-09-28 08:00:00,Stripe,SUCCESS,1084.1,24.12,INR,2026-09-28 08:00:00
PAY000015474,ORD00014811,2026-09-28 08:00:00,Razorpay,SUCCESS,975.78,17.25,inr,2026-09-28 08:00:00
PAY000015475,ORD00012600,2026-09-28 08:00:00,PayU,PENDING,4881.28,10.91,Rs,2026-09-28 08:00:00
PAY000015476,ORD00012532,2026-09-28 08:00:00,PayU,SUCCESS,454.37,29.52,INR,2026-09-28 08:00:00
PAY000015477,ORD00014604,2026-09-28 08:00:00,Razorpay,PENDING,969.02,14.74,INR,2026-09-28 08:00:00
PAY000015478,ORD00012362,2026-09-28 08:00:00,Razorpay,SUCCESS,857.34,15.38,INR,2026-09-28 08:00:00
PAY000015479,ORD00012356,2026-09-28 08:00:00,razorpay ,FAILED,2127.99,26.03,Rs,2026-09-28 08:00:00
PAY000015480,ORD00013306,2026-09-28 08:00:00,PayU,SUCCESS,920.9,12.46,INR,2026-09-28 08:00:00
PAY000015481,ORD00013392,2026-09-28 08:00:00,Cashfree,SUCCESS,1538.72,31.64,inr,2026-09-28 08:00:00
PAY000015482,ORD00012759,2026-09-28 08:00:00,Razorpay,SUCCESS,1883.02,32.7,INR,2026-09-28 08:00:00
PAY000015483,ORD00014239,2026-09-28 08:00:00,PayU,SUCCESS,562.83,11.34,inr,2026-09-28 08:00:00
PAY000015484,ORD00014252,2026-09-28 08:00:00,Stripe,PENDING,1806.42,2.45,INR,2026-09-28 08:00:00
PAY000015485,ORD00014563,2026-09-28 08:00:00,Stripe,PENDING,1686.03,20.01,INR,2026-09-28 08:00:00
PAY000015486,ORD00012960,2026-09-28 08:00:00,PayU,PENDING,1718.07,16.81,INR,2026-09-28 08:00:00
PAY000015487,ORD00013137,2026-09-28 08:00:00,razorpay ,SUCCESS,605.25,34.61,Rs,2026-09-28 08:00:00
PAY000015488,ORD00014846,2026-09-28 08:00:00,PayU,SUCCESS,1265.1,23.51,INR,2026-09-28 08:00:00
PAY000015489,ORD00013576,2026-09-28 08:00:00,Razorpay,SUCCESS,767.33,34.6,inr,2026-09-28 08:00:00
PAY000015490,ORD00014432,2026-09-28 08:00:00,PayU,PENDING,585.34,28.96,INR,2026-09-28 08:00:00
PAY000015491,ORD00012038,2026-09-28 08:00:00,PayU,FAILED,1244.06,21.97,inr,2026-09-28 08:00:00
PAY000015492,ORD00014317,2026-09-28 08:00:00,Razorpay,PENDING,1166.04,20.46,inr,2026-09-28 08:00:00
PAY000015493,ORD00014234,2026-09-28 08:00:00,Cashfree,PENDING,1531.21,11.21,inr,2026-09-28 08:00:00
PAY000015494,ORD00012880,2026-09-28 08:00:00,Cashfree,SUCCESS,2467.84,27.5,INR,2026-09-28 08:00:00
PAY000015495,ORD00012633,2026-09-28 08:00:00,Cashfree,FAILED,318.95,34.15,INR,2026-09-28 08:00:00
PAY000015496,ORD00014142,2026-09-28 08:00:00,Cashfree,SUCCESS,921.7,4.33,inr,2026-09-28 08:00:00
PAY000015497,ORD00013980,2026-09-28 08:00:00,razorpay ,FAILED,1176.48,16.98,inr,2026-09-28 08:00:00
PAY000015498,ORD00013014,2026-09-28 08:00:00,PayU,SUCCESS,433.02,10.81,INR,2026-09-28 08:00:00
PAY000015499,ORD00012835,2026-09-28 08:00:00,Razorpay,SUCCESS,680.08,25.95,inr,2026-09-28 08:00:00
PAY000015500,ORD00012787,2026-09-28 08:00:00,Stripe,SUCCESS,1849.28,15.86,inr,2026-09-28 08:00:00
PAY000015501,ORD00013748,2026-09-28 08:00:00,razorpay ,PENDING,1465.59,8.51,Rs,2026-09-28 08:00:00
PAY000015502,ORD00012506,2026-09-28 08:00:00,razorpay ,SUCCESS,641.2,17.65,inr,2026-09-28 08:00:00
PAY000015503,ORD00014451,2026-09-28 08:00:00,Razorpay,SUCCESS,775.61,2.24,INR,2026-09-28 08:00:00
PAY000015504,ORD00013016,2026-09-28 08:00:00,Stripe,SUCCESS,540.99,12.75,Rs,2026-09-28 08:00:00
PAY000015505,ORD00012927,2026-09-28 08:00:00,Razorpay,SUCCESS,847.64,19.33,INR,2026-09-28 08:00:00
PAY000015506,ORD00013085,2026-09-28 08:00:00,Razorpay,FAILED,911.64,12.4,inr,2026-09-28 08:00:00
PAY000015507,ORD00012731,2026-09-28 08:00:00,Cashfree,SUCCESS,1707.19,20.7,Rs,2026-09-28 08:00:00
PAY000015508,ORD00013227,2026-09-28 08:00:00,PayU,SUCCESS,904.14,25.78,inr,2026-09-28 08:00:00
PAY000015509,ORD00012369,2026-09-28 08:00:00,Razorpay,PENDING,2738.04,2.27,inr,2026-09-28 08:00:00
PAY000015510,ORD00012324,2026-09-28 08:00:00,Stripe,FAILED,740.89,23.09,inr,2026-09-28 08:00:00
PAY000015511,ORD00014455,2026-09-28 08:00:00,PayU,SUCCESS,4510.59,31.1,INR,2026-09-28 08:00:00
PAY000015512,ORD00012029,2026-09-28 08:00:00,razorpay ,FAILED,2982.76,26.84,Rs,2026-09-28 08:00:00
PAY000015513,ORD00014247,2026-09-28 08:00:00,Cashfree,FAILED,628.78,31.78,Rs,2026-09-28 08:00:00
PAY000015514,ORD00012252,2026-09-28 08:00:00,Cashfree,SUCCESS,403.04,15.18,Rs,2026-09-28 08:00:00
PAY000015515,ORD00013004,2026-09-28 08:00:00,Cashfree,FAILED,1046.92,24.57,Rs,2026-09-28 08:00:00
PAY000015516,ORD00014391,2026-09-28 08:00:00,Razorpay,SUCCESS,866.23,4.64,Rs,2026-09-28 08:00:00
PAY000015517,ORD00014592,2026-09-28 08:00:00,PayU,SUCCESS,725.39,26.35,inr,2026-09-28 08:00:00
PAY000015518,ORD00014607,2026-09-28 08:00:00,razorpay ,SUCCESS,1078.03,26.41,inr,2026-09-28 08:00:00
PAY000015519,ORD00014300,2026-09-28 08:00:00,Cashfree,FAILED,2776.9,31.15,inr,2026-09-28 08:00:00
PAY000015520,ORD00012747,2026-09-28 08:00:00,PayU,PENDING,469.22,2.19,INR,2026-09-28 08:00:00
PAY000015521,ORD00012400,2026-09-28 08:00:00,razorpay ,PENDING,1782.54,33.19,Rs,2026-09-28 08:00:00
PAY000015522,ORD00014901,2026-09-28 08:00:00,PayU,SUCCESS,357.97,2.26,Rs,2026-09-28 08:00:00
PAY000015523,ORD00012493,2026-09-28 08:00:00,razorpay ,FAILED,1078.63,5.9,inr,2026-09-28 08:00:00
PAY000015524,ORD00013348,2026-09-28 08:00:00,Stripe,PENDING,686.03,11.52,inr,2026-09-28 08:00:00
PAY000015525,ORD00012279,2026-09-28 08:00:00,razorpay ,SUCCESS,2325.42,32.25,Rs,2026-09-28 08:00:00
PAY000015526,ORD00013341,2026-09-28 08:00:00,Razorpay,FAILED,1213.4,16.76,INR,2026-09-28 08:00:00
PAY000015527,ORD00013786,2026-09-28 08:00:00,Stripe,SUCCESS,456.97,11.76,INR,2026-09-28 08:00:00
PAY000015528,ORD00014656,2026-09-28 08:00:00,Razorpay,SUCCESS,685.64,28.03,INR,2026-09-28 08:00:00
PAY000015529,ORD00012530,2026-09-28 08:00:00,razorpay ,SUCCESS,617.6,2.46,inr,2026-09-28 08:00:00
PAY000015530,ORD00013162,2026-09-28 08:00:00,Stripe,PENDING,2257.19,9.45,INR,2026-09-28 08:00:00
PAY000015531,ORD00013339,2026-09-28 08:00:00,Cashfree,SUCCESS,2973.27,28.74,INR,2026-09-28 08:00:00
PAY000015532,ORD00012812,2026-09-28 08:00:00,Cashfree,SUCCESS,2197.26,17.0,inr,2026-09-28 08:00:00
PAY000015533,ORD00014738,2026-09-28 08:00:00,Stripe,SUCCESS,799.59,24.61,Rs,2026-09-28 08:00:00
PAY000015534,ORD00013073,2026-09-28 08:00:00,razorpay ,FAILED,1049.85,24.96,Rs,2026-09-28 08:00:00
PAY000015535,ORD00013635,2026-09-28 08:00:00,Stripe,PENDING,2117.03,10.99,inr,2026-09-28 08:00:00
PAY000015536,ORD00012995,2026-09-28 08:00:00,PayU,FAILED,2214.79,5.6,INR,2026-09-28 08:00:00
PAY000015537,ORD00012234,2026-09-28 08:00:00,razorpay ,SUCCESS,803.09,6.96,Rs,2026-09-28 08:00:00
PAY000015538,ORD00013781,2026-09-28 08:00:00,PayU,SUCCESS,1649.46,13.87,inr,2026-09-28 08:00:00
PAY000015539,ORD00013733,2026-09-28 08:00:00,Cashfree,PENDING,2719.34,20.9,Rs,2026-09-28 08:00:00
PAY000015540,ORD00012405,2026-09-28 08:00:00,Razorpay,SUCCESS,4807.37,29.66,inr,2026-09-28 08:00:00
PAY000015541,ORD00012923,2026-09-28 08:00:00,Stripe,SUCCESS,577.42,31.82,INR,2026-09-28 08:00:00
PAY000015542,ORD00013736,2026-09-28 08:00:00,Stripe,SUCCESS,2462.18,19.06,INR,2026-09-28 08:00:00
PAY000015543,ORD00013907,2026-09-28 08:00:00,PayU,SUCCESS,1028.73,24.87,inr,2026-09-28 08:00:00
PAY000015544,ORD00014939,2026-09-28 08:00:00,razorpay ,PENDING,1025.16,23.52,Rs,2026-09-28 08:00:00
PAY000015545,ORD00014569,2026-09-28 08:00:00,Razorpay,PENDING,511.85,5.06,INR,2026-09-28 08:00:00
PAY000015546,ORD00013074,2026-09-28 08:00:00,razorpay ,SUCCESS,622.34,24.43,INR,2026-09-28 08:00:00
PAY000015547,ORD00014697,2026-09-28 08:00:00,PayU,SUCCESS,808.49,4.71,Rs,2026-09-28 08:00:00
PAY000015548,ORD00014839,2026-09-28 08:00:00,Razorpay,SUCCESS,1098.31,15.44,Rs,2026-09-28 08:00:00
PAY000015549,ORD00014624,2026-09-28 08:00:00,PayU,SUCCESS,793.35,2.67,INR,2026-09-28 08:00:00
PAY000015550,ORD00012451,2026-09-28 08:00:00,Razorpay,PENDING,422.31,20.26,inr,2026-09-28 08:00:00
PAY000015551,ORD00013820,2026-09-28 08:00:00,razorpay ,SUCCESS,681.87,17.49,INR,2026-09-28 08:00:00
PAY000015552,ORD00013229,2026-09-28 08:00:00,Cashfree,SUCCESS,825.67,29.75,inr,2026-09-28 08:00:00
PAY000015553,ORD00014474,2026-09-28 08:00:00,Cashfree,PENDING,1117.13,2.57,INR,2026-09-28 08:00:00
PAY000015554,ORD00013221,2026-09-28 08:00:00,PayU,FAILED,2372.21,20.88,inr,2026-09-28 08:00:00
PAY000015555,ORD00012028,2026-09-28 08:00:00,Stripe,SUCCESS,1735.52,25.08,Rs,2026-09-28 08:00:00
PAY000015556,ORD00014563,2026-09-28 08:00:00,Stripe,PENDING,713.89,5.31,Rs,2026-09-28 08:00:00
PAY000015557,ORD00013084,2026-09-28 08:00:00,PayU,PENDING,2308.68,22.57,INR,2026-09-28 08:00:00
PAY000015558,ORD00014000,2026-09-28 08:00:00,Cashfree,PENDING,2801.47,14.88,Rs,2026-09-28 08:00:00
PAY000015559,ORD00012051,2026-09-28 08:00:00,Razorpay,FAILED,1343.15,22.08,INR,2026-09-28 08:00:00
PAY000015560,ORD00014518,2026-09-28 08:00:00,razorpay ,SUCCESS,1456.94,17.44,inr,2026-09-28 08:00:00
PAY000015561,ORD00012675,2026-09-28 08:00:00,Cashfree,SUCCESS,190.87,34.89,inr,2026-09-28 08:00:00
PAY000015562,ORD00014930,2026-09-28 08:00:00,PayU,PENDING,1162.85,8.41,Rs,2026-09-28 08:00:00
PAY000015563,ORD00014955,2026-09-28 08:00:00,Cashfree,SUCCESS,2000.91,25.9,inr,2026-09-28 08:00:00
PAY000015564,ORD00013755,2026-09-28 08:00:00,Stripe,FAILED,4291.54,31.86,INR,2026-09-28 08:00:00
PAY000015565,ORD00013331,2026-09-28 08:00:00,Razorpay,SUCCESS,950.09,28.68,Rs,2026-09-28 08:00:00
PAY000015566,ORD00012916,2026-09-28 08:00:00,razorpay ,PENDING,1028.55,26.61,inr,2026-09-28 08:00:00
PAY000015567,ORD00014829,2026-09-28 08:00:00,PayU,SUCCESS,220.47,11.07,inr,2026-09-28 08:00:00
PAY000015568,ORD00014790,2026-09-28 08:00:00,PayU,SUCCESS,3466.67,30.99,INR,2026-09-28 08:00:00
PAY000015569,ORD00012286,2026-09-28 08:00:00,Stripe,PENDING,1071.76,13.28,inr,2026-09-28 08:00:00
PAY000015570,ORD00014761,2026-09-28 08:00:00,PayU,SUCCESS,1882.03,13.89,Rs,2026-09-28 08:00:00
PAY000015571,ORD00012340,2026-09-28 08:00:00,PayU,FAILED,2884.08,4.12,inr,2026-09-28 08:00:00
PAY000015572,ORD00012909,2026-09-28 08:00:00,Stripe,SUCCESS,1008.34,13.99,inr,2026-09-28 08:00:00
PAY000015573,ORD00013737,2026-09-28 08:00:00,Cashfree,SUCCESS,636.74,8.98,INR,2026-09-28 08:00:00
PAY000015574,ORD00014721,2026-09-28 08:00:00,Razorpay,SUCCESS,1122.57,18.76,inr,2026-09-28 08:00:00
PAY000015575,ORD00014288,2026-09-28 08:00:00,Cashfree,SUCCESS,1196.03,17.97,Rs,2026-09-28 08:00:00
PAY000015576,ORD00014274,2026-09-28 08:00:00,Stripe,SUCCESS,1198.54,17.15,inr,2026-09-28 08:00:00
PAY000015577,ORD00014091,2026-09-28 08:00:00,PayU,PENDING,1111.0,34.93,INR,2026-09-28 08:00:00
PAY000015578,ORD00012712,2026-09-28 08:00:00,Cashfree,PENDING,972.71,23.33,Rs,2026-09-28 08:00:00
PAY000015579,ORD00013115,2026-09-28 08:00:00,PayU,SUCCESS,346.68,13.07,Rs,2026-09-28 08:00:00
PAY000015580,ORD00013563,2026-09-28 08:00:00,Razorpay,PENDING,892.18,34.32,inr,2026-09-28 08:00:00
PAY000015581,ORD00012413,2026-09-28 08:00:00,razorpay ,SUCCESS,4013.49,12.06,INR,2026-09-28 08:00:00
PAY000015582,ORD00012293,2026-09-28 08:00:00,Stripe,PENDING,1135.79,13.67,inr,2026-09-28 08:00:00
PAY000015583,ORD00012985,2026-09-28 08:00:00,razorpay ,FAILED,870.39,10.53,Rs,2026-09-28 08:00:00
PAY000015584,ORD00012504,2026-09-28 08:00:00,razorpay ,SUCCESS,590.49,20.58,INR,2026-09-28 08:00:00
PAY000015585,ORD00012555,2026-09-28 08:00:00,PayU,FAILED,1116.31,10.89,inr,2026-09-28 08:00:00
PAY000015586,ORD00012517,2026-09-28 08:00:00,Razorpay,FAILED,1085.2,20.24,INR,2026-09-28 08:00:00
PAY000015587,ORD00014405,2026-09-28 08:00:00,Razorpay,SUCCESS,763.87,17.75,inr,2026-09-28 08:00:00
PAY000015588,ORD00012969,2026-09-28 08:00:00,Cashfree,SUCCESS,914.88,16.92,Rs,2026-09-28 08:00:00
PAY000015589,ORD00012221,2026-09-28 08:00:00,Stripe,SUCCESS,647.07,2.54,INR,2026-09-28 08:00:00
PAY000015590,ORD00012183,2026-09-28 08:00:00,razorpay ,SUCCESS,637.8,25.05,Rs,2026-09-28 08:00:00
PAY000015591,ORD00014688,2026-09-28 08:00:00,PayU,FAILED,1590.42,3.11,INR,2026-09-28 08:00:00
PAY000015592,ORD00013793,2026-09-28 08:00:00,Stripe,SUCCESS,1350.86,34.44,Rs,2026-09-28 08:00:00
PAY000015593,ORD00014612,2026-09-28 08:00:00,Cashfree,SUCCESS,998.77,11.27,Rs,2026-09-28 08:00:00
PAY000015594,ORD00012615,2026-09-28 08:00:00,Stripe,SUCCESS,779.22,29.55,INR,2026-09-28 08:00:00
PAY000015595,ORD00013301,2026-09-28 08:00:00,PayU,SUCCESS,883.48,19.6,INR,2026-09-28 08:00:00
PAY000015596,ORD00013466,2026-09-28 08:00:00,Razorpay,SUCCESS,679.51,4.5,inr,2026-09-28 08:00:00
PAY000015597,ORD00014720,2026-09-28 08:00:00,Cashfree,SUCCESS,685.94,6.71,Rs,2026-09-28 08:00:00
PAY000015598,ORD00013025,2026-09-28 08:00:00,PayU,SUCCESS,1409.91,25.66,Rs,2026-09-28 08:00:00
PAY000015599,ORD00013166,2026-09-28 08:00:00,Cashfree,SUCCESS,435.83,17.09,inr,2026-09-28 08:00:00
PAY000015600,ORD00014622,2026-09-28 08:00:00,Razorpay,SUCCESS,1376.28,20.84,INR,2026-09-28 08:00:00
PAY000015601,ORD00014937,2026-09-28 08:00:00,Stripe,SUCCESS,222.37,24.53,inr,2026-09-28 08:00:00
PAY000015602,ORD00013843,2026-09-28 08:00:00,Cashfree,SUCCESS,1085.56,18.23,inr,2026-09-28 08:00:00
PAY000015603,ORD00013989,2026-09-28 08:00:00,razorpay ,FAILED,1568.42,27.34,inr,2026-09-28 08:00:00
PAY000015604,ORD00013949,2026-09-28 08:00:00,razorpay ,PENDING,1250.14,14.62,Rs,2026-09-28 08:00:00
PAY000015605,ORD00012009,2026-09-28 08:00:00,PayU,FAILED,2170.61,14.4,INR,2026-09-28 08:00:00
PAY000015606,ORD00012899,2026-09-28 08:00:00,Stripe,SUCCESS,2116.84,25.5,Rs,2026-09-28 08:00:00
PAY000015607,ORD00014898,2026-09-28 08:00:00,Stripe,SUCCESS,1126.95,13.81,INR,2026-09-28 08:00:00
PAY000015608,ORD00013821,2026-09-28 08:00:00,razorpay ,FAILED,522.32,6.14,Rs,2026-09-28 08:00:00
PAY000015609,ORD00012400,2026-09-28 08:00:00,Cashfree,SUCCESS,871.0,30.45,Rs,2026-09-28 08:00:00
PAY000015610,ORD00012521,2026-09-28 08:00:00,Razorpay,SUCCESS,1472.69,19.15,Rs,2026-09-28 08:00:00
PAY000015611,ORD00012468,2026-09-28 08:00:00,Razorpay,SUCCESS,1272.42,24.53,inr,2026-09-28 08:00:00
PAY000015612,ORD00014627,2026-09-28 08:00:00,Stripe,PENDING,1099.43,31.02,INR,2026-09-28 08:00:00
PAY000015613,ORD00013776,2026-09-28 08:00:00,razorpay ,SUCCESS,782.89,34.39,inr,2026-09-28 08:00:00
PAY000015614,ORD00012274,2026-09-28 08:00:00,Razorpay,SUCCESS,1365.8,9.33,INR,2026-09-28 08:00:00
PAY000015615,ORD00013349,2026-09-28 08:00:00,Stripe,SUCCESS,1327.99,3.49,inr,2026-09-28 08:00:00
PAY000015616,ORD00012115,2026-09-28 08:00:00,Cashfree,SUCCESS,2088.93,7.24,inr,2026-09-28 08:00:00
PAY000015617,ORD00012998,2026-09-28 08:00:00,Stripe,SUCCESS,480.31,8.2,inr,2026-09-28 08:00:00
PAY000015618,ORD00014135,2026-09-28 08:00:00,PayU,SUCCESS,790.07,11.8,INR,2026-09-28 08:00:00
PAY000015619,ORD00012593,2026-09-28 08:00:00,razorpay ,SUCCESS,944.85,17.44,INR,2026-09-28 08:00:00
PAY000015620,ORD00013548,2026-09-28 08:00:00,razorpay ,PENDING,606.31,2.49,inr,2026-09-28 08:00:00
PAY000015621,ORD00012835,2026-09-28 08:00:00,Razorpay,FAILED,1879.68,3.21,inr,2026-09-28 08:00:00
PAY000015622,ORD00012411,2026-09-28 08:00:00,Razorpay,SUCCESS,2210.76,22.18,Rs,2026-09-28 08:00:00
PAY000015623,ORD00014061,2026-09-28 08:00:00,RAZORPAY,SUCCESS,1099.55,26.3,Rs,2026-09-28 08:00:00
PAY000015624,ORD00012576,2026-09-28 08:00:00,razorpay ,SUCCESS,991.93,32.13,inr,2026-09-28 08:00:00
PAY000015625,ORD00012742,2026-09-28 08:00:00,Cashfree,SUCCESS,518.58,16.37,Rs,2026-09-28 08:00:00
PAY000015626,ORD00012697,2026-09-28 08:00:00,razorpay ,SUCCESS,2174.43,18.77,INR,2026-09-28 08:00:00
PAY000015627,ORD00014631,2026-09-28 08:00:00,Razorpay,FAILED,1071.07,21.79,Rs,2026-09-28 08:00:00
PAY000015628,ORD00013480,2026-09-28 08:00:00,Cashfree,SUCCESS,1375.5,34.17,inr,2026-09-28 08:00:00
PAY000015629,ORD00014519,2026-09-28 08:00:00,razorpay ,PENDING,5161.33,9.59,INR,2026-09-28 08:00:00
PAY000015630,ORD00013647,2026-09-28 08:00:00,PayU,SUCCESS,2942.36,30.24,Rs,2026-09-28 08:00:00
PAY000015631,ORD00014988,2026-09-28 08:00:00,Razorpay,SUCCESS,1090.92,7.04,Rs,2026-09-28 08:00:00
PAY000015632,ORD00012824,2026-09-28 08:00:00,razorpay ,SUCCESS,2586.74,33.69,inr,2026-09-28 08:00:00
PAY000015633,ORD00013225,2026-09-28 08:00:00,PayU,FAILED,643.67,33.57,inr,2026-09-28 08:00:00
PAY000015634,ORD00013727,2026-09-28 08:00:00,razorpay ,SUCCESS,740.72,16.0,Rs,2026-09-28 08:00:00
PAY000015635,ORD00013913,2026-09-28 08:00:00,Razorpay,SUCCESS,1022.34,21.78,inr,2026-09-28 08:00:00
PAY000015636,ORD00013403,2026-09-28 08:00:00,Stripe,PENDING,2126.68,11.35,inr,2026-09-28 08:00:00
PAY000015637,ORD00012669,2026-09-28 08:00:00,PayU,PENDING,1017.16,13.32,inr,2026-09-28 08:00:00
PAY000015638,ORD00012289,2026-09-28 08:00:00,Cashfree,SUCCESS,2329.18,13.47,INR,2026-09-28 08:00:00
PAY000015639,ORD00012492,2026-09-28 08:00:00,razorpay ,SUCCESS,1772.53,24.61,Rs,2026-09-28 08:00:00
PAY000015640,ORD00014018,2026-09-28 08:00:00,razorpay ,SUCCESS,613.55,28.55,INR,2026-09-28 08:00:00
PAY000015641,ORD00013262,2026-09-28 08:00:00,PayU,SUCCESS,1277.17,19.31,INR,2026-09-28 08:00:00
PAY000015642,ORD00014674,2026-09-28 08:00:00,PayU,SUCCESS,795.52,10.9,inr,2026-09-28 08:00:00
PAY000015643,ORD00014473,2026-09-28 08:00:00,Stripe,SUCCESS,1218.62,23.75,INR,2026-09-28 08:00:00
PAY000015644,ORD00014363,2026-09-28 08:00:00,Cashfree,SUCCESS,133.33,20.11,inr,2026-09-28 08:00:00
PAY000015645,ORD00013365,2026-09-28 08:00:00,Cashfree,SUCCESS,866.72,8.24,Rs,2026-09-28 08:00:00
PAY000015646,ORD00014270,2026-09-28 08:00:00,Razorpay,SUCCESS,749.57,9.68,INR,2026-09-28 08:00:00
PAY000015647,ORD00013443,2026-09-28 08:00:00,razorpay ,SUCCESS,879.44,16.69,INR,2026-09-28 08:00:00
PAY000015648,ORD00014861,2026-09-28 08:00:00,PayU,SUCCESS,512.55,11.55,INR,2026-09-28 08:00:00
PAY000015649,ORD00014077,2026-09-28 08:00:00,razorpay ,SUCCESS,1295.76,16.14,Rs,2026-09-28 08:00:00
PAY000015650,ORD00014175,2026-09-28 08:00:00,Cashfree,SUCCESS,2185.05,5.65,inr,2026-09-28 08:00:00
PAY000015651,ORD00013945,2026-09-28 08:00:00,Stripe,FAILED,1112.45,30.68,Rs,2026-09-28 08:00:00
PAY000015652,ORD00014538,2026-09-28 08:00:00,Razorpay,PENDING,1242.21,25.96,INR,2026-09-28 08:00:00
PAY000015653,ORD00012084,2026-09-28 08:00:00,Cashfree,SUCCESS,3809.86,33.24,Rs,2026-09-28 08:00:00
PAY000015654,ORD00014409,2026-09-28 08:00:00,razorpay ,SUCCESS,915.54,22.42,INR,2026-09-28 08:00:00
PAY000015655,ORD00014324,2026-09-28 08:00:00,Razorpay,PENDING,836.61,13.97,Rs,2026-09-28 08:00:00
PAY000015656,ORD00014621,2026-09-28 08:00:00,Cashfree,SUCCESS,512.81,24.1,Rs,2026-09-28 08:00:00
PAY000015657,ORD00014481,2026-09-28 08:00:00,Stripe,FAILED,2322.93,24.57,Rs,2026-09-28 08:00:00
PAY000015658,ORD00014414,2026-09-28 08:00:00,Cashfree,SUCCESS,685.35,30.92,INR,2026-09-28 08:00:00
PAY000015659,ORD00013184,2026-09-28 08:00:00,razorpay ,FAILED,1857.24,33.47,INR,2026-09-28 08:00:00
PAY000015660,ORD00013746,2026-09-28 08:00:00,razorpay ,SUCCESS,1045.81,29.59,INR,2026-09-28 08:00:00
PAY000015661,ORD00013518,2026-09-28 08:00:00,Razorpay,PENDING,749.22,4.09,Rs,2026-09-28 08:00:00
PAY000015662,ORD00014143,2026-09-28 08:00:00,Cashfree,SUCCESS,552.61,25.51,Rs,2026-09-28 08:00:00
PAY000015663,ORD00012305,2026-09-28 08:00:00,razorpay ,SUCCESS,6149.3,2.05,Rs,2026-09-28 08:00:00
PAY000015664,ORD00014151,2026-09-28 08:00:00,Cashfree,SUCCESS,733.92,24.64,Rs,2026-09-28 08:00:00
PAY000015665,ORD00014322,2026-09-28 08:00:00,Stripe,SUCCESS,626.18,22.87,inr,2026-09-28 08:00:00
PAY000015666,ORD00012157,2026-09-28 08:00:00,Stripe,SUCCESS,580.29,29.69,Rs,2026-09-28 08:00:00
PAY000015667,ORD00013933,2026-09-28 08:00:00,PayU,SUCCESS,260.9,33.63,inr,2026-09-28 08:00:00
PAY000015668,ORD00013891,2026-09-28 08:00:00,Stripe,SUCCESS,608.94,22.97,inr,2026-09-28 08:00:00
PAY000015669,ORD00012928,2026-09-28 08:00:00,Stripe,SUCCESS,1019.3,33.86,Rs,2026-09-28 08:00:00
PAY000015670,ORD00012895,2026-09-28 08:00:00,Stripe,SUCCESS,2267.8,4.66,Rs,2026-09-28 08:00:00
PAY000015671,ORD00014537,2026-09-28 08:00:00,razorpay ,SUCCESS,448.11,30.89,Rs,2026-09-28 08:00:00
PAY000015672,ORD00014100,2026-09-28 08:00:00,razorpay ,PENDING,1552.88,19.25,Rs,2026-09-28 08:00:00
PAY000015673,ORD00014544,2026-09-28 08:00:00,razorpay ,SUCCESS,3933.95,9.34,inr,2026-09-28 08:00:00
PAY000015674,ORD00013809,2026-09-28 08:00:00,PayU,SUCCESS,938.14,9.18,INR,2026-09-28 08:00:00
PAY000015675,ORD00012462,2026-09-28 08:00:00,razorpay ,SUCCESS,390.83,30.32,INR,2026-09-28 08:00:00
PAY000015676,ORD00012440,2026-09-28 08:00:00,Stripe,PENDING,2645.01,31.8,Rs,2026-09-28 08:00:00
PAY000015677,ORD00013156,2026-09-28 08:00:00,Stripe,SUCCESS,1563.19,23.24,INR,2026-09-28 08:00:00
PAY000015678,ORD00014115,2026-09-28 08:00:00,Stripe,SUCCESS,800.24,13.16,Rs,2026-09-28 08:00:00
PAY000015679,ORD00013441,2026-09-28 08:00:00,PayU,SUCCESS,2225.55,12.15,Rs,2026-09-28 08:00:00
PAY000015680,ORD00012805,2026-09-28 08:00:00,Cashfree,PENDING,5137.14,16.93,INR,2026-09-28 08:00:00
PAY000015681,ORD00013982,2026-09-28 08:00:00,razorpay ,SUCCESS,313.78,14.06,INR,2026-09-28 08:00:00
PAY000015682,ORD00012593,2026-09-28 08:00:00,Cashfree,PENDING,1852.69,8.21,inr,2026-09-28 08:00:00
PAY000015683,ORD00014180,2026-09-28 08:00:00,Cashfree,SUCCESS,578.11,23.86,inr,2026-09-28 08:00:00
PAY000015684,ORD00012575,2026-09-28 08:00:00,Cashfree,SUCCESS,1218.26,17.09,inr,2026-09-28 08:00:00
PAY000015685,ORD00014608,2026-09-28 08:00:00,Stripe,SUCCESS,930.46,16.02,inr,2026-09-28 08:00:00
PAY000015686,ORD00014311,2026-09-28 08:00:00,Razorpay,SUCCESS,842.29,13.8,INR,2026-09-28 08:00:00
PAY000015687,ORD00014375,2026-09-28 08:00:00,PayU,SUCCESS,703.29,34.55,inr,2026-09-28 08:00:00
PAY000015688,ORD00013327,2026-09-28 08:00:00,Razorpay,PENDING,460.14,26.01,Rs,2026-09-28 08:00:00
PAY000015689,ORD00012330,2026-09-28 08:00:00,razorpay ,SUCCESS,620.76,8.73,inr,2026-09-28 08:00:00
PAY000015690,ORD00012850,2026-09-28 08:00:00,Cashfree,SUCCESS,754.67,11.59,INR,2026-09-28 08:00:00
PAY000015691,ORD00013819,2026-09-28 08:00:00,Stripe,PENDING,2834.19,12.71,inr,2026-09-28 08:00:00
PAY000015692,ORD00012138,2026-09-28 08:00:00,Stripe,SUCCESS,1010.3,29.55,INR,2026-09-28 08:00:00
PAY000015693,ORD00013602,2026-09-28 08:00:00,Stripe,PENDING,1293.42,8.57,inr,2026-09-28 08:00:00
PAY000015694,ORD00014043,2026-09-28 08:00:00,PayU,SUCCESS,1095.06,7.59,Rs,2026-09-28 08:00:00
PAY000015695,ORD00012112,2026-09-28 08:00:00,Stripe,SUCCESS,359.91,33.06,Rs,2026-09-28 08:00:00
PAY000015696,ORD00012245,2026-09-28 08:00:00,Razorpay,PENDING,1037.0,20.04,inr,2026-09-28 08:00:00
PAY000015697,ORD00012838,2026-09-28 08:00:00,PayU,SUCCESS,832.94,23.04,INR,2026-09-28 08:00:00
PAY000015698,ORD00013488,2026-09-28 08:00:00,Razorpay,SUCCESS,1322.13,17.58,Rs,2026-09-28 08:00:00
PAY000015699,ORD00012474,2026-09-28 08:00:00,Razorpay,SUCCESS,1077.6,9.58,INR,2026-09-28 08:00:00
PAY000015700,ORD00012548,2026-09-28 08:00:00,PayU,SUCCESS,1135.7,18.61,INR,2026-09-28 08:00:00
PAY000015701,ORD00013955,2026-09-28 08:00:00,razorpay ,SUCCESS,2159.74,3.83,INR,2026-09-28 08:00:00
PAY000015702,ORD00013200,2026-09-28 08:00:00,PayU,SUCCESS,1061.93,3.4,Rs,2026-09-28 08:00:00
PAY000015703,ORD00013067,2026-09-28 08:00:00,Stripe,SUCCESS,653.65,3.4,Rs,2026-09-28 08:00:00
PAY000015704,ORD00013814,2026-09-28 08:00:00,Stripe,SUCCESS,197.64,12.84,Rs,2026-09-28 08:00:00
PAY000015705,ORD00013143,2026-09-28 08:00:00,razorpay ,FAILED,1355.15,24.84,inr,2026-09-28 08:00:00
PAY000015706,ORD00014676,2026-09-28 08:00:00,razorpay ,SUCCESS,1750.65,28.0,Rs,2026-09-28 08:00:00
PAY000015707,ORD00013476,2026-09-28 08:00:00,Stripe,SUCCESS,264.69,13.68,INR,2026-09-28 08:00:00
PAY000015708,ORD00014045,2026-09-28 08:00:00,Cashfree,FAILED,1261.43,31.79,inr,2026-09-28 08:00:00
PAY000015709,ORD00012930,2026-09-28 08:00:00,Stripe,PENDING,1943.29,23.79,INR,2026-09-28 08:00:00
PAY000015710,ORD00014588,2026-09-28 08:00:00,Cashfree,PENDING,1904.79,14.51,Rs,2026-09-28 08:00:00
PAY000015711,ORD00014352,2026-09-28 08:00:00,razorpay ,SUCCESS,2006.1,29.15,INR,2026-09-28 08:00:00
PAY000015712,ORD00013274,2026-09-28 08:00:00,Stripe,SUCCESS,1618.27,5.09,inr,2026-09-28 08:00:00
PAY000015713,ORD00013165,2026-09-28 08:00:00,Razorpay,PENDING,1091.45,25.89,inr,2026-09-28 08:00:00
PAY000015714,ORD00013184,2026-09-28 08:00:00,PayU,SUCCESS,1301.21,20.48,inr,2026-09-28 08:00:00
PAY000015715,ORD00014804,2026-09-28 08:00:00,Stripe,SUCCESS,278.25,24.16,Rs,2026-09-28 08:00:00
PAY000015716,ORD00012767,2026-09-28 08:00:00,Stripe,PENDING,1528.49,12.29,Rs,2026-09-28 08:00:00
PAY000015717,ORD00013842,2026-09-28 08:00:00,PayU,PENDING,633.1,16.42,inr,2026-09-28 08:00:00
PAY000015718,ORD00013417,2026-09-28 08:00:00,Razorpay,SUCCESS,1008.23,13.58,inr,2026-09-28 08:00:00
PAY000015719,ORD00014692,2026-09-28 08:00:00,Razorpay,SUCCESS,1065.16,3.08,Rs,2026-09-28 08:00:00
PAY000015720,ORD00013082,2026-09-28 08:00:00,razorpay ,SUCCESS,5554.73,8.34,INR,2026-09-28 08:00:00
PAY000015721,ORD00013474,2026-09-28 08:00:00,razorpay ,FAILED,1264.74,15.4,Rs,2026-09-28 08:00:00
PAY000015722,ORD00013182,2026-09-28 08:00:00,Stripe,PENDING,2703.94,12.34,INR,2026-09-28 08:00:00
PAY000015723,ORD00012024,2026-09-28 08:00:00,razorpay ,PENDING,1062.18,23.07,INR,2026-09-28 08:00:00
PAY000015724,ORD00014239,2026-09-28 08:00:00,razorpay ,PENDING,1648.18,2.99,INR,2026-09-28 08:00:00
PAY000015725,ORD00014960,2026-09-28 08:00:00,Cashfree,SUCCESS,1476.71,8.73,Rs,2026-09-28 08:00:00
PAY000015726,ORD00013601,2026-09-28 08:00:00,Stripe,PENDING,1078.87,8.18,INR,2026-09-28 08:00:00
PAY000015727,ORD00013374,2026-09-28 08:00:00,Stripe,SUCCESS,1983.49,14.83,inr,2026-09-28 08:00:00
PAY000015728,ORD00014916,2026-09-28 08:00:00,Cashfree,PENDING,1435.94,5.67,INR,2026-09-28 08:00:00
PAY000015729,ORD00014156,2026-09-28 08:00:00,Cashfree,SUCCESS,722.68,11.76,inr,2026-09-28 08:00:00
PAY000015730,ORD00013895,2026-09-28 08:00:00,Stripe,SUCCESS,1176.83,13.73,inr,2026-09-28 08:00:00
PAY000015731,ORD00014328,2026-09-28 08:00:00,razorpay ,PENDING,2307.85,33.78,inr,2026-09-28 08:00:00
PAY000015732,ORD00012787,2026-09-28 08:00:00,PayU,PENDING,881.64,20.55,Rs,2026-09-28 08:00:00
PAY000015733,ORD00014795,2026-09-28 08:00:00,Cashfree,SUCCESS,1553.64,15.86,inr,2026-09-28 08:00:00
PAY000015734,ORD00012671,2026-09-28 08:00:00,Cashfree,SUCCESS,2983.23,6.88,INR,2026-09-28 08:00:00
PAY000015735,ORD00013554,2026-09-28 08:00:00,razorpay ,SUCCESS,359.82,26.14,inr,2026-09-28 08:00:00
PAY000015736,ORD00012886,2026-09-28 08:00:00,razorpay ,FAILED,802.92,10.74,Rs,2026-09-28 08:00:00
PAY000015737,ORD00013885,2026-09-28 08:00:00,razorpay ,SUCCESS,1633.05,7.18,INR,2026-09-28 08:00:00
PAY000015738,ORD00014709,2026-09-28 08:00:00,Cashfree,SUCCESS,1856.65,22.09,Rs,2026-09-28 08:00:00
PAY000015739,ORD00014409,2026-09-28 08:00:00,Razorpay,SUCCESS,1014.01,14.42,INR,2026-09-28 08:00:00
PAY000015740,ORD00014749,2026-09-28 08:00:00,razorpay ,FAILED,190.3,13.05,inr,2026-09-28 08:00:00
PAY000015741,ORD00013823,2026-09-28 08:00:00,Razorpay,SUCCESS,3015.57,8.26,inr,2026-09-28 08:00:00
PAY000015742,ORD00013683,2026-09-28 08:00:00,Stripe,FAILED,1790.44,15.05,INR,2026-09-28 08:00:00
PAY000015743,ORD00012182,2026-09-28 08:00:00,Cashfree,SUCCESS,1131.56,2.49,Rs,2026-09-28 08:00:00
PAY000015744,ORD00014925,2026-09-28 08:00:00,Cashfree,SUCCESS,984.5,27.71,Rs,2026-09-28 08:00:00
PAY000015745,ORD00013000,2026-09-28 08:00:00,Razorpay,SUCCESS,796.47,12.01,inr,2026-09-28 08:00:00
PAY000015746,ORD00014699,2026-09-28 08:00:00,PayU,PENDING,1340.07,7.24,Rs,2026-09-28 08:00:00
PAY000015747,ORD00013506,2026-09-28 08:00:00,Cashfree,PENDING,1894.09,3.31,Rs,2026-09-28 08:00:00
PAY000015748,ORD00012254,2026-09-28 08:00:00,Stripe,SUCCESS,1584.64,21.38,INR,2026-09-28 08:00:00
PAY000015749,ORD00014683,2026-09-28 08:00:00,PayU,SUCCESS,1818.22,10.85,INR,2026-09-28 08:00:00
PAY000015750,ORD00014794,2026-09-28 08:00:00,razorpay ,SUCCESS,3649.97,23.54,inr,2026-09-28 08:00:00
PAY000015751,ORD00012526,2026-09-28 08:00:00,PayU,SUCCESS,3433.22,25.91,inr,2026-09-28 08:00:00
PAY000015752,ORD00014928,2026-09-28 08:00:00,razorpay ,SUCCESS,912.07,31.92,inr,2026-09-28 08:00:00
PAY000015753,ORD00012740,2026-09-28 08:00:00,Razorpay,SUCCESS,523.4,20.62,Rs,2026-09-28 08:00:00
PAY000015754,ORD00012838,2026-09-28 08:00:00,Razorpay,FAILED,1552.11,18.28,inr,2026-09-28 08:00:00
PAY000015755,ORD00013824,2026-09-28 08:00:00,PayU,SUCCESS,830.52,17.01,Rs,2026-09-28 08:00:00
PAY000015756,ORD00013775,2026-09-28 08:00:00,razorpay ,SUCCESS,3392.46,31.99,inr,2026-09-28 08:00:00
PAY000015757,ORD00012386,2026-09-28 08:00:00,Cashfree,SUCCESS,636.96,5.53,INR,2026-09-28 08:00:00
PAY000015758,ORD00013286,2026-09-28 08:00:00,Razorpay,PENDING,622.48,3.27,inr,2026-09-28 08:00:00
PAY000015759,ORD00012105,2026-09-28 08:00:00,Razorpay,SUCCESS,6216.2,21.62,INR,2026-09-28 08:00:00
PAY000015760,ORD00012466,2026-09-28 08:00:00,Cashfree,SUCCESS,2127.06,2.4,inr,2026-09-28 08:00:00
PAY000015761,ORD00014223,2026-09-28 08:00:00,Cashfree,SUCCESS,484.9,26.56,Rs,2026-09-28 08:00:00
PAY000015762,ORD00012869,2026-09-28 08:00:00,PayU,SUCCESS,3076.68,29.63,Rs,2026-09-28 08:00:00
PAY000015763,ORD00014251,2026-09-28 08:00:00,PayU,PENDING,621.4,13.82,inr,2026-09-28 08:00:00
PAY000015764,ORD00014389,2026-09-28 08:00:00,Razorpay,SUCCESS,638.99,18.36,inr,2026-09-28 08:00:00
PAY000015765,ORD00013186,2026-09-28 08:00:00,razorpay ,SUCCESS,1901.33,27.76,INR,2026-09-28 08:00:00
PAY000015766,ORD00013187,2026-09-28 08:00:00,Cashfree,SUCCESS,2405.03,32.27,INR,2026-09-28 08:00:00
PAY000015767,ORD00012504,2026-09-28 08:00:00,razorpay ,SUCCESS,2132.09,11.9,INR,2026-09-28 08:00:00
PAY000015768,ORD00013053,2026-09-28 08:00:00,Stripe,PENDING,2385.71,3.24,inr,2026-09-28 08:00:00
PAY000015769,ORD00014228,2026-09-28 08:00:00,Cashfree,SUCCESS,876.4,20.78,Rs,2026-09-28 08:00:00
PAY000015770,ORD00012801,2026-09-28 08:00:00,PayU,SUCCESS,800.14,32.88,Rs,2026-09-28 08:00:00
PAY000015771,ORD00012480,2026-09-28 08:00:00,razorpay ,SUCCESS,500.98,30.41,Rs,2026-09-28 08:00:00
PAY000015772,ORD00012501,2026-09-28 08:00:00,Razorpay,SUCCESS,773.61,33.52,INR,2026-09-28 08:00:00
PAY000015773,ORD00012159,2026-09-28 08:00:00,PayU,PENDING,1248.25,12.6,INR,2026-09-28 08:00:00
PAY000015774,ORD00013122,2026-09-28 08:00:00,Razorpay,SUCCESS,2164.19,8.21,inr,2026-09-28 08:00:00
PAY000015775,ORD00013791,2026-09-28 08:00:00,Razorpay,PENDING,754.13,10.87,inr,2026-09-28 08:00:00
PAY000015776,ORD00012906,2026-09-28 08:00:00,PayU,SUCCESS,2445.19,24.45,inr,2026-09-28 08:00:00
PAY000015777,ORD00014205,2026-09-28 08:00:00,Razorpay,FAILED,1023.65,19.36,Rs,2026-09-28 08:00:00
PAY000015778,ORD00014885,2026-09-28 08:00:00,Cashfree,SUCCESS,1376.62,16.71,Rs,2026-09-28 08:00:00
PAY000015779,ORD00013551,2026-09-28 08:00:00,PayU,PENDING,4545.08,16.11,inr,2026-09-28 08:00:00
PAY000015780,ORD00014851,2026-09-28 08:00:00,PayU,SUCCESS,519.65,16.66,Rs,2026-09-28 08:00:00
PAY000015781,ORD00014851,2026-09-28 08:00:00,razorpay ,SUCCESS,644.32,10.99,inr,2026-09-28 08:00:00
PAY000015782,ORD00014498,2026-09-28 08:00:00,Stripe,SUCCESS,902.4,4.21,INR,2026-09-28 08:00:00
PAY000015783,ORD00013305,2026-09-28 08:00:00,PayU,SUCCESS,625.0,30.46,inr,2026-09-28 08:00:00
PAY000015784,ORD00014715,2026-09-28 08:00:00,Stripe,PENDING,641.29,4.7,INR,2026-09-28 08:00:00
PAY000015785,ORD00012106,2026-09-28 08:00:00,PayU,SUCCESS,1525.32,27.83,Rs,2026-09-28 08:00:00
PAY000015786,ORD00014934,2026-09-28 08:00:00,Stripe,SUCCESS,639.85,27.53,INR,2026-09-28 08:00:00
PAY000015787,ORD00012869,2026-09-28 08:00:00,Cashfree,PENDING,802.35,30.29,inr,2026-09-28 08:00:00
PAY000015788,ORD00012030,2026-09-28 08:00:00,Cashfree,SUCCESS,473.78,5.63,Rs,2026-09-28 08:00:00
PAY000015789,ORD00014764,2026-09-28 08:00:00,Cashfree,SUCCESS,1495.52,25.12,inr,2026-09-28 08:00:00
PAY000015790,ORD00014270,2026-09-28 08:00:00,razorpay ,SUCCESS,592.7,6.13,INR,2026-09-28 08:00:00
PAY000015791,ORD00013037,2026-09-28 08:00:00,Razorpay,SUCCESS,492.11,16.69,Rs,2026-09-28 08:00:00
PAY000015792,ORD00012568,2026-09-28 08:00:00,razorpay ,SUCCESS,601.27,26.9,inr,2026-09-28 08:00:00
PAY000015793,ORD00014334,2026-09-28 08:00:00,Cashfree,SUCCESS,883.05,34.56,Rs,2026-09-28 08:00:00
PAY000015794,ORD00014214,2026-09-28 08:00:00,PayU,PENDING,1657.06,33.31,Rs,2026-09-28 08:00:00
PAY000015795,ORD00012261,2026-09-28 08:00:00,Razorpay,SUCCESS,1111.99,26.57,inr,2026-09-28 08:00:00
PAY000015796,ORD00013462,2026-09-28 08:00:00,Stripe,PENDING,626.56,3.82,INR,2026-09-28 08:00:00
PAY000015797,ORD00012291,2026-09-28 08:00:00,Cashfree,SUCCESS,285.83,31.15,inr,2026-09-28 08:00:00
PAY000015798,ORD00013603,2026-09-28 08:00:00,Cashfree,PENDING,1869.37,32.01,INR,2026-09-28 08:00:00
PAY000015799,ORD00012501,2026-09-28 08:00:00,Stripe,SUCCESS,1364.11,28.97,Rs,2026-09-28 08:00:00
PAY000015800,ORD00012254,2026-09-28 08:00:00,PayU,SUCCESS,584.88,3.22,Rs,2026-09-28 08:00:00
PAY000015801,ORD00013268,2026-09-28 08:00:00,Razorpay,FAILED,320.68,11.38,INR,2026-09-28 08:00:00
PAY000015802,ORD00014255,2026-09-28 08:00:00,razorpay ,FAILED,580.41,18.54,inr,2026-09-28 08:00:00
PAY000015803,ORD00012625,2026-09-28 08:00:00,Stripe,FAILED,1126.94,9.42,inr,2026-09-28 08:00:00
PAY000015804,ORD00012750,2026-09-28 08:00:00,razorpay ,SUCCESS,1412.62,10.68,Rs,2026-09-28 08:00:00
PAY000015805,ORD00014404,2026-09-28 08:00:00,Stripe,SUCCESS,3893.69,2.49,Rs,2026-09-28 08:00:00
PAY000015806,ORD00014480,2026-09-28 08:00:00,Stripe,SUCCESS,1485.84,27.52,inr,2026-09-28 08:00:00
PAY000015807,ORD00014759,2026-09-28 08:00:00,PayU,PENDING,977.01,24.55,inr,2026-09-28 08:00:00
PAY000015808,ORD00012411,2026-09-28 08:00:00,PayU,PENDING,638.99,7.38,INR,2026-09-28 08:00:00
PAY000015809,ORD00014091,2026-09-28 08:00:00,Razorpay,PENDING,238.57,9.18,inr,2026-09-28 08:00:00
PAY000015810,ORD00013963,2026-09-28 08:00:00,Cashfree,SUCCESS,367.76,34.07,inr,2026-09-28 08:00:00
PAY000015811,ORD00014520,2026-09-28 08:00:00,Razorpay,SUCCESS,914.49,27.89,inr,2026-09-28 08:00:00
PAY000015812,ORD00013755,2026-09-28 08:00:00,razorpay ,FAILED,698.31,29.86,inr,2026-09-28 08:00:00
PAY000015813,ORD00014701,2026-09-28 08:00:00,razorpay ,FAILED,1289.7,11.71,Rs,2026-09-28 08:00:00
PAY000015814,ORD00014105,2026-09-28 08:00:00,razorpay ,SUCCESS,886.27,15.24,INR,2026-09-28 08:00:00
PAY000015815,ORD00013426,2026-09-28 08:00:00,PayU,SUCCESS,798.02,5.05,inr,2026-09-28 08:00:00
PAY000015816,ORD00014085,2026-09-28 08:00:00,razorpay ,PENDING,2136.81,26.83,INR,2026-09-28 08:00:00
PAY000015817,ORD00012516,2026-09-28 08:00:00,PayU,SUCCESS,2161.49,18.45,Rs,2026-09-28 08:00:00
PAY000015818,ORD00013841,2026-09-28 08:00:00,Razorpay,SUCCESS,1131.51,14.87,INR,2026-09-28 08:00:00
PAY000015819,ORD00013439,2026-09-28 08:00:00,PayU,SUCCESS,3103.94,12.13,Rs,2026-09-28 08:00:00
PAY000015820,ORD00014256,2026-09-28 08:00:00,Razorpay,SUCCESS,731.02,24.14,INR,2026-09-28 08:00:00
PAY000015821,ORD00014073,2026-09-28 08:00:00,PayU,SUCCESS,3691.52,22.36,inr,2026-09-28 08:00:00
PAY000015822,ORD00012720,2026-09-28 08:00:00,Razorpay,PENDING,834.18,31.27,INR,2026-09-28 08:00:00
PAY000015823,ORD00014948,2026-09-28 08:00:00,razorpay ,PENDING,999.03,32.58,Rs,2026-09-28 08:00:00
PAY000015824,ORD00012111,2026-09-28 08:00:00,Stripe,PENDING,265.77,2.66,INR,2026-09-28 08:00:00
PAY000015825,ORD00014133,2026-09-28 08:00:00,Razorpay,SUCCESS,710.87,13.29,inr,2026-09-28 08:00:00
PAY000015826,ORD00013018,2026-09-28 08:00:00,Razorpay,FAILED,994.93,11.38,Rs,2026-09-28 08:00:00
PAY000015827,ORD00012549,2026-09-28 08:00:00,Stripe,PENDING,497.81,2.41,INR,2026-09-28 08:00:00
PAY000015828,ORD00014155,2026-09-28 08:00:00,PayU,SUCCESS,1535.08,6.25,INR,2026-09-28 08:00:00
PAY000015829,ORD00014716,2026-09-28 08:00:00,razorpay ,SUCCESS,476.4,30.74,inr,2026-09-28 08:00:00
PAY000015830,ORD00013065,2026-09-28 08:00:00,PayU,SUCCESS,834.15,11.75,Rs,2026-09-28 08:00:00
PAY000015831,ORD00012621,2026-09-28 08:00:00,PayU,SUCCESS,3890.24,20.98,Rs,2026-09-28 08:00:00
PAY000015832,ORD00013144,2026-09-28 08:00:00,Cashfree,PENDING,817.44,16.41,inr,2026-09-28 08:00:00
PAY000015833,ORD00013877,2026-09-28 08:00:00,Razorpay,SUCCESS,2582.0,9.45,Rs,2026-09-28 08:00:00
PAY000015834,ORD00014183,2026-09-28 08:00:00,Stripe,SUCCESS,1655.56,28.27,Rs,2026-09-28 08:00:00
PAY000015835,ORD00012267,2026-09-28 08:00:00,Cashfree,PENDING,2017.4,6.02,inr,2026-09-28 08:00:00
PAY000015836,ORD00014737,2026-09-28 08:00:00,razorpay ,SUCCESS,765.89,20.05,INR,2026-09-28 08:00:00
PAY000015837,ORD00012689,2026-09-28 08:00:00,Razorpay,PENDING,1409.54,15.77,INR,2026-09-28 08:00:00
PAY000015838,ORD00012703,2026-09-28 08:00:00,Cashfree,PENDING,605.59,17.6,INR,2026-09-28 08:00:00
PAY000015839,ORD00012474,2026-09-28 08:00:00,Razorpay,PENDING,1349.37,3.69,INR,2026-09-28 08:00:00
PAY000015840,ORD00014692,2026-09-28 08:00:00,razorpay ,SUCCESS,1306.2,34.91,inr,2026-09-28 08:00:00
PAY000015841,ORD00013317,2026-09-28 08:00:00,Razorpay,SUCCESS,651.9,23.52,INR,2026-09-28 08:00:00
PAY000015842,ORD00012780,2026-09-28 08:00:00,razorpay ,FAILED,775.07,32.36,Rs,2026-09-28 08:00:00
PAY000015843,ORD00013173,2026-09-28 08:00:00,Stripe,FAILED,2597.11,12.09,inr,2026-09-28 08:00:00
PAY000015844,ORD00013318,2026-09-28 08:00:00,razorpay ,SUCCESS,770.19,22.38,Rs,2026-09-28 08:00:00
PAY000015845,ORD00013807,2026-09-28 08:00:00,Stripe,FAILED,901.09,34.56,inr,2026-09-28 08:00:00
PAY000015846,ORD00014182,2026-09-28 08:00:00,razorpay ,SUCCESS,2469.97,9.55,inr,2026-09-28 08:00:00
PAY000015847,ORD00013116,2026-09-28 08:00:00,Stripe,SUCCESS,524.56,19.41,Rs,2026-09-28 08:00:00
PAY000015848,ORD00014475,2026-09-28 08:00:00,Razorpay,FAILED,293.85,8.32,inr,2026-09-28 08:00:00
PAY000015849,ORD00013781,2026-09-28 08:00:00,Cashfree,SUCCESS,411.43,22.89,Rs,2026-09-28 08:00:00
PAY000015850,ORD00014683,2026-09-28 08:00:00,Stripe,FAILED,423.13,22.58,inr,2026-09-28 08:00:00
PAY000015851,ORD00014147,2026-09-28 08:00:00,Cashfree,SUCCESS,1150.65,8.1,inr,2026-09-28 08:00:00
PAY000015852,ORD00014554,2026-09-28 08:00:00,PayU,SUCCESS,781.9,9.92,inr,2026-09-28 08:00:00
PAY000015853,ORD00012590,2026-09-28 08:00:00,Razorpay,SUCCESS,2594.83,6.55,Rs,2026-09-28 08:00:00
PAY000015854,ORD00013626,2026-09-28 08:00:00,Razorpay,SUCCESS,965.33,23.54,inr,2026-09-28 08:00:00
PAY000015855,ORD00013038,2026-09-28 08:00:00,Stripe,SUCCESS,1100.97,22.73,inr,2026-09-28 08:00:00
PAY000015856,ORD00014177,2026-09-28 08:00:00,Cashfree,PENDING,1668.26,30.18,INR,2026-09-28 08:00:00
PAY000015857,ORD00012200,2026-09-28 08:00:00,Stripe,SUCCESS,1392.34,6.05,inr,2026-09-28 08:00:00
PAY000015858,ORD00014648,2026-09-28 08:00:00,razorpay ,SUCCESS,2575.1,24.12,Rs,2026-09-28 08:00:00
PAY000015859,ORD00013252,2026-09-28 08:00:00,Cashfree,FAILED,875.9,19.85,INR,2026-09-28 08:00:00
PAY000015860,ORD00014508,2026-09-28 08:00:00,Cashfree,FAILED,1186.77,29.61,INR,2026-09-28 08:00:00
PAY000015861,ORD00014402,2026-09-28 08:00:00,Cashfree,SUCCESS,6159.32,28.81,inr,2026-09-28 08:00:00
PAY000015862,ORD00012101,2026-09-28 08:00:00,Razorpay,PENDING,1479.39,5.93,INR,2026-09-28 08:00:00
PAY000015863,ORD00013478,2026-09-28 08:00:00,razorpay ,SUCCESS,2784.13,14.25,INR,2026-09-28 08:00:00
PAY000015864,ORD00012492,2026-09-28 08:00:00,Stripe,SUCCESS,743.38,3.74,INR,2026-09-28 08:00:00
PAY000015865,ORD00013458,2026-09-28 08:00:00,Cashfree,SUCCESS,898.16,13.62,INR,2026-09-28 08:00:00
PAY000015866,ORD00012803,2026-09-28 08:00:00,Razorpay,FAILED,563.82,20.66,INR,2026-09-28 08:00:00
PAY000015867,ORD00012390,2026-09-28 08:00:00,razorpay ,SUCCESS,485.99,11.48,Rs,2026-09-28 08:00:00
PAY000015868,ORD00012598,2026-09-28 08:00:00,Stripe,SUCCESS,1468.49,32.26,INR,2026-09-28 08:00:00
PAY000015869,ORD00014452,2026-09-28 08:00:00,Cashfree,FAILED,760.0,14.92,inr,2026-09-28 08:00:00
PAY000015870,ORD00014601,2026-09-28 08:00:00,Cashfree,PENDING,2917.82,28.92,inr,2026-09-28 08:00:00
PAY000015871,ORD00013379,2026-09-28 08:00:00,razorpay ,SUCCESS,691.91,2.4,inr,2026-09-28 08:00:00
PAY000015872,ORD00012399,2026-09-28 08:00:00,Razorpay,SUCCESS,946.52,18.39,Rs,2026-09-28 08:00:00
PAY000015873,ORD00014892,2026-09-28 08:00:00,razorpay ,PENDING,1464.41,26.57,Rs,2026-09-28 08:00:00
PAY000015874,ORD00014219,2026-09-28 08:00:00,Cashfree,SUCCESS,1830.12,20.75,inr,2026-09-28 08:00:00
PAY000015875,ORD00014861,2026-09-28 08:00:00,Cashfree,SUCCESS,703.87,26.29,Rs,2026-09-28 08:00:00
PAY000015876,ORD00014122,2026-09-28 08:00:00,PayU,SUCCESS,2356.05,6.48,Rs,2026-09-28 08:00:00
PAY000015877,ORD00013906,2026-09-28 08:00:00,PayU,SUCCESS,303.38,19.34,Rs,2026-09-28 08:00:00
PAY000015878,ORD00012864,2026-09-28 08:00:00,PayU,SUCCESS,1499.0,11.3,Rs,2026-09-28 08:00:00
PAY000015879,ORD00013872,2026-09-28 08:00:00,Stripe,PENDING,1222.47,3.59,inr,2026-09-28 08:00:00
PAY000015880,ORD00014758,2026-09-28 08:00:00,Stripe,PENDING,1355.17,33.86,INR,2026-09-28 08:00:00
PAY000015881,ORD00012577,2026-09-28 08:00:00,Cashfree,FAILED,546.9,6.95,inr,2026-09-28 08:00:00
PAY000015882,ORD00014193,2026-09-28 08:00:00,PayU,SUCCESS,1214.24,24.49,inr,2026-09-28 08:00:00
PAY000015883,ORD00014683,2026-09-28 08:00:00,PayU,SUCCESS,1059.63,32.57,inr,2026-09-28 08:00:00
PAY000015884,ORD00014510,2026-09-28 08:00:00,Stripe,SUCCESS,1649.51,5.99,Rs,2026-09-28 08:00:00
PAY000015885,ORD00012621,2026-09-28 08:00:00,Cashfree,SUCCESS,489.42,20.98,INR,2026-09-28 08:00:00
PAY000015886,ORD00014539,2026-09-28 08:00:00,PayU,SUCCESS,703.25,25.83,inr,2026-09-28 08:00:00
PAY000015887,ORD00012095,2026-09-28 08:00:00,Razorpay,SUCCESS,1838.97,20.2,inr,2026-09-28 08:00:00
PAY000015888,ORD00013428,2026-09-28 08:00:00,Razorpay,FAILED,3148.71,18.41,INR,2026-09-28 08:00:00
PAY000015889,ORD00014873,2026-09-28 08:00:00,PayU,SUCCESS,447.46,11.06,INR,2026-09-28 08:00:00
PAY000015890,ORD00013153,2026-09-28 08:00:00,Razorpay,SUCCESS,847.85,26.3,Rs,2026-09-28 08:00:00
PAY000015891,ORD00014738,2026-09-28 08:00:00,razorpay ,PENDING,608.82,24.85,Rs,2026-09-28 08:00:00
PAY000015892,ORD00014052,2026-09-28 08:00:00,PayU,FAILED,1384.96,8.99,Rs,2026-09-28 08:00:00
PAY000015893,ORD00014753,2026-09-28 08:00:00,Razorpay,FAILED,880.8,9.95,Rs,2026-09-28 08:00:00
PAY000015894,ORD00012642,2026-09-28 08:00:00,Stripe,SUCCESS,920.61,24.05,INR,2026-09-28 08:00:00
PAY000015895,ORD00012080,2026-09-28 08:00:00,Stripe,SUCCESS,2495.77,14.75,INR,2026-09-28 08:00:00
PAY000015896,ORD00014444,2026-09-28 08:00:00,Cashfree,SUCCESS,1309.91,22.89,INR,2026-09-28 08:00:00
PAY000015897,ORD00013725,2026-09-28 08:00:00,Cashfree,SUCCESS,1477.67,19.19,INR,2026-09-28 08:00:00
PAY000015898,ORD00012037,2026-09-28 08:00:00,Cashfree,SUCCESS,555.39,27.89,inr,2026-09-28 08:00:00
PAY000015899,ORD00013792,2026-09-28 08:00:00,Razorpay,FAILED,697.04,16.97,inr,2026-09-28 08:00:00
PAY000015900,ORD00012647,2026-09-28 08:00:00,Stripe,FAILED,837.99,21.53,INR,2026-09-28 08:00:00
PAY000015901,ORD00012277,2026-09-28 08:00:00,razorpay ,PENDING,483.91,4.45,Rs,2026-09-28 08:00:00
PAY000015902,ORD00013411,2026-09-28 08:00:00,PayU,SUCCESS,511.78,14.97,inr,2026-09-28 08:00:00
PAY000015903,ORD00013816,2026-09-28 08:00:00,razorpay ,SUCCESS,696.81,4.07,inr,2026-09-28 08:00:00
PAY000015904,ORD00013987,2026-09-28 08:00:00,PayU,PENDING,1480.22,10.5,INR,2026-09-28 08:00:00
PAY000015905,ORD00012899,2026-09-28 08:00:00,Razorpay,SUCCESS,768.98,28.46,Rs,2026-09-28 08:00:00
PAY000015906,ORD00014845,2026-09-28 08:00:00,PayU,SUCCESS,1359.31,14.44,INR,2026-09-28 08:00:00
PAY000015907,ORD00014208,2026-09-28 08:00:00,PayU,PENDING,785.42,29.39,INR,2026-09-28 08:00:00
PAY000015908,ORD00014671,2026-09-28 08:00:00,Razorpay,SUCCESS,1699.39,11.6,Rs,2026-09-28 08:00:00
PAY000015909,ORD00013554,2026-09-28 08:00:00,razorpay ,SUCCESS,2736.43,27.26,INR,2026-09-28 08:00:00
PAY000015910,ORD00014218,2026-09-28 08:00:00,PayU,FAILED,1679.19,24.49,inr,2026-09-28 08:00:00
PAY000015911,ORD00013295,2026-09-28 08:00:00,Stripe,FAILED,514.01,33.78,inr,2026-09-28 08:00:00
PAY000015912,ORD00013135,2026-09-28 08:00:00,razorpay ,SUCCESS,1484.38,2.43,Rs,2026-09-28 08:00:00
PAY000015913,ORD00014394,2026-09-28 08:00:00,Razorpay,SUCCESS,1300.37,25.35,INR,2026-09-28 08:00:00
PAY000015914,ORD00012234,2026-09-28 08:00:00,Stripe,SUCCESS,447.85,5.81,INR,2026-09-28 08:00:00
PAY000015915,ORD00012454,2026-09-28 08:00:00,Stripe,SUCCESS,868.69,9.34,inr,2026-09-28 08:00:00
PAY000015916,ORD00013105,2026-09-28 08:00:00,Cashfree,SUCCESS,392.34,3.54,Rs,2026-09-28 08:00:00
PAY000015917,ORD00014380,2026-09-28 08:00:00,Razorpay,SUCCESS,648.74,2.14,Rs,2026-09-28 08:00:00
PAY000015918,ORD00014247,2026-09-28 08:00:00,Cashfree,SUCCESS,714.34,32.71,inr,2026-09-28 08:00:00
PAY000015919,ORD00012181,2026-09-28 08:00:00,PayU,SUCCESS,862.33,11.36,inr,2026-09-28 08:00:00
PAY000015920,ORD00012420,2026-09-28 08:00:00,PayU,PENDING,900.21,30.82,Rs,2026-09-28 08:00:00
PAY000015921,ORD00013602,2026-09-28 08:00:00,Razorpay,SUCCESS,567.06,15.69,INR,2026-09-28 08:00:00
PAY000015922,ORD00013634,2026-09-28 08:00:00,Stripe,PENDING,2149.76,27.41,inr,2026-09-28 08:00:00
PAY000015923,ORD00013174,2026-09-28 08:00:00,Cashfree,PENDING,989.76,5.77,Rs,2026-09-28 08:00:00
PAY000015924,ORD00013131,2026-09-28 08:00:00,Cashfree,SUCCESS,2017.62,13.98,inr,2026-09-28 08:00:00
PAY000015925,ORD00013554,2026-09-28 08:00:00,razorpay ,SUCCESS,2035.27,15.12,INR,2026-09-28 08:00:00
PAY000015926,ORD00014310,2026-09-28 08:00:00,Stripe,PENDING,1408.9,32.51,inr,2026-09-28 08:00:00
PAY000015927,ORD00014503,2026-09-28 08:00:00,razorpay ,SUCCESS,1102.23,33.33,Rs,2026-09-28 08:00:00
PAY000015928,ORD00014235,2026-09-28 08:00:00,Cashfree,FAILED,729.91,21.39,inr,2026-09-28 08:00:00
PAY000015929,ORD00012992,2026-09-28 08:00:00,razorpay ,PENDING,1103.32,10.69,inr,2026-09-28 08:00:00
PAY000015930,ORD00014246,2026-09-28 08:00:00,Cashfree,SUCCESS,1515.39,20.98,inr,2026-09-28 08:00:00
PAY000015931,ORD00013084,2026-09-28 08:00:00,Stripe,SUCCESS,452.04,28.63,Rs,2026-09-28 08:00:00
PAY000015932,ORD00013135,2026-09-28 08:00:00,Stripe,SUCCESS,588.24,13.48,inr,2026-09-28 08:00:00
PAY000015933,ORD00014275,2026-09-28 08:00:00,Razorpay,FAILED,2678.68,13.44,inr,2026-09-28 08:00:00
PAY000015934,ORD00013987,2026-09-28 08:00:00,Razorpay,PENDING,820.1,3.56,INR,2026-09-28 08:00:00
PAY000015935,ORD00012464,2026-09-28 08:00:00,Razorpay,SUCCESS,1208.33,10.13,INR,2026-09-28 08:00:00
PAY000015936,ORD00012625,2026-09-28 08:00:00,Razorpay,SUCCESS,170.65,32.23,Rs,2026-09-28 08:00:00
PAY000015937,ORD00014794,2026-09-28 08:00:00,PayU,SUCCESS,868.47,21.3,inr,2026-09-28 08:00:00
PAY000015938,ORD00012802,2026-09-28 08:00:00,Razorpay,SUCCESS,738.56,4.6,inr,2026-09-28 08:00:00
PAY000015939,ORD00014802,2026-09-28 08:00:00,Stripe,SUCCESS,1482.77,11.66,inr,2026-09-28 08:00:00
PAY000015940,ORD00014758,2026-09-28 08:00:00,PayU,SUCCESS,1833.32,22.66,INR,2026-09-28 08:00:00
PAY000015941,ORD00012503,2026-09-28 08:00:00,PayU,FAILED,769.22,30.58,INR,2026-09-28 08:00:00
PAY000015942,ORD00014357,2026-09-28 08:00:00,Cashfree,SUCCESS,354.19,20.83,INR,2026-09-28 08:00:00
PAY000015943,ORD00014943,2026-09-28 08:00:00,PayU,SUCCESS,1357.76,5.45,Rs,2026-09-28 08:00:00
PAY000015944,ORD00013580,2026-09-28 08:00:00,Stripe,FAILED,831.25,16.38,Rs,2026-09-28 08:00:00
PAY000015945,ORD00013323,2026-09-28 08:00:00,razorpay ,SUCCESS,1028.39,15.09,inr,2026-09-28 08:00:00
PAY000015946,ORD00012399,2026-09-28 08:00:00,Cashfree,FAILED,463.5,16.57,INR,2026-09-28 08:00:00
PAY000015947,ORD00014615,2026-09-28 08:00:00,Cashfree,SUCCESS,784.42,15.74,INR,2026-09-28 08:00:00
PAY000015948,ORD00012986,2026-09-28 08:00:00,Razorpay,SUCCESS,1235.75,2.7,inr,2026-09-28 08:00:00
PAY000015949,ORD00014876,2026-09-28 08:00:00,Cashfree,FAILED,487.13,8.22,Rs,2026-09-28 08:00:00
PAY000015950,ORD00014201,2026-09-28 08:00:00,Cashfree,PENDING,593.28,15.03,INR,2026-09-28 08:00:00
PAY000015951,ORD00012185,2026-09-28 08:00:00,Cashfree,FAILED,2730.27,8.4,inr,2026-09-28 08:00:00
PAY000015952,ORD00014496,2026-09-28 08:00:00,Cashfree,SUCCESS,736.22,8.47,Rs,2026-09-28 08:00:00
PAY000015953,ORD00014990,2026-09-28 08:00:00,PayU,SUCCESS,560.49,19.12,INR,2026-09-28 08:00:00
PAY000015954,ORD00014939,2026-09-28 08:00:00,Cashfree,SUCCESS,563.67,15.75,inr,2026-09-28 08:00:00
PAY000015955,ORD00013248,2026-09-28 08:00:00,Stripe,FAILED,470.37,16.44,Rs,2026-09-28 08:00:00
PAY000015956,ORD00014904,2026-09-28 08:00:00,Stripe,PENDING,593.4,3.14,Rs,2026-09-28 08:00:00
PAY000015957,ORD00013406,2026-09-28 08:00:00,Cashfree,FAILED,823.83,21.47,Rs,2026-09-28 08:00:00
PAY000015958,ORD00014831,2026-09-28 08:00:00,Razorpay,SUCCESS,1985.92,22.44,Rs,2026-09-28 08:00:00
PAY000015959,ORD00013891,2026-09-28 08:00:00,Cashfree,SUCCESS,865.74,26.34,INR,2026-09-28 08:00:00
PAY000015960,ORD00012777,2026-09-28 08:00:00,Cashfree,SUCCESS,2365.82,8.66,inr,2026-09-28 08:00:00
PAY000015961,ORD00012081,2026-09-28 08:00:00,Cashfree,FAILED,529.48,22.09,Rs,2026-09-28 08:00:00
PAY000015962,ORD00012485,2026-09-28 08:00:00,PayU,SUCCESS,768.41,29.5,Rs,2026-09-28 08:00:00
PAY000015963,ORD00014594,2026-09-28 08:00:00,razorpay ,PENDING,1028.05,28.18,inr,2026-09-28 08:00:00
PAY000015964,ORD00014507,2026-09-28 08:00:00,PayU,SUCCESS,1113.22,4.93,Rs,2026-09-28 08:00:00
PAY000015965,ORD00012671,2026-09-28 08:00:00,PayU,PENDING,1371.85,10.49,inr,2026-09-28 08:00:00
PAY000015966,ORD00014914,2026-09-28 08:00:00,Stripe,PENDING,4412.93,3.83,INR,2026-09-28 08:00:00
PAY000015967,ORD00014990,2026-09-28 08:00:00,PayU,SUCCESS,1674.65,32.98,Rs,2026-09-28 08:00:00
PAY000015968,ORD00014093,2026-09-28 08:00:00,Razorpay,SUCCESS,846.83,18.66,INR,2026-09-28 08:00:00
PAY000015969,ORD00013515,2026-09-28 08:00:00,PayU,PENDING,1378.18,21.54,inr,2026-09-28 08:00:00
PAY000015970,ORD00012260,2026-09-28 08:00:00,PayU,SUCCESS,4527.12,33.41,inr,2026-09-28 08:00:00
PAY000015971,ORD00012786,2026-09-28 08:00:00,Cashfree,SUCCESS,765.68,12.07,INR,2026-09-28 08:00:00
PAY000015972,ORD00014271,2026-09-28 08:00:00,Razorpay,SUCCESS,753.8,34.76,INR,2026-09-28 08:00:00
PAY000015973,ORD00012736,2026-09-28 08:00:00,Cashfree,SUCCESS,617.42,17.0,inr,2026-09-28 08:00:00
PAY000015974,ORD00012704,2026-09-28 08:00:00,razorpay ,PENDING,933.23,34.1,Rs,2026-09-28 08:00:00
PAY000015975,ORD00013746,2026-09-28 08:00:00,Razorpay,FAILED,1511.19,3.93,Rs,2026-09-28 08:00:00
PAY000015976,ORD00012515,2026-09-28 08:00:00,razorpay ,SUCCESS,4100.54,19.28,inr,2026-09-28 08:00:00
PAY000015977,ORD00014608,2026-09-28 08:00:00,Cashfree,FAILED,1791.08,27.83,Rs,2026-09-28 08:00:00
PAY000015978,ORD00012205,2026-09-28 08:00:00,PayU,PENDING,1035.74,9.01,inr,2026-09-28 08:00:00
PAY000015979,ORD00013050,2026-09-28 08:00:00,razorpay ,SUCCESS,566.37,19.66,inr,2026-09-28 08:00:00
PAY000015980,ORD00014368,2026-09-28 08:00:00,Razorpay,PENDING,739.0,9.88,Rs,2026-09-28 08:00:00
PAY000015981,ORD00012255,2026-09-28 08:00:00,Cashfree,PENDING,1426.05,30.63,Rs,2026-09-28 08:00:00
PAY000015982,ORD00012571,2026-09-28 08:00:00,Stripe,SUCCESS,591.24,18.91,INR,2026-09-28 08:00:00
PAY000015983,ORD00013231,2026-09-28 08:00:00,razorpay ,SUCCESS,3038.54,5.89,inr,2026-09-28 08:00:00
PAY000015984,ORD00012696,2026-09-28 08:00:00,Razorpay,SUCCESS,4533.43,14.46,Rs,2026-09-28 08:00:00
PAY000015985,ORD00013817,2026-09-28 08:00:00,Cashfree,PENDING,1557.35,9.18,INR,2026-09-28 08:00:00
PAY000015986,ORD00014889,2026-09-28 08:00:00,Razorpay,PENDING,287.02,34.39,Rs,2026-09-28 08:00:00
PAY000015987,ORD00012745,2026-09-28 08:00:00,Razorpay,SUCCESS,1070.4,9.07,Rs,2026-09-28 08:00:00
PAY000015988,ORD00013327,2026-09-28 08:00:00,razorpay ,SUCCESS,1359.88,30.09,inr,2026-09-28 08:00:00
PAY000015989,ORD00012354,2026-09-28 08:00:00,razorpay ,PENDING,1317.4,14.8,Rs,2026-09-28 08:00:00
PAY000015990,ORD00012218,2026-09-28 08:00:00,Razorpay,SUCCESS,1142.66,3.68,Rs,2026-09-28 08:00:00
PAY000015991,ORD00012185,2026-09-28 08:00:00,PayU,PENDING,1329.9,18.49,Rs,2026-09-28 08:00:00
PAY000015992,ORD00013195,2026-09-28 08:00:00,razorpay ,PENDING,985.97,14.63,inr,2026-09-28 08:00:00
PAY000015993,ORD00013399,2026-09-28 08:00:00,Stripe,SUCCESS,1608.08,6.33,Rs,2026-09-28 08:00:00
PAY000015994,ORD00012716,2026-09-28 08:00:00,Cashfree,PENDING,2029.03,23.94,INR,2026-09-28 08:00:00
PAY000015995,ORD00012660,2026-09-28 08:00:00,Razorpay,FAILED,1577.4,24.23,Rs,2026-09-28 08:00:00
PAY000015996,ORD00013412,2026-09-28 08:00:00,PayU,SUCCESS,913.85,24.07,inr,2026-09-28 08:00:00
PAY000015997,ORD00014872,2026-09-28 08:00:00,Stripe,SUCCESS,1349.95,30.89,INR,2026-09-28 08:00:00
PAY000015998,ORD00012413,2026-09-28 08:00:00,razorpay ,SUCCESS,478.26,28.1,Rs,2026-09-28 08:00:00
PAY000015999,ORD00012015,2026-09-28 08:00:00,PayU,PENDING,1053.84,16.51,inr,2026-09-28 08:00:00
PAY000016000,ORD00014883,2026-09-28 08:00:00,PayU,SUCCESS,301.29,17.43,Rs,2026-09-28 08:00:00
PAY000016001,ORD00014822,2026-09-28 08:00:00,Razorpay,PENDING,488.88,10.83,inr,2026-09-28 08:00:00
PAY000016002,ORD00012501,2026-09-28 08:00:00,Cashfree,SUCCESS,1048.52,29.85,Rs,2026-09-28 08:00:00
PAY000016003,ORD00014982,2026-09-28 08:00:00,Cashfree,FAILED,1838.39,27.38,INR,2026-09-28 08:00:00
PAY000016004,ORD00013525,2026-09-28 08:00:00,razorpay ,SUCCESS,349.72,5.24,INR,2026-09-28 08:00:00
PAY000016005,ORD00012329,2026-09-28 08:00:00,razorpay ,SUCCESS,1219.87,22.31,inr,2026-09-28 08:00:00
PAY000016006,ORD00012456,2026-09-28 08:00:00,Razorpay,SUCCESS,531.03,5.64,inr,2026-09-28 08:00:00
PAY000016007,ORD00013904,2026-09-28 08:00:00,Razorpay,SUCCESS,1521.0,16.16,INR,2026-09-28 08:00:00
PAY000016008,ORD00014380,2026-09-28 08:00:00,razorpay ,PENDING,1629.41,23.21,Rs,2026-09-28 08:00:00
PAY000016009,ORD00012869,2026-09-28 08:00:00,Cashfree,PENDING,859.79,5.37,Rs,2026-09-28 08:00:00
PAY000016010,ORD00012010,2026-09-28 08:00:00,Razorpay,SUCCESS,2524.63,18.65,inr,2026-09-28 08:00:00
PAY000016011,ORD00012228,2026-09-28 08:00:00,PayU,SUCCESS,688.85,31.4,Rs,2026-09-28 08:00:00
PAY000016012,ORD00012791,2026-09-28 08:00:00,Stripe,FAILED,1390.64,21.48,INR,2026-09-28 08:00:00
PAY000016013,ORD00013656,2026-09-28 08:00:00,PayU,FAILED,1992.91,14.58,inr,2026-09-28 08:00:00
PAY000016014,ORD00013950,2026-09-28 08:00:00,Cashfree,SUCCESS,2420.24,22.18,INR,2026-09-28 08:00:00
PAY000016015,ORD00013908,2026-09-28 08:00:00,Razorpay,SUCCESS,2430.09,15.56,inr,2026-09-28 08:00:00
PAY000016016,ORD00012624,2026-09-28 08:00:00,razorpay ,SUCCESS,344.48,31.9,Rs,2026-09-28 08:00:00
PAY000016017,ORD00014032,2026-09-28 08:00:00,Stripe,SUCCESS,1254.14,16.41,inr,2026-09-28 08:00:00
PAY000016018,ORD00014757,2026-09-28 08:00:00,Stripe,SUCCESS,3428.38,11.84,Rs,2026-09-28 08:00:00
PAY000016019,ORD00014659,2026-09-28 08:00:00,razorpay ,FAILED,2073.91,12.68,inr,2026-09-28 08:00:00
PAY000016020,ORD00012881,2026-09-28 08:00:00,razorpay ,SUCCESS,963.65,23.94,inr,2026-09-28 08:00:00
PAY000016021,ORD00014418,2026-09-28 08:00:00,Cashfree,SUCCESS,2436.7,34.75,INR,2026-09-28 08:00:00
PAY000016022,ORD00013279,2026-09-28 08:00:00,razorpay ,SUCCESS,2678.16,3.61,inr,2026-09-28 08:00:00
PAY000016023,ORD00013827,2026-09-28 08:00:00,Stripe,SUCCESS,359.25,28.76,INR,2026-09-28 08:00:00
PAY000016024,ORD00012134,2026-09-28 08:00:00,Razorpay,SUCCESS,363.23,7.18,inr,2026-09-28 08:00:00
PAY000016025,ORD00013912,2026-09-28 08:00:00,Stripe,SUCCESS,867.02,34.51,Rs,2026-09-28 08:00:00
PAY000016026,ORD00014264,2026-09-28 08:00:00,Cashfree,SUCCESS,1759.47,11.16,INR,2026-09-28 08:00:00
PAY000016027,ORD00014959,2026-09-28 08:00:00,Stripe,SUCCESS,825.19,28.85,inr,2026-09-28 08:00:00
PAY000016028,ORD00014350,2026-09-28 08:00:00,Stripe,SUCCESS,364.28,17.51,inr,2026-09-28 08:00:00
PAY000016029,ORD00014387,2026-09-28 08:00:00,razorpay ,SUCCESS,964.53,18.79,inr,2026-09-28 08:00:00
PAY000016030,ORD00014586,2026-09-28 08:00:00,PayU,SUCCESS,488.7,8.02,Rs,2026-09-28 08:00:00
PAY000016031,ORD00012790,2026-09-28 08:00:00,PayU,SUCCESS,1163.85,8.48,inr,2026-09-28 08:00:00
PAY000016032,ORD00012688,2026-09-28 08:00:00,razorpay ,SUCCESS,714.43,34.42,INR,2026-09-28 08:00:00
PAY000016033,ORD00014855,2026-09-28 08:00:00,Razorpay,SUCCESS,897.39,20.65,INR,2026-09-28 08:00:00
PAY000016034,ORD00012267,2026-09-28 08:00:00,Stripe,SUCCESS,1293.77,28.11,Rs,2026-09-28 08:00:00
PAY000016035,ORD00014044,2026-09-28 08:00:00,razorpay ,SUCCESS,1076.94,5.71,INR,2026-09-28 08:00:00
PAY000016036,ORD00014461,2026-09-28 08:00:00,Cashfree,SUCCESS,212.22,6.29,Rs,2026-09-28 08:00:00
PAY000016037,ORD00012294,2026-09-28 08:00:00,Cashfree,PENDING,1407.66,12.6,Rs,2026-09-28 08:00:00
PAY000016038,ORD00014695,2026-09-28 08:00:00,Razorpay,SUCCESS,906.95,26.13,inr,2026-09-28 08:00:00
PAY000016039,ORD00012841,2026-09-28 08:00:00,razorpay ,SUCCESS,429.46,7.25,INR,2026-09-28 08:00:00
PAY000016040,ORD00012512,2026-09-28 08:00:00,razorpay ,SUCCESS,3425.71,29.08,Rs,2026-09-28 08:00:00
PAY000016041,ORD00013158,2026-09-28 08:00:00,Razorpay,PENDING,1263.8,20.82,INR,2026-09-28 08:00:00
PAY000016042,ORD00013982,2026-09-28 08:00:00,PayU,SUCCESS,999.24,26.35,inr,2026-09-28 08:00:00
PAY000016043,ORD00014297,2026-09-28 08:00:00,Cashfree,PENDING,230.11,15.19,Rs,2026-09-28 08:00:00
PAY000016044,ORD00013639,2026-09-28 08:00:00,Cashfree,SUCCESS,497.08,31.22,INR,2026-09-28 08:00:00
PAY000016045,ORD00013783,2026-09-28 08:00:00,Cashfree,SUCCESS,2404.49,3.18,INR,2026-09-28 08:00:00
PAY000016046,ORD00014142,2026-09-28 08:00:00,razorpay ,PENDING,734.36,14.64,Rs,2026-09-28 08:00:00
PAY000016047,ORD00013003,2026-09-28 08:00:00,Stripe,SUCCESS,1086.42,11.53,Rs,2026-09-28 08:00:00
PAY000016048,ORD00012602,2026-09-28 08:00:00,PayU,SUCCESS,1283.86,3.86,Rs,2026-09-28 08:00:00
PAY000016049,ORD00013353,2026-09-28 08:00:00,Cashfree,SUCCESS,1690.33,10.54,Rs,2026-09-28 08:00:00
PAY000016050,ORD00014886,2026-09-28 08:00:00,PayU,PENDING,2292.01,32.6,inr,2026-09-28 08:00:00
PAY000016051,ORD00013707,2026-09-28 08:00:00,razorpay ,PENDING,2162.69,6.86,INR,2026-09-28 08:00:00
PAY000016052,ORD00012853,2026-09-28 08:00:00,PayU,SUCCESS,1762.66,5.91,Rs,2026-09-28 08:00:00
PAY000016053,ORD00013385,2026-09-28 08:00:00,PayU,SUCCESS,1414.1,18.44,INR,2026-09-28 08:00:00
PAY000016054,ORD00012116,2026-09-28 08:00:00,razorpay ,SUCCESS,504.98,30.29,Rs,2026-09-28 08:00:00
PAY000016055,ORD00014979,2026-09-28 08:00:00,Cashfree,FAILED,1244.87,8.91,inr,2026-09-28 08:00:00
PAY000016056,ORD00012709,2026-09-28 08:00:00,Cashfree,FAILED,399.29,25.32,INR,2026-09-28 08:00:00
PAY000016057,ORD00012826,2026-09-28 08:00:00,Razorpay,SUCCESS,838.0,17.58,Rs,2026-09-28 08:00:00
PAY000016058,ORD00014635,2026-09-28 08:00:00,Stripe,SUCCESS,1343.29,6.71,INR,2026-09-28 08:00:00
PAY000016059,ORD00014293,2026-09-28 08:00:00,Cashfree,SUCCESS,2908.79,20.84,INR,2026-09-28 08:00:00
PAY000016060,ORD00014907,2026-09-28 08:00:00,Razorpay,PENDING,635.7,7.95,inr,2026-09-28 08:00:00
PAY000016061,ORD00014490,2026-09-28 08:00:00,Razorpay,PENDING,1937.62,20.05,inr,2026-09-28 08:00:00
PAY000016062,ORD00012818,2026-09-28 08:00:00,Cashfree,SUCCESS,638.11,32.86,inr,2026-09-28 08:00:00
PAY000016063,ORD00014623,2026-09-28 08:00:00,Razorpay,SUCCESS,1608.97,19.27,Rs,2026-09-28 08:00:00
PAY000016064,ORD00012049,2026-09-28 08:00:00,razorpay ,SUCCESS,1464.75,33.92,INR,2026-09-28 08:00:00
PAY000016065,ORD00012941,2026-09-28 08:00:00,razorpay ,SUCCESS,1843.2,11.17,inr,2026-09-28 08:00:00
PAY000016066,ORD00012756,2026-09-28 08:00:00,PayU,FAILED,1163.83,7.49,inr,2026-09-28 08:00:00
PAY000016067,ORD00013661,2026-09-28 08:00:00,Stripe,FAILED,1741.83,21.4,INR,2026-09-28 08:00:00
PAY000016068,ORD00012985,2026-09-28 08:00:00,razorpay ,FAILED,2503.94,21.26,Rs,2026-09-28 08:00:00
PAY000016069,ORD00012068,2026-09-28 08:00:00,razorpay ,SUCCESS,503.69,28.97,INR,2026-09-28 08:00:00
PAY000016070,ORD00014501,2026-09-28 08:00:00,razorpay ,PENDING,1940.11,25.75,Rs,2026-09-28 08:00:00
PAY000016071,ORD00013666,2026-09-28 08:00:00,PayU,FAILED,829.49,15.27,inr,2026-09-28 08:00:00
PAY000016072,ORD00014560,2026-09-28 08:00:00,Stripe,PENDING,1506.23,23.08,inr,2026-09-28 08:00:00
PAY000016073,ORD00014024,2026-09-28 08:00:00,Razorpay,SUCCESS,3532.45,31.81,inr,2026-09-28 08:00:00
PAY000016074,ORD00012814,2026-09-28 08:00:00,razorpay ,SUCCESS,1417.46,12.98,inr,2026-09-28 08:00:00
PAY000016075,ORD00014474,2026-09-28 08:00:00,razorpay ,PENDING,1231.09,21.93,Rs,2026-09-28 08:00:00
PAY000016076,ORD00012101,2026-09-28 08:00:00,razorpay ,SUCCESS,1385.86,31.07,inr,2026-09-28 08:00:00
PAY000016077,ORD00012640,2026-09-28 08:00:00,Razorpay,SUCCESS,608.56,17.11,INR,2026-09-28 08:00:00
PAY000016078,ORD00014720,2026-09-28 08:00:00,razorpay ,SUCCESS,735.04,25.4,INR,2026-09-28 08:00:00
PAY000016079,ORD00012625,2026-09-28 08:00:00,Cashfree,SUCCESS,2133.03,31.88,inr,2026-09-28 08:00:00
PAY000016080,ORD00014563,2026-09-28 08:00:00,Stripe,PENDING,2294.99,21.17,Rs,2026-09-28 08:00:00
PAY000016081,ORD00014336,2026-09-28 08:00:00,Razorpay,SUCCESS,564.3,3.82,inr,2026-09-28 08:00:00
PAY000016082,ORD00014648,2026-09-28 08:00:00,razorpay ,PENDING,1547.5,19.58,Rs,2026-09-28 08:00:00
PAY000016083,ORD00012791,2026-09-28 08:00:00,Razorpay,SUCCESS,1088.12,23.53,Rs,2026-09-28 08:00:00
PAY000016084,ORD00012864,2026-09-28 08:00:00,Cashfree,SUCCESS,1332.92,19.35,inr,2026-09-28 08:00:00
PAY000016085,ORD00013243,2026-09-28 08:00:00,Stripe,SUCCESS,447.14,22.47,Rs,2026-09-28 08:00:00
PAY000016086,ORD00012476,2026-09-28 08:00:00,Razorpay,SUCCESS,1046.62,22.48,Rs,2026-09-28 08:00:00
PAY000016087,ORD00013552,2026-09-28 08:00:00,Cashfree,PENDING,938.56,27.05,INR,2026-09-28 08:00:00
PAY000016088,ORD00013358,2026-09-28 08:00:00,razorpay ,FAILED,1185.65,9.84,INR,2026-09-28 08:00:00
PAY000016089,ORD00013999,2026-09-28 08:00:00,razorpay ,PENDING,2028.71,21.22,INR,2026-09-28 08:00:00
PAY000016090,ORD00014370,2026-09-28 08:00:00,Razorpay,SUCCESS,1028.12,25.6,Rs,2026-09-28 08:00:00
PAY000016091,ORD00014866,2026-09-28 08:00:00,PayU,PENDING,381.97,22.29,Rs,2026-09-28 08:00:00
PAY000016092,ORD00012648,2026-09-28 08:00:00,razorpay ,SUCCESS,634.23,12.54,inr,2026-09-28 08:00:00
PAY000016093,ORD00014203,2026-09-28 08:00:00,PayU,FAILED,538.39,8.74,INR,2026-09-28 08:00:00
PAY000016094,ORD00012878,2026-09-28 08:00:00,Stripe,PENDING,541.53,6.46,inr,2026-09-28 08:00:00
PAY000016095,ORD00013993,2026-09-28 08:00:00,razorpay ,FAILED,1171.92,34.31,INR,2026-09-28 08:00:00
PAY000016096,ORD00014084,2026-09-28 08:00:00,razorpay ,FAILED,3184.69,3.86,Rs,2026-09-28 08:00:00
PAY000016097,ORD00014084,2026-09-28 08:00:00,Stripe,SUCCESS,307.91,34.62,Rs,2026-09-28 08:00:00
PAY000016098,ORD00012093,2026-09-28 08:00:00,Razorpay,PENDING,932.54,10.33,INR,2026-09-28 08:00:00
PAY000016099,ORD00014169,2026-09-28 08:00:00,Stripe,FAILED,588.14,7.84,INR,2026-09-28 08:00:00
PAY000016100,ORD00014527,2026-09-28 08:00:00,razorpay ,SUCCESS,780.49,24.1,Rs,2026-09-28 08:00:00
PAY000016101,ORD00013334,2026-09-28 08:00:00,PayU,SUCCESS,1239.48,21.87,inr,2026-09-28 08:00:00
PAY000016102,ORD00014087,2026-09-28 08:00:00,razorpay ,SUCCESS,1546.05,6.21,inr,2026-09-28 08:00:00
PAY000016103,ORD00013615,2026-09-28 08:00:00,Cashfree,SUCCESS,969.84,29.03,Rs,2026-09-28 08:00:00
PAY000016104,ORD00013777,2026-09-28 08:00:00,Stripe,SUCCESS,1296.3,34.87,Rs,2026-09-28 08:00:00
PAY000016105,ORD00013888,2026-09-28 08:00:00,Stripe,PENDING,645.04,28.08,INR,2026-09-28 08:00:00
PAY000016106,ORD00012718,2026-09-28 08:00:00,Cashfree,SUCCESS,1469.35,17.74,INR,2026-09-28 08:00:00
PAY000016107,ORD00013852,2026-09-28 08:00:00,Razorpay,SUCCESS,835.18,11.73,Rs,2026-09-28 08:00:00
PAY000016108,ORD00012670,2026-09-28 08:00:00,razorpay ,SUCCESS,1360.24,30.6,Rs,2026-09-28 08:00:00
PAY000016109,ORD00014670,2026-09-28 08:00:00,razorpay ,PENDING,1093.41,11.43,inr,2026-09-28 08:00:00
PAY000016110,ORD00014844,2026-09-28 08:00:00,razorpay ,SUCCESS,2153.21,19.95,inr,2026-09-28 08:00:00
PAY000016111,ORD00014269,2026-09-28 08:00:00,Cashfree,SUCCESS,936.68,23.36,Rs,2026-09-28 08:00:00
PAY000016112,ORD00012133,2026-09-28 08:00:00,Razorpay,SUCCESS,906.49,14.16,Rs,2026-09-28 08:00:00
PAY000016113,ORD00013814,2026-09-28 08:00:00,Razorpay,SUCCESS,1737.3,14.32,inr,2026-09-28 08:00:00
PAY000016114,ORD00012054,2026-09-28 08:00:00,razorpay ,SUCCESS,902.36,16.57,Rs,2026-09-28 08:00:00
PAY000016115,ORD00013546,2026-09-28 08:00:00,Stripe,PENDING,1227.5,28.09,inr,2026-09-28 08:00:00
PAY000016116,ORD00014581,2026-09-28 08:00:00,Razorpay,SUCCESS,1463.31,12.15,inr,2026-09-28 08:00:00
PAY000016117,ORD00012782,2026-09-28 08:00:00,Stripe,SUCCESS,1090.34,17.97,INR,2026-09-28 08:00:00
PAY000016118,ORD00012832,2026-09-28 08:00:00,Cashfree,PENDING,1337.05,17.8,Rs,2026-09-28 08:00:00
PAY000016119,ORD00012373,2026-09-28 08:00:00,Cashfree,FAILED,1238.17,13.82,Rs,2026-09-28 08:00:00
PAY000016120,ORD00012413,2026-09-28 08:00:00,PayU,PENDING,1142.65,24.61,Rs,2026-09-28 08:00:00
PAY000016121,ORD00013442,2026-09-28 08:00:00,Razorpay,SUCCESS,1272.77,29.82,Rs,2026-09-28 08:00:00
PAY000016122,ORD00012452,2026-09-28 08:00:00,Stripe,SUCCESS,1053.07,9.59,inr,2026-09-28 08:00:00
PAY000016123,ORD00013105,2026-09-28 08:00:00,Stripe,SUCCESS,1170.01,22.11,Rs,2026-09-28 08:00:00
PAY000016124,ORD00014457,2026-09-28 08:00:00,Cashfree,SUCCESS,1066.03,15.59,INR,2026-09-28 08:00:00
PAY000016125,ORD00013711,2026-09-28 08:00:00,PayU,SUCCESS,665.69,19.06,Rs,2026-09-28 08:00:00
PAY000016126,ORD00014974,2026-09-28 08:00:00,Stripe,PENDING,611.2,6.55,Rs,2026-09-28 08:00:00
PAY000016127,ORD00014259,2026-09-28 08:00:00,razorpay ,PENDING,1053.32,27.05,inr,2026-09-28 08:00:00
PAY000016128,ORD00013907,2026-09-28 08:00:00,razorpay ,PENDING,510.1,18.01,inr,2026-09-28 08:00:00
PAY000016129,ORD00013012,2026-09-28 08:00:00,Cashfree,FAILED,1183.4,4.48,Rs,2026-09-28 08:00:00
PAY000016130,ORD00014402,2026-09-28 08:00:00,PayU,FAILED,815.53,18.16,Rs,2026-09-28 08:00:00
PAY000016131,ORD00014196,2026-09-28 08:00:00,RAZORPAY,SUCCESS,504.96,4.11,inr,2026-09-28 08:00:00
PAY000016132,ORD00012326,2026-09-28 08:00:00,Cashfree,FAILED,2278.85,3.47,INR,2026-09-28 08:00:00
PAY000016133,ORD00014056,2026-09-28 08:00:00,razorpay ,SUCCESS,1381.7,32.93,inr,2026-09-28 08:00:00
PAY000016134,ORD00012524,2026-09-28 08:00:00,Cashfree,SUCCESS,1010.26,29.89,Rs,2026-09-28 08:00:00
PAY000016135,ORD00013815,2026-09-28 08:00:00,razorpay ,SUCCESS,864.26,12.77,INR,2026-09-28 08:00:00
PAY000016136,ORD00014359,2026-09-28 08:00:00,Cashfree,SUCCESS,1186.29,12.94,Rs,2026-09-28 08:00:00
PAY000016137,ORD00012247,2026-09-28 08:00:00,PayU,PENDING,305.35,25.57,INR,2026-09-28 08:00:00
PAY000016138,ORD00014586,2026-09-28 08:00:00,razorpay ,SUCCESS,970.33,26.13,inr,2026-09-28 08:00:00
PAY000016139,ORD00013267,2026-09-28 08:00:00,Stripe,SUCCESS,1475.6,33.61,INR,2026-09-28 08:00:00
PAY000016140,ORD00014271,2026-09-28 08:00:00,Stripe,FAILED,1600.51,19.53,Rs,2026-09-28 08:00:00
PAY000016141,ORD00012528,2026-09-28 08:00:00,Stripe,SUCCESS,692.0,16.3,inr,2026-09-28 08:00:00
PAY000016142,ORD00013886,2026-09-28 08:00:00,PayU,SUCCESS,1709.73,27.85,Rs,2026-09-28 08:00:00
PAY000016143,ORD00013710,2026-09-28 08:00:00,PayU,SUCCESS,1034.62,22.09,Rs,2026-09-28 08:00:00
PAY000016144,ORD00013939,2026-09-28 08:00:00,Razorpay,FAILED,1358.95,9.92,Rs,2026-09-28 08:00:00
PAY000016145,ORD00013640,2026-09-28 08:00:00,Cashfree,SUCCESS,2154.14,6.85,Rs,2026-09-28 08:00:00
PAY000016146,ORD00012017,2026-09-28 08:00:00,Stripe,FAILED,2475.13,14.43,inr,2026-09-28 08:00:00
PAY000016147,ORD00013513,2026-09-28 08:00:00,Razorpay,SUCCESS,6916.7,7.2,INR,2026-09-28 08:00:00
PAY000016148,ORD00012234,2026-09-28 08:00:00,PayU,FAILED,838.76,19.86,Rs,2026-09-28 08:00:00
PAY000016149,ORD00012794,2026-09-28 08:00:00,PayU,SUCCESS,320.87,21.11,inr,2026-09-28 08:00:00
PAY000016150,ORD00013774,2026-09-28 08:00:00,Cashfree,PENDING,1731.12,15.8,Rs,2026-09-28 08:00:00
PAY000016151,ORD00014240,2026-09-28 08:00:00,Stripe,SUCCESS,1020.94,25.81,Rs,2026-09-28 08:00:00
PAY000016152,ORD00012144,2026-09-28 08:00:00,Stripe,SUCCESS,1377.95,24.74,inr,2026-09-28 08:00:00
PAY000016153,ORD00014131,2026-09-28 08:00:00,Razorpay,SUCCESS,944.44,9.18,Rs,2026-09-28 08:00:00
PAY000016154,ORD00014856,2026-09-28 08:00:00,razorpay ,SUCCESS,1107.62,21.34,Rs,2026-09-28 08:00:00
PAY000016155,ORD00013412,2026-09-28 08:00:00,Cashfree,PENDING,1125.19,32.25,INR,2026-09-28 08:00:00
PAY000016156,ORD00013193,2026-09-28 08:00:00,PayU,PENDING,2318.92,21.01,Rs,2026-09-28 08:00:00
PAY000016157,ORD00013391,2026-09-28 08:00:00,PayU,PENDING,812.25,18.29,INR,2026-09-28 08:00:00
PAY000016158,ORD00014959,2026-09-28 08:00:00,PayU,SUCCESS,1578.19,30.76,INR,2026-09-28 08:00:00
PAY000016159,ORD00014380,2026-09-28 08:00:00,PayU,SUCCESS,1226.66,28.23,INR,2026-09-28 08:00:00
PAY000016160,ORD00012885,2026-09-28 08:00:00,Razorpay,SUCCESS,1678.03,20.01,inr,2026-09-28 08:00:00
PAY000016161,ORD00013457,2026-09-28 08:00:00,Stripe,SUCCESS,2417.51,30.96,INR,2026-09-28 08:00:00
PAY000016162,ORD00013486,2026-09-28 08:00:00,Razorpay,FAILED,1852.09,19.86,inr,2026-09-28 08:00:00
PAY000016163,ORD00013958,2026-09-28 08:00:00,Razorpay,SUCCESS,6685.81,26.75,Rs,2026-09-28 08:00:00
PAY000016164,ORD00012980,2026-09-28 08:00:00,Stripe,SUCCESS,2919.96,12.87,inr,2026-09-28 08:00:00
PAY000016165,ORD00014292,2026-09-28 08:00:00,Cashfree,PENDING,815.56,20.07,inr,2026-09-28 08:00:00
PAY000016166,ORD00013225,2026-09-28 08:00:00,Razorpay,FAILED,1707.51,29.26,Rs,2026-09-28 08:00:00
PAY000016167,ORD00014348,2026-09-28 08:00:00,PayU,SUCCESS,918.93,24.07,Rs,2026-09-28 08:00:00
PAY000016168,ORD00012539,2026-09-28 08:00:00,Razorpay,SUCCESS,1450.38,11.84,inr,2026-09-28 08:00:00
PAY000016169,ORD00012773,2026-09-28 08:00:00,Stripe,SUCCESS,1716.24,34.7,inr,2026-09-28 08:00:00
PAY000016170,ORD00013635,2026-09-28 08:00:00,Cashfree,SUCCESS,4406.71,5.55,Rs,2026-09-28 08:00:00
PAY000016171,ORD00014543,2026-09-28 08:00:00,razorpay ,SUCCESS,2113.78,25.03,inr,2026-09-28 08:00:00
PAY000016172,ORD00012755,2026-09-28 08:00:00,razorpay ,FAILED,2047.47,23.47,inr,2026-09-28 08:00:00
PAY000016173,ORD00014315,2026-09-28 08:00:00,Stripe,SUCCESS,736.03,32.84,INR,2026-09-28 08:00:00
PAY000016174,ORD00014953,2026-09-28 08:00:00,PayU,SUCCESS,999.37,3.58,inr,2026-09-28 08:00:00
PAY000016175,ORD00012507,2026-09-28 08:00:00,Razorpay,SUCCESS,1790.12,7.55,INR,2026-09-28 08:00:00
PAY000016176,ORD00014023,2026-09-28 08:00:00,Cashfree,SUCCESS,1790.57,18.51,INR,2026-09-28 08:00:00
PAY000016177,ORD00012146,2026-09-28 08:00:00,Stripe,PENDING,1257.54,7.72,Rs,2026-09-28 08:00:00
PAY000016178,ORD00012080,2026-09-28 08:00:00,Cashfree,FAILED,1411.25,29.79,INR,2026-09-28 08:00:00
PAY000016179,ORD00012657,2026-09-28 08:00:00,Stripe,SUCCESS,954.07,32.75,INR,2026-09-28 08:00:00
PAY000016180,ORD00013511,2026-09-28 08:00:00,Stripe,SUCCESS,1083.12,22.82,INR,2026-09-28 08:00:00
PAY000016181,ORD00014905,2026-09-28 08:00:00,PayU,PENDING,1289.87,12.46,inr,2026-09-28 08:00:00
PAY000016182,ORD00012831,2026-09-28 08:00:00,Stripe,SUCCESS,891.39,9.78,inr,2026-09-28 08:00:00
PAY000016183,ORD00014176,2026-09-28 08:00:00,razorpay ,SUCCESS,989.74,18.85,inr,2026-09-28 08:00:00
PAY000016184,ORD00012894,2026-09-28 08:00:00,razorpay ,SUCCESS,1161.58,18.08,Rs,2026-09-28 08:00:00
PAY000016185,ORD00012108,2026-09-28 08:00:00,razorpay ,PENDING,906.22,19.18,Rs,2026-09-28 08:00:00
PAY000016186,ORD00012686,2026-09-28 08:00:00,Stripe,FAILED,2673.55,22.7,Rs,2026-09-28 08:00:00
PAY000016187,ORD00012670,2026-09-28 08:00:00,Cashfree,SUCCESS,858.07,3.29,INR,2026-09-28 08:00:00
PAY000016188,ORD00013149,2026-09-28 08:00:00,Cashfree,PENDING,1066.08,19.54,INR,2026-09-28 08:00:00
PAY000016189,ORD00013781,2026-09-28 08:00:00,razorpay ,PENDING,921.19,24.63,inr,2026-09-28 08:00:00
PAY000016190,ORD00013828,2026-09-28 08:00:00,Stripe,PENDING,680.7,25.22,Rs,2026-09-28 08:00:00
PAY000016191,ORD00014432,2026-09-28 08:00:00,PayU,SUCCESS,5495.13,21.26,inr,2026-09-28 08:00:00
PAY000016192,ORD00014126,2026-09-28 08:00:00,Stripe,SUCCESS,1245.8,10.05,Rs,2026-09-28 08:00:00
PAY000016193,ORD00013969,2026-09-28 08:00:00,PayU,SUCCESS,1120.97,6.0,INR,2026-09-28 08:00:00
PAY000016194,ORD00013336,2026-09-28 08:00:00,Razorpay,SUCCESS,655.01,30.54,inr,2026-09-28 08:00:00
PAY000016195,ORD00012040,2026-09-28 08:00:00,Stripe,SUCCESS,813.77,34.16,inr,2026-09-28 08:00:00
PAY000016196,ORD00013809,2026-09-28 08:00:00,Cashfree,SUCCESS,2708.63,2.82,INR,2026-09-28 08:00:00
PAY000016197,ORD00012188,2026-09-28 08:00:00,Cashfree,SUCCESS,1783.57,34.67,INR,2026-09-28 08:00:00
PAY000016198,ORD00012536,2026-09-28 08:00:00,Stripe,PENDING,1317.84,14.63,Rs,2026-09-28 08:00:00
PAY000016199,ORD00013512,2026-09-28 08:00:00,Razorpay,FAILED,694.88,20.73,inr,2026-09-28 08:00:00
PAY000016200,ORD00014134,2026-09-28 08:00:00,razorpay ,SUCCESS,518.16,4.01,INR,2026-09-28 08:00:00
PAY000016201,ORD00012660,2026-09-28 08:00:00,razorpay ,SUCCESS,552.49,24.91,INR,2026-09-28 08:00:00
PAY000016202,ORD00012652,2026-09-28 08:00:00,Stripe,FAILED,299.48,28.61,Rs,2026-09-28 08:00:00
PAY000016203,ORD00012065,2026-09-28 08:00:00,Stripe,SUCCESS,1073.48,6.35,INR,2026-09-28 08:00:00
PAY000016204,ORD00013323,2026-09-28 08:00:00,Cashfree,SUCCESS,913.9,14.26,Rs,2026-09-28 08:00:00
PAY000016205,ORD00013429,2026-09-28 08:00:00,Stripe,SUCCESS,1240.22,28.14,INR,2026-09-28 08:00:00
PAY000016206,ORD00013633,2026-09-28 08:00:00,Razorpay,FAILED,1408.65,14.94,INR,2026-09-28 08:00:00
PAY000016207,ORD00012774,2026-09-28 08:00:00,Cashfree,SUCCESS,613.58,19.64,Rs,2026-09-28 08:00:00
PAY000016208,ORD00014354,2026-09-28 08:00:00,Razorpay,SUCCESS,796.87,24.77,INR,2026-09-28 08:00:00
PAY000016209,ORD00012421,2026-09-28 08:00:00,PayU,FAILED,195.41,3.62,INR,2026-09-28 08:00:00
PAY000016210,ORD00014805,2026-09-28 08:00:00,Razorpay,FAILED,370.49,7.12,Rs,2026-09-28 08:00:00
PAY000016211,ORD00014311,2026-09-28 08:00:00,Stripe,SUCCESS,1953.85,5.21,INR,2026-09-28 08:00:00
PAY000016212,ORD00013767,2026-09-28 08:00:00,PayU,FAILED,989.87,2.27,INR,2026-09-28 08:00:00
PAY000016213,ORD00013891,2026-09-28 08:00:00,Cashfree,PENDING,2921.31,24.39,INR,2026-09-28 08:00:00
PAY000016214,ORD00013418,2026-09-28 08:00:00,razorpay ,FAILED,1368.49,13.25,INR,2026-09-28 08:00:00
PAY000016215,ORD00012785,2026-09-28 08:00:00,PayU,SUCCESS,714.02,22.25,inr,2026-09-28 08:00:00
PAY000016216,ORD00014005,2026-09-28 08:00:00,Cashfree,SUCCESS,2329.67,19.61,Rs,2026-09-28 08:00:00
PAY000016217,ORD00014080,2026-09-28 08:00:00,Cashfree,SUCCESS,199.2,17.69,inr,2026-09-28 08:00:00
PAY000016218,ORD00013647,2026-09-28 08:00:00,Cashfree,SUCCESS,1165.5,28.25,inr,2026-09-28 08:00:00
PAY000016219,ORD00013234,2026-09-28 08:00:00,Cashfree,SUCCESS,330.58,18.84,Rs,2026-09-28 08:00:00
PAY000016220,ORD00012375,2026-09-28 08:00:00,Stripe,PENDING,1831.86,6.28,inr,2026-09-28 08:00:00
PAY000016221,ORD00013692,2026-09-28 08:00:00,PayU,SUCCESS,1513.86,13.86,inr,2026-09-28 08:00:00
PAY000016222,ORD00014952,2026-09-28 08:00:00,PayU,SUCCESS,642.92,11.64,INR,2026-09-28 08:00:00
PAY000016223,ORD00012874,2026-09-28 08:00:00,razorpay ,SUCCESS,558.71,31.25,inr,2026-09-28 08:00:00
PAY000016224,ORD00014499,2026-09-28 08:00:00,Cashfree,SUCCESS,2507.43,13.16,INR,2026-09-28 08:00:00
PAY000016225,ORD00012745,2026-09-28 08:00:00,Stripe,SUCCESS,2267.48,4.3,inr,2026-09-28 08:00:00
PAY000016226,ORD00013268,2026-09-28 08:00:00,Stripe,SUCCESS,144.51,4.95,inr,2026-09-28 08:00:00
PAY000016227,ORD00013737,2026-09-28 08:00:00,razorpay ,SUCCESS,2141.1,17.72,INR,2026-09-28 08:00:00
PAY000016228,ORD00013603,2026-09-28 08:00:00,Cashfree,SUCCESS,1201.72,5.07,Rs,2026-09-28 08:00:00
PAY000016229,ORD00012661,2026-09-28 08:00:00,Stripe,FAILED,491.7,13.48,INR,2026-09-28 08:00:00
PAY000016230,ORD00014164,2026-09-28 08:00:00,PayU,PENDING,778.97,20.71,inr,2026-09-28 08:00:00
PAY000016231,ORD00013414,2026-09-28 08:00:00,Cashfree,PENDING,794.95,7.31,Rs,2026-09-28 08:00:00
PAY000016232,ORD00012929,2026-09-28 08:00:00,Stripe,SUCCESS,1514.03,28.61,INR,2026-09-28 08:00:00
PAY000016233,ORD00013367,2026-09-28 08:00:00,Razorpay,SUCCESS,880.62,34.51,INR,2026-09-28 08:00:00
PAY000016234,ORD00012496,2026-09-28 08:00:00,Cashfree,SUCCESS,536.07,21.76,Rs,2026-09-28 08:00:00
PAY000016235,ORD00013766,2026-09-28 08:00:00,Cashfree,PENDING,796.45,12.78,inr,2026-09-28 08:00:00
PAY000016236,ORD00014305,2026-09-28 08:00:00,Razorpay,SUCCESS,1281.39,15.34,INR,2026-09-28 08:00:00
PAY000016237,ORD00014975,2026-09-28 08:00:00,razorpay ,SUCCESS,1250.42,28.69,Rs,2026-09-28 08:00:00
PAY000016238,ORD00012885,2026-09-28 08:00:00,Stripe,SUCCESS,1459.49,8.58,INR,2026-09-28 08:00:00
PAY000016239,ORD00014258,2026-09-28 08:00:00,Razorpay,SUCCESS,1873.79,5.91,Rs,2026-09-28 08:00:00
PAY000016240,ORD00014258,2026-09-28 08:00:00,razorpay ,FAILED,1044.62,24.19,INR,2026-09-28 08:00:00
PAY000016241,ORD00014397,2026-09-28 08:00:00,Razorpay,SUCCESS,669.02,14.67,inr,2026-09-28 08:00:00
PAY000016242,ORD00012811,2026-09-28 08:00:00,Cashfree,SUCCESS,1655.02,18.82,INR,2026-09-28 08:00:00
PAY000016243,ORD00014540,2026-09-28 08:00:00,PayU,PENDING,1318.35,29.62,INR,2026-09-28 08:00:00
PAY000016244,ORD00014861,2026-09-28 08:00:00,Razorpay,SUCCESS,863.68,33.05,inr,2026-09-28 08:00:00
PAY000016245,ORD00014235,2026-09-28 08:00:00,Stripe,SUCCESS,700.63,29.17,INR,2026-09-28 08:00:00
PAY000016246,ORD00012879,2026-09-28 08:00:00,Cashfree,SUCCESS,1980.37,31.04,Rs,2026-09-28 08:00:00
PAY000016247,ORD00012300,2026-09-28 08:00:00,Stripe,SUCCESS,1003.81,29.45,INR,2026-09-28 08:00:00
PAY000016248,ORD00014880,2026-09-28 08:00:00,Razorpay,PENDING,1584.83,13.7,Rs,2026-09-28 08:00:00
PAY000016249,ORD00013399,2026-09-28 08:00:00,Razorpay,FAILED,1493.21,4.95,INR,2026-09-28 08:00:00
PAY000016250,ORD00013574,2026-09-28 08:00:00,Cashfree,PENDING,2256.75,7.86,inr,2026-09-28 08:00:00
PAY000016251,ORD00014577,2026-09-28 08:00:00,Stripe,SUCCESS,1680.84,19.92,inr,2026-09-28 08:00:00
PAY000016252,ORD00012011,2026-09-28 08:00:00,PayU,PENDING,1363.13,19.32,inr,2026-09-28 08:00:00
PAY000016253,ORD00012252,2026-09-28 08:00:00,PayU,FAILED,670.15,25.24,Rs,2026-09-28 08:00:00
PAY000016254,ORD00012363,2026-09-28 08:00:00,Cashfree,SUCCESS,5742.36,15.1,Rs,2026-09-28 08:00:00
PAY000016255,ORD00012071,2026-09-28 08:00:00,PayU,PENDING,568.52,2.24,INR,2026-09-28 08:00:00
PAY000016256,ORD00013590,2026-09-28 08:00:00,Razorpay,FAILED,1118.27,27.35,inr,2026-09-28 08:00:00
PAY000016257,ORD00014192,2026-09-28 08:00:00,Stripe,PENDING,1816.02,33.22,INR,2026-09-28 08:00:00
PAY000016258,ORD00012048,2026-09-28 08:00:00,PayU,SUCCESS,1501.47,3.99,inr,2026-09-28 08:00:00
PAY000016259,ORD00013818,2026-09-28 08:00:00,Razorpay,SUCCESS,1776.64,14.59,inr,2026-09-28 08:00:00
PAY000016260,ORD00012077,2026-09-28 08:00:00,razorpay ,SUCCESS,2001.72,32.1,INR,2026-09-28 08:00:00
PAY000016261,ORD00013457,2026-09-28 08:00:00,PayU,SUCCESS,1657.4,12.58,Rs,2026-09-28 08:00:00
PAY000016262,ORD00013374,2026-09-28 08:00:00,razorpay ,PENDING,831.6,30.71,INR,2026-09-28 08:00:00
PAY000016263,ORD00014998,2026-09-28 08:00:00,Cashfree,PENDING,534.35,6.01,Rs,2026-09-28 08:00:00
PAY000016264,ORD00014383,2026-09-28 08:00:00,Cashfree,PENDING,1103.75,10.91,Rs,2026-09-28 08:00:00
PAY000016265,ORD00012251,2026-09-28 08:00:00,Stripe,SUCCESS,3217.6,33.53,Rs,2026-09-28 08:00:00
PAY000016266,ORD00012510,2026-09-28 08:00:00,PayU,PENDING,1975.81,27.19,INR,2026-09-28 08:00:00
PAY000016267,ORD00014550,2026-09-28 08:00:00,razorpay ,SUCCESS,988.82,7.31,INR,2026-09-28 08:00:00
PAY000016268,ORD00014662,2026-09-28 08:00:00,Stripe,SUCCESS,772.29,31.14,inr,2026-09-28 08:00:00
PAY000016269,ORD00014367,2026-09-28 08:00:00,razorpay ,SUCCESS,788.1,30.44,inr,2026-09-28 08:00:00
PAY000016270,ORD00013732,2026-09-28 08:00:00,Stripe,SUCCESS,2099.15,20.15,inr,2026-09-28 08:00:00
PAY000016271,ORD00013510,2026-09-28 08:00:00,PayU,PENDING,731.78,10.76,Rs,2026-09-28 08:00:00
PAY000016272,ORD00012391,2026-09-28 08:00:00,Razorpay,PENDING,1015.26,24.76,inr,2026-09-28 08:00:00
PAY000016273,ORD00012608,2026-09-28 08:00:00,Cashfree,SUCCESS,587.32,8.49,INR,2026-09-28 08:00:00
PAY000016274,ORD00012824,2026-09-28 08:00:00,Razorpay,SUCCESS,1137.4,34.29,inr,2026-09-28 08:00:00
PAY000016275,ORD00014034,2026-09-28 08:00:00,Stripe,SUCCESS,1392.09,21.5,INR,2026-09-28 08:00:00
PAY000016276,ORD00014954,2026-09-28 08:00:00,Cashfree,SUCCESS,589.06,14.74,inr,2026-09-28 08:00:00
PAY000016277,ORD00014008,2026-09-28 08:00:00,PayU,SUCCESS,1181.87,21.05,inr,2026-09-28 08:00:00
PAY000016278,ORD00012463,2026-09-28 08:00:00,Cashfree,SUCCESS,1606.92,31.59,inr,2026-09-28 08:00:00
PAY000016279,ORD00012928,2026-09-28 08:00:00,Cashfree,SUCCESS,692.0,4.67,INR,2026-09-28 08:00:00
PAY000016280,ORD00014233,2026-09-28 08:00:00,PayU,SUCCESS,1782.34,13.01,inr,2026-09-28 08:00:00
PAY000016281,ORD00013149,2026-09-28 08:00:00,PayU,PENDING,1180.96,32.26,Rs,2026-09-28 08:00:00
PAY000016282,ORD00014477,2026-09-28 08:00:00,Cashfree,PENDING,1350.36,12.4,INR,2026-09-28 08:00:00
PAY000016283,ORD00012619,2026-09-28 08:00:00,Razorpay,SUCCESS,771.64,24.46,INR,2026-09-28 08:00:00
PAY000016284,ORD00012027,2026-09-28 08:00:00,razorpay ,SUCCESS,406.6,32.06,INR,2026-09-28 08:00:00
PAY000016285,ORD00014012,2026-09-28 08:00:00,PayU,SUCCESS,851.69,16.91,inr,2026-09-28 08:00:00
PAY000016286,ORD00012374,2026-09-28 08:00:00,razorpay ,SUCCESS,609.71,23.19,INR,2026-09-28 08:00:00
PAY000016287,ORD00013247,2026-09-28 08:00:00,Razorpay,PENDING,902.99,19.96,inr,2026-09-28 08:00:00
PAY000016288,ORD00014520,2026-09-28 08:00:00,razorpay ,SUCCESS,957.16,15.47,Rs,2026-09-28 08:00:00
PAY000016289,ORD00014035,2026-09-28 08:00:00,razorpay ,SUCCESS,1675.22,10.12,Rs,2026-09-28 08:00:00
PAY000016290,ORD00012999,2026-09-28 08:00:00,Stripe,SUCCESS,936.2,29.46,INR,2026-09-28 08:00:00
PAY000016291,ORD00014324,2026-09-28 08:00:00,Razorpay,FAILED,397.44,26.6,Rs,2026-09-28 08:00:00
PAY000016292,ORD00014945,2026-09-28 08:00:00,Stripe,PENDING,899.78,34.48,Rs,2026-09-28 08:00:00
PAY000016293,ORD00014577,2026-09-28 08:00:00,PayU,SUCCESS,435.96,33.21,Rs,2026-09-28 08:00:00
PAY000016294,ORD00014633,2026-09-28 08:00:00,Cashfree,FAILED,703.68,26.33,INR,2026-09-28 08:00:00
PAY000016295,ORD00014388,2026-09-28 08:00:00,razorpay ,FAILED,1345.91,28.38,inr,2026-09-28 08:00:00
PAY000016296,ORD00012525,2026-09-28 08:00:00,Cashfree,SUCCESS,4161.89,34.56,INR,2026-09-28 08:00:00
PAY000016297,ORD00012718,2026-09-28 08:00:00,razorpay ,SUCCESS,510.48,9.32,INR,2026-09-28 08:00:00
PAY000016298,ORD00012853,2026-09-28 08:00:00,Razorpay,SUCCESS,1194.77,32.39,inr,2026-09-28 08:00:00
PAY000016299,ORD00014476,2026-09-28 08:00:00,PayU,FAILED,557.95,22.75,inr,2026-09-28 08:00:00
PAY000016300,ORD00014187,2026-09-28 08:00:00,PayU,SUCCESS,1377.1,4.58,INR,2026-09-28 08:00:00
PAY000016301,ORD00012824,2026-09-28 08:00:00,Cashfree,SUCCESS,629.41,8.2,INR,2026-09-28 08:00:00
PAY000016302,ORD00014137,2026-09-28 08:00:00,PayU,SUCCESS,793.79,9.42,INR,2026-09-28 08:00:00
PAY000016303,ORD00013467,2026-09-28 08:00:00,Stripe,SUCCESS,406.45,13.4,INR,2026-09-28 08:00:00
PAY000016304,ORD00014938,2026-09-28 08:00:00,PayU,SUCCESS,1245.35,28.89,Rs,2026-09-28 08:00:00
PAY000016305,ORD00012673,2026-09-28 08:00:00,PayU,SUCCESS,1149.31,14.14,INR,2026-09-28 08:00:00
PAY000016306,ORD00014697,2026-09-28 08:00:00,Razorpay,SUCCESS,886.57,12.0,inr,2026-09-28 08:00:00
PAY000016307,ORD00014209,2026-09-28 08:00:00,Stripe,SUCCESS,3785.9,15.31,Rs,2026-09-28 08:00:00
PAY000016308,ORD00013015,2026-09-28 08:00:00,Stripe,SUCCESS,962.44,33.14,INR,2026-09-28 08:00:00
PAY000016309,ORD00012097,2026-09-28 08:00:00,Cashfree,SUCCESS,2478.33,24.68,inr,2026-09-28 08:00:00
PAY000016310,ORD00012377,2026-09-28 08:00:00,Razorpay,SUCCESS,1999.08,23.41,Rs,2026-09-28 08:00:00
PAY000016311,ORD00013883,2026-09-28 08:00:00,PayU,SUCCESS,436.91,16.08,Rs,2026-09-28 08:00:00
PAY000016312,ORD00013095,2026-09-28 08:00:00,Cashfree,SUCCESS,369.1,32.86,inr,2026-09-28 08:00:00
PAY000016313,ORD00012333,2026-09-28 08:00:00,Stripe,SUCCESS,1485.86,17.09,inr,2026-09-28 08:00:00
PAY000016314,ORD00014596,2026-09-28 08:00:00,Razorpay,PENDING,1341.94,34.77,INR,2026-09-28 08:00:00
PAY000016315,ORD00012094,2026-09-28 08:00:00,PayU,PENDING,1795.17,8.37,Rs,2026-09-28 08:00:00
PAY000016316,ORD00014429,2026-09-28 08:00:00,Stripe,FAILED,794.85,24.74,Rs,2026-09-28 08:00:00
PAY000016317,ORD00012509,2026-09-28 08:00:00,PayU,PENDING,1944.85,25.88,Rs,2026-09-28 08:00:00
PAY000016318,ORD00012350,2026-09-28 08:00:00,PayU,SUCCESS,2452.83,26.17,inr,2026-09-28 08:00:00
PAY000016319,ORD00014994,2026-09-28 08:00:00,Stripe,SUCCESS,1679.37,12.82,INR,2026-09-28 08:00:00
PAY000016320,ORD00014997,2026-09-28 08:00:00,Cashfree,FAILED,3886.77,16.15,Rs,2026-09-28 08:00:00
PAY000016321,ORD00012408,2026-09-28 08:00:00,razorpay ,FAILED,878.85,31.31,INR,2026-09-28 08:00:00
PAY000016322,ORD00014099,2026-09-28 08:00:00,Cashfree,SUCCESS,1423.34,24.46,Rs,2026-09-28 08:00:00
PAY000016323,ORD00013657,2026-09-28 08:00:00,Cashfree,SUCCESS,2017.06,19.29,inr,2026-09-28 08:00:00
PAY000016324,ORD00012119,2026-09-28 08:00:00,Razorpay,SUCCESS,1812.23,30.69,Rs,2026-09-28 08:00:00
PAY000016325,ORD00013233,2026-09-28 08:00:00,razorpay ,SUCCESS,455.08,5.42,Rs,2026-09-28 08:00:00
PAY000016326,ORD00014402,2026-09-28 08:00:00,Cashfree,PENDING,354.94,6.73,inr,2026-09-28 08:00:00
PAY000016327,ORD00014658,2026-09-28 08:00:00,razorpay ,SUCCESS,786.19,18.93,inr,2026-09-28 08:00:00
PAY000016328,ORD00013392,2026-09-28 08:00:00,Cashfree,SUCCESS,687.92,25.68,Rs,2026-09-28 08:00:00
PAY000016329,ORD00014038,2026-09-28 08:00:00,Cashfree,FAILED,1617.23,22.55,Rs,2026-09-28 08:00:00
PAY000016330,ORD00014641,2026-09-28 08:00:00,PayU,SUCCESS,300.19,16.41,Rs,2026-09-28 08:00:00
PAY000016331,ORD00013316,2026-09-28 08:00:00,PayU,SUCCESS,506.04,10.56,INR,2026-09-28 08:00:00
PAY000016332,ORD00014581,2026-09-28 08:00:00,Stripe,FAILED,1048.48,3.44,INR,2026-09-28 08:00:00
PAY000016333,ORD00013820,2026-09-28 08:00:00,Stripe,SUCCESS,3061.7,32.31,inr,2026-09-28 08:00:00
PAY000016334,ORD00014893,2026-09-28 08:00:00,PayU,PENDING,2001.95,15.82,inr,2026-09-28 08:00:00
PAY000016335,ORD00014170,2026-09-28 08:00:00,razorpay ,SUCCESS,1036.44,8.98,Rs,2026-09-28 08:00:00
PAY000016336,ORD00012677,2026-09-28 08:00:00,Cashfree,SUCCESS,1571.42,2.79,Rs,2026-09-28 08:00:00
PAY000016337,ORD00012050,2026-09-28 08:00:00,razorpay ,SUCCESS,988.74,13.27,Rs,2026-09-28 08:00:00
PAY000016338,ORD00014638,2026-09-28 08:00:00,PayU,SUCCESS,404.51,20.01,Rs,2026-09-28 08:00:00
PAY000016339,ORD00012911,2026-09-28 08:00:00,Cashfree,SUCCESS,636.95,24.57,inr,2026-09-28 08:00:00
PAY000016340,ORD00012594,2026-09-28 08:00:00,PayU,SUCCESS,1105.37,24.79,INR,2026-09-28 08:00:00
PAY000016341,ORD00013252,2026-09-28 08:00:00,RAZORPAY,PENDING,1630.92,12.82,inr,2026-09-28 08:00:00
PAY000016342,ORD00013061,2026-09-28 08:00:00,Razorpay,SUCCESS,689.93,13.38,Rs,2026-09-28 08:00:00
PAY000016343,ORD00013218,2026-09-28 08:00:00,PayU,PENDING,2451.81,25.65,Rs,2026-09-28 08:00:00
PAY000016344,ORD00012411,2026-09-28 08:00:00,Razorpay,SUCCESS,456.67,14.39,inr,2026-09-28 08:00:00
PAY000016345,ORD00014419,2026-09-28 08:00:00,Razorpay,PENDING,3615.89,24.99,Rs,2026-09-28 08:00:00
PAY000016346,ORD00013369,2026-09-28 08:00:00,Razorpay,PENDING,795.7,24.85,INR,2026-09-28 08:00:00
PAY000016347,ORD00013336,2026-09-28 08:00:00,Razorpay,SUCCESS,838.16,18.86,Rs,2026-09-28 08:00:00
PAY000016348,ORD00013902,2026-09-28 08:00:00,PayU,PENDING,404.96,18.7,inr,2026-09-28 08:00:00
PAY000016349,ORD00014993,2026-09-28 08:00:00,Cashfree,PENDING,1045.38,28.57,inr,2026-09-28 08:00:00
PAY000016350,ORD00014223,2026-09-28 08:00:00,Cashfree,SUCCESS,1046.89,26.13,INR,2026-09-28 08:00:00
PAY000016351,ORD00012221,2026-09-28 08:00:00,PayU,PENDING,1682.62,33.88,Rs,2026-09-28 08:00:00
PAY000016352,ORD00012909,2026-09-28 08:00:00,Stripe,FAILED,949.54,26.35,inr,2026-09-28 08:00:00
PAY000016353,ORD00014254,2026-09-28 08:00:00,razorpay ,PENDING,1301.08,18.21,Rs,2026-09-28 08:00:00
PAY000016354,ORD00012653,2026-09-28 08:00:00,Stripe,SUCCESS,4566.85,14.72,Rs,2026-09-28 08:00:00
PAY000016355,ORD00013085,2026-09-28 08:00:00,PayU,SUCCESS,1235.88,22.85,Rs,2026-09-28 08:00:00
PAY000016356,ORD00013164,2026-09-28 08:00:00,razorpay ,SUCCESS,228.57,28.78,inr,2026-09-28 08:00:00
PAY000016357,ORD00014791,2026-09-28 08:00:00,razorpay ,SUCCESS,377.45,21.65,inr,2026-09-28 08:00:00
PAY000016358,ORD00014264,2026-09-28 08:00:00,razorpay ,PENDING,297.27,20.38,Rs,2026-09-28 08:00:00
PAY000016359,ORD00014615,2026-09-28 08:00:00,Razorpay,FAILED,676.53,3.6,inr,2026-09-28 08:00:00
PAY000016360,ORD00013797,2026-09-28 08:00:00,RAZORPAY,PENDING,754.07,7.32,inr,2026-09-28 08:00:00
PAY000016361,ORD00014272,2026-09-28 08:00:00,Stripe,SUCCESS,500.26,12.4,inr,2026-09-28 08:00:00
PAY000016362,ORD00013878,2026-09-28 08:00:00,Stripe,FAILED,277.22,16.58,Rs,2026-09-28 08:00:00
PAY000016363,ORD00014190,2026-09-28 08:00:00,razorpay ,SUCCESS,1463.59,16.51,inr,2026-09-28 08:00:00
PAY000016364,ORD00014535,2026-09-28 08:00:00,Cashfree,SUCCESS,755.12,11.6,Rs,2026-09-28 08:00:00
PAY000016365,ORD00013175,2026-09-28 08:00:00,Stripe,SUCCESS,1153.65,10.78,INR,2026-09-28 08:00:00
PAY000016366,ORD00013408,2026-09-28 08:00:00,PayU,PENDING,891.6,29.47,Rs,2026-09-28 08:00:00
PAY000016367,ORD00012680,2026-09-28 08:00:00,Cashfree,FAILED,1104.19,29.83,inr,2026-09-28 08:00:00
PAY000016368,ORD00013779,2026-09-28 08:00:00,Stripe,PENDING,3094.39,10.39,Rs,2026-09-28 08:00:00
PAY000016369,ORD00013830,2026-09-28 08:00:00,PayU,SUCCESS,1332.0,12.55,INR,2026-09-28 08:00:00
PAY000016370,ORD00013618,2026-09-28 08:00:00,Stripe,SUCCESS,1197.93,32.19,inr,2026-09-28 08:00:00
PAY000016371,ORD00013124,2026-09-28 08:00:00,PayU,SUCCESS,1132.73,12.96,INR,2026-09-28 08:00:00
PAY000016372,ORD00013507,2026-09-28 08:00:00,Stripe,PENDING,748.82,12.64,inr,2026-09-28 08:00:00
PAY000016373,ORD00014337,2026-09-28 08:00:00,Stripe,SUCCESS,1145.29,5.91,INR,2026-09-28 08:00:00
PAY000016374,ORD00013356,2026-09-28 08:00:00,Razorpay,PENDING,1603.35,9.12,Rs,2026-09-28 08:00:00
PAY000016375,ORD00012970,2026-09-28 08:00:00,PayU,PENDING,369.1,27.53,INR,2026-09-28 08:00:00
PAY000016376,ORD00013943,2026-09-28 08:00:00,Razorpay,SUCCESS,774.87,29.27,Rs,2026-09-28 08:00:00
PAY000016377,ORD00013658,2026-09-28 08:00:00,PayU,SUCCESS,2974.09,23.74,INR,2026-09-28 08:00:00
PAY000016378,ORD00012580,2026-09-28 08:00:00,Razorpay,PENDING,1746.55,4.91,INR,2026-09-28 08:00:00
PAY000016379,ORD00014564,2026-09-28 08:00:00,Razorpay,PENDING,804.78,19.82,Rs,2026-09-28 08:00:00
PAY000016380,ORD00013819,2026-09-28 08:00:00,PayU,PENDING,974.69,31.58,inr,2026-09-28 08:00:00
PAY000016381,ORD00013566,2026-09-28 08:00:00,Cashfree,PENDING,1123.06,21.05,inr,2026-09-28 08:00:00
PAY000016382,ORD00014534,2026-09-28 08:00:00,Razorpay,SUCCESS,719.91,34.04,INR,2026-09-28 08:00:00
PAY000016383,ORD00012368,2026-09-28 08:00:00,PayU,FAILED,603.5,29.41,Rs,2026-09-28 08:00:00
PAY000016384,ORD00012626,2026-09-28 08:00:00,razorpay ,SUCCESS,1653.8,10.45,inr,2026-09-28 08:00:00
PAY000016385,ORD00014388,2026-09-28 08:00:00,Razorpay,SUCCESS,731.13,17.43,Rs,2026-09-28 08:00:00
PAY000016386,ORD00013058,2026-09-28 08:00:00,Stripe,SUCCESS,1460.46,16.85,inr,2026-09-28 08:00:00
PAY000016387,ORD00012403,2026-09-28 08:00:00,Cashfree,SUCCESS,1066.46,17.25,inr,2026-09-28 08:00:00
PAY000016388,ORD00014172,2026-09-28 08:00:00,PayU,SUCCESS,1245.2,11.32,INR,2026-09-28 08:00:00
PAY000016389,ORD00014558,2026-09-28 08:00:00,Cashfree,SUCCESS,758.09,5.17,inr,2026-09-28 08:00:00
PAY000016390,ORD00013187,2026-09-28 08:00:00,Stripe,SUCCESS,1155.87,7.17,Rs,2026-09-28 08:00:00
PAY000016391,ORD00014168,2026-09-28 08:00:00,Razorpay,PENDING,1211.97,33.68,INR,2026-09-28 08:00:00
PAY000016392,ORD00012379,2026-09-28 08:00:00,Stripe,SUCCESS,789.93,29.34,INR,2026-09-28 08:00:00
PAY000016393,ORD00012017,2026-09-28 08:00:00,Stripe,SUCCESS,274.35,14.53,Rs,2026-09-28 08:00:00
PAY000016394,ORD00012394,2026-09-28 08:00:00,Stripe,FAILED,465.55,10.07,INR,2026-09-28 08:00:00
PAY000016395,ORD00014437,2026-09-28 08:00:00,Stripe,FAILED,1016.01,29.24,Rs,2026-09-28 08:00:00
PAY000016396,ORD00014926,2026-09-28 08:00:00,Razorpay,FAILED,3154.21,6.09,INR,2026-09-28 08:00:00
PAY000016397,ORD00014063,2026-09-28 08:00:00,RAZORPAY,SUCCESS,2366.88,9.54,Rs,2026-09-28 08:00:00
PAY000016398,ORD00013716,2026-09-28 08:00:00,PayU,PENDING,829.97,30.55,Rs,2026-09-28 08:00:00
PAY000016399,ORD00012148,2026-09-28 08:00:00,Stripe,SUCCESS,1080.81,6.44,Rs,2026-09-28 08:00:00
PAY000016400,ORD00014537,2026-09-28 08:00:00,PayU,SUCCESS,721.48,3.24,inr,2026-09-28 08:00:00
PAY000016401,ORD00013741,2026-09-28 08:00:00,Cashfree,FAILED,2807.82,33.12,Rs,2026-09-28 08:00:00
PAY000016402,ORD00014675,2026-09-28 08:00:00,razorpay ,SUCCESS,940.88,23.24,INR,2026-09-28 08:00:00
PAY000016403,ORD00014201,2026-09-28 08:00:00,razorpay ,SUCCESS,890.85,8.52,INR,2026-09-28 08:00:00
PAY000016404,ORD00014547,2026-09-28 08:00:00,Stripe,FAILED,769.17,18.05,Rs,2026-09-28 08:00:00
PAY000016405,ORD00013623,2026-09-28 08:00:00,razorpay ,SUCCESS,664.56,20.61,INR,2026-09-28 08:00:00
PAY000016406,ORD00014887,2026-09-28 08:00:00,Razorpay,PENDING,118.65,15.16,inr,2026-09-28 08:00:00
PAY000016407,ORD00014804,2026-09-28 08:00:00,PayU,SUCCESS,1395.33,9.4,INR,2026-09-28 08:00:00
PAY000016408,ORD00014760,2026-09-28 08:00:00,Cashfree,SUCCESS,850.1,11.27,INR,2026-09-28 08:00:00
PAY000016409,ORD00014353,2026-09-28 08:00:00,Cashfree,SUCCESS,212.93,12.26,inr,2026-09-28 08:00:00
PAY000016410,ORD00014880,2026-09-28 08:00:00,PayU,SUCCESS,1715.25,21.01,Rs,2026-09-28 08:00:00
PAY000016411,ORD00012181,2026-09-28 08:00:00,Razorpay,SUCCESS,637.87,23.63,Rs,2026-09-28 08:00:00
PAY000016412,ORD00014103,2026-09-28 08:00:00,Razorpay,SUCCESS,936.06,20.13,Rs,2026-09-28 08:00:00
PAY000016413,ORD00014521,2026-09-28 08:00:00,Razorpay,PENDING,1267.82,32.35,inr,2026-09-28 08:00:00
PAY000016414,ORD00014579,2026-09-28 08:00:00,Stripe,SUCCESS,771.17,26.75,inr,2026-09-28 08:00:00
PAY000016415,ORD00013241,2026-09-28 08:00:00,PayU,SUCCESS,980.89,11.46,INR,2026-09-28 08:00:00
PAY000016416,ORD00013775,2026-09-28 08:00:00,razorpay ,FAILED,1013.44,17.22,INR,2026-09-28 08:00:00
PAY000016417,ORD00014685,2026-09-28 08:00:00,Stripe,SUCCESS,819.66,23.3,inr,2026-09-28 08:00:00
PAY000016418,ORD00013084,2026-09-28 08:00:00,PayU,SUCCESS,851.0,26.51,INR,2026-09-28 08:00:00
PAY000016419,ORD00013226,2026-09-28 08:00:00,Razorpay,FAILED,1369.95,3.11,INR,2026-09-28 08:00:00
PAY000016420,ORD00013882,2026-09-28 08:00:00,Razorpay,FAILED,948.6,5.66,inr,2026-09-28 08:00:00
PAY000016421,ORD00012930,2026-09-28 08:00:00,Stripe,SUCCESS,993.14,16.61,Rs,2026-09-28 08:00:00
PAY000016422,ORD00013706,2026-09-28 08:00:00,Razorpay,SUCCESS,1532.02,28.83,Rs,2026-09-28 08:00:00
PAY000016423,ORD00012453,2026-09-28 08:00:00,Razorpay,SUCCESS,2747.28,23.48,inr,2026-09-28 08:00:00
PAY000016424,ORD00014605,2026-09-28 08:00:00,razorpay ,SUCCESS,543.74,27.69,Rs,2026-09-28 08:00:00
PAY000016425,ORD00013757,2026-09-28 08:00:00,Stripe,SUCCESS,447.98,5.93,Rs,2026-09-28 08:00:00
PAY000016426,ORD00014845,2026-09-28 08:00:00,Cashfree,SUCCESS,752.89,26.3,Rs,2026-09-28 08:00:00
PAY000016427,ORD00013982,2026-09-28 08:00:00,razorpay ,SUCCESS,1139.22,15.84,INR,2026-09-28 08:00:00
PAY000016428,ORD00013030,2026-09-28 08:00:00,Cashfree,FAILED,881.03,28.46,Rs,2026-09-28 08:00:00
PAY000016429,ORD00013095,2026-09-28 08:00:00,Stripe,SUCCESS,650.8,14.58,INR,2026-09-28 08:00:00
PAY000016430,ORD00014775,2026-09-28 08:00:00,Razorpay,SUCCESS,1363.86,8.05,INR,2026-09-28 08:00:00
PAY000016431,ORD00012786,2026-09-28 08:00:00,Razorpay,SUCCESS,1109.51,34.7,INR,2026-09-28 08:00:00
PAY000016432,ORD00012799,2026-09-28 08:00:00,Stripe,SUCCESS,2414.88,4.44,Rs,2026-09-28 08:00:00
PAY000016433,ORD00014867,2026-09-28 08:00:00,Razorpay,PENDING,625.07,27.76,INR,2026-09-28 08:00:00
PAY000016434,ORD00014141,2026-09-28 08:00:00,Stripe,SUCCESS,441.67,20.43,Rs,2026-09-28 08:00:00
PAY000016435,ORD00012491,2026-09-28 08:00:00,razorpay ,SUCCESS,4946.73,4.91,Rs,2026-09-28 08:00:00
PAY000016436,ORD00013153,2026-09-28 08:00:00,Razorpay,PENDING,628.67,34.42,INR,2026-09-28 08:00:00
PAY000016437,ORD00014917,2026-09-28 08:00:00,PayU,PENDING,469.05,21.86,Rs,2026-09-28 08:00:00
PAY000016438,ORD00014900,2026-09-28 08:00:00,PayU,SUCCESS,363.95,2.74,INR,2026-09-28 08:00:00
PAY000016439,ORD00014213,2026-09-28 08:00:00,Razorpay,FAILED,1388.1,2.19,inr,2026-09-28 08:00:00
PAY000016440,ORD00014134,2026-09-28 08:00:00,Cashfree,SUCCESS,641.96,14.03,Rs,2026-09-28 08:00:00
PAY000016441,ORD00013805,2026-09-28 08:00:00,Stripe,SUCCESS,1068.2,28.26,inr,2026-09-28 08:00:00
PAY000016442,ORD00013017,2026-09-28 08:00:00,PayU,SUCCESS,276.52,5.72,Rs,2026-09-28 08:00:00
PAY000016443,ORD00013704,2026-09-28 08:00:00,Razorpay,FAILED,1321.15,19.3,inr,2026-09-28 08:00:00
PAY000016444,ORD00013953,2026-09-28 08:00:00,Cashfree,SUCCESS,818.5,20.55,inr,2026-09-28 08:00:00
PAY000016445,ORD00013005,2026-09-28 08:00:00,PayU,PENDING,1141.09,31.77,INR,2026-09-28 08:00:00
PAY000016446,ORD00013670,2026-09-28 08:00:00,Stripe,SUCCESS,1206.47,16.45,INR,2026-09-28 08:00:00
PAY000016447,ORD00013997,2026-09-28 08:00:00,razorpay ,SUCCESS,1257.38,17.16,INR,2026-09-28 08:00:00
PAY000016448,ORD00013780,2026-09-28 08:00:00,Razorpay,PENDING,2366.55,22.37,inr,2026-09-28 08:00:00
PAY000016449,ORD00013156,2026-09-28 08:00:00,PayU,SUCCESS,1471.68,9.43,INR,2026-09-28 08:00:00
PAY000016450,ORD00013518,2026-09-28 08:00:00,PayU,SUCCESS,1872.64,20.69,Rs,2026-09-28 08:00:00
PAY000016451,ORD00012472,2026-09-28 08:00:00,razorpay ,SUCCESS,1709.5,4.91,INR,2026-09-28 08:00:00
PAY000016452,ORD00014983,2026-09-28 08:00:00,Stripe,SUCCESS,583.42,34.47,Rs,2026-09-28 08:00:00
PAY000016453,ORD00013484,2026-09-28 08:00:00,Cashfree,SUCCESS,1612.27,14.41,inr,2026-09-28 08:00:00
PAY000016454,ORD00013009,2026-09-28 08:00:00,Cashfree,SUCCESS,364.19,8.46,INR,2026-09-28 08:00:00
PAY000016455,ORD00012635,2026-09-28 08:00:00,PayU,SUCCESS,2027.33,14.91,inr,2026-09-28 08:00:00
PAY000016456,ORD00013962,2026-09-28 08:00:00,Stripe,SUCCESS,598.42,13.07,Rs,2026-09-28 08:00:00
PAY000016457,ORD00012121,2026-09-28 08:00:00,Cashfree,SUCCESS,723.43,6.1,Rs,2026-09-28 08:00:00
PAY000016458,ORD00014333,2026-09-28 08:00:00,razorpay ,SUCCESS,585.15,34.47,INR,2026-09-28 08:00:00
PAY000016459,ORD00013727,2026-09-28 08:00:00,razorpay ,SUCCESS,436.61,33.58,INR,2026-09-28 08:00:00
PAY000016460,ORD00014633,2026-09-28 08:00:00,Cashfree,SUCCESS,1533.9,34.94,inr,2026-09-28 08:00:00
PAY000016461,ORD00014113,2026-09-28 08:00:00,razorpay ,SUCCESS,3268.73,22.49,Rs,2026-09-28 08:00:00
PAY000016462,ORD00014894,2026-09-28 08:00:00,Cashfree,SUCCESS,1365.62,15.44,Rs,2026-09-28 08:00:00
PAY000016463,ORD00013021,2026-09-28 08:00:00,Cashfree,FAILED,1272.57,18.55,inr,2026-09-28 08:00:00
PAY000016464,ORD00012634,2026-09-28 08:00:00,Stripe,SUCCESS,748.19,9.43,inr,2026-09-28 08:00:00
PAY000016465,ORD00014033,2026-09-28 08:00:00,Stripe,SUCCESS,1126.88,16.5,Rs,2026-09-28 08:00:00
PAY000016466,ORD00013865,2026-09-28 08:00:00,Cashfree,SUCCESS,2164.03,5.06,inr,2026-09-28 08:00:00
PAY000016467,ORD00014619,2026-09-28 08:00:00,Stripe,SUCCESS,1925.15,26.75,Rs,2026-09-28 08:00:00
PAY000016468,ORD00012878,2026-09-28 08:00:00,Stripe,SUCCESS,1276.43,17.51,inr,2026-09-28 08:00:00
PAY000016469,ORD00013358,2026-09-28 08:00:00,PayU,SUCCESS,734.02,23.0,inr,2026-09-28 08:00:00
PAY000016470,ORD00014399,2026-09-28 08:00:00,Cashfree,FAILED,1030.41,6.04,inr,2026-09-28 08:00:00
PAY000016471,ORD00012959,2026-09-28 08:00:00,Razorpay,FAILED,1486.37,11.1,inr,2026-09-28 08:00:00
PAY000016472,ORD00012776,2026-09-28 08:00:00,Stripe,FAILED,2712.19,12.76,Rs,2026-09-28 08:00:00
PAY000016473,ORD00013892,2026-09-28 08:00:00,Razorpay,SUCCESS,1930.3,3.39,INR,2026-09-28 08:00:00
PAY000016474,ORD00013973,2026-09-28 08:00:00,PayU,SUCCESS,365.78,4.54,Rs,2026-09-28 08:00:00
PAY000016475,ORD00012136,2026-09-28 08:00:00,razorpay ,FAILED,1892.63,33.04,inr,2026-09-28 08:00:00
PAY000016476,ORD00014182,2026-09-28 08:00:00,razorpay ,PENDING,2788.7,17.23,inr,2026-09-28 08:00:00
PAY000016477,ORD00013260,2026-09-28 08:00:00,razorpay ,SUCCESS,530.66,11.49,inr,2026-09-28 08:00:00
PAY000016478,ORD00013087,2026-09-28 08:00:00,Razorpay,SUCCESS,1751.9,20.17,inr,2026-09-28 08:00:00
PAY000016479,ORD00014684,2026-09-28 08:00:00,Cashfree,SUCCESS,449.35,12.21,Rs,2026-09-28 08:00:00
PAY000016480,ORD00013082,2026-09-28 08:00:00,razorpay ,SUCCESS,751.72,21.65,INR,2026-09-28 08:00:00
PAY000016481,ORD00012209,2026-09-28 08:00:00,razorpay ,FAILED,895.66,24.05,INR,2026-09-28 08:00:00
PAY000016482,ORD00013774,2026-09-28 08:00:00,Razorpay,SUCCESS,895.14,23.04,INR,2026-09-28 08:00:00
PAY000016483,ORD00012458,2026-09-28 08:00:00,Stripe,SUCCESS,757.08,18.8,Rs,2026-09-28 08:00:00
PAY000016484,ORD00014578,2026-09-28 08:00:00,PayU,SUCCESS,1133.34,27.28,INR,2026-09-28 08:00:00
PAY000016485,ORD00013193,2026-09-28 08:00:00,PayU,SUCCESS,2846.47,32.99,INR,2026-09-28 08:00:00
PAY000016486,ORD00013985,2026-09-28 08:00:00,Razorpay,SUCCESS,554.43,9.46,Rs,2026-09-28 08:00:00
PAY000016487,ORD00014729,2026-09-28 08:00:00,Stripe,SUCCESS,687.58,31.36,INR,2026-09-28 08:00:00
PAY000016488,ORD00012820,2026-09-28 08:00:00,Cashfree,FAILED,733.1,30.37,Rs,2026-09-28 08:00:00
PAY000016489,ORD00012854,2026-09-28 08:00:00,Razorpay,PENDING,549.85,20.24,Rs,2026-09-28 08:00:00
PAY000016490,ORD00013751,2026-09-28 08:00:00,Razorpay,SUCCESS,1805.64,2.15,inr,2026-09-28 08:00:00
PAY000016491,ORD00014041,2026-09-28 08:00:00,Cashfree,SUCCESS,899.85,19.08,INR,2026-09-28 08:00:00
PAY000016492,ORD00012823,2026-09-28 08:00:00,PayU,SUCCESS,1508.08,15.28,INR,2026-09-28 08:00:00
PAY000016493,ORD00013035,2026-09-28 08:00:00,Stripe,PENDING,6351.3,34.69,Rs,2026-09-28 08:00:00
PAY000016494,ORD00014871,2026-09-28 08:00:00,Razorpay,SUCCESS,605.71,4.12,inr,2026-09-28 08:00:00
PAY000016495,ORD00012143,2026-09-28 08:00:00,Cashfree,SUCCESS,4419.12,17.02,inr,2026-09-28 08:00:00
PAY000016496,ORD00014620,2026-09-28 08:00:00,razorpay ,SUCCESS,308.08,27.0,Rs,2026-09-28 08:00:00
PAY000016497,ORD00013335,2026-09-28 08:00:00,PayU,SUCCESS,769.66,10.19,Rs,2026-09-28 08:00:00
PAY000016498,ORD00014925,2026-09-28 08:00:00,PayU,FAILED,1073.96,34.96,inr,2026-09-28 08:00:00
PAY000016499,ORD00013976,2026-09-28 08:00:00,Cashfree,SUCCESS,679.38,2.74,INR,2026-09-28 08:00:00
PAY000016500,ORD00013544,2026-09-28 08:00:00,razorpay ,SUCCESS,871.12,4.9,Rs,2026-09-28 08:00:00
PAY000016501,ORD00013265,2026-09-28 08:00:00,Razorpay,SUCCESS,521.28,6.81,Rs,2026-09-28 08:00:00
PAY000016502,ORD00012816,2026-09-28 08:00:00,PayU,PENDING,1029.79,17.56,inr,2026-09-28 08:00:00
PAY000016503,ORD00014284,2026-09-28 08:00:00,Cashfree,PENDING,556.3,21.92,Rs,2026-09-28 08:00:00
PAY000016504,ORD00013459,2026-09-28 08:00:00,Razorpay,SUCCESS,3830.31,10.39,Rs,2026-09-28 08:00:00
PAY000016505,ORD00014698,2026-09-28 08:00:00,Cashfree,SUCCESS,1756.4,32.28,Rs,2026-09-28 08:00:00
PAY000016506,ORD00013096,2026-09-28 08:00:00,razorpay ,SUCCESS,649.92,14.22,Rs,2026-09-28 08:00:00
PAY000016507,ORD00012415,2026-09-28 08:00:00,PayU,PENDING,242.25,14.24,inr,2026-09-28 08:00:00
PAY000016508,ORD00014874,2026-09-28 08:00:00,Cashfree,PENDING,1158.75,8.33,Rs,2026-09-28 08:00:00
PAY000016509,ORD00012437,2026-09-28 08:00:00,razorpay ,SUCCESS,1395.82,2.79,INR,2026-09-28 08:00:00
PAY000016510,ORD00013219,2026-09-28 08:00:00,Stripe,SUCCESS,1209.34,5.95,INR,2026-09-28 08:00:00
PAY000016511,ORD00013520,2026-09-28 08:00:00,Stripe,PENDING,1542.49,9.91,inr,2026-09-28 08:00:00
PAY000016512,ORD00014363,2026-09-28 08:00:00,Razorpay,PENDING,3035.1,33.51,INR,2026-09-28 08:00:00
PAY000016513,ORD00012640,2026-09-28 08:00:00,Razorpay,PENDING,1227.14,14.7,Rs,2026-09-28 08:00:00
PAY000016514,ORD00014606,2026-09-28 08:00:00,Razorpay,SUCCESS,826.76,30.28,inr,2026-09-28 08:00:00
PAY000016515,ORD00014003,2026-09-28 08:00:00,Stripe,SUCCESS,1301.88,15.44,inr,2026-09-28 08:00:00
PAY000016516,ORD00014294,2026-09-28 08:00:00,razorpay ,SUCCESS,1411.01,23.48,Rs,2026-09-28 08:00:00
PAY000016517,ORD00013192,2026-09-28 08:00:00,Razorpay,FAILED,781.13,17.27,inr,2026-09-28 08:00:00
PAY000016518,ORD00012971,2026-09-28 08:00:00,Cashfree,SUCCESS,1689.75,19.96,INR,2026-09-28 08:00:00
PAY000016519,ORD00012682,2026-09-28 08:00:00,razorpay ,SUCCESS,284.65,3.91,Rs,2026-09-28 08:00:00
PAY000016520,ORD00012214,2026-09-28 08:00:00,Cashfree,SUCCESS,2171.14,9.74,INR,2026-09-28 08:00:00
PAY000016521,ORD00013431,2026-09-28 08:00:00,Cashfree,SUCCESS,506.84,3.77,inr,2026-09-28 08:00:00
PAY000016522,ORD00013682,2026-09-28 08:00:00,Razorpay,FAILED,2129.99,34.74,Rs,2026-09-28 08:00:00
PAY000016523,ORD00013907,2026-09-28 08:00:00,Stripe,SUCCESS,649.89,3.72,Rs,2026-09-28 08:00:00
PAY000016524,ORD00012537,2026-09-28 08:00:00,razorpay ,SUCCESS,741.64,7.69,INR,2026-09-28 08:00:00
PAY000016525,ORD00013892,2026-09-28 08:00:00,razorpay ,FAILED,1131.46,18.98,inr,2026-09-28 08:00:00
PAY000016526,ORD00013228,2026-09-28 08:00:00,Stripe,FAILED,942.7,23.49,inr,2026-09-28 08:00:00
PAY000016527,ORD00012778,2026-09-28 08:00:00,Razorpay,SUCCESS,941.46,26.63,inr,2026-09-28 08:00:00
PAY000016528,ORD00012957,2026-09-28 08:00:00,Razorpay,FAILED,1382.66,29.37,Rs,2026-09-28 08:00:00
PAY000016529,ORD00014431,2026-09-28 08:00:00,Cashfree,SUCCESS,1670.09,27.06,Rs,2026-09-28 08:00:00
PAY000016530,ORD00013099,2026-09-28 08:00:00,Razorpay,FAILED,826.68,33.59,Rs,2026-09-28 08:00:00
PAY000016531,ORD00012645,2026-09-28 08:00:00,Stripe,FAILED,1362.61,3.48,INR,2026-09-28 08:00:00
PAY000016532,ORD00013992,2026-09-28 08:00:00,Stripe,FAILED,1417.5,28.6,Rs,2026-09-28 08:00:00
PAY000016533,ORD00013904,2026-09-28 08:00:00,Cashfree,FAILED,386.28,34.96,INR,2026-09-28 08:00:00
PAY000016534,ORD00012693,2026-09-28 08:00:00,Stripe,FAILED,2100.47,22.71,INR,2026-09-28 08:00:00
PAY000016535,ORD00013870,2026-09-28 08:00:00,Razorpay,PENDING,758.03,14.88,INR,2026-09-28 08:00:00
PAY000016536,ORD00014152,2026-09-28 08:00:00,razorpay ,FAILED,362.24,8.75,INR,2026-09-28 08:00:00
PAY000016537,ORD00012311,2026-09-28 08:00:00,Stripe,FAILED,1233.4,32.4,Rs,2026-09-28 08:00:00
PAY000016538,ORD00014044,2026-09-28 08:00:00,Stripe,SUCCESS,4372.58,24.38,Rs,2026-09-28 08:00:00
PAY000016539,ORD00012687,2026-09-28 08:00:00,Stripe,SUCCESS,1850.28,33.14,inr,2026-09-28 08:00:00
PAY000016540,ORD00014014,2026-09-28 08:00:00,Stripe,SUCCESS,264.23,6.51,inr,2026-09-28 08:00:00
PAY000016541,ORD00012691,2026-09-28 08:00:00,Cashfree,SUCCESS,868.37,3.75,inr,2026-09-28 08:00:00
PAY000016542,ORD00013262,2026-09-28 08:00:00,PayU,SUCCESS,1391.4,25.69,inr,2026-09-28 08:00:00
PAY000016543,ORD00013740,2026-09-28 08:00:00,Cashfree,SUCCESS,1195.32,18.6,inr,2026-09-28 08:00:00
PAY000016544,ORD00012627,2026-09-28 08:00:00,Cashfree,SUCCESS,546.56,26.56,INR,2026-09-28 08:00:00
PAY000016545,ORD00012265,2026-09-28 08:00:00,razorpay ,FAILED,883.67,18.61,inr,2026-09-28 08:00:00
PAY000016546,ORD00013824,2026-09-28 08:00:00,Razorpay,SUCCESS,2447.91,16.47,inr,2026-09-28 08:00:00
PAY000016547,ORD00012991,2026-09-28 08:00:00,Razorpay,SUCCESS,442.69,33.84,INR,2026-09-28 08:00:00
PAY000016548,ORD00013739,2026-09-28 08:00:00,Razorpay,PENDING,1999.64,19.14,INR,2026-09-28 08:00:00
PAY000016549,ORD00013216,2026-09-28 08:00:00,Cashfree,FAILED,2896.65,7.92,Rs,2026-09-28 08:00:00
PAY000016550,ORD00013959,2026-09-28 08:00:00,Cashfree,SUCCESS,583.92,3.01,Rs,2026-09-28 08:00:00
PAY000016551,ORD00013738,2026-09-28 08:00:00,PayU,SUCCESS,2358.89,19.92,Rs,2026-09-28 08:00:00
PAY000016552,ORD00014787,2026-09-28 08:00:00,Cashfree,SUCCESS,530.91,33.34,inr,2026-09-28 08:00:00
PAY000016553,ORD00014943,2026-09-28 08:00:00,Cashfree,FAILED,1520.61,5.32,INR,2026-09-28 08:00:00
PAY000016554,ORD00013886,2026-09-28 08:00:00,Stripe,SUCCESS,1248.42,5.89,INR,2026-09-28 08:00:00
PAY000016555,ORD00013518,2026-09-28 08:00:00,razorpay ,PENDING,2459.21,15.74,INR,2026-09-28 08:00:00
PAY000016556,ORD00012200,2026-09-28 08:00:00,Stripe,PENDING,4302.08,3.11,INR,2026-09-28 08:00:00
PAY000016557,ORD00013316,2026-09-28 08:00:00,Cashfree,SUCCESS,2599.18,31.27,Rs,2026-09-28 08:00:00
PAY000016558,ORD00014388,2026-09-28 08:00:00,Cashfree,SUCCESS,1088.61,28.41,Rs,2026-09-28 08:00:00
PAY000016559,ORD00013545,2026-09-28 08:00:00,Stripe,SUCCESS,357.33,14.26,Rs,2026-09-28 08:00:00
PAY000016560,ORD00013145,2026-09-28 08:00:00,Stripe,SUCCESS,1934.99,29.6,inr,2026-09-28 08:00:00
PAY000016561,ORD00014215,2026-09-28 08:00:00,PayU,FAILED,953.66,7.57,INR,2026-09-28 08:00:00
PAY000016562,ORD00013699,2026-09-28 08:00:00,Cashfree,FAILED,646.28,31.1,INR,2026-09-28 08:00:00
PAY000016563,ORD00014459,2026-09-28 08:00:00,razorpay ,SUCCESS,1320.82,11.37,INR,2026-09-28 08:00:00
PAY000016564,ORD00014173,2026-09-28 08:00:00,razorpay ,SUCCESS,1191.27,25.24,inr,2026-09-28 08:00:00
PAY000016565,ORD00013615,2026-09-28 08:00:00,Cashfree,PENDING,1314.37,5.88,inr,2026-09-28 08:00:00
PAY000016566,ORD00013864,2026-09-28 08:00:00,PayU,SUCCESS,574.54,34.95,Rs,2026-09-28 08:00:00
PAY000016567,ORD00014033,2026-09-28 08:00:00,razorpay ,FAILED,1487.4,21.95,Rs,2026-09-28 08:00:00
PAY000016568,ORD00014956,2026-09-28 08:00:00,PayU,SUCCESS,296.82,27.78,inr,2026-09-28 08:00:00
PAY000016569,ORD00012047,2026-09-28 08:00:00,Cashfree,SUCCESS,1997.57,27.17,INR,2026-09-28 08:00:00
PAY000016570,ORD00013391,2026-09-28 08:00:00,Cashfree,FAILED,1779.64,3.7,Rs,2026-09-28 08:00:00
PAY000016571,ORD00014040,2026-09-28 08:00:00,Razorpay,PENDING,624.77,16.55,INR,2026-09-28 08:00:00
PAY000016572,ORD00014751,2026-09-28 08:00:00,razorpay ,SUCCESS,939.84,33.8,INR,2026-09-28 08:00:00
PAY000016573,ORD00012823,2026-09-28 08:00:00,Stripe,FAILED,3661.58,21.43,inr,2026-09-28 08:00:00
PAY000016574,ORD00012209,2026-09-28 08:00:00,Cashfree,PENDING,714.5,8.47,inr,2026-09-28 08:00:00
PAY000016575,ORD00013905,2026-09-28 08:00:00,Razorpay,SUCCESS,1792.19,26.57,inr,2026-09-28 08:00:00
PAY000016576,ORD00013665,2026-09-28 08:00:00,PayU,FAILED,1650.65,27.33,Rs,2026-09-28 08:00:00
PAY000016577,ORD00012453,2026-09-28 08:00:00,PayU,SUCCESS,1340.33,17.55,Rs,2026-09-28 08:00:00
PAY000016578,ORD00014005,2026-09-28 08:00:00,Razorpay,SUCCESS,709.04,16.57,inr,2026-09-28 08:00:00
PAY000016579,ORD00014399,2026-09-28 08:00:00,Stripe,PENDING,301.02,9.24,Rs,2026-09-28 08:00:00
PAY000016580,ORD00012600,2026-09-28 08:00:00,Stripe,SUCCESS,1434.41,26.15,INR,2026-09-28 08:00:00
PAY000016581,ORD00014767,2026-09-28 08:00:00,razorpay ,SUCCESS,1634.93,27.38,INR,2026-09-28 08:00:00
PAY000016582,ORD00012539,2026-09-28 08:00:00,Cashfree,SUCCESS,4270.2,24.12,INR,2026-09-28 08:00:00
PAY000016583,ORD00012151,2026-09-28 08:00:00,Stripe,PENDING,3184.42,24.08,Rs,2026-09-28 08:00:00
PAY000016584,ORD00012637,2026-09-28 08:00:00,Stripe,PENDING,803.31,13.08,Rs,2026-09-28 08:00:00
PAY000016585,ORD00013642,2026-09-28 08:00:00,Cashfree,SUCCESS,1296.91,9.26,Rs,2026-09-28 08:00:00
PAY000016586,ORD00014452,2026-09-28 08:00:00,Razorpay,FAILED,158.13,34.36,Rs,2026-09-28 08:00:00
PAY000016587,ORD00014290,2026-09-28 08:00:00,Cashfree,FAILED,1019.85,33.89,inr,2026-09-28 08:00:00
PAY000016588,ORD00012464,2026-09-28 08:00:00,PayU,FAILED,1611.87,15.68,INR,2026-09-28 08:00:00
PAY000016589,ORD00012492,2026-09-28 08:00:00,razorpay ,SUCCESS,658.44,9.58,INR,2026-09-28 08:00:00
PAY000016590,ORD00013258,2026-09-28 08:00:00,PayU,SUCCESS,1405.54,13.36,inr,2026-09-28 08:00:00
PAY000016591,ORD00013410,2026-09-28 08:00:00,Stripe,PENDING,3653.89,31.23,INR,2026-09-28 08:00:00
PAY000016592,ORD00013956,2026-09-28 08:00:00,razorpay ,FAILED,484.84,2.82,inr,2026-09-28 08:00:00
PAY000016593,ORD00013308,2026-09-28 08:00:00,razorpay ,SUCCESS,939.85,28.14,inr,2026-09-28 08:00:00
PAY000016594,ORD00014099,2026-09-28 08:00:00,Cashfree,SUCCESS,1453.76,16.33,inr,2026-09-28 08:00:00
PAY000016595,ORD00014380,2026-09-28 08:00:00,Razorpay,SUCCESS,1119.26,28.99,Rs,2026-09-28 08:00:00
PAY000016596,ORD00013573,2026-09-28 08:00:00,razorpay ,SUCCESS,1570.17,2.25,inr,2026-09-28 08:00:00
PAY000016597,ORD00014988,2026-09-28 08:00:00,Razorpay,SUCCESS,490.5,2.46,INR,2026-09-28 08:00:00
PAY000016598,ORD00013095,2026-09-28 08:00:00,Stripe,PENDING,1076.86,21.98,inr,2026-09-28 08:00:00
PAY000016599,ORD00012476,2026-09-28 08:00:00,Stripe,PENDING,1201.92,4.67,INR,2026-09-28 08:00:00
PAY000016600,ORD00012292,2026-09-28 08:00:00,PayU,SUCCESS,1451.18,28.64,inr,2026-09-28 08:00:00
PAY000016601,ORD00014745,2026-09-28 08:00:00,razorpay ,SUCCESS,838.74,21.1,inr,2026-09-28 08:00:00
PAY000016602,ORD00012417,2026-09-28 08:00:00,Razorpay,PENDING,1157.96,34.32,Rs,2026-09-28 08:00:00
PAY000016603,ORD00013476,2026-09-28 08:00:00,Stripe,SUCCESS,849.91,29.81,Rs,2026-09-28 08:00:00
PAY000016604,ORD00014122,2026-09-28 08:00:00,PayU,PENDING,2364.62,14.1,INR,2026-09-28 08:00:00
PAY000016605,ORD00014585,2026-09-28 08:00:00,Stripe,FAILED,1681.29,32.68,inr,2026-09-28 08:00:00
PAY000016606,ORD00014459,2026-09-28 08:00:00,Razorpay,SUCCESS,997.12,18.53,INR,2026-09-28 08:00:00
PAY000016607,ORD00014059,2026-09-28 08:00:00,Cashfree,SUCCESS,2817.7,5.11,Rs,2026-09-28 08:00:00
PAY000016608,ORD00012332,2026-09-28 08:00:00,Cashfree,SUCCESS,720.97,4.54,inr,2026-09-28 08:00:00
PAY000016609,ORD00013753,2026-09-28 08:00:00,Cashfree,SUCCESS,5197.98,16.05,INR,2026-09-28 08:00:00
PAY000016610,ORD00012764,2026-09-28 08:00:00,PayU,SUCCESS,3645.01,34.29,inr,2026-09-28 08:00:00
PAY000016611,ORD00012665,2026-09-28 08:00:00,Cashfree,FAILED,1737.99,23.93,INR,2026-09-28 08:00:00
PAY000016612,ORD00014969,2026-09-28 08:00:00,PayU,PENDING,1145.31,28.09,INR,2026-09-28 08:00:00
PAY000016613,ORD00014880,2026-09-28 08:00:00,PayU,SUCCESS,883.48,20.02,INR,2026-09-28 08:00:00
PAY000016614,ORD00012972,2026-09-28 08:00:00,Razorpay,SUCCESS,1390.39,26.16,Rs,2026-09-28 08:00:00
PAY000016615,ORD00014723,2026-09-28 08:00:00,Razorpay,SUCCESS,1273.61,7.13,Rs,2026-09-28 08:00:00
PAY000016616,ORD00013435,2026-09-28 08:00:00,PayU,SUCCESS,3144.67,10.62,INR,2026-09-28 08:00:00
PAY000016617,ORD00013202,2026-09-28 08:00:00,Stripe,SUCCESS,365.23,31.16,INR,2026-09-28 08:00:00
PAY000016618,ORD00014116,2026-09-28 08:00:00,razorpay ,SUCCESS,444.6,5.55,Rs,2026-09-28 08:00:00
PAY000016619,ORD00012491,2026-09-28 08:00:00,PayU,FAILED,1050.99,13.71,Rs,2026-09-28 08:00:00
PAY000016620,ORD00013678,2026-09-28 08:00:00,razorpay ,SUCCESS,519.18,14.0,Rs,2026-09-28 08:00:00
PAY000016621,ORD00014527,2026-09-28 08:00:00,Stripe,SUCCESS,491.86,3.72,INR,2026-09-28 08:00:00
PAY000016622,ORD00014302,2026-09-28 08:00:00,razorpay ,SUCCESS,2455.42,5.0,inr,2026-09-28 08:00:00
PAY000016623,ORD00012892,2026-09-28 08:00:00,razorpay ,PENDING,2232.61,32.18,inr,2026-09-28 08:00:00
PAY000016624,ORD00013719,2026-09-28 08:00:00,razorpay ,SUCCESS,1279.87,13.64,INR,2026-09-28 08:00:00
PAY000016625,ORD00012754,2026-09-28 08:00:00,razorpay ,SUCCESS,637.87,14.75,inr,2026-09-28 08:00:00
PAY000016626,ORD00013701,2026-09-28 08:00:00,razorpay ,FAILED,783.05,21.06,Rs,2026-09-28 08:00:00
PAY000016627,ORD00012654,2026-09-28 08:00:00,Cashfree,FAILED,767.63,34.19,INR,2026-09-28 08:00:00
PAY000016628,ORD00012462,2026-09-28 08:00:00,Razorpay,SUCCESS,1209.43,14.86,INR,2026-09-28 08:00:00
PAY000016629,ORD00014835,2026-09-28 08:00:00,Cashfree,SUCCESS,4507.82,31.23,inr,2026-09-28 08:00:00
PAY000016630,ORD00014927,2026-09-28 08:00:00,Stripe,FAILED,780.38,34.99,Rs,2026-09-28 08:00:00
PAY000016631,ORD00013608,2026-09-28 08:00:00,Stripe,SUCCESS,825.11,28.42,inr,2026-09-28 08:00:00
PAY000016632,ORD00012074,2026-09-28 08:00:00,Razorpay,SUCCESS,1970.34,4.65,Rs,2026-09-28 08:00:00
PAY000016633,ORD00013119,2026-09-28 08:00:00,Razorpay,SUCCESS,793.36,19.53,inr,2026-09-28 08:00:00
PAY000016634,ORD00013157,2026-09-28 08:00:00,razorpay ,SUCCESS,2869.11,8.93,inr,2026-09-28 08:00:00
PAY000016635,ORD00013971,2026-09-28 08:00:00,Cashfree,SUCCESS,2853.54,13.45,inr,2026-09-28 08:00:00
PAY000016636,ORD00013321,2026-09-28 08:00:00,Razorpay,SUCCESS,714.37,34.56,inr,2026-09-28 08:00:00
PAY000016637,ORD00013324,2026-09-28 08:00:00,Cashfree,SUCCESS,1351.56,22.64,INR,2026-09-28 08:00:00
PAY000016638,ORD00013103,2026-09-28 08:00:00,Cashfree,SUCCESS,583.5,16.66,INR,2026-09-28 08:00:00
PAY000016639,ORD00013685,2026-09-28 08:00:00,razorpay ,SUCCESS,2059.91,15.79,INR,2026-09-28 08:00:00
PAY000016640,ORD00013213,2026-09-28 08:00:00,razorpay ,FAILED,358.28,9.92,inr,2026-09-28 08:00:00
PAY000016641,ORD00014799,2026-09-28 08:00:00,Stripe,FAILED,1611.12,6.74,inr,2026-09-28 08:00:00
PAY000016642,ORD00012983,2026-09-28 08:00:00,Razorpay,SUCCESS,452.3,13.63,inr,2026-09-28 08:00:00
PAY000016643,ORD00013910,2026-09-28 08:00:00,Cashfree,SUCCESS,874.71,13.14,Rs,2026-09-28 08:00:00
PAY000016644,ORD00014153,2026-09-28 08:00:00,Stripe,FAILED,797.68,6.76,INR,2026-09-28 08:00:00
PAY000016645,ORD00012028,2026-09-28 08:00:00,Razorpay,SUCCESS,1633.71,2.87,inr,2026-09-28 08:00:00
PAY000016646,ORD00012129,2026-09-28 08:00:00,Cashfree,SUCCESS,2706.62,9.2,Rs,2026-09-28 08:00:00
PAY000016647,ORD00012460,2026-09-28 08:00:00,Cashfree,SUCCESS,558.05,2.51,INR,2026-09-28 08:00:00
PAY000016648,ORD00014256,2026-09-28 08:00:00,Razorpay,SUCCESS,785.72,20.15,INR,2026-09-28 08:00:00
PAY000016649,ORD00013385,2026-09-28 08:00:00,Cashfree,SUCCESS,901.61,21.74,inr,2026-09-28 08:00:00
PAY000016650,ORD00012417,2026-09-28 08:00:00,razorpay ,FAILED,486.55,14.68,INR,2026-09-28 08:00:00
PAY000016651,ORD00013547,2026-09-28 08:00:00,PayU,PENDING,285.85,26.2,inr,2026-09-28 08:00:00
PAY000016652,ORD00014146,2026-09-28 08:00:00,Cashfree,SUCCESS,968.61,9.05,inr,2026-09-28 08:00:00
PAY000016653,ORD00012775,2026-09-28 08:00:00,Stripe,SUCCESS,1152.68,30.34,Rs,2026-09-28 08:00:00
PAY000016654,ORD00014707,2026-09-28 08:00:00,Stripe,SUCCESS,1066.14,7.37,Rs,2026-09-28 08:00:00
PAY000016655,ORD00013760,2026-09-28 08:00:00,PayU,SUCCESS,3590.16,33.22,inr,2026-09-28 08:00:00
PAY000016656,ORD00014234,2026-09-28 08:00:00,razorpay ,SUCCESS,1007.86,6.55,inr,2026-09-28 08:00:00
PAY000016657,ORD00014881,2026-09-28 08:00:00,razorpay ,PENDING,731.88,3.25,INR,2026-09-28 08:00:00
PAY000016658,ORD00013814,2026-09-28 08:00:00,Cashfree,SUCCESS,874.75,13.96,inr,2026-09-28 08:00:00
PAY000016659,ORD00013022,2026-09-28 08:00:00,Stripe,PENDING,2676.12,21.95,Rs,2026-09-28 08:00:00
PAY000016660,ORD00014742,2026-09-28 08:00:00,Razorpay,SUCCESS,1217.82,18.57,Rs,2026-09-28 08:00:00
PAY000016661,ORD00013647,2026-09-28 08:00:00,PayU,PENDING,920.56,4.32,Rs,2026-09-28 08:00:00
PAY000016662,ORD00014738,2026-09-28 08:00:00,razorpay ,PENDING,2327.33,11.21,inr,2026-09-28 08:00:00
PAY000016663,ORD00013495,2026-09-28 08:00:00,Stripe,FAILED,963.48,14.13,inr,2026-09-28 08:00:00
PAY000016664,ORD00013555,2026-09-28 08:00:00,Razorpay,PENDING,296.64,10.77,inr,2026-09-28 08:00:00
PAY000016665,ORD00014837,2026-09-28 08:00:00,Cashfree,SUCCESS,1853.0,19.33,Rs,2026-09-28 08:00:00
PAY000016666,ORD00012706,2026-09-28 08:00:00,Stripe,SUCCESS,930.54,23.08,inr,2026-09-28 08:00:00
PAY000016667,ORD00012382,2026-09-28 08:00:00,Cashfree,SUCCESS,3139.41,13.37,INR,2026-09-28 08:00:00
PAY000016668,ORD00014264,2026-09-28 08:00:00,razorpay ,SUCCESS,787.9,5.85,Rs,2026-09-28 08:00:00
PAY000016669,ORD00013473,2026-09-28 08:00:00,Stripe,SUCCESS,1775.6,10.59,inr,2026-09-28 08:00:00
PAY000016670,ORD00014716,2026-09-28 08:00:00,Razorpay,PENDING,2757.32,9.07,Rs,2026-09-28 08:00:00
PAY000016671,ORD00012078,2026-09-28 08:00:00,Stripe,SUCCESS,290.36,23.42,Rs,2026-09-28 08:00:00
PAY000016672,ORD00012818,2026-09-28 08:00:00,Cashfree,SUCCESS,1071.41,11.97,Rs,2026-09-28 08:00:00
PAY000016673,ORD00013312,2026-09-28 08:00:00,Stripe,SUCCESS,915.23,5.86,INR,2026-09-28 08:00:00
PAY000016674,ORD00014695,2026-09-28 08:00:00,Cashfree,SUCCESS,811.16,3.42,INR,2026-09-28 08:00:00
PAY000016675,ORD00012290,2026-09-28 08:00:00,PayU,SUCCESS,828.36,19.12,inr,2026-09-28 08:00:00
PAY000016676,ORD00013714,2026-09-28 08:00:00,Razorpay,FAILED,2641.25,15.71,INR,2026-09-28 08:00:00
PAY000016677,ORD00012143,2026-09-28 08:00:00,Cashfree,FAILED,1071.55,15.31,inr,2026-09-28 08:00:00
PAY000016678,ORD00014882,2026-09-28 08:00:00,Stripe,SUCCESS,1766.88,23.38,INR,2026-09-28 08:00:00
PAY000016679,ORD00013552,2026-09-28 08:00:00,razorpay ,SUCCESS,3632.77,32.0,INR,2026-09-28 08:00:00
PAY000016680,ORD00013673,2026-09-28 08:00:00,Stripe,SUCCESS,2463.02,8.01,inr,2026-09-28 08:00:00
PAY000016681,ORD00014402,2026-09-28 08:00:00,Cashfree,SUCCESS,1046.15,19.73,Rs,2026-09-28 08:00:00
PAY000016682,ORD00013815,2026-09-28 08:00:00,PayU,SUCCESS,1609.81,25.03,Rs,2026-09-28 08:00:00
PAY000016683,ORD00013056,2026-09-28 08:00:00,PayU,PENDING,1932.33,31.82,Rs,2026-09-28 08:00:00
PAY000016684,ORD00013886,2026-09-28 08:00:00,razorpay ,SUCCESS,345.58,15.95,Rs,2026-09-28 08:00:00
PAY000016685,ORD00013684,2026-09-28 08:00:00,Razorpay,PENDING,348.03,24.21,INR,2026-09-28 08:00:00
PAY000016686,ORD00013636,2026-09-28 08:00:00,Razorpay,SUCCESS,999.49,5.4,inr,2026-09-28 08:00:00
PAY000016687,ORD00014729,2026-09-28 08:00:00,Stripe,SUCCESS,1345.33,4.97,INR,2026-09-28 08:00:00
PAY000016688,ORD00013859,2026-09-28 08:00:00,Razorpay,SUCCESS,405.66,5.51,inr,2026-09-28 08:00:00
PAY000016689,ORD00013407,2026-09-28 08:00:00,Razorpay,PENDING,1485.13,9.39,inr,2026-09-28 08:00:00
PAY000016690,ORD00013186,2026-09-28 08:00:00,PayU,SUCCESS,1075.2,9.43,INR,2026-09-28 08:00:00
PAY000016691,ORD00012942,2026-09-28 08:00:00,Stripe,SUCCESS,161.88,26.47,inr,2026-09-28 08:00:00
PAY000016692,ORD00013420,2026-09-28 08:00:00,razorpay ,FAILED,3388.22,9.58,INR,2026-09-28 08:00:00
PAY000016693,ORD00013620,2026-09-28 08:00:00,Razorpay,PENDING,854.81,28.6,inr,2026-09-28 08:00:00
PAY000016694,ORD00014395,2026-09-28 08:00:00,Cashfree,PENDING,1221.43,21.01,inr,2026-09-28 08:00:00
PAY000016695,ORD00012302,2026-09-28 08:00:00,Stripe,SUCCESS,824.82,33.21,INR,2026-09-28 08:00:00
PAY000016696,ORD00014347,2026-09-28 08:00:00,Stripe,SUCCESS,2155.38,19.17,INR,2026-09-28 08:00:00
PAY000016697,ORD00014342,2026-09-28 08:00:00,Razorpay,PENDING,2402.7,27.33,INR,2026-09-28 08:00:00
PAY000016698,ORD00012343,2026-09-28 08:00:00,PayU,SUCCESS,1058.56,14.99,Rs,2026-09-28 08:00:00
PAY000016699,ORD00012581,2026-09-28 08:00:00,Stripe,PENDING,1152.86,28.49,Rs,2026-09-28 08:00:00
PAY000016700,ORD00012343,2026-09-28 08:00:00,Razorpay,FAILED,2895.05,5.16,Rs,2026-09-28 08:00:00
PAY000016701,ORD00012385,2026-09-28 08:00:00,Razorpay,FAILED,857.34,33.69,Rs,2026-09-28 08:00:00
PAY000016702,ORD00012069,2026-09-28 08:00:00,PayU,SUCCESS,509.59,33.19,INR,2026-09-28 08:00:00
PAY000016703,ORD00012090,2026-09-28 08:00:00,razorpay ,SUCCESS,308.34,7.17,inr,2026-09-28 08:00:00
PAY000016704,ORD00013223,2026-09-28 08:00:00,razorpay ,SUCCESS,2898.31,16.49,INR,2026-09-28 08:00:00
PAY000016705,ORD00012773,2026-09-28 08:00:00,Stripe,FAILED,609.89,25.39,INR,2026-09-28 08:00:00
PAY000016706,ORD00012801,2026-09-28 08:00:00,PayU,SUCCESS,540.55,4.4,Rs,2026-09-28 08:00:00
PAY000016707,ORD00012978,2026-09-28 08:00:00,razorpay ,SUCCESS,1932.8,32.0,inr,2026-09-28 08:00:00
PAY000016708,ORD00012100,2026-09-28 08:00:00,Razorpay,SUCCESS,1934.21,31.25,inr,2026-09-28 08:00:00
PAY000016709,ORD00013710,2026-09-28 08:00:00,PayU,SUCCESS,1778.51,18.64,Rs,2026-09-28 08:00:00
PAY000016710,ORD00014362,2026-09-28 08:00:00,Stripe,FAILED,1146.54,15.3,INR,2026-09-28 08:00:00
PAY000016711,ORD00013423,2026-09-28 08:00:00,razorpay ,SUCCESS,800.57,18.22,Rs,2026-09-28 08:00:00
PAY000016712,ORD00012193,2026-09-28 08:00:00,PayU,SUCCESS,334.42,29.28,INR,2026-09-28 08:00:00
PAY000016713,ORD00014819,2026-09-28 08:00:00,RAZORPAY,PENDING,812.07,19.14,inr,2026-09-28 08:00:00
PAY000016714,ORD00012060,2026-09-28 08:00:00,Cashfree,FAILED,2146.62,6.9,INR,2026-09-28 08:00:00
PAY000016715,ORD00014440,2026-09-28 08:00:00,PayU,SUCCESS,591.22,21.01,inr,2026-09-28 08:00:00
PAY000016716,ORD00013861,2026-09-28 08:00:00,Razorpay,SUCCESS,2242.55,26.4,Rs,2026-09-28 08:00:00
PAY000016717,ORD00014888,2026-09-28 08:00:00,PayU,SUCCESS,1524.77,30.06,Rs,2026-09-28 08:00:00
PAY000016718,ORD00014379,2026-09-28 08:00:00,Razorpay,SUCCESS,1043.72,7.3,INR,2026-09-28 08:00:00
PAY000016719,ORD00012342,2026-09-28 08:00:00,Razorpay,SUCCESS,472.44,7.31,Rs,2026-09-28 08:00:00
PAY000016720,ORD00014791,2026-09-28 08:00:00,Stripe,SUCCESS,2585.1,34.0,INR,2026-09-28 08:00:00
PAY000016721,ORD00014434,2026-09-28 08:00:00,PayU,SUCCESS,1304.04,25.58,inr,2026-09-28 08:00:00
PAY000016722,ORD00014157,2026-09-28 08:00:00,Cashfree,SUCCESS,929.82,18.23,Rs,2026-09-28 08:00:00
PAY000016723,ORD00012286,2026-09-28 08:00:00,Razorpay,FAILED,745.07,16.84,inr,2026-09-28 08:00:00
PAY000016724,ORD00012550,2026-09-28 08:00:00,PayU,SUCCESS,4579.42,6.56,inr,2026-09-28 08:00:00
PAY000016725,ORD00013235,2026-09-28 08:00:00,PayU,SUCCESS,2735.25,24.4,Rs,2026-09-28 08:00:00
PAY000016726,ORD00014841,2026-09-28 08:00:00,razorpay ,PENDING,1174.0,20.13,Rs,2026-09-28 08:00:00
PAY000016727,ORD00013887,2026-09-28 08:00:00,razorpay ,PENDING,2355.75,13.17,inr,2026-09-28 08:00:00
PAY000016728,ORD00013360,2026-09-28 08:00:00,PayU,SUCCESS,1367.13,15.61,inr,2026-09-28 08:00:00
PAY000016729,ORD00013742,2026-09-28 08:00:00,Cashfree,SUCCESS,391.74,25.02,INR,2026-09-28 08:00:00
PAY000016730,ORD00013317,2026-09-28 08:00:00,PayU,SUCCESS,1882.57,31.1,inr,2026-09-28 08:00:00
PAY000016731,ORD00014957,2026-09-28 08:00:00,Stripe,SUCCESS,1233.39,15.41,inr,2026-09-28 08:00:00
PAY000016732,ORD00012439,2026-09-28 08:00:00,Razorpay,SUCCESS,2456.68,19.69,Rs,2026-09-28 08:00:00
PAY000016733,ORD00012975,2026-09-28 08:00:00,Razorpay,SUCCESS,535.58,5.38,INR,2026-09-28 08:00:00
PAY000016734,ORD00014190,2026-09-28 08:00:00,Cashfree,SUCCESS,515.16,3.57,INR,2026-09-28 08:00:00
PAY000016735,ORD00012173,2026-09-28 08:00:00,Stripe,SUCCESS,1581.01,18.33,inr,2026-09-28 08:00:00
PAY000016736,ORD00013062,2026-09-28 08:00:00,PayU,SUCCESS,887.26,16.59,inr,2026-09-28 08:00:00
PAY000016737,ORD00013321,2026-09-28 08:00:00,razorpay ,SUCCESS,1318.33,2.35,INR,2026-09-28 08:00:00
PAY000016738,ORD00014852,2026-09-28 08:00:00,Cashfree,SUCCESS,1845.48,14.58,inr,2026-09-28 08:00:00
PAY000016739,ORD00013509,2026-09-28 08:00:00,PayU,SUCCESS,2538.51,28.56,inr,2026-09-28 08:00:00
PAY000016740,ORD00014849,2026-09-28 08:00:00,PayU,SUCCESS,614.64,30.14,inr,2026-09-28 08:00:00
PAY000016741,ORD00013100,2026-09-28 08:00:00,Razorpay,PENDING,1748.45,21.56,INR,2026-09-28 08:00:00
PAY000016742,ORD00013577,2026-09-28 08:00:00,PayU,SUCCESS,2831.38,25.82,inr,2026-09-28 08:00:00
PAY000016743,ORD00013599,2026-09-28 08:00:00,PayU,SUCCESS,1791.46,4.49,INR,2026-09-28 08:00:00
PAY000016744,ORD00012153,2026-09-28 08:00:00,PayU,SUCCESS,873.41,13.4,Rs,2026-09-28 08:00:00
PAY000016745,ORD00013338,2026-09-28 08:00:00,Stripe,SUCCESS,727.49,4.74,Rs,2026-09-28 08:00:00
PAY000016746,ORD00013833,2026-09-28 08:00:00,Stripe,SUCCESS,2664.79,33.69,Rs,2026-09-28 08:00:00
PAY000016747,ORD00013158,2026-09-28 08:00:00,PayU,SUCCESS,570.61,6.7,Rs,2026-09-28 08:00:00
PAY000016748,ORD00012630,2026-09-28 08:00:00,Cashfree,SUCCESS,1333.76,24.98,inr,2026-09-28 08:00:00
PAY000016749,ORD00013732,2026-09-28 08:00:00,Cashfree,SUCCESS,1030.78,30.73,INR,2026-09-28 08:00:00
PAY000016750,ORD00013924,2026-09-28 08:00:00,razorpay ,FAILED,357.7,12.88,Rs,2026-09-28 08:00:00
PAY000016751,ORD00012461,2026-09-28 08:00:00,Razorpay,FAILED,369.05,20.88,inr,2026-09-28 08:00:00
PAY000016752,ORD00014561,2026-09-28 08:00:00,PayU,SUCCESS,1258.21,5.7,inr,2026-09-28 08:00:00
PAY000016753,ORD00013069,2026-09-28 08:00:00,razorpay ,SUCCESS,1220.93,10.82,INR,2026-09-28 08:00:00
PAY000016754,ORD00014901,2026-09-28 08:00:00,Stripe,SUCCESS,5395.0,26.31,INR,2026-09-28 08:00:00
PAY000016755,ORD00012598,2026-09-28 08:00:00,Razorpay,PENDING,1158.2,9.62,INR,2026-09-28 08:00:00
PAY000016756,ORD00012665,2026-09-28 08:00:00,Cashfree,FAILED,680.71,14.89,Rs,2026-09-28 08:00:00
PAY000016757,ORD00014037,2026-09-28 08:00:00,Cashfree,SUCCESS,1786.32,17.84,inr,2026-09-28 08:00:00
PAY000016758,ORD00012848,2026-09-28 08:00:00,PayU,FAILED,534.02,5.61,INR,2026-09-28 08:00:00
PAY000016759,ORD00014475,2026-09-28 08:00:00,PayU,SUCCESS,1289.38,25.11,INR,2026-09-28 08:00:00
PAY000016760,ORD00013095,2026-09-28 08:00:00,Cashfree,SUCCESS,510.3,15.48,Rs,2026-09-28 08:00:00
PAY000016761,ORD00012377,2026-09-28 08:00:00,razorpay ,PENDING,1157.59,22.54,inr,2026-09-28 08:00:00
PAY000016762,ORD00013744,2026-09-28 08:00:00,Razorpay,PENDING,1439.04,17.16,Rs,2026-09-28 08:00:00
PAY000016763,ORD00013926,2026-09-28 08:00:00,Stripe,SUCCESS,3629.43,27.13,inr,2026-09-28 08:00:00
PAY000016764,ORD00012751,2026-09-28 08:00:00,PayU,PENDING,1243.02,24.82,INR,2026-09-28 08:00:00
PAY000016765,ORD00012914,2026-09-28 08:00:00,Stripe,PENDING,3847.05,8.81,INR,2026-09-28 08:00:00
PAY000016766,ORD00013218,2026-09-28 08:00:00,Cashfree,SUCCESS,439.53,24.69,inr,2026-09-28 08:00:00
PAY000016767,ORD00013287,2026-09-28 08:00:00,Cashfree,SUCCESS,748.05,31.41,INR,2026-09-28 08:00:00
PAY000016768,ORD00014402,2026-09-28 08:00:00,Razorpay,FAILED,661.05,31.76,Rs,2026-09-28 08:00:00
PAY000016769,ORD00014177,2026-09-28 08:00:00,Cashfree,SUCCESS,1057.11,28.37,INR,2026-09-28 08:00:00
PAY000016770,ORD00012904,2026-09-28 08:00:00,razorpay ,PENDING,3229.76,29.18,inr,2026-09-28 08:00:00
PAY000016771,ORD00012837,2026-09-28 08:00:00,razorpay ,SUCCESS,690.08,9.88,INR,2026-09-28 08:00:00
PAY000016772,ORD00014652,2026-09-28 08:00:00,Razorpay,SUCCESS,744.47,20.13,Rs,2026-09-28 08:00:00
PAY000016773,ORD00013770,2026-09-28 08:00:00,RAZORPAY,SUCCESS,458.72,17.72,INR,2026-09-28 08:00:00
PAY000016774,ORD00014614,2026-09-28 08:00:00,Razorpay,PENDING,5449.57,5.46,INR,2026-09-28 08:00:00
PAY000016775,ORD00013885,2026-09-28 08:00:00,Cashfree,SUCCESS,2599.83,31.52,INR,2026-09-28 08:00:00
PAY000016776,ORD00013761,2026-09-28 08:00:00,PayU,SUCCESS,1165.42,14.69,INR,2026-09-28 08:00:00
PAY000016777,ORD00013070,2026-09-28 08:00:00,Razorpay,SUCCESS,839.91,12.37,INR,2026-09-28 08:00:00
PAY000016778,ORD00012703,2026-09-28 08:00:00,Cashfree,SUCCESS,1899.95,9.25,Rs,2026-09-28 08:00:00
PAY000016779,ORD00014825,2026-09-28 08:00:00,Cashfree,PENDING,288.91,10.61,Rs,2026-09-28 08:00:00
PAY000016780,ORD00013216,2026-09-28 08:00:00,Cashfree,SUCCESS,642.35,22.62,Rs,2026-09-28 08:00:00
PAY000016781,ORD00012541,2026-09-28 08:00:00,PayU,SUCCESS,396.79,10.37,inr,2026-09-28 08:00:00
PAY000016782,ORD00014902,2026-09-28 08:00:00,Cashfree,FAILED,746.17,14.83,INR,2026-09-28 08:00:00
PAY000016783,ORD00013345,2026-09-28 08:00:00,Stripe,SUCCESS,2081.86,24.37,inr,2026-09-28 08:00:00
PAY000016784,ORD00014846,2026-09-28 08:00:00,razorpay ,SUCCESS,418.09,12.6,Rs,2026-09-28 08:00:00
PAY000016785,ORD00013768,2026-09-28 08:00:00,Cashfree,PENDING,1379.01,19.69,Rs,2026-09-28 08:00:00
PAY000016786,ORD00014661,2026-09-28 08:00:00,PayU,PENDING,862.3,16.17,Rs,2026-09-28 08:00:00
PAY000016787,ORD00013934,2026-09-28 08:00:00,Stripe,FAILED,1728.8,7.82,inr,2026-09-28 08:00:00
PAY000016788,ORD00012684,2026-09-28 08:00:00,Razorpay,SUCCESS,2503.81,8.92,INR,2026-09-28 08:00:00
PAY000016789,ORD00014223,2026-09-28 08:00:00,Stripe,SUCCESS,2044.24,20.01,Rs,2026-09-28 08:00:00
PAY000016790,ORD00013119,2026-09-28 08:00:00,Razorpay,SUCCESS,787.36,8.48,Rs,2026-09-28 08:00:00
PAY000016791,ORD00012525,2026-09-28 08:00:00,Stripe,SUCCESS,540.72,11.24,inr,2026-09-28 08:00:00
PAY000016792,ORD00014905,2026-09-28 08:00:00,Cashfree,SUCCESS,1979.43,23.73,INR,2026-09-28 08:00:00
PAY000016793,ORD00013557,2026-09-28 08:00:00,razorpay ,PENDING,1238.41,28.92,Rs,2026-09-28 08:00:00
PAY000016794,ORD00014732,2026-09-28 08:00:00,Cashfree,FAILED,1418.02,5.26,Rs,2026-09-28 08:00:00
PAY000016795,ORD00014711,2026-09-28 08:00:00,Cashfree,SUCCESS,1782.6,2.68,Rs,2026-09-28 08:00:00
PAY000016796,ORD00013022,2026-09-28 08:00:00,Razorpay,PENDING,398.19,13.78,INR,2026-09-28 08:00:00
PAY000016797,ORD00014707,2026-09-28 08:00:00,razorpay ,FAILED,2048.85,5.38,INR,2026-09-28 08:00:00
PAY000016798,ORD00012020,2026-09-28 08:00:00,Stripe,SUCCESS,509.8,32.08,INR,2026-09-28 08:00:00
PAY000016799,ORD00013232,2026-09-28 08:00:00,Stripe,SUCCESS,1282.46,33.89,Rs,2026-09-28 08:00:00
PAY000016800,ORD00014358,2026-09-28 08:00:00,razorpay ,PENDING,3990.46,27.54,INR,2026-09-28 08:00:00
PAY000016801,ORD00013341,2026-09-28 08:00:00,Razorpay,FAILED,993.25,6.89,Rs,2026-09-28 08:00:00
PAY000016802,ORD00013952,2026-09-28 08:00:00,razorpay ,FAILED,435.21,6.66,Rs,2026-09-28 08:00:00
PAY000016803,ORD00013517,2026-09-28 08:00:00,PayU,PENDING,744.01,21.46,inr,2026-09-28 08:00:00
PAY000016804,ORD00013565,2026-09-28 08:00:00,razorpay ,FAILED,470.64,11.39,inr,2026-09-28 08:00:00
PAY000016805,ORD00012501,2026-09-28 08:00:00,Stripe,SUCCESS,1376.15,15.44,Rs,2026-09-28 08:00:00
PAY000016806,ORD00013118,2026-09-28 08:00:00,razorpay ,SUCCESS,1546.7,10.49,inr,2026-09-28 08:00:00
PAY000016807,ORD00012517,2026-09-28 08:00:00,razorpay ,SUCCESS,3879.49,9.22,inr,2026-09-28 08:00:00
PAY000016808,ORD00013851,2026-09-28 08:00:00,PayU,FAILED,1463.31,29.81,INR,2026-09-28 08:00:00
PAY000016809,ORD00013556,2026-09-28 08:00:00,Cashfree,SUCCESS,588.81,33.27,inr,2026-09-28 08:00:00
PAY000016810,ORD00013969,2026-09-28 08:00:00,razorpay ,SUCCESS,1031.01,30.19,inr,2026-09-28 08:00:00
PAY000016811,ORD00014847,2026-09-28 08:00:00,Cashfree,FAILED,765.63,17.02,inr,2026-09-28 08:00:00
PAY000016812,ORD00012478,2026-09-28 08:00:00,razorpay ,SUCCESS,446.03,25.07,INR,2026-09-28 08:00:00
PAY000016813,ORD00013472,2026-09-28 08:00:00,Cashfree,FAILED,1667.49,10.53,INR,2026-09-28 08:00:00
PAY000016814,ORD00014543,2026-09-28 08:00:00,Cashfree,SUCCESS,1049.67,11.62,inr,2026-09-28 08:00:00
PAY000016815,ORD00013560,2026-09-28 08:00:00,PayU,SUCCESS,1399.93,31.45,Rs,2026-09-28 08:00:00
PAY000016816,ORD00012858,2026-09-28 08:00:00,PayU,SUCCESS,960.07,15.62,INR,2026-09-28 08:00:00
PAY000016817,ORD00014514,2026-09-28 08:00:00,Cashfree,SUCCESS,1211.1,11.3,Rs,2026-09-28 08:00:00
PAY000016818,ORD00013833,2026-09-28 08:00:00,Cashfree,SUCCESS,934.63,25.62,INR,2026-09-28 08:00:00
PAY000016819,ORD00012142,2026-09-28 08:00:00,Cashfree,PENDING,566.21,6.92,inr,2026-09-28 08:00:00
PAY000016820,ORD00012859,2026-09-28 08:00:00,Stripe,SUCCESS,2279.24,24.55,INR,2026-09-28 08:00:00
PAY000016821,ORD00012198,2026-09-28 08:00:00,Cashfree,SUCCESS,923.04,26.44,Rs,2026-09-28 08:00:00
PAY000016822,ORD00012252,2026-09-28 08:00:00,Cashfree,PENDING,225.75,16.49,inr,2026-09-28 08:00:00
PAY000016823,ORD00013550,2026-09-28 08:00:00,razorpay ,FAILED,1252.55,28.66,INR,2026-09-28 08:00:00
PAY000016824,ORD00014456,2026-09-28 08:00:00,Stripe,SUCCESS,1608.75,23.77,inr,2026-09-28 08:00:00
PAY000016825,ORD00012503,2026-09-28 08:00:00,PayU,PENDING,616.04,26.26,inr,2026-09-28 08:00:00
PAY000016826,ORD00013737,2026-09-28 08:00:00,PayU,SUCCESS,1858.59,15.73,Rs,2026-09-28 08:00:00
PAY000016827,ORD00014905,2026-09-28 08:00:00,Stripe,SUCCESS,2082.59,14.34,Rs,2026-09-28 08:00:00
PAY000016828,ORD00012208,2026-09-28 08:00:00,Razorpay,SUCCESS,170.39,12.65,inr,2026-09-28 08:00:00
PAY000016829,ORD00014223,2026-09-28 08:00:00,PayU,SUCCESS,2394.5,21.53,inr,2026-09-28 08:00:00
PAY000016830,ORD00012335,2026-09-28 08:00:00,razorpay ,SUCCESS,2490.01,16.72,inr,2026-09-28 08:00:00
PAY000016831,ORD00012532,2026-09-28 08:00:00,PayU,SUCCESS,402.31,4.87,inr,2026-09-28 08:00:00
PAY000016832,ORD00014231,2026-09-28 08:00:00,Cashfree,PENDING,554.8,10.19,INR,2026-09-28 08:00:00
PAY000016833,ORD00014083,2026-09-28 08:00:00,Razorpay,SUCCESS,306.85,12.25,INR,2026-09-28 08:00:00
PAY000016834,ORD00012343,2026-09-28 08:00:00,PayU,SUCCESS,1596.04,24.73,INR,2026-09-28 08:00:00
PAY000016835,ORD00012161,2026-09-28 08:00:00,razorpay ,PENDING,368.82,30.01,inr,2026-09-28 08:00:00
PAY000016836,ORD00013715,2026-09-28 08:00:00,Cashfree,FAILED,1727.07,30.61,Rs,2026-09-28 08:00:00
PAY000016837,ORD00013949,2026-09-28 08:00:00,Cashfree,SUCCESS,2751.39,17.67,Rs,2026-09-28 08:00:00
PAY000016838,ORD00013584,2026-09-28 08:00:00,Razorpay,SUCCESS,1493.52,10.16,Rs,2026-09-28 08:00:00
PAY000016839,ORD00013731,2026-09-28 08:00:00,Cashfree,PENDING,361.67,3.27,inr,2026-09-28 08:00:00
PAY000016840,ORD00012119,2026-09-28 08:00:00,PayU,SUCCESS,593.45,12.9,inr,2026-09-28 08:00:00
PAY000016841,ORD00012237,2026-09-28 08:00:00,Stripe,PENDING,761.6,28.45,INR,2026-09-28 08:00:00
PAY000016842,ORD00012412,2026-09-28 08:00:00,razorpay ,PENDING,2905.32,15.0,INR,2026-09-28 08:00:00
PAY000016843,ORD00013429,2026-09-28 08:00:00,Stripe,PENDING,1182.66,3.8,INR,2026-09-28 08:00:00
PAY000016844,ORD00013556,2026-09-28 08:00:00,Cashfree,PENDING,3284.97,4.64,INR,2026-09-28 08:00:00
PAY000016845,ORD00013419,2026-09-28 08:00:00,Razorpay,FAILED,897.27,29.29,INR,2026-09-28 08:00:00
PAY000016846,ORD00013154,2026-09-28 08:00:00,PayU,PENDING,2083.23,11.1,INR,2026-09-28 08:00:00
PAY000016847,ORD00012771,2026-09-28 08:00:00,PayU,FAILED,955.54,25.26,Rs,2026-09-28 08:00:00
PAY000016848,ORD00013820,2026-09-28 08:00:00,Stripe,SUCCESS,410.58,5.99,INR,2026-09-28 08:00:00
PAY000016849,ORD00012348,2026-09-28 08:00:00,PayU,PENDING,1547.71,20.35,INR,2026-09-28 08:00:00
PAY000016850,ORD00013866,2026-09-28 08:00:00,Razorpay,SUCCESS,1104.22,8.52,inr,2026-09-28 08:00:00
PAY000016851,ORD00012347,2026-09-28 08:00:00,Stripe,SUCCESS,717.92,32.82,INR,2026-09-28 08:00:00
PAY000016852,ORD00014203,2026-09-28 08:00:00,razorpay ,FAILED,2597.96,13.93,inr,2026-09-28 08:00:00
PAY000016853,ORD00014998,2026-09-28 08:00:00,PayU,PENDING,799.98,22.53,Rs,2026-09-28 08:00:00
PAY000016854,ORD00013984,2026-09-28 08:00:00,Cashfree,FAILED,2910.26,28.32,inr,2026-09-28 08:00:00
PAY000016855,ORD00014598,2026-09-28 08:00:00,Cashfree,SUCCESS,1005.32,23.67,inr,2026-09-28 08:00:00
PAY000016856,ORD00012733,2026-09-28 08:00:00,Cashfree,SUCCESS,2435.12,19.15,Rs,2026-09-28 08:00:00
PAY000016857,ORD00012288,2026-09-28 08:00:00,Cashfree,SUCCESS,644.58,21.02,inr,2026-09-28 08:00:00
PAY000016858,ORD00012625,2026-09-28 08:00:00,Razorpay,FAILED,6357.69,2.1,inr,2026-09-28 08:00:00
PAY000016859,ORD00013347,2026-09-28 08:00:00,Cashfree,SUCCESS,520.2,23.48,inr,2026-09-28 08:00:00
PAY000016860,ORD00014329,2026-09-28 08:00:00,Stripe,PENDING,1555.38,7.26,Rs,2026-09-28 08:00:00
PAY000016861,ORD00013708,2026-09-28 08:00:00,Stripe,PENDING,1522.58,23.38,INR,2026-09-28 08:00:00
PAY000016862,ORD00012144,2026-09-28 08:00:00,PayU,PENDING,828.17,3.96,Rs,2026-09-28 08:00:00
PAY000016863,ORD00014180,2026-09-28 08:00:00,Razorpay,PENDING,905.73,30.32,Rs,2026-09-28 08:00:00
PAY000016864,ORD00014490,2026-09-28 08:00:00,RAZORPAY,SUCCESS,629.4,30.35,inr,2026-09-28 08:00:00
PAY000016865,ORD00012736,2026-09-28 08:00:00,razorpay ,FAILED,335.38,14.89,Rs,2026-09-28 08:00:00
PAY000016866,ORD00013699,2026-09-28 08:00:00,razorpay ,SUCCESS,1569.18,4.01,Rs,2026-09-28 08:00:00
PAY000016867,ORD00014699,2026-09-28 08:00:00,Stripe,SUCCESS,2057.29,3.64,INR,2026-09-28 08:00:00
PAY000016868,ORD00012006,2026-09-28 08:00:00,Stripe,PENDING,1308.55,6.5,INR,2026-09-28 08:00:00
PAY000016869,ORD00012698,2026-09-28 08:00:00,Razorpay,SUCCESS,742.73,16.69,inr,2026-09-28 08:00:00
PAY000016870,ORD00012230,2026-09-28 08:00:00,Stripe,SUCCESS,3255.39,14.54,Rs,2026-09-28 08:00:00
PAY000016871,ORD00013925,2026-09-28 08:00:00,PayU,PENDING,804.99,22.98,Rs,2026-09-28 08:00:00
PAY000016872,ORD00014773,2026-09-28 08:00:00,razorpay ,PENDING,1898.98,19.38,inr,2026-09-28 08:00:00
PAY000016873,ORD00013641,2026-09-28 08:00:00,Razorpay,FAILED,2674.97,16.93,INR,2026-09-28 08:00:00
PAY000016874,ORD00012277,2026-09-28 08:00:00,razorpay ,SUCCESS,1612.75,22.83,INR,2026-09-28 08:00:00
PAY000016875,ORD00013591,2026-09-28 08:00:00,Razorpay,SUCCESS,501.99,16.16,Rs,2026-09-28 08:00:00
PAY000016876,ORD00014997,2026-09-28 08:00:00,razorpay ,SUCCESS,1179.51,26.58,Rs,2026-09-28 08:00:00
PAY000016877,ORD00012818,2026-09-28 08:00:00,Cashfree,PENDING,599.91,27.11,inr,2026-09-28 08:00:00
PAY000016878,ORD00012757,2026-09-28 08:00:00,RAZORPAY,PENDING,2560.29,18.88,inr,2026-09-28 08:00:00
PAY000016879,ORD00014681,2026-09-28 08:00:00,PayU,SUCCESS,1153.04,19.16,inr,2026-09-28 08:00:00
PAY000016880,ORD00013698,2026-09-28 08:00:00,razorpay ,SUCCESS,2842.38,16.79,INR,2026-09-28 08:00:00
PAY000016881,ORD00013143,2026-09-28 08:00:00,Cashfree,SUCCESS,398.17,8.54,INR,2026-09-28 08:00:00
PAY000016882,ORD00012647,2026-09-28 08:00:00,Stripe,FAILED,777.63,10.28,INR,2026-09-28 08:00:00
PAY000016883,ORD00014369,2026-09-28 08:00:00,Stripe,SUCCESS,668.04,17.91,inr,2026-09-28 08:00:00
PAY000016884,ORD00013715,2026-09-28 08:00:00,Razorpay,PENDING,631.75,21.54,INR,2026-09-28 08:00:00
PAY000016885,ORD00012888,2026-09-28 08:00:00,Cashfree,SUCCESS,1421.31,10.09,INR,2026-09-28 08:00:00
PAY000016886,ORD00014519,2026-09-28 08:00:00,Razorpay,FAILED,686.1,15.03,Rs,2026-09-28 08:00:00
PAY000016887,ORD00013164,2026-09-28 08:00:00,razorpay ,PENDING,930.82,29.78,inr,2026-09-28 08:00:00
PAY000016888,ORD00012454,2026-09-28 08:00:00,Cashfree,FAILED,1355.18,2.78,inr,2026-09-28 08:00:00
PAY000016889,ORD00012206,2026-09-28 08:00:00,Stripe,SUCCESS,1779.71,16.95,INR,2026-09-28 08:00:00
PAY000016890,ORD00014263,2026-09-28 08:00:00,Razorpay,SUCCESS,857.96,18.1,inr,2026-09-28 08:00:00
PAY000016891,ORD00012179,2026-09-28 08:00:00,Cashfree,PENDING,2729.29,17.42,INR,2026-09-28 08:00:00
PAY000016892,ORD00013905,2026-09-28 08:00:00,Cashfree,PENDING,483.44,7.83,Rs,2026-09-28 08:00:00
PAY000016893,ORD00012616,2026-09-28 08:00:00,Stripe,SUCCESS,1685.52,32.42,INR,2026-09-28 08:00:00
PAY000016894,ORD00014949,2026-09-28 08:00:00,Cashfree,SUCCESS,1033.53,15.36,INR,2026-09-28 08:00:00
PAY000016895,ORD00013998,2026-09-28 08:00:00,razorpay ,SUCCESS,493.1,27.79,inr,2026-09-28 08:00:00
PAY000016896,ORD00013831,2026-09-28 08:00:00,Razorpay,FAILED,1563.69,16.29,Rs,2026-09-28 08:00:00
PAY000016897,ORD00014162,2026-09-28 08:00:00,PayU,PENDING,1352.86,22.36,Rs,2026-09-28 08:00:00
PAY000016898,ORD00013816,2026-09-28 08:00:00,PayU,SUCCESS,1831.85,19.68,Rs,2026-09-28 08:00:00
PAY000016899,ORD00012148,2026-09-28 08:00:00,Cashfree,SUCCESS,2215.17,8.62,inr,2026-09-28 08:00:00
PAY000016900,ORD00014567,2026-09-28 08:00:00,Razorpay,PENDING,1015.12,13.86,INR,2026-09-28 08:00:00
PAY000016901,ORD00013959,2026-09-28 08:00:00,PayU,SUCCESS,286.08,24.65,INR,2026-09-28 08:00:00
PAY000016902,ORD00014369,2026-09-28 08:00:00,Stripe,SUCCESS,467.85,25.36,inr,2026-09-28 08:00:00
PAY000016903,ORD00013454,2026-09-28 08:00:00,Stripe,SUCCESS,4025.45,10.56,INR,2026-09-28 08:00:00
PAY000016904,ORD00012005,2026-09-28 08:00:00,Cashfree,SUCCESS,1460.31,6.88,inr,2026-09-28 08:00:00
PAY000016905,ORD00012488,2026-09-28 08:00:00,Stripe,SUCCESS,602.91,11.67,Rs,2026-09-28 08:00:00
PAY000016906,ORD00014789,2026-09-28 08:00:00,PayU,SUCCESS,1993.76,3.07,Rs,2026-09-28 08:00:00
PAY000016907,ORD00012401,2026-09-28 08:00:00,Razorpay,SUCCESS,2593.48,5.54,inr,2026-09-28 08:00:00
PAY000016908,ORD00012843,2026-09-28 08:00:00,Razorpay,SUCCESS,1845.37,8.15,Rs,2026-09-28 08:00:00
PAY000016909,ORD00014840,2026-09-28 08:00:00,Stripe,PENDING,2595.41,34.12,inr,2026-09-28 08:00:00
PAY000016910,ORD00014418,2026-09-28 08:00:00,PayU,FAILED,1107.68,17.6,inr,2026-09-28 08:00:00
PAY000016911,ORD00013479,2026-09-28 08:00:00,Razorpay,SUCCESS,2825.94,31.37,inr,2026-09-28 08:00:00
PAY000016912,ORD00012338,2026-09-28 08:00:00,Stripe,PENDING,399.6,13.16,Rs,2026-09-28 08:00:00
PAY000016913,ORD00014032,2026-09-28 08:00:00,Stripe,SUCCESS,276.5,32.54,inr,2026-09-28 08:00:00
PAY000016914,ORD00012057,2026-09-28 08:00:00,razorpay ,SUCCESS,656.79,24.77,INR,2026-09-28 08:00:00
PAY000016915,ORD00014654,2026-09-28 08:00:00,Cashfree,PENDING,2675.94,14.42,inr,2026-09-28 08:00:00
PAY000016916,ORD00012876,2026-09-28 08:00:00,Stripe,SUCCESS,554.97,14.02,inr,2026-09-28 08:00:00
PAY000016917,ORD00014993,2026-09-28 08:00:00,Stripe,SUCCESS,2479.11,21.72,Rs,2026-09-28 08:00:00
PAY000016918,ORD00013388,2026-09-28 08:00:00,Razorpay,SUCCESS,1215.19,21.21,INR,2026-09-28 08:00:00
PAY000016919,ORD00013614,2026-09-28 08:00:00,PayU,SUCCESS,924.47,22.4,Rs,2026-09-28 08:00:00
PAY000016920,ORD00014670,2026-09-28 08:00:00,Razorpay,PENDING,3620.08,28.32,Rs,2026-09-28 08:00:00
PAY000016921,ORD00014910,2026-09-28 08:00:00,Cashfree,SUCCESS,633.61,13.03,inr,2026-09-28 08:00:00
PAY000016922,ORD00013982,2026-09-28 08:00:00,Stripe,SUCCESS,1408.61,29.36,INR,2026-09-28 08:00:00
PAY000016923,ORD00013545,2026-09-28 08:00:00,razorpay ,SUCCESS,508.57,15.22,inr,2026-09-28 08:00:00
PAY000016924,ORD00012713,2026-09-28 08:00:00,PayU,SUCCESS,720.24,31.46,INR,2026-09-28 08:00:00
PAY000016925,ORD00012692,2026-09-28 08:00:00,Stripe,SUCCESS,3818.1,32.0,inr,2026-09-28 08:00:00
PAY000016926,ORD00013291,2026-09-28 08:00:00,Stripe,SUCCESS,1566.13,8.32,INR,2026-09-28 08:00:00
PAY000016927,ORD00012814,2026-09-28 08:00:00,Stripe,SUCCESS,1268.13,25.44,INR,2026-09-28 08:00:00
PAY000016928,ORD00014553,2026-09-28 08:00:00,Razorpay,FAILED,1156.95,20.08,Rs,2026-09-28 08:00:00
PAY000016929,ORD00014742,2026-09-28 08:00:00,Stripe,PENDING,644.97,30.92,INR,2026-09-28 08:00:00
PAY000016930,ORD00014615,2026-09-28 08:00:00,Cashfree,SUCCESS,1888.33,23.41,INR,2026-09-28 08:00:00
PAY000016931,ORD00014437,2026-09-28 08:00:00,PayU,SUCCESS,2376.75,31.31,inr,2026-09-28 08:00:00
PAY000016932,ORD00014530,2026-09-28 08:00:00,Cashfree,FAILED,1337.69,15.19,INR,2026-09-28 08:00:00
PAY000016933,ORD00013041,2026-09-28 08:00:00,razorpay ,SUCCESS,1469.75,34.52,Rs,2026-09-28 08:00:00
PAY000016934,ORD00013609,2026-09-28 08:00:00,PayU,PENDING,961.81,8.5,inr,2026-09-28 08:00:00
PAY000016935,ORD00014904,2026-09-28 08:00:00,Cashfree,SUCCESS,1113.47,16.95,INR,2026-09-28 08:00:00
PAY000016936,ORD00013688,2026-09-28 08:00:00,PayU,FAILED,504.05,16.65,inr,2026-09-28 08:00:00
PAY000016937,ORD00014936,2026-09-28 08:00:00,Cashfree,SUCCESS,2659.25,15.72,INR,2026-09-28 08:00:00
PAY000016938,ORD00014675,2026-09-28 08:00:00,Stripe,FAILED,1394.91,14.55,INR,2026-09-28 08:00:00
PAY000016939,ORD00014614,2026-09-28 08:00:00,razorpay ,SUCCESS,913.59,33.95,INR,2026-09-28 08:00:00
PAY000016940,ORD00013601,2026-09-28 08:00:00,Cashfree,SUCCESS,1212.92,6.33,INR,2026-09-28 08:00:00
PAY000016941,ORD00012764,2026-09-28 08:00:00,razorpay ,SUCCESS,228.43,9.4,INR,2026-09-28 08:00:00
PAY000016942,ORD00013669,2026-09-28 08:00:00,PayU,PENDING,790.78,11.86,Rs,2026-09-28 08:00:00
PAY000016943,ORD00013290,2026-09-28 08:00:00,PayU,SUCCESS,972.0,29.19,INR,2026-09-28 08:00:00
PAY000016944,ORD00013710,2026-09-28 08:00:00,PayU,SUCCESS,1906.0,3.11,inr,2026-09-28 08:00:00
PAY000016945,ORD00012521,2026-09-28 08:00:00,Razorpay,SUCCESS,1304.02,29.84,INR,2026-09-28 08:00:00
PAY000016946,ORD00012183,2026-09-28 08:00:00,razorpay ,PENDING,298.08,15.45,Rs,2026-09-28 08:00:00
PAY000016947,ORD00012629,2026-09-28 08:00:00,Stripe,SUCCESS,5211.6,12.61,inr,2026-09-28 08:00:00
PAY000016948,ORD00013523,2026-09-28 08:00:00,Cashfree,SUCCESS,2583.73,5.45,Rs,2026-09-28 08:00:00
PAY000016949,ORD00014364,2026-09-28 08:00:00,Stripe,SUCCESS,473.45,17.08,Rs,2026-09-28 08:00:00
PAY000016950,ORD00013393,2026-09-28 08:00:00,razorpay ,SUCCESS,923.08,16.43,Rs,2026-09-28 08:00:00
PAY000016951,ORD00012244,2026-09-28 08:00:00,Razorpay,SUCCESS,1016.52,20.35,Rs,2026-09-28 08:00:00
PAY000016952,ORD00012360,2026-09-28 08:00:00,PayU,FAILED,1194.08,10.14,Rs,2026-09-28 08:00:00
PAY000016953,ORD00012632,2026-09-28 08:00:00,Stripe,PENDING,1893.27,24.75,Rs,2026-09-28 08:00:00
PAY000016954,ORD00014511,2026-09-28 08:00:00,razorpay ,PENDING,1960.3,25.02,INR,2026-09-28 08:00:00
PAY000016955,ORD00014616,2026-09-28 08:00:00,razorpay ,SUCCESS,2016.95,6.67,inr,2026-09-28 08:00:00
PAY000016956,ORD00012996,2026-09-28 08:00:00,Cashfree,SUCCESS,970.84,26.52,INR,2026-09-28 08:00:00
PAY000016957,ORD00012667,2026-09-28 08:00:00,Cashfree,SUCCESS,1075.27,18.37,INR,2026-09-28 08:00:00
PAY000016958,ORD00012551,2026-09-28 08:00:00,razorpay ,SUCCESS,3071.77,32.33,inr,2026-09-28 08:00:00
PAY000016959,ORD00014247,2026-09-28 08:00:00,Razorpay,PENDING,2689.73,27.96,inr,2026-09-28 08:00:00
PAY000016960,ORD00012393,2026-09-28 08:00:00,PayU,SUCCESS,1476.59,16.22,INR,2026-09-28 08:00:00
PAY000016961,ORD00012808,2026-09-28 08:00:00,razorpay ,SUCCESS,1184.07,21.04,Rs,2026-09-28 08:00:00
PAY000016962,ORD00014544,2026-09-28 08:00:00,PayU,SUCCESS,535.69,20.81,INR,2026-09-28 08:00:00
PAY000016963,ORD00012794,2026-09-28 08:00:00,Cashfree,SUCCESS,891.3,9.9,INR,2026-09-28 08:00:00
PAY000016964,ORD00013370,2026-09-28 08:00:00,Cashfree,SUCCESS,541.8,34.65,Rs,2026-09-28 08:00:00
PAY000016965,ORD00013815,2026-09-28 08:00:00,razorpay ,SUCCESS,4170.01,25.71,inr,2026-09-28 08:00:00
PAY000016966,ORD00012440,2026-09-28 08:00:00,Stripe,SUCCESS,711.83,32.4,INR,2026-09-28 08:00:00
PAY000016967,ORD00013731,2026-09-28 08:00:00,Razorpay,SUCCESS,917.09,4.4,INR,2026-09-28 08:00:00
PAY000016968,ORD00013656,2026-09-28 08:00:00,razorpay ,SUCCESS,967.42,3.52,inr,2026-09-28 08:00:00
PAY000016969,ORD00014331,2026-09-28 08:00:00,Razorpay,PENDING,1123.9,29.95,Rs,2026-09-28 08:00:00
PAY000016970,ORD00014726,2026-09-28 08:00:00,Stripe,PENDING,1339.34,5.37,inr,2026-09-28 08:00:00
PAY000016971,ORD00012621,2026-09-28 08:00:00,Stripe,SUCCESS,1045.37,6.65,inr,2026-09-28 08:00:00
PAY000016972,ORD00012124,2026-09-28 08:00:00,razorpay ,FAILED,621.93,26.92,INR,2026-09-28 08:00:00
PAY000016973,ORD00012852,2026-09-28 08:00:00,razorpay ,SUCCESS,697.5,31.34,inr,2026-09-28 08:00:00
PAY000016974,ORD00013181,2026-09-28 08:00:00,PayU,SUCCESS,398.05,32.85,Rs,2026-09-28 08:00:00
PAY000016975,ORD00014777,2026-09-28 08:00:00,PayU,SUCCESS,597.08,12.68,INR,2026-09-28 08:00:00
PAY000016976,ORD00013198,2026-09-28 08:00:00,razorpay ,PENDING,559.25,5.32,inr,2026-09-28 08:00:00
PAY000016977,ORD00014826,2026-09-28 08:00:00,PayU,PENDING,1131.82,10.71,INR,2026-09-28 08:00:00
PAY000016978,ORD00014273,2026-09-28 08:00:00,Stripe,SUCCESS,2695.64,32.86,Rs,2026-09-28 08:00:00
PAY000016979,ORD00012219,2026-09-28 08:00:00,Stripe,FAILED,1098.09,21.06,Rs,2026-09-28 08:00:00
PAY000016980,ORD00013153,2026-09-28 08:00:00,Stripe,SUCCESS,1656.64,11.22,inr,2026-09-28 08:00:00
PAY000016981,ORD00012292,2026-09-28 08:00:00,Cashfree,SUCCESS,4523.7,29.36,INR,2026-09-28 08:00:00
PAY000016982,ORD00012967,2026-09-28 08:00:00,Stripe,FAILED,958.21,3.4,inr,2026-09-28 08:00:00
PAY000016983,ORD00013092,2026-09-28 08:00:00,Razorpay,SUCCESS,1627.01,33.45,Rs,2026-09-28 08:00:00
PAY000016984,ORD00012513,2026-09-28 08:00:00,PayU,FAILED,1170.17,22.71,Rs,2026-09-28 08:00:00
PAY000016985,ORD00013673,2026-09-28 08:00:00,PayU,FAILED,632.65,12.96,Rs,2026-09-28 08:00:00
PAY000016986,ORD00012678,2026-09-28 08:00:00,razorpay ,SUCCESS,2314.13,9.64,Rs,2026-09-28 08:00:00
PAY000016987,ORD00012840,2026-09-28 08:00:00,razorpay ,SUCCESS,1481.36,18.04,Rs,2026-09-28 08:00:00
PAY000016988,ORD00013094,2026-09-28 08:00:00,Stripe,FAILED,1475.58,13.73,INR,2026-09-28 08:00:00
PAY000016989,ORD00013714,2026-09-28 08:00:00,razorpay ,SUCCESS,486.69,16.71,inr,2026-09-28 08:00:00
PAY000016990,ORD00013148,2026-09-28 08:00:00,Razorpay,SUCCESS,1284.89,12.13,inr,2026-09-28 08:00:00
PAY000016991,ORD00014165,2026-09-28 08:00:00,PayU,SUCCESS,1876.91,2.5,INR,2026-09-28 08:00:00
PAY000016992,ORD00012646,2026-09-28 08:00:00,razorpay ,PENDING,3058.44,7.67,INR,2026-09-28 08:00:00
PAY000016993,ORD00014269,2026-09-28 08:00:00,Cashfree,SUCCESS,1367.96,11.29,INR,2026-09-28 08:00:00
PAY000016994,ORD00013916,2026-09-28 08:00:00,Razorpay,PENDING,603.24,7.06,INR,2026-09-28 08:00:00
PAY000016995,ORD00014951,2026-09-28 08:00:00,Stripe,SUCCESS,1728.83,5.48,inr,2026-09-28 08:00:00
PAY000016996,ORD00012212,2026-09-28 08:00:00,razorpay ,PENDING,1513.89,10.82,inr,2026-09-28 08:00:00
PAY000016997,ORD00014548,2026-09-28 08:00:00,Stripe,SUCCESS,1125.23,3.48,inr,2026-09-28 08:00:00
PAY000016998,ORD00014264,2026-09-28 08:00:00,Stripe,SUCCESS,538.52,25.52,Rs,2026-09-28 08:00:00
PAY000016999,ORD00013454,2026-09-28 08:00:00,Stripe,FAILED,1705.14,31.94,INR,2026-09-28 08:00:00
PAY000017000,ORD00014617,2026-09-28 08:00:00,Cashfree,SUCCESS,1053.58,24.79,INR,2026-09-28 08:00:00
