customer_id,customer_name,email,city,state,customer_segment,acquisition_channel,signup_date,updated_at
CUST000001,Customer 00001,customer00001@example.com,Chennai,Tamil Nadu,RETURNING,Social,2026-05-08,2026-06-01 00:00:00
CUST000002,Customer 00002,customer00002@example.com,Mumbai,Maharashtra,RETURNING,Email,2025-11-15,2025-11-18 00:00:00
CUST000003,Customer 00003,customer00003@example.com,Kolkata,West Bengal,New,Paid Ads,2025-08-07,2025-08-17 00:00:00
CUST000004,Customer 00004,customer00004@example.com,Delhi,Delhi,New,Social,2025-10-04,2025-10-12 00:00:00
CUST000005,Customer 00005,customer00005@example.com,Chennai,Tamil Nadu,New,Paid Ads,2025-12-07,2025-12-10 00:00:00
CUST000006,Customer 00006,customer00006@example.com,Jaipur,Rajasthan,Dormant,Email,2026-03-28,2026-03-30 00:00:00
CUST000007,Customer 00007,customer00007@example.com,Noida,Uttar Pradesh,RETURNING,Social,2026-01-04,2026-01-14 00:00:00
CUST000008,Customer 00008,customer00008@example.com,Chennai,Tamil Nadu,premium,Organic,2026-04-19,2026-04-21 00:00:00
CUST000009,Customer 00009,customer00009@example.com,Kolkata,West Bengal,RETURNING,Organic,2025-07-09,2025-08-03 00:00:00
CUST000010,Customer 00010,customer00010@example.com,Delhi,Delhi,RETURNING,Paid Ads,2026-02-23,2026-03-12 00:00:00
CUST000011,Customer 00011,customer00011@example.com,Mumbai,Maharashtra,New,Direct,2026-05-10,2026-06-04 00:00:00
CUST000012,Customer 00012,customer00012@example.com,Kolkata,West Bengal,New,Organic,2025-02-08,2025-02-26 00:00:00
CUST000013,Customer 00013,customer00013@example.com,Kolkata,West Bengal,premium,Organic,2025-06-11,2025-06-24 00:00:00
CUST000014,Customer 00014,customer00014@example.com,Noida,Uttar Pradesh,RETURNING,Organic,2025-05-01,2025-05-24 00:00:00
CUST000015,Customer 00015,customer00015@example.com,Pune,Maharashtra,RETURNING,Email,2026-02-03,2026-02-13 00:00:00
CUST000016,Customer 00016,customer00016@example.com,Delhi,Delhi,premium,Organic,2025-09-19,2025-10-12 00:00:00
CUST000017,Customer 00017,customer00017@example.com,Hyderabad,Telangana,New,Affiliate,2026-07-15,2026-07-16 00:00:00
CUST000018,Customer 00018,customer00018@example.com,Kolkata,West Bengal,Dormant,Social,2025-05-09,2025-06-04 00:00:00
CUST000019,Customer 00019,customer00019@example.com,Pune,Maharashtra,RETURNING,Organic,2026-06-24,2026-06-25 00:00:00
CUST000020,Customer 00020,customer00020@example.com,Hyderabad,Telangana,RETURNING,Direct,2025-12-22,2025-12-23 00:00:00
CUST000021,Customer 00021,customer00021@example.com,Delhi,Delhi,RETURNING,Direct,2026-03-08,2026-03-17 00:00:00
CUST000022,Customer 00022,customer00022@example.com,Bengaluru,Karnataka,New,Organic,2025-03-06,2025-03-28 00:00:00
CUST000023,Customer 00023,customer00023@example.com,Jaipur,Rajasthan,New,Organic,2025-08-06,2025-08-20 00:00:00
CUST000024,Customer 00024,customer00024@example.com,Pune,Maharashtra,RETURNING,Affiliate,2026-07-17,2026-08-07 00:00:00
CUST000025,Customer 00025,customer00025@example.com,Ahmedabad,Gujarat,Dormant,Organic,2026-03-03,2026-03-14 00:00:00
CUST000026,Customer 00026,customer00026@example.com,Bengaluru,Karnataka,premium,Organic,2025-03-15,2025-03-25 00:00:00
CUST000027,Customer 00027,customer00027@example.com,Jaipur,Rajasthan,New,Social,2026-04-05,2026-04-21 00:00:00
CUST000028,Customer 00028,customer00028@example.com,Noida,Uttar Pradesh,RETURNING,Direct,2026-03-01,2026-03-18 00:00:00
CUST000029,Customer 00029,customer00029@example.com,Chennai,Tamil Nadu,New,Affiliate,2025-07-11,2025-07-24 00:00:00
CUST000030,Customer 00030,customer00030@example.com,Mumbai,Maharashtra,New,Direct,2025-07-08,2025-07-24 00:00:00
CUST000031,Customer 00031,customer00031@example.com,Ahmedabad,Gujarat,RETURNING,Affiliate,2025-01-12,2025-01-26 00:00:00
CUST000032,Customer 00032,customer00032@example.com,Noida,Uttar Pradesh,RETURNING,Direct,2025-08-27,2025-09-07 00:00:00
CUST000033,Customer 00033,customer00033@example.com,Delhi,Delhi,New,Organic,2026-08-16,2026-09-11 00:00:00
CUST000034,Customer 00034,customer00034@example.com,Noida,Uttar Pradesh,New,Direct,2026-03-29,2026-04-13 00:00:00
CUST000035,Customer 00035,customer00035@example.com,Chennai,Tamil Nadu,Dormant,Direct,2026-01-18,2026-02-09 00:00:00
CUST000036,Customer 00036,customer00036@example.com,Delhi,Delhi,New,Affiliate,2025-02-17,2025-02-22 00:00:00
CUST000037,Customer 00037,customer00037@example.com,Ahmedabad,Gujarat,RETURNING,Paid Ads,2025-11-13,2025-11-14 00:00:00
CUST000038,Customer 00038,customer00038@example.com,Chennai,Tamil Nadu,RETURNING,Affiliate,2025-07-28,2025-07-29 00:00:00
CUST000039,Customer 00039,customer00039@example.com,Hyderabad,Telangana,New,Affiliate,2026-07-01,2026-07-16 00:00:00
CUST000040,Customer 00040,customer00040@example.com,Mumbai,Maharashtra,New,Affiliate,2025-04-29,2025-04-30 00:00:00
CUST000041,Customer 00041,customer00041@example.com,Ahmedabad,Gujarat,RETURNING,Email,2026-07-31,2026-08-07 00:00:00
CUST000042,Customer 00042,customer00042@example.com,Hyderabad,Telangana,premium,Email,2025-11-11,2025-12-10 00:00:00
CUST000043,Customer 00043,customer00043@example.com,Jaipur,Rajasthan,RETURNING,Email,2025-02-05,2025-02-11 00:00:00
CUST000044,Customer 00044,customer00044@example.com,Ahmedabad,Gujarat,RETURNING,Affiliate,2026-04-08,2026-04-08 00:00:00
CUST000045,Customer 00045,customer00045@example.com,Jaipur,Rajasthan,Dormant,Paid Ads,2026-07-08,2026-07-11 00:00:00
CUST000046,Customer 00046,customer00046@example.com,Delhi,Delhi,premium,Affiliate,2026-08-04,2026-08-14 00:00:00
CUST000047,Customer 00047,customer00047@example.com,Hyderabad,Telangana,RETURNING,Organic,2026-02-07,2026-02-26 00:00:00
CUST000048,Customer 00048,customer00048@example.com,Mumbai,Maharashtra,RETURNING,Paid Ads,2025-04-17,2025-04-23 00:00:00
CUST000049,Customer 00049,customer00049@example.com,Chennai,Tamil Nadu,RETURNING,Email,2025-02-08,2025-02-25 00:00:00
CUST000050,Customer 00050,customer00050@example.com,Kolkata,West Bengal,RETURNING,Direct,2026-08-04,2026-08-07 00:00:00
CUST000051,Customer 00051,customer00051@example.com,Noida,Uttar Pradesh,RETURNING,Direct,2025-06-29,2025-07-15 00:00:00
CUST000052,Customer 00052,customer00052@example.com,Bengaluru,Karnataka,RETURNING,Social,2025-01-12,2025-02-09 00:00:00
CUST000053,Customer 00053,customer00053@example.com,Mumbai,Maharashtra,New,Paid Ads,2025-12-05,2026-01-02 00:00:00
CUST000054,Customer 00054,customer00054@example.com,Hyderabad,Telangana,RETURNING,Email,2026-07-02,2026-07-12 00:00:00
CUST000055,Customer 00055,customer00055@example.com,Kolkata,West Bengal,New,Paid Ads,2025-05-06,2025-05-16 00:00:00
CUST000056,Customer 00056,customer00056@example.com,,Maharashtra,New,Paid Ads,2025-03-04,2025-03-23 00:00:00
CUST000057,Customer 00057,customer00057@example.com,Hyderabad,Telangana,New,Direct,2025-03-23,2025-04-02 00:00:00
CUST000058,Customer 00058,customer00058@example.com,Pune,Maharashtra,RETURNING,Affiliate,2025-10-26,2025-11-09 00:00:00
CUST000059,Customer 00059,customer00059@example.com,Pune,Maharashtra,RETURNING,Organic,2025-02-03,2025-02-16 00:00:00
CUST000060,Customer 00060,customer00060@example.com,Jaipur,Rajasthan,New,Social,2025-02-18,2025-03-06 00:00:00
CUST000061,Customer 00061,customer00061@example.com,Mumbai,Maharashtra,RETURNING,Email,2025-02-26,2025-02-27 00:00:00
CUST000062,Customer 00062,customer00062@example.com,Pune,Maharashtra,RETURNING,Paid Ads,2025-04-19,2025-05-06 00:00:00
CUST000063,Customer 00063,customer00063@example.com,Hyderabad,Telangana,New,Social,2026-06-01,2026-06-16 00:00:00
CUST000064,Customer 00064,,Jaipur,Rajasthan,RETURNING,Paid Ads,2025-01-24,2025-02-04 00:00:00
CUST000065,Customer 00065,customer00065@example.com,Hyderabad,Telangana,premium,Direct,2025-08-09,2025-08-18 00:00:00
CUST000066,Customer 00066,customer00066@example.com,Jaipur,Rajasthan,premium,Organic,2025-11-11,2025-12-08 00:00:00
CUST000067,Customer 00067,customer00067@example.com,Mumbai,Maharashtra,RETURNING,Direct,2025-10-21,2025-11-05 00:00:00
CUST000068,Customer 00068,customer00068@example.com,Kolkata,West Bengal,RETURNING,Social,2025-01-10,2025-01-12 00:00:00
CUST000069,Customer 00069,customer00069@example.com,Chennai,Tamil Nadu,New,Email,2026-04-26,2026-05-03 00:00:00
CUST000070,Customer 00070,customer00070@example.com,Ahmedabad,Gujarat,New,Paid Ads,2025-09-24,2025-10-20 00:00:00
CUST000071,Customer 00071,customer00071@example.com,Kolkata,West Bengal,New,Organic,2025-03-29,2025-04-19 00:00:00
CUST000072,Customer 00072,customer00072@example.com,Delhi,Delhi,Dormant,Direct,2026-03-31,2026-04-21 00:00:00
CUST000073,Customer 00073,customer00073@example.com,Hyderabad,Telangana,New,Social,2026-06-17,2026-07-11 00:00:00
CUST000074,Customer 00074,customer00074@example.com,Delhi,Delhi,New,Direct,2025-05-28,2025-06-20 00:00:00
CUST000075,Customer 00075,customer00075@example.com,Kolkata,West Bengal,Dormant,Paid Ads,2026-03-07,2026-03-08 00:00:00
CUST000076,Customer 00076,customer00076@example.com,Jaipur,Rajasthan,Dormant,Paid Ads,2025-08-30,2025-09-20 00:00:00
CUST000077,Customer 00077,customer00077@example.com,Ahmedabad,Gujarat,premium,Email,2025-03-07,2025-03-07 00:00:00
CUST000078,Customer 00078,customer00078@example.com,Ahmedabad,Gujarat,New,Organic,2026-01-13,2026-02-10 00:00:00
CUST000079,Customer 00079,customer00079@example.com,Bengaluru,Karnataka,New,Affiliate,2026-01-23,2026-02-05 00:00:00
CUST000080,Customer 00080,customer00080@example.com,Ahmedabad,Gujarat,RETURNING,Direct,2025-07-28,2025-08-21 00:00:00
CUST000081,Customer 00081,customer00081@example.com,Chennai,Tamil Nadu,New,Paid Ads,2026-02-19,2026-02-22 00:00:00
CUST000082,Customer 00082,customer00082@example.com,Ahmedabad,Gujarat,New,Social,2025-01-16,2025-01-19 00:00:00
CUST000083,Customer 00083,customer00083@example.com,,West Bengal,RETURNING,Direct,2025-10-24,2025-11-01 00:00:00
CUST000084,Customer 00084,customer00084@example.com,Bengaluru,Karnataka,Dormant,Email,2025-08-08,2025-08-10 00:00:00
CUST000085,Customer 00085,customer00085@example.com,Kolkata,West Bengal,RETURNING,Email,2026-01-02,2026-01-06 00:00:00
CUST000086,Customer 00086,customer00086@example.com,Kolkata,West Bengal,RETURNING,Paid Ads,2025-08-17,2025-08-17 00:00:00
CUST000087,Customer 00087,customer00087@example.com,Noida,Uttar Pradesh,RETURNING,Paid Ads,2026-03-16,2026-04-06 00:00:00
CUST000088,Customer 00088,customer00088@example.com,Bengaluru,Karnataka,New,Paid Ads,2026-06-16,2026-07-04 00:00:00
CUST000089,Customer 00089,customer00089@example.com,Kolkata,West Bengal,RETURNING,Affiliate,2026-03-26,2026-03-26 00:00:00
CUST000090,Customer 00090,customer00090@example.com,Noida,Uttar Pradesh,New,Paid Ads,2025-02-05,2025-02-14 00:00:00
CUST000091,Customer 00091,customer00091@example.com,Noida,Uttar Pradesh,New,Direct,2026-02-26,2026-03-19 00:00:00
CUST000092,Customer 00092,customer00092@example.com,Bengaluru,Karnataka,premium,Direct,2025-07-08,2025-08-06 00:00:00
CUST000093,Customer 00093,customer00093@example.com,Delhi,Delhi,New,Organic,2025-06-27,2025-07-08 00:00:00
CUST000094,Customer 00094,customer00094@example.com,,Rajasthan,Dormant,Social,2025-11-11,2025-11-20 00:00:00
CUST000095,Customer 00095,customer00095@example.com,Chennai,Tamil Nadu,New,Paid Ads,2025-01-20,2025-01-21 00:00:00
CUST000096,Customer 00096,customer00096@example.com,Jaipur,Rajasthan,RETURNING,Direct,2026-01-17,2026-02-01 00:00:00
CUST000097,Customer 00097,customer00097@example.com,Ahmedabad,Gujarat,RETURNING,Direct,2025-05-23,2025-05-30 00:00:00
CUST000098,Customer 00098,customer00098@example.com,Chennai,Tamil Nadu,New,Direct,2025-03-03,2025-03-16 00:00:00
CUST000099,Customer 00099,customer00099@example.com,Ahmedabad,Gujarat,New,Affiliate,2025-08-30,2025-09-27 00:00:00
CUST000100,Customer 00100,customer00100@example.com,Kolkata,West Bengal,RETURNING,Social,2025-08-26,2025-09-09 00:00:00
CUST000101,Customer 00101,customer00101@example.com,Hyderabad,Telangana,premium,Email,2025-05-11,2025-05-26 00:00:00
CUST000102,Customer 00102,customer00102@example.com,Bengaluru,Karnataka,premium,Direct,2025-05-03,2025-05-13 00:00:00
CUST000103,Customer 00103,customer00103@example.com,Chennai,Tamil Nadu,RETURNING,Paid Ads,2026-03-16,2026-03-27 00:00:00
CUST000104,Customer 00104,customer00104@example.com,Chennai,Tamil Nadu,premium,Direct,2025-12-08,2025-12-09 00:00:00
CUST000105,Customer 00105,customer00105@example.com,Kolkata,West Bengal,RETURNING,Social,2026-02-23,2026-02-26 00:00:00
CUST000106,Customer 00106,,Delhi,Delhi,premium,Email,2026-03-31,2026-04-29 00:00:00
CUST000107,Customer 00107,customer00107@example.com,Noida,Uttar Pradesh,RETURNING,Affiliate,2025-07-17,2025-07-19 00:00:00
CUST000108,Customer 00108,customer00108@example.com,,West Bengal,RETURNING,Organic,2025-10-09,2025-10-17 00:00:00
CUST000109,Customer 00109,customer00109@example.com,Pune,Maharashtra,premium,Paid Ads,2025-01-01,2025-01-18 00:00:00
CUST000110,Customer 00110,customer00110@example.com,Noida,Uttar Pradesh,RETURNING,Organic,2025-11-28,2025-12-16 00:00:00
CUST000111,Customer 00111,customer00111@example.com,Bengaluru,Karnataka,premium,Affiliate,2025-07-31,2025-08-06 00:00:00
CUST000112,Customer 00112,customer00112@example.com,Noida,Uttar Pradesh,RETURNING,Social,2025-03-28,2025-03-31 00:00:00
CUST000113,Customer 00113,customer00113@example.com,Delhi,Delhi,New,Social,2025-03-02,2025-03-07 00:00:00
CUST000114,Customer 00114,customer00114@example.com,Noida,Uttar Pradesh,New,Affiliate,2025-04-05,2025-04-23 00:00:00
CUST000115,Customer 00115,customer00115@example.com,Bengaluru,Karnataka,RETURNING,Direct,2026-07-07,2026-07-07 00:00:00
CUST000116,Customer 00116,customer00116@example.com,Delhi,Delhi,RETURNING,Affiliate,2025-05-27,2025-06-11 00:00:00
CUST000117,Customer 00117,customer00117@example.com,Jaipur,Rajasthan,premium,Paid Ads,2025-09-03,2025-09-13 00:00:00
CUST000118,Customer 00118,customer00118@example.com,Chennai,Tamil Nadu,New,Email,2025-10-24,2025-11-14 00:00:00
CUST000119,Customer 00119,customer00119@example.com,Chennai,Tamil Nadu,premium,Organic,2025-05-03,2025-05-06 00:00:00
CUST000120,Customer 00120,customer00120@example.com,Ahmedabad,Gujarat,Dormant,Organic,2026-04-01,2026-04-18 00:00:00
CUST000121,Customer 00121,customer00121@example.com,Jaipur,Rajasthan,New,Social,2026-02-03,2026-02-25 00:00:00
CUST000122,Customer 00122,customer00122@example.com,Jaipur,Rajasthan,Dormant,Direct,2025-08-19,2025-09-13 00:00:00
CUST000123,Customer 00123,customer00123@example.com,Noida,Uttar Pradesh,Dormant,Social,2026-06-18,2026-07-16 00:00:00
CUST000124,Customer 00124,customer00124@example.com,Chennai,Tamil Nadu,premium,Paid Ads,2026-02-06,2026-03-05 00:00:00
CUST000125,Customer 00125,customer00125@example.com,Bengaluru,Karnataka,premium,Affiliate,2026-08-15,2026-09-12 00:00:00
CUST000126,Customer 00126,customer00126@example.com,Mumbai,Maharashtra,Dormant,Organic,2025-05-10,2025-05-14 00:00:00
CUST000127,Customer 00127,customer00127@example.com,Mumbai,Maharashtra,RETURNING,Paid Ads,2025-10-19,2025-11-09 00:00:00
CUST000128,Customer 00128,customer00128@example.com,Delhi,Delhi,RETURNING,Social,2025-10-03,2025-10-08 00:00:00
CUST000129,Customer 00129,customer00129@example.com,Chennai,Tamil Nadu,premium,Social,2026-01-11,2026-02-09 00:00:00
CUST000130,Customer 00130,customer00130@example.com,Chennai,Tamil Nadu,RETURNING,Organic,2025-02-24,2025-03-20 00:00:00
CUST000131,Customer 00131,customer00131@example.com,,Maharashtra,RETURNING,Social,2026-08-01,2026-08-28 00:00:00
CUST000132,Customer 00132,customer00132@example.com,Chennai,Tamil Nadu,New,Direct,2025-01-26,2025-01-27 00:00:00
CUST000133,Customer 00133,customer00133@example.com,Noida,Uttar Pradesh,premium,Social,2026-03-17,2026-03-28 00:00:00
CUST000134,Customer 00134,customer00134@example.com,Pune,Maharashtra,New,Email,2025-07-16,2025-08-06 00:00:00
CUST000135,Customer 00135,customer00135@example.com,Hyderabad,Telangana,Dormant,Affiliate,2025-08-31,2025-09-08 00:00:00
CUST000136,Customer 00136,,Jaipur,Rajasthan,RETURNING,Social,2025-07-09,2025-08-05 00:00:00
CUST000137,Customer 00137,customer00137@example.com,,Gujarat,New,Email,2026-07-22,2026-08-10 00:00:00
CUST000138,Customer 00138,customer00138@example.com,Delhi,Delhi,RETURNING,Paid Ads,2026-07-21,2026-08-18 00:00:00
CUST000139,Customer 00139,customer00139@example.com,Pune,Maharashtra,New,Social,2025-10-03,2025-10-14 00:00:00
CUST000140,Customer 00140,customer00140@example.com,Mumbai,Maharashtra,RETURNING,Direct,2026-02-13,2026-03-13 00:00:00
CUST000141,Customer 00141,customer00141@example.com,Jaipur,Rajasthan,Dormant,Paid Ads,2025-12-06,2025-12-18 00:00:00
CUST000142,Customer 00142,customer00142@example.com,Chennai,Tamil Nadu,premium,Social,2025-06-02,2025-06-28 00:00:00
CUST000143,Customer 00143,customer00143@example.com,Ahmedabad,Gujarat,New,Organic,2026-07-19,2026-08-09 00:00:00
CUST000144,Customer 00144,customer00144@example.com,Chennai,Tamil Nadu,New,Email,2026-02-02,2026-02-24 00:00:00
CUST000145,Customer 00145,customer00145@example.com,Bengaluru,Karnataka,premium,Email,2026-03-20,2026-04-05 00:00:00
CUST000146,Customer 00146,customer00146@example.com,Bengaluru,Karnataka,Dormant,Organic,2026-03-03,2026-03-07 00:00:00
CUST000147,Customer 00147,customer00147@example.com,Ahmedabad,Gujarat,RETURNING,Affiliate,2026-05-02,2026-05-21 00:00:00
CUST000148,Customer 00148,customer00148@example.com,Ahmedabad,Gujarat,RETURNING,Direct,2025-07-23,2025-08-04 00:00:00
CUST000149,Customer 00149,customer00149@example.com,Mumbai,Maharashtra,RETURNING,Email,2025-04-22,2025-05-20 00:00:00
CUST000150,Customer 00150,customer00150@example.com,Ahmedabad,Gujarat,Dormant,Paid Ads,2025-11-21,2025-12-03 00:00:00
CUST000151,Customer 00151,customer00151@example.com,Noida,Uttar Pradesh,RETURNING,Direct,2025-09-15,2025-09-24 00:00:00
CUST000152,Customer 00152,customer00152@example.com,Chennai,Tamil Nadu,New,Email,2026-06-12,2026-06-26 00:00:00
CUST000153,Customer 00153,customer00153@example.com,Pune,Maharashtra,New,Affiliate,2025-12-16,2025-12-30 00:00:00
CUST000154,Customer 00154,customer00154@example.com,Kolkata,West Bengal,Dormant,Paid Ads,2026-03-11,2026-03-28 00:00:00
CUST000155,Customer 00155,customer00155@example.com,Ahmedabad,Gujarat,New,Direct,2026-03-02,2026-03-19 00:00:00
CUST000156,Customer 00156,customer00156@example.com,Delhi,Delhi,RETURNING,Paid Ads,2025-10-07,2025-10-08 00:00:00
CUST000157,Customer 00157,customer00157@example.com,Bengaluru,Karnataka,RETURNING,Organic,2026-01-06,2026-01-28 00:00:00
CUST000158,Customer 00158,customer00158@example.com,Noida,Uttar Pradesh,New,Social,2025-09-06,2025-09-16 00:00:00
CUST000159,Customer 00159,customer00159@example.com,Jaipur,Rajasthan,New,Organic,2025-06-30,2025-07-12 00:00:00
CUST000160,Customer 00160,customer00160@example.com,Kolkata,West Bengal,premium,Direct,2025-03-19,2025-03-29 00:00:00
CUST000161,Customer 00161,customer00161@example.com,Pune,Maharashtra,Dormant,Social,2025-12-02,2025-12-05 00:00:00
CUST000162,Customer 00162,customer00162@example.com,Kolkata,West Bengal,premium,Organic,2025-02-19,2025-03-05 00:00:00
CUST000163,Customer 00163,customer00163@example.com,Ahmedabad,Gujarat,Dormant,Social,2025-03-26,2025-04-16 00:00:00
CUST000164,Customer 00164,customer00164@example.com,Mumbai,Maharashtra,RETURNING,Email,2025-01-04,2025-01-26 00:00:00
CUST000165,Customer 00165,customer00165@example.com,Bengaluru,Karnataka,premium,Paid Ads,2025-11-13,2025-12-07 00:00:00
CUST000166,Customer 00166,customer00166@example.com,Bengaluru,Karnataka,RETURNING,Social,2025-04-21,2025-05-01 00:00:00
CUST000167,Customer 00167,customer00167@example.com,Jaipur,Rajasthan,RETURNING,Email,2025-11-30,2025-12-17 00:00:00
CUST000168,Customer 00168,customer00168@example.com,Mumbai,Maharashtra,Dormant,Affiliate,2025-05-13,2025-05-28 00:00:00
CUST000169,Customer 00169,customer00169@example.com,Chennai,Tamil Nadu,New,Organic,2025-04-29,2025-05-08 00:00:00
CUST000170,Customer 00170,customer00170@example.com,Hyderabad,Telangana,RETURNING,Affiliate,2025-12-16,2025-12-27 00:00:00
CUST000171,Customer 00171,customer00171@example.com,Noida,Uttar Pradesh,RETURNING,Direct,2026-06-26,2026-07-08 00:00:00
CUST000172,Customer 00172,customer00172@example.com,Bengaluru,Karnataka,New,Email,2025-02-24,2025-03-04 00:00:00
CUST000173,Customer 00173,customer00173@example.com,Delhi,Delhi,New,Affiliate,2025-12-27,2026-01-22 00:00:00
CUST000174,Customer 00174,customer00174@example.com,Bengaluru,Karnataka,premium,Affiliate,2026-03-29,2026-04-18 00:00:00
CUST000175,Customer 00175,customer00175@example.com,Kolkata,West Bengal,Dormant,Email,2026-07-07,2026-07-19 00:00:00
CUST000176,Customer 00176,customer00176@example.com,Bengaluru,Karnataka,RETURNING,Paid Ads,2025-11-26,2025-12-01 00:00:00
CUST000177,Customer 00177,customer00177@example.com,Bengaluru,Karnataka,New,Social,2025-08-07,2025-08-12 00:00:00
CUST000178,Customer 00178,customer00178@example.com,Hyderabad,Telangana,New,Direct,2025-07-27,2025-08-06 00:00:00
CUST000179,Customer 00179,customer00179@example.com,Hyderabad,Telangana,Dormant,Direct,2025-03-26,2025-04-13 00:00:00
CUST000180,Customer 00180,customer00180@example.com,Pune,Maharashtra,RETURNING,Organic,2025-09-02,2025-09-28 00:00:00
CUST000181,Customer 00181,customer00181@example.com,Chennai,Tamil Nadu,RETURNING,Social,2025-12-01,2025-12-11 00:00:00
CUST000182,Customer 00182,customer00182@example.com,Delhi,Delhi,RETURNING,Organic,2025-07-31,2025-08-09 00:00:00
CUST000183,Customer 00183,customer00183@example.com,Bengaluru,Karnataka,RETURNING,Direct,2026-08-19,2026-09-10 00:00:00
CUST000184,Customer 00184,customer00184@example.com,Bengaluru,Karnataka,RETURNING,Social,2025-07-02,2025-07-16 00:00:00
CUST000185,Customer 00185,customer00185@example.com,Noida,Uttar Pradesh,Dormant,Affiliate,2025-05-13,2025-05-25 00:00:00
CUST000186,Customer 00186,customer00186@example.com,Hyderabad,Telangana,RETURNING,Paid Ads,2025-12-16,2026-01-07 00:00:00
CUST000187,Customer 00187,customer00187@example.com,Delhi,Delhi,RETURNING,Affiliate,2025-10-09,2025-10-16 00:00:00
CUST000188,Customer 00188,customer00188@example.com,Jaipur,Rajasthan,RETURNING,Paid Ads,2025-10-20,2025-10-24 00:00:00
CUST000189,Customer 00189,customer00189@example.com,Pune,Maharashtra,premium,Email,2025-09-26,2025-09-27 00:00:00
CUST000190,Customer 00190,customer00190@example.com,Chennai,Tamil Nadu,RETURNING,Organic,2025-07-16,2025-07-31 00:00:00
CUST000191,Customer 00191,customer00191@example.com,,Maharashtra,New,Organic,2026-06-21,2026-07-03 00:00:00
CUST000192,Customer 00192,customer00192@example.com,Chennai,Tamil Nadu,RETURNING,Email,2025-01-20,2025-02-07 00:00:00
CUST000193,Customer 00193,customer00193@example.com,Kolkata,West Bengal,New,Social,2026-02-09,2026-02-17 00:00:00
CUST000194,Customer 00194,customer00194@example.com,Bengaluru,Karnataka,premium,Email,2025-04-25,2025-05-09 00:00:00
CUST000195,Customer 00195,customer00195@example.com,Pune,Maharashtra,RETURNING,Direct,2025-01-26,2025-01-31 00:00:00
CUST000196,Customer 00196,customer00196@example.com,Kolkata,West Bengal,Dormant,Email,2026-07-20,2026-07-27 00:00:00
CUST000197,Customer 00197,customer00197@example.com,Delhi,Delhi,New,Paid Ads,2026-01-30,2026-02-22 00:00:00
CUST000198,Customer 00198,customer00198@example.com,Mumbai,Maharashtra,premium,Direct,2026-01-16,2026-01-29 00:00:00
CUST000199,Customer 00199,customer00199@example.com,Hyderabad,Telangana,RETURNING,Email,2026-06-07,2026-06-11 00:00:00
CUST000200,Customer 00200,customer00200@example.com,Pune,Maharashtra,premium,Organic,2026-06-23,2026-07-09 00:00:00
CUST000201,Customer 00201,customer00201@example.com,Pune,Maharashtra,RETURNING,Affiliate,2025-03-24,2025-04-14 00:00:00
CUST000202,Customer 00202,customer00202@example.com,Bengaluru,Karnataka,RETURNING,Paid Ads,2026-07-04,2026-07-10 00:00:00
CUST000203,Customer 00203,customer00203@example.com,Ahmedabad,Gujarat,premium,Paid Ads,2026-03-21,2026-03-29 00:00:00
CUST000204,Customer 00204,customer00204@example.com,Pune,Maharashtra,New,Social,2025-03-28,2025-04-12 00:00:00
CUST000205,Customer 00205,customer00205@example.com,Noida,Uttar Pradesh,New,Affiliate,2026-01-22,2026-02-08 00:00:00
CUST000206,Customer 00206,customer00206@example.com,Mumbai,Maharashtra,RETURNING,Paid Ads,2026-02-02,2026-03-01 00:00:00
CUST000207,Customer 00207,customer00207@example.com,Mumbai,Maharashtra,RETURNING,Email,2025-10-13,2025-10-25 00:00:00
CUST000208,Customer 00208,customer00208@example.com,Noida,Uttar Pradesh,New,Paid Ads,2026-01-04,2026-01-21 00:00:00
CUST000209,Customer 00209,customer00209@example.com,Jaipur,Rajasthan,New,Paid Ads,2026-02-26,2026-03-07 00:00:00
CUST000210,Customer 00210,customer00210@example.com,Noida,Uttar Pradesh,New,Paid Ads,2026-03-19,2026-03-19 00:00:00
CUST000211,Customer 00211,customer00211@example.com,Noida,Uttar Pradesh,premium,Social,2026-06-04,2026-06-24 00:00:00
CUST000212,Customer 00212,customer00212@example.com,Mumbai,Maharashtra,RETURNING,Paid Ads,2026-08-07,2026-08-24 00:00:00
CUST000213,Customer 00213,customer00213@example.com,Chennai,Tamil Nadu,premium,Paid Ads,2025-10-15,2025-11-02 00:00:00
CUST000214,Customer 00214,customer00214@example.com,Mumbai,Maharashtra,Dormant,Social,2025-04-05,2025-04-06 00:00:00
CUST000215,Customer 00215,customer00215@example.com,Ahmedabad,Gujarat,RETURNING,Direct,2025-02-10,2025-03-08 00:00:00
CUST000216,Customer 00216,customer00216@example.com,Bengaluru,Karnataka,New,Affiliate,2025-11-27,2025-11-30 00:00:00
CUST000217,Customer 00217,customer00217@example.com,Kolkata,West Bengal,New,Direct,2025-06-04,2025-06-14 00:00:00
CUST000218,Customer 00218,customer00218@example.com,Chennai,Tamil Nadu,New,Organic,2026-05-19,2026-05-21 00:00:00
CUST000219,Customer 00219,customer00219@example.com,Hyderabad,Telangana,Dormant,Social,2025-10-02,2025-10-10 00:00:00
CUST000220,Customer 00220,customer00220@example.com,Kolkata,West Bengal,RETURNING,Social,2026-07-19,2026-07-28 00:00:00
CUST000221,Customer 00221,customer00221@example.com,Bengaluru,Karnataka,New,Paid Ads,2025-06-28,2025-07-25 00:00:00
CUST000222,Customer 00222,,Ahmedabad,Gujarat,RETURNING,Paid Ads,2025-05-17,2025-05-18 00:00:00
CUST000223,Customer 00223,customer00223@example.com,Ahmedabad,Gujarat,RETURNING,Organic,2025-06-29,2025-07-05 00:00:00
CUST000224,Customer 00224,customer00224@example.com,Hyderabad,Telangana,RETURNING,Paid Ads,2025-07-01,2025-07-15 00:00:00
CUST000225,Customer 00225,customer00225@example.com,Chennai,Tamil Nadu,New,Email,2025-09-16,2025-10-12 00:00:00
CUST000226,Customer 00226,customer00226@example.com,Jaipur,Rajasthan,Dormant,Paid Ads,2025-08-31,2025-09-29 00:00:00
CUST000227,Customer 00227,customer00227@example.com,Noida,Uttar Pradesh,RETURNING,Paid Ads,2025-04-06,2025-04-24 00:00:00
CUST000228,Customer 00228,customer00228@example.com,Chennai,Tamil Nadu,New,Email,2025-07-16,2025-07-25 00:00:00
CUST000229,Customer 00229,customer00229@example.com,Jaipur,Rajasthan,Dormant,Organic,2026-06-10,2026-07-03 00:00:00
CUST000230,Customer 00230,customer00230@example.com,Ahmedabad,Gujarat,New,Email,2026-01-22,2026-02-10 00:00:00
CUST000231,Customer 00231,customer00231@example.com,,Maharashtra,Dormant,Social,2026-02-12,2026-02-25 00:00:00
CUST000232,Customer 00232,customer00232@example.com,Bengaluru,Karnataka,Dormant,Email,2025-09-26,2025-09-29 00:00:00
CUST000233,Customer 00233,customer00233@example.com,Hyderabad,Telangana,premium,Affiliate,2025-06-20,2025-07-14 00:00:00
CUST000234,Customer 00234,customer00234@example.com,Bengaluru,Karnataka,premium,Social,2026-08-07,2026-08-17 00:00:00
CUST000235,Customer 00235,customer00235@example.com,Delhi,Delhi,RETURNING,Paid Ads,2025-06-19,2025-06-21 00:00:00
CUST000236,Customer 00236,customer00236@example.com,Delhi,Delhi,Dormant,Social,2025-06-08,2025-06-30 00:00:00
CUST000237,Customer 00237,customer00237@example.com,Chennai,Tamil Nadu,RETURNING,Organic,2026-05-24,2026-06-09 00:00:00
CUST000238,Customer 00238,customer00238@example.com,Ahmedabad,Gujarat,premium,Organic,2026-03-23,2026-03-29 00:00:00
CUST000239,Customer 00239,customer00239@example.com,Ahmedabad,Gujarat,Dormant,Email,2025-03-23,2025-04-17 00:00:00
CUST000240,Customer 00240,customer00240@example.com,Noida,Uttar Pradesh,Dormant,Social,2025-02-26,2025-03-08 00:00:00
CUST000241,Customer 00241,customer00241@example.com,Noida,Uttar Pradesh,premium,Paid Ads,2026-06-03,2026-06-20 00:00:00
CUST000242,Customer 00242,customer00242@example.com,Noida,Uttar Pradesh,RETURNING,Organic,2025-04-22,2025-05-19 00:00:00
CUST000243,Customer 00243,customer00243@example.com,Mumbai,Maharashtra,Dormant,Direct,2025-02-17,2025-03-02 00:00:00
CUST000244,Customer 00244,customer00244@example.com,Kolkata,West Bengal,RETURNING,Paid Ads,2026-08-15,2026-08-28 00:00:00
CUST000245,Customer 00245,customer00245@example.com,Pune,Maharashtra,Dormant,Direct,2026-01-11,2026-01-16 00:00:00
CUST000246,Customer 00246,customer00246@example.com,Kolkata,West Bengal,RETURNING,Affiliate,2025-02-02,2025-03-02 00:00:00
CUST000247,Customer 00247,customer00247@example.com,Bengaluru,Karnataka,RETURNING,Direct,2026-05-19,2026-05-27 00:00:00
CUST000248,Customer 00248,customer00248@example.com,Kolkata,West Bengal,RETURNING,Organic,2025-01-03,2025-01-24 00:00:00
CUST000249,Customer 00249,customer00249@example.com,Mumbai,Maharashtra,RETURNING,Email,2026-05-01,2026-05-03 00:00:00
CUST000250,Customer 00250,customer00250@example.com,Bengaluru,Karnataka,premium,Affiliate,2026-05-31,2026-06-16 00:00:00
CUST000251,Customer 00251,customer00251@example.com,Kolkata,West Bengal,RETURNING,Social,2025-02-11,2025-03-10 00:00:00
CUST000252,Customer 00252,customer00252@example.com,Mumbai,Maharashtra,RETURNING,Paid Ads,2025-01-09,2025-01-20 00:00:00
CUST000253,Customer 00253,customer00253@example.com,Pune,Maharashtra,RETURNING,Organic,2025-05-22,2025-05-25 00:00:00
CUST000254,Customer 00254,customer00254@example.com,Kolkata,West Bengal,premium,Affiliate,2026-03-12,2026-03-31 00:00:00
CUST000255,Customer 00255,customer00255@example.com,Mumbai,Maharashtra,RETURNING,Affiliate,2025-01-27,2025-02-11 00:00:00
CUST000256,Customer 00256,customer00256@example.com,Noida,Uttar Pradesh,New,Organic,2025-02-12,2025-03-12 00:00:00
CUST000257,Customer 00257,customer00257@example.com,Ahmedabad,Gujarat,New,Social,2025-05-11,2025-06-03 00:00:00
CUST000258,Customer 00258,customer00258@example.com,Noida,Uttar Pradesh,New,Social,2025-08-04,2025-08-13 00:00:00
CUST000259,Customer 00259,customer00259@example.com,Ahmedabad,Gujarat,RETURNING,Email,2026-06-04,2026-06-29 00:00:00
CUST000260,Customer 00260,customer00260@example.com,Hyderabad,Telangana,New,Direct,2026-08-21,2026-09-19 00:00:00
CUST000261,Customer 00261,customer00261@example.com,Hyderabad,Telangana,New,Social,2025-12-11,2026-01-08 00:00:00
CUST000262,Customer 00262,customer00262@example.com,Hyderabad,Telangana,Dormant,Email,2026-05-23,2026-05-29 00:00:00
CUST000263,Customer 00263,customer00263@example.com,Pune,Maharashtra,Dormant,Direct,2026-02-17,2026-02-26 00:00:00
CUST000264,Customer 00264,customer00264@example.com,Noida,Uttar Pradesh,RETURNING,Affiliate,2025-09-03,2025-09-09 00:00:00
CUST000265,Customer 00265,customer00265@example.com,Ahmedabad,Gujarat,Dormant,Organic,2026-03-25,2026-04-16 00:00:00
CUST000266,Customer 00266,customer00266@example.com,Mumbai,Maharashtra,New,Social,2025-01-21,2025-02-17 00:00:00
CUST000267,Customer 00267,customer00267@example.com,Bengaluru,Karnataka,RETURNING,Email,2026-02-12,2026-03-01 00:00:00
CUST000268,Customer 00268,customer00268@example.com,Mumbai,Maharashtra,RETURNING,Affiliate,2026-04-02,2026-04-10 00:00:00
CUST000269,Customer 00269,customer00269@example.com,Bengaluru,Karnataka,RETURNING,Social,2026-03-20,2026-04-10 00:00:00
CUST000270,Customer 00270,customer00270@example.com,Delhi,Delhi,RETURNING,Paid Ads,2025-09-22,2025-10-09 00:00:00
CUST000271,Customer 00271,customer00271@example.com,Mumbai,Maharashtra,RETURNING,Affiliate,2025-07-03,2025-07-19 00:00:00
CUST000272,Customer 00272,customer00272@example.com,Kolkata,West Bengal,RETURNING,Social,2025-08-15,2025-08-25 00:00:00
CUST000273,Customer 00273,customer00273@example.com,Kolkata,West Bengal,premium,Affiliate,2026-07-02,2026-07-02 00:00:00
CUST000274,Customer 00274,customer00274@example.com,Chennai,Tamil Nadu,New,Organic,2025-09-03,2025-09-19 00:00:00
CUST000275,Customer 00275,customer00275@example.com,Noida,Uttar Pradesh,New,Organic,2025-03-14,2025-03-17 00:00:00
CUST000276,Customer 00276,customer00276@example.com,Bengaluru,Karnataka,New,Organic,2025-05-30,2025-06-02 00:00:00
CUST000277,Customer 00277,customer00277@example.com,Bengaluru,Karnataka,New,Direct,2026-05-28,2026-06-10 00:00:00
CUST000278,Customer 00278,customer00278@example.com,Noida,Uttar Pradesh,RETURNING,Paid Ads,2025-03-10,2025-04-06 00:00:00
CUST000279,Customer 00279,customer00279@example.com,Pune,Maharashtra,New,Organic,2025-08-18,2025-08-26 00:00:00
CUST000280,Customer 00280,customer00280@example.com,Chennai,Tamil Nadu,Dormant,Paid Ads,2025-03-13,2025-03-25 00:00:00
CUST000281,Customer 00281,customer00281@example.com,Pune,Maharashtra,New,Organic,2026-02-01,2026-02-28 00:00:00
CUST000282,Customer 00282,customer00282@example.com,Pune,Maharashtra,New,Direct,2025-03-25,2025-04-21 00:00:00
CUST000283,Customer 00283,customer00283@example.com,Pune,Maharashtra,RETURNING,Affiliate,2025-10-26,2025-11-10 00:00:00
CUST000284,Customer 00284,customer00284@example.com,Noida,Uttar Pradesh,New,Social,2025-10-20,2025-10-20 00:00:00
CUST000285,Customer 00285,customer00285@example.com,Pune,Maharashtra,RETURNING,Social,2025-08-11,2025-08-13 00:00:00
CUST000286,Customer 00286,customer00286@example.com,Kolkata,West Bengal,RETURNING,Organic,2025-08-04,2025-08-22 00:00:00
CUST000287,Customer 00287,customer00287@example.com,Hyderabad,Telangana,New,Social,2025-08-19,2025-08-26 00:00:00
CUST000288,Customer 00288,customer00288@example.com,Delhi,Delhi,New,Organic,2026-02-09,2026-02-26 00:00:00
CUST000289,Customer 00289,customer00289@example.com,Bengaluru,Karnataka,RETURNING,Organic,2025-06-18,2025-06-23 00:00:00
CUST000290,Customer 00290,customer00290@example.com,Bengaluru,Karnataka,New,Email,2025-11-25,2025-12-21 00:00:00
CUST000291,Customer 00291,customer00291@example.com,Delhi,Delhi,New,Email,2026-03-02,2026-03-21 00:00:00
CUST000292,Customer 00292,customer00292@example.com,,Uttar Pradesh,New,Email,2026-07-08,2026-08-05 00:00:00
CUST000293,Customer 00293,customer00293@example.com,Mumbai,Maharashtra,New,Paid Ads,2025-07-15,2025-08-09 00:00:00
CUST000294,Customer 00294,customer00294@example.com,Noida,Uttar Pradesh,RETURNING,Email,2026-06-10,2026-06-15 00:00:00
CUST000295,Customer 00295,customer00295@example.com,Bengaluru,Karnataka,RETURNING,Organic,2025-03-18,2025-04-15 00:00:00
CUST000296,Customer 00296,customer00296@example.com,Bengaluru,Karnataka,RETURNING,Direct,2025-10-04,2025-10-08 00:00:00
CUST000297,Customer 00297,customer00297@example.com,Delhi,Delhi,New,Direct,2026-04-11,2026-04-22 00:00:00
CUST000298,Customer 00298,customer00298@example.com,Pune,Maharashtra,New,Affiliate,2026-03-24,2026-04-01 00:00:00
CUST000299,Customer 00299,customer00299@example.com,,Uttar Pradesh,Dormant,Email,2025-11-16,2025-11-24 00:00:00
CUST000300,Customer 00300,customer00300@example.com,Ahmedabad,Gujarat,RETURNING,Direct,2025-06-09,2025-06-25 00:00:00
CUST000301,Customer 00301,customer00301@example.com,Delhi,Delhi,Dormant,Email,2026-05-07,2026-05-25 00:00:00
CUST000302,Customer 00302,customer00302@example.com,Kolkata,West Bengal,RETURNING,Affiliate,2025-11-09,2025-11-25 00:00:00
CUST000303,Customer 00303,customer00303@example.com,Bengaluru,Karnataka,RETURNING,Direct,2025-06-10,2025-07-01 00:00:00
CUST000304,Customer 00304,customer00304@example.com,Delhi,Delhi,RETURNING,Organic,2025-11-04,2025-11-19 00:00:00
CUST000305,Customer 00305,customer00305@example.com,Noida,Uttar Pradesh,RETURNING,Paid Ads,2025-05-26,2025-06-06 00:00:00
CUST000306,Customer 00306,customer00306@example.com,Bengaluru,Karnataka,RETURNING,Email,2026-01-31,2026-02-02 00:00:00
CUST000307,Customer 00307,customer00307@example.com,Mumbai,Maharashtra,RETURNING,Direct,2025-03-30,2025-04-12 00:00:00
CUST000308,Customer 00308,customer00308@example.com,Delhi,Delhi,New,Direct,2025-11-04,2025-11-20 00:00:00
CUST000309,Customer 00309,customer00309@example.com,Chennai,Tamil Nadu,RETURNING,Affiliate,2026-06-30,2026-07-21 00:00:00
CUST000310,Customer 00310,customer00310@example.com,Bengaluru,Karnataka,premium,Organic,2026-01-06,2026-01-21 00:00:00
CUST000311,Customer 00311,customer00311@example.com,Noida,Uttar Pradesh,Dormant,Social,2026-03-27,2026-04-16 00:00:00
CUST000312,Customer 00312,customer00312@example.com,Hyderabad,Telangana,RETURNING,Direct,2025-06-16,2025-06-27 00:00:00
CUST000313,Customer 00313,customer00313@example.com,Ahmedabad,Gujarat,RETURNING,Paid Ads,2026-01-27,2026-02-23 00:00:00
CUST000314,Customer 00314,customer00314@example.com,Jaipur,Rajasthan,New,Affiliate,2026-05-06,2026-05-29 00:00:00
CUST000315,Customer 00315,customer00315@example.com,Pune,Maharashtra,RETURNING,Direct,2025-05-30,2025-06-28 00:00:00
CUST000316,Customer 00316,customer00316@example.com,Jaipur,Rajasthan,RETURNING,Direct,2026-04-13,2026-04-14 00:00:00
CUST000317,Customer 00317,customer00317@example.com,Noida,Uttar Pradesh,Dormant,Affiliate,2025-02-12,2025-02-19 00:00:00
CUST000318,Customer 00318,customer00318@example.com,Kolkata,West Bengal,RETURNING,Affiliate,2025-01-29,2025-02-09 00:00:00
CUST000319,Customer 00319,customer00319@example.com,Kolkata,West Bengal,RETURNING,Email,2025-01-31,2025-02-20 00:00:00
CUST000320,Customer 00320,customer00320@example.com,Hyderabad,Telangana,RETURNING,Direct,2025-05-08,2025-05-23 00:00:00
CUST000321,Customer 00321,customer00321@example.com,Pune,Maharashtra,premium,Social,2025-10-21,2025-10-28 00:00:00
CUST000322,Customer 00322,customer00322@example.com,Chennai,Tamil Nadu,RETURNING,Paid Ads,2026-03-17,2026-04-13 00:00:00
CUST000323,Customer 00323,customer00323@example.com,Hyderabad,Telangana,RETURNING,Organic,2026-01-23,2026-02-07 00:00:00
CUST000324,Customer 00324,customer00324@example.com,Jaipur,Rajasthan,Dormant,Organic,2026-06-08,2026-06-17 00:00:00
CUST000325,Customer 00325,customer00325@example.com,Hyderabad,Telangana,New,Social,2026-07-01,2026-07-20 00:00:00
CUST000326,Customer 00326,customer00326@example.com,Jaipur,Rajasthan,Dormant,Affiliate,2025-04-20,2025-05-04 00:00:00
CUST000327,Customer 00327,customer00327@example.com,Bengaluru,Karnataka,New,Affiliate,2025-11-24,2025-11-27 00:00:00
CUST000328,Customer 00328,customer00328@example.com,,West Bengal,premium,Affiliate,2026-02-09,2026-03-06 00:00:00
CUST000329,Customer 00329,customer00329@example.com,Bengaluru,Karnataka,RETURNING,Direct,2025-09-02,2025-09-16 00:00:00
CUST000330,Customer 00330,customer00330@example.com,Ahmedabad,Gujarat,RETURNING,Affiliate,2025-06-12,2025-06-15 00:00:00
CUST000331,Customer 00331,customer00331@example.com,Pune,Maharashtra,Dormant,Affiliate,2026-07-14,2026-08-12 00:00:00
CUST000332,Customer 00332,customer00332@example.com,Chennai,Tamil Nadu,New,Direct,2026-02-03,2026-02-13 00:00:00
CUST000333,Customer 00333,customer00333@example.com,Jaipur,Rajasthan,New,Direct,2026-08-06,2026-08-11 00:00:00
CUST000334,Customer 00334,customer00334@example.com,Chennai,Tamil Nadu,RETURNING,Social,2026-02-03,2026-02-06 00:00:00
CUST000335,Customer 00335,customer00335@example.com,Jaipur,Rajasthan,RETURNING,Email,2026-05-08,2026-05-16 00:00:00
CUST000336,Customer 00336,customer00336@example.com,Noida,Uttar Pradesh,RETURNING,Direct,2025-08-27,2025-09-04 00:00:00
CUST000337,Customer 00337,customer00337@example.com,Hyderabad,Telangana,New,Paid Ads,2026-04-10,2026-04-12 00:00:00
CUST000338,Customer 00338,customer00338@example.com,Ahmedabad,Gujarat,New,Affiliate,2026-08-03,2026-08-25 00:00:00
CUST000339,Customer 00339,customer00339@example.com,Kolkata,West Bengal,New,Email,2025-02-01,2025-02-28 00:00:00
CUST000340,Customer 00340,customer00340@example.com,Jaipur,Rajasthan,New,Organic,2025-05-03,2025-05-07 00:00:00
CUST000341,Customer 00341,customer00341@example.com,Chennai,Tamil Nadu,RETURNING,Social,2026-06-18,2026-07-02 00:00:00
CUST000342,Customer 00342,customer00342@example.com,Ahmedabad,Gujarat,premium,Email,2025-04-20,2025-05-17 00:00:00
CUST000343,Customer 00343,customer00343@example.com,Mumbai,Maharashtra,Dormant,Direct,2025-09-28,2025-10-06 00:00:00
CUST000344,Customer 00344,customer00344@example.com,Mumbai,Maharashtra,premium,Affiliate,2026-01-15,2026-01-16 00:00:00
CUST000345,Customer 00345,customer00345@example.com,Bengaluru,Karnataka,New,Affiliate,2025-10-27,2025-10-29 00:00:00
CUST000346,Customer 00346,customer00346@example.com,Kolkata,West Bengal,RETURNING,Affiliate,2025-09-06,2025-10-01 00:00:00
CUST000347,Customer 00347,customer00347@example.com,Noida,Uttar Pradesh,New,Email,2026-06-05,2026-06-25 00:00:00
CUST000348,Customer 00348,customer00348@example.com,Chennai,Tamil Nadu,New,Affiliate,2025-02-03,2025-02-14 00:00:00
CUST000349,Customer 00349,customer00349@example.com,Hyderabad,Telangana,RETURNING,Direct,2025-08-16,2025-08-31 00:00:00
CUST000350,Customer 00350,customer00350@example.com,Hyderabad,Telangana,New,Email,2026-08-08,2026-08-12 00:00:00
CUST000351,Customer 00351,customer00351@example.com,Chennai,Tamil Nadu,New,Affiliate,2026-02-03,2026-02-12 00:00:00
CUST000352,Customer 00352,customer00352@example.com,Pune,Maharashtra,Dormant,Organic,2026-08-07,2026-09-03 00:00:00
CUST000353,Customer 00353,customer00353@example.com,Noida,Uttar Pradesh,RETURNING,Organic,2026-07-24,2026-08-07 00:00:00
CUST000354,Customer 00354,customer00354@example.com,Ahmedabad,Gujarat,RETURNING,Paid Ads,2025-08-08,2025-08-21 00:00:00
CUST000355,Customer 00355,customer00355@example.com,Jaipur,Rajasthan,New,Affiliate,2026-01-06,2026-01-19 00:00:00
CUST000356,Customer 00356,customer00356@example.com,Pune,Maharashtra,New,Affiliate,2026-06-12,2026-07-04 00:00:00
CUST000357,Customer 00357,customer00357@example.com,Jaipur,Rajasthan,Dormant,Email,2025-03-16,2025-03-28 00:00:00
CUST000358,Customer 00358,customer00358@example.com,Jaipur,Rajasthan,New,Email,2025-05-16,2025-05-31 00:00:00
CUST000359,Customer 00359,customer00359@example.com,Pune,Maharashtra,RETURNING,Affiliate,2025-03-15,2025-04-13 00:00:00
CUST000360,Customer 00360,customer00360@example.com,Bengaluru,Karnataka,New,Paid Ads,2025-09-11,2025-09-18 00:00:00
CUST000361,Customer 00361,customer00361@example.com,Mumbai,Maharashtra,RETURNING,Affiliate,2025-01-18,2025-01-25 00:00:00
CUST000362,Customer 00362,customer00362@example.com,Jaipur,Rajasthan,New,Direct,2025-02-12,2025-03-13 00:00:00
CUST000363,Customer 00363,customer00363@example.com,Pune,Maharashtra,premium,Email,2025-02-19,2025-03-07 00:00:00
CUST000364,Customer 00364,customer00364@example.com,Pune,Maharashtra,premium,Affiliate,2026-05-30,2026-06-28 00:00:00
CUST000365,Customer 00365,customer00365@example.com,Delhi,Delhi,premium,Email,2026-07-25,2026-08-10 00:00:00
CUST000366,Customer 00366,customer00366@example.com,Bengaluru,Karnataka,New,Affiliate,2026-07-30,2026-08-01 00:00:00
CUST000367,Customer 00367,customer00367@example.com,Kolkata,West Bengal,premium,Social,2026-08-05,2026-08-05 00:00:00
CUST000368,Customer 00368,customer00368@example.com,Delhi,Delhi,RETURNING,Email,2025-10-30,2025-11-15 00:00:00
CUST000369,Customer 00369,customer00369@example.com,Delhi,Delhi,RETURNING,Paid Ads,2025-05-22,2025-06-16 00:00:00
CUST000370,Customer 00370,customer00370@example.com,Chennai,Tamil Nadu,RETURNING,Social,2025-07-21,2025-08-13 00:00:00
CUST000371,Customer 00371,customer00371@example.com,Mumbai,Maharashtra,New,Direct,2025-07-26,2025-08-10 00:00:00
CUST000372,Customer 00372,customer00372@example.com,Pune,Maharashtra,New,Affiliate,2026-02-19,2026-03-07 00:00:00
CUST000373,Customer 00373,customer00373@example.com,Mumbai,Maharashtra,premium,Direct,2025-08-09,2025-09-02 00:00:00
CUST000374,Customer 00374,customer00374@example.com,Noida,Uttar Pradesh,New,Email,2025-12-28,2025-12-29 00:00:00
CUST000375,Customer 00375,customer00375@example.com,Chennai,Tamil Nadu,RETURNING,Social,2025-03-22,2025-04-15 00:00:00
CUST000376,Customer 00376,customer00376@example.com,Kolkata,West Bengal,RETURNING,Direct,2026-07-17,2026-07-30 00:00:00
CUST000377,Customer 00377,customer00377@example.com,Mumbai,Maharashtra,Dormant,Paid Ads,2025-10-12,2025-10-18 00:00:00
CUST000378,Customer 00378,customer00378@example.com,Hyderabad,Telangana,Dormant,Email,2026-01-04,2026-01-28 00:00:00
CUST000379,Customer 00379,customer00379@example.com,Jaipur,Rajasthan,Dormant,Social,2026-05-07,2026-05-25 00:00:00
CUST000380,Customer 00380,customer00380@example.com,Noida,Uttar Pradesh,New,Direct,2025-12-12,2025-12-12 00:00:00
CUST000381,Customer 00381,customer00381@example.com,Bengaluru,Karnataka,New,Social,2025-07-23,2025-08-08 00:00:00
CUST000382,Customer 00382,customer00382@example.com,Kolkata,West Bengal,RETURNING,Social,2025-01-25,2025-02-20 00:00:00
CUST000383,Customer 00383,customer00383@example.com,Noida,Uttar Pradesh,New,Direct,2026-07-07,2026-07-16 00:00:00
CUST000384,Customer 00384,customer00384@example.com,Jaipur,Rajasthan,New,Organic,2025-03-10,2025-03-15 00:00:00
CUST000385,Customer 00385,customer00385@example.com,Chennai,Tamil Nadu,RETURNING,Affiliate,2026-05-31,2026-06-06 00:00:00
CUST000386,Customer 00386,customer00386@example.com,Jaipur,Rajasthan,RETURNING,Email,2026-05-07,2026-05-31 00:00:00
CUST000387,Customer 00387,customer00387@example.com,Delhi,Delhi,Dormant,Email,2025-08-28,2025-09-02 00:00:00
CUST000388,Customer 00388,customer00388@example.com,Jaipur,Rajasthan,New,Email,2025-12-27,2025-12-31 00:00:00
CUST000389,Customer 00389,customer00389@example.com,Delhi,Delhi,New,Social,2026-03-17,2026-04-15 00:00:00
CUST000390,Customer 00390,customer00390@example.com,Chennai,Tamil Nadu,New,Direct,2025-01-31,2025-02-01 00:00:00
CUST000391,Customer 00391,customer00391@example.com,Ahmedabad,Gujarat,Dormant,Affiliate,2025-11-18,2025-12-05 00:00:00
CUST000392,Customer 00392,customer00392@example.com,Delhi,Delhi,premium,Paid Ads,2025-12-10,2026-01-02 00:00:00
CUST000393,Customer 00393,customer00393@example.com,Bengaluru,Karnataka,premium,Email,2026-06-20,2026-07-06 00:00:00
CUST000394,Customer 00394,customer00394@example.com,Jaipur,Rajasthan,Dormant,Direct,2025-12-21,2026-01-13 00:00:00
CUST000395,Customer 00395,customer00395@example.com,Jaipur,Rajasthan,RETURNING,Affiliate,2026-04-16,2026-05-12 00:00:00
CUST000396,Customer 00396,customer00396@example.com,Bengaluru,Karnataka,RETURNING,Affiliate,2025-04-15,2025-05-10 00:00:00
CUST000397,Customer 00397,customer00397@example.com,Hyderabad,Telangana,RETURNING,Organic,2025-11-18,2025-12-14 00:00:00
CUST000398,Customer 00398,customer00398@example.com,Pune,Maharashtra,RETURNING,Direct,2026-07-26,2026-08-17 00:00:00
CUST000399,Customer 00399,customer00399@example.com,Ahmedabad,Gujarat,RETURNING,Email,2026-06-11,2026-06-17 00:00:00
CUST000400,Customer 00400,customer00400@example.com,Kolkata,West Bengal,RETURNING,Social,2026-05-19,2026-06-08 00:00:00
CUST000401,Customer 00401,customer00401@example.com,Delhi,Delhi,Dormant,Affiliate,2025-03-26,2025-04-13 00:00:00
CUST000402,Customer 00402,customer00402@example.com,Bengaluru,Karnataka,Dormant,Affiliate,2025-08-23,2025-08-29 00:00:00
CUST000403,Customer 00403,customer00403@example.com,Chennai,Tamil Nadu,premium,Paid Ads,2025-09-20,2025-10-12 00:00:00
CUST000404,Customer 00404,customer00404@example.com,Delhi,Delhi,premium,Organic,2025-01-06,2025-01-12 00:00:00
CUST000405,Customer 00405,customer00405@example.com,Pune,Maharashtra,RETURNING,Affiliate,2026-05-09,2026-05-24 00:00:00
CUST000406,Customer 00406,customer00406@example.com,Chennai,Tamil Nadu,New,Affiliate,2025-10-16,2025-10-27 00:00:00
CUST000407,Customer 00407,customer00407@example.com,Noida,Uttar Pradesh,New,Social,2026-07-24,2026-08-07 00:00:00
CUST000408,Customer 00408,customer00408@example.com,Jaipur,Rajasthan,RETURNING,Social,2026-07-08,2026-07-22 00:00:00
CUST000409,Customer 00409,customer00409@example.com,Noida,Uttar Pradesh,premium,Paid Ads,2025-12-16,2025-12-26 00:00:00
CUST000410,Customer 00410,customer00410@example.com,Delhi,Delhi,New,Direct,2025-07-19,2025-07-20 00:00:00
CUST000411,Customer 00411,customer00411@example.com,Pune,Maharashtra,Dormant,Paid Ads,2025-12-01,2025-12-03 00:00:00
CUST000412,Customer 00412,customer00412@example.com,Ahmedabad,Gujarat,New,Paid Ads,2025-08-05,2025-08-23 00:00:00
CUST000413,Customer 00413,customer00413@example.com,Delhi,Delhi,New,Social,2025-12-19,2026-01-07 00:00:00
CUST000414,Customer 00414,customer00414@example.com,Bengaluru,Karnataka,RETURNING,Direct,2025-11-21,2025-12-18 00:00:00
CUST000415,Customer 00415,customer00415@example.com,Mumbai,Maharashtra,New,Social,2025-08-16,2025-09-09 00:00:00
CUST000416,Customer 00416,customer00416@example.com,Delhi,Delhi,New,Organic,2025-05-25,2025-06-19 00:00:00
CUST000417,Customer 00417,customer00417@example.com,Jaipur,Rajasthan,RETURNING,Email,2025-11-04,2025-11-18 00:00:00
CUST000418,Customer 00418,customer00418@example.com,Jaipur,Rajasthan,premium,Email,2025-10-12,2025-10-27 00:00:00
CUST000419,Customer 00419,customer00419@example.com,Delhi,Delhi,RETURNING,Organic,2026-01-27,2026-01-27 00:00:00
CUST000420,Customer 00420,customer00420@example.com,Chennai,Tamil Nadu,RETURNING,Email,2025-12-26,2026-01-09 00:00:00
CUST000421,Customer 00421,customer00421@example.com,Mumbai,Maharashtra,RETURNING,Direct,2025-06-14,2025-06-25 00:00:00
CUST000422,Customer 00422,customer00422@example.com,Bengaluru,Karnataka,New,Social,2026-08-04,2026-08-10 00:00:00
CUST000423,Customer 00423,customer00423@example.com,Delhi,Delhi,Dormant,Email,2025-08-12,2025-08-18 00:00:00
CUST000424,Customer 00424,customer00424@example.com,Chennai,Tamil Nadu,New,Direct,2025-05-04,2025-05-14 00:00:00
CUST000425,Customer 00425,customer00425@example.com,Jaipur,Rajasthan,Dormant,Social,2025-12-10,2025-12-29 00:00:00
CUST000426,Customer 00426,customer00426@example.com,Jaipur,Rajasthan,RETURNING,Direct,2026-06-08,2026-07-06 00:00:00
CUST000427,Customer 00427,customer00427@example.com,Pune,Maharashtra,Dormant,Organic,2025-02-21,2025-03-03 00:00:00
CUST000428,Customer 00428,customer00428@example.com,Delhi,Delhi,New,Paid Ads,2025-05-09,2025-05-25 00:00:00
CUST000429,Customer 00429,customer00429@example.com,Mumbai,Maharashtra,RETURNING,Organic,2025-05-15,2025-05-17 00:00:00
CUST000430,Customer 00430,customer00430@example.com,Hyderabad,Telangana,New,Email,2025-05-07,2025-05-22 00:00:00
CUST000431,Customer 00431,customer00431@example.com,Mumbai,Maharashtra,New,Social,2025-03-12,2025-03-16 00:00:00
CUST000432,Customer 00432,customer00432@example.com,Jaipur,Rajasthan,RETURNING,Direct,2025-09-30,2025-10-27 00:00:00
CUST000433,Customer 00433,customer00433@example.com,Jaipur,Rajasthan,New,Email,2025-07-06,2025-07-07 00:00:00
CUST000434,Customer 00434,customer00434@example.com,Noida,Uttar Pradesh,RETURNING,Email,2025-01-03,2025-01-25 00:00:00
CUST000435,Customer 00435,customer00435@example.com,Jaipur,Rajasthan,New,Paid Ads,2025-10-12,2025-11-10 00:00:00
CUST000436,Customer 00436,customer00436@example.com,,Karnataka,RETURNING,Email,2025-01-22,2025-02-16 00:00:00
CUST000437,Customer 00437,customer00437@example.com,Kolkata,West Bengal,premium,Paid Ads,2025-06-15,2025-07-10 00:00:00
CUST000438,Customer 00438,customer00438@example.com,Delhi,Delhi,RETURNING,Social,2025-11-06,2025-11-12 00:00:00
CUST000439,Customer 00439,customer00439@example.com,Mumbai,Maharashtra,RETURNING,Social,2026-04-22,2026-05-19 00:00:00
CUST000440,Customer 00440,customer00440@example.com,Kolkata,West Bengal,RETURNING,Direct,2026-05-13,2026-05-22 00:00:00
CUST000441,Customer 00441,customer00441@example.com,Chennai,Tamil Nadu,premium,Paid Ads,2026-03-10,2026-03-14 00:00:00
CUST000442,Customer 00442,customer00442@example.com,,Telangana,RETURNING,Organic,2025-08-22,2025-09-05 00:00:00
CUST000443,Customer 00443,customer00443@example.com,Bengaluru,Karnataka,RETURNING,Social,2026-01-11,2026-01-22 00:00:00
CUST000444,Customer 00444,customer00444@example.com,Mumbai,Maharashtra,Dormant,Direct,2025-09-03,2025-09-12 00:00:00
CUST000445,Customer 00445,customer00445@example.com,Kolkata,West Bengal,premium,Organic,2025-10-30,2025-11-20 00:00:00
CUST000446,Customer 00446,customer00446@example.com,Hyderabad,Telangana,RETURNING,Social,2026-02-09,2026-02-25 00:00:00
CUST000447,Customer 00447,customer00447@example.com,Noida,Uttar Pradesh,RETURNING,Social,2025-01-21,2025-02-09 00:00:00
CUST000448,Customer 00448,customer00448@example.com,Bengaluru,Karnataka,premium,Direct,2025-09-14,2025-10-03 00:00:00
CUST000449,Customer 00449,customer00449@example.com,Bengaluru,Karnataka,RETURNING,Direct,2026-02-03,2026-02-13 00:00:00
CUST000450,Customer 00450,customer00450@example.com,Noida,Uttar Pradesh,New,Affiliate,2026-06-13,2026-06-20 00:00:00
CUST000451,Customer 00451,customer00451@example.com,Delhi,Delhi,New,Email,2025-02-20,2025-03-06 00:00:00
CUST000452,Customer 00452,customer00452@example.com,Noida,Uttar Pradesh,premium,Email,2026-03-23,2026-03-24 00:00:00
CUST000453,Customer 00453,customer00453@example.com,Bengaluru,Karnataka,New,Organic,2025-09-27,2025-10-13 00:00:00
CUST000454,Customer 00454,customer00454@example.com,Bengaluru,Karnataka,premium,Email,2026-08-18,2026-09-09 00:00:00
CUST000455,Customer 00455,,Kolkata,West Bengal,RETURNING,Organic,2025-09-19,2025-09-24 00:00:00
CUST000456,Customer 00456,customer00456@example.com,,Rajasthan,RETURNING,Social,2025-12-31,2026-01-20 00:00:00
CUST000457,Customer 00457,customer00457@example.com,Hyderabad,Telangana,New,Affiliate,2025-02-18,2025-03-17 00:00:00
CUST000458,Customer 00458,customer00458@example.com,Noida,Uttar Pradesh,New,Affiliate,2026-06-02,2026-06-14 00:00:00
CUST000459,Customer 00459,customer00459@example.com,Hyderabad,Telangana,Dormant,Social,2025-04-28,2025-05-26 00:00:00
CUST000460,Customer 00460,customer00460@example.com,Noida,Uttar Pradesh,Dormant,Direct,2026-03-29,2026-04-26 00:00:00
CUST000461,Customer 00461,customer00461@example.com,Chennai,Tamil Nadu,RETURNING,Paid Ads,2026-02-01,2026-02-08 00:00:00
CUST000462,Customer 00462,customer00462@example.com,Bengaluru,Karnataka,RETURNING,Paid Ads,2025-01-27,2025-02-06 00:00:00
CUST000463,Customer 00463,customer00463@example.com,Jaipur,Rajasthan,RETURNING,Email,2026-01-07,2026-01-21 00:00:00
CUST000464,Customer 00464,customer00464@example.com,Kolkata,West Bengal,RETURNING,Direct,2025-04-07,2025-04-19 00:00:00
CUST000465,Customer 00465,customer00465@example.com,Jaipur,Rajasthan,RETURNING,Organic,2026-06-13,2026-06-30 00:00:00
CUST000466,Customer 00466,customer00466@example.com,Jaipur,Rajasthan,New,Affiliate,2025-07-05,2025-07-22 00:00:00
CUST000467,Customer 00467,customer00467@example.com,Jaipur,Rajasthan,RETURNING,Email,2025-08-03,2025-08-27 00:00:00
CUST000468,Customer 00468,customer00468@example.com,Hyderabad,Telangana,premium,Social,2025-09-08,2025-09-24 00:00:00
CUST000469,Customer 00469,customer00469@example.com,Noida,Uttar Pradesh,Dormant,Direct,2025-08-04,2025-08-25 00:00:00
CUST000470,Customer 00470,customer00470@example.com,Ahmedabad,Gujarat,New,Affiliate,2025-01-29,2025-02-10 00:00:00
CUST000471,Customer 00471,customer00471@example.com,Chennai,Tamil Nadu,premium,Organic,2025-04-12,2025-05-10 00:00:00
CUST000472,Customer 00472,customer00472@example.com,Mumbai,Maharashtra,RETURNING,Organic,2025-05-03,2025-05-05 00:00:00
CUST000473,Customer 00473,customer00473@example.com,Jaipur,Rajasthan,RETURNING,Paid Ads,2025-02-23,2025-03-23 00:00:00
CUST000474,Customer 00474,customer00474@example.com,Delhi,Delhi,New,Email,2025-10-10,2025-10-30 00:00:00
CUST000475,Customer 00475,customer00475@example.com,Hyderabad,Telangana,RETURNING,Social,2025-04-27,2025-05-20 00:00:00
CUST000476,Customer 00476,customer00476@example.com,Kolkata,West Bengal,RETURNING,Affiliate,2026-07-11,2026-07-17 00:00:00
CUST000477,Customer 00477,customer00477@example.com,Mumbai,Maharashtra,RETURNING,Organic,2025-04-24,2025-05-22 00:00:00
CUST000478,Customer 00478,customer00478@example.com,Ahmedabad,Gujarat,premium,Affiliate,2026-06-27,2026-07-08 00:00:00
CUST000479,Customer 00479,customer00479@example.com,Delhi,Delhi,premium,Social,2025-10-20,2025-10-23 00:00:00
CUST000480,Customer 00480,customer00480@example.com,Ahmedabad,Gujarat,RETURNING,Affiliate,2025-07-14,2025-08-06 00:00:00
CUST000481,Customer 00481,customer00481@example.com,Mumbai,Maharashtra,Dormant,Email,2025-10-19,2025-11-14 00:00:00
CUST000482,Customer 00482,customer00482@example.com,Jaipur,Rajasthan,RETURNING,Paid Ads,2025-09-18,2025-10-14 00:00:00
CUST000483,Customer 00483,customer00483@example.com,Delhi,Delhi,New,Affiliate,2025-07-26,2025-08-20 00:00:00
CUST000484,Customer 00484,customer00484@example.com,Ahmedabad,Gujarat,RETURNING,Direct,2026-07-18,2026-07-28 00:00:00
CUST000485,Customer 00485,customer00485@example.com,Kolkata,West Bengal,New,Paid Ads,2025-02-18,2025-03-03 00:00:00
CUST000486,Customer 00486,customer00486@example.com,Noida,Uttar Pradesh,RETURNING,Social,2025-01-06,2025-01-23 00:00:00
CUST000487,Customer 00487,customer00487@example.com,Bengaluru,Karnataka,New,Paid Ads,2026-01-14,2026-01-20 00:00:00
CUST000488,Customer 00488,customer00488@example.com,Noida,Uttar Pradesh,New,Affiliate,2026-01-29,2026-02-02 00:00:00
CUST000489,Customer 00489,customer00489@example.com,Mumbai,Maharashtra,premium,Affiliate,2025-08-12,2025-08-27 00:00:00
CUST000490,Customer 00490,customer00490@example.com,Hyderabad,Telangana,New,Direct,2025-01-23,2025-02-02 00:00:00
CUST000491,Customer 00491,customer00491@example.com,Bengaluru,Karnataka,RETURNING,Organic,2025-04-20,2025-05-11 00:00:00
CUST000492,Customer 00492,customer00492@example.com,Chennai,Tamil Nadu,New,Direct,2026-07-07,2026-07-09 00:00:00
CUST000493,Customer 00493,customer00493@example.com,Kolkata,West Bengal,RETURNING,Affiliate,2026-02-03,2026-02-18 00:00:00
CUST000494,Customer 00494,customer00494@example.com,Chennai,Tamil Nadu,RETURNING,Paid Ads,2025-06-21,2025-07-01 00:00:00
CUST000495,Customer 00495,customer00495@example.com,Delhi,Delhi,premium,Direct,2025-11-02,2025-11-11 00:00:00
CUST000496,Customer 00496,customer00496@example.com,Bengaluru,Karnataka,RETURNING,Direct,2026-07-18,2026-08-09 00:00:00
CUST000497,Customer 00497,customer00497@example.com,Chennai,Tamil Nadu,New,Organic,2026-08-05,2026-08-27 00:00:00
CUST000498,Customer 00498,customer00498@example.com,Chennai,Tamil Nadu,RETURNING,Affiliate,2025-05-31,2025-06-01 00:00:00
CUST000499,Customer 00499,customer00499@example.com,Ahmedabad,Gujarat,New,Affiliate,2026-03-04,2026-03-19 00:00:00
CUST000500,Customer 00500,customer00500@example.com,Noida,Uttar Pradesh,RETURNING,Social,2026-04-12,2026-04-28 00:00:00
CUST000501,Customer 00501,customer00501@example.com,Ahmedabad,Gujarat,RETURNING,Organic,2026-07-10,2026-07-19 00:00:00
CUST000502,Customer 00502,customer00502@example.com,Bengaluru,Karnataka,Dormant,Social,2025-03-08,2025-03-25 00:00:00
CUST000503,Customer 00503,customer00503@example.com,Bengaluru,Karnataka,New,Social,2025-06-05,2025-06-16 00:00:00
CUST000504,Customer 00504,customer00504@example.com,Mumbai,Maharashtra,RETURNING,Social,2025-07-25,2025-08-01 00:00:00
CUST000505,Customer 00505,customer00505@example.com,Ahmedabad,Gujarat,New,Email,2025-06-04,2025-06-30 00:00:00
CUST000506,Customer 00506,customer00506@example.com,Pune,Maharashtra,RETURNING,Social,2026-05-24,2026-06-18 00:00:00
CUST000507,Customer 00507,,Noida,Uttar Pradesh,RETURNING,Direct,2026-07-26,2026-07-28 00:00:00
CUST000508,Customer 00508,customer00508@example.com,Bengaluru,Karnataka,Dormant,Paid Ads,2025-03-15,2025-04-10 00:00:00
CUST000509,Customer 00509,customer00509@example.com,Mumbai,Maharashtra,New,Direct,2025-02-18,2025-03-09 00:00:00
CUST000510,Customer 00510,customer00510@example.com,Ahmedabad,Gujarat,New,Direct,2026-04-12,2026-05-05 00:00:00
CUST000511,Customer 00511,customer00511@example.com,Noida,Uttar Pradesh,RETURNING,Affiliate,2026-08-08,2026-08-10 00:00:00
CUST000512,Customer 00512,customer00512@example.com,Ahmedabad,Gujarat,New,Email,2025-06-28,2025-07-03 00:00:00
CUST000513,Customer 00513,customer00513@example.com,Chennai,Tamil Nadu,New,Social,2025-02-17,2025-02-18 00:00:00
CUST000514,Customer 00514,customer00514@example.com,Mumbai,Maharashtra,RETURNING,Affiliate,2025-03-13,2025-03-15 00:00:00
CUST000515,Customer 00515,customer00515@example.com,Noida,Uttar Pradesh,New,Organic,2025-04-23,2025-05-09 00:00:00
CUST000516,Customer 00516,customer00516@example.com,Jaipur,Rajasthan,New,Organic,2025-06-08,2025-06-16 00:00:00
CUST000517,Customer 00517,customer00517@example.com,Delhi,Delhi,premium,Affiliate,2025-01-30,2025-02-02 00:00:00
CUST000518,Customer 00518,customer00518@example.com,Delhi,Delhi,RETURNING,Paid Ads,2025-04-07,2025-04-28 00:00:00
CUST000519,Customer 00519,customer00519@example.com,Noida,Uttar Pradesh,New,Affiliate,2025-09-08,2025-09-30 00:00:00
CUST000520,Customer 00520,customer00520@example.com,Ahmedabad,Gujarat,New,Affiliate,2026-06-03,2026-06-04 00:00:00
CUST000521,Customer 00521,customer00521@example.com,Mumbai,Maharashtra,RETURNING,Email,2025-04-02,2025-04-25 00:00:00
CUST000522,Customer 00522,customer00522@example.com,Delhi,Delhi,New,Organic,2025-04-23,2025-05-20 00:00:00
CUST000523,Customer 00523,customer00523@example.com,Mumbai,Maharashtra,RETURNING,Organic,2025-09-16,2025-09-24 00:00:00
CUST000524,Customer 00524,customer00524@example.com,Delhi,Delhi,New,Social,2025-04-17,2025-04-30 00:00:00
CUST000525,Customer 00525,customer00525@example.com,Chennai,Tamil Nadu,RETURNING,Direct,2026-07-29,2026-08-23 00:00:00
CUST000526,Customer 00526,customer00526@example.com,Ahmedabad,Gujarat,RETURNING,Affiliate,2026-01-25,2026-02-04 00:00:00
CUST000527,Customer 00527,customer00527@example.com,Chennai,Tamil Nadu,RETURNING,Affiliate,2025-12-24,2025-12-25 00:00:00
CUST000528,Customer 00528,customer00528@example.com,Delhi,Delhi,premium,Paid Ads,2025-07-18,2025-08-07 00:00:00
CUST000529,Customer 00529,customer00529@example.com,Jaipur,Rajasthan,RETURNING,Organic,2026-03-03,2026-03-04 00:00:00
CUST000530,Customer 00530,customer00530@example.com,Jaipur,Rajasthan,New,Paid Ads,2026-04-23,2026-05-19 00:00:00
CUST000531,Customer 00531,customer00531@example.com,Chennai,Tamil Nadu,New,Email,2026-05-18,2026-05-22 00:00:00
CUST000532,Customer 00532,customer00532@example.com,,Rajasthan,RETURNING,Social,2026-07-27,2026-08-02 00:00:00
CUST000533,Customer 00533,customer00533@example.com,Delhi,Delhi,New,Paid Ads,2025-04-30,2025-05-21 00:00:00
CUST000534,Customer 00534,customer00534@example.com,Noida,Uttar Pradesh,New,Organic,2026-07-27,2026-07-30 00:00:00
CUST000535,Customer 00535,customer00535@example.com,Chennai,Tamil Nadu,premium,Email,2025-11-05,2025-11-18 00:00:00
CUST000536,Customer 00536,customer00536@example.com,Hyderabad,Telangana,RETURNING,Affiliate,2026-06-22,2026-06-23 00:00:00
CUST000537,Customer 00537,customer00537@example.com,,Gujarat,RETURNING,Email,2026-04-20,2026-05-12 00:00:00
CUST000538,Customer 00538,customer00538@example.com,Jaipur,Rajasthan,RETURNING,Direct,2026-07-06,2026-07-17 00:00:00
CUST000539,Customer 00539,customer00539@example.com,Jaipur,Rajasthan,RETURNING,Paid Ads,2025-12-10,2025-12-19 00:00:00
CUST000540,Customer 00540,customer00540@example.com,Bengaluru,Karnataka,New,Organic,2025-05-16,2025-06-09 00:00:00
CUST000541,Customer 00541,customer00541@example.com,Pune,Maharashtra,premium,Paid Ads,2025-10-04,2025-10-04 00:00:00
CUST000542,Customer 00542,customer00542@example.com,Chennai,Tamil Nadu,New,Affiliate,2026-06-17,2026-07-05 00:00:00
CUST000543,Customer 00543,customer00543@example.com,Kolkata,West Bengal,premium,Affiliate,2025-01-31,2025-02-22 00:00:00
CUST000544,Customer 00544,customer00544@example.com,Jaipur,Rajasthan,premium,Organic,2025-09-04,2025-09-19 00:00:00
CUST000545,Customer 00545,customer00545@example.com,Ahmedabad,Gujarat,premium,Direct,2026-02-15,2026-03-01 00:00:00
CUST000546,Customer 00546,customer00546@example.com,Hyderabad,Telangana,RETURNING,Social,2025-01-27,2025-02-09 00:00:00
CUST000547,Customer 00547,customer00547@example.com,Jaipur,Rajasthan,New,Email,2025-03-14,2025-03-22 00:00:00
CUST000548,Customer 00548,customer00548@example.com,Hyderabad,Telangana,RETURNING,Email,2025-04-07,2025-05-05 00:00:00
CUST000549,Customer 00549,customer00549@example.com,Delhi,Delhi,RETURNING,Affiliate,2025-12-12,2026-01-01 00:00:00
CUST000550,Customer 00550,customer00550@example.com,Delhi,Delhi,RETURNING,Paid Ads,2026-04-21,2026-05-13 00:00:00
CUST000551,Customer 00551,customer00551@example.com,Pune,Maharashtra,Dormant,Paid Ads,2025-10-27,2025-11-10 00:00:00
CUST000552,Customer 00552,customer00552@example.com,Noida,Uttar Pradesh,RETURNING,Direct,2025-10-26,2025-11-20 00:00:00
CUST000553,Customer 00553,customer00553@example.com,Kolkata,West Bengal,New,Social,2025-10-14,2025-10-20 00:00:00
CUST000554,Customer 00554,customer00554@example.com,Bengaluru,Karnataka,New,Paid Ads,2026-03-25,2026-03-28 00:00:00
CUST000555,Customer 00555,customer00555@example.com,Pune,Maharashtra,RETURNING,Email,2025-07-31,2025-08-20 00:00:00
CUST000556,Customer 00556,customer00556@example.com,Mumbai,Maharashtra,RETURNING,Paid Ads,2025-03-17,2025-04-03 00:00:00
CUST000557,Customer 00557,customer00557@example.com,Bengaluru,Karnataka,premium,Social,2026-02-05,2026-02-12 00:00:00
CUST000558,Customer 00558,customer00558@example.com,Chennai,Tamil Nadu,RETURNING,Email,2025-02-03,2025-02-14 00:00:00
CUST000559,Customer 00559,customer00559@example.com,Ahmedabad,Gujarat,premium,Paid Ads,2026-05-13,2026-05-27 00:00:00
CUST000560,Customer 00560,customer00560@example.com,Mumbai,Maharashtra,Dormant,Email,2026-05-31,2026-06-14 00:00:00
CUST000561,Customer 00561,customer00561@example.com,,Maharashtra,premium,Affiliate,2025-11-24,2025-12-10 00:00:00
CUST000562,Customer 00562,customer00562@example.com,Pune,Maharashtra,New,Affiliate,2025-04-08,2025-04-09 00:00:00
CUST000563,Customer 00563,customer00563@example.com,Noida,Uttar Pradesh,premium,Direct,2026-01-01,2026-01-12 00:00:00
CUST000564,Customer 00564,customer00564@example.com,Pune,Maharashtra,New,Affiliate,2026-04-08,2026-04-10 00:00:00
CUST000565,Customer 00565,customer00565@example.com,Chennai,Tamil Nadu,New,Paid Ads,2025-01-28,2025-02-03 00:00:00
CUST000566,Customer 00566,customer00566@example.com,Jaipur,Rajasthan,RETURNING,Social,2026-01-21,2026-01-26 00:00:00
CUST000567,Customer 00567,customer00567@example.com,Jaipur,Rajasthan,RETURNING,Email,2025-09-30,2025-10-13 00:00:00
CUST000568,Customer 00568,customer00568@example.com,Noida,Uttar Pradesh,New,Organic,2025-05-07,2025-05-29 00:00:00
CUST000569,Customer 00569,customer00569@example.com,Chennai,Tamil Nadu,New,Affiliate,2025-07-21,2025-08-16 00:00:00
CUST000570,Customer 00570,customer00570@example.com,Noida,Uttar Pradesh,New,Affiliate,2026-06-05,2026-06-09 00:00:00
CUST000571,Customer 00571,customer00571@example.com,Hyderabad,Telangana,Dormant,Organic,2025-10-14,2025-11-12 00:00:00
CUST000572,Customer 00572,customer00572@example.com,Jaipur,Rajasthan,New,Organic,2026-03-26,2026-03-29 00:00:00
CUST000573,Customer 00573,customer00573@example.com,Mumbai,Maharashtra,New,Paid Ads,2025-03-29,2025-04-12 00:00:00
CUST000574,Customer 00574,customer00574@example.com,Kolkata,West Bengal,RETURNING,Email,2025-11-14,2025-11-20 00:00:00
CUST000575,Customer 00575,customer00575@example.com,Ahmedabad,Gujarat,RETURNING,Affiliate,2025-01-19,2025-01-21 00:00:00
CUST000576,Customer 00576,customer00576@example.com,Chennai,Tamil Nadu,Dormant,Social,2026-08-16,2026-08-28 00:00:00
CUST000577,Customer 00577,customer00577@example.com,Bengaluru,Karnataka,New,Paid Ads,2025-04-17,2025-04-26 00:00:00
CUST000578,Customer 00578,customer00578@example.com,Noida,Uttar Pradesh,RETURNING,Paid Ads,2026-04-03,2026-04-25 00:00:00
CUST000579,Customer 00579,customer00579@example.com,Ahmedabad,Gujarat,RETURNING,Social,2025-11-07,2025-11-08 00:00:00
CUST000580,Customer 00580,customer00580@example.com,Bengaluru,Karnataka,Dormant,Social,2026-02-16,2026-02-27 00:00:00
CUST000581,Customer 00581,customer00581@example.com,Ahmedabad,Gujarat,RETURNING,Direct,2026-05-13,2026-06-09 00:00:00
CUST000582,Customer 00582,customer00582@example.com,Kolkata,West Bengal,premium,Social,2025-09-01,2025-09-24 00:00:00
CUST000583,Customer 00583,customer00583@example.com,Bengaluru,Karnataka,New,Organic,2026-07-31,2026-08-27 00:00:00
CUST000584,Customer 00584,customer00584@example.com,Pune,Maharashtra,RETURNING,Affiliate,2026-01-15,2026-02-05 00:00:00
CUST000585,Customer 00585,customer00585@example.com,Delhi,Delhi,RETURNING,Direct,2026-05-30,2026-06-10 00:00:00
CUST000586,Customer 00586,customer00586@example.com,Pune,Maharashtra,Dormant,Organic,2025-07-26,2025-08-13 00:00:00
CUST000587,Customer 00587,customer00587@example.com,Jaipur,Rajasthan,New,Direct,2026-01-29,2026-02-16 00:00:00
CUST000588,Customer 00588,customer00588@example.com,Delhi,Delhi,New,Affiliate,2025-01-21,2025-02-10 00:00:00
CUST000589,Customer 00589,customer00589@example.com,Pune,Maharashtra,RETURNING,Direct,2026-06-11,2026-06-13 00:00:00
CUST000590,Customer 00590,customer00590@example.com,Delhi,Delhi,New,Organic,2025-12-09,2025-12-14 00:00:00
CUST000591,Customer 00591,customer00591@example.com,Delhi,Delhi,New,Email,2025-07-21,2025-07-22 00:00:00
CUST000592,Customer 00592,customer00592@example.com,Mumbai,Maharashtra,Dormant,Affiliate,2025-04-30,2025-05-23 00:00:00
CUST000593,Customer 00593,customer00593@example.com,Noida,Uttar Pradesh,RETURNING,Paid Ads,2026-01-24,2026-02-05 00:00:00
CUST000594,Customer 00594,customer00594@example.com,Noida,Uttar Pradesh,RETURNING,Affiliate,2026-06-21,2026-07-17 00:00:00
CUST000595,Customer 00595,customer00595@example.com,Mumbai,Maharashtra,premium,Affiliate,2025-08-22,2025-09-18 00:00:00
CUST000596,Customer 00596,customer00596@example.com,Ahmedabad,Gujarat,RETURNING,Affiliate,2025-11-16,2025-12-12 00:00:00
CUST000597,Customer 00597,customer00597@example.com,Hyderabad,Telangana,New,Email,2025-06-29,2025-07-07 00:00:00
CUST000598,Customer 00598,customer00598@example.com,Ahmedabad,Gujarat,New,Organic,2026-01-03,2026-01-15 00:00:00
CUST000599,Customer 00599,customer00599@example.com,Bengaluru,Karnataka,RETURNING,Paid Ads,2025-03-17,2025-04-08 00:00:00
CUST000600,Customer 00600,customer00600@example.com,Bengaluru,Karnataka,RETURNING,Organic,2026-05-11,2026-05-24 00:00:00
CUST000601,Customer 00601,customer00601@example.com,Delhi,Delhi,RETURNING,Direct,2026-06-06,2026-06-24 00:00:00
CUST000602,Customer 00602,customer00602@example.com,Pune,Maharashtra,New,Direct,2025-07-20,2025-07-30 00:00:00
CUST000603,Customer 00603,customer00603@example.com,Pune,Maharashtra,RETURNING,Direct,2025-12-12,2025-12-25 00:00:00
CUST000604,Customer 00604,customer00604@example.com,Noida,Uttar Pradesh,Dormant,Organic,2026-04-28,2026-05-13 00:00:00
CUST000605,Customer 00605,customer00605@example.com,Chennai,Tamil Nadu,premium,Social,2025-08-07,2025-08-16 00:00:00
CUST000606,Customer 00606,customer00606@example.com,Ahmedabad,Gujarat,premium,Email,2025-03-01,2025-03-20 00:00:00
CUST000607,Customer 00607,customer00607@example.com,Jaipur,Rajasthan,premium,Social,2026-07-04,2026-07-19 00:00:00
CUST000608,Customer 00608,customer00608@example.com,Kolkata,West Bengal,RETURNING,Direct,2025-08-09,2025-09-05 00:00:00
CUST000609,Customer 00609,customer00609@example.com,Pune,Maharashtra,premium,Email,2026-05-17,2026-06-11 00:00:00
CUST000610,Customer 00610,customer00610@example.com,Kolkata,West Bengal,New,Organic,2025-05-13,2025-05-14 00:00:00
CUST000611,Customer 00611,customer00611@example.com,Delhi,Delhi,RETURNING,Direct,2025-02-22,2025-03-18 00:00:00
CUST000612,Customer 00612,customer00612@example.com,Kolkata,West Bengal,RETURNING,Organic,2026-03-26,2026-04-10 00:00:00
CUST000613,Customer 00613,customer00613@example.com,Jaipur,Rajasthan,New,Email,2025-03-03,2025-03-16 00:00:00
CUST000614,Customer 00614,customer00614@example.com,Mumbai,Maharashtra,premium,Organic,2025-01-23,2025-02-12 00:00:00
CUST000615,Customer 00615,customer00615@example.com,Jaipur,Rajasthan,Dormant,Organic,2025-02-13,2025-03-12 00:00:00
CUST000616,Customer 00616,customer00616@example.com,Kolkata,West Bengal,New,Paid Ads,2026-07-12,2026-07-29 00:00:00
CUST000617,Customer 00617,customer00617@example.com,,Rajasthan,premium,Social,2025-02-16,2025-03-13 00:00:00
CUST000618,Customer 00618,customer00618@example.com,Hyderabad,Telangana,New,Social,2025-01-24,2025-01-29 00:00:00
CUST000619,Customer 00619,customer00619@example.com,Delhi,Delhi,RETURNING,Social,2025-03-30,2025-04-05 00:00:00
CUST000620,Customer 00620,customer00620@example.com,Ahmedabad,Gujarat,RETURNING,Affiliate,2025-06-23,2025-07-05 00:00:00
CUST000621,Customer 00621,customer00621@example.com,Mumbai,Maharashtra,RETURNING,Paid Ads,2026-07-30,2026-07-31 00:00:00
CUST000622,Customer 00622,customer00622@example.com,Pune,Maharashtra,Dormant,Direct,2025-04-29,2025-05-13 00:00:00
CUST000623,Customer 00623,customer00623@example.com,Bengaluru,Karnataka,Dormant,Direct,2025-06-27,2025-07-13 00:00:00
CUST000624,Customer 00624,customer00624@example.com,Ahmedabad,Gujarat,premium,Direct,2025-12-08,2025-12-20 00:00:00
CUST000625,Customer 00625,customer00625@example.com,Bengaluru,Karnataka,New,Social,2026-07-22,2026-07-28 00:00:00
CUST000626,Customer 00626,customer00626@example.com,Delhi,Delhi,Dormant,Social,2025-02-28,2025-02-28 00:00:00
CUST000627,Customer 00627,customer00627@example.com,Mumbai,Maharashtra,New,Paid Ads,2026-03-14,2026-03-16 00:00:00
CUST000628,Customer 00628,customer00628@example.com,Noida,Uttar Pradesh,Dormant,Organic,2026-03-04,2026-03-23 00:00:00
CUST000629,Customer 00629,customer00629@example.com,Pune,Maharashtra,RETURNING,Social,2026-03-02,2026-03-19 00:00:00
CUST000630,Customer 00630,customer00630@example.com,Hyderabad,Telangana,New,Direct,2026-01-16,2026-01-22 00:00:00
CUST000631,Customer 00631,customer00631@example.com,Noida,Uttar Pradesh,RETURNING,Organic,2026-05-01,2026-05-21 00:00:00
CUST000632,Customer 00632,customer00632@example.com,Delhi,Delhi,New,Social,2025-07-04,2025-07-20 00:00:00
CUST000633,Customer 00633,customer00633@example.com,Ahmedabad,Gujarat,New,Email,2026-07-13,2026-08-09 00:00:00
CUST000634,Customer 00634,customer00634@example.com,Hyderabad,Telangana,RETURNING,Affiliate,2026-04-05,2026-04-16 00:00:00
CUST000635,Customer 00635,customer00635@example.com,Jaipur,Rajasthan,New,Social,2025-04-12,2025-04-27 00:00:00
CUST000636,Customer 00636,customer00636@example.com,Kolkata,West Bengal,New,Email,2026-07-10,2026-08-02 00:00:00
CUST000637,Customer 00637,customer00637@example.com,Hyderabad,Telangana,New,Paid Ads,2025-01-15,2025-01-24 00:00:00
CUST000638,Customer 00638,,Delhi,Delhi,RETURNING,Email,2025-02-20,2025-03-14 00:00:00
CUST000639,Customer 00639,customer00639@example.com,Chennai,Tamil Nadu,New,Paid Ads,2025-11-05,2025-11-20 00:00:00
CUST000640,Customer 00640,customer00640@example.com,Kolkata,West Bengal,RETURNING,Social,2025-02-03,2025-02-22 00:00:00
CUST000641,Customer 00641,customer00641@example.com,Bengaluru,Karnataka,New,Paid Ads,2026-08-12,2026-08-29 00:00:00
CUST000642,Customer 00642,customer00642@example.com,Pune,Maharashtra,Dormant,Email,2025-07-24,2025-08-07 00:00:00
CUST000643,Customer 00643,customer00643@example.com,Bengaluru,Karnataka,Dormant,Affiliate,2025-03-11,2025-04-02 00:00:00
CUST000644,Customer 00644,customer00644@example.com,Hyderabad,Telangana,New,Organic,2025-08-18,2025-08-28 00:00:00
CUST000645,Customer 00645,customer00645@example.com,Bengaluru,Karnataka,premium,Organic,2026-04-25,2026-05-12 00:00:00
CUST000646,Customer 00646,customer00646@example.com,Delhi,Delhi,premium,Affiliate,2026-06-17,2026-06-22 00:00:00
CUST000647,Customer 00647,customer00647@example.com,Jaipur,Rajasthan,Dormant,Direct,2025-04-18,2025-04-18 00:00:00
CUST000648,Customer 00648,customer00648@example.com,Ahmedabad,Gujarat,RETURNING,Organic,2025-08-29,2025-09-27 00:00:00
CUST000649,Customer 00649,customer00649@example.com,Pune,Maharashtra,New,Social,2025-09-08,2025-09-30 00:00:00
CUST000650,Customer 00650,customer00650@example.com,Bengaluru,Karnataka,RETURNING,Direct,2025-05-15,2025-05-21 00:00:00
CUST000651,Customer 00651,customer00651@example.com,Bengaluru,Karnataka,RETURNING,Social,2025-03-31,2025-04-11 00:00:00
CUST000652,Customer 00652,customer00652@example.com,Hyderabad,Telangana,RETURNING,Email,2026-08-14,2026-09-02 00:00:00
CUST000653,Customer 00653,customer00653@example.com,Ahmedabad,Gujarat,RETURNING,Email,2026-03-16,2026-03-19 00:00:00
CUST000654,Customer 00654,customer00654@example.com,Noida,Uttar Pradesh,Dormant,Direct,2025-10-25,2025-11-03 00:00:00
CUST000655,Customer 00655,customer00655@example.com,Bengaluru,Karnataka,Dormant,Direct,2026-02-11,2026-03-03 00:00:00
CUST000656,Customer 00656,customer00656@example.com,Delhi,Delhi,New,Direct,2025-11-04,2025-11-05 00:00:00
CUST000657,Customer 00657,customer00657@example.com,Chennai,Tamil Nadu,New,Direct,2025-04-12,2025-04-20 00:00:00
CUST000658,Customer 00658,customer00658@example.com,Pune,Maharashtra,New,Paid Ads,2025-12-27,2026-01-05 00:00:00
CUST000659,Customer 00659,customer00659@example.com,Bengaluru,Karnataka,premium,Direct,2026-06-12,2026-07-01 00:00:00
CUST000660,Customer 00660,customer00660@example.com,Delhi,Delhi,RETURNING,Direct,2025-10-20,2025-10-30 00:00:00
CUST000661,Customer 00661,customer00661@example.com,Delhi,Delhi,RETURNING,Email,2025-05-26,2025-06-19 00:00:00
CUST000662,Customer 00662,customer00662@example.com,Pune,Maharashtra,RETURNING,Social,2026-02-08,2026-02-21 00:00:00
CUST000663,Customer 00663,customer00663@example.com,Noida,Uttar Pradesh,RETURNING,Email,2025-01-02,2025-01-04 00:00:00
CUST000664,Customer 00664,customer00664@example.com,Delhi,Delhi,RETURNING,Organic,2025-04-29,2025-05-23 00:00:00
CUST000665,Customer 00665,customer00665@example.com,Chennai,Tamil Nadu,RETURNING,Paid Ads,2025-07-10,2025-07-10 00:00:00
CUST000666,Customer 00666,customer00666@example.com,Delhi,Delhi,premium,Paid Ads,2025-01-03,2025-01-09 00:00:00
CUST000667,Customer 00667,customer00667@example.com,Delhi,Delhi,Dormant,Social,2026-05-02,2026-05-05 00:00:00
CUST000668,Customer 00668,customer00668@example.com,Delhi,Delhi,Dormant,Direct,2025-06-26,2025-07-02 00:00:00
CUST000669,Customer 00669,customer00669@example.com,Jaipur,Rajasthan,Dormant,Email,2025-09-14,2025-09-29 00:00:00
CUST000670,Customer 00670,customer00670@example.com,Jaipur,Rajasthan,RETURNING,Organic,2026-06-18,2026-07-17 00:00:00
CUST000671,Customer 00671,customer00671@example.com,Noida,Uttar Pradesh,RETURNING,Email,2026-04-22,2026-05-01 00:00:00
CUST000672,Customer 00672,customer00672@example.com,Bengaluru,Karnataka,premium,Direct,2026-02-02,2026-02-16 00:00:00
CUST000673,Customer 00673,customer00673@example.com,Delhi,Delhi,Dormant,Direct,2026-05-11,2026-05-26 00:00:00
CUST000674,Customer 00674,customer00674@example.com,Ahmedabad,Gujarat,New,Affiliate,2025-08-08,2025-08-13 00:00:00
CUST000675,Customer 00675,customer00675@example.com,Bengaluru,Karnataka,RETURNING,Email,2025-06-22,2025-06-25 00:00:00
CUST000676,Customer 00676,customer00676@example.com,Noida,Uttar Pradesh,New,Social,2026-01-25,2026-01-28 00:00:00
CUST000677,Customer 00677,customer00677@example.com,Mumbai,Maharashtra,RETURNING,Email,2026-05-17,2026-06-09 00:00:00
CUST000678,Customer 00678,customer00678@example.com,Bengaluru,Karnataka,RETURNING,Paid Ads,2026-07-31,2026-08-22 00:00:00
CUST000679,Customer 00679,customer00679@example.com,Bengaluru,Karnataka,RETURNING,Organic,2025-09-17,2025-09-20 00:00:00
CUST000680,Customer 00680,customer00680@example.com,Kolkata,West Bengal,New,Social,2025-05-11,2025-06-06 00:00:00
CUST000681,Customer 00681,customer00681@example.com,Hyderabad,Telangana,RETURNING,Affiliate,2025-04-23,2025-05-14 00:00:00
CUST000682,Customer 00682,customer00682@example.com,Kolkata,West Bengal,Dormant,Organic,2025-01-20,2025-02-10 00:00:00
CUST000683,Customer 00683,customer00683@example.com,Chennai,Tamil Nadu,New,Organic,2025-08-03,2025-08-19 00:00:00
CUST000684,Customer 00684,customer00684@example.com,Jaipur,Rajasthan,RETURNING,Paid Ads,2025-11-06,2025-11-18 00:00:00
CUST000685,Customer 00685,customer00685@example.com,Jaipur,Rajasthan,RETURNING,Paid Ads,2025-09-08,2025-09-09 00:00:00
CUST000686,Customer 00686,customer00686@example.com,Hyderabad,Telangana,Dormant,Paid Ads,2026-05-03,2026-05-22 00:00:00
CUST000687,Customer 00687,customer00687@example.com,Pune,Maharashtra,New,Social,2026-01-17,2026-01-22 00:00:00
CUST000688,Customer 00688,customer00688@example.com,Pune,Maharashtra,Dormant,Email,2026-02-13,2026-03-06 00:00:00
CUST000689,Customer 00689,customer00689@example.com,Noida,Uttar Pradesh,RETURNING,Organic,2025-09-28,2025-09-28 00:00:00
CUST000690,Customer 00690,customer00690@example.com,Hyderabad,Telangana,Dormant,Email,2026-02-11,2026-02-18 00:00:00
CUST000691,Customer 00691,customer00691@example.com,Bengaluru,Karnataka,Dormant,Email,2025-07-13,2025-07-30 00:00:00
CUST000692,Customer 00692,customer00692@example.com,Pune,Maharashtra,New,Paid Ads,2026-03-17,2026-04-14 00:00:00
CUST000693,Customer 00693,customer00693@example.com,Delhi,Delhi,New,Email,2025-11-09,2025-11-29 00:00:00
CUST000694,Customer 00694,customer00694@example.com,Ahmedabad,Gujarat,New,Organic,2025-03-20,2025-03-23 00:00:00
CUST000695,Customer 00695,customer00695@example.com,Bengaluru,Karnataka,RETURNING,Organic,2025-06-29,2025-07-03 00:00:00
CUST000696,Customer 00696,customer00696@example.com,Chennai,Tamil Nadu,New,Direct,2025-01-14,2025-01-18 00:00:00
CUST000697,Customer 00697,customer00697@example.com,Delhi,Delhi,New,Affiliate,2025-09-03,2025-09-17 00:00:00
CUST000698,Customer 00698,customer00698@example.com,Delhi,Delhi,RETURNING,Social,2025-01-14,2025-01-23 00:00:00
CUST000699,Customer 00699,customer00699@example.com,Hyderabad,Telangana,New,Email,2025-04-09,2025-04-16 00:00:00
CUST000700,Customer 00700,customer00700@example.com,Noida,Uttar Pradesh,New,Social,2025-02-02,2025-02-27 00:00:00
CUST000701,Customer 00701,customer00701@example.com,Chennai,Tamil Nadu,RETURNING,Social,2026-03-12,2026-03-18 00:00:00
CUST000702,Customer 00702,customer00702@example.com,Pune,Maharashtra,New,Social,2025-09-14,2025-09-25 00:00:00
CUST000703,Customer 00703,customer00703@example.com,Hyderabad,Telangana,RETURNING,Direct,2025-02-03,2025-03-04 00:00:00
CUST000704,Customer 00704,customer00704@example.com,Pune,Maharashtra,RETURNING,Social,2025-01-19,2025-02-12 00:00:00
CUST000705,Customer 00705,customer00705@example.com,Hyderabad,Telangana,RETURNING,Direct,2025-09-17,2025-10-14 00:00:00
CUST000706,Customer 00706,customer00706@example.com,Hyderabad,Telangana,Dormant,Organic,2026-08-12,2026-08-22 00:00:00
CUST000707,Customer 00707,customer00707@example.com,Hyderabad,Telangana,RETURNING,Email,2026-02-20,2026-03-04 00:00:00
CUST000708,Customer 00708,customer00708@example.com,Noida,Uttar Pradesh,RETURNING,Direct,2025-05-17,2025-05-31 00:00:00
CUST000709,Customer 00709,customer00709@example.com,Hyderabad,Telangana,RETURNING,Affiliate,2025-12-25,2026-01-10 00:00:00
CUST000710,Customer 00710,customer00710@example.com,Mumbai,Maharashtra,premium,Social,2026-08-02,2026-08-23 00:00:00
CUST000711,Customer 00711,customer00711@example.com,Ahmedabad,Gujarat,Dormant,Affiliate,2025-04-26,2025-05-17 00:00:00
CUST000712,Customer 00712,customer00712@example.com,Pune,Maharashtra,Dormant,Organic,2026-02-08,2026-02-25 00:00:00
CUST000713,Customer 00713,customer00713@example.com,Bengaluru,Karnataka,RETURNING,Organic,2025-07-21,2025-08-16 00:00:00
CUST000714,Customer 00714,customer00714@example.com,Kolkata,West Bengal,New,Paid Ads,2026-01-11,2026-01-18 00:00:00
CUST000715,Customer 00715,customer00715@example.com,Chennai,Tamil Nadu,New,Social,2025-09-07,2025-09-12 00:00:00
CUST000716,Customer 00716,customer00716@example.com,Jaipur,Rajasthan,New,Paid Ads,2026-03-22,2026-04-01 00:00:00
CUST000717,Customer 00717,customer00717@example.com,Noida,Uttar Pradesh,Dormant,Affiliate,2025-10-05,2025-11-02 00:00:00
CUST000718,Customer 00718,customer00718@example.com,Bengaluru,Karnataka,RETURNING,Email,2025-04-22,2025-05-17 00:00:00
CUST000719,Customer 00719,customer00719@example.com,Delhi,Delhi,premium,Paid Ads,2026-04-18,2026-04-26 00:00:00
CUST000720,Customer 00720,customer00720@example.com,Mumbai,Maharashtra,RETURNING,Organic,2026-01-27,2026-02-21 00:00:00
CUST000721,Customer 00721,customer00721@example.com,Jaipur,Rajasthan,premium,Social,2025-05-23,2025-05-27 00:00:00
CUST000722,Customer 00722,customer00722@example.com,Kolkata,West Bengal,New,Affiliate,2025-02-01,2025-02-07 00:00:00
CUST000723,Customer 00723,customer00723@example.com,Bengaluru,Karnataka,New,Direct,2025-06-30,2025-07-21 00:00:00
CUST000724,Customer 00724,customer00724@example.com,Jaipur,Rajasthan,RETURNING,Organic,2026-08-02,2026-08-28 00:00:00
CUST000725,Customer 00725,customer00725@example.com,Bengaluru,Karnataka,RETURNING,Direct,2026-05-31,2026-06-14 00:00:00
CUST000726,Customer 00726,customer00726@example.com,Mumbai,Maharashtra,RETURNING,Email,2025-09-26,2025-10-16 00:00:00
CUST000727,Customer 00727,customer00727@example.com,Kolkata,West Bengal,Dormant,Social,2025-08-24,2025-09-14 00:00:00
CUST000728,Customer 00728,customer00728@example.com,Delhi,Delhi,New,Email,2025-10-04,2025-10-07 00:00:00
CUST000729,Customer 00729,customer00729@example.com,Hyderabad,Telangana,RETURNING,Email,2026-07-07,2026-07-25 00:00:00
CUST000730,Customer 00730,customer00730@example.com,Pune,Maharashtra,RETURNING,Social,2025-10-02,2025-10-14 00:00:00
CUST000731,Customer 00731,customer00731@example.com,Delhi,Delhi,New,Social,2025-03-27,2025-03-27 00:00:00
CUST000732,Customer 00732,customer00732@example.com,Hyderabad,Telangana,premium,Direct,2025-03-04,2025-03-04 00:00:00
CUST000733,Customer 00733,customer00733@example.com,Noida,Uttar Pradesh,premium,Email,2026-02-08,2026-03-01 00:00:00
CUST000734,Customer 00734,customer00734@example.com,Ahmedabad,Gujarat,premium,Affiliate,2025-07-11,2025-07-24 00:00:00
CUST000735,Customer 00735,customer00735@example.com,Chennai,Tamil Nadu,Dormant,Direct,2025-10-20,2025-10-28 00:00:00
CUST000736,Customer 00736,customer00736@example.com,Chennai,Tamil Nadu,premium,Social,2025-01-31,2025-02-23 00:00:00
CUST000737,Customer 00737,customer00737@example.com,Pune,Maharashtra,New,Organic,2025-11-26,2025-12-07 00:00:00
CUST000738,Customer 00738,customer00738@example.com,Kolkata,West Bengal,premium,Direct,2025-04-17,2025-05-04 00:00:00
CUST000739,Customer 00739,customer00739@example.com,Mumbai,Maharashtra,RETURNING,Paid Ads,2025-10-03,2025-10-11 00:00:00
CUST000740,Customer 00740,customer00740@example.com,Kolkata,West Bengal,New,Affiliate,2026-08-21,2026-08-28 00:00:00
CUST000741,Customer 00741,customer00741@example.com,Mumbai,Maharashtra,New,Direct,2026-07-10,2026-08-08 00:00:00
CUST000742,Customer 00742,customer00742@example.com,Kolkata,West Bengal,premium,Social,2025-03-23,2025-04-05 00:00:00
CUST000743,Customer 00743,customer00743@example.com,Ahmedabad,Gujarat,premium,Social,2025-03-05,2025-04-01 00:00:00
CUST000744,Customer 00744,customer00744@example.com,Noida,Uttar Pradesh,New,Affiliate,2026-07-21,2026-07-29 00:00:00
CUST000745,Customer 00745,customer00745@example.com,Noida,Uttar Pradesh,premium,Paid Ads,2026-08-09,2026-08-28 00:00:00
CUST000746,Customer 00746,customer00746@example.com,Hyderabad,Telangana,Dormant,Direct,2025-05-09,2025-06-02 00:00:00
CUST000747,Customer 00747,,Jaipur,Rajasthan,New,Direct,2025-09-13,2025-09-14 00:00:00
CUST000748,Customer 00748,customer00748@example.com,Noida,Uttar Pradesh,New,Email,2025-08-19,2025-09-16 00:00:00
CUST000749,Customer 00749,customer00749@example.com,Noida,Uttar Pradesh,premium,Organic,2026-05-12,2026-05-12 00:00:00
CUST000750,Customer 00750,customer00750@example.com,Delhi,Delhi,New,Social,2025-05-17,2025-05-29 00:00:00
CUST000751,Customer 00751,,Delhi,Delhi,RETURNING,Direct,2026-03-31,2026-04-24 00:00:00
CUST000752,Customer 00752,customer00752@example.com,Hyderabad,Telangana,New,Direct,2025-12-21,2025-12-30 00:00:00
CUST000753,Customer 00753,customer00753@example.com,Jaipur,Rajasthan,RETURNING,Direct,2026-04-30,2026-05-07 00:00:00
CUST000754,Customer 00754,customer00754@example.com,Pune,Maharashtra,premium,Paid Ads,2025-05-26,2025-06-01 00:00:00
CUST000755,Customer 00755,customer00755@example.com,Delhi,Delhi,RETURNING,Organic,2025-02-02,2025-03-03 00:00:00
CUST000756,Customer 00756,customer00756@example.com,Pune,Maharashtra,premium,Direct,2025-09-17,2025-10-15 00:00:00
CUST000757,Customer 00757,customer00757@example.com,Bengaluru,Karnataka,Dormant,Affiliate,2025-03-28,2025-04-20 00:00:00
CUST000758,Customer 00758,customer00758@example.com,Delhi,Delhi,premium,Social,2025-09-22,2025-10-03 00:00:00
CUST000759,Customer 00759,customer00759@example.com,Ahmedabad,Gujarat,RETURNING,Email,2026-06-26,2026-07-12 00:00:00
CUST000760,Customer 00760,customer00760@example.com,Jaipur,Rajasthan,New,Affiliate,2026-01-27,2026-02-25 00:00:00
CUST000761,Customer 00761,customer00761@example.com,Hyderabad,Telangana,RETURNING,Social,2025-08-20,2025-09-13 00:00:00
CUST000762,Customer 00762,customer00762@example.com,Bengaluru,Karnataka,New,Paid Ads,2026-08-11,2026-08-22 00:00:00
CUST000763,Customer 00763,customer00763@example.com,Jaipur,Rajasthan,premium,Organic,2026-03-23,2026-04-07 00:00:00
CUST000764,Customer 00764,customer00764@example.com,Ahmedabad,Gujarat,RETURNING,Organic,2025-05-09,2025-05-18 00:00:00
CUST000765,Customer 00765,customer00765@example.com,Jaipur,Rajasthan,RETURNING,Social,2025-09-28,2025-10-24 00:00:00
CUST000766,Customer 00766,customer00766@example.com,Ahmedabad,Gujarat,New,Affiliate,2025-03-30,2025-04-23 00:00:00
CUST000767,Customer 00767,customer00767@example.com,Ahmedabad,Gujarat,premium,Email,2026-04-11,2026-04-22 00:00:00
CUST000768,Customer 00768,customer00768@example.com,Pune,Maharashtra,Dormant,Paid Ads,2025-06-19,2025-06-29 00:00:00
CUST000769,Customer 00769,customer00769@example.com,Kolkata,West Bengal,RETURNING,Social,2025-05-08,2025-06-01 00:00:00
CUST000770,Customer 00770,customer00770@example.com,Bengaluru,Karnataka,Dormant,Paid Ads,2025-06-23,2025-07-21 00:00:00
CUST000771,Customer 00771,customer00771@example.com,Jaipur,Rajasthan,New,Organic,2025-01-26,2025-02-08 00:00:00
CUST000772,Customer 00772,customer00772@example.com,Mumbai,Maharashtra,RETURNING,Direct,2026-07-27,2026-08-17 00:00:00
CUST000773,Customer 00773,customer00773@example.com,Bengaluru,Karnataka,Dormant,Direct,2026-05-26,2026-06-14 00:00:00
CUST000774,Customer 00774,customer00774@example.com,Kolkata,West Bengal,RETURNING,Email,2026-05-03,2026-05-15 00:00:00
CUST000775,Customer 00775,customer00775@example.com,Bengaluru,Karnataka,Dormant,Paid Ads,2026-08-02,2026-08-03 00:00:00
CUST000776,Customer 00776,customer00776@example.com,Noida,Uttar Pradesh,New,Social,2026-02-10,2026-03-08 00:00:00
CUST000777,Customer 00777,customer00777@example.com,Mumbai,Maharashtra,New,Email,2025-01-26,2025-02-14 00:00:00
CUST000778,Customer 00778,customer00778@example.com,Kolkata,West Bengal,Dormant,Affiliate,2025-03-24,2025-03-30 00:00:00
CUST000779,Customer 00779,customer00779@example.com,Pune,Maharashtra,New,Direct,2025-12-30,2025-12-30 00:00:00
CUST000780,Customer 00780,customer00780@example.com,Jaipur,Rajasthan,Dormant,Social,2026-01-02,2026-01-31 00:00:00
CUST000781,Customer 00781,customer00781@example.com,Chennai,Tamil Nadu,Dormant,Paid Ads,2025-03-01,2025-03-25 00:00:00
CUST000782,Customer 00782,customer00782@example.com,Kolkata,West Bengal,New,Email,2026-07-05,2026-07-07 00:00:00
CUST000783,Customer 00783,customer00783@example.com,Hyderabad,Telangana,RETURNING,Social,2025-10-19,2025-11-16 00:00:00
CUST000784,Customer 00784,customer00784@example.com,Jaipur,Rajasthan,New,Email,2025-07-10,2025-08-07 00:00:00
CUST000785,Customer 00785,customer00785@example.com,Kolkata,West Bengal,RETURNING,Email,2026-04-06,2026-04-25 00:00:00
CUST000786,Customer 00786,customer00786@example.com,Noida,Uttar Pradesh,New,Email,2025-08-21,2025-09-01 00:00:00
CUST000787,Customer 00787,customer00787@example.com,Chennai,Tamil Nadu,New,Paid Ads,2026-04-19,2026-04-23 00:00:00
CUST000788,Customer 00788,customer00788@example.com,Noida,Uttar Pradesh,RETURNING,Social,2026-02-09,2026-02-20 00:00:00
CUST000789,Customer 00789,customer00789@example.com,Chennai,Tamil Nadu,RETURNING,Organic,2025-09-28,2025-10-26 00:00:00
CUST000790,Customer 00790,customer00790@example.com,Hyderabad,Telangana,Dormant,Organic,2025-05-14,2025-05-16 00:00:00
CUST000791,Customer 00791,customer00791@example.com,Jaipur,Rajasthan,premium,Paid Ads,2025-06-20,2025-07-09 00:00:00
CUST000792,Customer 00792,customer00792@example.com,Pune,Maharashtra,premium,Paid Ads,2026-02-19,2026-02-23 00:00:00
CUST000793,Customer 00793,customer00793@example.com,Noida,Uttar Pradesh,RETURNING,Direct,2025-01-28,2025-02-24 00:00:00
CUST000794,Customer 00794,customer00794@example.com,Noida,Uttar Pradesh,premium,Email,2025-05-16,2025-05-16 00:00:00
CUST000795,Customer 00795,customer00795@example.com,Ahmedabad,Gujarat,RETURNING,Social,2026-02-09,2026-02-24 00:00:00
CUST000796,Customer 00796,customer00796@example.com,Chennai,Tamil Nadu,premium,Social,2026-05-20,2026-06-18 00:00:00
CUST000797,Customer 00797,customer00797@example.com,Delhi,Delhi,Dormant,Affiliate,2025-08-29,2025-09-06 00:00:00
CUST000798,Customer 00798,customer00798@example.com,Jaipur,Rajasthan,RETURNING,Affiliate,2026-03-20,2026-03-29 00:00:00
CUST000799,Customer 00799,customer00799@example.com,Chennai,Tamil Nadu,RETURNING,Organic,2026-03-10,2026-04-07 00:00:00
CUST000800,Customer 00800,customer00800@example.com,Ahmedabad,Gujarat,premium,Affiliate,2025-08-16,2025-08-25 00:00:00
CUST000801,Customer 00801,customer00801@example.com,Bengaluru,Karnataka,Dormant,Affiliate,2026-05-24,2026-06-05 00:00:00
CUST000802,Customer 00802,customer00802@example.com,Chennai,Tamil Nadu,premium,Organic,2025-10-30,2025-11-14 00:00:00
CUST000803,Customer 00803,customer00803@example.com,Pune,Maharashtra,New,Direct,2025-02-03,2025-03-04 00:00:00
CUST000804,Customer 00804,customer00804@example.com,Jaipur,Rajasthan,RETURNING,Organic,2025-01-02,2025-01-21 00:00:00
CUST000805,Customer 00805,customer00805@example.com,Ahmedabad,Gujarat,New,Affiliate,2025-12-28,2026-01-25 00:00:00
CUST000806,Customer 00806,customer00806@example.com,Bengaluru,Karnataka,premium,Social,2025-07-14,2025-08-07 00:00:00
CUST000807,Customer 00807,customer00807@example.com,Mumbai,Maharashtra,New,Affiliate,2025-11-04,2025-11-07 00:00:00
CUST000808,Customer 00808,customer00808@example.com,Ahmedabad,Gujarat,Dormant,Email,2025-09-07,2025-09-20 00:00:00
CUST000809,Customer 00809,customer00809@example.com,Mumbai,Maharashtra,New,Email,2025-05-27,2025-06-12 00:00:00
CUST000810,Customer 00810,customer00810@example.com,Jaipur,Rajasthan,New,Email,2025-12-12,2026-01-08 00:00:00
CUST000811,Customer 00811,customer00811@example.com,Noida,Uttar Pradesh,RETURNING,Direct,2025-12-14,2025-12-18 00:00:00
CUST000812,Customer 00812,customer00812@example.com,Ahmedabad,Gujarat,premium,Paid Ads,2025-09-11,2025-09-23 00:00:00
CUST000813,Customer 00813,customer00813@example.com,Hyderabad,Telangana,New,Email,2026-02-03,2026-02-27 00:00:00
CUST000814,Customer 00814,customer00814@example.com,Mumbai,Maharashtra,RETURNING,Social,2025-11-30,2025-12-02 00:00:00
CUST000815,Customer 00815,customer00815@example.com,Pune,Maharashtra,RETURNING,Direct,2025-06-25,2025-06-29 00:00:00
CUST000816,Customer 00816,customer00816@example.com,Hyderabad,Telangana,New,Paid Ads,2025-05-05,2025-05-20 00:00:00
CUST000817,Customer 00817,customer00817@example.com,Kolkata,West Bengal,New,Paid Ads,2026-02-02,2026-02-20 00:00:00
CUST000818,Customer 00818,customer00818@example.com,Kolkata,West Bengal,premium,Email,2025-05-11,2025-06-07 00:00:00
CUST000819,Customer 00819,customer00819@example.com,Bengaluru,Karnataka,RETURNING,Affiliate,2026-07-16,2026-08-03 00:00:00
CUST000820,Customer 00820,customer00820@example.com,Noida,Uttar Pradesh,New,Organic,2026-02-11,2026-02-27 00:00:00
CUST000821,Customer 00821,customer00821@example.com,Jaipur,Rajasthan,premium,Affiliate,2025-11-30,2025-12-17 00:00:00
CUST000822,Customer 00822,customer00822@example.com,Ahmedabad,Gujarat,Dormant,Affiliate,2025-01-20,2025-02-06 00:00:00
CUST000823,Customer 00823,customer00823@example.com,Delhi,Delhi,RETURNING,Paid Ads,2025-07-24,2025-08-17 00:00:00
CUST000824,Customer 00824,customer00824@example.com,Pune,Maharashtra,RETURNING,Paid Ads,2025-12-21,2026-01-12 00:00:00
CUST000825,Customer 00825,customer00825@example.com,Mumbai,Maharashtra,Dormant,Direct,2025-06-22,2025-06-29 00:00:00
CUST000826,Customer 00826,customer00826@example.com,Jaipur,Rajasthan,Dormant,Direct,2025-07-08,2025-07-25 00:00:00
CUST000827,Customer 00827,customer00827@example.com,Hyderabad,Telangana,premium,Paid Ads,2025-01-02,2025-01-10 00:00:00
CUST000828,Customer 00828,customer00828@example.com,Kolkata,West Bengal,RETURNING,Social,2025-06-17,2025-07-15 00:00:00
CUST000829,Customer 00829,customer00829@example.com,Pune,Maharashtra,RETURNING,Social,2026-01-03,2026-01-21 00:00:00
CUST000830,Customer 00830,customer00830@example.com,Delhi,Delhi,premium,Organic,2026-06-20,2026-06-29 00:00:00
CUST000831,Customer 00831,customer00831@example.com,Ahmedabad,Gujarat,New,Paid Ads,2026-08-03,2026-08-31 00:00:00
CUST000832,Customer 00832,customer00832@example.com,Bengaluru,Karnataka,RETURNING,Email,2026-01-05,2026-01-06 00:00:00
CUST000833,Customer 00833,customer00833@example.com,Delhi,Delhi,premium,Direct,2026-08-19,2026-09-15 00:00:00
CUST000834,Customer 00834,customer00834@example.com,Pune,Maharashtra,RETURNING,Paid Ads,2026-03-13,2026-03-29 00:00:00
CUST000835,Customer 00835,customer00835@example.com,Delhi,Delhi,RETURNING,Social,2025-07-26,2025-08-19 00:00:00
CUST000836,Customer 00836,customer00836@example.com,Pune,Maharashtra,RETURNING,Paid Ads,2025-02-18,2025-03-13 00:00:00
CUST000837,Customer 00837,customer00837@example.com,Pune,Maharashtra,New,Social,2026-06-28,2026-07-10 00:00:00
CUST000838,Customer 00838,customer00838@example.com,Chennai,Tamil Nadu,RETURNING,Paid Ads,2025-05-09,2025-06-05 00:00:00
CUST000839,Customer 00839,customer00839@example.com,Mumbai,Maharashtra,premium,Email,2026-03-23,2026-04-02 00:00:00
CUST000840,Customer 00840,customer00840@example.com,Kolkata,West Bengal,New,Organic,2025-02-04,2025-02-19 00:00:00
CUST000841,Customer 00841,customer00841@example.com,Chennai,Tamil Nadu,New,Email,2025-07-18,2025-08-06 00:00:00
CUST000842,Customer 00842,customer00842@example.com,Ahmedabad,Gujarat,Dormant,Social,2025-03-18,2025-03-24 00:00:00
CUST000843,Customer 00843,customer00843@example.com,Chennai,Tamil Nadu,New,Direct,2026-01-04,2026-01-31 00:00:00
CUST000844,Customer 00844,customer00844@example.com,Noida,Uttar Pradesh,New,Direct,2026-06-10,2026-07-09 00:00:00
CUST000845,Customer 00845,customer00845@example.com,Noida,Uttar Pradesh,Dormant,Affiliate,2025-12-15,2025-12-17 00:00:00
CUST000846,Customer 00846,customer00846@example.com,Kolkata,West Bengal,premium,Email,2026-05-21,2026-06-05 00:00:00
CUST000847,Customer 00847,customer00847@example.com,Delhi,Delhi,RETURNING,Paid Ads,2025-08-26,2025-09-13 00:00:00
CUST000848,Customer 00848,customer00848@example.com,Mumbai,Maharashtra,Dormant,Organic,2025-10-07,2025-10-26 00:00:00
CUST000849,Customer 00849,customer00849@example.com,Kolkata,West Bengal,New,Paid Ads,2026-07-31,2026-08-15 00:00:00
CUST000850,Customer 00850,customer00850@example.com,Pune,Maharashtra,premium,Paid Ads,2026-03-08,2026-03-09 00:00:00
CUST000851,Customer 00851,customer00851@example.com,Hyderabad,Telangana,RETURNING,Email,2025-05-18,2025-05-31 00:00:00
CUST000852,Customer 00852,,Mumbai,Maharashtra,premium,Organic,2025-09-26,2025-10-21 00:00:00
CUST000853,Customer 00853,customer00853@example.com,Mumbai,Maharashtra,RETURNING,Affiliate,2025-07-20,2025-08-08 00:00:00
CUST000854,Customer 00854,customer00854@example.com,Pune,Maharashtra,RETURNING,Paid Ads,2025-05-22,2025-05-31 00:00:00
CUST000855,Customer 00855,customer00855@example.com,Pune,Maharashtra,RETURNING,Organic,2025-12-21,2026-01-08 00:00:00
CUST000856,Customer 00856,customer00856@example.com,Bengaluru,Karnataka,RETURNING,Affiliate,2026-08-01,2026-08-24 00:00:00
CUST000857,Customer 00857,customer00857@example.com,Kolkata,West Bengal,premium,Paid Ads,2025-11-25,2025-12-05 00:00:00
CUST000858,Customer 00858,customer00858@example.com,Pune,Maharashtra,RETURNING,Organic,2026-07-13,2026-07-30 00:00:00
CUST000859,Customer 00859,customer00859@example.com,Noida,Uttar Pradesh,RETURNING,Email,2025-08-19,2025-08-29 00:00:00
CUST000860,Customer 00860,customer00860@example.com,Ahmedabad,Gujarat,RETURNING,Direct,2025-11-04,2025-11-12 00:00:00
CUST000861,Customer 00861,customer00861@example.com,Hyderabad,Telangana,RETURNING,Direct,2025-05-26,2025-06-13 00:00:00
CUST000862,Customer 00862,customer00862@example.com,Kolkata,West Bengal,premium,Paid Ads,2025-06-01,2025-06-20 00:00:00
CUST000863,Customer 00863,customer00863@example.com,Jaipur,Rajasthan,premium,Paid Ads,2025-05-20,2025-06-17 00:00:00
CUST000864,Customer 00864,customer00864@example.com,Noida,Uttar Pradesh,RETURNING,Organic,2025-01-21,2025-01-30 00:00:00
CUST000865,Customer 00865,customer00865@example.com,Delhi,Delhi,Dormant,Direct,2025-09-11,2025-10-10 00:00:00
CUST000866,Customer 00866,customer00866@example.com,Pune,Maharashtra,premium,Paid Ads,2025-03-05,2025-03-30 00:00:00
CUST000867,Customer 00867,customer00867@example.com,Jaipur,Rajasthan,RETURNING,Affiliate,2025-08-06,2025-08-08 00:00:00
CUST000868,Customer 00868,customer00868@example.com,Pune,Maharashtra,RETURNING,Paid Ads,2025-03-13,2025-03-15 00:00:00
CUST000869,Customer 00869,customer00869@example.com,Mumbai,Maharashtra,Dormant,Direct,2025-06-11,2025-07-04 00:00:00
CUST000870,Customer 00870,customer00870@example.com,Noida,Uttar Pradesh,RETURNING,Social,2025-05-10,2025-05-17 00:00:00
CUST000871,Customer 00871,customer00871@example.com,Mumbai,Maharashtra,premium,Direct,2026-08-04,2026-09-01 00:00:00
CUST000872,Customer 00872,customer00872@example.com,Bengaluru,Karnataka,RETURNING,Affiliate,2025-08-13,2025-09-10 00:00:00
CUST000873,Customer 00873,customer00873@example.com,Mumbai,Maharashtra,RETURNING,Organic,2026-08-03,2026-08-08 00:00:00
CUST000874,Customer 00874,,Bengaluru,Karnataka,New,Affiliate,2026-03-30,2026-04-18 00:00:00
CUST000875,Customer 00875,customer00875@example.com,Bengaluru,Karnataka,RETURNING,Social,2026-01-19,2026-01-19 00:00:00
CUST000876,Customer 00876,customer00876@example.com,Jaipur,Rajasthan,Dormant,Social,2025-04-17,2025-05-06 00:00:00
CUST000877,Customer 00877,customer00877@example.com,Pune,Maharashtra,RETURNING,Paid Ads,2025-04-13,2025-05-06 00:00:00
CUST000878,Customer 00878,customer00878@example.com,Delhi,Delhi,RETURNING,Paid Ads,2025-05-21,2025-05-26 00:00:00
CUST000879,Customer 00879,customer00879@example.com,Mumbai,Maharashtra,Dormant,Direct,2026-07-31,2026-08-01 00:00:00
CUST000880,Customer 00880,customer00880@example.com,Noida,Uttar Pradesh,RETURNING,Email,2025-05-14,2025-06-01 00:00:00
CUST000881,Customer 00881,customer00881@example.com,Bengaluru,Karnataka,RETURNING,Affiliate,2025-07-18,2025-08-14 00:00:00
CUST000882,Customer 00882,customer00882@example.com,Pune,Maharashtra,premium,Direct,2026-05-25,2026-05-31 00:00:00
CUST000883,Customer 00883,customer00883@example.com,Hyderabad,Telangana,premium,Email,2025-03-20,2025-03-30 00:00:00
CUST000884,Customer 00884,customer00884@example.com,,West Bengal,New,Direct,2026-04-27,2026-05-07 00:00:00
CUST000885,Customer 00885,customer00885@example.com,Jaipur,Rajasthan,RETURNING,Social,2026-05-27,2026-05-30 00:00:00
CUST000886,Customer 00886,customer00886@example.com,Delhi,Delhi,RETURNING,Paid Ads,2025-09-07,2025-09-26 00:00:00
CUST000887,Customer 00887,customer00887@example.com,Chennai,Tamil Nadu,RETURNING,Paid Ads,2026-08-22,2026-09-06 00:00:00
CUST000888,Customer 00888,customer00888@example.com,Jaipur,Rajasthan,RETURNING,Direct,2026-08-23,2026-08-27 00:00:00
CUST000889,Customer 00889,customer00889@example.com,Hyderabad,Telangana,RETURNING,Paid Ads,2026-04-28,2026-05-21 00:00:00
CUST000890,Customer 00890,customer00890@example.com,Kolkata,West Bengal,New,Organic,2025-06-21,2025-07-20 00:00:00
CUST000891,Customer 00891,customer00891@example.com,Hyderabad,Telangana,RETURNING,Direct,2025-01-17,2025-02-15 00:00:00
CUST000892,Customer 00892,customer00892@example.com,Mumbai,Maharashtra,New,Social,2025-10-21,2025-10-27 00:00:00
CUST000893,Customer 00893,customer00893@example.com,Bengaluru,Karnataka,RETURNING,Direct,2026-01-29,2026-02-22 00:00:00
CUST000894,Customer 00894,customer00894@example.com,Delhi,Delhi,Dormant,Direct,2026-05-13,2026-05-28 00:00:00
CUST000895,Customer 00895,customer00895@example.com,Ahmedabad,Gujarat,premium,Paid Ads,2025-08-07,2025-08-21 00:00:00
CUST000896,Customer 00896,customer00896@example.com,Bengaluru,Karnataka,RETURNING,Social,2025-08-22,2025-08-26 00:00:00
CUST000897,Customer 00897,,Ahmedabad,Gujarat,New,Direct,2026-01-25,2026-01-25 00:00:00
CUST000898,Customer 00898,customer00898@example.com,Kolkata,West Bengal,New,Paid Ads,2025-09-05,2025-09-24 00:00:00
CUST000899,Customer 00899,customer00899@example.com,Pune,Maharashtra,RETURNING,Affiliate,2025-02-21,2025-03-14 00:00:00
CUST000900,Customer 00900,customer00900@example.com,Chennai,Tamil Nadu,New,Social,2025-01-15,2025-02-05 00:00:00
CUST000901,Customer 00901,customer00901@example.com,Noida,Uttar Pradesh,RETURNING,Email,2025-11-20,2025-11-28 00:00:00
CUST000902,Customer 00902,customer00902@example.com,Bengaluru,Karnataka,New,Organic,2026-03-17,2026-04-11 00:00:00
CUST000903,Customer 00903,customer00903@example.com,Delhi,Delhi,premium,Email,2025-04-22,2025-05-20 00:00:00
CUST000904,Customer 00904,customer00904@example.com,Hyderabad,Telangana,RETURNING,Social,2025-01-07,2025-01-27 00:00:00
CUST000905,Customer 00905,customer00905@example.com,Delhi,Delhi,New,Direct,2026-07-17,2026-07-21 00:00:00
CUST000906,Customer 00906,customer00906@example.com,Kolkata,West Bengal,premium,Paid Ads,2025-09-02,2025-09-23 00:00:00
CUST000907,Customer 00907,customer00907@example.com,Ahmedabad,Gujarat,RETURNING,Social,2026-03-24,2026-04-19 00:00:00
CUST000908,Customer 00908,customer00908@example.com,Hyderabad,Telangana,New,Organic,2025-12-31,2026-01-05 00:00:00
CUST000909,Customer 00909,customer00909@example.com,Noida,Uttar Pradesh,RETURNING,Social,2026-01-02,2026-01-04 00:00:00
CUST000910,Customer 00910,customer00910@example.com,Noida,Uttar Pradesh,RETURNING,Paid Ads,2025-10-14,2025-10-19 00:00:00
CUST000911,Customer 00911,customer00911@example.com,Bengaluru,Karnataka,premium,Email,2025-04-16,2025-04-23 00:00:00
CUST000912,Customer 00912,customer00912@example.com,Kolkata,West Bengal,New,Affiliate,2025-01-13,2025-02-09 00:00:00
CUST000913,Customer 00913,customer00913@example.com,Pune,Maharashtra,RETURNING,Email,2025-05-26,2025-05-31 00:00:00
CUST000914,Customer 00914,customer00914@example.com,Kolkata,West Bengal,New,Paid Ads,2026-04-23,2026-05-08 00:00:00
CUST000915,Customer 00915,customer00915@example.com,Ahmedabad,Gujarat,New,Paid Ads,2025-04-25,2025-05-22 00:00:00
CUST000916,Customer 00916,customer00916@example.com,Delhi,Delhi,Dormant,Organic,2026-05-24,2026-06-08 00:00:00
CUST000917,Customer 00917,customer00917@example.com,Noida,Uttar Pradesh,premium,Social,2025-06-01,2025-06-27 00:00:00
CUST000918,Customer 00918,,Delhi,Delhi,RETURNING,Social,2025-02-26,2025-03-18 00:00:00
CUST000919,Customer 00919,customer00919@example.com,Delhi,Delhi,RETURNING,Email,2026-01-17,2026-01-19 00:00:00
CUST000920,Customer 00920,customer00920@example.com,Delhi,Delhi,New,Affiliate,2025-06-06,2025-06-22 00:00:00
CUST000921,Customer 00921,customer00921@example.com,Noida,Uttar Pradesh,Dormant,Affiliate,2025-05-13,2025-06-02 00:00:00
CUST000922,Customer 00922,customer00922@example.com,Jaipur,Rajasthan,New,Organic,2025-06-12,2025-06-17 00:00:00
CUST000923,Customer 00923,customer00923@example.com,Mumbai,Maharashtra,New,Paid Ads,2025-10-02,2025-10-31 00:00:00
CUST000924,Customer 00924,customer00924@example.com,Ahmedabad,Gujarat,RETURNING,Organic,2025-03-18,2025-03-23 00:00:00
CUST000925,Customer 00925,customer00925@example.com,Jaipur,Rajasthan,RETURNING,Social,2025-02-13,2025-03-14 00:00:00
CUST000926,Customer 00926,customer00926@example.com,Ahmedabad,Gujarat,RETURNING,Direct,2026-07-04,2026-07-25 00:00:00
CUST000927,Customer 00927,customer00927@example.com,Hyderabad,Telangana,New,Direct,2025-11-14,2025-12-02 00:00:00
CUST000928,Customer 00928,customer00928@example.com,Kolkata,West Bengal,RETURNING,Direct,2026-06-18,2026-07-07 00:00:00
CUST000929,Customer 00929,customer00929@example.com,Kolkata,West Bengal,RETURNING,Paid Ads,2026-08-08,2026-08-22 00:00:00
CUST000930,Customer 00930,,,Tamil Nadu,New,Organic,2025-06-03,2025-06-21 00:00:00
CUST000931,Customer 00931,customer00931@example.com,Kolkata,West Bengal,Dormant,Email,2025-08-25,2025-08-26 00:00:00
CUST000932,Customer 00932,customer00932@example.com,Noida,Uttar Pradesh,New,Social,2026-06-01,2026-06-08 00:00:00
CUST000933,Customer 00933,customer00933@example.com,Pune,Maharashtra,RETURNING,Direct,2025-08-09,2025-08-15 00:00:00
CUST000934,Customer 00934,customer00934@example.com,Bengaluru,Karnataka,RETURNING,Affiliate,2025-11-06,2025-12-02 00:00:00
CUST000935,Customer 00935,customer00935@example.com,Chennai,Tamil Nadu,New,Organic,2026-08-21,2026-08-28 00:00:00
CUST000936,Customer 00936,customer00936@example.com,Bengaluru,Karnataka,RETURNING,Social,2025-06-26,2025-07-08 00:00:00
CUST000937,Customer 00937,customer00937@example.com,Ahmedabad,Gujarat,premium,Social,2025-08-08,2025-08-29 00:00:00
CUST000938,Customer 00938,customer00938@example.com,Bengaluru,Karnataka,New,Affiliate,2025-02-07,2025-03-05 00:00:00
CUST000939,Customer 00939,customer00939@example.com,Bengaluru,Karnataka,Dormant,Affiliate,2026-03-07,2026-03-21 00:00:00
CUST000940,Customer 00940,customer00940@example.com,Chennai,Tamil Nadu,RETURNING,Affiliate,2025-07-22,2025-08-02 00:00:00
CUST000941,Customer 00941,customer00941@example.com,Hyderabad,Telangana,New,Direct,2026-03-24,2026-04-07 00:00:00
CUST000942,Customer 00942,customer00942@example.com,Delhi,Delhi,RETURNING,Direct,2026-05-10,2026-05-23 00:00:00
CUST000943,Customer 00943,customer00943@example.com,,West Bengal,RETURNING,Organic,2025-05-05,2025-05-11 00:00:00
CUST000944,Customer 00944,customer00944@example.com,Kolkata,West Bengal,premium,Affiliate,2025-03-06,2025-03-22 00:00:00
CUST000945,Customer 00945,customer00945@example.com,Noida,Uttar Pradesh,premium,Email,2025-09-01,2025-09-26 00:00:00
CUST000946,Customer 00946,,Chennai,Tamil Nadu,premium,Social,2026-06-11,2026-06-15 00:00:00
CUST000947,Customer 00947,customer00947@example.com,Noida,Uttar Pradesh,Dormant,Affiliate,2025-08-14,2025-09-02 00:00:00
CUST000948,Customer 00948,customer00948@example.com,Pune,Maharashtra,premium,Social,2026-04-10,2026-04-19 00:00:00
CUST000949,Customer 00949,customer00949@example.com,Pune,Maharashtra,RETURNING,Paid Ads,2025-10-20,2025-11-07 00:00:00
CUST000950,Customer 00950,customer00950@example.com,Noida,Uttar Pradesh,RETURNING,Paid Ads,2026-01-16,2026-02-02 00:00:00
CUST000951,Customer 00951,customer00951@example.com,Chennai,Tamil Nadu,RETURNING,Affiliate,2025-06-15,2025-07-14 00:00:00
CUST000952,Customer 00952,,Noida,Uttar Pradesh,New,Social,2025-08-06,2025-09-04 00:00:00
CUST000953,Customer 00953,customer00953@example.com,Kolkata,West Bengal,premium,Paid Ads,2025-10-02,2025-10-26 00:00:00
CUST000954,Customer 00954,customer00954@example.com,Jaipur,Rajasthan,RETURNING,Affiliate,2025-02-21,2025-03-16 00:00:00
CUST000955,Customer 00955,customer00955@example.com,Mumbai,Maharashtra,New,Social,2026-01-09,2026-01-18 00:00:00
CUST000956,Customer 00956,customer00956@example.com,Bengaluru,Karnataka,New,Affiliate,2025-12-29,2025-12-30 00:00:00
CUST000957,Customer 00957,customer00957@example.com,Mumbai,Maharashtra,RETURNING,Direct,2026-07-21,2026-07-26 00:00:00
CUST000958,Customer 00958,customer00958@example.com,Chennai,Tamil Nadu,RETURNING,Social,2025-01-14,2025-01-16 00:00:00
CUST000959,Customer 00959,customer00959@example.com,Mumbai,Maharashtra,RETURNING,Paid Ads,2025-12-06,2025-12-24 00:00:00
CUST000960,Customer 00960,customer00960@example.com,Pune,Maharashtra,RETURNING,Affiliate,2026-06-23,2026-06-27 00:00:00
CUST000961,Customer 00961,customer00961@example.com,Ahmedabad,Gujarat,RETURNING,Paid Ads,2025-03-30,2025-04-05 00:00:00
CUST000962,Customer 00962,customer00962@example.com,Bengaluru,Karnataka,RETURNING,Affiliate,2025-02-10,2025-02-16 00:00:00
CUST000963,Customer 00963,customer00963@example.com,Delhi,Delhi,New,Organic,2025-10-31,2025-11-26 00:00:00
CUST000964,Customer 00964,customer00964@example.com,Chennai,Tamil Nadu,New,Paid Ads,2025-09-25,2025-10-04 00:00:00
CUST000965,Customer 00965,customer00965@example.com,Bengaluru,Karnataka,RETURNING,Paid Ads,2025-05-18,2025-05-18 00:00:00
CUST000966,Customer 00966,customer00966@example.com,Mumbai,Maharashtra,RETURNING,Email,2025-01-06,2025-01-16 00:00:00
CUST000967,Customer 00967,customer00967@example.com,Pune,Maharashtra,New,Direct,2025-08-30,2025-09-21 00:00:00
CUST000968,Customer 00968,customer00968@example.com,Hyderabad,Telangana,RETURNING,Paid Ads,2025-06-11,2025-06-17 00:00:00
CUST000969,Customer 00969,customer00969@example.com,Jaipur,Rajasthan,New,Social,2026-06-02,2026-06-07 00:00:00
CUST000970,Customer 00970,customer00970@example.com,Delhi,Delhi,RETURNING,Affiliate,2026-02-05,2026-02-10 00:00:00
CUST000971,Customer 00971,customer00971@example.com,Jaipur,Rajasthan,RETURNING,Organic,2025-06-05,2025-06-17 00:00:00
CUST000972,Customer 00972,customer00972@example.com,,Karnataka,RETURNING,Social,2025-03-26,2025-04-10 00:00:00
CUST000973,Customer 00973,customer00973@example.com,Pune,Maharashtra,premium,Social,2025-01-10,2025-01-22 00:00:00
CUST000974,Customer 00974,customer00974@example.com,Pune,Maharashtra,New,Social,2025-05-18,2025-05-19 00:00:00
CUST000975,Customer 00975,customer00975@example.com,Mumbai,Maharashtra,Dormant,Social,2025-06-05,2025-06-23 00:00:00
CUST000976,Customer 00976,customer00976@example.com,Kolkata,West Bengal,RETURNING,Organic,2026-02-12,2026-03-02 00:00:00
CUST000977,Customer 00977,customer00977@example.com,Mumbai,Maharashtra,RETURNING,Email,2025-08-13,2025-09-10 00:00:00
CUST000978,Customer 00978,customer00978@example.com,Kolkata,West Bengal,RETURNING,Direct,2026-08-03,2026-08-21 00:00:00
CUST000979,Customer 00979,customer00979@example.com,Kolkata,West Bengal,RETURNING,Paid Ads,2025-07-03,2025-07-20 00:00:00
CUST000980,Customer 00980,customer00980@example.com,Delhi,Delhi,RETURNING,Social,2025-07-14,2025-08-07 00:00:00
CUST000981,Customer 00981,customer00981@example.com,Mumbai,Maharashtra,RETURNING,Paid Ads,2026-07-08,2026-07-13 00:00:00
CUST000982,Customer 00982,customer00982@example.com,Hyderabad,Telangana,New,Paid Ads,2026-01-31,2026-02-01 00:00:00
CUST000983,Customer 00983,customer00983@example.com,Noida,Uttar Pradesh,New,Social,2026-08-19,2026-09-06 00:00:00
CUST000984,Customer 00984,customer00984@example.com,Noida,Uttar Pradesh,RETURNING,Email,2025-05-14,2025-06-08 00:00:00
CUST000985,Customer 00985,customer00985@example.com,Mumbai,Maharashtra,RETURNING,Paid Ads,2025-11-05,2025-11-10 00:00:00
CUST000986,Customer 00986,customer00986@example.com,,Maharashtra,RETURNING,Affiliate,2026-06-26,2026-07-15 00:00:00
CUST000987,Customer 00987,customer00987@example.com,Jaipur,Rajasthan,New,Paid Ads,2025-01-09,2025-01-31 00:00:00
CUST000988,Customer 00988,customer00988@example.com,Delhi,Delhi,premium,Direct,2025-06-19,2025-07-10 00:00:00
CUST000989,Customer 00989,customer00989@example.com,,Maharashtra,Dormant,Social,2025-10-17,2025-10-31 00:00:00
CUST000990,Customer 00990,customer00990@example.com,Jaipur,Rajasthan,Dormant,Organic,2025-06-17,2025-06-22 00:00:00
CUST000991,Customer 00991,customer00991@example.com,Kolkata,West Bengal,RETURNING,Paid Ads,2025-12-10,2026-01-06 00:00:00
CUST000992,Customer 00992,customer00992@example.com,Pune,Maharashtra,premium,Email,2026-05-12,2026-05-14 00:00:00
CUST000993,Customer 00993,customer00993@example.com,Pune,Maharashtra,Dormant,Affiliate,2025-05-25,2025-06-04 00:00:00
CUST000994,Customer 00994,customer00994@example.com,Kolkata,West Bengal,RETURNING,Affiliate,2026-02-17,2026-02-24 00:00:00
CUST000995,Customer 00995,customer00995@example.com,Chennai,Tamil Nadu,RETURNING,Organic,2026-08-11,2026-09-04 00:00:00
CUST000996,Customer 00996,customer00996@example.com,Jaipur,Rajasthan,Dormant,Direct,2026-04-02,2026-04-23 00:00:00
CUST000997,Customer 00997,customer00997@example.com,Jaipur,Rajasthan,RETURNING,Organic,2025-10-29,2025-11-15 00:00:00
CUST000998,Customer 00998,customer00998@example.com,,West Bengal,RETURNING,Direct,2025-02-15,2025-03-03 00:00:00
CUST000999,Customer 00999,customer00999@example.com,Hyderabad,Telangana,New,Paid Ads,2025-01-17,2025-02-04 00:00:00
CUST001000,Customer 01000,customer01000@example.com,Ahmedabad,Gujarat,New,Social,2026-08-01,2026-08-19 00:00:00
CUST001001,Customer 01001,customer01001@example.com,Bengaluru,Karnataka,premium,Email,2025-12-26,2026-01-18 00:00:00
CUST001002,Customer 01002,customer01002@example.com,Kolkata,West Bengal,RETURNING,Affiliate,2025-09-18,2025-10-08 00:00:00
CUST001003,Customer 01003,customer01003@example.com,Mumbai,Maharashtra,RETURNING,Organic,2025-05-03,2025-05-19 00:00:00
CUST001004,Customer 01004,customer01004@example.com,Mumbai,Maharashtra,New,Email,2025-08-19,2025-09-14 00:00:00
CUST001005,Customer 01005,customer01005@example.com,Delhi,Delhi,RETURNING,Direct,2025-04-22,2025-04-25 00:00:00
CUST001006,Customer 01006,customer01006@example.com,Kolkata,West Bengal,RETURNING,Social,2026-08-16,2026-08-22 00:00:00
CUST001007,Customer 01007,customer01007@example.com,Delhi,Delhi,New,Affiliate,2025-09-03,2025-09-07 00:00:00
CUST001008,Customer 01008,customer01008@example.com,Kolkata,West Bengal,Dormant,Affiliate,2026-01-26,2026-02-20 00:00:00
CUST001009,Customer 01009,customer01009@example.com,Jaipur,Rajasthan,New,Direct,2026-01-27,2026-02-24 00:00:00
CUST001010,Customer 01010,customer01010@example.com,Bengaluru,Karnataka,RETURNING,Social,2025-11-24,2025-12-09 00:00:00
CUST001011,Customer 01011,customer01011@example.com,Jaipur,Rajasthan,RETURNING,Affiliate,2025-08-03,2025-08-08 00:00:00
CUST001012,Customer 01012,customer01012@example.com,Ahmedabad,Gujarat,New,Social,2026-01-02,2026-01-15 00:00:00
CUST001013,Customer 01013,customer01013@example.com,Pune,Maharashtra,premium,Affiliate,2025-03-23,2025-04-17 00:00:00
CUST001014,Customer 01014,customer01014@example.com,Noida,Uttar Pradesh,premium,Paid Ads,2025-03-17,2025-04-05 00:00:00
CUST001015,Customer 01015,customer01015@example.com,Kolkata,West Bengal,premium,Direct,2026-06-11,2026-06-12 00:00:00
CUST001016,Customer 01016,customer01016@example.com,Ahmedabad,Gujarat,New,Social,2026-05-18,2026-06-11 00:00:00
CUST001017,Customer 01017,customer01017@example.com,Pune,Maharashtra,New,Email,2026-04-24,2026-05-11 00:00:00
CUST001018,Customer 01018,customer01018@example.com,Chennai,Tamil Nadu,New,Paid Ads,2026-01-07,2026-01-24 00:00:00
CUST001019,Customer 01019,customer01019@example.com,Bengaluru,Karnataka,RETURNING,Email,2025-09-22,2025-10-04 00:00:00
CUST001020,Customer 01020,customer01020@example.com,Delhi,Delhi,premium,Direct,2025-09-21,2025-10-18 00:00:00
CUST001021,Customer 01021,customer01021@example.com,Delhi,Delhi,premium,Affiliate,2025-04-20,2025-05-07 00:00:00
CUST001022,Customer 01022,customer01022@example.com,Jaipur,Rajasthan,premium,Email,2025-11-03,2025-11-19 00:00:00
CUST001023,Customer 01023,customer01023@example.com,,Maharashtra,Dormant,Paid Ads,2025-07-19,2025-07-31 00:00:00
CUST001024,Customer 01024,customer01024@example.com,Pune,Maharashtra,premium,Social,2025-08-14,2025-09-10 00:00:00
CUST001025,Customer 01025,,Chennai,Tamil Nadu,RETURNING,Organic,2025-07-04,2025-07-15 00:00:00
CUST001026,Customer 01026,customer01026@example.com,Ahmedabad,Gujarat,New,Email,2025-01-31,2025-02-02 00:00:00
CUST001027,Customer 01027,customer01027@example.com,Bengaluru,Karnataka,RETURNING,Organic,2025-04-09,2025-04-30 00:00:00
CUST001028,Customer 01028,customer01028@example.com,Pune,Maharashtra,New,Direct,2025-12-05,2025-12-11 00:00:00
CUST001029,Customer 01029,customer01029@example.com,Chennai,Tamil Nadu,New,Email,2025-09-23,2025-09-23 00:00:00
CUST001030,Customer 01030,customer01030@example.com,Noida,Uttar Pradesh,RETURNING,Email,2025-12-16,2026-01-14 00:00:00
CUST001031,Customer 01031,customer01031@example.com,Kolkata,West Bengal,premium,Social,2026-06-28,2026-07-02 00:00:00
CUST001032,Customer 01032,customer01032@example.com,Delhi,Delhi,New,Affiliate,2026-04-02,2026-04-22 00:00:00
CUST001033,Customer 01033,customer01033@example.com,Ahmedabad,Gujarat,premium,Paid Ads,2025-03-29,2025-03-29 00:00:00
CUST001034,Customer 01034,customer01034@example.com,Delhi,Delhi,premium,Paid Ads,2025-03-04,2025-03-07 00:00:00
CUST001035,Customer 01035,customer01035@example.com,Ahmedabad,Gujarat,RETURNING,Paid Ads,2026-01-22,2026-02-16 00:00:00
CUST001036,Customer 01036,customer01036@example.com,Jaipur,Rajasthan,New,Direct,2026-04-04,2026-04-04 00:00:00
CUST001037,Customer 01037,customer01037@example.com,Mumbai,Maharashtra,New,Affiliate,2026-08-09,2026-08-21 00:00:00
CUST001038,Customer 01038,customer01038@example.com,Ahmedabad,Gujarat,premium,Organic,2025-09-26,2025-10-09 00:00:00
CUST001039,Customer 01039,customer01039@example.com,Delhi,Delhi,premium,Paid Ads,2025-12-12,2025-12-26 00:00:00
CUST001040,Customer 01040,customer01040@example.com,Jaipur,Rajasthan,Dormant,Organic,2025-03-19,2025-04-04 00:00:00
CUST001041,Customer 01041,customer01041@example.com,Ahmedabad,Gujarat,RETURNING,Affiliate,2025-12-31,2026-01-11 00:00:00
CUST001042,Customer 01042,customer01042@example.com,Noida,Uttar Pradesh,New,Direct,2025-01-14,2025-01-20 00:00:00
CUST001043,Customer 01043,customer01043@example.com,Mumbai,Maharashtra,New,Affiliate,2025-05-16,2025-06-07 00:00:00
CUST001044,Customer 01044,customer01044@example.com,Ahmedabad,Gujarat,premium,Social,2025-10-31,2025-11-18 00:00:00
CUST001045,Customer 01045,customer01045@example.com,Jaipur,Rajasthan,New,Paid Ads,2026-02-01,2026-02-23 00:00:00
CUST001046,Customer 01046,customer01046@example.com,Pune,Maharashtra,RETURNING,Direct,2025-03-20,2025-03-22 00:00:00
CUST001047,Customer 01047,customer01047@example.com,Hyderabad,Telangana,RETURNING,Social,2026-02-22,2026-03-11 00:00:00
CUST001048,Customer 01048,customer01048@example.com,Chennai,Tamil Nadu,New,Paid Ads,2025-08-30,2025-09-24 00:00:00
CUST001049,Customer 01049,customer01049@example.com,Hyderabad,Telangana,New,Affiliate,2025-02-20,2025-02-23 00:00:00
CUST001050,Customer 01050,customer01050@example.com,Hyderabad,Telangana,RETURNING,Affiliate,2026-01-19,2026-02-17 00:00:00
CUST001051,Customer 01051,customer01051@example.com,Bengaluru,Karnataka,New,Email,2026-01-10,2026-02-04 00:00:00
CUST001052,Customer 01052,customer01052@example.com,Noida,Uttar Pradesh,New,Email,2025-07-25,2025-07-27 00:00:00
CUST001053,Customer 01053,customer01053@example.com,Pune,Maharashtra,premium,Affiliate,2026-05-04,2026-05-15 00:00:00
CUST001054,Customer 01054,customer01054@example.com,Kolkata,West Bengal,premium,Affiliate,2026-01-16,2026-02-07 00:00:00
CUST001055,Customer 01055,customer01055@example.com,Ahmedabad,Gujarat,New,Organic,2025-11-07,2025-12-04 00:00:00
CUST001056,Customer 01056,customer01056@example.com,Chennai,Tamil Nadu,premium,Organic,2026-01-10,2026-01-21 00:00:00
CUST001057,Customer 01057,customer01057@example.com,Mumbai,Maharashtra,RETURNING,Social,2026-08-15,2026-08-31 00:00:00
CUST001058,Customer 01058,customer01058@example.com,Pune,Maharashtra,RETURNING,Email,2025-02-11,2025-02-16 00:00:00
CUST001059,Customer 01059,customer01059@example.com,Delhi,Delhi,Dormant,Email,2026-06-17,2026-07-01 00:00:00
CUST001060,Customer 01060,customer01060@example.com,Kolkata,West Bengal,premium,Affiliate,2026-06-06,2026-07-05 00:00:00
CUST001061,Customer 01061,customer01061@example.com,Bengaluru,Karnataka,premium,Affiliate,2025-06-02,2025-06-03 00:00:00
CUST001062,Customer 01062,customer01062@example.com,Bengaluru,Karnataka,New,Social,2025-11-08,2025-11-15 00:00:00
CUST001063,Customer 01063,customer01063@example.com,Pune,Maharashtra,New,Direct,2025-10-21,2025-11-03 00:00:00
CUST001064,Customer 01064,customer01064@example.com,,Rajasthan,Dormant,Direct,2026-08-21,2026-08-25 00:00:00
CUST001065,Customer 01065,customer01065@example.com,Hyderabad,Telangana,RETURNING,Direct,2025-04-23,2025-04-25 00:00:00
CUST001066,Customer 01066,customer01066@example.com,Delhi,Delhi,New,Email,2025-04-22,2025-05-01 00:00:00
CUST001067,Customer 01067,customer01067@example.com,Bengaluru,Karnataka,premium,Organic,2025-06-24,2025-06-30 00:00:00
CUST001068,Customer 01068,customer01068@example.com,Chennai,Tamil Nadu,premium,Direct,2025-10-29,2025-11-27 00:00:00
CUST001069,Customer 01069,customer01069@example.com,Bengaluru,Karnataka,Dormant,Paid Ads,2026-05-31,2026-06-10 00:00:00
CUST001070,Customer 01070,customer01070@example.com,Mumbai,Maharashtra,RETURNING,Social,2025-08-09,2025-08-23 00:00:00
CUST001071,Customer 01071,customer01071@example.com,Ahmedabad,Gujarat,Dormant,Direct,2025-06-20,2025-06-21 00:00:00
CUST001072,Customer 01072,customer01072@example.com,Bengaluru,Karnataka,New,Paid Ads,2025-11-14,2025-11-18 00:00:00
CUST001073,Customer 01073,customer01073@example.com,Mumbai,Maharashtra,New,Direct,2025-08-01,2025-08-11 00:00:00
CUST001074,Customer 01074,customer01074@example.com,Pune,Maharashtra,RETURNING,Organic,2025-09-10,2025-09-17 00:00:00
CUST001075,Customer 01075,customer01075@example.com,Pune,Maharashtra,New,Organic,2025-05-04,2025-05-16 00:00:00
CUST001076,Customer 01076,customer01076@example.com,Kolkata,West Bengal,RETURNING,Direct,2025-08-01,2025-08-11 00:00:00
CUST001077,Customer 01077,customer01077@example.com,Bengaluru,Karnataka,RETURNING,Paid Ads,2025-03-26,2025-04-11 00:00:00
CUST001078,Customer 01078,customer01078@example.com,Chennai,Tamil Nadu,RETURNING,Social,2026-05-31,2026-06-14 00:00:00
CUST001079,Customer 01079,customer01079@example.com,Bengaluru,Karnataka,New,Paid Ads,2025-03-06,2025-03-06 00:00:00
CUST001080,Customer 01080,customer01080@example.com,Chennai,Tamil Nadu,New,Social,2025-11-14,2025-12-02 00:00:00
CUST001081,Customer 01081,customer01081@example.com,Noida,Uttar Pradesh,RETURNING,Direct,2025-12-12,2025-12-27 00:00:00
CUST001082,Customer 01082,customer01082@example.com,Kolkata,West Bengal,RETURNING,Social,2025-08-31,2025-09-18 00:00:00
CUST001083,Customer 01083,customer01083@example.com,Noida,Uttar Pradesh,premium,Affiliate,2025-05-17,2025-05-29 00:00:00
CUST001084,Customer 01084,customer01084@example.com,Bengaluru,Karnataka,premium,Email,2025-09-04,2025-09-26 00:00:00
CUST001085,Customer 01085,customer01085@example.com,Kolkata,West Bengal,RETURNING,Email,2026-03-17,2026-04-07 00:00:00
CUST001086,Customer 01086,customer01086@example.com,Noida,Uttar Pradesh,premium,Organic,2025-02-14,2025-03-08 00:00:00
CUST001087,Customer 01087,customer01087@example.com,Hyderabad,Telangana,New,Affiliate,2026-07-08,2026-07-11 00:00:00
CUST001088,Customer 01088,customer01088@example.com,Bengaluru,Karnataka,New,Email,2025-03-30,2025-04-09 00:00:00
CUST001089,Customer 01089,customer01089@example.com,Noida,Uttar Pradesh,premium,Direct,2025-08-16,2025-09-02 00:00:00
CUST001090,Customer 01090,customer01090@example.com,Hyderabad,Telangana,RETURNING,Social,2025-10-18,2025-11-04 00:00:00
CUST001091,Customer 01091,customer01091@example.com,Hyderabad,Telangana,Dormant,Social,2026-02-26,2026-03-07 00:00:00
CUST001092,Customer 01092,customer01092@example.com,Pune,Maharashtra,RETURNING,Paid Ads,2025-03-08,2025-03-24 00:00:00
CUST001093,Customer 01093,customer01093@example.com,Bengaluru,Karnataka,premium,Paid Ads,2025-09-08,2025-10-07 00:00:00
CUST001094,Customer 01094,customer01094@example.com,Hyderabad,Telangana,RETURNING,Social,2025-02-10,2025-02-22 00:00:00
CUST001095,Customer 01095,customer01095@example.com,Pune,Maharashtra,RETURNING,Direct,2025-04-09,2025-05-08 00:00:00
CUST001096,Customer 01096,customer01096@example.com,Noida,Uttar Pradesh,RETURNING,Social,2025-11-02,2025-11-26 00:00:00
CUST001097,Customer 01097,customer01097@example.com,,Maharashtra,premium,Paid Ads,2026-04-01,2026-04-14 00:00:00
CUST001098,Customer 01098,customer01098@example.com,Bengaluru,Karnataka,RETURNING,Email,2026-08-14,2026-09-12 00:00:00
CUST001099,Customer 01099,customer01099@example.com,Kolkata,West Bengal,Dormant,Organic,2025-10-28,2025-11-03 00:00:00
CUST001100,Customer 01100,customer01100@example.com,Chennai,Tamil Nadu,New,Paid Ads,2025-07-18,2025-07-27 00:00:00
CUST001101,Customer 01101,customer01101@example.com,Chennai,Tamil Nadu,New,Direct,2026-05-03,2026-05-05 00:00:00
CUST001102,Customer 01102,customer01102@example.com,Noida,Uttar Pradesh,RETURNING,Email,2025-04-16,2025-04-17 00:00:00
CUST001103,Customer 01103,customer01103@example.com,Jaipur,Rajasthan,RETURNING,Email,2026-02-05,2026-03-06 00:00:00
CUST001104,Customer 01104,customer01104@example.com,Jaipur,Rajasthan,Dormant,Email,2026-04-22,2026-05-10 00:00:00
CUST001105,Customer 01105,,Noida,Uttar Pradesh,RETURNING,Affiliate,2025-05-02,2025-05-08 00:00:00
CUST001106,Customer 01106,customer01106@example.com,Hyderabad,Telangana,RETURNING,Affiliate,2025-03-18,2025-03-22 00:00:00
CUST001107,Customer 01107,customer01107@example.com,Bengaluru,Karnataka,RETURNING,Email,2025-11-08,2025-12-05 00:00:00
CUST001108,Customer 01108,customer01108@example.com,Chennai,Tamil Nadu,RETURNING,Direct,2025-04-22,2025-04-24 00:00:00
CUST001109,Customer 01109,customer01109@example.com,Chennai,Tamil Nadu,Dormant,Social,2026-06-02,2026-06-26 00:00:00
CUST001110,Customer 01110,customer01110@example.com,Hyderabad,Telangana,New,Direct,2025-07-16,2025-07-17 00:00:00
CUST001111,Customer 01111,customer01111@example.com,Chennai,Tamil Nadu,RETURNING,Affiliate,2025-04-08,2025-04-30 00:00:00
CUST001112,Customer 01112,customer01112@example.com,Kolkata,West Bengal,Dormant,Paid Ads,2026-04-04,2026-04-29 00:00:00
CUST001113,Customer 01113,customer01113@example.com,Bengaluru,Karnataka,Dormant,Affiliate,2025-08-18,2025-09-08 00:00:00
CUST001114,Customer 01114,customer01114@example.com,Ahmedabad,Gujarat,RETURNING,Social,2025-06-17,2025-06-22 00:00:00
CUST001115,Customer 01115,customer01115@example.com,Chennai,Tamil Nadu,RETURNING,Organic,2025-01-08,2025-01-21 00:00:00
CUST001116,Customer 01116,customer01116@example.com,Noida,Uttar Pradesh,New,Affiliate,2025-06-21,2025-06-27 00:00:00
CUST001117,Customer 01117,customer01117@example.com,Kolkata,West Bengal,RETURNING,Direct,2025-12-26,2026-01-16 00:00:00
CUST001118,Customer 01118,customer01118@example.com,Chennai,Tamil Nadu,premium,Direct,2025-07-14,2025-07-15 00:00:00
CUST001119,Customer 01119,customer01119@example.com,Kolkata,West Bengal,RETURNING,Email,2025-09-26,2025-10-06 00:00:00
CUST001120,Customer 01120,customer01120@example.com,Pune,Maharashtra,New,Email,2025-01-19,2025-02-08 00:00:00
CUST001121,Customer 01121,customer01121@example.com,Ahmedabad,Gujarat,New,Email,2025-12-20,2025-12-22 00:00:00
CUST001122,Customer 01122,customer01122@example.com,Delhi,Delhi,New,Organic,2025-02-18,2025-02-26 00:00:00
CUST001123,Customer 01123,customer01123@example.com,Noida,Uttar Pradesh,New,Social,2026-04-09,2026-04-16 00:00:00
CUST001124,Customer 01124,customer01124@example.com,Noida,Uttar Pradesh,New,Paid Ads,2025-12-22,2026-01-16 00:00:00
CUST001125,Customer 01125,customer01125@example.com,Bengaluru,Karnataka,RETURNING,Direct,2025-06-07,2025-06-17 00:00:00
CUST001126,Customer 01126,customer01126@example.com,Kolkata,West Bengal,New,Direct,2025-03-07,2025-03-24 00:00:00
CUST001127,Customer 01127,customer01127@example.com,Hyderabad,Telangana,New,Social,2026-07-25,2026-07-25 00:00:00
CUST001128,Customer 01128,customer01128@example.com,Noida,Uttar Pradesh,RETURNING,Organic,2025-11-04,2025-11-18 00:00:00
CUST001129,Customer 01129,customer01129@example.com,Kolkata,West Bengal,New,Email,2025-12-03,2025-12-06 00:00:00
CUST001130,Customer 01130,customer01130@example.com,Kolkata,West Bengal,New,Social,2025-05-01,2025-05-04 00:00:00
CUST001131,Customer 01131,customer01131@example.com,Mumbai,Maharashtra,RETURNING,Paid Ads,2026-02-08,2026-03-07 00:00:00
CUST001132,Customer 01132,customer01132@example.com,Mumbai,Maharashtra,New,Email,2026-07-22,2026-07-31 00:00:00
CUST001133,Customer 01133,customer01133@example.com,Delhi,Delhi,RETURNING,Paid Ads,2025-04-06,2025-04-16 00:00:00
CUST001134,Customer 01134,customer01134@example.com,Pune,Maharashtra,New,Affiliate,2025-04-24,2025-05-11 00:00:00
CUST001135,Customer 01135,customer01135@example.com,Delhi,Delhi,premium,Paid Ads,2026-03-05,2026-03-27 00:00:00
CUST001136,Customer 01136,customer01136@example.com,Chennai,Tamil Nadu,Dormant,Email,2026-06-24,2026-07-22 00:00:00
CUST001137,Customer 01137,customer01137@example.com,Hyderabad,Telangana,premium,Affiliate,2025-01-02,2025-01-16 00:00:00
CUST001138,Customer 01138,customer01138@example.com,Chennai,Tamil Nadu,RETURNING,Email,2025-07-31,2025-08-02 00:00:00
CUST001139,Customer 01139,customer01139@example.com,Jaipur,Rajasthan,Dormant,Direct,2026-08-03,2026-08-09 00:00:00
CUST001140,Customer 01140,customer01140@example.com,Chennai,Tamil Nadu,RETURNING,Email,2025-11-29,2025-12-05 00:00:00
CUST001141,Customer 01141,customer01141@example.com,Bengaluru,Karnataka,New,Affiliate,2025-01-24,2025-02-09 00:00:00
CUST001142,Customer 01142,customer01142@example.com,Chennai,Tamil Nadu,RETURNING,Paid Ads,2026-01-03,2026-01-24 00:00:00
CUST001143,Customer 01143,customer01143@example.com,Delhi,Delhi,Dormant,Direct,2026-05-21,2026-06-09 00:00:00
CUST001144,Customer 01144,customer01144@example.com,Noida,Uttar Pradesh,RETURNING,Organic,2025-06-25,2025-07-21 00:00:00
CUST001145,Customer 01145,customer01145@example.com,Noida,Uttar Pradesh,New,Organic,2026-03-05,2026-03-28 00:00:00
CUST001146,Customer 01146,customer01146@example.com,Mumbai,Maharashtra,premium,Organic,2026-03-18,2026-04-02 00:00:00
CUST001147,Customer 01147,customer01147@example.com,Hyderabad,Telangana,premium,Organic,2026-07-02,2026-07-17 00:00:00
CUST001148,Customer 01148,customer01148@example.com,Hyderabad,Telangana,New,Social,2026-05-29,2026-06-05 00:00:00
CUST001149,Customer 01149,customer01149@example.com,Bengaluru,Karnataka,RETURNING,Organic,2025-12-27,2025-12-29 00:00:00
CUST001150,Customer 01150,customer01150@example.com,Delhi,Delhi,New,Affiliate,2025-10-01,2025-10-20 00:00:00
CUST001151,Customer 01151,customer01151@example.com,Mumbai,Maharashtra,premium,Organic,2025-06-26,2025-07-10 00:00:00
CUST001152,Customer 01152,customer01152@example.com,Jaipur,Rajasthan,New,Email,2025-09-21,2025-09-21 00:00:00
CUST001153,Customer 01153,customer01153@example.com,Hyderabad,Telangana,RETURNING,Organic,2025-07-05,2025-07-14 00:00:00
CUST001154,Customer 01154,customer01154@example.com,Noida,Uttar Pradesh,premium,Paid Ads,2026-06-11,2026-06-12 00:00:00
CUST001155,Customer 01155,customer01155@example.com,Chennai,Tamil Nadu,RETURNING,Affiliate,2025-10-06,2025-10-12 00:00:00
CUST001156,Customer 01156,customer01156@example.com,Chennai,Tamil Nadu,RETURNING,Affiliate,2025-07-17,2025-07-30 00:00:00
CUST001157,Customer 01157,customer01157@example.com,Mumbai,Maharashtra,RETURNING,Direct,2025-12-15,2025-12-30 00:00:00
CUST001158,Customer 01158,customer01158@example.com,Delhi,Delhi,New,Social,2026-02-25,2026-03-23 00:00:00
CUST001159,Customer 01159,customer01159@example.com,Delhi,Delhi,RETURNING,Email,2025-11-01,2025-11-28 00:00:00
CUST001160,Customer 01160,customer01160@example.com,Pune,Maharashtra,New,Affiliate,2025-03-05,2025-03-19 00:00:00
CUST001161,Customer 01161,customer01161@example.com,Ahmedabad,Gujarat,RETURNING,Paid Ads,2025-10-17,2025-10-23 00:00:00
CUST001162,Customer 01162,customer01162@example.com,Hyderabad,Telangana,New,Organic,2025-01-18,2025-01-30 00:00:00
CUST001163,Customer 01163,customer01163@example.com,Delhi,Delhi,RETURNING,Affiliate,2025-03-05,2025-03-29 00:00:00
CUST001164,Customer 01164,customer01164@example.com,Noida,Uttar Pradesh,Dormant,Paid Ads,2025-11-26,2025-12-05 00:00:00
CUST001165,Customer 01165,customer01165@example.com,Mumbai,Maharashtra,Dormant,Organic,2025-01-17,2025-01-25 00:00:00
CUST001166,Customer 01166,customer01166@example.com,Jaipur,Rajasthan,RETURNING,Social,2026-03-19,2026-03-27 00:00:00
CUST001167,Customer 01167,customer01167@example.com,Pune,Maharashtra,New,Affiliate,2025-05-21,2025-05-26 00:00:00
CUST001168,Customer 01168,customer01168@example.com,Kolkata,West Bengal,RETURNING,Affiliate,2025-11-04,2025-11-27 00:00:00
CUST001169,Customer 01169,customer01169@example.com,Bengaluru,Karnataka,premium,Paid Ads,2026-03-20,2026-04-13 00:00:00
CUST001170,Customer 01170,customer01170@example.com,Jaipur,Rajasthan,New,Direct,2026-05-11,2026-05-22 00:00:00
CUST001171,Customer 01171,customer01171@example.com,Kolkata,West Bengal,Dormant,Email,2026-03-02,2026-03-31 00:00:00
CUST001172,Customer 01172,customer01172@example.com,Chennai,Tamil Nadu,RETURNING,Social,2026-04-20,2026-05-12 00:00:00
CUST001173,Customer 01173,customer01173@example.com,Bengaluru,Karnataka,Dormant,Email,2025-09-02,2025-09-21 00:00:00
CUST001174,Customer 01174,customer01174@example.com,Hyderabad,Telangana,premium,Affiliate,2026-03-26,2026-04-24 00:00:00
CUST001175,Customer 01175,customer01175@example.com,Noida,Uttar Pradesh,premium,Email,2025-12-17,2026-01-05 00:00:00
CUST001176,Customer 01176,customer01176@example.com,Bengaluru,Karnataka,RETURNING,Organic,2026-08-22,2026-09-12 00:00:00
CUST001177,Customer 01177,customer01177@example.com,Ahmedabad,Gujarat,New,Social,2025-06-10,2025-06-23 00:00:00
CUST001178,Customer 01178,customer01178@example.com,Kolkata,West Bengal,RETURNING,Email,2025-05-20,2025-06-15 00:00:00
CUST001179,Customer 01179,customer01179@example.com,Hyderabad,Telangana,RETURNING,Organic,2026-05-08,2026-05-27 00:00:00
CUST001180,Customer 01180,customer01180@example.com,Ahmedabad,Gujarat,New,Paid Ads,2026-08-11,2026-09-06 00:00:00
CUST001181,Customer 01181,,Chennai,Tamil Nadu,RETURNING,Email,2026-06-15,2026-06-21 00:00:00
CUST001182,Customer 01182,customer01182@example.com,Ahmedabad,Gujarat,RETURNING,Social,2026-01-28,2026-02-04 00:00:00
CUST001183,Customer 01183,customer01183@example.com,Pune,Maharashtra,RETURNING,Organic,2026-02-05,2026-02-12 00:00:00
CUST001184,Customer 01184,customer01184@example.com,Pune,Maharashtra,RETURNING,Email,2025-02-19,2025-03-20 00:00:00
CUST001185,Customer 01185,customer01185@example.com,Mumbai,Maharashtra,New,Paid Ads,2025-10-22,2025-10-29 00:00:00
CUST001186,Customer 01186,customer01186@example.com,Jaipur,Rajasthan,Dormant,Email,2026-03-01,2026-03-02 00:00:00
CUST001187,Customer 01187,customer01187@example.com,Jaipur,Rajasthan,New,Organic,2025-01-12,2025-01-25 00:00:00
CUST001188,Customer 01188,customer01188@example.com,Hyderabad,Telangana,RETURNING,Email,2025-12-01,2025-12-10 00:00:00
CUST001189,Customer 01189,customer01189@example.com,Chennai,Tamil Nadu,RETURNING,Social,2025-01-15,2025-02-01 00:00:00
CUST001190,Customer 01190,customer01190@example.com,Delhi,Delhi,premium,Affiliate,2025-01-28,2025-02-14 00:00:00
CUST001191,Customer 01191,customer01191@example.com,Pune,Maharashtra,New,Organic,2026-01-23,2026-02-09 00:00:00
CUST001192,Customer 01192,customer01192@example.com,Hyderabad,Telangana,RETURNING,Organic,2025-10-19,2025-11-03 00:00:00
CUST001193,Customer 01193,customer01193@example.com,Delhi,Delhi,RETURNING,Organic,2025-09-07,2025-09-26 00:00:00
CUST001194,Customer 01194,customer01194@example.com,Jaipur,Rajasthan,New,Organic,2026-05-20,2026-05-24 00:00:00
CUST001195,Customer 01195,customer01195@example.com,Mumbai,Maharashtra,RETURNING,Email,2025-04-08,2025-04-27 00:00:00
CUST001196,Customer 01196,customer01196@example.com,Ahmedabad,Gujarat,Dormant,Social,2025-12-03,2025-12-07 00:00:00
CUST001197,Customer 01197,customer01197@example.com,Pune,Maharashtra,Dormant,Paid Ads,2025-02-08,2025-02-27 00:00:00
CUST001198,Customer 01198,customer01198@example.com,Hyderabad,Telangana,New,Social,2025-02-07,2025-03-01 00:00:00
CUST001199,Customer 01199,customer01199@example.com,Bengaluru,Karnataka,New,Organic,2025-10-27,2025-11-05 00:00:00
CUST001200,Customer 01200,customer01200@example.com,Delhi,Delhi,RETURNING,Direct,2025-06-28,2025-07-14 00:00:00
CUST001201,Customer 01201,customer01201@example.com,Ahmedabad,Gujarat,RETURNING,Email,2026-04-14,2026-05-13 00:00:00
CUST001202,Customer 01202,customer01202@example.com,Pune,Maharashtra,New,Direct,2025-10-09,2025-10-21 00:00:00
CUST001203,Customer 01203,customer01203@example.com,Jaipur,Rajasthan,New,Email,2025-06-13,2025-06-29 00:00:00
CUST001204,Customer 01204,customer01204@example.com,Chennai,Tamil Nadu,Dormant,Organic,2026-03-29,2026-04-15 00:00:00
CUST001205,Customer 01205,customer01205@example.com,Delhi,Delhi,Dormant,Email,2025-04-07,2025-04-19 00:00:00
CUST001206,Customer 01206,customer01206@example.com,Jaipur,Rajasthan,New,Organic,2025-11-05,2025-11-21 00:00:00
CUST001207,Customer 01207,customer01207@example.com,Pune,Maharashtra,RETURNING,Social,2025-09-19,2025-10-16 00:00:00
CUST001208,Customer 01208,customer01208@example.com,Delhi,Delhi,RETURNING,Affiliate,2025-10-20,2025-11-03 00:00:00
CUST001209,Customer 01209,customer01209@example.com,Ahmedabad,Gujarat,New,Email,2025-09-06,2025-10-01 00:00:00
CUST001210,Customer 01210,customer01210@example.com,Pune,Maharashtra,RETURNING,Organic,2025-09-02,2025-09-13 00:00:00
CUST001211,Customer 01211,customer01211@example.com,Kolkata,West Bengal,RETURNING,Direct,2025-09-08,2025-10-05 00:00:00
CUST001212,Customer 01212,customer01212@example.com,Hyderabad,Telangana,Dormant,Organic,2025-05-03,2025-05-12 00:00:00
CUST001213,Customer 01213,customer01213@example.com,Ahmedabad,Gujarat,premium,Direct,2025-11-21,2025-12-03 00:00:00
CUST001214,Customer 01214,customer01214@example.com,Delhi,Delhi,RETURNING,Email,2026-05-16,2026-06-14 00:00:00
CUST001215,Customer 01215,customer01215@example.com,Chennai,Tamil Nadu,RETURNING,Paid Ads,2025-03-07,2025-03-17 00:00:00
CUST001216,Customer 01216,customer01216@example.com,Jaipur,Rajasthan,New,Direct,2025-02-28,2025-03-02 00:00:00
CUST001217,Customer 01217,customer01217@example.com,Bengaluru,Karnataka,RETURNING,Organic,2026-05-13,2026-06-03 00:00:00
CUST001218,Customer 01218,customer01218@example.com,Jaipur,Rajasthan,RETURNING,Email,2026-01-08,2026-01-17 00:00:00
CUST001219,Customer 01219,customer01219@example.com,Delhi,Delhi,New,Organic,2025-09-23,2025-10-03 00:00:00
CUST001220,Customer 01220,customer01220@example.com,Jaipur,Rajasthan,New,Paid Ads,2025-08-24,2025-08-29 00:00:00
CUST001221,Customer 01221,customer01221@example.com,,Telangana,New,Affiliate,2025-08-06,2025-08-06 00:00:00
CUST001222,Customer 01222,customer01222@example.com,Pune,Maharashtra,Dormant,Paid Ads,2026-06-11,2026-06-16 00:00:00
CUST001223,Customer 01223,customer01223@example.com,Bengaluru,Karnataka,New,Social,2026-03-17,2026-03-21 00:00:00
CUST001224,Customer 01224,customer01224@example.com,Noida,Uttar Pradesh,New,Email,2026-02-10,2026-02-16 00:00:00
CUST001225,Customer 01225,customer01225@example.com,Delhi,Delhi,RETURNING,Paid Ads,2026-08-12,2026-09-02 00:00:00
CUST001226,Customer 01226,customer01226@example.com,Mumbai,Maharashtra,RETURNING,Affiliate,2026-04-14,2026-04-25 00:00:00
CUST001227,Customer 01227,customer01227@example.com,Noida,Uttar Pradesh,New,Organic,2025-04-20,2025-05-01 00:00:00
CUST001228,Customer 01228,customer01228@example.com,Jaipur,Rajasthan,Dormant,Email,2025-12-19,2025-12-25 00:00:00
CUST001229,Customer 01229,customer01229@example.com,Delhi,Delhi,Dormant,Direct,2025-04-01,2025-04-02 00:00:00
CUST001230,Customer 01230,customer01230@example.com,Kolkata,West Bengal,RETURNING,Paid Ads,2026-02-18,2026-03-17 00:00:00
CUST001231,Customer 01231,customer01231@example.com,Mumbai,Maharashtra,RETURNING,Affiliate,2025-03-14,2025-03-14 00:00:00
CUST001232,Customer 01232,customer01232@example.com,Bengaluru,Karnataka,New,Paid Ads,2026-07-01,2026-07-30 00:00:00
CUST001233,Customer 01233,customer01233@example.com,Chennai,Tamil Nadu,RETURNING,Social,2025-10-25,2025-11-16 00:00:00
CUST001234,Customer 01234,customer01234@example.com,Kolkata,West Bengal,premium,Email,2025-10-10,2025-11-03 00:00:00
CUST001235,Customer 01235,customer01235@example.com,Noida,Uttar Pradesh,New,Organic,2026-05-20,2026-06-06 00:00:00
CUST001236,Customer 01236,customer01236@example.com,Pune,Maharashtra,New,Affiliate,2025-07-17,2025-07-28 00:00:00
CUST001237,Customer 01237,customer01237@example.com,Hyderabad,Telangana,RETURNING,Paid Ads,2025-02-01,2025-02-07 00:00:00
CUST001238,Customer 01238,customer01238@example.com,Chennai,Tamil Nadu,New,Email,2025-12-07,2025-12-25 00:00:00
CUST001239,Customer 01239,customer01239@example.com,Kolkata,West Bengal,Dormant,Paid Ads,2025-11-30,2025-12-21 00:00:00
CUST001240,Customer 01240,customer01240@example.com,Pune,Maharashtra,New,Email,2025-05-23,2025-05-25 00:00:00
CUST001241,Customer 01241,customer01241@example.com,Pune,Maharashtra,premium,Social,2026-02-14,2026-03-14 00:00:00
CUST001242,Customer 01242,customer01242@example.com,,Delhi,RETURNING,Paid Ads,2025-02-13,2025-02-22 00:00:00
CUST001243,Customer 01243,customer01243@example.com,Kolkata,West Bengal,premium,Social,2025-02-01,2025-03-01 00:00:00
CUST001244,Customer 01244,customer01244@example.com,Bengaluru,Karnataka,RETURNING,Direct,2025-01-28,2025-02-23 00:00:00
CUST001245,Customer 01245,customer01245@example.com,Jaipur,Rajasthan,RETURNING,Direct,2026-02-27,2026-03-25 00:00:00
CUST001246,Customer 01246,customer01246@example.com,Mumbai,Maharashtra,Dormant,Affiliate,2026-05-06,2026-05-16 00:00:00
CUST001247,Customer 01247,customer01247@example.com,Mumbai,Maharashtra,RETURNING,Social,2025-06-09,2025-06-13 00:00:00
CUST001248,Customer 01248,customer01248@example.com,Noida,Uttar Pradesh,RETURNING,Email,2025-07-26,2025-07-27 00:00:00
CUST001249,Customer 01249,customer01249@example.com,Noida,Uttar Pradesh,RETURNING,Affiliate,2025-01-18,2025-01-25 00:00:00
CUST001250,Customer 01250,customer01250@example.com,Mumbai,Maharashtra,premium,Paid Ads,2025-04-13,2025-04-26 00:00:00
CUST001251,Customer 01251,customer01251@example.com,Bengaluru,Karnataka,RETURNING,Paid Ads,2026-08-05,2026-08-12 00:00:00
CUST001252,Customer 01252,customer01252@example.com,Hyderabad,Telangana,Dormant,Email,2025-08-20,2025-09-11 00:00:00
CUST001253,Customer 01253,customer01253@example.com,Ahmedabad,Gujarat,New,Organic,2026-02-28,2026-03-05 00:00:00
CUST001254,Customer 01254,customer01254@example.com,Jaipur,Rajasthan,RETURNING,Organic,2026-07-01,2026-07-01 00:00:00
CUST001255,Customer 01255,,Hyderabad,Telangana,premium,Paid Ads,2025-08-27,2025-09-19 00:00:00
CUST001256,Customer 01256,customer01256@example.com,Delhi,Delhi,RETURNING,Email,2025-11-30,2025-11-30 00:00:00
CUST001257,Customer 01257,customer01257@example.com,Ahmedabad,Gujarat,Dormant,Organic,2025-05-29,2025-06-05 00:00:00
CUST001258,Customer 01258,customer01258@example.com,Ahmedabad,Gujarat,Dormant,Social,2026-02-12,2026-02-22 00:00:00
CUST001259,Customer 01259,customer01259@example.com,Kolkata,West Bengal,RETURNING,Paid Ads,2025-01-17,2025-02-03 00:00:00
CUST001260,Customer 01260,customer01260@example.com,Bengaluru,Karnataka,New,Direct,2025-08-14,2025-09-06 00:00:00
CUST001261,Customer 01261,customer01261@example.com,Bengaluru,Karnataka,New,Social,2025-09-17,2025-09-26 00:00:00
CUST001262,Customer 01262,customer01262@example.com,Ahmedabad,Gujarat,premium,Email,2025-06-23,2025-07-04 00:00:00
CUST001263,Customer 01263,customer01263@example.com,Kolkata,West Bengal,Dormant,Direct,2025-07-24,2025-08-12 00:00:00
CUST001264,Customer 01264,customer01264@example.com,Jaipur,Rajasthan,New,Social,2026-02-19,2026-03-13 00:00:00
CUST001265,Customer 01265,customer01265@example.com,Ahmedabad,Gujarat,New,Organic,2026-05-23,2026-06-07 00:00:00
CUST001266,Customer 01266,customer01266@example.com,Chennai,Tamil Nadu,New,Organic,2025-06-02,2025-06-06 00:00:00
CUST001267,Customer 01267,customer01267@example.com,Noida,Uttar Pradesh,premium,Direct,2025-04-13,2025-04-28 00:00:00
CUST001268,Customer 01268,customer01268@example.com,Noida,Uttar Pradesh,RETURNING,Affiliate,2025-03-06,2025-03-29 00:00:00
CUST001269,Customer 01269,customer01269@example.com,Hyderabad,Telangana,RETURNING,Paid Ads,2025-04-27,2025-05-08 00:00:00
CUST001270,Customer 01270,customer01270@example.com,Delhi,Delhi,RETURNING,Direct,2025-06-05,2025-06-10 00:00:00
CUST001271,Customer 01271,customer01271@example.com,Noida,Uttar Pradesh,premium,Email,2025-03-23,2025-04-21 00:00:00
CUST001272,Customer 01272,customer01272@example.com,Pune,Maharashtra,RETURNING,Paid Ads,2026-06-02,2026-06-06 00:00:00
CUST001273,Customer 01273,customer01273@example.com,Hyderabad,Telangana,RETURNING,Social,2025-03-08,2025-03-08 00:00:00
CUST001274,Customer 01274,,Noida,Uttar Pradesh,New,Email,2025-08-26,2025-09-13 00:00:00
CUST001275,Customer 01275,customer01275@example.com,Delhi,Delhi,RETURNING,Email,2026-08-07,2026-08-16 00:00:00
CUST001276,Customer 01276,customer01276@example.com,Bengaluru,Karnataka,premium,Organic,2025-11-22,2025-12-16 00:00:00
CUST001277,Customer 01277,customer01277@example.com,Bengaluru,Karnataka,Dormant,Social,2026-08-13,2026-08-26 00:00:00
CUST001278,Customer 01278,customer01278@example.com,Jaipur,Rajasthan,New,Organic,2025-03-08,2025-04-01 00:00:00
CUST001279,Customer 01279,customer01279@example.com,Ahmedabad,Gujarat,New,Organic,2025-06-25,2025-07-15 00:00:00
CUST001280,Customer 01280,customer01280@example.com,Chennai,Tamil Nadu,New,Affiliate,2026-04-23,2026-04-25 00:00:00
CUST001281,Customer 01281,customer01281@example.com,Bengaluru,Karnataka,RETURNING,Organic,2025-09-12,2025-09-17 00:00:00
CUST001282,Customer 01282,customer01282@example.com,Kolkata,West Bengal,premium,Paid Ads,2025-03-04,2025-03-08 00:00:00
CUST001283,Customer 01283,customer01283@example.com,Noida,Uttar Pradesh,New,Email,2026-02-07,2026-02-23 00:00:00
CUST001284,Customer 01284,customer01284@example.com,Kolkata,West Bengal,RETURNING,Organic,2025-07-11,2025-07-28 00:00:00
CUST001285,Customer 01285,customer01285@example.com,Delhi,Delhi,RETURNING,Direct,2025-11-25,2025-12-06 00:00:00
CUST001286,Customer 01286,customer01286@example.com,Bengaluru,Karnataka,New,Paid Ads,2025-03-12,2025-03-16 00:00:00
CUST001287,Customer 01287,customer01287@example.com,Chennai,Tamil Nadu,RETURNING,Social,2025-03-04,2025-04-02 00:00:00
CUST001288,Customer 01288,customer01288@example.com,Delhi,Delhi,New,Email,2025-10-24,2025-11-01 00:00:00
CUST001289,Customer 01289,customer01289@example.com,Pune,Maharashtra,RETURNING,Direct,2025-09-02,2025-09-13 00:00:00
CUST001290,Customer 01290,customer01290@example.com,Pune,Maharashtra,premium,Direct,2026-06-03,2026-06-22 00:00:00
CUST001291,Customer 01291,customer01291@example.com,Kolkata,West Bengal,RETURNING,Social,2026-01-28,2026-02-05 00:00:00
CUST001292,Customer 01292,customer01292@example.com,Ahmedabad,Gujarat,New,Direct,2025-06-26,2025-06-28 00:00:00
CUST001293,Customer 01293,customer01293@example.com,Hyderabad,Telangana,Dormant,Paid Ads,2025-07-23,2025-07-23 00:00:00
CUST001294,Customer 01294,customer01294@example.com,Ahmedabad,Gujarat,RETURNING,Social,2026-08-17,2026-09-07 00:00:00
CUST001295,Customer 01295,customer01295@example.com,Jaipur,Rajasthan,premium,Direct,2026-06-17,2026-07-01 00:00:00
CUST001296,Customer 01296,customer01296@example.com,Ahmedabad,Gujarat,New,Social,2025-05-08,2025-05-17 00:00:00
CUST001297,Customer 01297,customer01297@example.com,Jaipur,Rajasthan,New,Social,2025-07-14,2025-07-27 00:00:00
CUST001298,Customer 01298,customer01298@example.com,Jaipur,Rajasthan,New,Organic,2025-07-13,2025-07-19 00:00:00
CUST001299,Customer 01299,customer01299@example.com,,Tamil Nadu,New,Organic,2025-07-03,2025-07-06 00:00:00
CUST001300,Customer 01300,customer01300@example.com,Bengaluru,Karnataka,RETURNING,Organic,2025-09-04,2025-09-29 00:00:00
CUST001301,Customer 01301,,Chennai,Tamil Nadu,Dormant,Direct,2025-11-20,2025-11-24 00:00:00
CUST001302,Customer 01302,customer01302@example.com,Jaipur,Rajasthan,RETURNING,Email,2025-06-09,2025-06-28 00:00:00
CUST001303,Customer 01303,customer01303@example.com,,Delhi,New,Paid Ads,2025-03-07,2025-03-22 00:00:00
CUST001304,Customer 01304,customer01304@example.com,Pune,Maharashtra,RETURNING,Direct,2025-09-11,2025-09-13 00:00:00
CUST001305,Customer 01305,customer01305@example.com,Jaipur,Rajasthan,New,Organic,2025-10-10,2025-10-26 00:00:00
CUST001306,Customer 01306,customer01306@example.com,Chennai,Tamil Nadu,RETURNING,Social,2025-03-01,2025-03-13 00:00:00
CUST001307,Customer 01307,customer01307@example.com,Delhi,Delhi,RETURNING,Direct,2025-04-28,2025-05-03 00:00:00
CUST001308,Customer 01308,customer01308@example.com,Chennai,Tamil Nadu,premium,Social,2026-02-27,2026-03-24 00:00:00
CUST001309,Customer 01309,customer01309@example.com,Ahmedabad,Gujarat,Dormant,Social,2026-07-10,2026-07-14 00:00:00
CUST001310,Customer 01310,customer01310@example.com,Noida,Uttar Pradesh,New,Social,2025-02-05,2025-02-20 00:00:00
CUST001311,Customer 01311,customer01311@example.com,Kolkata,West Bengal,RETURNING,Affiliate,2026-06-15,2026-06-25 00:00:00
CUST001312,Customer 01312,customer01312@example.com,Hyderabad,Telangana,Dormant,Email,2025-04-01,2025-04-17 00:00:00
CUST001313,Customer 01313,customer01313@example.com,Chennai,Tamil Nadu,premium,Paid Ads,2025-10-28,2025-11-01 00:00:00
CUST001314,Customer 01314,customer01314@example.com,Hyderabad,Telangana,RETURNING,Paid Ads,2025-08-05,2025-08-10 00:00:00
CUST001315,Customer 01315,customer01315@example.com,Mumbai,Maharashtra,Dormant,Organic,2025-04-08,2025-04-17 00:00:00
CUST001316,Customer 01316,customer01316@example.com,Chennai,Tamil Nadu,New,Affiliate,2026-04-01,2026-04-21 00:00:00
CUST001317,Customer 01317,customer01317@example.com,Noida,Uttar Pradesh,Dormant,Direct,2026-06-15,2026-06-15 00:00:00
CUST001318,Customer 01318,customer01318@example.com,Hyderabad,Telangana,New,Direct,2026-06-22,2026-07-21 00:00:00
CUST001319,Customer 01319,customer01319@example.com,Jaipur,Rajasthan,RETURNING,Paid Ads,2025-01-28,2025-02-17 00:00:00
CUST001320,Customer 01320,customer01320@example.com,Chennai,Tamil Nadu,Dormant,Email,2026-07-30,2026-08-08 00:00:00
CUST001321,Customer 01321,,Bengaluru,Karnataka,New,Social,2025-11-20,2025-12-06 00:00:00
CUST001322,Customer 01322,customer01322@example.com,,West Bengal,RETURNING,Organic,2025-08-11,2025-09-06 00:00:00
CUST001323,Customer 01323,customer01323@example.com,,Uttar Pradesh,RETURNING,Email,2025-03-21,2025-03-23 00:00:00
CUST001324,Customer 01324,customer01324@example.com,Hyderabad,Telangana,Dormant,Paid Ads,2026-07-17,2026-08-13 00:00:00
CUST001325,Customer 01325,customer01325@example.com,Noida,Uttar Pradesh,premium,Affiliate,2026-04-03,2026-05-01 00:00:00
CUST001326,Customer 01326,customer01326@example.com,Delhi,Delhi,premium,Organic,2025-06-25,2025-06-26 00:00:00
CUST001327,Customer 01327,customer01327@example.com,Kolkata,West Bengal,RETURNING,Paid Ads,2026-06-06,2026-07-04 00:00:00
CUST001328,Customer 01328,customer01328@example.com,Jaipur,Rajasthan,premium,Direct,2026-04-02,2026-04-18 00:00:00
CUST001329,Customer 01329,customer01329@example.com,Chennai,Tamil Nadu,RETURNING,Organic,2026-02-27,2026-03-02 00:00:00
CUST001330,Customer 01330,customer01330@example.com,Chennai,Tamil Nadu,RETURNING,Paid Ads,2025-04-10,2025-04-11 00:00:00
CUST001331,Customer 01331,customer01331@example.com,Chennai,Tamil Nadu,premium,Direct,2026-02-07,2026-02-11 00:00:00
CUST001332,Customer 01332,customer01332@example.com,Kolkata,West Bengal,RETURNING,Direct,2026-07-30,2026-08-08 00:00:00
CUST001333,Customer 01333,customer01333@example.com,Bengaluru,Karnataka,New,Social,2026-01-15,2026-01-15 00:00:00
CUST001334,Customer 01334,customer01334@example.com,Mumbai,Maharashtra,New,Affiliate,2026-06-15,2026-07-12 00:00:00
CUST001335,Customer 01335,customer01335@example.com,Pune,Maharashtra,New,Social,2025-11-28,2025-12-23 00:00:00
CUST001336,Customer 01336,customer01336@example.com,Ahmedabad,Gujarat,Dormant,Paid Ads,2025-11-14,2025-11-14 00:00:00
CUST001337,Customer 01337,customer01337@example.com,Hyderabad,Telangana,RETURNING,Email,2026-06-21,2026-07-17 00:00:00
CUST001338,Customer 01338,customer01338@example.com,Bengaluru,Karnataka,premium,Social,2025-03-30,2025-04-24 00:00:00
CUST001339,Customer 01339,customer01339@example.com,Jaipur,Rajasthan,RETURNING,Email,2026-05-26,2026-05-29 00:00:00
CUST001340,Customer 01340,customer01340@example.com,Hyderabad,Telangana,New,Direct,2025-02-11,2025-02-17 00:00:00
CUST001341,Customer 01341,customer01341@example.com,Chennai,Tamil Nadu,RETURNING,Paid Ads,2026-01-24,2026-02-06 00:00:00
CUST001342,Customer 01342,customer01342@example.com,Noida,Uttar Pradesh,premium,Affiliate,2025-03-22,2025-04-04 00:00:00
CUST001343,Customer 01343,customer01343@example.com,Jaipur,Rajasthan,RETURNING,Email,2026-02-06,2026-02-23 00:00:00
CUST001344,Customer 01344,customer01344@example.com,Hyderabad,Telangana,Dormant,Paid Ads,2025-04-17,2025-04-18 00:00:00
CUST001345,Customer 01345,customer01345@example.com,Chennai,Tamil Nadu,RETURNING,Email,2025-04-21,2025-04-21 00:00:00
CUST001346,Customer 01346,customer01346@example.com,Hyderabad,Telangana,RETURNING,Social,2025-10-04,2025-10-24 00:00:00
CUST001347,Customer 01347,customer01347@example.com,Noida,Uttar Pradesh,RETURNING,Paid Ads,2025-08-02,2025-08-23 00:00:00
CUST001348,Customer 01348,customer01348@example.com,Chennai,Tamil Nadu,Dormant,Social,2026-05-21,2026-06-05 00:00:00
CUST001349,Customer 01349,customer01349@example.com,Mumbai,Maharashtra,premium,Organic,2025-05-01,2025-05-29 00:00:00
CUST001350,Customer 01350,customer01350@example.com,Bengaluru,Karnataka,New,Paid Ads,2025-05-14,2025-06-04 00:00:00
CUST001351,Customer 01351,customer01351@example.com,Delhi,Delhi,RETURNING,Email,2026-01-06,2026-01-23 00:00:00
CUST001352,Customer 01352,customer01352@example.com,Ahmedabad,Gujarat,RETURNING,Organic,2025-09-14,2025-09-29 00:00:00
CUST001353,Customer 01353,customer01353@example.com,Kolkata,West Bengal,premium,Social,2025-06-29,2025-07-26 00:00:00
CUST001354,Customer 01354,customer01354@example.com,Ahmedabad,Gujarat,New,Social,2025-02-17,2025-03-16 00:00:00
CUST001355,Customer 01355,customer01355@example.com,Jaipur,Rajasthan,Dormant,Email,2026-08-22,2026-09-13 00:00:00
CUST001356,Customer 01356,customer01356@example.com,Ahmedabad,Gujarat,Dormant,Organic,2025-01-19,2025-02-09 00:00:00
CUST001357,Customer 01357,customer01357@example.com,Chennai,Tamil Nadu,New,Direct,2025-02-15,2025-03-10 00:00:00
CUST001358,Customer 01358,customer01358@example.com,Mumbai,Maharashtra,Dormant,Affiliate,2026-03-27,2026-04-01 00:00:00
CUST001359,Customer 01359,customer01359@example.com,Delhi,Delhi,New,Email,2025-02-25,2025-03-21 00:00:00
CUST001360,Customer 01360,customer01360@example.com,Bengaluru,Karnataka,New,Social,2025-04-02,2025-04-11 00:00:00
CUST001361,Customer 01361,customer01361@example.com,Bengaluru,Karnataka,New,Paid Ads,2025-03-23,2025-03-24 00:00:00
CUST001362,Customer 01362,customer01362@example.com,Noida,Uttar Pradesh,New,Organic,2025-03-20,2025-03-26 00:00:00
CUST001363,Customer 01363,,Kolkata,West Bengal,premium,Direct,2025-10-10,2025-10-30 00:00:00
CUST001364,Customer 01364,customer01364@example.com,Hyderabad,Telangana,New,Affiliate,2025-11-07,2025-11-23 00:00:00
CUST001365,Customer 01365,customer01365@example.com,Mumbai,Maharashtra,New,Paid Ads,2025-06-09,2025-06-11 00:00:00
CUST001366,Customer 01366,customer01366@example.com,Hyderabad,Telangana,New,Organic,2025-11-12,2025-12-01 00:00:00
CUST001367,Customer 01367,customer01367@example.com,Delhi,Delhi,New,Direct,2025-06-05,2025-06-16 00:00:00
CUST001368,Customer 01368,customer01368@example.com,Ahmedabad,Gujarat,New,Email,2026-04-13,2026-04-14 00:00:00
CUST001369,Customer 01369,customer01369@example.com,Bengaluru,Karnataka,RETURNING,Direct,2026-04-07,2026-04-13 00:00:00
CUST001370,Customer 01370,customer01370@example.com,Delhi,Delhi,New,Email,2025-04-27,2025-05-13 00:00:00
CUST001371,Customer 01371,customer01371@example.com,Ahmedabad,Gujarat,Dormant,Organic,2025-12-30,2026-01-17 00:00:00
CUST001372,Customer 01372,customer01372@example.com,Bengaluru,Karnataka,premium,Direct,2026-04-11,2026-04-22 00:00:00
CUST001373,Customer 01373,customer01373@example.com,Ahmedabad,Gujarat,New,Affiliate,2025-07-03,2025-07-11 00:00:00
CUST001374,Customer 01374,customer01374@example.com,Kolkata,West Bengal,Dormant,Direct,2025-06-15,2025-07-11 00:00:00
CUST001375,Customer 01375,customer01375@example.com,Mumbai,Maharashtra,New,Organic,2025-03-16,2025-03-29 00:00:00
CUST001376,Customer 01376,customer01376@example.com,Jaipur,Rajasthan,New,Paid Ads,2025-09-29,2025-09-30 00:00:00
CUST001377,Customer 01377,customer01377@example.com,Delhi,Delhi,New,Paid Ads,2026-05-18,2026-06-07 00:00:00
CUST001378,Customer 01378,customer01378@example.com,Delhi,Delhi,RETURNING,Direct,2026-07-17,2026-07-20 00:00:00
CUST001379,Customer 01379,customer01379@example.com,Pune,Maharashtra,RETURNING,Direct,2026-08-10,2026-09-06 00:00:00
CUST001380,Customer 01380,customer01380@example.com,Chennai,Tamil Nadu,premium,Email,2025-12-09,2025-12-27 00:00:00
CUST001381,Customer 01381,customer01381@example.com,Kolkata,West Bengal,RETURNING,Organic,2025-09-08,2025-09-28 00:00:00
CUST001382,Customer 01382,customer01382@example.com,Kolkata,West Bengal,premium,Email,2025-05-10,2025-05-25 00:00:00
CUST001383,Customer 01383,customer01383@example.com,Hyderabad,Telangana,New,Affiliate,2025-12-24,2026-01-14 00:00:00
CUST001384,Customer 01384,customer01384@example.com,Ahmedabad,Gujarat,premium,Paid Ads,2026-02-12,2026-02-28 00:00:00
CUST001385,Customer 01385,customer01385@example.com,Chennai,Tamil Nadu,New,Social,2026-05-10,2026-05-11 00:00:00
CUST001386,Customer 01386,customer01386@example.com,Mumbai,Maharashtra,New,Social,2026-04-27,2026-05-13 00:00:00
CUST001387,Customer 01387,customer01387@example.com,Mumbai,Maharashtra,New,Organic,2025-03-19,2025-04-06 00:00:00
CUST001388,Customer 01388,customer01388@example.com,Kolkata,West Bengal,New,Organic,2026-05-29,2026-06-05 00:00:00
CUST001389,Customer 01389,customer01389@example.com,Mumbai,Maharashtra,RETURNING,Social,2025-11-17,2025-12-10 00:00:00
CUST001390,Customer 01390,customer01390@example.com,Pune,Maharashtra,premium,Organic,2025-10-17,2025-11-05 00:00:00
CUST001391,Customer 01391,customer01391@example.com,Delhi,Delhi,New,Paid Ads,2025-10-24,2025-10-29 00:00:00
CUST001392,Customer 01392,customer01392@example.com,Noida,Uttar Pradesh,premium,Affiliate,2026-04-20,2026-05-01 00:00:00
CUST001393,Customer 01393,customer01393@example.com,Jaipur,Rajasthan,RETURNING,Affiliate,2025-01-23,2025-02-16 00:00:00
CUST001394,Customer 01394,customer01394@example.com,Hyderabad,Telangana,Dormant,Email,2025-06-21,2025-07-20 00:00:00
CUST001395,Customer 01395,customer01395@example.com,Ahmedabad,Gujarat,New,Paid Ads,2025-11-14,2025-12-06 00:00:00
CUST001396,Customer 01396,customer01396@example.com,Jaipur,Rajasthan,RETURNING,Organic,2025-07-12,2025-07-29 00:00:00
CUST001397,Customer 01397,customer01397@example.com,Ahmedabad,Gujarat,Dormant,Organic,2025-04-28,2025-05-24 00:00:00
CUST001398,Customer 01398,customer01398@example.com,Bengaluru,Karnataka,RETURNING,Email,2025-01-06,2025-01-07 00:00:00
CUST001399,Customer 01399,customer01399@example.com,Jaipur,Rajasthan,RETURNING,Email,2026-04-28,2026-05-16 00:00:00
CUST001400,Customer 01400,customer01400@example.com,Noida,Uttar Pradesh,New,Organic,2025-05-12,2025-06-04 00:00:00
CUST001401,Customer 01401,customer01401@example.com,Kolkata,West Bengal,New,Organic,2025-04-03,2025-04-12 00:00:00
CUST001402,Customer 01402,customer01402@example.com,Pune,Maharashtra,RETURNING,Paid Ads,2026-06-06,2026-06-30 00:00:00
CUST001403,Customer 01403,customer01403@example.com,Delhi,Delhi,premium,Email,2026-07-17,2026-08-14 00:00:00
CUST001404,Customer 01404,customer01404@example.com,Delhi,Delhi,New,Paid Ads,2025-10-21,2025-11-19 00:00:00
CUST001405,Customer 01405,customer01405@example.com,Pune,Maharashtra,RETURNING,Direct,2026-01-27,2026-01-29 00:00:00
CUST001406,Customer 01406,,Chennai,Tamil Nadu,RETURNING,Organic,2025-09-06,2025-09-30 00:00:00
CUST001407,Customer 01407,customer01407@example.com,Bengaluru,Karnataka,RETURNING,Social,2026-08-18,2026-09-14 00:00:00
CUST001408,Customer 01408,customer01408@example.com,Ahmedabad,Gujarat,RETURNING,Social,2026-02-21,2026-03-04 00:00:00
CUST001409,Customer 01409,customer01409@example.com,Noida,Uttar Pradesh,premium,Direct,2025-05-23,2025-06-17 00:00:00
CUST001410,Customer 01410,customer01410@example.com,Mumbai,Maharashtra,RETURNING,Organic,2025-08-25,2025-09-09 00:00:00
CUST001411,Customer 01411,customer01411@example.com,Jaipur,Rajasthan,Dormant,Email,2025-10-14,2025-10-25 00:00:00
CUST001412,Customer 01412,customer01412@example.com,Bengaluru,Karnataka,New,Social,2025-10-04,2025-10-11 00:00:00
CUST001413,Customer 01413,customer01413@example.com,Jaipur,Rajasthan,New,Email,2026-01-22,2026-01-26 00:00:00
CUST001414,Customer 01414,customer01414@example.com,Noida,Uttar Pradesh,New,Social,2026-01-17,2026-01-27 00:00:00
CUST001415,Customer 01415,customer01415@example.com,,Telangana,New,Email,2026-03-26,2026-04-04 00:00:00
CUST001416,Customer 01416,customer01416@example.com,Hyderabad,Telangana,New,Social,2025-10-18,2025-10-20 00:00:00
CUST001417,Customer 01417,customer01417@example.com,Bengaluru,Karnataka,New,Email,2025-06-18,2025-07-14 00:00:00
CUST001418,Customer 01418,customer01418@example.com,Kolkata,West Bengal,premium,Direct,2026-03-19,2026-04-10 00:00:00
CUST001419,Customer 01419,customer01419@example.com,Noida,Uttar Pradesh,New,Paid Ads,2025-07-03,2025-07-11 00:00:00
CUST001420,Customer 01420,customer01420@example.com,Noida,Uttar Pradesh,premium,Email,2025-02-14,2025-02-25 00:00:00
CUST001421,Customer 01421,customer01421@example.com,Pune,Maharashtra,New,Paid Ads,2025-09-25,2025-09-30 00:00:00
CUST001422,Customer 01422,customer01422@example.com,Kolkata,West Bengal,Dormant,Paid Ads,2026-04-21,2026-05-09 00:00:00
CUST001423,Customer 01423,customer01423@example.com,Ahmedabad,Gujarat,premium,Organic,2025-09-10,2025-09-25 00:00:00
CUST001424,Customer 01424,customer01424@example.com,Ahmedabad,Gujarat,New,Direct,2026-01-31,2026-02-20 00:00:00
CUST001425,Customer 01425,customer01425@example.com,Mumbai,Maharashtra,premium,Paid Ads,2025-10-16,2025-11-07 00:00:00
CUST001426,Customer 01426,customer01426@example.com,Delhi,Delhi,RETURNING,Affiliate,2025-07-31,2025-08-23 00:00:00
CUST001427,Customer 01427,customer01427@example.com,Hyderabad,Telangana,premium,Paid Ads,2025-01-21,2025-02-18 00:00:00
CUST001428,Customer 01428,customer01428@example.com,Ahmedabad,Gujarat,RETURNING,Email,2025-11-12,2025-11-25 00:00:00
CUST001429,Customer 01429,customer01429@example.com,Kolkata,West Bengal,RETURNING,Paid Ads,2026-07-18,2026-08-14 00:00:00
CUST001430,Customer 01430,customer01430@example.com,Noida,Uttar Pradesh,premium,Email,2026-03-14,2026-03-17 00:00:00
CUST001431,Customer 01431,customer01431@example.com,Ahmedabad,Gujarat,RETURNING,Email,2026-02-27,2026-03-16 00:00:00
CUST001432,Customer 01432,customer01432@example.com,Noida,Uttar Pradesh,New,Affiliate,2025-08-21,2025-08-30 00:00:00
CUST001433,Customer 01433,customer01433@example.com,Ahmedabad,Gujarat,premium,Paid Ads,2025-05-03,2025-05-20 00:00:00
CUST001434,Customer 01434,customer01434@example.com,Hyderabad,Telangana,RETURNING,Paid Ads,2025-08-02,2025-08-13 00:00:00
CUST001435,Customer 01435,customer01435@example.com,Jaipur,Rajasthan,RETURNING,Social,2026-08-23,2026-09-10 00:00:00
CUST001436,Customer 01436,customer01436@example.com,Ahmedabad,Gujarat,New,Social,2025-02-09,2025-02-16 00:00:00
CUST001437,Customer 01437,customer01437@example.com,Kolkata,West Bengal,RETURNING,Organic,2025-11-28,2025-11-28 00:00:00
CUST001438,Customer 01438,customer01438@example.com,Ahmedabad,Gujarat,Dormant,Email,2025-07-01,2025-07-14 00:00:00
CUST001439,Customer 01439,customer01439@example.com,Delhi,Delhi,New,Affiliate,2025-09-22,2025-10-14 00:00:00
CUST001440,Customer 01440,customer01440@example.com,Hyderabad,Telangana,RETURNING,Social,2026-06-17,2026-06-22 00:00:00
CUST001441,Customer 01441,customer01441@example.com,Kolkata,West Bengal,RETURNING,Paid Ads,2026-03-08,2026-03-21 00:00:00
CUST001442,Customer 01442,customer01442@example.com,Pune,Maharashtra,premium,Organic,2025-07-15,2025-07-16 00:00:00
CUST001443,Customer 01443,customer01443@example.com,Kolkata,West Bengal,RETURNING,Affiliate,2026-05-24,2026-06-01 00:00:00
CUST001444,Customer 01444,customer01444@example.com,,Delhi,RETURNING,Direct,2026-03-23,2026-04-20 00:00:00
CUST001445,Customer 01445,customer01445@example.com,Jaipur,Rajasthan,Dormant,Paid Ads,2026-06-12,2026-06-23 00:00:00
CUST001446,Customer 01446,customer01446@example.com,Hyderabad,Telangana,RETURNING,Paid Ads,2025-07-21,2025-07-25 00:00:00
CUST001447,Customer 01447,customer01447@example.com,Pune,Maharashtra,New,Direct,2025-05-13,2025-05-14 00:00:00
CUST001448,Customer 01448,customer01448@example.com,Delhi,Delhi,New,Email,2025-05-19,2025-06-06 00:00:00
CUST001449,Customer 01449,customer01449@example.com,Delhi,Delhi,RETURNING,Email,2026-05-08,2026-05-14 00:00:00
CUST001450,Customer 01450,customer01450@example.com,Bengaluru,Karnataka,New,Social,2025-03-11,2025-03-17 00:00:00
CUST001451,Customer 01451,customer01451@example.com,Hyderabad,Telangana,New,Social,2025-01-15,2025-01-24 00:00:00
CUST001452,Customer 01452,customer01452@example.com,Kolkata,West Bengal,Dormant,Paid Ads,2025-07-31,2025-08-16 00:00:00
CUST001453,Customer 01453,customer01453@example.com,Noida,Uttar Pradesh,New,Paid Ads,2025-03-01,2025-03-26 00:00:00
CUST001454,Customer 01454,customer01454@example.com,Jaipur,Rajasthan,premium,Social,2025-09-09,2025-09-22 00:00:00
CUST001455,Customer 01455,customer01455@example.com,Noida,Uttar Pradesh,New,Direct,2026-03-22,2026-04-17 00:00:00
CUST001456,Customer 01456,customer01456@example.com,Kolkata,West Bengal,premium,Social,2025-01-02,2025-01-12 00:00:00
CUST001457,Customer 01457,customer01457@example.com,Kolkata,West Bengal,premium,Paid Ads,2025-12-02,2025-12-29 00:00:00
CUST001458,Customer 01458,customer01458@example.com,Hyderabad,Telangana,New,Affiliate,2025-01-19,2025-02-07 00:00:00
CUST001459,Customer 01459,customer01459@example.com,Kolkata,West Bengal,RETURNING,Paid Ads,2026-07-15,2026-07-20 00:00:00
CUST001460,Customer 01460,customer01460@example.com,Bengaluru,Karnataka,New,Affiliate,2025-03-19,2025-03-26 00:00:00
CUST001461,Customer 01461,customer01461@example.com,Pune,Maharashtra,Dormant,Affiliate,2026-04-17,2026-05-05 00:00:00
CUST001462,Customer 01462,,Kolkata,West Bengal,Dormant,Paid Ads,2025-01-28,2025-02-26 00:00:00
CUST001463,Customer 01463,customer01463@example.com,Noida,Uttar Pradesh,RETURNING,Organic,2026-07-14,2026-08-01 00:00:00
CUST001464,Customer 01464,customer01464@example.com,Kolkata,West Bengal,RETURNING,Social,2025-06-14,2025-07-07 00:00:00
CUST001465,Customer 01465,customer01465@example.com,Bengaluru,Karnataka,RETURNING,Email,2026-04-03,2026-04-26 00:00:00
CUST001466,Customer 01466,customer01466@example.com,Ahmedabad,Gujarat,premium,Paid Ads,2025-06-25,2025-07-18 00:00:00
CUST001467,Customer 01467,customer01467@example.com,Ahmedabad,Gujarat,RETURNING,Affiliate,2026-08-08,2026-08-24 00:00:00
CUST001468,Customer 01468,customer01468@example.com,Delhi,Delhi,New,Paid Ads,2025-01-29,2025-02-21 00:00:00
CUST001469,Customer 01469,customer01469@example.com,Jaipur,Rajasthan,RETURNING,Social,2025-10-06,2025-10-29 00:00:00
CUST001470,Customer 01470,,Mumbai,Maharashtra,New,Direct,2025-10-10,2025-10-27 00:00:00
CUST001471,Customer 01471,customer01471@example.com,Pune,Maharashtra,premium,Affiliate,2026-04-24,2026-05-05 00:00:00
CUST001472,Customer 01472,customer01472@example.com,Chennai,Tamil Nadu,New,Email,2026-06-03,2026-06-11 00:00:00
CUST001473,Customer 01473,customer01473@example.com,Delhi,Delhi,RETURNING,Email,2025-11-01,2025-11-23 00:00:00
CUST001474,Customer 01474,customer01474@example.com,Jaipur,Rajasthan,New,Email,2025-04-19,2025-05-12 00:00:00
CUST001475,Customer 01475,customer01475@example.com,Ahmedabad,Gujarat,New,Direct,2025-11-20,2025-12-05 00:00:00
CUST001476,Customer 01476,customer01476@example.com,Noida,Uttar Pradesh,RETURNING,Organic,2025-07-25,2025-08-11 00:00:00
CUST001477,Customer 01477,customer01477@example.com,Chennai,Tamil Nadu,Dormant,Affiliate,2025-08-22,2025-09-06 00:00:00
CUST001478,Customer 01478,customer01478@example.com,Jaipur,Rajasthan,premium,Direct,2026-04-03,2026-04-18 00:00:00
CUST001479,Customer 01479,customer01479@example.com,Jaipur,Rajasthan,New,Affiliate,2025-07-06,2025-07-09 00:00:00
CUST001480,Customer 01480,customer01480@example.com,Delhi,Delhi,New,Direct,2026-04-27,2026-05-19 00:00:00
CUST001481,Customer 01481,customer01481@example.com,Chennai,Tamil Nadu,Dormant,Direct,2026-02-11,2026-03-04 00:00:00
CUST001482,Customer 01482,customer01482@example.com,Hyderabad,Telangana,RETURNING,Organic,2026-05-24,2026-05-30 00:00:00
CUST001483,Customer 01483,customer01483@example.com,Mumbai,Maharashtra,New,Affiliate,2026-06-04,2026-06-04 00:00:00
CUST001484,Customer 01484,customer01484@example.com,Hyderabad,Telangana,Dormant,Direct,2025-02-22,2025-03-17 00:00:00
CUST001485,Customer 01485,customer01485@example.com,Chennai,Tamil Nadu,premium,Organic,2026-02-02,2026-03-02 00:00:00
CUST001486,Customer 01486,customer01486@example.com,Hyderabad,Telangana,Dormant,Paid Ads,2025-07-18,2025-08-09 00:00:00
CUST001487,Customer 01487,customer01487@example.com,Bengaluru,Karnataka,Dormant,Social,2026-01-26,2026-02-23 00:00:00
CUST001488,Customer 01488,customer01488@example.com,Ahmedabad,Gujarat,Dormant,Direct,2026-05-13,2026-06-01 00:00:00
CUST001489,Customer 01489,customer01489@example.com,Bengaluru,Karnataka,New,Email,2025-06-21,2025-06-21 00:00:00
CUST001490,Customer 01490,customer01490@example.com,Kolkata,West Bengal,New,Organic,2025-03-27,2025-04-03 00:00:00
CUST001491,Customer 01491,customer01491@example.com,Hyderabad,Telangana,RETURNING,Organic,2026-07-12,2026-08-06 00:00:00
CUST001492,Customer 01492,customer01492@example.com,Kolkata,West Bengal,RETURNING,Direct,2025-07-05,2025-07-27 00:00:00
CUST001493,Customer 01493,customer01493@example.com,Noida,Uttar Pradesh,RETURNING,Organic,2025-06-05,2025-06-12 00:00:00
CUST001494,Customer 01494,customer01494@example.com,Pune,Maharashtra,RETURNING,Paid Ads,2026-05-08,2026-05-17 00:00:00
CUST001495,Customer 01495,customer01495@example.com,Noida,Uttar Pradesh,RETURNING,Organic,2026-06-05,2026-06-05 00:00:00
CUST001496,Customer 01496,customer01496@example.com,Chennai,Tamil Nadu,RETURNING,Social,2025-05-10,2025-05-30 00:00:00
CUST001497,Customer 01497,customer01497@example.com,Jaipur,Rajasthan,New,Social,2025-03-22,2025-04-15 00:00:00
CUST001498,Customer 01498,customer01498@example.com,Ahmedabad,Gujarat,New,Email,2026-01-19,2026-02-08 00:00:00
CUST001499,Customer 01499,customer01499@example.com,Hyderabad,Telangana,RETURNING,Paid Ads,2025-10-22,2025-11-19 00:00:00
CUST001500,Customer 01500,customer01500@example.com,Delhi,Delhi,premium,Social,2025-09-26,2025-10-09 00:00:00
CUST001501,Customer 01501,customer01501@example.com,Pune,Maharashtra,New,Direct,2026-07-16,2026-07-29 00:00:00
CUST001502,Customer 01502,customer01502@example.com,Mumbai,Maharashtra,RETURNING,Affiliate,2026-06-19,2026-06-28 00:00:00
CUST001503,Customer 01503,customer01503@example.com,Mumbai,Maharashtra,premium,Affiliate,2026-01-13,2026-02-09 00:00:00
CUST001504,Customer 01504,customer01504@example.com,Mumbai,Maharashtra,RETURNING,Affiliate,2026-01-11,2026-01-29 00:00:00
CUST001505,Customer 01505,customer01505@example.com,Hyderabad,Telangana,New,Direct,2025-03-29,2025-04-22 00:00:00
CUST001506,Customer 01506,customer01506@example.com,Mumbai,Maharashtra,RETURNING,Organic,2025-04-21,2025-05-19 00:00:00
CUST001507,Customer 01507,customer01507@example.com,Bengaluru,Karnataka,New,Direct,2026-08-07,2026-08-22 00:00:00
CUST001508,Customer 01508,customer01508@example.com,Pune,Maharashtra,Dormant,Organic,2025-06-03,2025-06-11 00:00:00
CUST001509,Customer 01509,customer01509@example.com,Bengaluru,Karnataka,New,Affiliate,2026-04-08,2026-04-27 00:00:00
CUST001510,Customer 01510,customer01510@example.com,Jaipur,Rajasthan,RETURNING,Email,2026-07-23,2026-08-07 00:00:00
CUST001511,Customer 01511,customer01511@example.com,Pune,Maharashtra,New,Email,2025-06-05,2025-06-24 00:00:00
CUST001512,Customer 01512,customer01512@example.com,Bengaluru,Karnataka,RETURNING,Organic,2025-11-14,2025-12-10 00:00:00
CUST001513,Customer 01513,customer01513@example.com,Pune,Maharashtra,RETURNING,Affiliate,2026-07-13,2026-07-20 00:00:00
CUST001514,Customer 01514,customer01514@example.com,Jaipur,Rajasthan,New,Direct,2025-08-26,2025-09-01 00:00:00
CUST001515,Customer 01515,customer01515@example.com,Kolkata,West Bengal,RETURNING,Email,2025-11-30,2025-12-10 00:00:00
CUST001516,Customer 01516,customer01516@example.com,Hyderabad,Telangana,New,Organic,2025-04-16,2025-05-06 00:00:00
CUST001517,Customer 01517,customer01517@example.com,Hyderabad,Telangana,RETURNING,Direct,2026-04-27,2026-05-02 00:00:00
CUST001518,Customer 01518,customer01518@example.com,Mumbai,Maharashtra,RETURNING,Affiliate,2026-01-17,2026-01-31 00:00:00
CUST001519,Customer 01519,customer01519@example.com,Noida,Uttar Pradesh,RETURNING,Paid Ads,2025-09-18,2025-10-06 00:00:00
CUST001520,Customer 01520,customer01520@example.com,Mumbai,Maharashtra,Dormant,Affiliate,2025-10-20,2025-11-02 00:00:00
CUST001521,Customer 01521,customer01521@example.com,Chennai,Tamil Nadu,RETURNING,Affiliate,2025-12-01,2025-12-15 00:00:00
CUST001522,Customer 01522,customer01522@example.com,Bengaluru,Karnataka,RETURNING,Direct,2026-04-21,2026-04-26 00:00:00
CUST001523,Customer 01523,customer01523@example.com,Pune,Maharashtra,New,Direct,2025-08-13,2025-09-10 00:00:00
CUST001524,Customer 01524,customer01524@example.com,Noida,Uttar Pradesh,RETURNING,Social,2026-07-09,2026-08-01 00:00:00
CUST001525,Customer 01525,customer01525@example.com,Jaipur,Rajasthan,premium,Social,2026-03-30,2026-04-08 00:00:00
CUST001526,Customer 01526,customer01526@example.com,Chennai,Tamil Nadu,New,Direct,2025-10-23,2025-11-05 00:00:00
CUST001527,Customer 01527,customer01527@example.com,Jaipur,Rajasthan,premium,Direct,2026-07-29,2026-08-13 00:00:00
CUST001528,Customer 01528,,Hyderabad,Telangana,New,Paid Ads,2026-04-08,2026-04-20 00:00:00
CUST001529,Customer 01529,,Hyderabad,Telangana,premium,Paid Ads,2025-08-02,2025-08-12 00:00:00
CUST001530,Customer 01530,customer01530@example.com,Mumbai,Maharashtra,New,Affiliate,2026-08-08,2026-09-01 00:00:00
CUST001531,Customer 01531,customer01531@example.com,Bengaluru,Karnataka,Dormant,Email,2025-06-07,2025-06-09 00:00:00
CUST001532,Customer 01532,customer01532@example.com,Noida,Uttar Pradesh,RETURNING,Paid Ads,2025-09-29,2025-10-06 00:00:00
CUST001533,Customer 01533,customer01533@example.com,Ahmedabad,Gujarat,New,Affiliate,2025-08-26,2025-09-22 00:00:00
CUST001534,Customer 01534,customer01534@example.com,Chennai,Tamil Nadu,New,Organic,2025-10-30,2025-11-01 00:00:00
CUST001535,Customer 01535,customer01535@example.com,,Tamil Nadu,RETURNING,Social,2026-06-05,2026-06-06 00:00:00
CUST001536,Customer 01536,customer01536@example.com,Mumbai,Maharashtra,Dormant,Email,2025-11-17,2025-12-07 00:00:00
CUST001537,Customer 01537,customer01537@example.com,,Telangana,New,Affiliate,2025-02-28,2025-03-13 00:00:00
CUST001538,Customer 01538,customer01538@example.com,Mumbai,Maharashtra,New,Direct,2025-12-24,2026-01-12 00:00:00
CUST001539,Customer 01539,,Pune,Maharashtra,RETURNING,Organic,2025-09-08,2025-10-06 00:00:00
CUST001540,Customer 01540,customer01540@example.com,Noida,Uttar Pradesh,RETURNING,Social,2026-03-12,2026-04-01 00:00:00
CUST001541,Customer 01541,customer01541@example.com,Bengaluru,Karnataka,RETURNING,Organic,2025-05-26,2025-06-16 00:00:00
CUST001542,Customer 01542,customer01542@example.com,Kolkata,West Bengal,RETURNING,Affiliate,2025-12-18,2026-01-01 00:00:00
CUST001543,Customer 01543,customer01543@example.com,Delhi,Delhi,New,Paid Ads,2026-07-24,2026-07-26 00:00:00
CUST001544,Customer 01544,customer01544@example.com,Delhi,Delhi,Dormant,Social,2025-09-02,2025-09-02 00:00:00
CUST001545,Customer 01545,customer01545@example.com,Mumbai,Maharashtra,RETURNING,Organic,2026-07-14,2026-07-28 00:00:00
CUST001546,Customer 01546,customer01546@example.com,Pune,Maharashtra,New,Paid Ads,2025-10-28,2025-11-16 00:00:00
CUST001547,Customer 01547,customer01547@example.com,Noida,Uttar Pradesh,premium,Email,2026-03-14,2026-04-04 00:00:00
CUST001548,Customer 01548,customer01548@example.com,Ahmedabad,Gujarat,RETURNING,Affiliate,2025-04-10,2025-04-11 00:00:00
CUST001549,Customer 01549,customer01549@example.com,Delhi,Delhi,RETURNING,Affiliate,2026-04-25,2026-05-12 00:00:00
CUST001550,Customer 01550,customer01550@example.com,Noida,Uttar Pradesh,RETURNING,Social,2026-02-19,2026-02-19 00:00:00
CUST001551,Customer 01551,customer01551@example.com,Bengaluru,Karnataka,New,Organic,2025-06-14,2025-06-22 00:00:00
CUST001552,Customer 01552,customer01552@example.com,Jaipur,Rajasthan,RETURNING,Email,2025-10-29,2025-10-31 00:00:00
CUST001553,Customer 01553,customer01553@example.com,Pune,Maharashtra,Dormant,Direct,2025-05-01,2025-05-02 00:00:00
CUST001554,Customer 01554,customer01554@example.com,Hyderabad,Telangana,New,Social,2025-03-29,2025-04-01 00:00:00
CUST001555,Customer 01555,customer01555@example.com,Noida,Uttar Pradesh,RETURNING,Direct,2025-08-05,2025-08-20 00:00:00
CUST001556,Customer 01556,customer01556@example.com,Bengaluru,Karnataka,premium,Social,2026-07-27,2026-08-17 00:00:00
CUST001557,Customer 01557,customer01557@example.com,Ahmedabad,Gujarat,Dormant,Organic,2025-06-28,2025-06-28 00:00:00
CUST001558,Customer 01558,customer01558@example.com,Kolkata,West Bengal,RETURNING,Email,2025-06-12,2025-06-20 00:00:00
CUST001559,Customer 01559,customer01559@example.com,Hyderabad,Telangana,RETURNING,Organic,2026-08-16,2026-09-09 00:00:00
CUST001560,Customer 01560,customer01560@example.com,Kolkata,West Bengal,RETURNING,Affiliate,2025-06-19,2025-06-26 00:00:00
CUST001561,Customer 01561,customer01561@example.com,,Gujarat,Dormant,Direct,2025-10-28,2025-11-02 00:00:00
CUST001562,Customer 01562,customer01562@example.com,Bengaluru,Karnataka,Dormant,Paid Ads,2026-01-09,2026-01-28 00:00:00
CUST001563,Customer 01563,customer01563@example.com,Delhi,Delhi,New,Affiliate,2025-07-22,2025-08-08 00:00:00
CUST001564,Customer 01564,customer01564@example.com,Kolkata,West Bengal,RETURNING,Affiliate,2025-02-16,2025-03-03 00:00:00
CUST001565,Customer 01565,customer01565@example.com,Hyderabad,Telangana,RETURNING,Direct,2026-04-08,2026-04-15 00:00:00
CUST001566,Customer 01566,customer01566@example.com,Mumbai,Maharashtra,premium,Social,2026-02-12,2026-03-06 00:00:00
CUST001567,Customer 01567,customer01567@example.com,Chennai,Tamil Nadu,RETURNING,Affiliate,2025-07-13,2025-08-09 00:00:00
CUST001568,Customer 01568,customer01568@example.com,Noida,Uttar Pradesh,RETURNING,Email,2026-03-03,2026-04-01 00:00:00
CUST001569,Customer 01569,customer01569@example.com,Delhi,Delhi,Dormant,Affiliate,2025-11-13,2025-11-16 00:00:00
CUST001570,Customer 01570,customer01570@example.com,Kolkata,West Bengal,New,Email,2026-04-24,2026-04-26 00:00:00
CUST001571,Customer 01571,customer01571@example.com,Jaipur,Rajasthan,New,Organic,2026-02-25,2026-03-11 00:00:00
CUST001572,Customer 01572,customer01572@example.com,Noida,Uttar Pradesh,RETURNING,Social,2025-09-26,2025-10-01 00:00:00
CUST001573,Customer 01573,customer01573@example.com,Mumbai,Maharashtra,RETURNING,Email,2026-04-26,2026-04-26 00:00:00
CUST001574,Customer 01574,customer01574@example.com,Ahmedabad,Gujarat,New,Affiliate,2025-09-20,2025-10-07 00:00:00
CUST001575,Customer 01575,customer01575@example.com,Chennai,Tamil Nadu,New,Social,2026-03-02,2026-03-24 00:00:00
CUST001576,Customer 01576,customer01576@example.com,Bengaluru,Karnataka,RETURNING,Social,2025-06-15,2025-06-25 00:00:00
CUST001577,Customer 01577,customer01577@example.com,Mumbai,Maharashtra,Dormant,Email,2026-03-04,2026-03-06 00:00:00
CUST001578,Customer 01578,customer01578@example.com,Mumbai,Maharashtra,RETURNING,Email,2026-02-01,2026-03-02 00:00:00
CUST001579,Customer 01579,customer01579@example.com,Ahmedabad,Gujarat,RETURNING,Paid Ads,2025-08-04,2025-08-16 00:00:00
CUST001580,Customer 01580,customer01580@example.com,Pune,Maharashtra,New,Paid Ads,2025-04-17,2025-05-03 00:00:00
CUST001581,Customer 01581,customer01581@example.com,Ahmedabad,Gujarat,premium,Social,2025-04-08,2025-04-25 00:00:00
CUST001582,Customer 01582,customer01582@example.com,Pune,Maharashtra,premium,Direct,2026-04-27,2026-05-22 00:00:00
CUST001583,Customer 01583,customer01583@example.com,Pune,Maharashtra,RETURNING,Direct,2026-05-14,2026-06-08 00:00:00
CUST001584,Customer 01584,customer01584@example.com,Delhi,Delhi,New,Paid Ads,2025-08-18,2025-08-31 00:00:00
CUST001585,Customer 01585,customer01585@example.com,Delhi,Delhi,New,Affiliate,2025-09-14,2025-10-08 00:00:00
CUST001586,Customer 01586,customer01586@example.com,Hyderabad,Telangana,New,Organic,2025-02-12,2025-02-18 00:00:00
CUST001587,Customer 01587,customer01587@example.com,Kolkata,West Bengal,RETURNING,Social,2025-08-30,2025-09-05 00:00:00
CUST001588,Customer 01588,customer01588@example.com,Kolkata,West Bengal,premium,Organic,2026-07-08,2026-07-21 00:00:00
CUST001589,Customer 01589,customer01589@example.com,Bengaluru,Karnataka,Dormant,Paid Ads,2025-04-05,2025-04-30 00:00:00
CUST001590,Customer 01590,customer01590@example.com,Kolkata,West Bengal,RETURNING,Email,2025-07-07,2025-07-30 00:00:00
CUST001591,Customer 01591,customer01591@example.com,Delhi,Delhi,premium,Social,2026-01-20,2026-02-03 00:00:00
CUST001592,Customer 01592,customer01592@example.com,Hyderabad,Telangana,Dormant,Paid Ads,2026-02-04,2026-02-15 00:00:00
CUST001593,Customer 01593,customer01593@example.com,Hyderabad,Telangana,New,Affiliate,2026-05-21,2026-06-01 00:00:00
CUST001594,Customer 01594,customer01594@example.com,Pune,Maharashtra,RETURNING,Social,2025-06-16,2025-06-23 00:00:00
CUST001595,Customer 01595,customer01595@example.com,Ahmedabad,Gujarat,Dormant,Social,2025-05-05,2025-05-20 00:00:00
CUST001596,Customer 01596,customer01596@example.com,Bengaluru,Karnataka,RETURNING,Direct,2025-03-28,2025-04-05 00:00:00
CUST001597,Customer 01597,customer01597@example.com,Pune,Maharashtra,Dormant,Email,2026-05-04,2026-05-05 00:00:00
CUST001598,Customer 01598,customer01598@example.com,Ahmedabad,Gujarat,Dormant,Social,2025-08-14,2025-08-27 00:00:00
CUST001599,Customer 01599,customer01599@example.com,Kolkata,West Bengal,RETURNING,Email,2025-12-11,2026-01-03 00:00:00
CUST001600,Customer 01600,customer01600@example.com,Pune,Maharashtra,premium,Paid Ads,2026-06-02,2026-06-25 00:00:00
CUST001601,Customer 01601,customer01601@example.com,Noida,Uttar Pradesh,premium,Affiliate,2025-01-31,2025-02-28 00:00:00
CUST001602,Customer 01602,customer01602@example.com,Kolkata,West Bengal,RETURNING,Affiliate,2025-10-23,2025-11-07 00:00:00
CUST001603,Customer 01603,customer01603@example.com,Ahmedabad,Gujarat,RETURNING,Social,2026-02-18,2026-02-22 00:00:00
CUST001604,Customer 01604,customer01604@example.com,Bengaluru,Karnataka,New,Social,2025-05-15,2025-05-19 00:00:00
CUST001605,Customer 01605,customer01605@example.com,Ahmedabad,Gujarat,RETURNING,Paid Ads,2026-06-09,2026-06-28 00:00:00
CUST001606,Customer 01606,customer01606@example.com,Pune,Maharashtra,RETURNING,Direct,2025-01-04,2025-02-02 00:00:00
CUST001607,Customer 01607,customer01607@example.com,Pune,Maharashtra,New,Direct,2025-06-27,2025-07-17 00:00:00
CUST001608,Customer 01608,customer01608@example.com,Mumbai,Maharashtra,New,Direct,2025-09-16,2025-10-03 00:00:00
CUST001609,Customer 01609,customer01609@example.com,Bengaluru,Karnataka,New,Email,2025-03-06,2025-03-23 00:00:00
CUST001610,Customer 01610,customer01610@example.com,Jaipur,Rajasthan,premium,Direct,2025-12-29,2026-01-02 00:00:00
CUST001611,Customer 01611,customer01611@example.com,Kolkata,West Bengal,Dormant,Affiliate,2025-01-17,2025-01-27 00:00:00
CUST001612,Customer 01612,customer01612@example.com,Hyderabad,Telangana,Dormant,Email,2025-07-19,2025-07-31 00:00:00
CUST001613,Customer 01613,customer01613@example.com,Bengaluru,Karnataka,RETURNING,Paid Ads,2026-06-28,2026-06-30 00:00:00
CUST001614,Customer 01614,,Hyderabad,Telangana,Dormant,Affiliate,2025-07-31,2025-08-16 00:00:00
CUST001615,Customer 01615,customer01615@example.com,Bengaluru,Karnataka,premium,Affiliate,2026-03-11,2026-04-04 00:00:00
CUST001616,Customer 01616,customer01616@example.com,Bengaluru,Karnataka,RETURNING,Organic,2025-09-30,2025-10-17 00:00:00
CUST001617,Customer 01617,customer01617@example.com,Ahmedabad,Gujarat,RETURNING,Paid Ads,2025-10-17,2025-10-30 00:00:00
CUST001618,Customer 01618,customer01618@example.com,Bengaluru,Karnataka,New,Paid Ads,2026-04-28,2026-05-09 00:00:00
CUST001619,Customer 01619,customer01619@example.com,Mumbai,Maharashtra,Dormant,Organic,2025-08-22,2025-09-04 00:00:00
CUST001620,Customer 01620,customer01620@example.com,Jaipur,Rajasthan,RETURNING,Email,2026-02-12,2026-03-09 00:00:00
CUST001621,Customer 01621,customer01621@example.com,Pune,Maharashtra,RETURNING,Direct,2025-05-26,2025-06-12 00:00:00
CUST001622,Customer 01622,customer01622@example.com,Chennai,Tamil Nadu,RETURNING,Direct,2026-07-16,2026-08-14 00:00:00
CUST001623,Customer 01623,customer01623@example.com,Hyderabad,Telangana,RETURNING,Direct,2026-03-06,2026-03-25 00:00:00
CUST001624,Customer 01624,customer01624@example.com,Pune,Maharashtra,New,Direct,2026-03-08,2026-03-09 00:00:00
CUST001625,Customer 01625,customer01625@example.com,Chennai,Tamil Nadu,RETURNING,Direct,2026-06-29,2026-07-05 00:00:00
CUST001626,Customer 01626,customer01626@example.com,Jaipur,Rajasthan,New,Organic,2026-05-12,2026-05-26 00:00:00
CUST001627,Customer 01627,customer01627@example.com,Jaipur,Rajasthan,premium,Paid Ads,2025-03-30,2025-04-26 00:00:00
CUST001628,Customer 01628,customer01628@example.com,Hyderabad,Telangana,RETURNING,Email,2026-02-15,2026-02-24 00:00:00
CUST001629,Customer 01629,customer01629@example.com,Hyderabad,Telangana,RETURNING,Affiliate,2025-08-29,2025-09-12 00:00:00
CUST001630,Customer 01630,customer01630@example.com,Jaipur,Rajasthan,RETURNING,Direct,2025-08-11,2025-08-27 00:00:00
CUST001631,Customer 01631,customer01631@example.com,Chennai,Tamil Nadu,RETURNING,Organic,2026-04-13,2026-04-23 00:00:00
CUST001632,Customer 01632,customer01632@example.com,Bengaluru,Karnataka,RETURNING,Email,2026-07-23,2026-07-24 00:00:00
CUST001633,Customer 01633,customer01633@example.com,Kolkata,West Bengal,RETURNING,Email,2025-11-18,2025-12-14 00:00:00
CUST001634,Customer 01634,customer01634@example.com,Noida,Uttar Pradesh,premium,Email,2026-01-10,2026-01-30 00:00:00
CUST001635,Customer 01635,customer01635@example.com,Pune,Maharashtra,premium,Organic,2025-04-22,2025-05-09 00:00:00
CUST001636,Customer 01636,customer01636@example.com,Ahmedabad,Gujarat,Dormant,Affiliate,2026-06-11,2026-07-05 00:00:00
CUST001637,Customer 01637,customer01637@example.com,Pune,Maharashtra,New,Direct,2026-02-16,2026-02-19 00:00:00
CUST001638,Customer 01638,customer01638@example.com,Ahmedabad,Gujarat,RETURNING,Email,2025-09-26,2025-10-04 00:00:00
CUST001639,Customer 01639,customer01639@example.com,,Tamil Nadu,Dormant,Organic,2025-09-09,2025-10-05 00:00:00
CUST001640,Customer 01640,customer01640@example.com,Ahmedabad,Gujarat,RETURNING,Paid Ads,2026-01-09,2026-02-05 00:00:00
CUST001641,Customer 01641,customer01641@example.com,Hyderabad,Telangana,New,Organic,2026-03-26,2026-04-11 00:00:00
CUST001642,Customer 01642,customer01642@example.com,Kolkata,West Bengal,RETURNING,Organic,2026-06-21,2026-07-07 00:00:00
CUST001643,Customer 01643,customer01643@example.com,Kolkata,West Bengal,New,Organic,2026-01-03,2026-01-19 00:00:00
CUST001644,Customer 01644,customer01644@example.com,Hyderabad,Telangana,New,Email,2025-09-12,2025-10-11 00:00:00
CUST001645,Customer 01645,customer01645@example.com,Mumbai,Maharashtra,Dormant,Organic,2026-04-08,2026-04-23 00:00:00
CUST001646,Customer 01646,customer01646@example.com,Chennai,Tamil Nadu,RETURNING,Paid Ads,2025-09-25,2025-10-14 00:00:00
CUST001647,Customer 01647,customer01647@example.com,Mumbai,Maharashtra,New,Email,2025-05-06,2025-05-30 00:00:00
CUST001648,Customer 01648,customer01648@example.com,Mumbai,Maharashtra,Dormant,Paid Ads,2026-01-28,2026-02-04 00:00:00
CUST001649,Customer 01649,customer01649@example.com,Pune,Maharashtra,Dormant,Social,2025-11-30,2025-12-22 00:00:00
CUST001650,Customer 01650,customer01650@example.com,Jaipur,Rajasthan,RETURNING,Organic,2026-07-19,2026-08-02 00:00:00
CUST001651,Customer 01651,customer01651@example.com,Pune,Maharashtra,New,Direct,2026-01-03,2026-01-03 00:00:00
CUST001652,Customer 01652,customer01652@example.com,Jaipur,Rajasthan,premium,Direct,2026-07-09,2026-07-27 00:00:00
CUST001653,Customer 01653,customer01653@example.com,,Uttar Pradesh,premium,Email,2026-07-08,2026-08-01 00:00:00
CUST001654,Customer 01654,customer01654@example.com,Ahmedabad,Gujarat,RETURNING,Direct,2026-04-01,2026-04-15 00:00:00
CUST001655,Customer 01655,customer01655@example.com,Jaipur,Rajasthan,Dormant,Email,2025-03-08,2025-03-16 00:00:00
CUST001656,Customer 01656,customer01656@example.com,Hyderabad,Telangana,RETURNING,Organic,2025-03-07,2025-03-11 00:00:00
CUST001657,Customer 01657,customer01657@example.com,Pune,Maharashtra,New,Affiliate,2026-08-18,2026-09-02 00:00:00
CUST001658,Customer 01658,customer01658@example.com,Chennai,Tamil Nadu,RETURNING,Affiliate,2026-02-04,2026-03-03 00:00:00
CUST001659,Customer 01659,customer01659@example.com,Ahmedabad,Gujarat,RETURNING,Paid Ads,2025-10-14,2025-10-26 00:00:00
CUST001660,Customer 01660,customer01660@example.com,Noida,Uttar Pradesh,premium,Organic,2025-07-05,2025-07-20 00:00:00
CUST001661,Customer 01661,customer01661@example.com,Jaipur,Rajasthan,RETURNING,Direct,2025-10-11,2025-11-01 00:00:00
CUST001662,Customer 01662,customer01662@example.com,Noida,Uttar Pradesh,New,Organic,2026-05-31,2026-06-10 00:00:00
CUST001663,Customer 01663,customer01663@example.com,Chennai,Tamil Nadu,RETURNING,Social,2025-08-25,2025-09-06 00:00:00
CUST001664,Customer 01664,customer01664@example.com,Mumbai,Maharashtra,RETURNING,Affiliate,2025-01-18,2025-01-23 00:00:00
CUST001665,Customer 01665,customer01665@example.com,Kolkata,West Bengal,RETURNING,Direct,2026-02-18,2026-03-15 00:00:00
CUST001666,Customer 01666,,Chennai,Tamil Nadu,RETURNING,Affiliate,2025-01-09,2025-01-28 00:00:00
CUST001667,Customer 01667,customer01667@example.com,Delhi,Delhi,RETURNING,Organic,2026-02-24,2026-03-12 00:00:00
CUST001668,Customer 01668,customer01668@example.com,Chennai,Tamil Nadu,premium,Direct,2025-01-29,2025-02-02 00:00:00
CUST001669,Customer 01669,customer01669@example.com,Noida,Uttar Pradesh,New,Paid Ads,2025-12-14,2026-01-11 00:00:00
CUST001670,Customer 01670,customer01670@example.com,Hyderabad,Telangana,RETURNING,Organic,2026-07-30,2026-08-15 00:00:00
CUST001671,Customer 01671,,Pune,Maharashtra,premium,Paid Ads,2026-03-26,2026-03-26 00:00:00
CUST001672,Customer 01672,customer01672@example.com,Hyderabad,Telangana,RETURNING,Direct,2026-01-15,2026-02-10 00:00:00
CUST001673,Customer 01673,customer01673@example.com,Noida,Uttar Pradesh,RETURNING,Affiliate,2026-01-01,2026-01-05 00:00:00
CUST001674,Customer 01674,customer01674@example.com,Pune,Maharashtra,Dormant,Social,2025-08-15,2025-08-19 00:00:00
CUST001675,Customer 01675,customer01675@example.com,Delhi,Delhi,New,Email,2025-04-28,2025-05-04 00:00:00
CUST001676,Customer 01676,customer01676@example.com,Kolkata,West Bengal,New,Affiliate,2026-02-16,2026-03-03 00:00:00
CUST001677,Customer 01677,customer01677@example.com,Ahmedabad,Gujarat,RETURNING,Paid Ads,2025-12-22,2026-01-08 00:00:00
CUST001678,Customer 01678,customer01678@example.com,Noida,Uttar Pradesh,New,Organic,2025-09-11,2025-09-16 00:00:00
CUST001679,Customer 01679,customer01679@example.com,Jaipur,Rajasthan,Dormant,Direct,2026-06-27,2026-06-28 00:00:00
CUST001680,Customer 01680,customer01680@example.com,Noida,Uttar Pradesh,New,Affiliate,2026-03-20,2026-04-01 00:00:00
CUST001681,Customer 01681,customer01681@example.com,Noida,Uttar Pradesh,premium,Social,2025-03-22,2025-03-31 00:00:00
CUST001682,Customer 01682,customer01682@example.com,Pune,Maharashtra,premium,Direct,2025-02-15,2025-03-07 00:00:00
CUST001683,Customer 01683,customer01683@example.com,Bengaluru,Karnataka,New,Paid Ads,2025-02-18,2025-03-09 00:00:00
CUST001684,Customer 01684,customer01684@example.com,Chennai,Tamil Nadu,RETURNING,Direct,2026-03-25,2026-04-04 00:00:00
CUST001685,Customer 01685,customer01685@example.com,Bengaluru,Karnataka,New,Direct,2026-02-11,2026-03-08 00:00:00
CUST001686,Customer 01686,customer01686@example.com,Delhi,Delhi,RETURNING,Organic,2025-10-10,2025-10-30 00:00:00
CUST001687,Customer 01687,customer01687@example.com,Jaipur,Rajasthan,New,Email,2026-04-18,2026-04-19 00:00:00
CUST001688,Customer 01688,customer01688@example.com,Kolkata,West Bengal,Dormant,Paid Ads,2026-02-20,2026-02-27 00:00:00
CUST001689,Customer 01689,customer01689@example.com,Mumbai,Maharashtra,Dormant,Organic,2026-08-23,2026-09-15 00:00:00
CUST001690,Customer 01690,customer01690@example.com,Delhi,Delhi,New,Email,2025-05-01,2025-05-22 00:00:00
CUST001691,Customer 01691,customer01691@example.com,Mumbai,Maharashtra,New,Organic,2025-01-03,2025-01-21 00:00:00
CUST001692,Customer 01692,customer01692@example.com,Mumbai,Maharashtra,premium,Email,2025-11-12,2025-12-01 00:00:00
CUST001693,Customer 01693,customer01693@example.com,Kolkata,West Bengal,New,Email,2026-04-05,2026-04-21 00:00:00
CUST001694,Customer 01694,customer01694@example.com,Hyderabad,Telangana,Dormant,Email,2025-08-15,2025-08-30 00:00:00
CUST001695,Customer 01695,customer01695@example.com,Bengaluru,Karnataka,RETURNING,Organic,2025-03-20,2025-04-13 00:00:00
CUST001696,Customer 01696,customer01696@example.com,Noida,Uttar Pradesh,RETURNING,Direct,2026-06-28,2026-07-07 00:00:00
CUST001697,Customer 01697,customer01697@example.com,Ahmedabad,Gujarat,premium,Email,2025-03-12,2025-03-16 00:00:00
CUST001698,Customer 01698,,Mumbai,Maharashtra,RETURNING,Direct,2025-07-16,2025-07-29 00:00:00
CUST001699,Customer 01699,customer01699@example.com,Jaipur,Rajasthan,Dormant,Paid Ads,2025-02-27,2025-03-22 00:00:00
CUST001700,Customer 01700,customer01700@example.com,Delhi,Delhi,Dormant,Social,2026-02-28,2026-03-18 00:00:00
CUST001701,Customer 01701,customer01701@example.com,Hyderabad,Telangana,New,Direct,2026-04-14,2026-04-17 00:00:00
CUST001702,Customer 01702,customer01702@example.com,Mumbai,Maharashtra,New,Social,2025-02-17,2025-03-08 00:00:00
CUST001703,Customer 01703,,Hyderabad,Telangana,Dormant,Email,2026-03-11,2026-03-26 00:00:00
CUST001704,Customer 01704,customer01704@example.com,Hyderabad,Telangana,Dormant,Social,2025-07-04,2025-07-27 00:00:00
CUST001705,Customer 01705,customer01705@example.com,Mumbai,Maharashtra,New,Social,2025-06-14,2025-06-28 00:00:00
CUST001706,Customer 01706,customer01706@example.com,Pune,Maharashtra,premium,Email,2025-11-27,2025-12-24 00:00:00
CUST001707,Customer 01707,customer01707@example.com,Chennai,Tamil Nadu,RETURNING,Direct,2025-11-26,2025-12-04 00:00:00
CUST001708,Customer 01708,customer01708@example.com,Jaipur,Rajasthan,New,Email,2025-05-01,2025-05-03 00:00:00
CUST001709,Customer 01709,customer01709@example.com,Noida,Uttar Pradesh,Dormant,Paid Ads,2025-08-01,2025-08-23 00:00:00
CUST001710,Customer 01710,customer01710@example.com,Noida,Uttar Pradesh,New,Affiliate,2026-05-22,2026-05-30 00:00:00
CUST001711,Customer 01711,customer01711@example.com,Jaipur,Rajasthan,Dormant,Organic,2026-07-07,2026-07-24 00:00:00
CUST001712,Customer 01712,customer01712@example.com,Pune,Maharashtra,New,Email,2025-06-17,2025-06-20 00:00:00
CUST001713,Customer 01713,customer01713@example.com,Noida,Uttar Pradesh,RETURNING,Email,2026-06-30,2026-07-18 00:00:00
CUST001714,Customer 01714,customer01714@example.com,Hyderabad,Telangana,New,Social,2026-03-03,2026-03-26 00:00:00
CUST001715,Customer 01715,customer01715@example.com,Kolkata,West Bengal,RETURNING,Paid Ads,2025-08-09,2025-08-12 00:00:00
CUST001716,Customer 01716,customer01716@example.com,Delhi,Delhi,RETURNING,Social,2025-01-10,2025-01-18 00:00:00
CUST001717,Customer 01717,customer01717@example.com,Bengaluru,Karnataka,New,Direct,2025-04-30,2025-04-30 00:00:00
CUST001718,Customer 01718,customer01718@example.com,Noida,Uttar Pradesh,RETURNING,Email,2025-09-04,2025-09-04 00:00:00
CUST001719,Customer 01719,customer01719@example.com,Jaipur,Rajasthan,RETURNING,Email,2025-12-26,2026-01-14 00:00:00
CUST001720,Customer 01720,customer01720@example.com,Kolkata,West Bengal,New,Social,2025-08-09,2025-08-27 00:00:00
CUST001721,Customer 01721,customer01721@example.com,Mumbai,Maharashtra,premium,Email,2026-05-21,2026-05-23 00:00:00
CUST001722,Customer 01722,customer01722@example.com,Chennai,Tamil Nadu,RETURNING,Direct,2025-02-27,2025-03-08 00:00:00
CUST001723,Customer 01723,customer01723@example.com,Jaipur,Rajasthan,RETURNING,Affiliate,2026-04-05,2026-04-16 00:00:00
CUST001724,Customer 01724,customer01724@example.com,Hyderabad,Telangana,RETURNING,Organic,2025-05-08,2025-05-25 00:00:00
CUST001725,Customer 01725,customer01725@example.com,Chennai,Tamil Nadu,RETURNING,Organic,2025-03-27,2025-04-09 00:00:00
CUST001726,Customer 01726,customer01726@example.com,Delhi,Delhi,New,Organic,2025-04-14,2025-04-23 00:00:00
CUST001727,Customer 01727,customer01727@example.com,Delhi,Delhi,RETURNING,Affiliate,2025-05-23,2025-06-01 00:00:00
CUST001728,Customer 01728,customer01728@example.com,Pune,Maharashtra,RETURNING,Email,2025-07-24,2025-08-10 00:00:00
CUST001729,Customer 01729,customer01729@example.com,Ahmedabad,Gujarat,premium,Social,2025-02-07,2025-03-02 00:00:00
CUST001730,Customer 01730,customer01730@example.com,Pune,Maharashtra,premium,Paid Ads,2025-12-29,2025-12-29 00:00:00
CUST001731,Customer 01731,customer01731@example.com,Kolkata,West Bengal,RETURNING,Email,2025-11-05,2025-12-04 00:00:00
CUST001732,Customer 01732,customer01732@example.com,Chennai,Tamil Nadu,New,Affiliate,2025-02-21,2025-03-07 00:00:00
CUST001733,Customer 01733,customer01733@example.com,Ahmedabad,Gujarat,New,Direct,2025-01-01,2025-01-08 00:00:00
CUST001734,Customer 01734,,Mumbai,Maharashtra,New,Affiliate,2025-01-11,2025-02-05 00:00:00
CUST001735,Customer 01735,customer01735@example.com,Hyderabad,Telangana,New,Organic,2025-08-02,2025-08-04 00:00:00
CUST001736,Customer 01736,customer01736@example.com,Chennai,Tamil Nadu,RETURNING,Email,2026-07-10,2026-07-27 00:00:00
CUST001737,Customer 01737,customer01737@example.com,Pune,Maharashtra,New,Organic,2026-06-02,2026-06-10 00:00:00
CUST001738,Customer 01738,customer01738@example.com,Bengaluru,Karnataka,New,Paid Ads,2026-02-19,2026-03-06 00:00:00
CUST001739,Customer 01739,customer01739@example.com,Ahmedabad,Gujarat,New,Direct,2025-01-08,2025-01-28 00:00:00
CUST001740,Customer 01740,customer01740@example.com,Ahmedabad,Gujarat,New,Organic,2025-01-05,2025-01-19 00:00:00
CUST001741,Customer 01741,customer01741@example.com,Hyderabad,Telangana,New,Paid Ads,2025-12-28,2026-01-26 00:00:00
CUST001742,Customer 01742,customer01742@example.com,Noida,Uttar Pradesh,New,Affiliate,2025-04-22,2025-04-26 00:00:00
CUST001743,Customer 01743,customer01743@example.com,Delhi,Delhi,RETURNING,Organic,2025-09-30,2025-10-12 00:00:00
CUST001744,Customer 01744,customer01744@example.com,Delhi,Delhi,RETURNING,Organic,2026-02-26,2026-03-19 00:00:00
CUST001745,Customer 01745,customer01745@example.com,Bengaluru,Karnataka,New,Social,2025-09-22,2025-10-11 00:00:00
CUST001746,Customer 01746,customer01746@example.com,Kolkata,West Bengal,RETURNING,Direct,2026-04-03,2026-04-09 00:00:00
CUST001747,Customer 01747,customer01747@example.com,Kolkata,West Bengal,RETURNING,Direct,2025-07-31,2025-08-15 00:00:00
CUST001748,Customer 01748,customer01748@example.com,Mumbai,Maharashtra,New,Affiliate,2025-03-19,2025-03-25 00:00:00
CUST001749,Customer 01749,customer01749@example.com,Chennai,Tamil Nadu,New,Social,2025-08-09,2025-09-04 00:00:00
CUST001750,Customer 01750,customer01750@example.com,Jaipur,Rajasthan,RETURNING,Paid Ads,2026-01-04,2026-01-28 00:00:00
CUST001751,Customer 01751,customer01751@example.com,Noida,Uttar Pradesh,RETURNING,Paid Ads,2025-12-13,2026-01-03 00:00:00
CUST001752,Customer 01752,customer01752@example.com,Pune,Maharashtra,New,Affiliate,2025-01-25,2025-02-09 00:00:00
CUST001753,Customer 01753,customer01753@example.com,Jaipur,Rajasthan,New,Direct,2026-02-24,2026-03-08 00:00:00
CUST001754,Customer 01754,customer01754@example.com,,Rajasthan,Dormant,Paid Ads,2025-12-20,2026-01-05 00:00:00
CUST001755,Customer 01755,customer01755@example.com,Ahmedabad,Gujarat,New,Affiliate,2026-02-21,2026-03-01 00:00:00
CUST001756,Customer 01756,customer01756@example.com,Bengaluru,Karnataka,New,Paid Ads,2026-05-30,2026-06-10 00:00:00
CUST001757,Customer 01757,customer01757@example.com,Delhi,Delhi,Dormant,Email,2025-08-03,2025-08-15 00:00:00
CUST001758,Customer 01758,customer01758@example.com,Mumbai,Maharashtra,premium,Organic,2025-04-22,2025-05-17 00:00:00
CUST001759,Customer 01759,customer01759@example.com,Kolkata,West Bengal,RETURNING,Direct,2026-07-13,2026-07-21 00:00:00
CUST001760,Customer 01760,customer01760@example.com,Bengaluru,Karnataka,RETURNING,Email,2026-03-04,2026-03-08 00:00:00
CUST001761,Customer 01761,customer01761@example.com,Ahmedabad,Gujarat,New,Affiliate,2026-07-16,2026-07-22 00:00:00
CUST001762,Customer 01762,customer01762@example.com,Pune,Maharashtra,New,Affiliate,2025-08-04,2025-08-04 00:00:00
CUST001763,Customer 01763,customer01763@example.com,Mumbai,Maharashtra,RETURNING,Email,2026-02-17,2026-02-20 00:00:00
CUST001764,Customer 01764,customer01764@example.com,Ahmedabad,Gujarat,New,Organic,2026-01-15,2026-02-11 00:00:00
CUST001765,Customer 01765,customer01765@example.com,Delhi,Delhi,RETURNING,Organic,2025-08-20,2025-09-14 00:00:00
CUST001766,Customer 01766,customer01766@example.com,Delhi,Delhi,Dormant,Social,2025-09-15,2025-09-18 00:00:00
CUST001767,Customer 01767,customer01767@example.com,Delhi,Delhi,Dormant,Paid Ads,2025-09-13,2025-09-28 00:00:00
CUST001768,Customer 01768,customer01768@example.com,Bengaluru,Karnataka,New,Social,2026-02-07,2026-02-11 00:00:00
CUST001769,Customer 01769,customer01769@example.com,Bengaluru,Karnataka,RETURNING,Organic,2026-02-28,2026-03-21 00:00:00
CUST001770,Customer 01770,customer01770@example.com,Kolkata,West Bengal,RETURNING,Email,2025-03-06,2025-03-09 00:00:00
CUST001771,Customer 01771,customer01771@example.com,Kolkata,West Bengal,Dormant,Paid Ads,2025-07-09,2025-07-14 00:00:00
CUST001772,Customer 01772,customer01772@example.com,Pune,Maharashtra,New,Email,2025-06-22,2025-07-17 00:00:00
CUST001773,Customer 01773,customer01773@example.com,,Maharashtra,New,Social,2026-07-15,2026-08-06 00:00:00
CUST001774,Customer 01774,customer01774@example.com,Hyderabad,Telangana,New,Affiliate,2025-08-15,2025-08-17 00:00:00
CUST001775,Customer 01775,,Hyderabad,Telangana,RETURNING,Email,2026-08-04,2026-08-28 00:00:00
CUST001776,Customer 01776,customer01776@example.com,Ahmedabad,Gujarat,RETURNING,Social,2026-01-23,2026-01-30 00:00:00
CUST001777,Customer 01777,customer01777@example.com,Delhi,Delhi,premium,Social,2026-02-05,2026-02-21 00:00:00
CUST001778,Customer 01778,customer01778@example.com,Mumbai,Maharashtra,RETURNING,Social,2025-08-01,2025-08-29 00:00:00
CUST001779,Customer 01779,customer01779@example.com,Jaipur,Rajasthan,New,Affiliate,2025-02-22,2025-03-11 00:00:00
CUST001780,Customer 01780,customer01780@example.com,Bengaluru,Karnataka,RETURNING,Affiliate,2025-05-19,2025-06-05 00:00:00
CUST001781,Customer 01781,customer01781@example.com,Chennai,Tamil Nadu,New,Affiliate,2026-02-22,2026-03-19 00:00:00
CUST001782,Customer 01782,customer01782@example.com,Noida,Uttar Pradesh,Dormant,Paid Ads,2025-05-23,2025-06-16 00:00:00
CUST001783,Customer 01783,customer01783@example.com,Pune,Maharashtra,Dormant,Affiliate,2026-05-24,2026-06-04 00:00:00
CUST001784,Customer 01784,customer01784@example.com,Delhi,Delhi,Dormant,Affiliate,2026-05-01,2026-05-25 00:00:00
CUST001785,Customer 01785,customer01785@example.com,Delhi,Delhi,Dormant,Affiliate,2026-03-13,2026-04-06 00:00:00
CUST001786,Customer 01786,customer01786@example.com,Delhi,Delhi,New,Email,2026-06-27,2026-06-27 00:00:00
CUST001787,Customer 01787,customer01787@example.com,Bengaluru,Karnataka,New,Affiliate,2025-10-20,2025-11-11 00:00:00
CUST001788,Customer 01788,customer01788@example.com,Bengaluru,Karnataka,RETURNING,Paid Ads,2025-10-11,2025-10-22 00:00:00
CUST001789,Customer 01789,customer01789@example.com,Noida,Uttar Pradesh,Dormant,Social,2025-01-14,2025-01-24 00:00:00
CUST001790,Customer 01790,customer01790@example.com,Jaipur,Rajasthan,New,Email,2025-09-29,2025-10-11 00:00:00
CUST001791,Customer 01791,customer01791@example.com,Mumbai,Maharashtra,New,Organic,2025-01-25,2025-01-27 00:00:00
CUST001792,Customer 01792,customer01792@example.com,Delhi,Delhi,premium,Affiliate,2025-11-18,2025-12-14 00:00:00
CUST001793,Customer 01793,customer01793@example.com,Hyderabad,Telangana,New,Social,2025-04-13,2025-05-07 00:00:00
CUST001794,Customer 01794,customer01794@example.com,Kolkata,West Bengal,RETURNING,Social,2025-02-09,2025-02-16 00:00:00
CUST001795,Customer 01795,customer01795@example.com,Hyderabad,Telangana,RETURNING,Email,2025-08-23,2025-08-25 00:00:00
CUST001796,Customer 01796,customer01796@example.com,Ahmedabad,Gujarat,New,Organic,2025-03-30,2025-04-15 00:00:00
CUST001797,Customer 01797,customer01797@example.com,Hyderabad,Telangana,New,Direct,2025-04-10,2025-05-04 00:00:00
CUST001798,Customer 01798,,Ahmedabad,Gujarat,premium,Paid Ads,2025-05-24,2025-06-05 00:00:00
CUST001799,Customer 01799,customer01799@example.com,Chennai,Tamil Nadu,RETURNING,Direct,2025-03-23,2025-04-01 00:00:00
CUST001800,Customer 01800,customer01800@example.com,Kolkata,West Bengal,Dormant,Social,2026-08-12,2026-08-28 00:00:00
CUST001801,Customer 01801,customer01801@example.com,Hyderabad,Telangana,RETURNING,Direct,2026-07-25,2026-07-27 00:00:00
CUST001802,Customer 01802,customer01802@example.com,Chennai,Tamil Nadu,New,Social,2025-08-17,2025-08-29 00:00:00
CUST001803,Customer 01803,customer01803@example.com,Pune,Maharashtra,premium,Direct,2026-01-30,2026-02-20 00:00:00
CUST001804,Customer 01804,customer01804@example.com,Mumbai,Maharashtra,RETURNING,Social,2026-05-28,2026-06-02 00:00:00
CUST001805,Customer 01805,customer01805@example.com,Chennai,Tamil Nadu,New,Social,2025-07-16,2025-07-29 00:00:00
CUST001806,Customer 01806,customer01806@example.com,Mumbai,Maharashtra,premium,Email,2025-10-01,2025-10-27 00:00:00
CUST001807,Customer 01807,customer01807@example.com,Hyderabad,Telangana,New,Organic,2026-08-13,2026-08-22 00:00:00
CUST001808,Customer 01808,customer01808@example.com,Jaipur,Rajasthan,New,Social,2026-08-06,2026-08-25 00:00:00
CUST001809,Customer 01809,customer01809@example.com,Chennai,Tamil Nadu,New,Paid Ads,2026-07-16,2026-07-31 00:00:00
CUST001810,Customer 01810,customer01810@example.com,Kolkata,West Bengal,RETURNING,Paid Ads,2026-01-07,2026-01-24 00:00:00
CUST001811,Customer 01811,customer01811@example.com,Hyderabad,Telangana,RETURNING,Affiliate,2025-03-21,2025-04-02 00:00:00
CUST001812,Customer 01812,customer01812@example.com,Delhi,Delhi,RETURNING,Social,2025-08-23,2025-09-01 00:00:00
CUST001813,Customer 01813,customer01813@example.com,Bengaluru,Karnataka,premium,Social,2025-10-14,2025-10-19 00:00:00
CUST001814,Customer 01814,customer01814@example.com,Chennai,Tamil Nadu,Dormant,Social,2026-07-26,2026-08-04 00:00:00
CUST001815,Customer 01815,customer01815@example.com,Kolkata,West Bengal,New,Direct,2026-06-29,2026-07-03 00:00:00
CUST001816,Customer 01816,customer01816@example.com,Pune,Maharashtra,New,Social,2026-03-13,2026-04-10 00:00:00
CUST001817,Customer 01817,customer01817@example.com,Delhi,Delhi,New,Social,2025-05-07,2025-05-12 00:00:00
CUST001818,Customer 01818,customer01818@example.com,Pune,Maharashtra,New,Paid Ads,2026-02-21,2026-02-27 00:00:00
CUST001819,Customer 01819,customer01819@example.com,Hyderabad,Telangana,RETURNING,Organic,2025-02-10,2025-02-20 00:00:00
CUST001820,Customer 01820,customer01820@example.com,Bengaluru,Karnataka,premium,Organic,2026-04-14,2026-04-29 00:00:00
CUST001821,Customer 01821,customer01821@example.com,Chennai,Tamil Nadu,premium,Affiliate,2025-10-24,2025-11-17 00:00:00
CUST001822,Customer 01822,customer01822@example.com,Chennai,Tamil Nadu,New,Paid Ads,2026-08-20,2026-08-31 00:00:00
CUST001823,Customer 01823,customer01823@example.com,Jaipur,Rajasthan,RETURNING,Social,2025-02-11,2025-02-22 00:00:00
CUST001824,Customer 01824,customer01824@example.com,Jaipur,Rajasthan,RETURNING,Organic,2025-10-06,2025-11-04 00:00:00
CUST001825,Customer 01825,customer01825@example.com,Hyderabad,Telangana,New,Email,2026-04-04,2026-04-26 00:00:00
CUST001826,Customer 01826,customer01826@example.com,Hyderabad,Telangana,RETURNING,Email,2025-02-02,2025-02-21 00:00:00
CUST001827,Customer 01827,,Bengaluru,Karnataka,Dormant,Email,2025-10-03,2025-10-28 00:00:00
CUST001828,Customer 01828,customer01828@example.com,Jaipur,Rajasthan,RETURNING,Social,2025-03-31,2025-04-04 00:00:00
CUST001829,Customer 01829,customer01829@example.com,Kolkata,West Bengal,premium,Social,2026-06-08,2026-06-23 00:00:00
CUST001830,Customer 01830,customer01830@example.com,Kolkata,West Bengal,RETURNING,Affiliate,2025-06-09,2025-07-07 00:00:00
CUST001831,Customer 01831,customer01831@example.com,Bengaluru,Karnataka,New,Affiliate,2026-04-03,2026-04-08 00:00:00
CUST001832,Customer 01832,customer01832@example.com,Kolkata,West Bengal,RETURNING,Affiliate,2026-02-03,2026-03-03 00:00:00
CUST001833,Customer 01833,customer01833@example.com,Ahmedabad,Gujarat,New,Direct,2025-04-01,2025-04-09 00:00:00
CUST001834,Customer 01834,customer01834@example.com,Mumbai,Maharashtra,New,Email,2026-08-04,2026-08-08 00:00:00
CUST001835,Customer 01835,customer01835@example.com,Bengaluru,Karnataka,RETURNING,Social,2026-04-11,2026-05-01 00:00:00
CUST001836,Customer 01836,customer01836@example.com,Bengaluru,Karnataka,Dormant,Email,2025-08-08,2025-08-30 00:00:00
CUST001837,Customer 01837,customer01837@example.com,Noida,Uttar Pradesh,RETURNING,Affiliate,2026-02-23,2026-03-10 00:00:00
CUST001838,Customer 01838,customer01838@example.com,Delhi,Delhi,RETURNING,Social,2026-01-14,2026-01-31 00:00:00
CUST001839,Customer 01839,customer01839@example.com,Delhi,Delhi,Dormant,Paid Ads,2026-03-23,2026-04-10 00:00:00
CUST001840,Customer 01840,customer01840@example.com,Ahmedabad,Gujarat,premium,Organic,2025-05-26,2025-06-06 00:00:00
CUST001841,Customer 01841,customer01841@example.com,Jaipur,Rajasthan,premium,Organic,2025-08-21,2025-08-22 00:00:00
CUST001842,Customer 01842,customer01842@example.com,Hyderabad,Telangana,New,Affiliate,2026-01-06,2026-01-31 00:00:00
CUST001843,Customer 01843,customer01843@example.com,Hyderabad,Telangana,Dormant,Email,2025-08-22,2025-08-31 00:00:00
CUST001844,Customer 01844,customer01844@example.com,Pune,Maharashtra,New,Paid Ads,2026-01-02,2026-01-13 00:00:00
CUST001845,Customer 01845,customer01845@example.com,Ahmedabad,Gujarat,RETURNING,Social,2026-04-26,2026-05-09 00:00:00
CUST001846,Customer 01846,customer01846@example.com,Bengaluru,Karnataka,New,Email,2026-07-27,2026-08-13 00:00:00
CUST001847,Customer 01847,customer01847@example.com,Ahmedabad,Gujarat,RETURNING,Affiliate,2025-12-29,2026-01-16 00:00:00
CUST001848,Customer 01848,customer01848@example.com,Ahmedabad,Gujarat,New,Email,2026-08-13,2026-08-18 00:00:00
CUST001849,Customer 01849,customer01849@example.com,Ahmedabad,Gujarat,RETURNING,Affiliate,2026-05-26,2026-05-30 00:00:00
CUST001850,Customer 01850,customer01850@example.com,Delhi,Delhi,RETURNING,Direct,2025-04-05,2025-05-01 00:00:00
CUST001851,Customer 01851,customer01851@example.com,Ahmedabad,Gujarat,New,Organic,2025-08-04,2025-08-19 00:00:00
CUST001852,Customer 01852,customer01852@example.com,Mumbai,Maharashtra,RETURNING,Organic,2026-06-27,2026-07-10 00:00:00
CUST001853,Customer 01853,customer01853@example.com,Hyderabad,Telangana,Dormant,Email,2025-05-15,2025-05-27 00:00:00
CUST001854,Customer 01854,customer01854@example.com,Pune,Maharashtra,Dormant,Paid Ads,2025-03-24,2025-04-13 00:00:00
CUST001855,Customer 01855,customer01855@example.com,Mumbai,Maharashtra,New,Social,2026-01-26,2026-01-27 00:00:00
CUST001856,Customer 01856,customer01856@example.com,Pune,Maharashtra,premium,Affiliate,2025-02-16,2025-02-17 00:00:00
CUST001857,Customer 01857,customer01857@example.com,Noida,Uttar Pradesh,RETURNING,Social,2026-01-27,2026-02-07 00:00:00
CUST001858,Customer 01858,customer01858@example.com,Pune,Maharashtra,RETURNING,Organic,2026-01-20,2026-01-20 00:00:00
CUST001859,Customer 01859,customer01859@example.com,Hyderabad,Telangana,New,Paid Ads,2026-01-16,2026-02-03 00:00:00
CUST001860,Customer 01860,customer01860@example.com,Hyderabad,Telangana,RETURNING,Paid Ads,2025-03-18,2025-04-14 00:00:00
CUST001861,Customer 01861,customer01861@example.com,Ahmedabad,Gujarat,Dormant,Social,2025-09-16,2025-10-13 00:00:00
CUST001862,Customer 01862,customer01862@example.com,Chennai,Tamil Nadu,RETURNING,Organic,2026-02-03,2026-03-01 00:00:00
CUST001863,Customer 01863,customer01863@example.com,,Uttar Pradesh,RETURNING,Social,2025-04-10,2025-04-25 00:00:00
CUST001864,Customer 01864,customer01864@example.com,Bengaluru,Karnataka,RETURNING,Email,2026-05-16,2026-06-14 00:00:00
CUST001865,Customer 01865,customer01865@example.com,Kolkata,West Bengal,New,Paid Ads,2026-01-18,2026-01-24 00:00:00
CUST001866,Customer 01866,customer01866@example.com,Pune,Maharashtra,premium,Paid Ads,2025-07-11,2025-08-06 00:00:00
CUST001867,Customer 01867,customer01867@example.com,Chennai,Tamil Nadu,premium,Email,2026-08-03,2026-08-23 00:00:00
CUST001868,Customer 01868,customer01868@example.com,Ahmedabad,Gujarat,New,Organic,2025-12-11,2025-12-17 00:00:00
CUST001869,Customer 01869,customer01869@example.com,Delhi,Delhi,Dormant,Paid Ads,2025-01-10,2025-01-25 00:00:00
CUST001870,Customer 01870,customer01870@example.com,Bengaluru,Karnataka,New,Direct,2025-09-21,2025-10-15 00:00:00
CUST001871,Customer 01871,customer01871@example.com,Jaipur,Rajasthan,Dormant,Direct,2025-09-25,2025-09-30 00:00:00
CUST001872,Customer 01872,customer01872@example.com,Chennai,Tamil Nadu,RETURNING,Direct,2026-07-25,2026-08-11 00:00:00
CUST001873,Customer 01873,customer01873@example.com,Delhi,Delhi,New,Affiliate,2025-07-14,2025-07-14 00:00:00
CUST001874,Customer 01874,customer01874@example.com,Noida,Uttar Pradesh,RETURNING,Affiliate,2026-07-16,2026-07-16 00:00:00
CUST001875,Customer 01875,customer01875@example.com,Ahmedabad,Gujarat,RETURNING,Organic,2026-02-11,2026-03-08 00:00:00
CUST001876,Customer 01876,customer01876@example.com,Bengaluru,Karnataka,New,Email,2025-10-23,2025-11-16 00:00:00
CUST001877,Customer 01877,customer01877@example.com,Bengaluru,Karnataka,RETURNING,Social,2025-04-07,2025-04-20 00:00:00
CUST001878,Customer 01878,customer01878@example.com,Bengaluru,Karnataka,RETURNING,Organic,2026-04-07,2026-04-12 00:00:00
CUST001879,Customer 01879,customer01879@example.com,Noida,Uttar Pradesh,premium,Social,2025-03-28,2025-04-02 00:00:00
CUST001880,Customer 01880,customer01880@example.com,Pune,Maharashtra,New,Organic,2025-03-18,2025-03-21 00:00:00
CUST001881,Customer 01881,customer01881@example.com,Jaipur,Rajasthan,RETURNING,Affiliate,2026-04-28,2026-05-09 00:00:00
CUST001882,Customer 01882,customer01882@example.com,Noida,Uttar Pradesh,New,Direct,2025-05-26,2025-06-24 00:00:00
CUST001883,Customer 01883,customer01883@example.com,Kolkata,West Bengal,premium,Email,2025-04-21,2025-05-08 00:00:00
CUST001884,Customer 01884,customer01884@example.com,Jaipur,Rajasthan,New,Affiliate,2025-10-24,2025-11-02 00:00:00
CUST001885,Customer 01885,customer01885@example.com,Hyderabad,Telangana,Dormant,Email,2026-03-02,2026-03-04 00:00:00
CUST001886,Customer 01886,customer01886@example.com,Ahmedabad,Gujarat,premium,Social,2025-11-30,2025-12-02 00:00:00
CUST001887,Customer 01887,customer01887@example.com,Noida,Uttar Pradesh,RETURNING,Organic,2026-06-07,2026-06-14 00:00:00
CUST001888,Customer 01888,customer01888@example.com,Delhi,Delhi,RETURNING,Paid Ads,2026-08-06,2026-08-27 00:00:00
CUST001889,Customer 01889,customer01889@example.com,Jaipur,Rajasthan,New,Paid Ads,2026-06-22,2026-07-14 00:00:00
CUST001890,Customer 01890,customer01890@example.com,Kolkata,West Bengal,New,Email,2025-06-11,2025-07-05 00:00:00
CUST001891,Customer 01891,customer01891@example.com,Hyderabad,Telangana,Dormant,Direct,2026-03-06,2026-03-06 00:00:00
CUST001892,Customer 01892,customer01892@example.com,Pune,Maharashtra,Dormant,Direct,2025-03-10,2025-03-27 00:00:00
CUST001893,Customer 01893,customer01893@example.com,Delhi,Delhi,New,Email,2025-05-13,2025-05-27 00:00:00
CUST001894,Customer 01894,customer01894@example.com,Jaipur,Rajasthan,RETURNING,Affiliate,2025-07-08,2025-08-01 00:00:00
CUST001895,Customer 01895,customer01895@example.com,Ahmedabad,Gujarat,premium,Paid Ads,2026-07-27,2026-08-16 00:00:00
CUST001896,Customer 01896,customer01896@example.com,Delhi,Delhi,RETURNING,Affiliate,2025-10-06,2025-10-25 00:00:00
CUST001897,Customer 01897,customer01897@example.com,Hyderabad,Telangana,New,Social,2026-03-06,2026-03-22 00:00:00
CUST001898,Customer 01898,customer01898@example.com,Delhi,Delhi,New,Paid Ads,2026-06-26,2026-07-20 00:00:00
CUST001899,Customer 01899,customer01899@example.com,Mumbai,Maharashtra,New,Social,2025-06-10,2025-06-20 00:00:00
CUST001900,Customer 01900,customer01900@example.com,Chennai,Tamil Nadu,premium,Organic,2026-03-29,2026-04-10 00:00:00
CUST001901,Customer 01901,customer01901@example.com,Pune,Maharashtra,RETURNING,Affiliate,2025-06-19,2025-07-13 00:00:00
CUST001902,Customer 01902,customer01902@example.com,Hyderabad,Telangana,RETURNING,Email,2025-02-26,2025-03-17 00:00:00
CUST001903,Customer 01903,customer01903@example.com,Delhi,Delhi,Dormant,Paid Ads,2025-08-28,2025-09-21 00:00:00
CUST001904,Customer 01904,customer01904@example.com,Chennai,Tamil Nadu,RETURNING,Affiliate,2025-12-24,2026-01-02 00:00:00
CUST001905,Customer 01905,customer01905@example.com,Chennai,Tamil Nadu,Dormant,Email,2025-07-20,2025-08-01 00:00:00
CUST001906,Customer 01906,customer01906@example.com,Delhi,Delhi,RETURNING,Organic,2026-03-20,2026-04-05 00:00:00
CUST001907,Customer 01907,customer01907@example.com,Ahmedabad,Gujarat,New,Paid Ads,2025-10-29,2025-11-18 00:00:00
CUST001908,Customer 01908,customer01908@example.com,Mumbai,Maharashtra,Dormant,Social,2025-04-16,2025-04-16 00:00:00
CUST001909,Customer 01909,customer01909@example.com,Noida,Uttar Pradesh,RETURNING,Organic,2025-04-11,2025-04-30 00:00:00
CUST001910,Customer 01910,customer01910@example.com,Mumbai,Maharashtra,New,Direct,2025-04-07,2025-04-22 00:00:00
CUST001911,Customer 01911,customer01911@example.com,Delhi,Delhi,RETURNING,Email,2025-01-29,2025-02-13 00:00:00
CUST001912,Customer 01912,customer01912@example.com,Pune,Maharashtra,New,Paid Ads,2026-05-21,2026-06-17 00:00:00
CUST001913,Customer 01913,customer01913@example.com,Noida,Uttar Pradesh,RETURNING,Paid Ads,2026-03-14,2026-04-03 00:00:00
CUST001914,Customer 01914,customer01914@example.com,Hyderabad,Telangana,Dormant,Organic,2026-01-14,2026-02-12 00:00:00
CUST001915,Customer 01915,customer01915@example.com,Mumbai,Maharashtra,Dormant,Paid Ads,2025-03-14,2025-04-09 00:00:00
CUST001916,Customer 01916,customer01916@example.com,Delhi,Delhi,Dormant,Email,2025-09-11,2025-09-13 00:00:00
CUST001917,Customer 01917,customer01917@example.com,Mumbai,Maharashtra,New,Organic,2026-05-31,2026-06-01 00:00:00
CUST001918,Customer 01918,customer01918@example.com,Noida,Uttar Pradesh,RETURNING,Social,2026-07-04,2026-07-09 00:00:00
CUST001919,Customer 01919,customer01919@example.com,Kolkata,West Bengal,New,Organic,2025-01-20,2025-01-30 00:00:00
CUST001920,Customer 01920,customer01920@example.com,Jaipur,Rajasthan,Dormant,Organic,2026-06-19,2026-07-17 00:00:00
CUST001921,Customer 01921,customer01921@example.com,Mumbai,Maharashtra,RETURNING,Social,2026-02-25,2026-02-27 00:00:00
CUST001922,Customer 01922,customer01922@example.com,Hyderabad,Telangana,RETURNING,Direct,2026-03-22,2026-04-16 00:00:00
CUST001923,Customer 01923,customer01923@example.com,Hyderabad,Telangana,premium,Email,2025-05-16,2025-05-16 00:00:00
CUST001924,Customer 01924,customer01924@example.com,Bengaluru,Karnataka,RETURNING,Direct,2026-05-20,2026-05-30 00:00:00
CUST001925,Customer 01925,customer01925@example.com,Mumbai,Maharashtra,RETURNING,Direct,2025-10-28,2025-11-09 00:00:00
CUST001926,Customer 01926,customer01926@example.com,Jaipur,Rajasthan,Dormant,Direct,2025-02-02,2025-02-06 00:00:00
CUST001927,Customer 01927,customer01927@example.com,Ahmedabad,Gujarat,Dormant,Affiliate,2025-10-05,2025-10-22 00:00:00
CUST001928,Customer 01928,customer01928@example.com,Chennai,Tamil Nadu,New,Direct,2025-05-13,2025-05-27 00:00:00
CUST001929,Customer 01929,customer01929@example.com,Jaipur,Rajasthan,RETURNING,Affiliate,2026-06-11,2026-06-28 00:00:00
CUST001930,Customer 01930,customer01930@example.com,Chennai,Tamil Nadu,Dormant,Social,2025-05-06,2025-05-20 00:00:00
CUST001931,Customer 01931,customer01931@example.com,Chennai,Tamil Nadu,New,Email,2025-12-11,2025-12-30 00:00:00
CUST001932,Customer 01932,customer01932@example.com,Kolkata,West Bengal,RETURNING,Direct,2025-01-17,2025-02-05 00:00:00
CUST001933,Customer 01933,customer01933@example.com,Bengaluru,Karnataka,New,Paid Ads,2026-07-16,2026-08-04 00:00:00
CUST001934,Customer 01934,customer01934@example.com,Jaipur,Rajasthan,RETURNING,Social,2026-01-13,2026-01-19 00:00:00
CUST001935,Customer 01935,customer01935@example.com,Jaipur,Rajasthan,New,Affiliate,2025-03-01,2025-03-17 00:00:00
CUST001936,Customer 01936,customer01936@example.com,Kolkata,West Bengal,RETURNING,Email,2026-04-12,2026-05-10 00:00:00
CUST001937,Customer 01937,customer01937@example.com,,Maharashtra,New,Organic,2026-01-26,2026-02-02 00:00:00
CUST001938,Customer 01938,customer01938@example.com,Mumbai,Maharashtra,RETURNING,Email,2025-07-06,2025-08-02 00:00:00
CUST001939,Customer 01939,customer01939@example.com,Mumbai,Maharashtra,Dormant,Email,2026-05-13,2026-05-25 00:00:00
CUST001940,Customer 01940,customer01940@example.com,Pune,Maharashtra,premium,Direct,2026-08-23,2026-09-17 00:00:00
CUST001941,Customer 01941,customer01941@example.com,Chennai,Tamil Nadu,premium,Direct,2025-12-27,2026-01-11 00:00:00
CUST001942,Customer 01942,customer01942@example.com,Pune,Maharashtra,RETURNING,Affiliate,2026-03-25,2026-04-18 00:00:00
CUST001943,Customer 01943,customer01943@example.com,Bengaluru,Karnataka,New,Affiliate,2025-06-30,2025-07-09 00:00:00
CUST001944,Customer 01944,customer01944@example.com,Kolkata,West Bengal,New,Direct,2025-05-10,2025-06-07 00:00:00
CUST001945,Customer 01945,customer01945@example.com,Jaipur,Rajasthan,Dormant,Direct,2025-05-29,2025-06-11 00:00:00
CUST001946,Customer 01946,customer01946@example.com,Chennai,Tamil Nadu,RETURNING,Paid Ads,2026-04-17,2026-04-22 00:00:00
CUST001947,Customer 01947,customer01947@example.com,Pune,Maharashtra,New,Paid Ads,2026-05-15,2026-06-03 00:00:00
CUST001948,Customer 01948,customer01948@example.com,Pune,Maharashtra,premium,Social,2025-12-21,2026-01-11 00:00:00
CUST001949,Customer 01949,customer01949@example.com,Delhi,Delhi,New,Direct,2025-07-30,2025-08-24 00:00:00
CUST001950,Customer 01950,customer01950@example.com,Pune,Maharashtra,New,Organic,2026-08-19,2026-08-25 00:00:00
CUST001951,Customer 01951,customer01951@example.com,Ahmedabad,Gujarat,Dormant,Paid Ads,2025-01-30,2025-02-04 00:00:00
CUST001952,Customer 01952,customer01952@example.com,Jaipur,Rajasthan,Dormant,Affiliate,2026-07-31,2026-08-26 00:00:00
CUST001953,Customer 01953,customer01953@example.com,Ahmedabad,Gujarat,RETURNING,Email,2025-01-24,2025-02-09 00:00:00
CUST001954,Customer 01954,customer01954@example.com,Jaipur,Rajasthan,Dormant,Social,2025-08-10,2025-08-30 00:00:00
CUST001955,Customer 01955,customer01955@example.com,Kolkata,West Bengal,RETURNING,Paid Ads,2026-08-12,2026-09-04 00:00:00
CUST001956,Customer 01956,customer01956@example.com,Jaipur,Rajasthan,premium,Email,2026-08-03,2026-08-10 00:00:00
CUST001957,Customer 01957,customer01957@example.com,Ahmedabad,Gujarat,New,Email,2026-02-05,2026-02-16 00:00:00
CUST001958,Customer 01958,customer01958@example.com,Jaipur,Rajasthan,New,Paid Ads,2026-05-27,2026-06-21 00:00:00
CUST001959,Customer 01959,customer01959@example.com,Kolkata,West Bengal,RETURNING,Organic,2025-03-29,2025-04-22 00:00:00
CUST001960,Customer 01960,customer01960@example.com,Kolkata,West Bengal,Dormant,Organic,2026-04-10,2026-04-13 00:00:00
CUST001961,Customer 01961,customer01961@example.com,Bengaluru,Karnataka,RETURNING,Social,2025-02-19,2025-02-28 00:00:00
CUST001962,Customer 01962,customer01962@example.com,Jaipur,Rajasthan,New,Organic,2025-04-13,2025-04-18 00:00:00
CUST001963,Customer 01963,customer01963@example.com,Delhi,Delhi,New,Social,2026-01-03,2026-01-09 00:00:00
CUST001964,Customer 01964,customer01964@example.com,Mumbai,Maharashtra,premium,Affiliate,2026-05-07,2026-05-27 00:00:00
CUST001965,Customer 01965,customer01965@example.com,Hyderabad,Telangana,New,Paid Ads,2026-07-12,2026-08-07 00:00:00
CUST001966,Customer 01966,customer01966@example.com,Kolkata,West Bengal,RETURNING,Email,2025-09-25,2025-10-02 00:00:00
CUST001967,Customer 01967,customer01967@example.com,Noida,Uttar Pradesh,New,Social,2026-02-01,2026-02-03 00:00:00
CUST001968,Customer 01968,customer01968@example.com,Mumbai,Maharashtra,New,Organic,2025-11-16,2025-11-23 00:00:00
CUST001969,Customer 01969,customer01969@example.com,,Tamil Nadu,RETURNING,Social,2026-06-04,2026-06-18 00:00:00
CUST001970,Customer 01970,customer01970@example.com,Jaipur,Rajasthan,RETURNING,Direct,2026-03-25,2026-04-23 00:00:00
CUST001971,Customer 01971,customer01971@example.com,Ahmedabad,Gujarat,RETURNING,Social,2026-04-21,2026-05-11 00:00:00
CUST001972,Customer 01972,customer01972@example.com,Hyderabad,Telangana,New,Organic,2026-08-13,2026-08-13 00:00:00
CUST001973,Customer 01973,customer01973@example.com,Noida,Uttar Pradesh,premium,Direct,2025-08-28,2025-09-09 00:00:00
CUST001974,Customer 01974,customer01974@example.com,Mumbai,Maharashtra,New,Direct,2025-09-15,2025-10-06 00:00:00
CUST001975,Customer 01975,customer01975@example.com,Jaipur,Rajasthan,RETURNING,Organic,2026-01-25,2026-02-11 00:00:00
CUST001976,Customer 01976,customer01976@example.com,Bengaluru,Karnataka,Dormant,Direct,2025-12-09,2025-12-23 00:00:00
CUST001977,Customer 01977,customer01977@example.com,Chennai,Tamil Nadu,New,Paid Ads,2026-01-22,2026-01-28 00:00:00
CUST001978,Customer 01978,customer01978@example.com,Hyderabad,Telangana,Dormant,Email,2026-01-29,2026-02-12 00:00:00
CUST001979,Customer 01979,customer01979@example.com,Delhi,Delhi,New,Paid Ads,2025-09-27,2025-10-21 00:00:00
CUST001980,Customer 01980,customer01980@example.com,Bengaluru,Karnataka,RETURNING,Paid Ads,2025-05-29,2025-05-31 00:00:00
CUST001981,Customer 01981,customer01981@example.com,Noida,Uttar Pradesh,RETURNING,Organic,2026-01-15,2026-02-13 00:00:00
CUST001982,Customer 01982,customer01982@example.com,Hyderabad,Telangana,Dormant,Organic,2025-01-28,2025-02-22 00:00:00
CUST001983,Customer 01983,customer01983@example.com,Bengaluru,Karnataka,New,Email,2025-05-29,2025-06-11 00:00:00
CUST001984,Customer 01984,customer01984@example.com,Chennai,Tamil Nadu,RETURNING,Social,2026-02-24,2026-03-15 00:00:00
CUST001985,Customer 01985,customer01985@example.com,Delhi,Delhi,Dormant,Paid Ads,2025-10-07,2025-10-10 00:00:00
CUST001986,Customer 01986,customer01986@example.com,Bengaluru,Karnataka,RETURNING,Direct,2025-07-01,2025-07-04 00:00:00
CUST001987,Customer 01987,customer01987@example.com,Pune,Maharashtra,RETURNING,Email,2025-06-15,2025-06-17 00:00:00
CUST001988,Customer 01988,customer01988@example.com,Delhi,Delhi,New,Paid Ads,2025-01-17,2025-01-21 00:00:00
CUST001989,Customer 01989,customer01989@example.com,Noida,Uttar Pradesh,premium,Social,2025-05-30,2025-06-23 00:00:00
CUST001990,Customer 01990,customer01990@example.com,Chennai,Tamil Nadu,New,Direct,2025-12-05,2025-12-15 00:00:00
CUST001991,Customer 01991,customer01991@example.com,Jaipur,Rajasthan,New,Paid Ads,2025-02-14,2025-02-21 00:00:00
CUST001992,Customer 01992,customer01992@example.com,Ahmedabad,Gujarat,RETURNING,Affiliate,2026-05-17,2026-06-11 00:00:00
CUST001993,Customer 01993,customer01993@example.com,Ahmedabad,Gujarat,RETURNING,Email,2025-07-08,2025-07-09 00:00:00
CUST001994,Customer 01994,customer01994@example.com,Ahmedabad,Gujarat,Dormant,Organic,2025-03-02,2025-03-29 00:00:00
CUST001995,Customer 01995,customer01995@example.com,Hyderabad,Telangana,Dormant,Paid Ads,2025-10-21,2025-11-05 00:00:00
CUST001996,Customer 01996,customer01996@example.com,Noida,Uttar Pradesh,premium,Direct,2025-02-02,2025-02-26 00:00:00
CUST001997,Customer 01997,customer01997@example.com,Chennai,Tamil Nadu,premium,Direct,2025-10-26,2025-11-22 00:00:00
CUST001998,Customer 01998,,Delhi,Delhi,RETURNING,Email,2026-02-19,2026-02-28 00:00:00
CUST001999,Customer 01999,customer01999@example.com,Hyderabad,Telangana,New,Email,2026-07-03,2026-07-20 00:00:00
CUST002000,Customer 02000,customer02000@example.com,Noida,Uttar Pradesh,premium,Direct,2026-03-07,2026-03-13 00:00:00
CUST002001,Customer 02001,customer02001@example.com,Jaipur,Rajasthan,New,Direct,2026-05-10,2026-05-14 00:00:00
CUST002002,Customer 02002,customer02002@example.com,Pune,Maharashtra,RETURNING,Direct,2025-04-10,2025-05-08 00:00:00
CUST002003,Customer 02003,customer02003@example.com,,Tamil Nadu,premium,Paid Ads,2025-01-23,2025-01-29 00:00:00
CUST002004,Customer 02004,customer02004@example.com,Ahmedabad,Gujarat,RETURNING,Direct,2026-02-24,2026-03-16 00:00:00
CUST002005,Customer 02005,customer02005@example.com,Bengaluru,Karnataka,Dormant,Organic,2026-02-28,2026-03-27 00:00:00
CUST002006,Customer 02006,customer02006@example.com,Chennai,Tamil Nadu,New,Direct,2026-05-02,2026-05-07 00:00:00
CUST002007,Customer 02007,customer02007@example.com,Kolkata,West Bengal,RETURNING,Organic,2025-03-30,2025-04-22 00:00:00
CUST002008,Customer 02008,customer02008@example.com,Noida,Uttar Pradesh,New,Paid Ads,2025-07-28,2025-07-28 00:00:00
CUST002009,Customer 02009,customer02009@example.com,Mumbai,Maharashtra,RETURNING,Email,2025-09-28,2025-10-26 00:00:00
CUST002010,Customer 02010,customer02010@example.com,Jaipur,Rajasthan,premium,Organic,2026-02-10,2026-02-20 00:00:00
CUST002011,Customer 02011,customer02011@example.com,Pune,Maharashtra,RETURNING,Paid Ads,2025-10-05,2025-10-17 00:00:00
CUST002012,Customer 02012,customer02012@example.com,Jaipur,Rajasthan,New,Direct,2025-07-25,2025-08-05 00:00:00
CUST002013,Customer 02013,customer02013@example.com,Chennai,Tamil Nadu,New,Paid Ads,2026-08-13,2026-08-13 00:00:00
CUST002014,Customer 02014,customer02014@example.com,Mumbai,Maharashtra,New,Direct,2025-11-24,2025-12-14 00:00:00
CUST002015,Customer 02015,customer02015@example.com,Kolkata,West Bengal,RETURNING,Paid Ads,2025-12-02,2025-12-16 00:00:00
CUST002016,Customer 02016,customer02016@example.com,Delhi,Delhi,Dormant,Email,2026-08-15,2026-08-15 00:00:00
CUST002017,Customer 02017,customer02017@example.com,Bengaluru,Karnataka,New,Organic,2025-02-07,2025-02-09 00:00:00
CUST002018,Customer 02018,customer02018@example.com,Mumbai,Maharashtra,premium,Email,2025-08-16,2025-09-10 00:00:00
CUST002019,Customer 02019,customer02019@example.com,Noida,Uttar Pradesh,Dormant,Affiliate,2026-04-28,2026-05-12 00:00:00
CUST002020,Customer 02020,customer02020@example.com,Ahmedabad,Gujarat,RETURNING,Direct,2025-05-14,2025-05-22 00:00:00
CUST002021,Customer 02021,customer02021@example.com,Kolkata,West Bengal,RETURNING,Organic,2026-01-25,2026-02-07 00:00:00
CUST002022,Customer 02022,customer02022@example.com,Bengaluru,Karnataka,premium,Email,2026-03-01,2026-03-29 00:00:00
CUST002023,Customer 02023,customer02023@example.com,Pune,Maharashtra,New,Organic,2026-08-10,2026-09-01 00:00:00
CUST002024,Customer 02024,customer02024@example.com,Ahmedabad,Gujarat,New,Affiliate,2026-05-25,2026-06-21 00:00:00
CUST002025,Customer 02025,customer02025@example.com,Chennai,Tamil Nadu,New,Social,2026-08-18,2026-09-08 00:00:00
CUST002026,Customer 02026,customer02026@example.com,Mumbai,Maharashtra,Dormant,Direct,2026-03-03,2026-03-26 00:00:00
CUST002027,Customer 02027,customer02027@example.com,Bengaluru,Karnataka,Dormant,Direct,2026-04-19,2026-04-26 00:00:00
CUST002028,Customer 02028,customer02028@example.com,Hyderabad,Telangana,premium,Paid Ads,2026-07-22,2026-08-12 00:00:00
CUST002029,Customer 02029,customer02029@example.com,Delhi,Delhi,New,Direct,2025-12-27,2025-12-30 00:00:00
CUST002030,Customer 02030,customer02030@example.com,Delhi,Delhi,RETURNING,Direct,2025-07-30,2025-08-18 00:00:00
CUST002031,Customer 02031,customer02031@example.com,Kolkata,West Bengal,New,Email,2025-06-28,2025-07-17 00:00:00
CUST002032,Customer 02032,customer02032@example.com,Pune,Maharashtra,New,Direct,2025-02-27,2025-03-04 00:00:00
CUST002033,Customer 02033,customer02033@example.com,Kolkata,West Bengal,RETURNING,Direct,2025-03-14,2025-03-14 00:00:00
CUST002034,Customer 02034,customer02034@example.com,Hyderabad,Telangana,Dormant,Affiliate,2025-08-03,2025-08-30 00:00:00
CUST002035,Customer 02035,customer02035@example.com,Noida,Uttar Pradesh,Dormant,Affiliate,2025-03-14,2025-03-31 00:00:00
CUST002036,Customer 02036,customer02036@example.com,Pune,Maharashtra,RETURNING,Organic,2026-04-12,2026-04-17 00:00:00
CUST002037,Customer 02037,customer02037@example.com,,Rajasthan,New,Organic,2025-09-28,2025-10-27 00:00:00
CUST002038,Customer 02038,customer02038@example.com,Noida,Uttar Pradesh,New,Direct,2026-05-14,2026-05-27 00:00:00
CUST002039,Customer 02039,customer02039@example.com,Pune,Maharashtra,RETURNING,Direct,2025-12-20,2025-12-30 00:00:00
CUST002040,Customer 02040,customer02040@example.com,Pune,Maharashtra,premium,Paid Ads,2025-08-22,2025-09-07 00:00:00
CUST002041,Customer 02041,customer02041@example.com,Hyderabad,Telangana,premium,Organic,2025-11-15,2025-11-23 00:00:00
CUST002042,Customer 02042,customer02042@example.com,Chennai,Tamil Nadu,RETURNING,Email,2025-01-19,2025-02-15 00:00:00
CUST002043,Customer 02043,customer02043@example.com,Hyderabad,Telangana,RETURNING,Direct,2026-07-29,2026-08-19 00:00:00
CUST002044,Customer 02044,customer02044@example.com,Pune,Maharashtra,New,Email,2026-01-07,2026-01-13 00:00:00
CUST002045,Customer 02045,customer02045@example.com,,Karnataka,New,Direct,2025-07-03,2025-07-16 00:00:00
CUST002046,Customer 02046,customer02046@example.com,Noida,Uttar Pradesh,RETURNING,Email,2025-10-04,2025-10-31 00:00:00
CUST002047,Customer 02047,customer02047@example.com,Hyderabad,Telangana,New,Social,2025-05-25,2025-06-10 00:00:00
CUST002048,Customer 02048,customer02048@example.com,Chennai,Tamil Nadu,RETURNING,Email,2025-03-22,2025-03-29 00:00:00
CUST002049,Customer 02049,customer02049@example.com,Mumbai,Maharashtra,Dormant,Organic,2025-11-18,2025-12-15 00:00:00
CUST002050,Customer 02050,customer02050@example.com,Kolkata,West Bengal,RETURNING,Direct,2026-03-11,2026-03-26 00:00:00
CUST002051,Customer 02051,customer02051@example.com,Pune,Maharashtra,New,Organic,2025-02-12,2025-02-23 00:00:00
CUST002052,Customer 02052,customer02052@example.com,Jaipur,Rajasthan,New,Email,2025-11-09,2025-11-20 00:00:00
CUST002053,Customer 02053,customer02053@example.com,Mumbai,Maharashtra,RETURNING,Affiliate,2025-10-20,2025-11-16 00:00:00
CUST002054,Customer 02054,customer02054@example.com,,Delhi,RETURNING,Affiliate,2025-03-10,2025-04-06 00:00:00
CUST002055,Customer 02055,customer02055@example.com,Ahmedabad,Gujarat,RETURNING,Affiliate,2025-02-25,2025-03-01 00:00:00
CUST002056,Customer 02056,customer02056@example.com,Chennai,Tamil Nadu,RETURNING,Direct,2025-07-23,2025-07-27 00:00:00
CUST002057,Customer 02057,customer02057@example.com,Jaipur,Rajasthan,RETURNING,Paid Ads,2026-02-24,2026-03-09 00:00:00
CUST002058,Customer 02058,customer02058@example.com,Ahmedabad,Gujarat,premium,Social,2026-07-21,2026-07-26 00:00:00
CUST002059,Customer 02059,customer02059@example.com,Chennai,Tamil Nadu,RETURNING,Email,2026-07-04,2026-07-10 00:00:00
CUST002060,Customer 02060,customer02060@example.com,Bengaluru,Karnataka,premium,Paid Ads,2025-08-31,2025-09-22 00:00:00
CUST002061,Customer 02061,customer02061@example.com,Kolkata,West Bengal,RETURNING,Affiliate,2025-07-20,2025-08-09 00:00:00
CUST002062,Customer 02062,customer02062@example.com,Mumbai,Maharashtra,New,Email,2026-04-19,2026-05-05 00:00:00
CUST002063,Customer 02063,customer02063@example.com,Noida,Uttar Pradesh,RETURNING,Paid Ads,2026-06-11,2026-07-07 00:00:00
CUST002064,Customer 02064,customer02064@example.com,Chennai,Tamil Nadu,RETURNING,Organic,2025-03-18,2025-03-26 00:00:00
CUST002065,Customer 02065,customer02065@example.com,Noida,Uttar Pradesh,Dormant,Affiliate,2026-04-23,2026-05-14 00:00:00
CUST002066,Customer 02066,customer02066@example.com,Kolkata,West Bengal,premium,Paid Ads,2026-03-16,2026-03-28 00:00:00
CUST002067,Customer 02067,customer02067@example.com,Pune,Maharashtra,Dormant,Direct,2025-09-20,2025-09-28 00:00:00
CUST002068,Customer 02068,customer02068@example.com,Delhi,Delhi,Dormant,Organic,2025-07-04,2025-07-30 00:00:00
CUST002069,Customer 02069,customer02069@example.com,Mumbai,Maharashtra,RETURNING,Affiliate,2025-02-24,2025-03-11 00:00:00
CUST002070,Customer 02070,customer02070@example.com,Kolkata,West Bengal,RETURNING,Social,2025-11-04,2025-11-07 00:00:00
CUST002071,Customer 02071,customer02071@example.com,Kolkata,West Bengal,RETURNING,Affiliate,2026-05-31,2026-06-01 00:00:00
CUST002072,Customer 02072,customer02072@example.com,Bengaluru,Karnataka,Dormant,Direct,2025-10-26,2025-11-07 00:00:00
CUST002073,Customer 02073,customer02073@example.com,Ahmedabad,Gujarat,premium,Social,2026-07-06,2026-07-18 00:00:00
CUST002074,Customer 02074,customer02074@example.com,Delhi,Delhi,New,Social,2025-08-18,2025-09-05 00:00:00
CUST002075,Customer 02075,customer02075@example.com,Mumbai,Maharashtra,premium,Social,2026-01-12,2026-01-23 00:00:00
CUST002076,Customer 02076,customer02076@example.com,Pune,Maharashtra,New,Email,2025-10-13,2025-10-16 00:00:00
CUST002077,Customer 02077,customer02077@example.com,,Maharashtra,RETURNING,Email,2025-05-18,2025-05-27 00:00:00
CUST002078,Customer 02078,customer02078@example.com,Hyderabad,Telangana,New,Social,2026-04-23,2026-05-08 00:00:00
CUST002079,Customer 02079,customer02079@example.com,Kolkata,West Bengal,RETURNING,Organic,2025-01-07,2025-02-03 00:00:00
CUST002080,Customer 02080,customer02080@example.com,Chennai,Tamil Nadu,Dormant,Social,2026-02-23,2026-03-18 00:00:00
CUST002081,Customer 02081,customer02081@example.com,,Karnataka,New,Paid Ads,2026-04-17,2026-05-05 00:00:00
CUST002082,Customer 02082,customer02082@example.com,Delhi,Delhi,New,Social,2026-02-24,2026-03-03 00:00:00
CUST002083,Customer 02083,customer02083@example.com,Pune,Maharashtra,New,Email,2025-10-03,2025-10-08 00:00:00
CUST002084,Customer 02084,customer02084@example.com,Mumbai,Maharashtra,RETURNING,Email,2026-07-15,2026-07-18 00:00:00
CUST002085,Customer 02085,customer02085@example.com,Hyderabad,Telangana,RETURNING,Paid Ads,2026-07-25,2026-08-23 00:00:00
CUST002086,Customer 02086,customer02086@example.com,Mumbai,Maharashtra,New,Paid Ads,2025-03-31,2025-04-06 00:00:00
CUST002087,Customer 02087,customer02087@example.com,Bengaluru,Karnataka,New,Affiliate,2025-10-09,2025-10-22 00:00:00
CUST002088,Customer 02088,customer02088@example.com,Chennai,Tamil Nadu,RETURNING,Organic,2026-07-02,2026-07-28 00:00:00
CUST002089,Customer 02089,customer02089@example.com,Hyderabad,Telangana,New,Organic,2025-06-20,2025-07-02 00:00:00
CUST002090,Customer 02090,customer02090@example.com,Hyderabad,Telangana,premium,Organic,2025-12-21,2026-01-10 00:00:00
CUST002091,Customer 02091,customer02091@example.com,Ahmedabad,Gujarat,New,Direct,2025-07-23,2025-07-27 00:00:00
CUST002092,Customer 02092,customer02092@example.com,Delhi,Delhi,RETURNING,Email,2025-10-16,2025-10-24 00:00:00
CUST002093,Customer 02093,customer02093@example.com,Hyderabad,Telangana,New,Organic,2026-04-07,2026-05-05 00:00:00
CUST002094,Customer 02094,customer02094@example.com,Ahmedabad,Gujarat,RETURNING,Affiliate,2025-06-22,2025-06-24 00:00:00
CUST002095,Customer 02095,customer02095@example.com,Ahmedabad,Gujarat,New,Affiliate,2025-10-28,2025-11-06 00:00:00
CUST002096,Customer 02096,customer02096@example.com,Bengaluru,Karnataka,premium,Organic,2026-08-23,2026-09-06 00:00:00
CUST002097,Customer 02097,customer02097@example.com,Noida,Uttar Pradesh,Dormant,Paid Ads,2026-06-13,2026-07-02 00:00:00
CUST002098,Customer 02098,customer02098@example.com,Mumbai,Maharashtra,Dormant,Affiliate,2025-05-20,2025-06-09 00:00:00
CUST002099,Customer 02099,customer02099@example.com,Chennai,Tamil Nadu,RETURNING,Paid Ads,2025-10-05,2025-10-21 00:00:00
CUST002100,Customer 02100,customer02100@example.com,Jaipur,Rajasthan,RETURNING,Email,2026-05-26,2026-06-17 00:00:00
CUST002101,Customer 02101,customer02101@example.com,Mumbai,Maharashtra,premium,Direct,2025-12-12,2026-01-04 00:00:00
CUST002102,Customer 02102,customer02102@example.com,Hyderabad,Telangana,RETURNING,Affiliate,2025-05-20,2025-05-25 00:00:00
CUST002103,Customer 02103,customer02103@example.com,Chennai,Tamil Nadu,New,Paid Ads,2025-04-24,2025-05-18 00:00:00
CUST002104,Customer 02104,customer02104@example.com,Pune,Maharashtra,premium,Organic,2026-08-03,2026-08-05 00:00:00
CUST002105,Customer 02105,customer02105@example.com,Noida,Uttar Pradesh,RETURNING,Email,2026-05-22,2026-06-08 00:00:00
CUST002106,Customer 02106,customer02106@example.com,Pune,Maharashtra,New,Social,2026-01-01,2026-01-05 00:00:00
CUST002107,Customer 02107,customer02107@example.com,Pune,Maharashtra,New,Social,2026-02-01,2026-02-13 00:00:00
CUST002108,Customer 02108,customer02108@example.com,Delhi,Delhi,New,Organic,2025-04-21,2025-05-15 00:00:00
CUST002109,Customer 02109,customer02109@example.com,Mumbai,Maharashtra,RETURNING,Email,2025-12-24,2026-01-19 00:00:00
CUST002110,Customer 02110,customer02110@example.com,Jaipur,Rajasthan,New,Email,2025-08-26,2025-08-26 00:00:00
CUST002111,Customer 02111,customer02111@example.com,Bengaluru,Karnataka,New,Email,2025-01-03,2025-01-19 00:00:00
CUST002112,Customer 02112,customer02112@example.com,Jaipur,Rajasthan,New,Email,2026-02-08,2026-03-05 00:00:00
CUST002113,Customer 02113,customer02113@example.com,Pune,Maharashtra,RETURNING,Social,2025-01-25,2025-01-27 00:00:00
CUST002114,Customer 02114,customer02114@example.com,Hyderabad,Telangana,premium,Paid Ads,2026-05-24,2026-06-18 00:00:00
CUST002115,Customer 02115,customer02115@example.com,Noida,Uttar Pradesh,RETURNING,Email,2026-04-10,2026-04-28 00:00:00
CUST002116,Customer 02116,customer02116@example.com,Kolkata,West Bengal,New,Paid Ads,2025-03-02,2025-03-22 00:00:00
CUST002117,Customer 02117,customer02117@example.com,Jaipur,Rajasthan,New,Email,2026-05-23,2026-06-11 00:00:00
CUST002118,Customer 02118,customer02118@example.com,Pune,Maharashtra,Dormant,Affiliate,2025-05-03,2025-05-24 00:00:00
CUST002119,Customer 02119,customer02119@example.com,Noida,Uttar Pradesh,RETURNING,Direct,2026-05-12,2026-05-23 00:00:00
CUST002120,Customer 02120,customer02120@example.com,Chennai,Tamil Nadu,RETURNING,Affiliate,2025-02-24,2025-03-03 00:00:00
CUST002121,Customer 02121,customer02121@example.com,Mumbai,Maharashtra,New,Direct,2025-06-12,2025-06-19 00:00:00
CUST002122,Customer 02122,customer02122@example.com,Ahmedabad,Gujarat,premium,Affiliate,2025-02-08,2025-02-22 00:00:00
CUST002123,Customer 02123,customer02123@example.com,Delhi,Delhi,RETURNING,Email,2025-03-24,2025-04-03 00:00:00
CUST002124,Customer 02124,customer02124@example.com,Noida,Uttar Pradesh,New,Paid Ads,2026-06-30,2026-07-19 00:00:00
CUST002125,Customer 02125,customer02125@example.com,Hyderabad,Telangana,New,Direct,2025-04-23,2025-04-23 00:00:00
CUST002126,Customer 02126,customer02126@example.com,Hyderabad,Telangana,RETURNING,Social,2026-03-01,2026-03-29 00:00:00
CUST002127,Customer 02127,customer02127@example.com,Noida,Uttar Pradesh,premium,Organic,2025-08-18,2025-09-02 00:00:00
CUST002128,Customer 02128,customer02128@example.com,Hyderabad,Telangana,Dormant,Direct,2025-10-10,2025-11-08 00:00:00
CUST002129,Customer 02129,customer02129@example.com,Mumbai,Maharashtra,RETURNING,Direct,2025-10-14,2025-10-27 00:00:00
CUST002130,Customer 02130,customer02130@example.com,,Telangana,premium,Social,2025-06-04,2025-06-10 00:00:00
CUST002131,Customer 02131,customer02131@example.com,Jaipur,Rajasthan,New,Email,2025-06-14,2025-06-19 00:00:00
CUST002132,Customer 02132,customer02132@example.com,Ahmedabad,Gujarat,RETURNING,Affiliate,2025-07-01,2025-07-21 00:00:00
CUST002133,Customer 02133,customer02133@example.com,Hyderabad,Telangana,RETURNING,Affiliate,2025-08-27,2025-08-30 00:00:00
CUST002134,Customer 02134,customer02134@example.com,Ahmedabad,Gujarat,New,Paid Ads,2025-12-05,2025-12-26 00:00:00
CUST002135,Customer 02135,customer02135@example.com,Pune,Maharashtra,Dormant,Email,2026-05-27,2026-06-03 00:00:00
CUST002136,Customer 02136,customer02136@example.com,Bengaluru,Karnataka,New,Social,2025-09-23,2025-10-14 00:00:00
CUST002137,Customer 02137,customer02137@example.com,Mumbai,Maharashtra,RETURNING,Email,2025-07-06,2025-07-24 00:00:00
CUST002138,Customer 02138,customer02138@example.com,Bengaluru,Karnataka,RETURNING,Email,2025-02-09,2025-03-05 00:00:00
CUST002139,Customer 02139,customer02139@example.com,Pune,Maharashtra,RETURNING,Affiliate,2026-05-08,2026-05-10 00:00:00
CUST002140,Customer 02140,customer02140@example.com,Mumbai,Maharashtra,RETURNING,Social,2026-01-26,2026-01-29 00:00:00
CUST002141,Customer 02141,customer02141@example.com,Noida,Uttar Pradesh,New,Organic,2025-09-17,2025-09-29 00:00:00
CUST002142,Customer 02142,customer02142@example.com,Noida,Uttar Pradesh,premium,Direct,2025-06-25,2025-07-15 00:00:00
CUST002143,Customer 02143,customer02143@example.com,Ahmedabad,Gujarat,RETURNING,Affiliate,2025-11-25,2025-12-21 00:00:00
CUST002144,Customer 02144,customer02144@example.com,Pune,Maharashtra,RETURNING,Social,2025-07-19,2025-07-20 00:00:00
CUST002145,Customer 02145,customer02145@example.com,Ahmedabad,Gujarat,Dormant,Paid Ads,2025-07-15,2025-07-25 00:00:00
CUST002146,Customer 02146,customer02146@example.com,Delhi,Delhi,premium,Direct,2026-08-12,2026-08-27 00:00:00
CUST002147,Customer 02147,customer02147@example.com,Hyderabad,Telangana,New,Direct,2026-06-15,2026-06-24 00:00:00
CUST002148,Customer 02148,customer02148@example.com,Kolkata,West Bengal,premium,Affiliate,2025-03-03,2025-03-17 00:00:00
CUST002149,Customer 02149,customer02149@example.com,Delhi,Delhi,New,Paid Ads,2025-11-23,2025-12-19 00:00:00
CUST002150,Customer 02150,customer02150@example.com,Hyderabad,Telangana,New,Affiliate,2025-10-08,2025-10-17 00:00:00
CUST002151,Customer 02151,customer02151@example.com,Mumbai,Maharashtra,RETURNING,Email,2025-08-15,2025-08-16 00:00:00
CUST002152,Customer 02152,customer02152@example.com,Ahmedabad,Gujarat,Dormant,Social,2025-02-27,2025-03-04 00:00:00
CUST002153,Customer 02153,customer02153@example.com,Mumbai,Maharashtra,New,Paid Ads,2026-04-22,2026-05-05 00:00:00
CUST002154,Customer 02154,customer02154@example.com,Mumbai,Maharashtra,RETURNING,Direct,2026-01-11,2026-01-12 00:00:00
CUST002155,Customer 02155,customer02155@example.com,Hyderabad,Telangana,New,Affiliate,2025-08-31,2025-09-09 00:00:00
CUST002156,Customer 02156,customer02156@example.com,Pune,Maharashtra,premium,Direct,2026-01-02,2026-01-18 00:00:00
CUST002157,Customer 02157,customer02157@example.com,Hyderabad,Telangana,RETURNING,Paid Ads,2026-05-15,2026-05-22 00:00:00
CUST002158,Customer 02158,customer02158@example.com,Chennai,Tamil Nadu,RETURNING,Direct,2025-09-09,2025-10-04 00:00:00
CUST002159,Customer 02159,customer02159@example.com,Noida,Uttar Pradesh,New,Affiliate,2025-11-18,2025-12-03 00:00:00
CUST002160,Customer 02160,customer02160@example.com,Noida,Uttar Pradesh,premium,Affiliate,2026-01-11,2026-01-24 00:00:00
CUST002161,Customer 02161,customer02161@example.com,Delhi,Delhi,Dormant,Organic,2026-02-13,2026-02-22 00:00:00
CUST002162,Customer 02162,customer02162@example.com,Noida,Uttar Pradesh,RETURNING,Direct,2026-05-03,2026-05-15 00:00:00
CUST002163,Customer 02163,customer02163@example.com,Hyderabad,Telangana,RETURNING,Organic,2025-12-09,2025-12-09 00:00:00
CUST002164,Customer 02164,customer02164@example.com,Jaipur,Rajasthan,Dormant,Organic,2025-08-28,2025-09-06 00:00:00
CUST002165,Customer 02165,customer02165@example.com,Ahmedabad,Gujarat,New,Direct,2025-05-19,2025-06-17 00:00:00
CUST002166,Customer 02166,customer02166@example.com,Hyderabad,Telangana,premium,Paid Ads,2025-05-02,2025-05-23 00:00:00
CUST002167,Customer 02167,customer02167@example.com,Hyderabad,Telangana,Dormant,Email,2026-02-24,2026-03-07 00:00:00
CUST002168,Customer 02168,customer02168@example.com,Kolkata,West Bengal,New,Affiliate,2026-07-15,2026-08-13 00:00:00
CUST002169,Customer 02169,customer02169@example.com,Ahmedabad,Gujarat,RETURNING,Social,2025-10-31,2025-11-16 00:00:00
CUST002170,Customer 02170,customer02170@example.com,Chennai,Tamil Nadu,New,Organic,2025-04-25,2025-05-18 00:00:00
CUST002171,Customer 02171,customer02171@example.com,Noida,Uttar Pradesh,RETURNING,Paid Ads,2025-12-09,2025-12-22 00:00:00
CUST002172,Customer 02172,customer02172@example.com,Ahmedabad,Gujarat,RETURNING,Direct,2025-09-08,2025-09-12 00:00:00
CUST002173,Customer 02173,customer02173@example.com,Noida,Uttar Pradesh,RETURNING,Paid Ads,2025-01-07,2025-01-25 00:00:00
CUST002174,Customer 02174,customer02174@example.com,Delhi,Delhi,RETURNING,Paid Ads,2026-08-12,2026-08-16 00:00:00
CUST002175,Customer 02175,customer02175@example.com,Ahmedabad,Gujarat,New,Direct,2025-06-28,2025-07-12 00:00:00
CUST002176,Customer 02176,customer02176@example.com,Noida,Uttar Pradesh,RETURNING,Social,2025-05-25,2025-06-06 00:00:00
CUST002177,Customer 02177,customer02177@example.com,Chennai,Tamil Nadu,New,Direct,2026-02-20,2026-03-08 00:00:00
CUST002178,Customer 02178,customer02178@example.com,Bengaluru,Karnataka,Dormant,Social,2025-05-01,2025-05-01 00:00:00
CUST002179,Customer 02179,customer02179@example.com,Mumbai,Maharashtra,New,Direct,2025-05-04,2025-05-31 00:00:00
CUST002180,Customer 02180,customer02180@example.com,Mumbai,Maharashtra,Dormant,Organic,2025-05-30,2025-06-12 00:00:00
CUST002181,Customer 02181,customer02181@example.com,Chennai,Tamil Nadu,RETURNING,Social,2026-02-01,2026-02-04 00:00:00
CUST002182,Customer 02182,customer02182@example.com,Kolkata,West Bengal,RETURNING,Organic,2026-01-16,2026-02-09 00:00:00
CUST002183,Customer 02183,customer02183@example.com,Bengaluru,Karnataka,premium,Social,2025-01-01,2025-01-30 00:00:00
CUST002184,Customer 02184,customer02184@example.com,Delhi,Delhi,RETURNING,Social,2025-09-01,2025-09-09 00:00:00
CUST002185,Customer 02185,customer02185@example.com,Chennai,Tamil Nadu,RETURNING,Direct,2026-02-02,2026-02-18 00:00:00
CUST002186,Customer 02186,customer02186@example.com,Mumbai,Maharashtra,New,Social,2025-09-08,2025-09-10 00:00:00
CUST002187,Customer 02187,customer02187@example.com,Mumbai,Maharashtra,RETURNING,Organic,2026-07-30,2026-08-11 00:00:00
CUST002188,Customer 02188,customer02188@example.com,Mumbai,Maharashtra,New,Direct,2025-10-26,2025-11-06 00:00:00
CUST002189,Customer 02189,customer02189@example.com,Pune,Maharashtra,New,Affiliate,2025-10-24,2025-11-08 00:00:00
CUST002190,Customer 02190,customer02190@example.com,Chennai,Tamil Nadu,RETURNING,Organic,2026-05-15,2026-05-18 00:00:00
CUST002191,Customer 02191,customer02191@example.com,Hyderabad,Telangana,New,Affiliate,2025-04-25,2025-05-12 00:00:00
CUST002192,Customer 02192,customer02192@example.com,Delhi,Delhi,New,Paid Ads,2025-01-01,2025-01-23 00:00:00
CUST002193,Customer 02193,customer02193@example.com,Mumbai,Maharashtra,New,Direct,2026-07-07,2026-07-09 00:00:00
CUST002194,Customer 02194,customer02194@example.com,Noida,Uttar Pradesh,New,Paid Ads,2026-08-23,2026-09-08 00:00:00
CUST002195,Customer 02195,customer02195@example.com,Chennai,Tamil Nadu,New,Direct,2026-04-27,2026-04-27 00:00:00
CUST002196,Customer 02196,customer02196@example.com,Pune,Maharashtra,Dormant,Direct,2026-08-23,2026-09-10 00:00:00
CUST002197,Customer 02197,customer02197@example.com,Chennai,Tamil Nadu,New,Organic,2026-05-25,2026-06-15 00:00:00
CUST002198,Customer 02198,customer02198@example.com,Delhi,Delhi,RETURNING,Affiliate,2025-12-01,2025-12-04 00:00:00
CUST002199,Customer 02199,customer02199@example.com,Pune,Maharashtra,New,Direct,2026-04-10,2026-04-26 00:00:00
CUST002200,Customer 02200,customer02200@example.com,Delhi,Delhi,Dormant,Affiliate,2025-05-21,2025-05-27 00:00:00
CUST002201,Customer 02201,customer02201@example.com,Chennai,Tamil Nadu,New,Direct,2026-08-06,2026-08-07 00:00:00
CUST002202,Customer 02202,customer02202@example.com,Hyderabad,Telangana,Dormant,Affiliate,2025-05-17,2025-05-28 00:00:00
CUST002203,Customer 02203,customer02203@example.com,Delhi,Delhi,RETURNING,Paid Ads,2025-06-16,2025-06-20 00:00:00
CUST002204,Customer 02204,customer02204@example.com,Pune,Maharashtra,New,Organic,2025-12-09,2025-12-24 00:00:00
CUST002205,Customer 02205,customer02205@example.com,Pune,Maharashtra,Dormant,Direct,2026-02-14,2026-02-21 00:00:00
CUST002206,Customer 02206,customer02206@example.com,Delhi,Delhi,RETURNING,Email,2025-03-06,2025-03-28 00:00:00
CUST002207,Customer 02207,customer02207@example.com,Jaipur,Rajasthan,New,Affiliate,2026-08-04,2026-08-30 00:00:00
CUST002208,Customer 02208,customer02208@example.com,Chennai,Tamil Nadu,premium,Affiliate,2025-03-08,2025-04-04 00:00:00
CUST002209,Customer 02209,customer02209@example.com,Jaipur,Rajasthan,Dormant,Email,2026-03-09,2026-03-16 00:00:00
CUST002210,Customer 02210,customer02210@example.com,Kolkata,West Bengal,RETURNING,Organic,2025-02-19,2025-03-03 00:00:00
CUST002211,Customer 02211,customer02211@example.com,Chennai,Tamil Nadu,RETURNING,Affiliate,2025-11-10,2025-12-05 00:00:00
CUST002212,Customer 02212,customer02212@example.com,Delhi,Delhi,premium,Organic,2025-11-05,2025-11-18 00:00:00
CUST002213,Customer 02213,customer02213@example.com,Bengaluru,Karnataka,RETURNING,Affiliate,2025-04-25,2025-05-05 00:00:00
CUST002214,Customer 02214,customer02214@example.com,Delhi,Delhi,Dormant,Social,2026-07-23,2026-07-28 00:00:00
CUST002215,Customer 02215,customer02215@example.com,Jaipur,Rajasthan,RETURNING,Affiliate,2025-12-08,2025-12-23 00:00:00
CUST002216,Customer 02216,customer02216@example.com,Hyderabad,Telangana,New,Social,2026-06-14,2026-07-06 00:00:00
CUST002217,Customer 02217,customer02217@example.com,Delhi,Delhi,Dormant,Direct,2026-05-10,2026-06-03 00:00:00
CUST002218,Customer 02218,customer02218@example.com,Delhi,Delhi,New,Organic,2025-09-26,2025-10-17 00:00:00
CUST002219,Customer 02219,customer02219@example.com,Hyderabad,Telangana,New,Affiliate,2025-03-21,2025-04-14 00:00:00
CUST002220,Customer 02220,customer02220@example.com,Delhi,Delhi,RETURNING,Paid Ads,2026-04-01,2026-04-15 00:00:00
CUST002221,Customer 02221,customer02221@example.com,Mumbai,Maharashtra,RETURNING,Paid Ads,2025-10-26,2025-11-10 00:00:00
CUST002222,Customer 02222,customer02222@example.com,Bengaluru,Karnataka,New,Email,2025-07-21,2025-08-02 00:00:00
CUST002223,Customer 02223,customer02223@example.com,Noida,Uttar Pradesh,premium,Paid Ads,2026-05-18,2026-05-29 00:00:00
CUST002224,Customer 02224,customer02224@example.com,Bengaluru,Karnataka,RETURNING,Social,2026-04-30,2026-05-17 00:00:00
CUST002225,Customer 02225,customer02225@example.com,Delhi,Delhi,RETURNING,Paid Ads,2026-08-08,2026-09-05 00:00:00
CUST002226,Customer 02226,customer02226@example.com,,Maharashtra,premium,Paid Ads,2026-07-14,2026-07-31 00:00:00
CUST002227,Customer 02227,customer02227@example.com,Chennai,Tamil Nadu,RETURNING,Paid Ads,2025-01-18,2025-01-31 00:00:00
CUST002228,Customer 02228,customer02228@example.com,Delhi,Delhi,New,Affiliate,2026-04-23,2026-04-24 00:00:00
CUST002229,Customer 02229,customer02229@example.com,Jaipur,Rajasthan,New,Email,2026-05-03,2026-05-24 00:00:00
CUST002230,Customer 02230,customer02230@example.com,Mumbai,Maharashtra,Dormant,Organic,2026-03-22,2026-03-23 00:00:00
CUST002231,Customer 02231,customer02231@example.com,Hyderabad,Telangana,New,Email,2025-12-06,2025-12-08 00:00:00
CUST002232,Customer 02232,customer02232@example.com,Mumbai,Maharashtra,RETURNING,Social,2026-06-15,2026-07-13 00:00:00
CUST002233,Customer 02233,customer02233@example.com,Hyderabad,Telangana,RETURNING,Affiliate,2025-04-26,2025-05-19 00:00:00
CUST002234,Customer 02234,customer02234@example.com,Kolkata,West Bengal,RETURNING,Direct,2025-03-15,2025-03-22 00:00:00
CUST002235,Customer 02235,customer02235@example.com,Noida,Uttar Pradesh,New,Affiliate,2025-09-26,2025-10-06 00:00:00
CUST002236,Customer 02236,customer02236@example.com,Ahmedabad,Gujarat,RETURNING,Paid Ads,2025-04-26,2025-05-07 00:00:00
CUST002237,Customer 02237,customer02237@example.com,Mumbai,Maharashtra,RETURNING,Paid Ads,2025-06-13,2025-06-16 00:00:00
CUST002238,Customer 02238,customer02238@example.com,Pune,Maharashtra,Dormant,Social,2026-08-06,2026-08-14 00:00:00
CUST002239,Customer 02239,customer02239@example.com,Jaipur,Rajasthan,New,Direct,2025-08-10,2025-09-02 00:00:00
CUST002240,Customer 02240,customer02240@example.com,Delhi,Delhi,RETURNING,Affiliate,2025-05-06,2025-05-22 00:00:00
CUST002241,Customer 02241,customer02241@example.com,Jaipur,Rajasthan,RETURNING,Direct,2025-06-25,2025-07-18 00:00:00
CUST002242,Customer 02242,customer02242@example.com,Bengaluru,Karnataka,RETURNING,Organic,2026-01-10,2026-01-25 00:00:00
CUST002243,Customer 02243,customer02243@example.com,Ahmedabad,Gujarat,RETURNING,Email,2026-05-13,2026-05-29 00:00:00
CUST002244,Customer 02244,customer02244@example.com,Bengaluru,Karnataka,New,Affiliate,2025-03-26,2025-04-09 00:00:00
CUST002245,Customer 02245,customer02245@example.com,Kolkata,West Bengal,New,Direct,2026-01-18,2026-02-06 00:00:00
CUST002246,Customer 02246,customer02246@example.com,Ahmedabad,Gujarat,premium,Organic,2026-04-08,2026-05-03 00:00:00
CUST002247,Customer 02247,customer02247@example.com,Ahmedabad,Gujarat,RETURNING,Organic,2026-03-27,2026-04-17 00:00:00
CUST002248,Customer 02248,customer02248@example.com,Bengaluru,Karnataka,RETURNING,Email,2026-06-02,2026-06-08 00:00:00
CUST002249,Customer 02249,customer02249@example.com,Hyderabad,Telangana,New,Organic,2026-07-04,2026-07-13 00:00:00
CUST002250,Customer 02250,customer02250@example.com,Bengaluru,Karnataka,New,Social,2025-04-26,2025-05-24 00:00:00
CUST002251,Customer 02251,customer02251@example.com,Jaipur,Rajasthan,New,Organic,2025-01-08,2025-01-11 00:00:00
CUST002252,Customer 02252,customer02252@example.com,Hyderabad,Telangana,New,Direct,2025-08-06,2025-08-29 00:00:00
CUST002253,Customer 02253,customer02253@example.com,Jaipur,Rajasthan,RETURNING,Social,2026-08-13,2026-09-05 00:00:00
CUST002254,Customer 02254,customer02254@example.com,Kolkata,West Bengal,Dormant,Organic,2026-02-08,2026-02-21 00:00:00
CUST002255,Customer 02255,customer02255@example.com,Delhi,Delhi,New,Paid Ads,2026-07-21,2026-08-03 00:00:00
CUST002256,Customer 02256,customer02256@example.com,Chennai,Tamil Nadu,RETURNING,Organic,2025-10-31,2025-11-13 00:00:00
CUST002257,Customer 02257,customer02257@example.com,Hyderabad,Telangana,New,Social,2026-04-12,2026-05-06 00:00:00
CUST002258,Customer 02258,customer02258@example.com,Kolkata,West Bengal,RETURNING,Organic,2025-03-29,2025-04-11 00:00:00
CUST002259,Customer 02259,customer02259@example.com,Pune,Maharashtra,New,Organic,2025-01-10,2025-01-31 00:00:00
CUST002260,Customer 02260,customer02260@example.com,Kolkata,West Bengal,Dormant,Organic,2025-11-04,2025-11-23 00:00:00
CUST002261,Customer 02261,customer02261@example.com,Bengaluru,Karnataka,RETURNING,Social,2026-03-10,2026-03-27 00:00:00
CUST002262,Customer 02262,customer02262@example.com,Bengaluru,Karnataka,Dormant,Organic,2025-06-13,2025-06-27 00:00:00
CUST002263,Customer 02263,customer02263@example.com,Chennai,Tamil Nadu,Dormant,Email,2025-08-27,2025-09-18 00:00:00
CUST002264,Customer 02264,customer02264@example.com,Kolkata,West Bengal,RETURNING,Direct,2025-11-13,2025-12-08 00:00:00
CUST002265,Customer 02265,customer02265@example.com,Noida,Uttar Pradesh,RETURNING,Email,2025-12-01,2025-12-19 00:00:00
CUST002266,Customer 02266,customer02266@example.com,Delhi,Delhi,New,Social,2025-01-18,2025-02-13 00:00:00
CUST002267,Customer 02267,customer02267@example.com,Bengaluru,Karnataka,RETURNING,Paid Ads,2025-03-12,2025-03-24 00:00:00
CUST002268,Customer 02268,customer02268@example.com,Chennai,Tamil Nadu,Dormant,Email,2025-06-24,2025-07-05 00:00:00
CUST002269,Customer 02269,customer02269@example.com,Delhi,Delhi,New,Direct,2025-12-05,2025-12-23 00:00:00
CUST002270,Customer 02270,customer02270@example.com,Kolkata,West Bengal,Dormant,Affiliate,2025-09-05,2025-09-23 00:00:00
CUST002271,Customer 02271,customer02271@example.com,Kolkata,West Bengal,RETURNING,Direct,2025-07-12,2025-07-31 00:00:00
CUST002272,Customer 02272,customer02272@example.com,Ahmedabad,Gujarat,Dormant,Email,2026-02-23,2026-02-24 00:00:00
CUST002273,Customer 02273,customer02273@example.com,Chennai,Tamil Nadu,Dormant,Affiliate,2025-11-21,2025-12-19 00:00:00
CUST002274,Customer 02274,customer02274@example.com,Bengaluru,Karnataka,RETURNING,Social,2025-11-02,2025-11-30 00:00:00
CUST002275,Customer 02275,customer02275@example.com,Noida,Uttar Pradesh,RETURNING,Direct,2025-07-23,2025-08-12 00:00:00
CUST002276,Customer 02276,customer02276@example.com,Kolkata,West Bengal,RETURNING,Paid Ads,2025-05-03,2025-05-05 00:00:00
CUST002277,Customer 02277,customer02277@example.com,Noida,Uttar Pradesh,premium,Affiliate,2026-07-24,2026-08-02 00:00:00
CUST002278,Customer 02278,customer02278@example.com,Kolkata,West Bengal,Dormant,Affiliate,2026-03-23,2026-03-27 00:00:00
CUST002279,Customer 02279,customer02279@example.com,Bengaluru,Karnataka,premium,Direct,2026-05-06,2026-05-17 00:00:00
CUST002280,Customer 02280,customer02280@example.com,Delhi,Delhi,RETURNING,Email,2026-03-09,2026-04-06 00:00:00
CUST002281,Customer 02281,customer02281@example.com,Mumbai,Maharashtra,RETURNING,Affiliate,2025-05-08,2025-05-14 00:00:00
CUST002282,Customer 02282,customer02282@example.com,Delhi,Delhi,premium,Social,2026-07-02,2026-07-10 00:00:00
CUST002283,Customer 02283,customer02283@example.com,Kolkata,West Bengal,RETURNING,Direct,2025-02-16,2025-02-17 00:00:00
CUST002284,Customer 02284,customer02284@example.com,Jaipur,Rajasthan,premium,Social,2026-05-20,2026-06-13 00:00:00
CUST002285,Customer 02285,customer02285@example.com,Mumbai,Maharashtra,RETURNING,Direct,2025-04-25,2025-05-04 00:00:00
CUST002286,Customer 02286,customer02286@example.com,Mumbai,Maharashtra,New,Social,2026-02-20,2026-02-25 00:00:00
CUST002287,Customer 02287,customer02287@example.com,Noida,Uttar Pradesh,RETURNING,Email,2025-08-11,2025-08-22 00:00:00
CUST002288,Customer 02288,customer02288@example.com,Chennai,Tamil Nadu,RETURNING,Direct,2026-05-18,2026-05-23 00:00:00
CUST002289,Customer 02289,customer02289@example.com,Noida,Uttar Pradesh,New,Paid Ads,2025-04-06,2025-05-02 00:00:00
CUST002290,Customer 02290,customer02290@example.com,Noida,Uttar Pradesh,New,Email,2025-04-17,2025-04-19 00:00:00
CUST002291,Customer 02291,customer02291@example.com,Jaipur,Rajasthan,RETURNING,Social,2025-02-01,2025-03-02 00:00:00
CUST002292,Customer 02292,customer02292@example.com,Delhi,Delhi,New,Direct,2026-05-08,2026-05-17 00:00:00
CUST002293,Customer 02293,customer02293@example.com,Delhi,Delhi,RETURNING,Email,2025-03-07,2025-04-04 00:00:00
CUST002294,Customer 02294,customer02294@example.com,Pune,Maharashtra,premium,Social,2025-06-28,2025-07-06 00:00:00
CUST002295,Customer 02295,customer02295@example.com,Kolkata,West Bengal,Dormant,Organic,2026-03-19,2026-04-07 00:00:00
CUST002296,Customer 02296,customer02296@example.com,Jaipur,Rajasthan,premium,Organic,2026-07-03,2026-07-07 00:00:00
CUST002297,Customer 02297,customer02297@example.com,Pune,Maharashtra,Dormant,Affiliate,2025-07-20,2025-07-22 00:00:00
CUST002298,Customer 02298,customer02298@example.com,Bengaluru,Karnataka,RETURNING,Paid Ads,2025-02-18,2025-02-22 00:00:00
CUST002299,Customer 02299,customer02299@example.com,Kolkata,West Bengal,New,Organic,2025-09-20,2025-09-27 00:00:00
CUST002300,Customer 02300,customer02300@example.com,Kolkata,West Bengal,RETURNING,Social,2025-05-13,2025-05-20 00:00:00
CUST002301,Customer 02301,customer02301@example.com,Ahmedabad,Gujarat,premium,Email,2025-12-10,2025-12-23 00:00:00
CUST002302,Customer 02302,customer02302@example.com,Ahmedabad,Gujarat,RETURNING,Direct,2025-06-25,2025-07-18 00:00:00
CUST002303,Customer 02303,customer02303@example.com,Hyderabad,Telangana,New,Email,2026-01-26,2026-02-16 00:00:00
CUST002304,Customer 02304,customer02304@example.com,Hyderabad,Telangana,premium,Affiliate,2025-01-11,2025-01-27 00:00:00
CUST002305,Customer 02305,customer02305@example.com,Noida,Uttar Pradesh,New,Email,2025-07-20,2025-07-30 00:00:00
CUST002306,Customer 02306,customer02306@example.com,Bengaluru,Karnataka,RETURNING,Organic,2025-01-03,2025-01-28 00:00:00
CUST002307,Customer 02307,customer02307@example.com,Mumbai,Maharashtra,New,Email,2025-08-02,2025-08-17 00:00:00
CUST002308,Customer 02308,customer02308@example.com,Mumbai,Maharashtra,RETURNING,Organic,2025-11-03,2025-11-30 00:00:00
CUST002309,Customer 02309,customer02309@example.com,Ahmedabad,Gujarat,RETURNING,Organic,2026-06-28,2026-07-03 00:00:00
CUST002310,Customer 02310,customer02310@example.com,Ahmedabad,Gujarat,New,Paid Ads,2026-07-14,2026-08-10 00:00:00
CUST002311,Customer 02311,customer02311@example.com,Ahmedabad,Gujarat,RETURNING,Affiliate,2025-11-23,2025-12-03 00:00:00
CUST002312,Customer 02312,customer02312@example.com,Jaipur,Rajasthan,RETURNING,Social,2025-07-18,2025-07-27 00:00:00
CUST002313,Customer 02313,customer02313@example.com,Chennai,Tamil Nadu,premium,Organic,2025-04-19,2025-05-11 00:00:00
CUST002314,Customer 02314,customer02314@example.com,Hyderabad,Telangana,Dormant,Direct,2025-10-18,2025-11-16 00:00:00
CUST002315,Customer 02315,customer02315@example.com,Jaipur,Rajasthan,RETURNING,Affiliate,2025-04-18,2025-04-26 00:00:00
CUST002316,Customer 02316,customer02316@example.com,Delhi,Delhi,premium,Social,2026-02-12,2026-03-11 00:00:00
CUST002317,Customer 02317,customer02317@example.com,Mumbai,Maharashtra,RETURNING,Direct,2026-07-06,2026-07-29 00:00:00
CUST002318,Customer 02318,customer02318@example.com,Kolkata,West Bengal,RETURNING,Email,2025-02-21,2025-03-19 00:00:00
CUST002319,Customer 02319,customer02319@example.com,Hyderabad,Telangana,New,Affiliate,2025-04-22,2025-05-19 00:00:00
CUST002320,Customer 02320,customer02320@example.com,Pune,Maharashtra,RETURNING,Direct,2025-10-22,2025-11-14 00:00:00
CUST002321,Customer 02321,customer02321@example.com,Delhi,Delhi,RETURNING,Affiliate,2026-08-03,2026-08-17 00:00:00
CUST002322,Customer 02322,customer02322@example.com,Hyderabad,Telangana,New,Affiliate,2025-07-08,2025-07-14 00:00:00
CUST002323,Customer 02323,customer02323@example.com,Jaipur,Rajasthan,RETURNING,Email,2025-03-06,2025-03-23 00:00:00
CUST002324,Customer 02324,customer02324@example.com,Bengaluru,Karnataka,premium,Email,2026-07-28,2026-07-28 00:00:00
CUST002325,Customer 02325,customer02325@example.com,Kolkata,West Bengal,RETURNING,Affiliate,2026-04-10,2026-04-24 00:00:00
CUST002326,Customer 02326,customer02326@example.com,Hyderabad,Telangana,New,Direct,2025-09-15,2025-09-16 00:00:00
CUST002327,Customer 02327,customer02327@example.com,Chennai,Tamil Nadu,RETURNING,Paid Ads,2025-11-27,2025-12-18 00:00:00
CUST002328,Customer 02328,customer02328@example.com,Ahmedabad,Gujarat,RETURNING,Organic,2026-05-16,2026-06-13 00:00:00
CUST002329,Customer 02329,customer02329@example.com,Ahmedabad,Gujarat,RETURNING,Email,2025-07-29,2025-07-30 00:00:00
CUST002330,Customer 02330,customer02330@example.com,Kolkata,West Bengal,RETURNING,Paid Ads,2025-03-30,2025-04-08 00:00:00
CUST002331,Customer 02331,customer02331@example.com,Jaipur,Rajasthan,RETURNING,Email,2025-01-28,2025-02-16 00:00:00
CUST002332,Customer 02332,,Ahmedabad,Gujarat,Dormant,Affiliate,2025-08-26,2025-09-09 00:00:00
CUST002333,Customer 02333,customer02333@example.com,Hyderabad,Telangana,New,Paid Ads,2025-12-02,2025-12-11 00:00:00
CUST002334,Customer 02334,customer02334@example.com,Pune,Maharashtra,Dormant,Direct,2025-03-04,2025-03-22 00:00:00
CUST002335,Customer 02335,customer02335@example.com,Mumbai,Maharashtra,RETURNING,Direct,2026-07-07,2026-07-28 00:00:00
CUST002336,Customer 02336,customer02336@example.com,Mumbai,Maharashtra,New,Social,2026-05-15,2026-06-11 00:00:00
CUST002337,Customer 02337,customer02337@example.com,Delhi,Delhi,RETURNING,Organic,2026-06-25,2026-07-22 00:00:00
CUST002338,Customer 02338,,Noida,Uttar Pradesh,New,Organic,2026-04-14,2026-04-26 00:00:00
CUST002339,Customer 02339,customer02339@example.com,Bengaluru,Karnataka,New,Email,2026-08-15,2026-09-13 00:00:00
CUST002340,Customer 02340,customer02340@example.com,Kolkata,West Bengal,RETURNING,Organic,2025-02-20,2025-03-15 00:00:00
CUST002341,Customer 02341,customer02341@example.com,Delhi,Delhi,premium,Social,2025-04-22,2025-05-02 00:00:00
CUST002342,Customer 02342,customer02342@example.com,Noida,Uttar Pradesh,Dormant,Direct,2025-10-28,2025-11-18 00:00:00
CUST002343,Customer 02343,customer02343@example.com,Jaipur,Rajasthan,RETURNING,Paid Ads,2025-03-31,2025-04-01 00:00:00
CUST002344,Customer 02344,customer02344@example.com,Chennai,Tamil Nadu,New,Paid Ads,2025-08-17,2025-09-06 00:00:00
CUST002345,Customer 02345,customer02345@example.com,Chennai,Tamil Nadu,RETURNING,Direct,2025-05-30,2025-06-25 00:00:00
CUST002346,Customer 02346,customer02346@example.com,Bengaluru,Karnataka,RETURNING,Affiliate,2025-05-18,2025-05-30 00:00:00
CUST002347,Customer 02347,customer02347@example.com,Ahmedabad,Gujarat,premium,Direct,2025-05-15,2025-06-05 00:00:00
CUST002348,Customer 02348,customer02348@example.com,Hyderabad,Telangana,premium,Paid Ads,2026-04-02,2026-04-26 00:00:00
CUST002349,Customer 02349,customer02349@example.com,Delhi,Delhi,Dormant,Email,2026-05-09,2026-05-30 00:00:00
CUST002350,Customer 02350,customer02350@example.com,Delhi,Delhi,RETURNING,Social,2026-06-11,2026-07-06 00:00:00
CUST002351,Customer 02351,customer02351@example.com,Kolkata,West Bengal,RETURNING,Direct,2025-11-29,2025-12-19 00:00:00
CUST002352,Customer 02352,customer02352@example.com,Kolkata,West Bengal,New,Affiliate,2025-12-28,2025-12-28 00:00:00
CUST002353,Customer 02353,customer02353@example.com,Chennai,Tamil Nadu,Dormant,Email,2025-06-23,2025-07-18 00:00:00
CUST002354,Customer 02354,customer02354@example.com,Chennai,Tamil Nadu,New,Direct,2025-08-01,2025-08-05 00:00:00
CUST002355,Customer 02355,customer02355@example.com,Pune,Maharashtra,New,Email,2025-12-09,2025-12-29 00:00:00
CUST002356,Customer 02356,customer02356@example.com,Pune,Maharashtra,New,Direct,2025-03-02,2025-03-23 00:00:00
CUST002357,Customer 02357,customer02357@example.com,Ahmedabad,Gujarat,premium,Email,2025-03-02,2025-03-08 00:00:00
CUST002358,Customer 02358,customer02358@example.com,Pune,Maharashtra,RETURNING,Organic,2026-06-08,2026-06-20 00:00:00
CUST002359,Customer 02359,customer02359@example.com,Hyderabad,Telangana,RETURNING,Email,2025-08-04,2025-08-16 00:00:00
CUST002360,Customer 02360,customer02360@example.com,Hyderabad,Telangana,Dormant,Organic,2026-08-12,2026-08-31 00:00:00
CUST002361,Customer 02361,customer02361@example.com,Delhi,Delhi,Dormant,Paid Ads,2026-08-01,2026-08-23 00:00:00
CUST002362,Customer 02362,customer02362@example.com,Mumbai,Maharashtra,RETURNING,Organic,2026-02-27,2026-03-19 00:00:00
CUST002363,Customer 02363,customer02363@example.com,Hyderabad,Telangana,New,Email,2026-02-27,2026-03-04 00:00:00
CUST002364,Customer 02364,customer02364@example.com,Noida,Uttar Pradesh,premium,Social,2026-01-06,2026-01-25 00:00:00
CUST002365,Customer 02365,customer02365@example.com,,Tamil Nadu,Dormant,Social,2025-07-25,2025-08-05 00:00:00
CUST002366,Customer 02366,customer02366@example.com,Kolkata,West Bengal,RETURNING,Paid Ads,2025-10-13,2025-10-20 00:00:00
CUST002367,Customer 02367,customer02367@example.com,Pune,Maharashtra,RETURNING,Email,2025-04-15,2025-04-23 00:00:00
CUST002368,Customer 02368,customer02368@example.com,Delhi,Delhi,New,Organic,2026-06-27,2026-07-14 00:00:00
CUST002369,Customer 02369,customer02369@example.com,Bengaluru,Karnataka,premium,Social,2025-08-30,2025-09-26 00:00:00
CUST002370,Customer 02370,customer02370@example.com,Kolkata,West Bengal,RETURNING,Direct,2026-05-06,2026-05-16 00:00:00
CUST002371,Customer 02371,customer02371@example.com,Noida,Uttar Pradesh,RETURNING,Affiliate,2026-05-13,2026-06-01 00:00:00
CUST002372,Customer 02372,customer02372@example.com,Pune,Maharashtra,New,Email,2026-03-11,2026-03-21 00:00:00
CUST002373,Customer 02373,customer02373@example.com,Noida,Uttar Pradesh,Dormant,Direct,2026-04-29,2026-05-22 00:00:00
CUST002374,Customer 02374,customer02374@example.com,Chennai,Tamil Nadu,RETURNING,Direct,2026-03-23,2026-04-15 00:00:00
CUST002375,Customer 02375,customer02375@example.com,Chennai,Tamil Nadu,New,Email,2026-01-19,2026-02-02 00:00:00
CUST002376,Customer 02376,customer02376@example.com,Ahmedabad,Gujarat,RETURNING,Affiliate,2026-05-25,2026-06-02 00:00:00
CUST002377,Customer 02377,customer02377@example.com,Delhi,Delhi,RETURNING,Social,2025-06-19,2025-06-21 00:00:00
CUST002378,Customer 02378,customer02378@example.com,Kolkata,West Bengal,RETURNING,Affiliate,2025-11-19,2025-12-05 00:00:00
CUST002379,Customer 02379,customer02379@example.com,Jaipur,Rajasthan,premium,Paid Ads,2026-04-19,2026-05-13 00:00:00
CUST002380,Customer 02380,customer02380@example.com,Jaipur,Rajasthan,RETURNING,Organic,2025-08-20,2025-09-05 00:00:00
CUST002381,Customer 02381,customer02381@example.com,Kolkata,West Bengal,Dormant,Organic,2025-12-25,2025-12-27 00:00:00
CUST002382,Customer 02382,customer02382@example.com,Bengaluru,Karnataka,New,Direct,2025-10-02,2025-10-20 00:00:00
CUST002383,Customer 02383,customer02383@example.com,Delhi,Delhi,New,Social,2025-02-01,2025-02-09 00:00:00
CUST002384,Customer 02384,customer02384@example.com,Noida,Uttar Pradesh,New,Affiliate,2025-06-26,2025-07-12 00:00:00
CUST002385,Customer 02385,customer02385@example.com,Bengaluru,Karnataka,RETURNING,Direct,2025-03-06,2025-03-28 00:00:00
CUST002386,Customer 02386,customer02386@example.com,Mumbai,Maharashtra,RETURNING,Email,2025-01-27,2025-02-13 00:00:00
CUST002387,Customer 02387,customer02387@example.com,Kolkata,West Bengal,Dormant,Direct,2026-04-24,2026-05-16 00:00:00
CUST002388,Customer 02388,customer02388@example.com,Noida,Uttar Pradesh,premium,Email,2025-09-25,2025-10-09 00:00:00
CUST002389,Customer 02389,customer02389@example.com,Jaipur,Rajasthan,RETURNING,Email,2026-08-20,2026-08-20 00:00:00
CUST002390,Customer 02390,customer02390@example.com,Hyderabad,Telangana,Dormant,Paid Ads,2025-03-07,2025-04-04 00:00:00
CUST002391,Customer 02391,customer02391@example.com,Ahmedabad,Gujarat,New,Paid Ads,2025-05-13,2025-06-07 00:00:00
CUST002392,Customer 02392,customer02392@example.com,Jaipur,Rajasthan,premium,Email,2026-01-01,2026-01-10 00:00:00
CUST002393,Customer 02393,customer02393@example.com,Delhi,Delhi,RETURNING,Social,2025-03-23,2025-03-30 00:00:00
CUST002394,Customer 02394,customer02394@example.com,Chennai,Tamil Nadu,RETURNING,Paid Ads,2025-11-24,2025-12-03 00:00:00
CUST002395,Customer 02395,customer02395@example.com,Hyderabad,Telangana,premium,Paid Ads,2025-04-08,2025-05-06 00:00:00
CUST002396,Customer 02396,customer02396@example.com,Ahmedabad,Gujarat,RETURNING,Organic,2026-08-08,2026-09-02 00:00:00
CUST002397,Customer 02397,customer02397@example.com,Ahmedabad,Gujarat,New,Direct,2025-11-23,2025-11-24 00:00:00
CUST002398,Customer 02398,customer02398@example.com,Mumbai,Maharashtra,RETURNING,Organic,2026-06-26,2026-07-14 00:00:00
CUST002399,Customer 02399,customer02399@example.com,Mumbai,Maharashtra,RETURNING,Social,2025-05-05,2025-05-18 00:00:00
CUST002400,Customer 02400,customer02400@example.com,Pune,Maharashtra,premium,Paid Ads,2025-07-29,2025-08-05 00:00:00
CUST002401,Customer 02401,customer02401@example.com,Jaipur,Rajasthan,RETURNING,Paid Ads,2025-05-13,2025-05-31 00:00:00
CUST002402,Customer 02402,customer02402@example.com,Jaipur,Rajasthan,Dormant,Affiliate,2026-05-18,2026-05-18 00:00:00
CUST002403,Customer 02403,customer02403@example.com,Jaipur,Rajasthan,RETURNING,Social,2025-06-06,2025-06-21 00:00:00
CUST002404,Customer 02404,customer02404@example.com,Pune,Maharashtra,RETURNING,Direct,2026-07-13,2026-08-06 00:00:00
CUST002405,Customer 02405,customer02405@example.com,Bengaluru,Karnataka,premium,Direct,2026-01-17,2026-02-09 00:00:00
CUST002406,Customer 02406,customer02406@example.com,Ahmedabad,Gujarat,RETURNING,Direct,2025-01-22,2025-02-05 00:00:00
CUST002407,Customer 02407,customer02407@example.com,Hyderabad,Telangana,Dormant,Social,2026-08-18,2026-09-06 00:00:00
CUST002408,Customer 02408,customer02408@example.com,Delhi,Delhi,RETURNING,Affiliate,2026-02-23,2026-03-18 00:00:00
CUST002409,Customer 02409,customer02409@example.com,Ahmedabad,Gujarat,RETURNING,Affiliate,2026-04-17,2026-05-16 00:00:00
CUST002410,Customer 02410,customer02410@example.com,Mumbai,Maharashtra,New,Organic,2025-08-22,2025-08-26 00:00:00
CUST002411,Customer 02411,customer02411@example.com,Noida,Uttar Pradesh,RETURNING,Social,2026-07-26,2026-07-28 00:00:00
CUST002412,Customer 02412,customer02412@example.com,Chennai,Tamil Nadu,New,Social,2026-03-30,2026-04-15 00:00:00
CUST002413,Customer 02413,customer02413@example.com,Pune,Maharashtra,premium,Affiliate,2026-07-24,2026-08-21 00:00:00
CUST002414,Customer 02414,customer02414@example.com,Kolkata,West Bengal,New,Email,2025-06-11,2025-06-20 00:00:00
CUST002415,Customer 02415,customer02415@example.com,Noida,Uttar Pradesh,New,Email,2025-10-28,2025-11-01 00:00:00
CUST002416,Customer 02416,customer02416@example.com,Delhi,Delhi,New,Organic,2025-11-02,2025-11-12 00:00:00
CUST002417,Customer 02417,customer02417@example.com,Jaipur,Rajasthan,New,Email,2025-01-02,2025-01-07 00:00:00
CUST002418,Customer 02418,customer02418@example.com,Mumbai,Maharashtra,RETURNING,Email,2025-09-28,2025-10-01 00:00:00
CUST002419,Customer 02419,customer02419@example.com,Mumbai,Maharashtra,Dormant,Email,2026-02-25,2026-03-03 00:00:00
CUST002420,Customer 02420,customer02420@example.com,Mumbai,Maharashtra,premium,Paid Ads,2025-05-23,2025-06-10 00:00:00
CUST002421,Customer 02421,customer02421@example.com,Jaipur,Rajasthan,premium,Organic,2026-06-19,2026-06-25 00:00:00
CUST002422,Customer 02422,customer02422@example.com,Kolkata,West Bengal,premium,Affiliate,2025-02-06,2025-02-19 00:00:00
CUST002423,Customer 02423,customer02423@example.com,Pune,Maharashtra,New,Email,2025-04-17,2025-05-03 00:00:00
CUST002424,Customer 02424,customer02424@example.com,Noida,Uttar Pradesh,Dormant,Direct,2025-10-24,2025-11-15 00:00:00
CUST002425,Customer 02425,customer02425@example.com,Jaipur,Rajasthan,New,Paid Ads,2025-04-07,2025-04-23 00:00:00
CUST002426,Customer 02426,customer02426@example.com,Delhi,Delhi,RETURNING,Email,2025-10-08,2025-10-20 00:00:00
CUST002427,Customer 02427,customer02427@example.com,Pune,Maharashtra,RETURNING,Paid Ads,2025-04-20,2025-05-16 00:00:00
CUST002428,Customer 02428,customer02428@example.com,Delhi,Delhi,New,Organic,2026-07-03,2026-07-03 00:00:00
CUST002429,Customer 02429,customer02429@example.com,Pune,Maharashtra,premium,Direct,2026-07-06,2026-07-07 00:00:00
CUST002430,Customer 02430,customer02430@example.com,Kolkata,West Bengal,RETURNING,Direct,2026-08-20,2026-09-06 00:00:00
CUST002431,Customer 02431,customer02431@example.com,Chennai,Tamil Nadu,premium,Direct,2025-07-07,2025-07-10 00:00:00
CUST002432,Customer 02432,customer02432@example.com,Delhi,Delhi,RETURNING,Email,2026-05-03,2026-05-15 00:00:00
CUST002433,Customer 02433,customer02433@example.com,Jaipur,Rajasthan,New,Paid Ads,2025-12-20,2025-12-20 00:00:00
CUST002434,Customer 02434,customer02434@example.com,Pune,Maharashtra,premium,Direct,2025-01-19,2025-01-22 00:00:00
CUST002435,Customer 02435,customer02435@example.com,Mumbai,Maharashtra,New,Social,2026-01-28,2026-01-29 00:00:00
CUST002436,Customer 02436,customer02436@example.com,Ahmedabad,Gujarat,RETURNING,Social,2025-09-18,2025-09-21 00:00:00
CUST002437,Customer 02437,customer02437@example.com,Mumbai,Maharashtra,New,Paid Ads,2026-02-14,2026-03-01 00:00:00
CUST002438,Customer 02438,customer02438@example.com,Bengaluru,Karnataka,RETURNING,Email,2026-02-07,2026-02-10 00:00:00
CUST002439,Customer 02439,customer02439@example.com,Chennai,Tamil Nadu,RETURNING,Email,2026-04-29,2026-05-23 00:00:00
CUST002440,Customer 02440,customer02440@example.com,Chennai,Tamil Nadu,RETURNING,Organic,2025-10-31,2025-11-08 00:00:00
CUST002441,Customer 02441,customer02441@example.com,Mumbai,Maharashtra,Dormant,Organic,2025-01-18,2025-02-03 00:00:00
CUST002442,Customer 02442,customer02442@example.com,Noida,Uttar Pradesh,Dormant,Direct,2025-07-03,2025-07-23 00:00:00
CUST002443,Customer 02443,customer02443@example.com,Kolkata,West Bengal,premium,Affiliate,2026-02-09,2026-03-03 00:00:00
CUST002444,Customer 02444,customer02444@example.com,Delhi,Delhi,premium,Organic,2025-05-11,2025-05-30 00:00:00
CUST002445,Customer 02445,customer02445@example.com,Jaipur,Rajasthan,New,Email,2026-04-24,2026-05-21 00:00:00
CUST002446,Customer 02446,customer02446@example.com,Chennai,Tamil Nadu,RETURNING,Affiliate,2025-01-08,2025-01-28 00:00:00
CUST002447,Customer 02447,customer02447@example.com,,Maharashtra,New,Organic,2025-11-14,2025-11-15 00:00:00
CUST002448,Customer 02448,customer02448@example.com,Mumbai,Maharashtra,New,Paid Ads,2026-01-26,2026-01-28 00:00:00
CUST002449,Customer 02449,,Kolkata,West Bengal,Dormant,Social,2026-06-03,2026-06-25 00:00:00
CUST002450,Customer 02450,customer02450@example.com,Kolkata,West Bengal,RETURNING,Organic,2025-05-16,2025-06-10 00:00:00
CUST002451,Customer 02451,customer02451@example.com,Hyderabad,Telangana,RETURNING,Organic,2026-06-15,2026-07-13 00:00:00
CUST002452,Customer 02452,customer02452@example.com,Hyderabad,Telangana,New,Paid Ads,2026-01-02,2026-01-16 00:00:00
CUST002453,Customer 02453,customer02453@example.com,Noida,Uttar Pradesh,RETURNING,Email,2026-05-04,2026-05-10 00:00:00
CUST002454,Customer 02454,customer02454@example.com,Noida,Uttar Pradesh,New,Direct,2025-01-11,2025-01-14 00:00:00
CUST002455,Customer 02455,customer02455@example.com,Bengaluru,Karnataka,New,Paid Ads,2026-07-07,2026-07-18 00:00:00
CUST002456,Customer 02456,customer02456@example.com,Noida,Uttar Pradesh,New,Direct,2026-03-22,2026-03-22 00:00:00
CUST002457,Customer 02457,customer02457@example.com,Pune,Maharashtra,RETURNING,Organic,2025-04-24,2025-05-10 00:00:00
CUST002458,Customer 02458,customer02458@example.com,Kolkata,West Bengal,RETURNING,Email,2025-07-15,2025-07-18 00:00:00
CUST002459,Customer 02459,customer02459@example.com,Jaipur,Rajasthan,New,Affiliate,2025-11-19,2025-11-22 00:00:00
CUST002460,Customer 02460,customer02460@example.com,Pune,Maharashtra,premium,Organic,2026-05-27,2026-06-17 00:00:00
CUST002461,Customer 02461,customer02461@example.com,Delhi,Delhi,New,Paid Ads,2025-06-14,2025-07-06 00:00:00
CUST002462,Customer 02462,customer02462@example.com,Mumbai,Maharashtra,RETURNING,Affiliate,2025-09-09,2025-10-03 00:00:00
CUST002463,Customer 02463,customer02463@example.com,Noida,Uttar Pradesh,Dormant,Social,2025-02-13,2025-02-21 00:00:00
CUST002464,Customer 02464,customer02464@example.com,,Maharashtra,RETURNING,Affiliate,2026-04-15,2026-05-10 00:00:00
CUST002465,Customer 02465,customer02465@example.com,Chennai,Tamil Nadu,Dormant,Paid Ads,2026-05-04,2026-05-31 00:00:00
CUST002466,Customer 02466,customer02466@example.com,Bengaluru,Karnataka,Dormant,Affiliate,2025-06-30,2025-07-27 00:00:00
CUST002467,Customer 02467,customer02467@example.com,Chennai,Tamil Nadu,RETURNING,Paid Ads,2025-03-18,2025-04-07 00:00:00
CUST002468,Customer 02468,customer02468@example.com,Bengaluru,Karnataka,premium,Organic,2026-01-09,2026-01-18 00:00:00
CUST002469,Customer 02469,customer02469@example.com,Hyderabad,Telangana,Dormant,Email,2025-03-08,2025-04-03 00:00:00
CUST002470,Customer 02470,customer02470@example.com,Mumbai,Maharashtra,RETURNING,Social,2026-06-09,2026-06-27 00:00:00
CUST002471,Customer 02471,,Bengaluru,Karnataka,New,Email,2025-04-02,2025-04-20 00:00:00
CUST002472,Customer 02472,customer02472@example.com,Ahmedabad,Gujarat,Dormant,Email,2025-09-01,2025-09-15 00:00:00
CUST002473,Customer 02473,customer02473@example.com,Pune,Maharashtra,premium,Email,2025-12-07,2025-12-28 00:00:00
CUST002474,Customer 02474,customer02474@example.com,Bengaluru,Karnataka,New,Paid Ads,2025-10-31,2025-11-16 00:00:00
CUST002475,Customer 02475,customer02475@example.com,Bengaluru,Karnataka,RETURNING,Paid Ads,2026-02-02,2026-02-08 00:00:00
CUST002476,Customer 02476,customer02476@example.com,Pune,Maharashtra,premium,Social,2026-03-24,2026-03-26 00:00:00
CUST002477,Customer 02477,customer02477@example.com,Mumbai,Maharashtra,RETURNING,Paid Ads,2025-04-07,2025-04-11 00:00:00
CUST002478,Customer 02478,customer02478@example.com,Mumbai,Maharashtra,RETURNING,Direct,2025-11-27,2025-12-12 00:00:00
CUST002479,Customer 02479,customer02479@example.com,Pune,Maharashtra,premium,Paid Ads,2025-07-24,2025-08-15 00:00:00
CUST002480,Customer 02480,customer02480@example.com,Chennai,Tamil Nadu,RETURNING,Paid Ads,2026-03-25,2026-03-31 00:00:00
CUST002481,Customer 02481,customer02481@example.com,Ahmedabad,Gujarat,RETURNING,Paid Ads,2026-02-22,2026-03-09 00:00:00
CUST002482,Customer 02482,customer02482@example.com,Jaipur,Rajasthan,premium,Organic,2025-03-18,2025-03-26 00:00:00
CUST002483,Customer 02483,customer02483@example.com,Delhi,Delhi,premium,Social,2026-07-03,2026-07-03 00:00:00
CUST002484,Customer 02484,customer02484@example.com,Ahmedabad,Gujarat,RETURNING,Direct,2026-03-01,2026-03-03 00:00:00
CUST002485,Customer 02485,customer02485@example.com,Mumbai,Maharashtra,RETURNING,Paid Ads,2026-03-05,2026-03-29 00:00:00
CUST002486,Customer 02486,customer02486@example.com,Jaipur,Rajasthan,RETURNING,Social,2026-04-30,2026-05-07 00:00:00
CUST002487,Customer 02487,customer02487@example.com,Hyderabad,Telangana,Dormant,Affiliate,2025-05-15,2025-06-01 00:00:00
CUST002488,Customer 02488,customer02488@example.com,Noida,Uttar Pradesh,New,Organic,2025-09-11,2025-10-04 00:00:00
CUST002489,Customer 02489,customer02489@example.com,Bengaluru,Karnataka,New,Paid Ads,2026-07-14,2026-08-06 00:00:00
CUST002490,Customer 02490,customer02490@example.com,Pune,Maharashtra,RETURNING,Direct,2025-09-12,2025-09-29 00:00:00
CUST002491,Customer 02491,customer02491@example.com,Pune,Maharashtra,premium,Organic,2026-05-14,2026-06-06 00:00:00
CUST002492,Customer 02492,customer02492@example.com,Bengaluru,Karnataka,New,Direct,2026-04-29,2026-05-17 00:00:00
CUST002493,Customer 02493,customer02493@example.com,Noida,Uttar Pradesh,New,Organic,2025-02-15,2025-02-21 00:00:00
CUST002494,Customer 02494,customer02494@example.com,Delhi,Delhi,New,Affiliate,2026-03-19,2026-04-16 00:00:00
CUST002495,Customer 02495,customer02495@example.com,Noida,Uttar Pradesh,premium,Social,2026-08-05,2026-08-29 00:00:00
CUST002496,Customer 02496,customer02496@example.com,Jaipur,Rajasthan,New,Organic,2026-08-02,2026-08-21 00:00:00
CUST002497,Customer 02497,,Noida,Uttar Pradesh,RETURNING,Email,2025-01-04,2025-01-30 00:00:00
CUST002498,Customer 02498,customer02498@example.com,Jaipur,Rajasthan,RETURNING,Affiliate,2025-01-01,2025-01-06 00:00:00
CUST002499,Customer 02499,customer02499@example.com,Noida,Uttar Pradesh,Dormant,Email,2025-10-17,2025-11-10 00:00:00
CUST002500,Customer 02500,customer02500@example.com,Delhi,Delhi,RETURNING,Affiliate,2025-04-19,2025-05-15 00:00:00
CUST002501,Customer 02501,customer02501@example.com,Delhi,Delhi,New,Email,2026-07-29,2026-08-08 00:00:00
CUST002502,Customer 02502,customer02502@example.com,Mumbai,Maharashtra,RETURNING,Email,2026-04-05,2026-04-09 00:00:00
CUST002503,Customer 02503,customer02503@example.com,Bengaluru,Karnataka,Dormant,Direct,2025-09-23,2025-10-04 00:00:00
CUST002504,Customer 02504,customer02504@example.com,Delhi,Delhi,RETURNING,Organic,2025-05-18,2025-05-18 00:00:00
CUST002505,Customer 02505,customer02505@example.com,Jaipur,Rajasthan,Dormant,Organic,2026-03-10,2026-03-28 00:00:00
CUST002506,Customer 02506,customer02506@example.com,Delhi,Delhi,premium,Affiliate,2025-02-13,2025-02-23 00:00:00
CUST002507,Customer 02507,customer02507@example.com,Mumbai,Maharashtra,New,Social,2026-05-25,2026-06-08 00:00:00
CUST002508,Customer 02508,customer02508@example.com,Pune,Maharashtra,RETURNING,Direct,2025-09-19,2025-10-13 00:00:00
CUST002509,Customer 02509,customer02509@example.com,Jaipur,Rajasthan,New,Organic,2025-06-01,2025-06-16 00:00:00
CUST002510,Customer 02510,customer02510@example.com,Mumbai,Maharashtra,RETURNING,Organic,2025-08-01,2025-08-03 00:00:00
CUST002511,Customer 02511,customer02511@example.com,Chennai,Tamil Nadu,New,Direct,2025-08-22,2025-09-01 00:00:00
CUST002512,Customer 02512,customer02512@example.com,Chennai,Tamil Nadu,RETURNING,Paid Ads,2025-12-27,2026-01-06 00:00:00
CUST002513,Customer 02513,customer02513@example.com,Hyderabad,Telangana,Dormant,Direct,2025-11-16,2025-11-25 00:00:00
CUST002514,Customer 02514,customer02514@example.com,Noida,Uttar Pradesh,New,Organic,2025-08-10,2025-08-11 00:00:00
CUST002515,Customer 02515,customer02515@example.com,Bengaluru,Karnataka,Dormant,Social,2025-07-29,2025-08-17 00:00:00
CUST002516,Customer 02516,customer02516@example.com,Kolkata,West Bengal,New,Paid Ads,2026-01-31,2026-02-04 00:00:00
CUST002517,Customer 02517,,Ahmedabad,Gujarat,New,Email,2026-08-06,2026-08-28 00:00:00
CUST002518,Customer 02518,customer02518@example.com,Mumbai,Maharashtra,Dormant,Direct,2026-05-04,2026-05-26 00:00:00
CUST002519,Customer 02519,customer02519@example.com,Pune,Maharashtra,RETURNING,Email,2026-04-09,2026-05-03 00:00:00
CUST002520,Customer 02520,customer02520@example.com,Ahmedabad,Gujarat,premium,Paid Ads,2026-03-28,2026-04-25 00:00:00
CUST002521,Customer 02521,customer02521@example.com,Pune,Maharashtra,New,Paid Ads,2026-02-17,2026-02-24 00:00:00
CUST002522,Customer 02522,customer02522@example.com,Ahmedabad,Gujarat,RETURNING,Paid Ads,2026-04-21,2026-05-03 00:00:00
CUST002523,Customer 02523,customer02523@example.com,Mumbai,Maharashtra,premium,Affiliate,2025-09-13,2025-09-27 00:00:00
CUST002524,Customer 02524,customer02524@example.com,Kolkata,West Bengal,RETURNING,Direct,2025-05-30,2025-05-31 00:00:00
CUST002525,Customer 02525,customer02525@example.com,Ahmedabad,Gujarat,RETURNING,Social,2025-05-07,2025-05-18 00:00:00
CUST002526,Customer 02526,customer02526@example.com,,Maharashtra,Dormant,Social,2026-01-27,2026-02-19 00:00:00
CUST002527,Customer 02527,customer02527@example.com,Delhi,Delhi,RETURNING,Email,2026-04-25,2026-05-02 00:00:00
CUST002528,Customer 02528,customer02528@example.com,Kolkata,West Bengal,Dormant,Email,2026-02-01,2026-02-21 00:00:00
CUST002529,Customer 02529,customer02529@example.com,Jaipur,Rajasthan,premium,Email,2026-02-06,2026-03-06 00:00:00
CUST002530,Customer 02530,customer02530@example.com,Pune,Maharashtra,premium,Direct,2025-10-01,2025-10-19 00:00:00
CUST002531,Customer 02531,customer02531@example.com,Chennai,Tamil Nadu,New,Organic,2025-05-19,2025-06-12 00:00:00
CUST002532,Customer 02532,customer02532@example.com,Noida,Uttar Pradesh,RETURNING,Email,2025-04-13,2025-05-10 00:00:00
CUST002533,Customer 02533,customer02533@example.com,Chennai,Tamil Nadu,Dormant,Paid Ads,2025-08-30,2025-09-21 00:00:00
CUST002534,Customer 02534,customer02534@example.com,Kolkata,West Bengal,New,Email,2025-04-27,2025-04-27 00:00:00
CUST002535,Customer 02535,customer02535@example.com,Jaipur,Rajasthan,New,Paid Ads,2025-08-02,2025-08-09 00:00:00
CUST002536,Customer 02536,customer02536@example.com,Pune,Maharashtra,RETURNING,Affiliate,2026-04-29,2026-05-08 00:00:00
CUST002537,Customer 02537,customer02537@example.com,Jaipur,Rajasthan,New,Organic,2026-06-13,2026-06-25 00:00:00
CUST002538,Customer 02538,customer02538@example.com,Ahmedabad,Gujarat,Dormant,Organic,2025-08-12,2025-08-16 00:00:00
CUST002539,Customer 02539,customer02539@example.com,Pune,Maharashtra,Dormant,Direct,2025-09-27,2025-10-18 00:00:00
CUST002540,Customer 02540,customer02540@example.com,Ahmedabad,Gujarat,RETURNING,Direct,2025-05-14,2025-05-22 00:00:00
CUST002541,Customer 02541,customer02541@example.com,Mumbai,Maharashtra,New,Social,2025-04-24,2025-05-03 00:00:00
CUST002542,Customer 02542,customer02542@example.com,Kolkata,West Bengal,premium,Affiliate,2026-03-17,2026-03-30 00:00:00
CUST002543,Customer 02543,customer02543@example.com,Mumbai,Maharashtra,RETURNING,Direct,2025-12-31,2026-01-23 00:00:00
CUST002544,Customer 02544,customer02544@example.com,Hyderabad,Telangana,Dormant,Paid Ads,2025-08-20,2025-09-18 00:00:00
CUST002545,Customer 02545,customer02545@example.com,Jaipur,Rajasthan,RETURNING,Affiliate,2026-04-03,2026-04-13 00:00:00
CUST002546,Customer 02546,customer02546@example.com,Ahmedabad,Gujarat,RETURNING,Organic,2026-01-10,2026-01-23 00:00:00
CUST002547,Customer 02547,customer02547@example.com,Delhi,Delhi,RETURNING,Paid Ads,2025-07-26,2025-08-24 00:00:00
CUST002548,Customer 02548,customer02548@example.com,Mumbai,Maharashtra,Dormant,Affiliate,2026-06-04,2026-06-06 00:00:00
CUST002549,Customer 02549,customer02549@example.com,Hyderabad,Telangana,RETURNING,Organic,2026-04-13,2026-05-11 00:00:00
CUST002550,Customer 02550,customer02550@example.com,Bengaluru,Karnataka,RETURNING,Direct,2026-03-19,2026-04-08 00:00:00
CUST002551,Customer 02551,customer02551@example.com,Chennai,Tamil Nadu,New,Paid Ads,2025-11-17,2025-12-02 00:00:00
CUST002552,Customer 02552,customer02552@example.com,Pune,Maharashtra,premium,Paid Ads,2025-04-03,2025-04-22 00:00:00
CUST002553,Customer 02553,customer02553@example.com,Hyderabad,Telangana,premium,Organic,2026-02-12,2026-03-13 00:00:00
CUST002554,Customer 02554,customer02554@example.com,Kolkata,West Bengal,RETURNING,Paid Ads,2025-06-07,2025-06-23 00:00:00
CUST002555,Customer 02555,customer02555@example.com,Mumbai,Maharashtra,RETURNING,Direct,2025-04-09,2025-04-13 00:00:00
CUST002556,Customer 02556,customer02556@example.com,Kolkata,West Bengal,New,Direct,2025-08-13,2025-09-07 00:00:00
CUST002557,Customer 02557,customer02557@example.com,Chennai,Tamil Nadu,New,Direct,2026-03-17,2026-03-23 00:00:00
CUST002558,Customer 02558,customer02558@example.com,Delhi,Delhi,New,Organic,2026-08-08,2026-08-24 00:00:00
CUST002559,Customer 02559,customer02559@example.com,Jaipur,Rajasthan,New,Email,2026-02-05,2026-02-24 00:00:00
CUST002560,Customer 02560,customer02560@example.com,Jaipur,Rajasthan,RETURNING,Email,2026-07-25,2026-08-15 00:00:00
CUST002561,Customer 02561,customer02561@example.com,Kolkata,West Bengal,New,Paid Ads,2025-03-05,2025-03-15 00:00:00
CUST002562,Customer 02562,customer02562@example.com,Ahmedabad,Gujarat,New,Direct,2026-07-14,2026-07-25 00:00:00
CUST002563,Customer 02563,customer02563@example.com,Delhi,Delhi,Dormant,Paid Ads,2025-10-06,2025-10-30 00:00:00
CUST002564,Customer 02564,customer02564@example.com,Jaipur,Rajasthan,RETURNING,Organic,2026-06-03,2026-06-29 00:00:00
CUST002565,Customer 02565,customer02565@example.com,Delhi,Delhi,RETURNING,Paid Ads,2025-09-05,2025-09-28 00:00:00
CUST002566,Customer 02566,customer02566@example.com,Hyderabad,Telangana,RETURNING,Social,2026-01-03,2026-01-04 00:00:00
CUST002567,Customer 02567,customer02567@example.com,Delhi,Delhi,RETURNING,Email,2025-04-08,2025-05-04 00:00:00
CUST002568,Customer 02568,customer02568@example.com,Noida,Uttar Pradesh,New,Paid Ads,2025-09-25,2025-10-13 00:00:00
CUST002569,Customer 02569,customer02569@example.com,,Tamil Nadu,premium,Paid Ads,2025-03-01,2025-03-26 00:00:00
CUST002570,Customer 02570,customer02570@example.com,Jaipur,Rajasthan,New,Affiliate,2026-05-15,2026-06-12 00:00:00
CUST002571,Customer 02571,customer02571@example.com,Delhi,Delhi,RETURNING,Paid Ads,2025-11-04,2025-11-08 00:00:00
CUST002572,Customer 02572,customer02572@example.com,Kolkata,West Bengal,RETURNING,Social,2026-05-08,2026-05-18 00:00:00
CUST002573,Customer 02573,customer02573@example.com,Bengaluru,Karnataka,premium,Email,2026-02-15,2026-03-09 00:00:00
CUST002574,Customer 02574,customer02574@example.com,Noida,Uttar Pradesh,RETURNING,Affiliate,2025-05-20,2025-06-07 00:00:00
CUST002575,Customer 02575,customer02575@example.com,Noida,Uttar Pradesh,RETURNING,Organic,2025-11-24,2025-12-21 00:00:00
CUST002576,Customer 02576,customer02576@example.com,Ahmedabad,Gujarat,New,Organic,2026-04-09,2026-04-15 00:00:00
CUST002577,Customer 02577,customer02577@example.com,Delhi,Delhi,RETURNING,Email,2025-06-12,2025-07-02 00:00:00
CUST002578,Customer 02578,customer02578@example.com,Ahmedabad,Gujarat,Dormant,Organic,2025-03-01,2025-03-26 00:00:00
CUST002579,Customer 02579,customer02579@example.com,Ahmedabad,Gujarat,premium,Social,2025-01-31,2025-02-21 00:00:00
CUST002580,Customer 02580,customer02580@example.com,Bengaluru,Karnataka,New,Paid Ads,2025-11-29,2025-12-04 00:00:00
CUST002581,Customer 02581,customer02581@example.com,Hyderabad,Telangana,RETURNING,Email,2025-03-17,2025-03-27 00:00:00
CUST002582,Customer 02582,customer02582@example.com,Delhi,Delhi,Dormant,Affiliate,2025-11-13,2025-12-09 00:00:00
CUST002583,Customer 02583,customer02583@example.com,Mumbai,Maharashtra,RETURNING,Paid Ads,2026-02-21,2026-03-06 00:00:00
CUST002584,Customer 02584,customer02584@example.com,Jaipur,Rajasthan,RETURNING,Organic,2025-07-09,2025-08-05 00:00:00
CUST002585,Customer 02585,customer02585@example.com,Ahmedabad,Gujarat,Dormant,Organic,2026-05-04,2026-05-07 00:00:00
CUST002586,Customer 02586,customer02586@example.com,Chennai,Tamil Nadu,Dormant,Affiliate,2025-11-11,2025-12-08 00:00:00
CUST002587,Customer 02587,customer02587@example.com,Pune,Maharashtra,RETURNING,Social,2025-10-23,2025-10-30 00:00:00
CUST002588,Customer 02588,customer02588@example.com,Chennai,Tamil Nadu,RETURNING,Affiliate,2026-05-16,2026-05-24 00:00:00
CUST002589,Customer 02589,customer02589@example.com,Bengaluru,Karnataka,RETURNING,Email,2025-06-26,2025-06-27 00:00:00
CUST002590,Customer 02590,customer02590@example.com,Bengaluru,Karnataka,premium,Affiliate,2025-08-03,2025-08-27 00:00:00
CUST002591,Customer 02591,customer02591@example.com,Kolkata,West Bengal,New,Organic,2026-08-20,2026-08-30 00:00:00
CUST002592,Customer 02592,customer02592@example.com,Hyderabad,Telangana,New,Social,2025-11-28,2025-12-25 00:00:00
CUST002593,Customer 02593,customer02593@example.com,Jaipur,Rajasthan,RETURNING,Social,2025-05-08,2025-05-27 00:00:00
CUST002594,Customer 02594,customer02594@example.com,Ahmedabad,Gujarat,New,Direct,2025-09-26,2025-10-17 00:00:00
CUST002595,Customer 02595,customer02595@example.com,Chennai,Tamil Nadu,RETURNING,Affiliate,2026-07-05,2026-08-03 00:00:00
CUST002596,Customer 02596,customer02596@example.com,Pune,Maharashtra,RETURNING,Email,2026-06-19,2026-06-25 00:00:00
CUST002597,Customer 02597,customer02597@example.com,Bengaluru,Karnataka,RETURNING,Organic,2026-01-01,2026-01-04 00:00:00
CUST002598,Customer 02598,customer02598@example.com,Bengaluru,Karnataka,RETURNING,Paid Ads,2025-12-14,2026-01-06 00:00:00
CUST002599,Customer 02599,,Hyderabad,Telangana,Dormant,Social,2025-05-22,2025-06-19 00:00:00
CUST002600,Customer 02600,customer02600@example.com,Pune,Maharashtra,New,Affiliate,2025-05-25,2025-06-07 00:00:00
CUST002601,Customer 02601,customer02601@example.com,Pune,Maharashtra,premium,Direct,2025-09-02,2025-09-27 00:00:00
CUST002602,Customer 02602,customer02602@example.com,Hyderabad,Telangana,Dormant,Email,2026-03-18,2026-04-10 00:00:00
CUST002603,Customer 02603,customer02603@example.com,Bengaluru,Karnataka,RETURNING,Email,2025-10-17,2025-10-17 00:00:00
CUST002604,Customer 02604,customer02604@example.com,Jaipur,Rajasthan,RETURNING,Organic,2025-04-22,2025-05-15 00:00:00
CUST002605,Customer 02605,customer02605@example.com,Delhi,Delhi,Dormant,Social,2025-08-02,2025-08-27 00:00:00
CUST002606,Customer 02606,customer02606@example.com,Delhi,Delhi,New,Organic,2025-07-19,2025-08-17 00:00:00
CUST002607,Customer 02607,customer02607@example.com,Hyderabad,Telangana,RETURNING,Direct,2026-02-09,2026-02-20 00:00:00
CUST002608,Customer 02608,customer02608@example.com,Pune,Maharashtra,RETURNING,Paid Ads,2026-02-25,2026-03-15 00:00:00
CUST002609,Customer 02609,customer02609@example.com,Ahmedabad,Gujarat,New,Paid Ads,2025-01-07,2025-01-11 00:00:00
CUST002610,Customer 02610,customer02610@example.com,Hyderabad,Telangana,premium,Paid Ads,2026-06-09,2026-07-08 00:00:00
CUST002611,Customer 02611,customer02611@example.com,Jaipur,Rajasthan,Dormant,Email,2026-08-15,2026-09-09 00:00:00
CUST002612,Customer 02612,customer02612@example.com,Hyderabad,Telangana,premium,Social,2025-10-13,2025-10-20 00:00:00
CUST002613,Customer 02613,customer02613@example.com,Noida,Uttar Pradesh,New,Organic,2026-01-24,2026-02-03 00:00:00
CUST002614,Customer 02614,customer02614@example.com,Chennai,Tamil Nadu,New,Organic,2026-02-20,2026-03-13 00:00:00
CUST002615,Customer 02615,customer02615@example.com,Pune,Maharashtra,RETURNING,Direct,2025-05-30,2025-06-02 00:00:00
CUST002616,Customer 02616,customer02616@example.com,Kolkata,West Bengal,New,Paid Ads,2026-03-04,2026-03-18 00:00:00
CUST002617,Customer 02617,customer02617@example.com,Kolkata,West Bengal,RETURNING,Social,2025-10-20,2025-11-08 00:00:00
CUST002618,Customer 02618,customer02618@example.com,Pune,Maharashtra,RETURNING,Social,2025-11-30,2025-12-11 00:00:00
CUST002619,Customer 02619,customer02619@example.com,Jaipur,Rajasthan,RETURNING,Direct,2025-09-29,2025-10-18 00:00:00
CUST002620,Customer 02620,customer02620@example.com,Noida,Uttar Pradesh,RETURNING,Affiliate,2025-02-12,2025-03-05 00:00:00
CUST002621,Customer 02621,customer02621@example.com,,Uttar Pradesh,RETURNING,Social,2026-04-13,2026-05-05 00:00:00
CUST002622,Customer 02622,customer02622@example.com,Bengaluru,Karnataka,New,Social,2025-11-15,2025-12-13 00:00:00
CUST002623,Customer 02623,customer02623@example.com,Chennai,Tamil Nadu,RETURNING,Organic,2026-05-07,2026-05-27 00:00:00
CUST002624,Customer 02624,customer02624@example.com,Delhi,Delhi,RETURNING,Direct,2026-06-11,2026-06-20 00:00:00
CUST002625,Customer 02625,customer02625@example.com,Mumbai,Maharashtra,RETURNING,Social,2025-06-21,2025-07-20 00:00:00
CUST002626,Customer 02626,customer02626@example.com,Jaipur,Rajasthan,premium,Social,2025-11-17,2025-12-10 00:00:00
CUST002627,Customer 02627,customer02627@example.com,Mumbai,Maharashtra,premium,Organic,2025-02-13,2025-02-28 00:00:00
CUST002628,Customer 02628,customer02628@example.com,Mumbai,Maharashtra,Dormant,Social,2026-06-16,2026-07-08 00:00:00
CUST002629,Customer 02629,customer02629@example.com,Pune,Maharashtra,New,Organic,2026-03-30,2026-04-06 00:00:00
CUST002630,Customer 02630,customer02630@example.com,Kolkata,West Bengal,New,Affiliate,2025-03-24,2025-04-12 00:00:00
CUST002631,Customer 02631,customer02631@example.com,Kolkata,West Bengal,RETURNING,Email,2026-06-27,2026-07-04 00:00:00
CUST002632,Customer 02632,customer02632@example.com,Delhi,Delhi,premium,Organic,2025-11-18,2025-12-16 00:00:00
CUST002633,Customer 02633,customer02633@example.com,Pune,Maharashtra,RETURNING,Organic,2025-08-22,2025-08-27 00:00:00
CUST002634,Customer 02634,customer02634@example.com,Mumbai,Maharashtra,premium,Social,2026-06-24,2026-06-26 00:00:00
CUST002635,Customer 02635,customer02635@example.com,Ahmedabad,Gujarat,RETURNING,Organic,2025-09-09,2025-10-07 00:00:00
CUST002636,Customer 02636,customer02636@example.com,Kolkata,West Bengal,Dormant,Direct,2026-03-25,2026-04-01 00:00:00
CUST002637,Customer 02637,customer02637@example.com,Jaipur,Rajasthan,Dormant,Paid Ads,2025-08-27,2025-09-24 00:00:00
CUST002638,Customer 02638,customer02638@example.com,,Rajasthan,New,Paid Ads,2026-05-05,2026-05-27 00:00:00
CUST002639,Customer 02639,customer02639@example.com,Bengaluru,Karnataka,RETURNING,Affiliate,2026-04-09,2026-04-18 00:00:00
CUST002640,Customer 02640,customer02640@example.com,Hyderabad,Telangana,RETURNING,Organic,2025-11-10,2025-11-14 00:00:00
CUST002641,Customer 02641,customer02641@example.com,Ahmedabad,Gujarat,New,Direct,2025-06-24,2025-07-04 00:00:00
CUST002642,Customer 02642,customer02642@example.com,Kolkata,West Bengal,RETURNING,Social,2025-06-29,2025-07-02 00:00:00
CUST002643,Customer 02643,customer02643@example.com,Noida,Uttar Pradesh,RETURNING,Social,2026-01-20,2026-02-05 00:00:00
CUST002644,Customer 02644,customer02644@example.com,Kolkata,West Bengal,New,Email,2025-10-22,2025-11-16 00:00:00
CUST002645,Customer 02645,customer02645@example.com,Bengaluru,Karnataka,RETURNING,Affiliate,2025-08-03,2025-08-05 00:00:00
CUST002646,Customer 02646,customer02646@example.com,Jaipur,Rajasthan,RETURNING,Direct,2025-03-16,2025-04-02 00:00:00
CUST002647,Customer 02647,customer02647@example.com,,Maharashtra,New,Direct,2025-12-10,2025-12-17 00:00:00
CUST002648,Customer 02648,customer02648@example.com,Noida,Uttar Pradesh,RETURNING,Social,2025-05-22,2025-06-20 00:00:00
CUST002649,Customer 02649,customer02649@example.com,Pune,Maharashtra,New,Email,2025-07-18,2025-08-10 00:00:00
CUST002650,Customer 02650,customer02650@example.com,Chennai,Tamil Nadu,premium,Social,2025-06-20,2025-07-01 00:00:00
CUST002651,Customer 02651,customer02651@example.com,Mumbai,Maharashtra,New,Email,2026-02-10,2026-03-02 00:00:00
CUST002652,Customer 02652,customer02652@example.com,Chennai,Tamil Nadu,Dormant,Paid Ads,2025-08-16,2025-08-31 00:00:00
CUST002653,Customer 02653,customer02653@example.com,Ahmedabad,Gujarat,RETURNING,Direct,2026-02-15,2026-02-28 00:00:00
CUST002654,Customer 02654,customer02654@example.com,Hyderabad,Telangana,New,Paid Ads,2025-03-03,2025-03-23 00:00:00
CUST002655,Customer 02655,customer02655@example.com,Noida,Uttar Pradesh,RETURNING,Social,2025-11-23,2025-12-08 00:00:00
CUST002656,Customer 02656,customer02656@example.com,,Delhi,RETURNING,Affiliate,2025-05-13,2025-06-08 00:00:00
CUST002657,Customer 02657,customer02657@example.com,Noida,Uttar Pradesh,RETURNING,Organic,2026-08-07,2026-08-10 00:00:00
CUST002658,Customer 02658,customer02658@example.com,Kolkata,West Bengal,RETURNING,Affiliate,2026-08-13,2026-08-13 00:00:00
CUST002659,Customer 02659,customer02659@example.com,Jaipur,Rajasthan,RETURNING,Affiliate,2025-07-08,2025-07-08 00:00:00
CUST002660,Customer 02660,customer02660@example.com,Kolkata,West Bengal,New,Organic,2025-12-22,2026-01-19 00:00:00
CUST002661,Customer 02661,customer02661@example.com,Kolkata,West Bengal,New,Direct,2025-03-12,2025-04-02 00:00:00
CUST002662,Customer 02662,customer02662@example.com,Ahmedabad,Gujarat,premium,Paid Ads,2025-09-20,2025-10-04 00:00:00
CUST002663,Customer 02663,customer02663@example.com,Mumbai,Maharashtra,RETURNING,Paid Ads,2025-11-02,2025-11-21 00:00:00
CUST002664,Customer 02664,customer02664@example.com,Delhi,Delhi,RETURNING,Direct,2026-07-12,2026-07-31 00:00:00
CUST002665,Customer 02665,customer02665@example.com,Delhi,Delhi,premium,Organic,2025-08-12,2025-08-14 00:00:00
CUST002666,Customer 02666,customer02666@example.com,Kolkata,West Bengal,RETURNING,Email,2025-11-24,2025-12-07 00:00:00
CUST002667,Customer 02667,customer02667@example.com,Chennai,Tamil Nadu,premium,Affiliate,2026-08-11,2026-08-19 00:00:00
CUST002668,Customer 02668,customer02668@example.com,Ahmedabad,Gujarat,RETURNING,Social,2025-03-15,2025-04-02 00:00:00
CUST002669,Customer 02669,customer02669@example.com,Kolkata,West Bengal,New,Paid Ads,2026-05-26,2026-06-02 00:00:00
CUST002670,Customer 02670,customer02670@example.com,Hyderabad,Telangana,Dormant,Direct,2025-05-22,2025-05-23 00:00:00
CUST002671,Customer 02671,customer02671@example.com,Jaipur,Rajasthan,RETURNING,Social,2026-08-08,2026-08-11 00:00:00
CUST002672,Customer 02672,customer02672@example.com,Mumbai,Maharashtra,premium,Organic,2025-04-12,2025-04-12 00:00:00
CUST002673,Customer 02673,customer02673@example.com,Pune,Maharashtra,New,Social,2026-08-04,2026-08-14 00:00:00
CUST002674,Customer 02674,customer02674@example.com,Hyderabad,Telangana,RETURNING,Social,2025-03-06,2025-03-10 00:00:00
CUST002675,Customer 02675,customer02675@example.com,Chennai,Tamil Nadu,Dormant,Affiliate,2025-07-12,2025-07-13 00:00:00
CUST002676,Customer 02676,customer02676@example.com,Noida,Uttar Pradesh,New,Organic,2025-03-03,2025-03-29 00:00:00
CUST002677,Customer 02677,customer02677@example.com,Noida,Uttar Pradesh,premium,Social,2026-06-16,2026-06-28 00:00:00
CUST002678,Customer 02678,customer02678@example.com,Hyderabad,Telangana,RETURNING,Paid Ads,2025-08-29,2025-09-14 00:00:00
CUST002679,Customer 02679,customer02679@example.com,Kolkata,West Bengal,RETURNING,Organic,2026-02-14,2026-03-02 00:00:00
CUST002680,Customer 02680,customer02680@example.com,Pune,Maharashtra,RETURNING,Paid Ads,2025-10-27,2025-11-13 00:00:00
CUST002681,Customer 02681,customer02681@example.com,Bengaluru,Karnataka,Dormant,Direct,2025-07-14,2025-08-03 00:00:00
CUST002682,Customer 02682,customer02682@example.com,Bengaluru,Karnataka,New,Direct,2026-03-30,2026-04-26 00:00:00
CUST002683,Customer 02683,customer02683@example.com,Chennai,Tamil Nadu,New,Email,2026-07-28,2026-08-05 00:00:00
CUST002684,Customer 02684,customer02684@example.com,Kolkata,West Bengal,Dormant,Direct,2025-10-28,2025-11-02 00:00:00
CUST002685,Customer 02685,customer02685@example.com,Delhi,Delhi,premium,Social,2026-04-01,2026-04-28 00:00:00
CUST002686,Customer 02686,customer02686@example.com,Delhi,Delhi,New,Organic,2025-07-21,2025-08-09 00:00:00
CUST002687,Customer 02687,customer02687@example.com,Mumbai,Maharashtra,RETURNING,Direct,2025-10-29,2025-10-31 00:00:00
CUST002688,Customer 02688,customer02688@example.com,Pune,Maharashtra,RETURNING,Paid Ads,2025-12-03,2025-12-10 00:00:00
CUST002689,Customer 02689,customer02689@example.com,Pune,Maharashtra,RETURNING,Social,2025-02-01,2025-02-03 00:00:00
CUST002690,Customer 02690,customer02690@example.com,Noida,Uttar Pradesh,New,Direct,2025-04-08,2025-04-08 00:00:00
CUST002691,Customer 02691,customer02691@example.com,Ahmedabad,Gujarat,RETURNING,Affiliate,2025-07-10,2025-07-29 00:00:00
CUST002692,Customer 02692,customer02692@example.com,Chennai,Tamil Nadu,New,Paid Ads,2026-06-25,2026-07-21 00:00:00
CUST002693,Customer 02693,customer02693@example.com,Bengaluru,Karnataka,premium,Paid Ads,2025-02-17,2025-03-01 00:00:00
CUST002694,Customer 02694,customer02694@example.com,Chennai,Tamil Nadu,premium,Email,2025-09-07,2025-09-27 00:00:00
CUST002695,Customer 02695,customer02695@example.com,Delhi,Delhi,RETURNING,Affiliate,2025-08-14,2025-08-18 00:00:00
CUST002696,Customer 02696,customer02696@example.com,Delhi,Delhi,New,Email,2025-09-29,2025-10-14 00:00:00
CUST002697,Customer 02697,customer02697@example.com,Hyderabad,Telangana,New,Direct,2026-04-30,2026-05-20 00:00:00
CUST002698,Customer 02698,customer02698@example.com,Mumbai,Maharashtra,RETURNING,Affiliate,2025-11-24,2025-12-17 00:00:00
CUST002699,Customer 02699,customer02699@example.com,Pune,Maharashtra,premium,Paid Ads,2025-06-29,2025-07-14 00:00:00
CUST002700,Customer 02700,customer02700@example.com,Jaipur,Rajasthan,RETURNING,Email,2025-01-23,2025-02-15 00:00:00
CUST002701,Customer 02701,customer02701@example.com,Chennai,Tamil Nadu,RETURNING,Social,2026-01-05,2026-01-16 00:00:00
CUST002702,Customer 02702,customer02702@example.com,Delhi,Delhi,RETURNING,Affiliate,2025-09-02,2025-09-14 00:00:00
CUST002703,Customer 02703,customer02703@example.com,Ahmedabad,Gujarat,RETURNING,Paid Ads,2025-06-09,2025-06-12 00:00:00
CUST002704,Customer 02704,customer02704@example.com,Noida,Uttar Pradesh,New,Organic,2026-01-08,2026-01-16 00:00:00
CUST002705,Customer 02705,customer02705@example.com,Bengaluru,Karnataka,New,Affiliate,2025-10-12,2025-10-27 00:00:00
CUST002706,Customer 02706,customer02706@example.com,Mumbai,Maharashtra,New,Affiliate,2026-06-05,2026-06-05 00:00:00
CUST002707,Customer 02707,customer02707@example.com,Ahmedabad,Gujarat,RETURNING,Direct,2026-03-26,2026-03-30 00:00:00
CUST002708,Customer 02708,customer02708@example.com,Mumbai,Maharashtra,Dormant,Social,2026-08-04,2026-08-24 00:00:00
CUST002709,Customer 02709,customer02709@example.com,Hyderabad,Telangana,premium,Direct,2025-05-16,2025-05-20 00:00:00
CUST002710,Customer 02710,customer02710@example.com,Jaipur,Rajasthan,New,Affiliate,2025-04-06,2025-04-29 00:00:00
CUST002711,Customer 02711,customer02711@example.com,Delhi,Delhi,New,Affiliate,2025-04-29,2025-05-23 00:00:00
CUST002712,Customer 02712,customer02712@example.com,Noida,Uttar Pradesh,New,Social,2026-01-09,2026-01-27 00:00:00
CUST002713,Customer 02713,customer02713@example.com,Ahmedabad,Gujarat,RETURNING,Social,2025-10-01,2025-10-09 00:00:00
CUST002714,Customer 02714,customer02714@example.com,Mumbai,Maharashtra,RETURNING,Email,2025-06-26,2025-07-24 00:00:00
CUST002715,Customer 02715,customer02715@example.com,Pune,Maharashtra,RETURNING,Paid Ads,2025-10-04,2025-10-30 00:00:00
CUST002716,Customer 02716,customer02716@example.com,Hyderabad,Telangana,New,Paid Ads,2025-05-18,2025-05-25 00:00:00
CUST002717,Customer 02717,customer02717@example.com,Pune,Maharashtra,New,Email,2025-05-12,2025-05-30 00:00:00
CUST002718,Customer 02718,customer02718@example.com,Noida,Uttar Pradesh,New,Paid Ads,2025-02-13,2025-03-02 00:00:00
CUST002719,Customer 02719,customer02719@example.com,Ahmedabad,Gujarat,New,Affiliate,2025-05-03,2025-05-17 00:00:00
CUST002720,Customer 02720,customer02720@example.com,Hyderabad,Telangana,premium,Email,2025-05-16,2025-05-19 00:00:00
CUST002721,Customer 02721,customer02721@example.com,Ahmedabad,Gujarat,New,Email,2026-01-02,2026-01-16 00:00:00
CUST002722,Customer 02722,customer02722@example.com,Delhi,Delhi,RETURNING,Paid Ads,2026-01-08,2026-01-20 00:00:00
CUST002723,Customer 02723,customer02723@example.com,Kolkata,West Bengal,RETURNING,Organic,2025-05-06,2025-06-02 00:00:00
CUST002724,Customer 02724,customer02724@example.com,Hyderabad,Telangana,Dormant,Paid Ads,2026-03-15,2026-04-01 00:00:00
CUST002725,Customer 02725,customer02725@example.com,Pune,Maharashtra,Dormant,Direct,2026-07-30,2026-08-18 00:00:00
CUST002726,Customer 02726,customer02726@example.com,Noida,Uttar Pradesh,premium,Organic,2025-02-20,2025-02-24 00:00:00
CUST002727,Customer 02727,customer02727@example.com,Jaipur,Rajasthan,New,Email,2025-05-17,2025-06-03 00:00:00
CUST002728,Customer 02728,customer02728@example.com,Delhi,Delhi,RETURNING,Organic,2025-06-07,2025-07-04 00:00:00
CUST002729,Customer 02729,,Kolkata,West Bengal,premium,Affiliate,2025-02-25,2025-03-04 00:00:00
CUST002730,Customer 02730,customer02730@example.com,Jaipur,Rajasthan,New,Social,2026-08-16,2026-08-16 00:00:00
CUST002731,Customer 02731,customer02731@example.com,Bengaluru,Karnataka,RETURNING,Organic,2026-03-04,2026-03-22 00:00:00
CUST002732,Customer 02732,customer02732@example.com,Delhi,Delhi,Dormant,Direct,2026-03-19,2026-04-10 00:00:00
CUST002733,Customer 02733,customer02733@example.com,Noida,Uttar Pradesh,RETURNING,Social,2025-11-22,2025-12-17 00:00:00
CUST002734,Customer 02734,customer02734@example.com,Mumbai,Maharashtra,New,Affiliate,2025-03-21,2025-04-06 00:00:00
CUST002735,Customer 02735,customer02735@example.com,Hyderabad,Telangana,New,Direct,2026-04-19,2026-05-17 00:00:00
CUST002736,Customer 02736,customer02736@example.com,Ahmedabad,Gujarat,RETURNING,Social,2026-01-12,2026-02-07 00:00:00
CUST002737,Customer 02737,customer02737@example.com,Noida,Uttar Pradesh,New,Affiliate,2025-11-29,2025-11-30 00:00:00
CUST002738,Customer 02738,customer02738@example.com,Hyderabad,Telangana,RETURNING,Social,2025-06-24,2025-07-12 00:00:00
CUST002739,Customer 02739,customer02739@example.com,Jaipur,Rajasthan,premium,Social,2026-03-17,2026-04-15 00:00:00
CUST002740,Customer 02740,customer02740@example.com,Ahmedabad,Gujarat,New,Paid Ads,2025-05-06,2025-05-21 00:00:00
CUST002741,Customer 02741,customer02741@example.com,Chennai,Tamil Nadu,Dormant,Direct,2025-08-07,2025-09-05 00:00:00
CUST002742,Customer 02742,customer02742@example.com,Pune,Maharashtra,RETURNING,Direct,2025-10-05,2025-10-22 00:00:00
CUST002743,Customer 02743,customer02743@example.com,Bengaluru,Karnataka,New,Organic,2026-04-30,2026-05-01 00:00:00
CUST002744,Customer 02744,customer02744@example.com,Delhi,Delhi,premium,Direct,2026-08-18,2026-09-14 00:00:00
CUST002745,Customer 02745,customer02745@example.com,Noida,Uttar Pradesh,premium,Direct,2025-05-21,2025-06-16 00:00:00
CUST002746,Customer 02746,customer02746@example.com,Bengaluru,Karnataka,RETURNING,Social,2025-04-20,2025-04-25 00:00:00
CUST002747,Customer 02747,customer02747@example.com,Mumbai,Maharashtra,Dormant,Email,2025-02-21,2025-02-27 00:00:00
CUST002748,Customer 02748,customer02748@example.com,Hyderabad,Telangana,premium,Paid Ads,2025-11-15,2025-11-20 00:00:00
CUST002749,Customer 02749,customer02749@example.com,Hyderabad,Telangana,Dormant,Organic,2025-07-18,2025-08-13 00:00:00
CUST002750,Customer 02750,customer02750@example.com,,Uttar Pradesh,RETURNING,Paid Ads,2025-02-15,2025-02-20 00:00:00
CUST002751,Customer 02751,customer02751@example.com,Kolkata,West Bengal,premium,Organic,2026-05-20,2026-05-28 00:00:00
CUST002752,Customer 02752,customer02752@example.com,Kolkata,West Bengal,Dormant,Affiliate,2026-06-24,2026-07-01 00:00:00
CUST002753,Customer 02753,customer02753@example.com,Chennai,Tamil Nadu,premium,Social,2026-05-29,2026-06-27 00:00:00
CUST002754,Customer 02754,customer02754@example.com,Pune,Maharashtra,New,Direct,2025-01-17,2025-02-09 00:00:00
CUST002755,Customer 02755,customer02755@example.com,Ahmedabad,Gujarat,RETURNING,Direct,2025-11-11,2025-12-02 00:00:00
CUST002756,Customer 02756,customer02756@example.com,Mumbai,Maharashtra,RETURNING,Email,2026-03-12,2026-04-01 00:00:00
CUST002757,Customer 02757,customer02757@example.com,Bengaluru,Karnataka,New,Paid Ads,2026-01-23,2026-01-31 00:00:00
CUST002758,Customer 02758,customer02758@example.com,Kolkata,West Bengal,Dormant,Paid Ads,2025-03-18,2025-03-29 00:00:00
CUST002759,Customer 02759,customer02759@example.com,Chennai,Tamil Nadu,New,Paid Ads,2026-01-06,2026-01-23 00:00:00
CUST002760,Customer 02760,customer02760@example.com,Chennai,Tamil Nadu,New,Direct,2025-06-14,2025-07-06 00:00:00
CUST002761,Customer 02761,customer02761@example.com,Noida,Uttar Pradesh,Dormant,Paid Ads,2025-01-24,2025-01-29 00:00:00
CUST002762,Customer 02762,customer02762@example.com,Mumbai,Maharashtra,RETURNING,Social,2025-02-04,2025-02-26 00:00:00
CUST002763,Customer 02763,customer02763@example.com,Jaipur,Rajasthan,New,Organic,2026-05-29,2026-06-25 00:00:00
CUST002764,Customer 02764,customer02764@example.com,Ahmedabad,Gujarat,RETURNING,Direct,2026-04-06,2026-04-09 00:00:00
CUST002765,Customer 02765,customer02765@example.com,Pune,Maharashtra,RETURNING,Social,2025-05-18,2025-06-11 00:00:00
CUST002766,Customer 02766,customer02766@example.com,Delhi,Delhi,New,Affiliate,2026-07-28,2026-08-03 00:00:00
CUST002767,Customer 02767,customer02767@example.com,Noida,Uttar Pradesh,Dormant,Social,2026-07-25,2026-08-11 00:00:00
CUST002768,Customer 02768,customer02768@example.com,Ahmedabad,Gujarat,RETURNING,Social,2025-09-22,2025-10-20 00:00:00
CUST002769,Customer 02769,customer02769@example.com,Delhi,Delhi,RETURNING,Affiliate,2025-11-29,2025-12-18 00:00:00
CUST002770,Customer 02770,customer02770@example.com,Delhi,Delhi,RETURNING,Social,2025-07-07,2025-07-11 00:00:00
CUST002771,Customer 02771,customer02771@example.com,Mumbai,Maharashtra,RETURNING,Organic,2025-03-04,2025-03-21 00:00:00
CUST002772,Customer 02772,customer02772@example.com,Mumbai,Maharashtra,New,Direct,2025-10-06,2025-10-15 00:00:00
CUST002773,Customer 02773,customer02773@example.com,Bengaluru,Karnataka,New,Email,2026-06-26,2026-07-03 00:00:00
CUST002774,Customer 02774,customer02774@example.com,Chennai,Tamil Nadu,RETURNING,Affiliate,2025-06-20,2025-06-20 00:00:00
CUST002775,Customer 02775,customer02775@example.com,Ahmedabad,Gujarat,premium,Direct,2026-05-18,2026-06-01 00:00:00
CUST002776,Customer 02776,,Noida,Uttar Pradesh,New,Paid Ads,2026-06-17,2026-06-19 00:00:00
CUST002777,Customer 02777,customer02777@example.com,Hyderabad,Telangana,RETURNING,Organic,2025-10-26,2025-11-09 00:00:00
CUST002778,Customer 02778,customer02778@example.com,Noida,Uttar Pradesh,premium,Email,2025-07-20,2025-08-02 00:00:00
CUST002779,Customer 02779,customer02779@example.com,Bengaluru,Karnataka,New,Organic,2025-05-15,2025-05-15 00:00:00
CUST002780,Customer 02780,customer02780@example.com,Pune,Maharashtra,New,Organic,2025-09-29,2025-10-19 00:00:00
CUST002781,Customer 02781,customer02781@example.com,Chennai,Tamil Nadu,RETURNING,Paid Ads,2026-06-19,2026-06-26 00:00:00
CUST002782,Customer 02782,customer02782@example.com,,Telangana,RETURNING,Email,2026-03-18,2026-03-24 00:00:00
CUST002783,Customer 02783,customer02783@example.com,Kolkata,West Bengal,New,Organic,2025-03-28,2025-04-05 00:00:00
CUST002784,Customer 02784,customer02784@example.com,Pune,Maharashtra,RETURNING,Paid Ads,2025-01-31,2025-02-17 00:00:00
CUST002785,Customer 02785,customer02785@example.com,Mumbai,Maharashtra,RETURNING,Affiliate,2025-05-01,2025-05-12 00:00:00
CUST002786,Customer 02786,customer02786@example.com,Delhi,Delhi,RETURNING,Paid Ads,2025-03-10,2025-03-17 00:00:00
CUST002787,Customer 02787,customer02787@example.com,Kolkata,West Bengal,New,Social,2026-05-11,2026-05-18 00:00:00
CUST002788,Customer 02788,customer02788@example.com,Noida,Uttar Pradesh,RETURNING,Direct,2025-05-26,2025-06-24 00:00:00
CUST002789,Customer 02789,customer02789@example.com,Noida,Uttar Pradesh,premium,Paid Ads,2025-11-29,2025-12-04 00:00:00
CUST002790,Customer 02790,,Mumbai,Maharashtra,Dormant,Paid Ads,2026-04-26,2026-04-28 00:00:00
CUST002791,Customer 02791,customer02791@example.com,Bengaluru,Karnataka,Dormant,Paid Ads,2025-09-20,2025-09-21 00:00:00
CUST002792,Customer 02792,customer02792@example.com,Ahmedabad,Gujarat,RETURNING,Organic,2025-10-20,2025-11-02 00:00:00
CUST002793,Customer 02793,customer02793@example.com,Kolkata,West Bengal,RETURNING,Email,2026-03-05,2026-03-12 00:00:00
CUST002794,Customer 02794,customer02794@example.com,Kolkata,West Bengal,RETURNING,Paid Ads,2025-03-27,2025-04-01 00:00:00
CUST002795,Customer 02795,customer02795@example.com,Jaipur,Rajasthan,New,Paid Ads,2025-01-16,2025-01-19 00:00:00
CUST002796,Customer 02796,customer02796@example.com,,Maharashtra,New,Social,2025-04-28,2025-05-02 00:00:00
CUST002797,Customer 02797,customer02797@example.com,Chennai,Tamil Nadu,RETURNING,Social,2025-09-27,2025-10-17 00:00:00
CUST002798,Customer 02798,customer02798@example.com,Pune,Maharashtra,New,Affiliate,2026-01-30,2026-02-11 00:00:00
CUST002799,Customer 02799,customer02799@example.com,Ahmedabad,Gujarat,New,Affiliate,2025-06-11,2025-06-19 00:00:00
CUST002800,Customer 02800,customer02800@example.com,Noida,Uttar Pradesh,Dormant,Social,2025-04-14,2025-04-26 00:00:00
CUST002801,Customer 02801,customer02801@example.com,Noida,Uttar Pradesh,New,Email,2025-06-16,2025-07-14 00:00:00
CUST002802,Customer 02802,customer02802@example.com,Noida,Uttar Pradesh,New,Affiliate,2025-10-27,2025-11-04 00:00:00
CUST002803,Customer 02803,customer02803@example.com,Jaipur,Rajasthan,New,Direct,2025-01-28,2025-02-20 00:00:00
CUST002804,Customer 02804,customer02804@example.com,Noida,Uttar Pradesh,RETURNING,Direct,2026-02-28,2026-03-23 00:00:00
CUST002805,Customer 02805,customer02805@example.com,Ahmedabad,Gujarat,RETURNING,Email,2026-07-16,2026-07-31 00:00:00
CUST002806,Customer 02806,customer02806@example.com,Mumbai,Maharashtra,RETURNING,Social,2025-06-05,2025-06-16 00:00:00
CUST002807,Customer 02807,customer02807@example.com,Chennai,Tamil Nadu,RETURNING,Affiliate,2025-11-20,2025-11-21 00:00:00
CUST002808,Customer 02808,customer02808@example.com,Ahmedabad,Gujarat,premium,Paid Ads,2025-12-14,2026-01-12 00:00:00
CUST002809,Customer 02809,customer02809@example.com,Chennai,Tamil Nadu,premium,Social,2025-05-01,2025-05-19 00:00:00
CUST002810,Customer 02810,customer02810@example.com,Ahmedabad,Gujarat,Dormant,Affiliate,2026-06-12,2026-07-11 00:00:00
CUST002811,Customer 02811,customer02811@example.com,Noida,Uttar Pradesh,premium,Email,2026-07-15,2026-07-30 00:00:00
CUST002812,Customer 02812,customer02812@example.com,Mumbai,Maharashtra,RETURNING,Direct,2025-06-13,2025-07-06 00:00:00
CUST002813,Customer 02813,customer02813@example.com,Kolkata,West Bengal,New,Email,2025-03-03,2025-03-15 00:00:00
CUST002814,Customer 02814,customer02814@example.com,Pune,Maharashtra,New,Affiliate,2025-12-06,2025-12-10 00:00:00
CUST002815,Customer 02815,customer02815@example.com,Delhi,Delhi,New,Email,2025-11-08,2025-11-30 00:00:00
CUST002816,Customer 02816,customer02816@example.com,Mumbai,Maharashtra,RETURNING,Affiliate,2026-01-11,2026-02-09 00:00:00
CUST002817,Customer 02817,customer02817@example.com,Kolkata,West Bengal,premium,Affiliate,2025-12-12,2026-01-04 00:00:00
CUST002818,Customer 02818,customer02818@example.com,Bengaluru,Karnataka,RETURNING,Email,2025-05-30,2025-06-04 00:00:00
CUST002819,Customer 02819,customer02819@example.com,Ahmedabad,Gujarat,New,Organic,2026-08-08,2026-08-28 00:00:00
CUST002820,Customer 02820,customer02820@example.com,Bengaluru,Karnataka,RETURNING,Paid Ads,2026-08-04,2026-08-27 00:00:00
CUST002821,Customer 02821,customer02821@example.com,Kolkata,West Bengal,Dormant,Social,2025-06-26,2025-07-12 00:00:00
CUST002822,Customer 02822,customer02822@example.com,Mumbai,Maharashtra,RETURNING,Direct,2025-12-20,2026-01-05 00:00:00
CUST002823,Customer 02823,customer02823@example.com,Ahmedabad,Gujarat,premium,Paid Ads,2026-05-29,2026-06-14 00:00:00
CUST002824,Customer 02824,customer02824@example.com,Delhi,Delhi,premium,Social,2025-11-05,2025-11-07 00:00:00
CUST002825,Customer 02825,customer02825@example.com,Noida,Uttar Pradesh,Dormant,Social,2025-04-29,2025-05-24 00:00:00
CUST002826,Customer 02826,customer02826@example.com,Ahmedabad,Gujarat,premium,Direct,2026-06-03,2026-06-15 00:00:00
CUST002827,Customer 02827,customer02827@example.com,Ahmedabad,Gujarat,premium,Paid Ads,2026-04-23,2026-05-04 00:00:00
CUST002828,Customer 02828,customer02828@example.com,Mumbai,Maharashtra,New,Direct,2026-02-18,2026-02-23 00:00:00
CUST002829,Customer 02829,customer02829@example.com,Mumbai,Maharashtra,New,Affiliate,2026-08-10,2026-08-31 00:00:00
CUST002830,Customer 02830,customer02830@example.com,Kolkata,West Bengal,RETURNING,Direct,2025-12-17,2026-01-06 00:00:00
CUST002831,Customer 02831,customer02831@example.com,Hyderabad,Telangana,New,Email,2026-05-21,2026-06-18 00:00:00
CUST002832,Customer 02832,customer02832@example.com,Ahmedabad,Gujarat,Dormant,Organic,2025-07-14,2025-07-26 00:00:00
CUST002833,Customer 02833,customer02833@example.com,Pune,Maharashtra,New,Organic,2025-07-06,2025-07-19 00:00:00
CUST002834,Customer 02834,customer02834@example.com,Ahmedabad,Gujarat,Dormant,Organic,2026-03-26,2026-04-01 00:00:00
CUST002835,Customer 02835,customer02835@example.com,Kolkata,West Bengal,RETURNING,Paid Ads,2026-05-11,2026-05-15 00:00:00
CUST002836,Customer 02836,customer02836@example.com,Chennai,Tamil Nadu,RETURNING,Paid Ads,2026-05-30,2026-06-12 00:00:00
CUST002837,Customer 02837,customer02837@example.com,Bengaluru,Karnataka,Dormant,Affiliate,2025-09-30,2025-10-17 00:00:00
CUST002838,Customer 02838,customer02838@example.com,Noida,Uttar Pradesh,RETURNING,Organic,2025-02-21,2025-02-24 00:00:00
CUST002839,Customer 02839,customer02839@example.com,Hyderabad,Telangana,RETURNING,Affiliate,2025-09-20,2025-09-20 00:00:00
CUST002840,Customer 02840,customer02840@example.com,Delhi,Delhi,New,Organic,2026-01-03,2026-01-09 00:00:00
CUST002841,Customer 02841,customer02841@example.com,,Delhi,RETURNING,Paid Ads,2025-05-13,2025-06-01 00:00:00
CUST002842,Customer 02842,customer02842@example.com,Delhi,Delhi,New,Email,2025-08-13,2025-08-25 00:00:00
CUST002843,Customer 02843,customer02843@example.com,,Maharashtra,RETURNING,Email,2025-11-06,2025-11-09 00:00:00
CUST002844,Customer 02844,customer02844@example.com,Delhi,Delhi,RETURNING,Email,2026-07-27,2026-08-08 00:00:00
CUST002845,Customer 02845,customer02845@example.com,Noida,Uttar Pradesh,premium,Direct,2025-01-16,2025-01-19 00:00:00
CUST002846,Customer 02846,customer02846@example.com,Bengaluru,Karnataka,premium,Email,2025-07-14,2025-07-16 00:00:00
CUST002847,Customer 02847,customer02847@example.com,Delhi,Delhi,RETURNING,Social,2026-03-19,2026-03-26 00:00:00
CUST002848,Customer 02848,customer02848@example.com,Ahmedabad,Gujarat,RETURNING,Organic,2025-10-30,2025-11-18 00:00:00
CUST002849,Customer 02849,customer02849@example.com,Ahmedabad,Gujarat,premium,Email,2025-02-17,2025-02-24 00:00:00
CUST002850,Customer 02850,customer02850@example.com,Mumbai,Maharashtra,RETURNING,Social,2025-05-01,2025-05-25 00:00:00
CUST002851,Customer 02851,customer02851@example.com,Noida,Uttar Pradesh,RETURNING,Social,2026-05-14,2026-05-30 00:00:00
CUST002852,Customer 02852,customer02852@example.com,Bengaluru,Karnataka,RETURNING,Social,2026-07-16,2026-07-30 00:00:00
CUST002853,Customer 02853,,Hyderabad,Telangana,Dormant,Affiliate,2026-04-14,2026-04-17 00:00:00
CUST002854,Customer 02854,customer02854@example.com,Kolkata,West Bengal,RETURNING,Affiliate,2025-02-10,2025-02-15 00:00:00
CUST002855,Customer 02855,customer02855@example.com,Bengaluru,Karnataka,RETURNING,Social,2026-04-01,2026-04-24 00:00:00
CUST002856,Customer 02856,customer02856@example.com,Kolkata,West Bengal,RETURNING,Direct,2026-06-18,2026-07-17 00:00:00
CUST002857,Customer 02857,customer02857@example.com,Chennai,Tamil Nadu,RETURNING,Email,2026-01-06,2026-01-27 00:00:00
CUST002858,Customer 02858,customer02858@example.com,Kolkata,West Bengal,New,Organic,2025-07-01,2025-07-28 00:00:00
CUST002859,Customer 02859,customer02859@example.com,Pune,Maharashtra,RETURNING,Direct,2026-06-01,2026-06-06 00:00:00
CUST002860,Customer 02860,customer02860@example.com,Ahmedabad,Gujarat,premium,Paid Ads,2026-08-13,2026-08-22 00:00:00
CUST002861,Customer 02861,customer02861@example.com,Noida,Uttar Pradesh,Dormant,Affiliate,2025-08-19,2025-08-22 00:00:00
CUST002862,Customer 02862,customer02862@example.com,,Rajasthan,RETURNING,Email,2025-12-14,2025-12-22 00:00:00
CUST002863,Customer 02863,customer02863@example.com,Mumbai,Maharashtra,RETURNING,Email,2026-04-24,2026-05-09 00:00:00
CUST002864,Customer 02864,customer02864@example.com,,Maharashtra,New,Paid Ads,2025-07-28,2025-08-03 00:00:00
CUST002865,Customer 02865,customer02865@example.com,Kolkata,West Bengal,Dormant,Paid Ads,2025-10-05,2025-10-18 00:00:00
CUST002866,Customer 02866,customer02866@example.com,Delhi,Delhi,premium,Email,2025-02-22,2025-03-20 00:00:00
CUST002867,Customer 02867,customer02867@example.com,Noida,Uttar Pradesh,New,Paid Ads,2025-01-10,2025-01-15 00:00:00
CUST002868,Customer 02868,customer02868@example.com,Pune,Maharashtra,New,Email,2026-04-09,2026-04-09 00:00:00
CUST002869,Customer 02869,customer02869@example.com,Mumbai,Maharashtra,premium,Direct,2026-08-06,2026-08-23 00:00:00
CUST002870,Customer 02870,customer02870@example.com,Ahmedabad,Gujarat,RETURNING,Paid Ads,2025-06-07,2025-06-18 00:00:00
CUST002871,Customer 02871,customer02871@example.com,Noida,Uttar Pradesh,RETURNING,Direct,2025-01-19,2025-02-09 00:00:00
CUST002872,Customer 02872,customer02872@example.com,Mumbai,Maharashtra,New,Direct,2025-02-24,2025-03-22 00:00:00
CUST002873,Customer 02873,customer02873@example.com,Chennai,Tamil Nadu,New,Paid Ads,2025-01-21,2025-02-04 00:00:00
CUST002874,Customer 02874,customer02874@example.com,Chennai,Tamil Nadu,RETURNING,Email,2025-10-09,2025-10-09 00:00:00
CUST002875,Customer 02875,customer02875@example.com,Mumbai,Maharashtra,premium,Social,2026-06-24,2026-07-08 00:00:00
CUST002876,Customer 02876,customer02876@example.com,Pune,Maharashtra,RETURNING,Email,2026-02-21,2026-03-07 00:00:00
CUST002877,Customer 02877,customer02877@example.com,Noida,Uttar Pradesh,RETURNING,Organic,2025-10-12,2025-11-07 00:00:00
CUST002878,Customer 02878,customer02878@example.com,Pune,Maharashtra,New,Paid Ads,2026-06-16,2026-07-01 00:00:00
CUST002879,Customer 02879,customer02879@example.com,Hyderabad,Telangana,RETURNING,Affiliate,2026-06-16,2026-07-06 00:00:00
CUST002880,Customer 02880,customer02880@example.com,Kolkata,West Bengal,New,Paid Ads,2026-05-26,2026-05-26 00:00:00
CUST002881,Customer 02881,customer02881@example.com,Hyderabad,Telangana,RETURNING,Organic,2026-01-31,2026-02-28 00:00:00
CUST002882,Customer 02882,customer02882@example.com,Chennai,Tamil Nadu,premium,Direct,2025-04-30,2025-05-02 00:00:00
CUST002883,Customer 02883,,Ahmedabad,Gujarat,New,Affiliate,2025-04-07,2025-04-18 00:00:00
CUST002884,Customer 02884,customer02884@example.com,Bengaluru,Karnataka,New,Affiliate,2025-04-30,2025-05-27 00:00:00
CUST002885,Customer 02885,customer02885@example.com,Kolkata,West Bengal,New,Email,2026-06-21,2026-07-18 00:00:00
CUST002886,Customer 02886,customer02886@example.com,,Tamil Nadu,RETURNING,Social,2025-06-02,2025-06-08 00:00:00
CUST002887,Customer 02887,customer02887@example.com,Pune,Maharashtra,Dormant,Email,2025-09-02,2025-09-06 00:00:00
CUST002888,Customer 02888,customer02888@example.com,Pune,Maharashtra,New,Affiliate,2026-05-31,2026-06-27 00:00:00
CUST002889,Customer 02889,customer02889@example.com,Pune,Maharashtra,Dormant,Affiliate,2026-01-28,2026-02-22 00:00:00
CUST002890,Customer 02890,customer02890@example.com,Ahmedabad,Gujarat,New,Social,2025-05-23,2025-05-23 00:00:00
CUST002891,Customer 02891,customer02891@example.com,Hyderabad,Telangana,premium,Paid Ads,2026-05-19,2026-05-19 00:00:00
CUST002892,Customer 02892,customer02892@example.com,Bengaluru,Karnataka,RETURNING,Social,2025-08-08,2025-08-22 00:00:00
CUST002893,Customer 02893,customer02893@example.com,Pune,Maharashtra,RETURNING,Direct,2025-06-09,2025-06-16 00:00:00
CUST002894,Customer 02894,customer02894@example.com,Jaipur,Rajasthan,RETURNING,Email,2025-03-17,2025-03-27 00:00:00
CUST002895,Customer 02895,customer02895@example.com,Kolkata,West Bengal,RETURNING,Paid Ads,2025-02-01,2025-02-14 00:00:00
CUST002896,Customer 02896,customer02896@example.com,Noida,Uttar Pradesh,premium,Email,2025-11-30,2025-12-28 00:00:00
CUST002897,Customer 02897,customer02897@example.com,Jaipur,Rajasthan,premium,Social,2026-06-09,2026-07-03 00:00:00
CUST002898,Customer 02898,customer02898@example.com,Bengaluru,Karnataka,RETURNING,Paid Ads,2026-03-16,2026-04-07 00:00:00
CUST002899,Customer 02899,customer02899@example.com,,Gujarat,New,Social,2025-12-18,2025-12-30 00:00:00
CUST002900,Customer 02900,customer02900@example.com,Bengaluru,Karnataka,New,Direct,2025-12-05,2025-12-23 00:00:00
CUST002901,Customer 02901,customer02901@example.com,Noida,Uttar Pradesh,premium,Organic,2026-02-04,2026-02-15 00:00:00
CUST002902,Customer 02902,customer02902@example.com,Kolkata,West Bengal,RETURNING,Affiliate,2026-01-31,2026-02-21 00:00:00
CUST002903,Customer 02903,customer02903@example.com,Noida,Uttar Pradesh,RETURNING,Paid Ads,2025-07-21,2025-08-08 00:00:00
CUST002904,Customer 02904,customer02904@example.com,Mumbai,Maharashtra,RETURNING,Affiliate,2026-06-14,2026-07-09 00:00:00
CUST002905,Customer 02905,customer02905@example.com,Kolkata,West Bengal,Dormant,Organic,2025-04-03,2025-04-06 00:00:00
CUST002906,Customer 02906,customer02906@example.com,Bengaluru,Karnataka,RETURNING,Paid Ads,2025-12-24,2026-01-20 00:00:00
CUST002907,Customer 02907,customer02907@example.com,Pune,Maharashtra,premium,Affiliate,2026-01-31,2026-02-03 00:00:00
CUST002908,Customer 02908,customer02908@example.com,Bengaluru,Karnataka,premium,Affiliate,2025-03-01,2025-03-03 00:00:00
CUST002909,Customer 02909,customer02909@example.com,Bengaluru,Karnataka,RETURNING,Paid Ads,2026-04-22,2026-05-17 00:00:00
CUST002910,Customer 02910,customer02910@example.com,Kolkata,West Bengal,New,Affiliate,2025-01-01,2025-01-06 00:00:00
CUST002911,Customer 02911,customer02911@example.com,Mumbai,Maharashtra,premium,Affiliate,2026-07-09,2026-07-13 00:00:00
CUST002912,Customer 02912,customer02912@example.com,Bengaluru,Karnataka,RETURNING,Paid Ads,2025-11-07,2025-11-17 00:00:00
CUST002913,Customer 02913,customer02913@example.com,Jaipur,Rajasthan,Dormant,Affiliate,2025-06-17,2025-07-11 00:00:00
CUST002914,Customer 02914,customer02914@example.com,Chennai,Tamil Nadu,New,Affiliate,2025-07-11,2025-07-19 00:00:00
CUST002915,Customer 02915,customer02915@example.com,Delhi,Delhi,New,Email,2025-02-03,2025-02-05 00:00:00
CUST002916,Customer 02916,customer02916@example.com,Delhi,Delhi,Dormant,Direct,2025-02-03,2025-03-03 00:00:00
CUST002917,Customer 02917,customer02917@example.com,Bengaluru,Karnataka,RETURNING,Email,2026-02-21,2026-03-01 00:00:00
CUST002918,Customer 02918,customer02918@example.com,Jaipur,Rajasthan,RETURNING,Organic,2025-06-07,2025-07-05 00:00:00
CUST002919,Customer 02919,customer02919@example.com,Pune,Maharashtra,premium,Email,2026-05-15,2026-05-26 00:00:00
CUST002920,Customer 02920,customer02920@example.com,Ahmedabad,Gujarat,RETURNING,Email,2026-01-01,2026-01-03 00:00:00
CUST002921,Customer 02921,customer02921@example.com,Ahmedabad,Gujarat,RETURNING,Organic,2025-12-06,2025-12-25 00:00:00
CUST002922,Customer 02922,customer02922@example.com,Kolkata,West Bengal,New,Affiliate,2025-12-01,2025-12-17 00:00:00
CUST002923,Customer 02923,customer02923@example.com,,Delhi,premium,Affiliate,2026-08-06,2026-08-26 00:00:00
CUST002924,Customer 02924,customer02924@example.com,Bengaluru,Karnataka,Dormant,Email,2025-11-23,2025-12-04 00:00:00
CUST002925,Customer 02925,customer02925@example.com,Ahmedabad,Gujarat,New,Organic,2025-04-24,2025-05-18 00:00:00
CUST002926,Customer 02926,customer02926@example.com,Bengaluru,Karnataka,Dormant,Affiliate,2026-02-22,2026-03-11 00:00:00
CUST002927,Customer 02927,customer02927@example.com,Kolkata,West Bengal,Dormant,Social,2026-04-13,2026-04-16 00:00:00
CUST002928,Customer 02928,customer02928@example.com,Delhi,Delhi,RETURNING,Paid Ads,2025-05-23,2025-06-01 00:00:00
CUST002929,Customer 02929,,Noida,Uttar Pradesh,RETURNING,Paid Ads,2025-11-05,2025-11-22 00:00:00
CUST002930,Customer 02930,customer02930@example.com,Chennai,Tamil Nadu,RETURNING,Direct,2026-02-05,2026-03-06 00:00:00
CUST002931,Customer 02931,customer02931@example.com,Chennai,Tamil Nadu,New,Paid Ads,2025-11-16,2025-11-23 00:00:00
CUST002932,Customer 02932,customer02932@example.com,Ahmedabad,Gujarat,premium,Email,2025-07-31,2025-08-08 00:00:00
CUST002933,Customer 02933,customer02933@example.com,Chennai,Tamil Nadu,Dormant,Paid Ads,2025-11-13,2025-12-01 00:00:00
CUST002934,Customer 02934,customer02934@example.com,Noida,Uttar Pradesh,RETURNING,Paid Ads,2025-07-04,2025-07-16 00:00:00
CUST002935,Customer 02935,customer02935@example.com,Bengaluru,Karnataka,RETURNING,Social,2025-07-24,2025-08-17 00:00:00
CUST002936,Customer 02936,customer02936@example.com,Kolkata,West Bengal,New,Affiliate,2025-12-30,2026-01-04 00:00:00
CUST002937,Customer 02937,customer02937@example.com,Noida,Uttar Pradesh,New,Social,2025-08-04,2025-08-25 00:00:00
CUST002938,Customer 02938,customer02938@example.com,Kolkata,West Bengal,RETURNING,Email,2025-09-03,2025-09-09 00:00:00
CUST002939,Customer 02939,customer02939@example.com,Kolkata,West Bengal,New,Paid Ads,2025-08-27,2025-09-23 00:00:00
CUST002940,Customer 02940,customer02940@example.com,Delhi,Delhi,RETURNING,Affiliate,2026-01-26,2026-02-15 00:00:00
CUST002941,Customer 02941,customer02941@example.com,Bengaluru,Karnataka,RETURNING,Direct,2026-06-04,2026-06-09 00:00:00
CUST002942,Customer 02942,customer02942@example.com,Jaipur,Rajasthan,premium,Direct,2026-08-13,2026-08-23 00:00:00
CUST002943,Customer 02943,customer02943@example.com,Chennai,Tamil Nadu,RETURNING,Paid Ads,2025-10-04,2025-10-20 00:00:00
CUST002944,Customer 02944,customer02944@example.com,Jaipur,Rajasthan,RETURNING,Paid Ads,2025-07-21,2025-08-08 00:00:00
CUST002945,Customer 02945,customer02945@example.com,Delhi,Delhi,RETURNING,Direct,2025-08-02,2025-08-29 00:00:00
CUST002946,Customer 02946,customer02946@example.com,Kolkata,West Bengal,New,Direct,2026-04-23,2026-05-17 00:00:00
CUST002947,Customer 02947,customer02947@example.com,Ahmedabad,Gujarat,New,Email,2026-05-23,2026-06-03 00:00:00
CUST002948,Customer 02948,customer02948@example.com,Chennai,Tamil Nadu,New,Paid Ads,2025-03-16,2025-04-05 00:00:00
CUST002949,Customer 02949,customer02949@example.com,Chennai,Tamil Nadu,Dormant,Direct,2025-05-22,2025-06-11 00:00:00
CUST002950,Customer 02950,customer02950@example.com,Bengaluru,Karnataka,New,Organic,2026-08-13,2026-09-05 00:00:00
CUST002951,Customer 02951,customer02951@example.com,Mumbai,Maharashtra,premium,Direct,2025-11-18,2025-12-14 00:00:00
CUST002952,Customer 02952,customer02952@example.com,Hyderabad,Telangana,Dormant,Affiliate,2026-04-06,2026-05-02 00:00:00
CUST002953,Customer 02953,customer02953@example.com,Hyderabad,Telangana,premium,Affiliate,2025-05-26,2025-06-07 00:00:00
CUST002954,Customer 02954,customer02954@example.com,Hyderabad,Telangana,New,Organic,2025-02-23,2025-03-12 00:00:00
CUST002955,Customer 02955,customer02955@example.com,Mumbai,Maharashtra,Dormant,Email,2025-12-22,2026-01-19 00:00:00
CUST002956,Customer 02956,customer02956@example.com,Bengaluru,Karnataka,New,Paid Ads,2025-10-04,2025-10-10 00:00:00
CUST002957,Customer 02957,customer02957@example.com,Mumbai,Maharashtra,RETURNING,Paid Ads,2026-08-18,2026-09-11 00:00:00
CUST002958,Customer 02958,customer02958@example.com,Hyderabad,Telangana,Dormant,Direct,2026-02-04,2026-02-26 00:00:00
CUST002959,Customer 02959,customer02959@example.com,Delhi,Delhi,RETURNING,Affiliate,2026-05-31,2026-06-27 00:00:00
CUST002960,Customer 02960,customer02960@example.com,Noida,Uttar Pradesh,RETURNING,Email,2026-05-14,2026-05-18 00:00:00
CUST002961,Customer 02961,customer02961@example.com,Kolkata,West Bengal,New,Email,2025-11-07,2025-12-05 00:00:00
CUST002962,Customer 02962,customer02962@example.com,Mumbai,Maharashtra,RETURNING,Email,2025-09-28,2025-10-13 00:00:00
CUST002963,Customer 02963,customer02963@example.com,Bengaluru,Karnataka,RETURNING,Direct,2026-07-30,2026-08-20 00:00:00
CUST002964,Customer 02964,customer02964@example.com,Bengaluru,Karnataka,RETURNING,Paid Ads,2026-03-25,2026-03-28 00:00:00
CUST002965,Customer 02965,customer02965@example.com,Jaipur,Rajasthan,Dormant,Email,2025-04-22,2025-05-21 00:00:00
CUST002966,Customer 02966,customer02966@example.com,Noida,Uttar Pradesh,Dormant,Direct,2025-08-27,2025-09-23 00:00:00
CUST002967,Customer 02967,customer02967@example.com,Ahmedabad,Gujarat,Dormant,Direct,2025-05-24,2025-06-15 00:00:00
CUST002968,Customer 02968,customer02968@example.com,Chennai,Tamil Nadu,RETURNING,Organic,2026-01-09,2026-01-09 00:00:00
CUST002969,Customer 02969,customer02969@example.com,Hyderabad,Telangana,RETURNING,Social,2025-01-20,2025-01-23 00:00:00
CUST002970,Customer 02970,customer02970@example.com,Ahmedabad,Gujarat,Dormant,Email,2026-07-30,2026-08-01 00:00:00
CUST002971,Customer 02971,customer02971@example.com,Jaipur,Rajasthan,Dormant,Social,2025-10-16,2025-11-13 00:00:00
CUST002972,Customer 02972,customer02972@example.com,Hyderabad,Telangana,RETURNING,Paid Ads,2026-08-16,2026-08-19 00:00:00
CUST002973,Customer 02973,customer02973@example.com,Noida,Uttar Pradesh,New,Direct,2025-07-16,2025-07-16 00:00:00
CUST002974,Customer 02974,customer02974@example.com,Jaipur,Rajasthan,New,Email,2026-01-17,2026-01-28 00:00:00
CUST002975,Customer 02975,customer02975@example.com,Hyderabad,Telangana,RETURNING,Affiliate,2026-08-04,2026-08-16 00:00:00
CUST002976,Customer 02976,customer02976@example.com,Noida,Uttar Pradesh,RETURNING,Paid Ads,2026-05-07,2026-05-08 00:00:00
CUST002977,Customer 02977,customer02977@example.com,Pune,Maharashtra,premium,Organic,2025-06-13,2025-07-10 00:00:00
CUST002978,Customer 02978,customer02978@example.com,Ahmedabad,Gujarat,New,Organic,2025-09-06,2025-10-02 00:00:00
CUST002979,Customer 02979,customer02979@example.com,Ahmedabad,Gujarat,New,Social,2025-03-09,2025-04-06 00:00:00
CUST002980,Customer 02980,customer02980@example.com,Chennai,Tamil Nadu,RETURNING,Direct,2025-01-21,2025-01-29 00:00:00
CUST002981,Customer 02981,customer02981@example.com,Noida,Uttar Pradesh,RETURNING,Social,2026-05-27,2026-06-02 00:00:00
CUST002982,Customer 02982,customer02982@example.com,Mumbai,Maharashtra,New,Affiliate,2026-08-20,2026-09-01 00:00:00
CUST002983,Customer 02983,customer02983@example.com,Pune,Maharashtra,RETURNING,Affiliate,2026-01-25,2026-02-15 00:00:00
CUST002984,Customer 02984,customer02984@example.com,Delhi,Delhi,RETURNING,Organic,2026-06-20,2026-06-21 00:00:00
CUST002985,Customer 02985,customer02985@example.com,Hyderabad,Telangana,premium,Email,2025-04-21,2025-04-21 00:00:00
CUST002986,Customer 02986,customer02986@example.com,Pune,Maharashtra,RETURNING,Organic,2026-08-18,2026-09-04 00:00:00
CUST002987,Customer 02987,customer02987@example.com,,Uttar Pradesh,RETURNING,Organic,2026-04-05,2026-04-11 00:00:00
CUST002988,Customer 02988,customer02988@example.com,Kolkata,West Bengal,RETURNING,Affiliate,2025-03-19,2025-04-05 00:00:00
CUST002989,Customer 02989,customer02989@example.com,Hyderabad,Telangana,Dormant,Social,2026-03-10,2026-03-28 00:00:00
CUST002990,Customer 02990,customer02990@example.com,Bengaluru,Karnataka,New,Affiliate,2026-01-15,2026-01-22 00:00:00
CUST002991,Customer 02991,customer02991@example.com,Ahmedabad,Gujarat,premium,Direct,2026-03-16,2026-04-07 00:00:00
CUST002992,Customer 02992,customer02992@example.com,Noida,Uttar Pradesh,RETURNING,Affiliate,2025-12-05,2025-12-16 00:00:00
CUST002993,Customer 02993,customer02993@example.com,Bengaluru,Karnataka,Dormant,Affiliate,2026-02-28,2026-03-10 00:00:00
CUST002994,Customer 02994,customer02994@example.com,Chennai,Tamil Nadu,premium,Organic,2025-06-18,2025-07-14 00:00:00
CUST002995,Customer 02995,customer02995@example.com,,Rajasthan,RETURNING,Email,2025-09-19,2025-10-18 00:00:00
CUST002996,Customer 02996,customer02996@example.com,Delhi,Delhi,RETURNING,Organic,2026-08-02,2026-08-28 00:00:00
CUST002997,Customer 02997,customer02997@example.com,Delhi,Delhi,New,Paid Ads,2025-08-17,2025-08-25 00:00:00
CUST002998,Customer 02998,,Bengaluru,Karnataka,Dormant,Affiliate,2025-06-10,2025-07-07 00:00:00
CUST002999,Customer 02999,customer02999@example.com,Ahmedabad,Gujarat,RETURNING,Affiliate,2026-03-03,2026-03-06 00:00:00
CUST003000,Customer 03000,customer03000@example.com,Chennai,Tamil Nadu,RETURNING,Paid Ads,2025-05-02,2025-05-08 00:00:00
CUST003001,Customer 03001,customer03001@example.com,Kolkata,West Bengal,premium,Affiliate,2025-05-29,2025-06-14 00:00:00
CUST003002,Customer 03002,customer03002@example.com,,Gujarat,premium,Affiliate,2025-04-21,2025-05-01 00:00:00
CUST003003,Customer 03003,customer03003@example.com,Pune,Maharashtra,New,Direct,2025-08-09,2025-09-04 00:00:00
CUST003004,Customer 03004,customer03004@example.com,Delhi,Delhi,RETURNING,Affiliate,2025-03-05,2025-03-06 00:00:00
CUST003005,Customer 03005,customer03005@example.com,,Maharashtra,RETURNING,Paid Ads,2025-12-20,2026-01-11 00:00:00
CUST003006,Customer 03006,customer03006@example.com,Hyderabad,Telangana,RETURNING,Organic,2026-04-19,2026-05-06 00:00:00
CUST003007,Customer 03007,customer03007@example.com,Mumbai,Maharashtra,RETURNING,Affiliate,2026-04-30,2026-05-21 00:00:00
CUST003008,Customer 03008,customer03008@example.com,Noida,Uttar Pradesh,RETURNING,Email,2025-01-13,2025-02-10 00:00:00
CUST003009,Customer 03009,customer03009@example.com,Chennai,Tamil Nadu,RETURNING,Paid Ads,2025-06-02,2025-06-27 00:00:00
CUST003010,Customer 03010,customer03010@example.com,Ahmedabad,Gujarat,premium,Social,2025-08-27,2025-09-07 00:00:00
CUST003011,Customer 03011,customer03011@example.com,Delhi,Delhi,New,Direct,2025-07-09,2025-07-17 00:00:00
CUST003012,Customer 03012,customer03012@example.com,Pune,Maharashtra,RETURNING,Paid Ads,2025-03-27,2025-04-06 00:00:00
CUST003013,Customer 03013,customer03013@example.com,Jaipur,Rajasthan,New,Organic,2025-01-21,2025-01-25 00:00:00
CUST003014,Customer 03014,customer03014@example.com,Hyderabad,Telangana,New,Paid Ads,2025-11-15,2025-12-10 00:00:00
CUST003015,Customer 03015,customer03015@example.com,Noida,Uttar Pradesh,New,Social,2025-06-07,2025-06-13 00:00:00
CUST003016,Customer 03016,customer03016@example.com,Noida,Uttar Pradesh,RETURNING,Direct,2026-04-26,2026-05-24 00:00:00
CUST003017,Customer 03017,customer03017@example.com,Ahmedabad,Gujarat,premium,Email,2025-03-17,2025-03-17 00:00:00
CUST003018,Customer 03018,customer03018@example.com,Chennai,Tamil Nadu,New,Social,2025-11-25,2025-12-18 00:00:00
CUST003019,Customer 03019,customer03019@example.com,Kolkata,West Bengal,New,Paid Ads,2026-02-20,2026-03-16 00:00:00
CUST003020,Customer 03020,customer03020@example.com,Jaipur,Rajasthan,Dormant,Social,2025-07-22,2025-08-19 00:00:00
CUST003021,Customer 03021,customer03021@example.com,Ahmedabad,Gujarat,New,Paid Ads,2025-08-17,2025-08-21 00:00:00
CUST003022,Customer 03022,customer03022@example.com,Pune,Maharashtra,Dormant,Email,2025-06-01,2025-06-06 00:00:00
CUST003023,Customer 03023,customer03023@example.com,Mumbai,Maharashtra,New,Email,2025-03-13,2025-03-25 00:00:00
CUST003024,Customer 03024,customer03024@example.com,Bengaluru,Karnataka,premium,Organic,2025-08-13,2025-08-23 00:00:00
CUST003025,Customer 03025,customer03025@example.com,Kolkata,West Bengal,RETURNING,Email,2026-04-18,2026-04-25 00:00:00
CUST003026,Customer 03026,customer03026@example.com,Chennai,Tamil Nadu,Dormant,Affiliate,2025-12-26,2026-01-14 00:00:00
CUST003027,Customer 03027,customer03027@example.com,Hyderabad,Telangana,premium,Social,2026-06-24,2026-06-25 00:00:00
CUST003028,Customer 03028,customer03028@example.com,Kolkata,West Bengal,RETURNING,Social,2025-02-15,2025-03-01 00:00:00
CUST003029,Customer 03029,customer03029@example.com,Delhi,Delhi,New,Paid Ads,2025-01-01,2025-01-10 00:00:00
CUST003030,Customer 03030,,Chennai,Tamil Nadu,premium,Email,2025-09-02,2025-09-09 00:00:00
CUST003031,Customer 03031,customer03031@example.com,Mumbai,Maharashtra,RETURNING,Organic,2025-08-07,2025-08-08 00:00:00
CUST003032,Customer 03032,customer03032@example.com,Delhi,Delhi,New,Organic,2025-10-18,2025-11-07 00:00:00
CUST003033,Customer 03033,customer03033@example.com,Kolkata,West Bengal,New,Organic,2026-04-03,2026-04-17 00:00:00
CUST003034,Customer 03034,customer03034@example.com,Bengaluru,Karnataka,premium,Direct,2025-07-23,2025-08-20 00:00:00
CUST003035,Customer 03035,customer03035@example.com,Bengaluru,Karnataka,New,Affiliate,2025-07-21,2025-07-26 00:00:00
CUST003036,Customer 03036,customer03036@example.com,Mumbai,Maharashtra,RETURNING,Email,2026-07-20,2026-07-24 00:00:00
CUST003037,Customer 03037,customer03037@example.com,Noida,Uttar Pradesh,RETURNING,Organic,2026-04-27,2026-05-18 00:00:00
CUST003038,Customer 03038,customer03038@example.com,Jaipur,Rajasthan,Dormant,Affiliate,2026-05-26,2026-06-16 00:00:00
CUST003039,Customer 03039,customer03039@example.com,Hyderabad,Telangana,Dormant,Social,2025-10-05,2025-10-07 00:00:00
CUST003040,Customer 03040,customer03040@example.com,Noida,Uttar Pradesh,Dormant,Paid Ads,2025-01-16,2025-01-26 00:00:00
CUST003041,Customer 03041,customer03041@example.com,Bengaluru,Karnataka,New,Email,2026-06-09,2026-06-19 00:00:00
CUST003042,Customer 03042,customer03042@example.com,Bengaluru,Karnataka,Dormant,Email,2025-12-22,2026-01-06 00:00:00
CUST003043,Customer 03043,customer03043@example.com,Pune,Maharashtra,New,Direct,2025-12-22,2025-12-24 00:00:00
CUST003044,Customer 03044,customer03044@example.com,Delhi,Delhi,RETURNING,Social,2026-08-22,2026-08-30 00:00:00
CUST003045,Customer 03045,customer03045@example.com,Kolkata,West Bengal,RETURNING,Email,2025-03-19,2025-03-21 00:00:00
CUST003046,Customer 03046,customer03046@example.com,Hyderabad,Telangana,New,Direct,2025-03-08,2025-03-26 00:00:00
CUST003047,Customer 03047,customer03047@example.com,Mumbai,Maharashtra,Dormant,Direct,2025-08-02,2025-08-12 00:00:00
CUST003048,Customer 03048,customer03048@example.com,Kolkata,West Bengal,New,Direct,2026-03-25,2026-04-07 00:00:00
CUST003049,Customer 03049,customer03049@example.com,Pune,Maharashtra,RETURNING,Email,2026-03-09,2026-03-10 00:00:00
CUST003050,Customer 03050,customer03050@example.com,Bengaluru,Karnataka,premium,Email,2026-06-29,2026-07-05 00:00:00
CUST003051,Customer 03051,customer03051@example.com,Mumbai,Maharashtra,premium,Email,2025-04-25,2025-05-04 00:00:00
CUST003052,Customer 03052,customer03052@example.com,Bengaluru,Karnataka,New,Affiliate,2026-02-24,2026-03-05 00:00:00
CUST003053,Customer 03053,customer03053@example.com,Hyderabad,Telangana,RETURNING,Direct,2026-05-14,2026-06-02 00:00:00
CUST003054,Customer 03054,customer03054@example.com,Delhi,Delhi,premium,Affiliate,2026-01-15,2026-01-15 00:00:00
CUST003055,Customer 03055,customer03055@example.com,Kolkata,West Bengal,RETURNING,Paid Ads,2025-05-23,2025-05-28 00:00:00
CUST003056,Customer 03056,customer03056@example.com,Kolkata,West Bengal,RETURNING,Email,2025-01-24,2025-02-13 00:00:00
CUST003057,Customer 03057,customer03057@example.com,Noida,Uttar Pradesh,New,Social,2026-06-23,2026-07-06 00:00:00
CUST003058,Customer 03058,customer03058@example.com,Mumbai,Maharashtra,RETURNING,Organic,2025-03-16,2025-04-11 00:00:00
CUST003059,Customer 03059,customer03059@example.com,Jaipur,Rajasthan,Dormant,Paid Ads,2026-06-19,2026-06-20 00:00:00
CUST003060,Customer 03060,customer03060@example.com,Pune,Maharashtra,RETURNING,Organic,2025-02-10,2025-02-15 00:00:00
CUST003061,Customer 03061,customer03061@example.com,Jaipur,Rajasthan,RETURNING,Organic,2026-07-22,2026-07-22 00:00:00
CUST003062,Customer 03062,customer03062@example.com,Noida,Uttar Pradesh,RETURNING,Email,2026-02-17,2026-02-19 00:00:00
CUST003063,Customer 03063,customer03063@example.com,Hyderabad,Telangana,RETURNING,Social,2026-02-19,2026-02-22 00:00:00
CUST003064,Customer 03064,customer03064@example.com,Pune,Maharashtra,New,Organic,2026-03-25,2026-04-06 00:00:00
CUST003065,Customer 03065,customer03065@example.com,Delhi,Delhi,New,Direct,2026-03-12,2026-03-14 00:00:00
CUST003066,Customer 03066,customer03066@example.com,Jaipur,Rajasthan,RETURNING,Organic,2026-07-06,2026-07-20 00:00:00
CUST003067,Customer 03067,customer03067@example.com,Delhi,Delhi,RETURNING,Paid Ads,2025-08-27,2025-09-08 00:00:00
CUST003068,Customer 03068,customer03068@example.com,Jaipur,Rajasthan,RETURNING,Social,2025-02-11,2025-03-04 00:00:00
CUST003069,Customer 03069,customer03069@example.com,Delhi,Delhi,RETURNING,Social,2025-01-10,2025-01-20 00:00:00
CUST003070,Customer 03070,customer03070@example.com,Jaipur,Rajasthan,RETURNING,Organic,2025-09-22,2025-09-25 00:00:00
CUST003071,Customer 03071,customer03071@example.com,Delhi,Delhi,New,Social,2026-08-04,2026-09-02 00:00:00
CUST003072,Customer 03072,customer03072@example.com,Noida,Uttar Pradesh,Dormant,Paid Ads,2026-03-21,2026-04-06 00:00:00
CUST003073,Customer 03073,customer03073@example.com,Chennai,Tamil Nadu,RETURNING,Paid Ads,2025-05-19,2025-05-23 00:00:00
CUST003074,Customer 03074,customer03074@example.com,Pune,Maharashtra,New,Paid Ads,2025-07-15,2025-08-04 00:00:00
CUST003075,Customer 03075,customer03075@example.com,Mumbai,Maharashtra,New,Direct,2025-03-15,2025-04-08 00:00:00
CUST003076,Customer 03076,customer03076@example.com,Hyderabad,Telangana,Dormant,Email,2025-08-13,2025-09-05 00:00:00
CUST003077,Customer 03077,customer03077@example.com,Ahmedabad,Gujarat,New,Organic,2025-04-12,2025-04-19 00:00:00
CUST003078,Customer 03078,customer03078@example.com,Bengaluru,Karnataka,premium,Social,2025-09-21,2025-10-11 00:00:00
CUST003079,Customer 03079,customer03079@example.com,Mumbai,Maharashtra,New,Paid Ads,2025-06-10,2025-07-03 00:00:00
CUST003080,Customer 03080,customer03080@example.com,Bengaluru,Karnataka,Dormant,Organic,2025-08-21,2025-09-19 00:00:00
CUST003081,Customer 03081,customer03081@example.com,Pune,Maharashtra,Dormant,Organic,2026-05-06,2026-05-15 00:00:00
CUST003082,Customer 03082,customer03082@example.com,Mumbai,Maharashtra,RETURNING,Email,2025-11-07,2025-11-13 00:00:00
CUST003083,Customer 03083,customer03083@example.com,Delhi,Delhi,New,Direct,2025-08-15,2025-08-31 00:00:00
CUST003084,Customer 03084,customer03084@example.com,Delhi,Delhi,New,Social,2025-09-30,2025-10-27 00:00:00
CUST003085,Customer 03085,customer03085@example.com,Ahmedabad,Gujarat,RETURNING,Direct,2025-11-13,2025-11-19 00:00:00
CUST003086,Customer 03086,customer03086@example.com,Bengaluru,Karnataka,RETURNING,Social,2025-03-27,2025-04-22 00:00:00
CUST003087,Customer 03087,customer03087@example.com,Hyderabad,Telangana,New,Paid Ads,2025-10-18,2025-11-10 00:00:00
CUST003088,Customer 03088,customer03088@example.com,Pune,Maharashtra,New,Paid Ads,2026-04-14,2026-05-02 00:00:00
CUST003089,Customer 03089,customer03089@example.com,Delhi,Delhi,RETURNING,Organic,2026-08-01,2026-08-09 00:00:00
CUST003090,Customer 03090,customer03090@example.com,Chennai,Tamil Nadu,RETURNING,Social,2026-02-08,2026-03-03 00:00:00
CUST003091,Customer 03091,customer03091@example.com,Noida,Uttar Pradesh,New,Social,2026-03-03,2026-03-04 00:00:00
CUST003092,Customer 03092,customer03092@example.com,Noida,Uttar Pradesh,New,Direct,2026-01-10,2026-01-31 00:00:00
CUST003093,Customer 03093,customer03093@example.com,Jaipur,Rajasthan,Dormant,Paid Ads,2026-07-21,2026-08-09 00:00:00
CUST003094,Customer 03094,customer03094@example.com,Hyderabad,Telangana,RETURNING,Affiliate,2025-09-09,2025-09-27 00:00:00
CUST003095,Customer 03095,customer03095@example.com,Noida,Uttar Pradesh,premium,Organic,2026-06-17,2026-07-13 00:00:00
CUST003096,Customer 03096,customer03096@example.com,Jaipur,Rajasthan,RETURNING,Social,2025-11-03,2025-11-08 00:00:00
CUST003097,Customer 03097,customer03097@example.com,Bengaluru,Karnataka,New,Email,2026-03-06,2026-03-15 00:00:00
CUST003098,Customer 03098,customer03098@example.com,Delhi,Delhi,RETURNING,Email,2025-09-21,2025-10-03 00:00:00
CUST003099,Customer 03099,customer03099@example.com,Delhi,Delhi,RETURNING,Affiliate,2025-03-09,2025-04-02 00:00:00
CUST003100,Customer 03100,customer03100@example.com,Chennai,Tamil Nadu,premium,Paid Ads,2025-04-17,2025-04-18 00:00:00
CUST003101,Customer 03101,customer03101@example.com,Mumbai,Maharashtra,RETURNING,Paid Ads,2026-02-04,2026-02-13 00:00:00
CUST003102,Customer 03102,customer03102@example.com,Noida,Uttar Pradesh,New,Paid Ads,2026-08-02,2026-08-11 00:00:00
CUST003103,Customer 03103,customer03103@example.com,Bengaluru,Karnataka,Dormant,Direct,2025-07-18,2025-08-12 00:00:00
CUST003104,Customer 03104,customer03104@example.com,Kolkata,West Bengal,RETURNING,Email,2025-07-11,2025-07-15 00:00:00
CUST003105,Customer 03105,customer03105@example.com,Noida,Uttar Pradesh,Dormant,Paid Ads,2026-05-29,2026-06-19 00:00:00
CUST003106,Customer 03106,customer03106@example.com,Hyderabad,Telangana,Dormant,Email,2026-03-18,2026-03-21 00:00:00
CUST003107,Customer 03107,customer03107@example.com,Mumbai,Maharashtra,New,Affiliate,2025-01-01,2025-01-23 00:00:00
CUST003108,Customer 03108,customer03108@example.com,Noida,Uttar Pradesh,RETURNING,Organic,2025-12-24,2025-12-25 00:00:00
CUST003109,Customer 03109,customer03109@example.com,Bengaluru,Karnataka,RETURNING,Direct,2025-04-25,2025-05-01 00:00:00
CUST003110,Customer 03110,customer03110@example.com,Noida,Uttar Pradesh,RETURNING,Social,2026-08-23,2026-09-09 00:00:00
CUST003111,Customer 03111,customer03111@example.com,Hyderabad,Telangana,RETURNING,Affiliate,2025-07-16,2025-08-01 00:00:00
CUST003112,Customer 03112,customer03112@example.com,Kolkata,West Bengal,Dormant,Email,2025-10-01,2025-10-11 00:00:00
CUST003113,Customer 03113,customer03113@example.com,Pune,Maharashtra,premium,Affiliate,2025-06-09,2025-06-29 00:00:00
CUST003114,Customer 03114,customer03114@example.com,Ahmedabad,Gujarat,New,Social,2025-06-22,2025-07-09 00:00:00
CUST003115,Customer 03115,customer03115@example.com,Kolkata,West Bengal,New,Direct,2026-06-29,2026-07-06 00:00:00
CUST003116,Customer 03116,customer03116@example.com,Jaipur,Rajasthan,RETURNING,Organic,2026-04-03,2026-04-30 00:00:00
CUST003117,Customer 03117,customer03117@example.com,Noida,Uttar Pradesh,New,Social,2026-08-08,2026-09-04 00:00:00
CUST003118,Customer 03118,customer03118@example.com,Delhi,Delhi,premium,Direct,2026-03-09,2026-03-20 00:00:00
CUST003119,Customer 03119,customer03119@example.com,Chennai,Tamil Nadu,RETURNING,Email,2026-04-26,2026-05-19 00:00:00
CUST003120,Customer 03120,customer03120@example.com,Delhi,Delhi,RETURNING,Social,2026-03-31,2026-03-31 00:00:00
CUST003121,Customer 03121,customer03121@example.com,Kolkata,West Bengal,New,Affiliate,2025-07-15,2025-08-03 00:00:00
CUST003122,Customer 03122,customer03122@example.com,Delhi,Delhi,premium,Paid Ads,2026-08-22,2026-09-20 00:00:00
CUST003123,Customer 03123,customer03123@example.com,Bengaluru,Karnataka,New,Affiliate,2025-11-05,2025-11-29 00:00:00
CUST003124,Customer 03124,customer03124@example.com,Delhi,Delhi,premium,Email,2026-07-10,2026-07-30 00:00:00
CUST003125,Customer 03125,customer03125@example.com,Mumbai,Maharashtra,RETURNING,Organic,2026-05-09,2026-05-20 00:00:00
CUST003126,Customer 03126,customer03126@example.com,,Maharashtra,premium,Social,2026-03-15,2026-04-10 00:00:00
CUST003127,Customer 03127,customer03127@example.com,Noida,Uttar Pradesh,RETURNING,Organic,2025-12-25,2026-01-19 00:00:00
CUST003128,Customer 03128,customer03128@example.com,Delhi,Delhi,New,Email,2025-02-05,2025-03-05 00:00:00
CUST003129,Customer 03129,customer03129@example.com,Hyderabad,Telangana,premium,Social,2025-02-03,2025-02-08 00:00:00
CUST003130,Customer 03130,customer03130@example.com,Pune,Maharashtra,New,Direct,2025-03-29,2025-03-31 00:00:00
CUST003131,Customer 03131,customer03131@example.com,Pune,Maharashtra,RETURNING,Direct,2025-01-16,2025-01-20 00:00:00
CUST003132,Customer 03132,customer03132@example.com,Delhi,Delhi,New,Affiliate,2026-02-25,2026-03-10 00:00:00
CUST003133,Customer 03133,customer03133@example.com,Pune,Maharashtra,premium,Affiliate,2026-07-07,2026-07-18 00:00:00
CUST003134,Customer 03134,customer03134@example.com,Chennai,Tamil Nadu,Dormant,Email,2025-05-06,2025-05-18 00:00:00
CUST003135,Customer 03135,customer03135@example.com,Delhi,Delhi,RETURNING,Direct,2025-01-08,2025-01-20 00:00:00
CUST003136,Customer 03136,customer03136@example.com,Bengaluru,Karnataka,RETURNING,Social,2026-04-17,2026-05-15 00:00:00
CUST003137,Customer 03137,customer03137@example.com,Kolkata,West Bengal,premium,Direct,2026-04-13,2026-04-29 00:00:00
CUST003138,Customer 03138,,Mumbai,Maharashtra,New,Affiliate,2026-05-25,2026-06-17 00:00:00
CUST003139,Customer 03139,customer03139@example.com,Ahmedabad,Gujarat,Dormant,Email,2026-02-06,2026-03-04 00:00:00
CUST003140,Customer 03140,customer03140@example.com,Jaipur,Rajasthan,New,Direct,2025-06-25,2025-07-09 00:00:00
CUST003141,Customer 03141,customer03141@example.com,Pune,Maharashtra,Dormant,Email,2026-01-02,2026-01-07 00:00:00
CUST003142,Customer 03142,customer03142@example.com,Bengaluru,Karnataka,premium,Direct,2026-05-03,2026-05-14 00:00:00
CUST003143,Customer 03143,customer03143@example.com,Noida,Uttar Pradesh,premium,Organic,2025-01-18,2025-01-19 00:00:00
CUST003144,Customer 03144,customer03144@example.com,Noida,Uttar Pradesh,RETURNING,Direct,2025-02-25,2025-02-28 00:00:00
CUST003145,Customer 03145,customer03145@example.com,Jaipur,Rajasthan,RETURNING,Affiliate,2025-02-04,2025-02-23 00:00:00
CUST003146,Customer 03146,customer03146@example.com,Mumbai,Maharashtra,RETURNING,Social,2026-07-27,2026-08-20 00:00:00
CUST003147,Customer 03147,customer03147@example.com,Pune,Maharashtra,New,Affiliate,2026-08-23,2026-09-16 00:00:00
CUST003148,Customer 03148,customer03148@example.com,Chennai,Tamil Nadu,RETURNING,Affiliate,2025-12-13,2026-01-02 00:00:00
CUST003149,Customer 03149,customer03149@example.com,Jaipur,Rajasthan,RETURNING,Affiliate,2025-02-01,2025-02-12 00:00:00
CUST003150,Customer 03150,customer03150@example.com,Mumbai,Maharashtra,Dormant,Email,2025-05-13,2025-05-15 00:00:00
CUST003151,Customer 03151,,Pune,Maharashtra,RETURNING,Paid Ads,2026-07-30,2026-08-15 00:00:00
CUST003152,Customer 03152,customer03152@example.com,Bengaluru,Karnataka,New,Paid Ads,2025-07-18,2025-07-23 00:00:00
CUST003153,Customer 03153,customer03153@example.com,Kolkata,West Bengal,RETURNING,Organic,2025-09-13,2025-10-06 00:00:00
CUST003154,Customer 03154,customer03154@example.com,Chennai,Tamil Nadu,RETURNING,Affiliate,2025-12-08,2025-12-24 00:00:00
CUST003155,Customer 03155,customer03155@example.com,Ahmedabad,Gujarat,New,Paid Ads,2025-08-19,2025-09-14 00:00:00
CUST003156,Customer 03156,customer03156@example.com,Noida,Uttar Pradesh,New,Organic,2025-10-28,2025-11-13 00:00:00
CUST003157,Customer 03157,customer03157@example.com,,Telangana,premium,Email,2026-07-01,2026-07-11 00:00:00
CUST003158,Customer 03158,customer03158@example.com,Bengaluru,Karnataka,RETURNING,Affiliate,2025-01-26,2025-02-17 00:00:00
CUST003159,Customer 03159,customer03159@example.com,Noida,Uttar Pradesh,RETURNING,Social,2026-06-19,2026-06-25 00:00:00
CUST003160,Customer 03160,customer03160@example.com,Delhi,Delhi,RETURNING,Email,2026-04-19,2026-04-20 00:00:00
CUST003161,Customer 03161,customer03161@example.com,Hyderabad,Telangana,premium,Organic,2026-01-22,2026-02-09 00:00:00
CUST003162,Customer 03162,customer03162@example.com,Noida,Uttar Pradesh,New,Email,2025-10-12,2025-10-13 00:00:00
CUST003163,Customer 03163,customer03163@example.com,Mumbai,Maharashtra,premium,Social,2026-03-26,2026-04-16 00:00:00
CUST003164,Customer 03164,customer03164@example.com,Chennai,Tamil Nadu,New,Email,2025-11-16,2025-12-14 00:00:00
CUST003165,Customer 03165,customer03165@example.com,Noida,Uttar Pradesh,Dormant,Organic,2025-06-05,2025-06-17 00:00:00
CUST003166,Customer 03166,customer03166@example.com,Ahmedabad,Gujarat,RETURNING,Social,2026-04-16,2026-05-09 00:00:00
CUST003167,Customer 03167,customer03167@example.com,Kolkata,West Bengal,RETURNING,Social,2026-02-24,2026-03-19 00:00:00
CUST003168,Customer 03168,customer03168@example.com,Mumbai,Maharashtra,RETURNING,Email,2025-04-23,2025-05-08 00:00:00
CUST003169,Customer 03169,customer03169@example.com,Bengaluru,Karnataka,RETURNING,Social,2026-02-26,2026-03-14 00:00:00
CUST003170,Customer 03170,customer03170@example.com,Bengaluru,Karnataka,New,Email,2026-08-21,2026-08-31 00:00:00
CUST003171,Customer 03171,customer03171@example.com,Bengaluru,Karnataka,premium,Affiliate,2025-10-12,2025-10-20 00:00:00
CUST003172,Customer 03172,customer03172@example.com,Bengaluru,Karnataka,New,Social,2026-07-26,2026-08-21 00:00:00
CUST003173,Customer 03173,customer03173@example.com,Kolkata,West Bengal,Dormant,Email,2025-02-23,2025-03-18 00:00:00
CUST003174,Customer 03174,customer03174@example.com,Noida,Uttar Pradesh,premium,Affiliate,2025-11-21,2025-11-29 00:00:00
CUST003175,Customer 03175,customer03175@example.com,Pune,Maharashtra,RETURNING,Social,2026-04-03,2026-05-01 00:00:00
CUST003176,Customer 03176,customer03176@example.com,Noida,Uttar Pradesh,premium,Affiliate,2025-09-22,2025-10-05 00:00:00
CUST003177,Customer 03177,customer03177@example.com,Delhi,Delhi,RETURNING,Direct,2026-01-17,2026-01-29 00:00:00
CUST003178,Customer 03178,customer03178@example.com,Chennai,Tamil Nadu,New,Social,2025-08-01,2025-08-25 00:00:00
CUST003179,Customer 03179,customer03179@example.com,Hyderabad,Telangana,Dormant,Direct,2025-11-29,2025-12-09 00:00:00
CUST003180,Customer 03180,customer03180@example.com,Pune,Maharashtra,RETURNING,Organic,2025-01-10,2025-01-21 00:00:00
CUST003181,Customer 03181,customer03181@example.com,Pune,Maharashtra,RETURNING,Organic,2025-12-24,2026-01-14 00:00:00
CUST003182,Customer 03182,customer03182@example.com,Noida,Uttar Pradesh,RETURNING,Email,2025-07-22,2025-07-24 00:00:00
CUST003183,Customer 03183,customer03183@example.com,Pune,Maharashtra,RETURNING,Paid Ads,2025-02-27,2025-02-27 00:00:00
CUST003184,Customer 03184,customer03184@example.com,Jaipur,Rajasthan,Dormant,Direct,2026-05-09,2026-06-04 00:00:00
CUST003185,Customer 03185,customer03185@example.com,Jaipur,Rajasthan,New,Direct,2026-05-25,2026-06-01 00:00:00
CUST003186,Customer 03186,customer03186@example.com,Delhi,Delhi,RETURNING,Organic,2025-08-11,2025-09-05 00:00:00
CUST003187,Customer 03187,customer03187@example.com,Hyderabad,Telangana,RETURNING,Direct,2026-01-04,2026-01-22 00:00:00
CUST003188,Customer 03188,customer03188@example.com,Ahmedabad,Gujarat,RETURNING,Paid Ads,2026-02-22,2026-03-06 00:00:00
CUST003189,Customer 03189,customer03189@example.com,,West Bengal,RETURNING,Affiliate,2026-07-01,2026-07-07 00:00:00
CUST003190,Customer 03190,customer03190@example.com,Noida,Uttar Pradesh,New,Affiliate,2025-04-13,2025-04-25 00:00:00
CUST003191,Customer 03191,customer03191@example.com,Kolkata,West Bengal,New,Paid Ads,2025-06-10,2025-07-05 00:00:00
CUST003192,Customer 03192,,Ahmedabad,Gujarat,New,Direct,2025-07-19,2025-07-24 00:00:00
CUST003193,Customer 03193,customer03193@example.com,Noida,Uttar Pradesh,Dormant,Direct,2025-06-09,2025-06-11 00:00:00
CUST003194,Customer 03194,customer03194@example.com,Noida,Uttar Pradesh,New,Direct,2025-05-16,2025-05-21 00:00:00
CUST003195,Customer 03195,customer03195@example.com,Hyderabad,Telangana,premium,Email,2026-02-02,2026-03-01 00:00:00
CUST003196,Customer 03196,customer03196@example.com,Kolkata,West Bengal,premium,Social,2026-01-27,2026-01-29 00:00:00
CUST003197,Customer 03197,customer03197@example.com,Jaipur,Rajasthan,premium,Paid Ads,2025-04-16,2025-04-28 00:00:00
CUST003198,Customer 03198,customer03198@example.com,Bengaluru,Karnataka,Dormant,Paid Ads,2026-08-06,2026-08-18 00:00:00
CUST003199,Customer 03199,customer03199@example.com,Kolkata,West Bengal,New,Paid Ads,2026-08-12,2026-09-10 00:00:00
CUST003200,Customer 03200,customer03200@example.com,Chennai,Tamil Nadu,New,Paid Ads,2025-02-23,2025-03-19 00:00:00
CUST003201,Customer 03201,,Chennai,Tamil Nadu,RETURNING,Paid Ads,2025-10-04,2025-10-16 00:00:00
CUST003202,Customer 03202,customer03202@example.com,Noida,Uttar Pradesh,New,Direct,2025-04-21,2025-04-21 00:00:00
CUST003203,Customer 03203,customer03203@example.com,Bengaluru,Karnataka,premium,Email,2025-08-12,2025-09-09 00:00:00
CUST003204,Customer 03204,customer03204@example.com,Mumbai,Maharashtra,RETURNING,Organic,2025-03-16,2025-03-23 00:00:00
CUST003205,Customer 03205,customer03205@example.com,Ahmedabad,Gujarat,Dormant,Direct,2026-05-21,2026-05-25 00:00:00
CUST003206,Customer 03206,customer03206@example.com,Delhi,Delhi,New,Direct,2025-01-14,2025-02-02 00:00:00
CUST003207,Customer 03207,customer03207@example.com,Bengaluru,Karnataka,Dormant,Social,2026-04-27,2026-05-13 00:00:00
CUST003208,Customer 03208,customer03208@example.com,Delhi,Delhi,New,Organic,2025-07-08,2025-07-16 00:00:00
CUST003209,Customer 03209,customer03209@example.com,Kolkata,West Bengal,RETURNING,Paid Ads,2025-12-30,2026-01-11 00:00:00
CUST003210,Customer 03210,customer03210@example.com,Kolkata,West Bengal,RETURNING,Organic,2025-08-27,2025-09-20 00:00:00
CUST003211,Customer 03211,customer03211@example.com,Delhi,Delhi,premium,Email,2026-02-05,2026-02-17 00:00:00
CUST003212,Customer 03212,customer03212@example.com,Ahmedabad,Gujarat,RETURNING,Affiliate,2025-10-31,2025-11-04 00:00:00
CUST003213,Customer 03213,customer03213@example.com,Bengaluru,Karnataka,Dormant,Direct,2025-04-01,2025-04-14 00:00:00
CUST003214,Customer 03214,customer03214@example.com,Mumbai,Maharashtra,Dormant,Organic,2026-01-27,2026-02-06 00:00:00
CUST003215,Customer 03215,,Noida,Uttar Pradesh,Dormant,Social,2025-07-03,2025-07-27 00:00:00
CUST003216,Customer 03216,customer03216@example.com,Hyderabad,Telangana,New,Email,2025-01-17,2025-02-11 00:00:00
CUST003217,Customer 03217,customer03217@example.com,Kolkata,West Bengal,Dormant,Affiliate,2025-01-12,2025-01-25 00:00:00
CUST003218,Customer 03218,customer03218@example.com,Chennai,Tamil Nadu,premium,Email,2025-06-15,2025-07-09 00:00:00
CUST003219,Customer 03219,customer03219@example.com,Ahmedabad,Gujarat,New,Paid Ads,2025-05-26,2025-06-01 00:00:00
CUST003220,Customer 03220,customer03220@example.com,Hyderabad,Telangana,New,Affiliate,2025-10-09,2025-11-01 00:00:00
CUST003221,Customer 03221,customer03221@example.com,Mumbai,Maharashtra,New,Social,2026-07-03,2026-07-19 00:00:00
CUST003222,Customer 03222,customer03222@example.com,Pune,Maharashtra,New,Affiliate,2026-08-05,2026-08-08 00:00:00
CUST003223,Customer 03223,customer03223@example.com,Noida,Uttar Pradesh,RETURNING,Social,2025-06-18,2025-06-27 00:00:00
CUST003224,Customer 03224,customer03224@example.com,Kolkata,West Bengal,Dormant,Paid Ads,2025-06-19,2025-06-28 00:00:00
CUST003225,Customer 03225,customer03225@example.com,Noida,Uttar Pradesh,RETURNING,Social,2025-12-12,2025-12-26 00:00:00
CUST003226,Customer 03226,customer03226@example.com,Hyderabad,Telangana,RETURNING,Email,2026-05-14,2026-06-02 00:00:00
CUST003227,Customer 03227,customer03227@example.com,Noida,Uttar Pradesh,Dormant,Organic,2026-04-05,2026-04-16 00:00:00
CUST003228,Customer 03228,customer03228@example.com,Pune,Maharashtra,New,Email,2025-10-24,2025-11-01 00:00:00
CUST003229,Customer 03229,customer03229@example.com,Hyderabad,Telangana,Dormant,Direct,2025-05-22,2025-05-24 00:00:00
CUST003230,Customer 03230,customer03230@example.com,Kolkata,West Bengal,RETURNING,Email,2025-02-22,2025-03-08 00:00:00
CUST003231,Customer 03231,customer03231@example.com,Bengaluru,Karnataka,RETURNING,Affiliate,2025-04-28,2025-05-09 00:00:00
CUST003232,Customer 03232,customer03232@example.com,Chennai,Tamil Nadu,RETURNING,Paid Ads,2025-12-31,2026-01-25 00:00:00
CUST003233,Customer 03233,customer03233@example.com,Hyderabad,Telangana,RETURNING,Direct,2025-05-16,2025-05-30 00:00:00
CUST003234,Customer 03234,,Jaipur,Rajasthan,New,Direct,2026-02-18,2026-03-15 00:00:00
CUST003235,Customer 03235,customer03235@example.com,Pune,Maharashtra,premium,Direct,2025-03-18,2025-03-18 00:00:00
CUST003236,Customer 03236,customer03236@example.com,Hyderabad,Telangana,New,Organic,2026-07-11,2026-07-25 00:00:00
CUST003237,Customer 03237,customer03237@example.com,Hyderabad,Telangana,Dormant,Social,2025-01-18,2025-01-28 00:00:00
CUST003238,Customer 03238,customer03238@example.com,Jaipur,Rajasthan,RETURNING,Affiliate,2026-02-07,2026-02-11 00:00:00
CUST003239,Customer 03239,customer03239@example.com,Kolkata,West Bengal,New,Paid Ads,2025-07-24,2025-07-30 00:00:00
CUST003240,Customer 03240,customer03240@example.com,Hyderabad,Telangana,RETURNING,Organic,2026-05-14,2026-05-25 00:00:00
CUST003241,Customer 03241,customer03241@example.com,Chennai,Tamil Nadu,New,Email,2025-11-20,2025-12-09 00:00:00
CUST003242,Customer 03242,customer03242@example.com,Noida,Uttar Pradesh,premium,Paid Ads,2026-08-18,2026-09-11 00:00:00
CUST003243,Customer 03243,customer03243@example.com,Kolkata,West Bengal,Dormant,Direct,2026-07-16,2026-07-21 00:00:00
CUST003244,Customer 03244,customer03244@example.com,Chennai,Tamil Nadu,premium,Paid Ads,2025-10-08,2025-10-29 00:00:00
CUST003245,Customer 03245,customer03245@example.com,Kolkata,West Bengal,New,Paid Ads,2025-06-15,2025-06-17 00:00:00
CUST003246,Customer 03246,customer03246@example.com,Chennai,Tamil Nadu,RETURNING,Email,2025-08-31,2025-09-09 00:00:00
CUST003247,Customer 03247,customer03247@example.com,Pune,Maharashtra,RETURNING,Social,2026-04-24,2026-05-19 00:00:00
CUST003248,Customer 03248,customer03248@example.com,Chennai,Tamil Nadu,premium,Affiliate,2025-06-13,2025-07-03 00:00:00
CUST003249,Customer 03249,customer03249@example.com,Delhi,Delhi,New,Direct,2025-11-20,2025-12-15 00:00:00
CUST003250,Customer 03250,customer03250@example.com,Chennai,Tamil Nadu,RETURNING,Social,2026-07-22,2026-08-12 00:00:00
CUST003251,Customer 03251,customer03251@example.com,Bengaluru,Karnataka,RETURNING,Organic,2026-07-05,2026-08-03 00:00:00
CUST003252,Customer 03252,customer03252@example.com,Bengaluru,Karnataka,New,Direct,2025-07-27,2025-07-30 00:00:00
CUST003253,Customer 03253,customer03253@example.com,Ahmedabad,Gujarat,RETURNING,Affiliate,2025-11-11,2025-11-23 00:00:00
CUST003254,Customer 03254,customer03254@example.com,Delhi,Delhi,RETURNING,Organic,2025-10-31,2025-11-18 00:00:00
CUST003255,Customer 03255,customer03255@example.com,Delhi,Delhi,premium,Email,2025-08-27,2025-08-31 00:00:00
CUST003256,Customer 03256,customer03256@example.com,Noida,Uttar Pradesh,Dormant,Social,2025-08-12,2025-09-03 00:00:00
CUST003257,Customer 03257,customer03257@example.com,Delhi,Delhi,RETURNING,Direct,2025-03-29,2025-04-24 00:00:00
CUST003258,Customer 03258,customer03258@example.com,Noida,Uttar Pradesh,RETURNING,Paid Ads,2026-06-21,2026-07-12 00:00:00
CUST003259,Customer 03259,customer03259@example.com,Ahmedabad,Gujarat,New,Affiliate,2026-03-05,2026-03-22 00:00:00
CUST003260,Customer 03260,customer03260@example.com,Ahmedabad,Gujarat,Dormant,Direct,2025-08-08,2025-08-08 00:00:00
CUST003261,Customer 03261,customer03261@example.com,Pune,Maharashtra,Dormant,Paid Ads,2025-10-02,2025-10-22 00:00:00
CUST003262,Customer 03262,customer03262@example.com,Bengaluru,Karnataka,Dormant,Direct,2025-03-07,2025-03-27 00:00:00
CUST003263,Customer 03263,customer03263@example.com,Chennai,Tamil Nadu,premium,Organic,2026-08-15,2026-09-11 00:00:00
CUST003264,Customer 03264,customer03264@example.com,Chennai,Tamil Nadu,RETURNING,Paid Ads,2026-02-27,2026-03-14 00:00:00
CUST003265,Customer 03265,customer03265@example.com,Jaipur,Rajasthan,premium,Paid Ads,2025-09-12,2025-09-27 00:00:00
CUST003266,Customer 03266,customer03266@example.com,Jaipur,Rajasthan,RETURNING,Direct,2025-05-05,2025-05-20 00:00:00
CUST003267,Customer 03267,customer03267@example.com,Mumbai,Maharashtra,RETURNING,Email,2025-05-26,2025-06-22 00:00:00
CUST003268,Customer 03268,customer03268@example.com,Kolkata,West Bengal,premium,Email,2026-01-20,2026-02-10 00:00:00
CUST003269,Customer 03269,customer03269@example.com,Pune,Maharashtra,New,Social,2026-03-23,2026-04-10 00:00:00
CUST003270,Customer 03270,customer03270@example.com,Mumbai,Maharashtra,New,Organic,2026-01-22,2026-02-06 00:00:00
CUST003271,Customer 03271,customer03271@example.com,Mumbai,Maharashtra,RETURNING,Email,2026-01-18,2026-01-18 00:00:00
CUST003272,Customer 03272,customer03272@example.com,Hyderabad,Telangana,RETURNING,Direct,2025-10-04,2025-10-23 00:00:00
CUST003273,Customer 03273,customer03273@example.com,Hyderabad,Telangana,Dormant,Email,2026-01-17,2026-02-05 00:00:00
CUST003274,Customer 03274,customer03274@example.com,Mumbai,Maharashtra,New,Social,2025-05-04,2025-05-13 00:00:00
CUST003275,Customer 03275,customer03275@example.com,Delhi,Delhi,New,Affiliate,2025-09-24,2025-09-25 00:00:00
CUST003276,Customer 03276,customer03276@example.com,Kolkata,West Bengal,New,Social,2025-04-21,2025-05-04 00:00:00
CUST003277,Customer 03277,customer03277@example.com,Pune,Maharashtra,New,Paid Ads,2026-01-16,2026-01-23 00:00:00
CUST003278,Customer 03278,customer03278@example.com,Mumbai,Maharashtra,New,Paid Ads,2025-06-07,2025-06-12 00:00:00
CUST003279,Customer 03279,customer03279@example.com,Chennai,Tamil Nadu,RETURNING,Email,2026-07-02,2026-07-29 00:00:00
CUST003280,Customer 03280,customer03280@example.com,Kolkata,West Bengal,RETURNING,Email,2026-08-22,2026-08-24 00:00:00
CUST003281,Customer 03281,customer03281@example.com,Hyderabad,Telangana,premium,Social,2025-04-28,2025-05-13 00:00:00
CUST003282,Customer 03282,customer03282@example.com,Chennai,Tamil Nadu,Dormant,Social,2025-11-24,2025-12-10 00:00:00
CUST003283,Customer 03283,customer03283@example.com,Hyderabad,Telangana,RETURNING,Direct,2025-03-09,2025-03-20 00:00:00
CUST003284,Customer 03284,customer03284@example.com,Hyderabad,Telangana,New,Organic,2026-03-10,2026-04-05 00:00:00
CUST003285,Customer 03285,customer03285@example.com,Kolkata,West Bengal,New,Direct,2025-12-25,2026-01-12 00:00:00
CUST003286,Customer 03286,customer03286@example.com,Hyderabad,Telangana,Dormant,Paid Ads,2026-03-19,2026-04-11 00:00:00
CUST003287,Customer 03287,customer03287@example.com,Ahmedabad,Gujarat,RETURNING,Direct,2025-06-13,2025-07-02 00:00:00
CUST003288,Customer 03288,customer03288@example.com,Bengaluru,Karnataka,premium,Social,2025-12-27,2025-12-29 00:00:00
CUST003289,Customer 03289,customer03289@example.com,Ahmedabad,Gujarat,Dormant,Direct,2026-08-08,2026-08-20 00:00:00
CUST003290,Customer 03290,customer03290@example.com,Bengaluru,Karnataka,Dormant,Affiliate,2025-04-29,2025-05-14 00:00:00
CUST003291,Customer 03291,customer03291@example.com,Jaipur,Rajasthan,Dormant,Organic,2025-07-14,2025-07-24 00:00:00
CUST003292,Customer 03292,customer03292@example.com,Jaipur,Rajasthan,RETURNING,Social,2026-08-11,2026-08-30 00:00:00
CUST003293,Customer 03293,customer03293@example.com,Hyderabad,Telangana,RETURNING,Email,2025-08-29,2025-09-24 00:00:00
CUST003294,Customer 03294,customer03294@example.com,Pune,Maharashtra,Dormant,Direct,2026-05-24,2026-06-08 00:00:00
CUST003295,Customer 03295,customer03295@example.com,Pune,Maharashtra,RETURNING,Social,2026-07-19,2026-08-07 00:00:00
CUST003296,Customer 03296,customer03296@example.com,Bengaluru,Karnataka,New,Email,2025-05-22,2025-05-23 00:00:00
CUST003297,Customer 03297,customer03297@example.com,Chennai,Tamil Nadu,RETURNING,Email,2025-01-31,2025-02-03 00:00:00
CUST003298,Customer 03298,customer03298@example.com,Kolkata,West Bengal,RETURNING,Paid Ads,2025-08-11,2025-09-06 00:00:00
CUST003299,Customer 03299,customer03299@example.com,Hyderabad,Telangana,Dormant,Paid Ads,2025-09-23,2025-10-20 00:00:00
CUST003300,Customer 03300,customer03300@example.com,Kolkata,West Bengal,RETURNING,Social,2025-10-09,2025-11-02 00:00:00
CUST003301,Customer 03301,customer03301@example.com,Ahmedabad,Gujarat,RETURNING,Social,2026-01-16,2026-01-19 00:00:00
CUST003302,Customer 03302,customer03302@example.com,Pune,Maharashtra,Dormant,Affiliate,2026-07-10,2026-08-06 00:00:00
CUST003303,Customer 03303,customer03303@example.com,Delhi,Delhi,premium,Organic,2025-03-03,2025-03-19 00:00:00
CUST003304,Customer 03304,customer03304@example.com,Ahmedabad,Gujarat,RETURNING,Organic,2026-06-05,2026-06-05 00:00:00
CUST003305,Customer 03305,customer03305@example.com,Ahmedabad,Gujarat,New,Social,2025-03-12,2025-03-12 00:00:00
CUST003306,Customer 03306,customer03306@example.com,Bengaluru,Karnataka,RETURNING,Paid Ads,2026-06-20,2026-07-19 00:00:00
CUST003307,Customer 03307,customer03307@example.com,Noida,Uttar Pradesh,RETURNING,Direct,2025-05-20,2025-05-24 00:00:00
CUST003308,Customer 03308,customer03308@example.com,Ahmedabad,Gujarat,New,Affiliate,2025-11-12,2025-12-03 00:00:00
CUST003309,Customer 03309,customer03309@example.com,Hyderabad,Telangana,New,Organic,2025-12-06,2025-12-17 00:00:00
CUST003310,Customer 03310,customer03310@example.com,Mumbai,Maharashtra,premium,Social,2026-08-13,2026-08-18 00:00:00
CUST003311,Customer 03311,customer03311@example.com,,Maharashtra,RETURNING,Paid Ads,2026-06-12,2026-06-17 00:00:00
CUST003312,Customer 03312,customer03312@example.com,Hyderabad,Telangana,RETURNING,Paid Ads,2026-06-25,2026-07-19 00:00:00
CUST003313,Customer 03313,customer03313@example.com,Noida,Uttar Pradesh,New,Paid Ads,2026-02-20,2026-03-08 00:00:00
CUST003314,Customer 03314,customer03314@example.com,Noida,Uttar Pradesh,RETURNING,Direct,2026-04-12,2026-05-07 00:00:00
CUST003315,Customer 03315,customer03315@example.com,Bengaluru,Karnataka,premium,Email,2026-01-10,2026-01-31 00:00:00
CUST003316,Customer 03316,customer03316@example.com,Pune,Maharashtra,New,Direct,2025-10-18,2025-10-30 00:00:00
CUST003317,Customer 03317,customer03317@example.com,,West Bengal,New,Paid Ads,2025-02-12,2025-02-19 00:00:00
CUST003318,Customer 03318,customer03318@example.com,Noida,Uttar Pradesh,RETURNING,Social,2025-02-22,2025-03-17 00:00:00
CUST003319,Customer 03319,customer03319@example.com,Delhi,Delhi,Dormant,Affiliate,2025-08-20,2025-08-31 00:00:00
CUST003320,Customer 03320,customer03320@example.com,Bengaluru,Karnataka,RETURNING,Direct,2025-07-31,2025-08-14 00:00:00
CUST003321,Customer 03321,customer03321@example.com,Jaipur,Rajasthan,New,Social,2025-01-08,2025-01-26 00:00:00
CUST003322,Customer 03322,customer03322@example.com,,Tamil Nadu,RETURNING,Paid Ads,2026-04-28,2026-05-26 00:00:00
CUST003323,Customer 03323,customer03323@example.com,Jaipur,Rajasthan,Dormant,Affiliate,2025-02-11,2025-03-03 00:00:00
CUST003324,Customer 03324,customer03324@example.com,Bengaluru,Karnataka,New,Organic,2025-11-29,2025-12-24 00:00:00
CUST003325,Customer 03325,customer03325@example.com,Ahmedabad,Gujarat,RETURNING,Organic,2025-08-21,2025-09-09 00:00:00
CUST003326,Customer 03326,customer03326@example.com,Kolkata,West Bengal,RETURNING,Social,2025-03-11,2025-04-07 00:00:00
CUST003327,Customer 03327,customer03327@example.com,Chennai,Tamil Nadu,New,Affiliate,2025-01-16,2025-02-01 00:00:00
CUST003328,Customer 03328,customer03328@example.com,Jaipur,Rajasthan,premium,Social,2025-03-10,2025-03-18 00:00:00
CUST003329,Customer 03329,customer03329@example.com,Chennai,Tamil Nadu,premium,Affiliate,2025-02-22,2025-03-14 00:00:00
CUST003330,Customer 03330,customer03330@example.com,Delhi,Delhi,RETURNING,Affiliate,2026-01-14,2026-01-31 00:00:00
CUST003331,Customer 03331,customer03331@example.com,,Delhi,New,Social,2026-04-08,2026-05-05 00:00:00
CUST003332,Customer 03332,customer03332@example.com,Delhi,Delhi,New,Affiliate,2026-06-11,2026-06-12 00:00:00
CUST003333,Customer 03333,customer03333@example.com,Bengaluru,Karnataka,RETURNING,Direct,2025-03-04,2025-03-14 00:00:00
CUST003334,Customer 03334,customer03334@example.com,Kolkata,West Bengal,RETURNING,Paid Ads,2025-09-18,2025-10-10 00:00:00
CUST003335,Customer 03335,customer03335@example.com,Bengaluru,Karnataka,New,Affiliate,2026-05-15,2026-06-03 00:00:00
CUST003336,Customer 03336,customer03336@example.com,Mumbai,Maharashtra,New,Direct,2025-05-01,2025-05-17 00:00:00
CUST003337,Customer 03337,customer03337@example.com,Ahmedabad,Gujarat,New,Affiliate,2025-08-28,2025-09-17 00:00:00
CUST003338,Customer 03338,customer03338@example.com,Ahmedabad,Gujarat,Dormant,Direct,2026-04-10,2026-04-27 00:00:00
CUST003339,Customer 03339,customer03339@example.com,Delhi,Delhi,premium,Social,2025-04-17,2025-05-01 00:00:00
CUST003340,Customer 03340,customer03340@example.com,Mumbai,Maharashtra,Dormant,Organic,2025-06-29,2025-07-05 00:00:00
CUST003341,Customer 03341,customer03341@example.com,Noida,Uttar Pradesh,New,Email,2025-01-16,2025-01-31 00:00:00
CUST003342,Customer 03342,customer03342@example.com,Noida,Uttar Pradesh,Dormant,Affiliate,2025-12-21,2026-01-14 00:00:00
CUST003343,Customer 03343,customer03343@example.com,Delhi,Delhi,New,Email,2025-11-05,2025-12-03 00:00:00
CUST003344,Customer 03344,customer03344@example.com,Jaipur,Rajasthan,RETURNING,Affiliate,2026-08-12,2026-08-12 00:00:00
CUST003345,Customer 03345,customer03345@example.com,Bengaluru,Karnataka,premium,Social,2025-06-30,2025-07-27 00:00:00
CUST003346,Customer 03346,customer03346@example.com,Delhi,Delhi,RETURNING,Social,2025-06-23,2025-07-10 00:00:00
CUST003347,Customer 03347,customer03347@example.com,Pune,Maharashtra,RETURNING,Direct,2025-12-20,2026-01-15 00:00:00
CUST003348,Customer 03348,customer03348@example.com,Chennai,Tamil Nadu,New,Affiliate,2025-12-20,2026-01-10 00:00:00
CUST003349,Customer 03349,customer03349@example.com,Ahmedabad,Gujarat,New,Social,2025-08-07,2025-08-14 00:00:00
CUST003350,Customer 03350,customer03350@example.com,Noida,Uttar Pradesh,RETURNING,Social,2025-11-11,2025-11-17 00:00:00
CUST003351,Customer 03351,customer03351@example.com,Hyderabad,Telangana,RETURNING,Affiliate,2026-03-10,2026-04-03 00:00:00
CUST003352,Customer 03352,customer03352@example.com,Noida,Uttar Pradesh,premium,Direct,2025-10-09,2025-11-07 00:00:00
CUST003353,Customer 03353,customer03353@example.com,Ahmedabad,Gujarat,RETURNING,Direct,2025-09-16,2025-09-17 00:00:00
CUST003354,Customer 03354,customer03354@example.com,Chennai,Tamil Nadu,RETURNING,Direct,2026-07-13,2026-07-24 00:00:00
CUST003355,Customer 03355,customer03355@example.com,Ahmedabad,Gujarat,New,Direct,2025-01-05,2025-01-20 00:00:00
CUST003356,Customer 03356,customer03356@example.com,Hyderabad,Telangana,New,Organic,2026-07-28,2026-08-05 00:00:00
CUST003357,Customer 03357,customer03357@example.com,Delhi,Delhi,Dormant,Affiliate,2026-08-19,2026-09-07 00:00:00
CUST003358,Customer 03358,customer03358@example.com,Mumbai,Maharashtra,New,Organic,2026-01-29,2026-02-08 00:00:00
CUST003359,Customer 03359,customer03359@example.com,Hyderabad,Telangana,RETURNING,Social,2025-12-02,2025-12-16 00:00:00
CUST003360,Customer 03360,customer03360@example.com,Ahmedabad,Gujarat,New,Organic,2025-03-04,2025-03-06 00:00:00
CUST003361,Customer 03361,customer03361@example.com,Ahmedabad,Gujarat,premium,Direct,2025-02-13,2025-03-07 00:00:00
CUST003362,Customer 03362,customer03362@example.com,Pune,Maharashtra,premium,Social,2025-06-02,2025-06-22 00:00:00
CUST003363,Customer 03363,customer03363@example.com,Pune,Maharashtra,New,Organic,2025-06-05,2025-06-17 00:00:00
CUST003364,Customer 03364,customer03364@example.com,Kolkata,West Bengal,New,Organic,2026-04-23,2026-05-13 00:00:00
CUST003365,Customer 03365,customer03365@example.com,Pune,Maharashtra,RETURNING,Affiliate,2025-10-02,2025-10-29 00:00:00
CUST003366,Customer 03366,customer03366@example.com,Bengaluru,Karnataka,RETURNING,Organic,2025-12-24,2026-01-05 00:00:00
CUST003367,Customer 03367,customer03367@example.com,Mumbai,Maharashtra,New,Social,2026-03-02,2026-03-03 00:00:00
CUST003368,Customer 03368,customer03368@example.com,Chennai,Tamil Nadu,premium,Direct,2026-06-16,2026-06-21 00:00:00
CUST003369,Customer 03369,customer03369@example.com,Hyderabad,Telangana,New,Affiliate,2026-04-28,2026-05-03 00:00:00
CUST003370,Customer 03370,customer03370@example.com,,Gujarat,Dormant,Organic,2025-08-02,2025-08-13 00:00:00
CUST003371,Customer 03371,customer03371@example.com,Kolkata,West Bengal,RETURNING,Affiliate,2025-03-20,2025-03-23 00:00:00
CUST003372,Customer 03372,customer03372@example.com,Kolkata,West Bengal,New,Email,2025-05-19,2025-05-23 00:00:00
CUST003373,Customer 03373,customer03373@example.com,Chennai,Tamil Nadu,RETURNING,Affiliate,2025-04-08,2025-04-30 00:00:00
CUST003374,Customer 03374,customer03374@example.com,Mumbai,Maharashtra,RETURNING,Direct,2025-07-17,2025-08-15 00:00:00
CUST003375,Customer 03375,customer03375@example.com,Hyderabad,Telangana,New,Email,2025-06-05,2025-06-12 00:00:00
CUST003376,Customer 03376,customer03376@example.com,Noida,Uttar Pradesh,RETURNING,Email,2025-02-19,2025-02-24 00:00:00
CUST003377,Customer 03377,customer03377@example.com,Pune,Maharashtra,New,Affiliate,2026-04-24,2026-05-14 00:00:00
CUST003378,Customer 03378,customer03378@example.com,Delhi,Delhi,New,Social,2025-08-16,2025-09-12 00:00:00
CUST003379,Customer 03379,customer03379@example.com,Kolkata,West Bengal,New,Direct,2026-04-02,2026-04-04 00:00:00
CUST003380,Customer 03380,customer03380@example.com,Pune,Maharashtra,RETURNING,Social,2026-06-06,2026-06-28 00:00:00
CUST003381,Customer 03381,customer03381@example.com,Pune,Maharashtra,New,Direct,2025-05-29,2025-06-05 00:00:00
CUST003382,Customer 03382,customer03382@example.com,Bengaluru,Karnataka,RETURNING,Direct,2025-02-27,2025-03-17 00:00:00
CUST003383,Customer 03383,customer03383@example.com,Mumbai,Maharashtra,RETURNING,Social,2025-06-11,2025-07-01 00:00:00
CUST003384,Customer 03384,customer03384@example.com,Delhi,Delhi,RETURNING,Paid Ads,2026-04-22,2026-05-02 00:00:00
CUST003385,Customer 03385,customer03385@example.com,Noida,Uttar Pradesh,premium,Email,2025-04-17,2025-05-04 00:00:00
CUST003386,Customer 03386,customer03386@example.com,Ahmedabad,Gujarat,premium,Affiliate,2026-03-03,2026-03-12 00:00:00
CUST003387,Customer 03387,customer03387@example.com,Bengaluru,Karnataka,RETURNING,Social,2026-01-30,2026-02-24 00:00:00
CUST003388,Customer 03388,customer03388@example.com,Pune,Maharashtra,RETURNING,Social,2025-07-05,2025-08-01 00:00:00
CUST003389,Customer 03389,customer03389@example.com,Pune,Maharashtra,New,Affiliate,2026-07-12,2026-07-31 00:00:00
CUST003390,Customer 03390,customer03390@example.com,Jaipur,Rajasthan,Dormant,Email,2026-03-22,2026-04-02 00:00:00
CUST003391,Customer 03391,customer03391@example.com,,Delhi,New,Affiliate,2026-03-24,2026-04-12 00:00:00
CUST003392,Customer 03392,customer03392@example.com,Delhi,Delhi,RETURNING,Direct,2025-03-28,2025-04-24 00:00:00
CUST003393,Customer 03393,customer03393@example.com,,Rajasthan,premium,Paid Ads,2025-09-06,2025-10-04 00:00:00
CUST003394,Customer 03394,customer03394@example.com,,Delhi,New,Direct,2026-03-16,2026-03-23 00:00:00
CUST003395,Customer 03395,customer03395@example.com,Pune,Maharashtra,New,Paid Ads,2025-09-14,2025-10-02 00:00:00
CUST003396,Customer 03396,customer03396@example.com,Kolkata,West Bengal,RETURNING,Affiliate,2025-10-04,2025-10-24 00:00:00
CUST003397,Customer 03397,customer03397@example.com,Hyderabad,Telangana,RETURNING,Direct,2026-03-14,2026-03-29 00:00:00
CUST003398,Customer 03398,customer03398@example.com,Pune,Maharashtra,premium,Email,2026-05-31,2026-06-26 00:00:00
CUST003399,Customer 03399,customer03399@example.com,Bengaluru,Karnataka,premium,Direct,2026-07-31,2026-08-20 00:00:00
CUST003400,Customer 03400,customer03400@example.com,Mumbai,Maharashtra,New,Social,2025-07-21,2025-08-07 00:00:00
CUST003401,Customer 03401,customer03401@example.com,Jaipur,Rajasthan,New,Paid Ads,2026-07-29,2026-08-06 00:00:00
CUST003402,Customer 03402,customer03402@example.com,Noida,Uttar Pradesh,RETURNING,Paid Ads,2025-06-29,2025-07-02 00:00:00
CUST003403,Customer 03403,customer03403@example.com,Ahmedabad,Gujarat,RETURNING,Email,2025-11-21,2025-11-29 00:00:00
CUST003404,Customer 03404,customer03404@example.com,Noida,Uttar Pradesh,RETURNING,Paid Ads,2026-04-20,2026-05-14 00:00:00
CUST003405,Customer 03405,customer03405@example.com,Pune,Maharashtra,New,Paid Ads,2026-02-04,2026-02-05 00:00:00
CUST003406,Customer 03406,customer03406@example.com,Bengaluru,Karnataka,RETURNING,Email,2025-08-05,2025-08-13 00:00:00
CUST003407,Customer 03407,customer03407@example.com,Pune,Maharashtra,RETURNING,Direct,2026-03-29,2026-04-06 00:00:00
CUST003408,Customer 03408,customer03408@example.com,Mumbai,Maharashtra,RETURNING,Affiliate,2026-02-08,2026-02-25 00:00:00
CUST003409,Customer 03409,customer03409@example.com,Kolkata,West Bengal,RETURNING,Direct,2025-08-28,2025-09-07 00:00:00
CUST003410,Customer 03410,customer03410@example.com,Ahmedabad,Gujarat,RETURNING,Social,2025-07-05,2025-07-17 00:00:00
CUST003411,Customer 03411,customer03411@example.com,Mumbai,Maharashtra,RETURNING,Social,2025-02-17,2025-02-22 00:00:00
CUST003412,Customer 03412,customer03412@example.com,Jaipur,Rajasthan,New,Paid Ads,2026-01-21,2026-01-29 00:00:00
CUST003413,Customer 03413,customer03413@example.com,Jaipur,Rajasthan,New,Social,2025-07-27,2025-08-11 00:00:00
CUST003414,Customer 03414,customer03414@example.com,Pune,Maharashtra,RETURNING,Affiliate,2025-06-06,2025-06-09 00:00:00
CUST003415,Customer 03415,customer03415@example.com,Bengaluru,Karnataka,RETURNING,Paid Ads,2025-08-13,2025-08-14 00:00:00
CUST003416,Customer 03416,customer03416@example.com,Mumbai,Maharashtra,RETURNING,Social,2025-05-24,2025-05-30 00:00:00
CUST003417,Customer 03417,customer03417@example.com,Chennai,Tamil Nadu,RETURNING,Organic,2026-02-23,2026-03-09 00:00:00
CUST003418,Customer 03418,customer03418@example.com,Bengaluru,Karnataka,RETURNING,Organic,2025-04-21,2025-05-15 00:00:00
CUST003419,Customer 03419,customer03419@example.com,Kolkata,West Bengal,Dormant,Organic,2026-04-10,2026-04-15 00:00:00
CUST003420,Customer 03420,customer03420@example.com,Jaipur,Rajasthan,New,Organic,2025-05-12,2025-05-22 00:00:00
CUST003421,Customer 03421,customer03421@example.com,Pune,Maharashtra,New,Direct,2025-11-30,2025-12-26 00:00:00
CUST003422,Customer 03422,customer03422@example.com,Delhi,Delhi,New,Organic,2025-03-16,2025-04-14 00:00:00
CUST003423,Customer 03423,customer03423@example.com,Jaipur,Rajasthan,RETURNING,Paid Ads,2026-02-16,2026-03-07 00:00:00
CUST003424,Customer 03424,customer03424@example.com,Ahmedabad,Gujarat,RETURNING,Email,2026-06-03,2026-06-19 00:00:00
CUST003425,Customer 03425,customer03425@example.com,Hyderabad,Telangana,New,Direct,2025-02-05,2025-02-08 00:00:00
CUST003426,Customer 03426,customer03426@example.com,Delhi,Delhi,RETURNING,Email,2025-08-11,2025-08-29 00:00:00
CUST003427,Customer 03427,customer03427@example.com,Pune,Maharashtra,New,Paid Ads,2026-06-14,2026-06-20 00:00:00
CUST003428,Customer 03428,customer03428@example.com,Chennai,Tamil Nadu,RETURNING,Paid Ads,2025-08-29,2025-09-08 00:00:00
CUST003429,Customer 03429,customer03429@example.com,Delhi,Delhi,RETURNING,Affiliate,2025-05-14,2025-05-26 00:00:00
CUST003430,Customer 03430,customer03430@example.com,Ahmedabad,Gujarat,premium,Direct,2026-01-26,2026-02-21 00:00:00
CUST003431,Customer 03431,customer03431@example.com,Bengaluru,Karnataka,New,Email,2025-04-12,2025-05-07 00:00:00
CUST003432,Customer 03432,customer03432@example.com,Chennai,Tamil Nadu,Dormant,Organic,2026-05-13,2026-06-02 00:00:00
CUST003433,Customer 03433,customer03433@example.com,Jaipur,Rajasthan,premium,Paid Ads,2026-05-26,2026-06-22 00:00:00
CUST003434,Customer 03434,customer03434@example.com,Chennai,Tamil Nadu,New,Organic,2026-06-21,2026-06-23 00:00:00
CUST003435,Customer 03435,customer03435@example.com,Mumbai,Maharashtra,New,Email,2026-06-29,2026-07-12 00:00:00
CUST003436,Customer 03436,customer03436@example.com,Ahmedabad,Gujarat,RETURNING,Direct,2025-12-09,2025-12-10 00:00:00
CUST003437,Customer 03437,customer03437@example.com,Delhi,Delhi,premium,Social,2025-01-06,2025-02-03 00:00:00
CUST003438,Customer 03438,customer03438@example.com,Mumbai,Maharashtra,premium,Social,2025-07-13,2025-07-30 00:00:00
CUST003439,Customer 03439,customer03439@example.com,Chennai,Tamil Nadu,RETURNING,Paid Ads,2025-05-17,2025-05-21 00:00:00
CUST003440,Customer 03440,customer03440@example.com,Mumbai,Maharashtra,Dormant,Affiliate,2026-04-18,2026-04-30 00:00:00
CUST003441,Customer 03441,customer03441@example.com,Noida,Uttar Pradesh,New,Organic,2025-08-04,2025-08-16 00:00:00
CUST003442,Customer 03442,customer03442@example.com,Ahmedabad,Gujarat,New,Paid Ads,2025-12-15,2026-01-07 00:00:00
CUST003443,Customer 03443,customer03443@example.com,Kolkata,West Bengal,Dormant,Affiliate,2025-07-02,2025-07-25 00:00:00
CUST003444,Customer 03444,customer03444@example.com,Bengaluru,Karnataka,premium,Organic,2025-06-17,2025-06-30 00:00:00
CUST003445,Customer 03445,customer03445@example.com,Chennai,Tamil Nadu,RETURNING,Email,2025-02-07,2025-02-18 00:00:00
CUST003446,Customer 03446,customer03446@example.com,Ahmedabad,Gujarat,premium,Social,2026-04-16,2026-05-06 00:00:00
CUST003447,Customer 03447,customer03447@example.com,Kolkata,West Bengal,Dormant,Affiliate,2026-03-28,2026-04-09 00:00:00
CUST003448,Customer 03448,customer03448@example.com,Kolkata,West Bengal,premium,Organic,2026-05-05,2026-05-22 00:00:00
CUST003449,Customer 03449,customer03449@example.com,Pune,Maharashtra,premium,Paid Ads,2025-05-22,2025-06-03 00:00:00
CUST003450,Customer 03450,customer03450@example.com,Mumbai,Maharashtra,premium,Organic,2025-04-13,2025-04-16 00:00:00
CUST003451,Customer 03451,customer03451@example.com,Kolkata,West Bengal,New,Paid Ads,2025-02-11,2025-03-05 00:00:00
CUST003452,Customer 03452,customer03452@example.com,Noida,Uttar Pradesh,premium,Social,2025-05-27,2025-06-25 00:00:00
CUST003453,Customer 03453,customer03453@example.com,Ahmedabad,Gujarat,New,Social,2025-03-07,2025-03-28 00:00:00
CUST003454,Customer 03454,customer03454@example.com,Hyderabad,Telangana,Dormant,Organic,2025-07-12,2025-07-21 00:00:00
CUST003455,Customer 03455,customer03455@example.com,Hyderabad,Telangana,RETURNING,Organic,2025-10-25,2025-11-16 00:00:00
CUST003456,Customer 03456,customer03456@example.com,Chennai,Tamil Nadu,RETURNING,Paid Ads,2025-02-07,2025-02-11 00:00:00
CUST003457,Customer 03457,customer03457@example.com,Jaipur,Rajasthan,RETURNING,Paid Ads,2026-05-17,2026-06-03 00:00:00
CUST003458,Customer 03458,customer03458@example.com,Mumbai,Maharashtra,New,Affiliate,2026-03-04,2026-03-11 00:00:00
CUST003459,Customer 03459,customer03459@example.com,Jaipur,Rajasthan,New,Affiliate,2025-12-18,2025-12-31 00:00:00
CUST003460,Customer 03460,customer03460@example.com,Kolkata,West Bengal,Dormant,Affiliate,2025-11-22,2025-12-19 00:00:00
CUST003461,Customer 03461,customer03461@example.com,Ahmedabad,Gujarat,Dormant,Organic,2025-02-07,2025-02-08 00:00:00
CUST003462,Customer 03462,customer03462@example.com,Chennai,Tamil Nadu,RETURNING,Direct,2025-04-07,2025-05-04 00:00:00
CUST003463,Customer 03463,customer03463@example.com,Delhi,Delhi,Dormant,Direct,2025-04-18,2025-04-25 00:00:00
CUST003464,Customer 03464,customer03464@example.com,Kolkata,West Bengal,premium,Direct,2025-05-31,2025-06-15 00:00:00
CUST003465,Customer 03465,customer03465@example.com,Mumbai,Maharashtra,RETURNING,Direct,2025-03-15,2025-03-21 00:00:00
CUST003466,Customer 03466,customer03466@example.com,Hyderabad,Telangana,New,Affiliate,2025-02-26,2025-02-28 00:00:00
CUST003467,Customer 03467,customer03467@example.com,Pune,Maharashtra,Dormant,Organic,2025-12-01,2025-12-29 00:00:00
CUST003468,Customer 03468,customer03468@example.com,Ahmedabad,Gujarat,RETURNING,Direct,2025-09-09,2025-09-12 00:00:00
CUST003469,Customer 03469,customer03469@example.com,Bengaluru,Karnataka,Dormant,Social,2025-09-11,2025-10-09 00:00:00
CUST003470,Customer 03470,customer03470@example.com,Jaipur,Rajasthan,premium,Email,2026-01-20,2026-01-26 00:00:00
CUST003471,Customer 03471,customer03471@example.com,Chennai,Tamil Nadu,premium,Social,2026-04-01,2026-04-04 00:00:00
CUST003472,Customer 03472,customer03472@example.com,Jaipur,Rajasthan,RETURNING,Organic,2025-09-16,2025-09-24 00:00:00
CUST003473,Customer 03473,customer03473@example.com,Ahmedabad,Gujarat,New,Organic,2026-04-10,2026-05-02 00:00:00
CUST003474,Customer 03474,customer03474@example.com,Jaipur,Rajasthan,RETURNING,Email,2025-02-03,2025-02-19 00:00:00
CUST003475,Customer 03475,customer03475@example.com,Ahmedabad,Gujarat,RETURNING,Paid Ads,2026-05-10,2026-05-26 00:00:00
CUST003476,Customer 03476,customer03476@example.com,Jaipur,Rajasthan,New,Paid Ads,2025-11-22,2025-12-11 00:00:00
CUST003477,Customer 03477,customer03477@example.com,Noida,Uttar Pradesh,RETURNING,Paid Ads,2025-08-26,2025-09-08 00:00:00
CUST003478,Customer 03478,customer03478@example.com,Delhi,Delhi,RETURNING,Affiliate,2026-06-25,2026-07-08 00:00:00
CUST003479,Customer 03479,customer03479@example.com,Kolkata,West Bengal,Dormant,Paid Ads,2026-04-11,2026-05-09 00:00:00
CUST003480,Customer 03480,customer03480@example.com,Kolkata,West Bengal,New,Affiliate,2025-10-31,2025-11-24 00:00:00
CUST003481,Customer 03481,customer03481@example.com,Mumbai,Maharashtra,RETURNING,Affiliate,2025-04-27,2025-05-09 00:00:00
CUST003482,Customer 03482,customer03482@example.com,Bengaluru,Karnataka,New,Paid Ads,2025-07-26,2025-07-29 00:00:00
CUST003483,Customer 03483,customer03483@example.com,Bengaluru,Karnataka,New,Paid Ads,2026-04-26,2026-05-08 00:00:00
CUST003484,Customer 03484,customer03484@example.com,Mumbai,Maharashtra,New,Email,2026-02-07,2026-02-27 00:00:00
CUST003485,Customer 03485,customer03485@example.com,Pune,Maharashtra,premium,Direct,2026-08-10,2026-08-26 00:00:00
CUST003486,Customer 03486,customer03486@example.com,Kolkata,West Bengal,New,Email,2025-08-21,2025-09-04 00:00:00
CUST003487,Customer 03487,customer03487@example.com,Pune,Maharashtra,premium,Affiliate,2025-10-11,2025-11-09 00:00:00
CUST003488,Customer 03488,customer03488@example.com,Ahmedabad,Gujarat,New,Email,2026-04-25,2026-05-12 00:00:00
CUST003489,Customer 03489,customer03489@example.com,Ahmedabad,Gujarat,Dormant,Affiliate,2025-01-09,2025-01-19 00:00:00
CUST003490,Customer 03490,customer03490@example.com,Hyderabad,Telangana,premium,Organic,2026-01-14,2026-01-17 00:00:00
CUST003491,Customer 03491,customer03491@example.com,Jaipur,Rajasthan,Dormant,Affiliate,2026-01-16,2026-02-12 00:00:00
CUST003492,Customer 03492,customer03492@example.com,Bengaluru,Karnataka,Dormant,Affiliate,2025-12-26,2026-01-14 00:00:00
CUST003493,Customer 03493,customer03493@example.com,Hyderabad,Telangana,Dormant,Email,2025-06-25,2025-07-05 00:00:00
CUST003494,Customer 03494,customer03494@example.com,Delhi,Delhi,Dormant,Direct,2026-04-30,2026-05-09 00:00:00
CUST003495,Customer 03495,customer03495@example.com,Mumbai,Maharashtra,RETURNING,Organic,2026-02-09,2026-03-02 00:00:00
CUST003496,Customer 03496,customer03496@example.com,Mumbai,Maharashtra,New,Social,2025-02-02,2025-02-14 00:00:00
CUST003497,Customer 03497,customer03497@example.com,Ahmedabad,Gujarat,New,Social,2026-04-10,2026-05-01 00:00:00
CUST003498,Customer 03498,customer03498@example.com,Kolkata,West Bengal,New,Direct,2025-06-06,2025-06-13 00:00:00
CUST003499,Customer 03499,customer03499@example.com,Pune,Maharashtra,RETURNING,Social,2026-07-19,2026-08-15 00:00:00
CUST003500,Customer 03500,customer03500@example.com,Bengaluru,Karnataka,RETURNING,Organic,2025-07-21,2025-08-02 00:00:00
CUST003501,Customer 03501,customer03501@example.com,Hyderabad,Telangana,Dormant,Paid Ads,2025-06-24,2025-07-02 00:00:00
CUST003502,Customer 03502,customer03502@example.com,Pune,Maharashtra,Dormant,Organic,2025-09-01,2025-09-30 00:00:00
CUST003503,Customer 03503,customer03503@example.com,Hyderabad,Telangana,RETURNING,Email,2025-09-26,2025-09-26 00:00:00
CUST003504,Customer 03504,customer03504@example.com,Jaipur,Rajasthan,RETURNING,Affiliate,2026-03-22,2026-03-22 00:00:00
CUST003505,Customer 03505,customer03505@example.com,Delhi,Delhi,Dormant,Affiliate,2025-03-15,2025-03-29 00:00:00
CUST003506,Customer 03506,customer03506@example.com,Delhi,Delhi,New,Email,2025-04-06,2025-04-27 00:00:00
CUST003507,Customer 03507,customer03507@example.com,Pune,Maharashtra,premium,Email,2025-06-22,2025-06-25 00:00:00
CUST003508,Customer 03508,customer03508@example.com,Pune,Maharashtra,New,Affiliate,2026-02-10,2026-03-08 00:00:00
CUST003509,Customer 03509,customer03509@example.com,,Maharashtra,RETURNING,Direct,2025-06-04,2025-06-23 00:00:00
CUST003510,Customer 03510,customer03510@example.com,,Telangana,New,Paid Ads,2025-07-02,2025-07-02 00:00:00
CUST003511,Customer 03511,customer03511@example.com,,Rajasthan,Dormant,Paid Ads,2025-11-19,2025-12-13 00:00:00
CUST003512,Customer 03512,customer03512@example.com,,Uttar Pradesh,RETURNING,Paid Ads,2025-10-16,2025-10-27 00:00:00
CUST003513,Customer 03513,customer03513@example.com,Pune,Maharashtra,New,Email,2025-09-15,2025-09-25 00:00:00
CUST003514,Customer 03514,customer03514@example.com,Kolkata,West Bengal,New,Affiliate,2026-08-10,2026-08-28 00:00:00
CUST003515,Customer 03515,customer03515@example.com,Bengaluru,Karnataka,RETURNING,Direct,2025-06-23,2025-07-07 00:00:00
CUST003516,Customer 03516,customer03516@example.com,Bengaluru,Karnataka,Dormant,Affiliate,2025-11-26,2025-12-16 00:00:00
CUST003517,Customer 03517,customer03517@example.com,Hyderabad,Telangana,premium,Affiliate,2025-08-19,2025-08-28 00:00:00
CUST003518,Customer 03518,customer03518@example.com,Pune,Maharashtra,RETURNING,Direct,2025-06-10,2025-06-10 00:00:00
CUST003519,Customer 03519,customer03519@example.com,Ahmedabad,Gujarat,RETURNING,Organic,2025-07-05,2025-07-28 00:00:00
CUST003520,Customer 03520,customer03520@example.com,Mumbai,Maharashtra,RETURNING,Direct,2025-05-23,2025-05-25 00:00:00
CUST003521,Customer 03521,customer03521@example.com,Noida,Uttar Pradesh,premium,Organic,2025-10-09,2025-10-22 00:00:00
CUST003522,Customer 03522,customer03522@example.com,Kolkata,West Bengal,premium,Social,2025-01-27,2025-02-10 00:00:00
CUST003523,Customer 03523,customer03523@example.com,Jaipur,Rajasthan,RETURNING,Organic,2025-09-03,2025-09-03 00:00:00
CUST003524,Customer 03524,customer03524@example.com,Ahmedabad,Gujarat,premium,Paid Ads,2026-05-02,2026-05-11 00:00:00
CUST003525,Customer 03525,customer03525@example.com,Delhi,Delhi,RETURNING,Paid Ads,2025-07-21,2025-08-11 00:00:00
CUST003526,Customer 03526,customer03526@example.com,Ahmedabad,Gujarat,Dormant,Direct,2025-01-21,2025-01-21 00:00:00
CUST003527,Customer 03527,customer03527@example.com,Hyderabad,Telangana,Dormant,Paid Ads,2026-08-14,2026-08-28 00:00:00
CUST003528,Customer 03528,customer03528@example.com,Noida,Uttar Pradesh,premium,Paid Ads,2025-04-04,2025-04-06 00:00:00
CUST003529,Customer 03529,customer03529@example.com,Chennai,Tamil Nadu,premium,Social,2025-01-08,2025-01-28 00:00:00
CUST003530,Customer 03530,customer03530@example.com,Chennai,Tamil Nadu,New,Paid Ads,2026-04-17,2026-05-06 00:00:00
CUST003531,Customer 03531,customer03531@example.com,Pune,Maharashtra,premium,Email,2025-12-05,2025-12-27 00:00:00
CUST003532,Customer 03532,customer03532@example.com,Pune,Maharashtra,RETURNING,Email,2025-09-16,2025-10-07 00:00:00
CUST003533,Customer 03533,customer03533@example.com,Hyderabad,Telangana,New,Email,2025-02-24,2025-03-07 00:00:00
CUST003534,Customer 03534,customer03534@example.com,Jaipur,Rajasthan,RETURNING,Organic,2026-07-02,2026-07-20 00:00:00
CUST003535,Customer 03535,customer03535@example.com,Pune,Maharashtra,premium,Direct,2025-01-06,2025-01-21 00:00:00
CUST003536,Customer 03536,customer03536@example.com,Mumbai,Maharashtra,New,Direct,2026-01-12,2026-02-07 00:00:00
CUST003537,Customer 03537,customer03537@example.com,Noida,Uttar Pradesh,RETURNING,Affiliate,2026-07-08,2026-07-15 00:00:00
CUST003538,Customer 03538,customer03538@example.com,Hyderabad,Telangana,RETURNING,Social,2025-02-19,2025-03-14 00:00:00
CUST003539,Customer 03539,customer03539@example.com,Bengaluru,Karnataka,New,Email,2025-04-22,2025-05-05 00:00:00
CUST003540,Customer 03540,customer03540@example.com,Delhi,Delhi,New,Email,2025-05-26,2025-06-12 00:00:00
CUST003541,Customer 03541,customer03541@example.com,Hyderabad,Telangana,premium,Paid Ads,2025-08-18,2025-09-09 00:00:00
CUST003542,Customer 03542,customer03542@example.com,,Telangana,premium,Email,2026-05-12,2026-06-10 00:00:00
CUST003543,Customer 03543,customer03543@example.com,Chennai,Tamil Nadu,New,Paid Ads,2025-11-02,2025-11-02 00:00:00
CUST003544,Customer 03544,customer03544@example.com,Kolkata,West Bengal,Dormant,Paid Ads,2026-06-26,2026-06-27 00:00:00
CUST003545,Customer 03545,customer03545@example.com,Jaipur,Rajasthan,premium,Affiliate,2026-04-06,2026-04-29 00:00:00
CUST003546,Customer 03546,customer03546@example.com,Kolkata,West Bengal,RETURNING,Organic,2025-08-14,2025-08-25 00:00:00
CUST003547,Customer 03547,customer03547@example.com,Mumbai,Maharashtra,premium,Paid Ads,2025-02-28,2025-03-16 00:00:00
CUST003548,Customer 03548,customer03548@example.com,Bengaluru,Karnataka,Dormant,Paid Ads,2025-03-17,2025-03-18 00:00:00
CUST003549,Customer 03549,customer03549@example.com,Chennai,Tamil Nadu,RETURNING,Direct,2026-03-04,2026-03-31 00:00:00
CUST003550,Customer 03550,customer03550@example.com,Bengaluru,Karnataka,New,Affiliate,2025-05-12,2025-05-28 00:00:00
CUST003551,Customer 03551,customer03551@example.com,Mumbai,Maharashtra,Dormant,Paid Ads,2026-05-13,2026-06-02 00:00:00
CUST003552,Customer 03552,customer03552@example.com,Kolkata,West Bengal,RETURNING,Social,2026-08-16,2026-08-22 00:00:00
CUST003553,Customer 03553,customer03553@example.com,Hyderabad,Telangana,New,Organic,2025-11-01,2025-11-06 00:00:00
CUST003554,Customer 03554,customer03554@example.com,Pune,Maharashtra,RETURNING,Social,2025-03-08,2025-03-13 00:00:00
CUST003555,Customer 03555,customer03555@example.com,Pune,Maharashtra,RETURNING,Email,2025-08-18,2025-09-08 00:00:00
CUST003556,Customer 03556,customer03556@example.com,Ahmedabad,Gujarat,Dormant,Organic,2025-11-29,2025-12-06 00:00:00
CUST003557,Customer 03557,customer03557@example.com,Delhi,Delhi,RETURNING,Email,2025-10-04,2025-10-08 00:00:00
CUST003558,Customer 03558,customer03558@example.com,Jaipur,Rajasthan,New,Direct,2026-08-07,2026-08-21 00:00:00
CUST003559,Customer 03559,customer03559@example.com,Mumbai,Maharashtra,RETURNING,Paid Ads,2025-05-24,2025-06-18 00:00:00
CUST003560,Customer 03560,customer03560@example.com,Delhi,Delhi,RETURNING,Affiliate,2025-09-08,2025-09-14 00:00:00
CUST003561,Customer 03561,customer03561@example.com,Jaipur,Rajasthan,New,Social,2025-03-21,2025-03-23 00:00:00
CUST003562,Customer 03562,customer03562@example.com,Delhi,Delhi,RETURNING,Email,2025-02-26,2025-03-22 00:00:00
CUST003563,Customer 03563,customer03563@example.com,Kolkata,West Bengal,premium,Paid Ads,2026-01-01,2026-01-10 00:00:00
CUST003564,Customer 03564,customer03564@example.com,Jaipur,Rajasthan,New,Social,2025-11-04,2025-11-06 00:00:00
CUST003565,Customer 03565,customer03565@example.com,Kolkata,West Bengal,RETURNING,Social,2025-06-23,2025-07-22 00:00:00
CUST003566,Customer 03566,customer03566@example.com,Hyderabad,Telangana,RETURNING,Direct,2026-04-07,2026-04-20 00:00:00
CUST003567,Customer 03567,customer03567@example.com,Chennai,Tamil Nadu,New,Direct,2026-08-19,2026-09-09 00:00:00
CUST003568,Customer 03568,customer03568@example.com,Kolkata,West Bengal,RETURNING,Email,2026-05-08,2026-05-10 00:00:00
CUST003569,Customer 03569,customer03569@example.com,Pune,Maharashtra,RETURNING,Paid Ads,2026-07-14,2026-07-14 00:00:00
CUST003570,Customer 03570,customer03570@example.com,Delhi,Delhi,premium,Affiliate,2026-01-09,2026-01-09 00:00:00
CUST003571,Customer 03571,customer03571@example.com,Ahmedabad,Gujarat,New,Email,2025-12-15,2026-01-02 00:00:00
CUST003572,Customer 03572,customer03572@example.com,Noida,Uttar Pradesh,premium,Social,2025-03-08,2025-03-11 00:00:00
CUST003573,Customer 03573,,Jaipur,Rajasthan,New,Social,2025-11-26,2025-12-25 00:00:00
CUST003574,Customer 03574,customer03574@example.com,Mumbai,Maharashtra,Dormant,Organic,2025-07-13,2025-07-14 00:00:00
CUST003575,Customer 03575,customer03575@example.com,Ahmedabad,Gujarat,RETURNING,Paid Ads,2025-06-04,2025-06-28 00:00:00
CUST003576,Customer 03576,customer03576@example.com,Pune,Maharashtra,premium,Organic,2025-06-09,2025-06-19 00:00:00
CUST003577,Customer 03577,customer03577@example.com,Kolkata,West Bengal,New,Direct,2025-09-23,2025-10-16 00:00:00
CUST003578,Customer 03578,customer03578@example.com,Chennai,Tamil Nadu,RETURNING,Affiliate,2025-06-17,2025-06-28 00:00:00
CUST003579,Customer 03579,customer03579@example.com,Hyderabad,Telangana,New,Email,2025-05-25,2025-06-06 00:00:00
CUST003580,Customer 03580,customer03580@example.com,Noida,Uttar Pradesh,Dormant,Social,2025-07-05,2025-07-20 00:00:00
CUST003581,Customer 03581,customer03581@example.com,Bengaluru,Karnataka,RETURNING,Paid Ads,2026-02-27,2026-03-14 00:00:00
CUST003582,Customer 03582,customer03582@example.com,Ahmedabad,Gujarat,RETURNING,Social,2026-04-02,2026-04-20 00:00:00
CUST003583,Customer 03583,customer03583@example.com,,Tamil Nadu,premium,Direct,2025-12-11,2026-01-02 00:00:00
CUST003584,Customer 03584,customer03584@example.com,Bengaluru,Karnataka,RETURNING,Organic,2026-07-08,2026-07-27 00:00:00
CUST003585,Customer 03585,customer03585@example.com,Noida,Uttar Pradesh,premium,Organic,2026-05-31,2026-06-20 00:00:00
CUST003586,Customer 03586,customer03586@example.com,Mumbai,Maharashtra,RETURNING,Email,2025-04-14,2025-05-03 00:00:00
CUST003587,Customer 03587,customer03587@example.com,Mumbai,Maharashtra,premium,Paid Ads,2025-09-04,2025-09-12 00:00:00
CUST003588,Customer 03588,customer03588@example.com,Delhi,Delhi,RETURNING,Direct,2025-01-23,2025-02-07 00:00:00
CUST003589,Customer 03589,customer03589@example.com,Noida,Uttar Pradesh,RETURNING,Paid Ads,2026-06-09,2026-07-05 00:00:00
CUST003590,Customer 03590,customer03590@example.com,Noida,Uttar Pradesh,New,Email,2025-05-24,2025-05-30 00:00:00
CUST003591,Customer 03591,customer03591@example.com,Bengaluru,Karnataka,premium,Direct,2025-07-12,2025-07-24 00:00:00
CUST003592,Customer 03592,customer03592@example.com,Chennai,Tamil Nadu,RETURNING,Direct,2026-04-10,2026-04-13 00:00:00
CUST003593,Customer 03593,customer03593@example.com,Jaipur,Rajasthan,RETURNING,Organic,2026-01-10,2026-01-22 00:00:00
CUST003594,Customer 03594,customer03594@example.com,Bengaluru,Karnataka,Dormant,Organic,2025-09-23,2025-09-30 00:00:00
CUST003595,Customer 03595,customer03595@example.com,Hyderabad,Telangana,New,Organic,2026-01-13,2026-01-14 00:00:00
CUST003596,Customer 03596,customer03596@example.com,Mumbai,Maharashtra,Dormant,Social,2026-07-04,2026-07-10 00:00:00
CUST003597,Customer 03597,customer03597@example.com,Mumbai,Maharashtra,Dormant,Affiliate,2026-07-10,2026-07-20 00:00:00
CUST003598,Customer 03598,customer03598@example.com,Delhi,Delhi,Dormant,Organic,2025-03-15,2025-03-31 00:00:00
CUST003599,Customer 03599,customer03599@example.com,Hyderabad,Telangana,premium,Affiliate,2026-03-14,2026-04-06 00:00:00
CUST003600,Customer 03600,customer03600@example.com,Mumbai,Maharashtra,RETURNING,Affiliate,2025-08-14,2025-09-11 00:00:00
CUST003601,Customer 03601,customer03601@example.com,Bengaluru,Karnataka,New,Paid Ads,2025-11-04,2025-11-17 00:00:00
CUST003602,Customer 03602,customer03602@example.com,Hyderabad,Telangana,premium,Email,2025-12-14,2026-01-10 00:00:00
CUST003603,Customer 03603,customer03603@example.com,Bengaluru,Karnataka,RETURNING,Social,2026-04-21,2026-05-20 00:00:00
CUST003604,Customer 03604,customer03604@example.com,Jaipur,Rajasthan,New,Affiliate,2025-11-11,2025-11-23 00:00:00
CUST003605,Customer 03605,customer03605@example.com,Jaipur,Rajasthan,premium,Social,2026-06-09,2026-06-23 00:00:00
CUST003606,Customer 03606,customer03606@example.com,Mumbai,Maharashtra,RETURNING,Paid Ads,2026-03-01,2026-03-22 00:00:00
CUST003607,Customer 03607,customer03607@example.com,,Maharashtra,Dormant,Organic,2026-06-08,2026-07-05 00:00:00
CUST003608,Customer 03608,customer03608@example.com,Chennai,Tamil Nadu,premium,Direct,2026-07-16,2026-08-05 00:00:00
CUST003609,Customer 03609,customer03609@example.com,Jaipur,Rajasthan,premium,Affiliate,2025-09-06,2025-09-30 00:00:00
CUST003610,Customer 03610,customer03610@example.com,Ahmedabad,Gujarat,premium,Email,2026-07-23,2026-07-31 00:00:00
CUST003611,Customer 03611,customer03611@example.com,Ahmedabad,Gujarat,Dormant,Direct,2025-07-01,2025-07-03 00:00:00
CUST003612,Customer 03612,customer03612@example.com,Delhi,Delhi,premium,Paid Ads,2025-04-16,2025-05-10 00:00:00
CUST003613,Customer 03613,customer03613@example.com,Jaipur,Rajasthan,RETURNING,Social,2025-07-10,2025-07-22 00:00:00
CUST003614,Customer 03614,customer03614@example.com,Bengaluru,Karnataka,New,Organic,2025-05-17,2025-05-29 00:00:00
CUST003615,Customer 03615,customer03615@example.com,Bengaluru,Karnataka,Dormant,Social,2025-04-30,2025-05-08 00:00:00
CUST003616,Customer 03616,customer03616@example.com,Pune,Maharashtra,premium,Email,2025-03-13,2025-03-30 00:00:00
CUST003617,Customer 03617,customer03617@example.com,Hyderabad,Telangana,RETURNING,Affiliate,2025-05-11,2025-05-15 00:00:00
CUST003618,Customer 03618,customer03618@example.com,Kolkata,West Bengal,New,Email,2026-04-02,2026-04-12 00:00:00
CUST003619,Customer 03619,customer03619@example.com,Ahmedabad,Gujarat,RETURNING,Social,2026-04-24,2026-04-25 00:00:00
CUST003620,Customer 03620,customer03620@example.com,Mumbai,Maharashtra,New,Social,2025-02-21,2025-03-09 00:00:00
CUST003621,Customer 03621,customer03621@example.com,Delhi,Delhi,Dormant,Direct,2026-07-28,2026-08-19 00:00:00
CUST003622,Customer 03622,customer03622@example.com,Kolkata,West Bengal,Dormant,Email,2025-04-29,2025-05-18 00:00:00
CUST003623,Customer 03623,customer03623@example.com,Noida,Uttar Pradesh,New,Email,2025-09-21,2025-10-11 00:00:00
CUST003624,Customer 03624,customer03624@example.com,Delhi,Delhi,RETURNING,Email,2025-08-27,2025-08-30 00:00:00
CUST003625,Customer 03625,customer03625@example.com,Noida,Uttar Pradesh,New,Organic,2025-12-17,2026-01-07 00:00:00
CUST003626,Customer 03626,customer03626@example.com,Jaipur,Rajasthan,premium,Social,2025-09-12,2025-10-08 00:00:00
CUST003627,Customer 03627,customer03627@example.com,Noida,Uttar Pradesh,RETURNING,Paid Ads,2025-11-05,2025-11-22 00:00:00
CUST003628,Customer 03628,customer03628@example.com,Noida,Uttar Pradesh,RETURNING,Organic,2026-05-10,2026-06-02 00:00:00
CUST003629,Customer 03629,customer03629@example.com,Chennai,Tamil Nadu,RETURNING,Organic,2025-02-26,2025-03-17 00:00:00
CUST003630,Customer 03630,customer03630@example.com,Chennai,Tamil Nadu,New,Organic,2026-02-07,2026-02-14 00:00:00
CUST003631,Customer 03631,customer03631@example.com,Chennai,Tamil Nadu,RETURNING,Direct,2025-03-08,2025-03-26 00:00:00
CUST003632,Customer 03632,customer03632@example.com,Jaipur,Rajasthan,New,Paid Ads,2025-02-15,2025-02-26 00:00:00
CUST003633,Customer 03633,customer03633@example.com,Kolkata,West Bengal,RETURNING,Email,2026-01-04,2026-01-31 00:00:00
CUST003634,Customer 03634,customer03634@example.com,Delhi,Delhi,New,Direct,2025-08-20,2025-08-30 00:00:00
CUST003635,Customer 03635,customer03635@example.com,Delhi,Delhi,RETURNING,Social,2026-02-06,2026-02-21 00:00:00
CUST003636,Customer 03636,customer03636@example.com,Mumbai,Maharashtra,Dormant,Affiliate,2026-07-15,2026-07-19 00:00:00
CUST003637,Customer 03637,customer03637@example.com,Chennai,Tamil Nadu,premium,Direct,2025-01-23,2025-02-19 00:00:00
CUST003638,Customer 03638,customer03638@example.com,Jaipur,Rajasthan,Dormant,Affiliate,2026-07-28,2026-07-30 00:00:00
CUST003639,Customer 03639,customer03639@example.com,Mumbai,Maharashtra,Dormant,Social,2025-09-24,2025-10-05 00:00:00
CUST003640,Customer 03640,customer03640@example.com,Hyderabad,Telangana,New,Paid Ads,2025-04-28,2025-05-12 00:00:00
CUST003641,Customer 03641,customer03641@example.com,Mumbai,Maharashtra,New,Affiliate,2026-08-23,2026-09-07 00:00:00
CUST003642,Customer 03642,customer03642@example.com,Kolkata,West Bengal,RETURNING,Organic,2025-02-24,2025-03-08 00:00:00
CUST003643,Customer 03643,customer03643@example.com,Ahmedabad,Gujarat,Dormant,Direct,2025-06-02,2025-06-08 00:00:00
CUST003644,Customer 03644,customer03644@example.com,Noida,Uttar Pradesh,Dormant,Affiliate,2025-08-27,2025-09-10 00:00:00
CUST003645,Customer 03645,customer03645@example.com,Chennai,Tamil Nadu,New,Social,2025-09-22,2025-09-24 00:00:00
CUST003646,Customer 03646,customer03646@example.com,Ahmedabad,Gujarat,RETURNING,Organic,2025-09-25,2025-10-06 00:00:00
CUST003647,Customer 03647,customer03647@example.com,Mumbai,Maharashtra,New,Affiliate,2025-04-23,2025-04-30 00:00:00
CUST003648,Customer 03648,customer03648@example.com,Jaipur,Rajasthan,premium,Social,2025-06-15,2025-07-09 00:00:00
CUST003649,Customer 03649,customer03649@example.com,Noida,Uttar Pradesh,RETURNING,Paid Ads,2025-01-08,2025-02-05 00:00:00
CUST003650,Customer 03650,customer03650@example.com,Delhi,Delhi,New,Social,2025-08-05,2025-08-16 00:00:00
CUST003651,Customer 03651,customer03651@example.com,Bengaluru,Karnataka,RETURNING,Paid Ads,2026-03-07,2026-03-24 00:00:00
CUST003652,Customer 03652,customer03652@example.com,Noida,Uttar Pradesh,RETURNING,Organic,2025-10-19,2025-10-21 00:00:00
CUST003653,Customer 03653,customer03653@example.com,Kolkata,West Bengal,premium,Social,2025-02-19,2025-03-02 00:00:00
CUST003654,Customer 03654,customer03654@example.com,Kolkata,West Bengal,New,Email,2025-04-17,2025-05-15 00:00:00
CUST003655,Customer 03655,customer03655@example.com,Mumbai,Maharashtra,Dormant,Direct,2025-01-09,2025-01-31 00:00:00
CUST003656,Customer 03656,customer03656@example.com,Hyderabad,Telangana,RETURNING,Email,2026-04-01,2026-04-21 00:00:00
CUST003657,Customer 03657,customer03657@example.com,Kolkata,West Bengal,premium,Email,2025-11-19,2025-12-14 00:00:00
CUST003658,Customer 03658,customer03658@example.com,Kolkata,West Bengal,premium,Email,2025-11-05,2025-11-27 00:00:00
CUST003659,Customer 03659,customer03659@example.com,Jaipur,Rajasthan,New,Direct,2025-05-25,2025-05-26 00:00:00
CUST003660,Customer 03660,customer03660@example.com,Mumbai,Maharashtra,New,Email,2026-02-16,2026-03-01 00:00:00
CUST003661,Customer 03661,customer03661@example.com,Noida,Uttar Pradesh,premium,Paid Ads,2025-04-24,2025-05-07 00:00:00
CUST003662,Customer 03662,customer03662@example.com,Hyderabad,Telangana,New,Social,2026-07-29,2026-08-01 00:00:00
CUST003663,Customer 03663,customer03663@example.com,Ahmedabad,Gujarat,premium,Organic,2026-02-03,2026-02-19 00:00:00
CUST003664,Customer 03664,customer03664@example.com,Bengaluru,Karnataka,premium,Email,2025-10-02,2025-10-16 00:00:00
CUST003665,Customer 03665,customer03665@example.com,Chennai,Tamil Nadu,premium,Email,2025-05-04,2025-05-19 00:00:00
CUST003666,Customer 03666,customer03666@example.com,Delhi,Delhi,New,Organic,2025-03-27,2025-03-31 00:00:00
CUST003667,Customer 03667,customer03667@example.com,Kolkata,West Bengal,RETURNING,Organic,2026-08-05,2026-08-28 00:00:00
CUST003668,Customer 03668,customer03668@example.com,Mumbai,Maharashtra,RETURNING,Email,2025-02-16,2025-03-04 00:00:00
CUST003669,Customer 03669,customer03669@example.com,Chennai,Tamil Nadu,New,Paid Ads,2025-07-20,2025-08-11 00:00:00
CUST003670,Customer 03670,customer03670@example.com,Delhi,Delhi,premium,Organic,2025-10-03,2025-10-09 00:00:00
CUST003671,Customer 03671,customer03671@example.com,Delhi,Delhi,premium,Social,2026-07-03,2026-07-25 00:00:00
CUST003672,Customer 03672,customer03672@example.com,Ahmedabad,Gujarat,RETURNING,Social,2025-05-10,2025-05-24 00:00:00
CUST003673,Customer 03673,customer03673@example.com,Ahmedabad,Gujarat,premium,Paid Ads,2026-03-24,2026-04-09 00:00:00
CUST003674,Customer 03674,customer03674@example.com,Ahmedabad,Gujarat,New,Direct,2026-01-24,2026-02-04 00:00:00
CUST003675,Customer 03675,customer03675@example.com,Pune,Maharashtra,RETURNING,Affiliate,2026-07-30,2026-08-09 00:00:00
CUST003676,Customer 03676,customer03676@example.com,Pune,Maharashtra,Dormant,Paid Ads,2025-09-20,2025-10-08 00:00:00
CUST003677,Customer 03677,customer03677@example.com,Delhi,Delhi,Dormant,Email,2025-10-05,2025-10-15 00:00:00
CUST003678,Customer 03678,customer03678@example.com,Ahmedabad,Gujarat,RETURNING,Affiliate,2025-02-15,2025-02-16 00:00:00
CUST003679,Customer 03679,customer03679@example.com,Jaipur,Rajasthan,Dormant,Email,2025-06-17,2025-07-01 00:00:00
CUST003680,Customer 03680,customer03680@example.com,Kolkata,West Bengal,RETURNING,Social,2026-03-21,2026-03-25 00:00:00
CUST003681,Customer 03681,customer03681@example.com,Chennai,Tamil Nadu,New,Organic,2025-02-15,2025-03-04 00:00:00
CUST003682,Customer 03682,customer03682@example.com,Chennai,Tamil Nadu,New,Email,2026-06-24,2026-07-22 00:00:00
CUST003683,Customer 03683,customer03683@example.com,Pune,Maharashtra,Dormant,Social,2025-03-28,2025-04-26 00:00:00
CUST003684,Customer 03684,customer03684@example.com,Delhi,Delhi,New,Paid Ads,2026-01-20,2026-02-09 00:00:00
CUST003685,Customer 03685,customer03685@example.com,Mumbai,Maharashtra,RETURNING,Email,2025-09-22,2025-10-12 00:00:00
CUST003686,Customer 03686,customer03686@example.com,Noida,Uttar Pradesh,RETURNING,Social,2025-01-22,2025-02-06 00:00:00
CUST003687,Customer 03687,customer03687@example.com,Noida,Uttar Pradesh,premium,Organic,2026-03-26,2026-03-29 00:00:00
CUST003688,Customer 03688,customer03688@example.com,Pune,Maharashtra,RETURNING,Email,2025-08-20,2025-09-15 00:00:00
CUST003689,Customer 03689,customer03689@example.com,Mumbai,Maharashtra,New,Direct,2025-07-05,2025-07-27 00:00:00
CUST003690,Customer 03690,customer03690@example.com,Pune,Maharashtra,New,Social,2025-11-22,2025-12-01 00:00:00
CUST003691,Customer 03691,customer03691@example.com,Noida,Uttar Pradesh,RETURNING,Email,2025-07-02,2025-07-23 00:00:00
CUST003692,Customer 03692,customer03692@example.com,Mumbai,Maharashtra,premium,Organic,2026-02-01,2026-02-02 00:00:00
CUST003693,Customer 03693,customer03693@example.com,Ahmedabad,Gujarat,RETURNING,Email,2026-04-26,2026-05-10 00:00:00
CUST003694,Customer 03694,customer03694@example.com,Delhi,Delhi,premium,Email,2026-02-07,2026-02-10 00:00:00
CUST003695,Customer 03695,customer03695@example.com,Chennai,Tamil Nadu,New,Direct,2026-04-08,2026-05-06 00:00:00
CUST003696,Customer 03696,customer03696@example.com,Jaipur,Rajasthan,Dormant,Social,2026-02-21,2026-03-08 00:00:00
CUST003697,Customer 03697,customer03697@example.com,Hyderabad,Telangana,RETURNING,Affiliate,2025-07-21,2025-08-19 00:00:00
CUST003698,Customer 03698,customer03698@example.com,Delhi,Delhi,New,Email,2025-03-06,2025-04-01 00:00:00
CUST003699,Customer 03699,customer03699@example.com,Ahmedabad,Gujarat,RETURNING,Affiliate,2026-07-09,2026-07-15 00:00:00
CUST003700,Customer 03700,customer03700@example.com,Noida,Uttar Pradesh,premium,Paid Ads,2025-01-17,2025-02-10 00:00:00
CUST003701,Customer 03701,customer03701@example.com,Ahmedabad,Gujarat,Dormant,Email,2025-07-02,2025-07-26 00:00:00
CUST003702,Customer 03702,customer03702@example.com,Pune,Maharashtra,New,Affiliate,2026-01-26,2026-02-06 00:00:00
CUST003703,Customer 03703,customer03703@example.com,Mumbai,Maharashtra,premium,Paid Ads,2025-02-13,2025-02-15 00:00:00
CUST003704,Customer 03704,customer03704@example.com,Chennai,Tamil Nadu,New,Direct,2026-04-27,2026-05-13 00:00:00
CUST003705,Customer 03705,customer03705@example.com,Kolkata,West Bengal,New,Social,2025-09-20,2025-09-28 00:00:00
CUST003706,Customer 03706,customer03706@example.com,Pune,Maharashtra,RETURNING,Email,2025-06-23,2025-06-30 00:00:00
CUST003707,Customer 03707,customer03707@example.com,,Delhi,RETURNING,Social,2026-03-17,2026-04-08 00:00:00
CUST003708,Customer 03708,customer03708@example.com,Pune,Maharashtra,premium,Paid Ads,2026-07-20,2026-07-25 00:00:00
CUST003709,Customer 03709,customer03709@example.com,Delhi,Delhi,RETURNING,Social,2025-08-08,2025-09-06 00:00:00
CUST003710,Customer 03710,customer03710@example.com,Kolkata,West Bengal,New,Social,2026-07-12,2026-07-26 00:00:00
CUST003711,Customer 03711,customer03711@example.com,Bengaluru,Karnataka,RETURNING,Organic,2026-01-29,2026-02-07 00:00:00
CUST003712,Customer 03712,,Chennai,Tamil Nadu,New,Paid Ads,2025-07-14,2025-08-05 00:00:00
CUST003713,Customer 03713,customer03713@example.com,Jaipur,Rajasthan,New,Social,2026-02-13,2026-03-11 00:00:00
CUST003714,Customer 03714,customer03714@example.com,Jaipur,Rajasthan,RETURNING,Affiliate,2026-04-16,2026-05-10 00:00:00
CUST003715,Customer 03715,customer03715@example.com,Hyderabad,Telangana,RETURNING,Paid Ads,2025-12-13,2025-12-18 00:00:00
CUST003716,Customer 03716,customer03716@example.com,Ahmedabad,Gujarat,New,Organic,2026-04-07,2026-04-21 00:00:00
CUST003717,Customer 03717,customer03717@example.com,Bengaluru,Karnataka,RETURNING,Email,2025-03-02,2025-03-31 00:00:00
CUST003718,Customer 03718,customer03718@example.com,Jaipur,Rajasthan,New,Direct,2025-06-15,2025-06-28 00:00:00
CUST003719,Customer 03719,customer03719@example.com,Pune,Maharashtra,New,Social,2025-05-31,2025-06-25 00:00:00
CUST003720,Customer 03720,customer03720@example.com,Ahmedabad,Gujarat,RETURNING,Affiliate,2025-04-21,2025-05-09 00:00:00
CUST003721,Customer 03721,customer03721@example.com,Bengaluru,Karnataka,New,Organic,2026-05-03,2026-05-15 00:00:00
CUST003722,Customer 03722,customer03722@example.com,Mumbai,Maharashtra,RETURNING,Paid Ads,2026-07-03,2026-07-16 00:00:00
CUST003723,Customer 03723,customer03723@example.com,Mumbai,Maharashtra,New,Direct,2025-01-03,2025-01-05 00:00:00
CUST003724,Customer 03724,customer03724@example.com,Ahmedabad,Gujarat,RETURNING,Direct,2026-04-28,2026-05-01 00:00:00
CUST003725,Customer 03725,customer03725@example.com,Delhi,Delhi,New,Social,2025-01-13,2025-02-07 00:00:00
CUST003726,Customer 03726,customer03726@example.com,Delhi,Delhi,New,Organic,2025-06-11,2025-07-09 00:00:00
CUST003727,Customer 03727,customer03727@example.com,Pune,Maharashtra,RETURNING,Organic,2025-12-10,2025-12-23 00:00:00
CUST003728,Customer 03728,customer03728@example.com,Bengaluru,Karnataka,Dormant,Affiliate,2026-03-25,2026-04-07 00:00:00
CUST003729,Customer 03729,customer03729@example.com,Bengaluru,Karnataka,New,Email,2025-11-28,2025-12-23 00:00:00
CUST003730,Customer 03730,customer03730@example.com,Ahmedabad,Gujarat,RETURNING,Email,2025-09-21,2025-09-28 00:00:00
CUST003731,Customer 03731,customer03731@example.com,Noida,Uttar Pradesh,premium,Email,2025-03-24,2025-04-02 00:00:00
CUST003732,Customer 03732,customer03732@example.com,Mumbai,Maharashtra,RETURNING,Direct,2025-11-30,2025-12-08 00:00:00
CUST003733,Customer 03733,customer03733@example.com,Bengaluru,Karnataka,premium,Direct,2026-01-15,2026-01-28 00:00:00
CUST003734,Customer 03734,customer03734@example.com,Ahmedabad,Gujarat,New,Paid Ads,2025-08-07,2025-08-14 00:00:00
CUST003735,Customer 03735,customer03735@example.com,Kolkata,West Bengal,Dormant,Direct,2026-03-30,2026-04-09 00:00:00
CUST003736,Customer 03736,customer03736@example.com,Hyderabad,Telangana,RETURNING,Direct,2025-03-30,2025-04-08 00:00:00
CUST003737,Customer 03737,customer03737@example.com,Kolkata,West Bengal,RETURNING,Organic,2025-11-29,2025-12-16 00:00:00
CUST003738,Customer 03738,customer03738@example.com,Chennai,Tamil Nadu,Dormant,Paid Ads,2025-11-06,2025-11-09 00:00:00
CUST003739,Customer 03739,customer03739@example.com,Pune,Maharashtra,RETURNING,Organic,2026-02-24,2026-02-27 00:00:00
CUST003740,Customer 03740,customer03740@example.com,,Karnataka,RETURNING,Affiliate,2025-12-20,2025-12-31 00:00:00
CUST003741,Customer 03741,customer03741@example.com,Chennai,Tamil Nadu,premium,Affiliate,2025-04-10,2025-04-27 00:00:00
CUST003742,Customer 03742,customer03742@example.com,Jaipur,Rajasthan,RETURNING,Paid Ads,2025-05-25,2025-06-22 00:00:00
CUST003743,Customer 03743,customer03743@example.com,Chennai,Tamil Nadu,New,Paid Ads,2025-01-10,2025-01-17 00:00:00
CUST003744,Customer 03744,customer03744@example.com,Ahmedabad,Gujarat,RETURNING,Direct,2025-02-13,2025-02-15 00:00:00
CUST003745,Customer 03745,customer03745@example.com,Bengaluru,Karnataka,New,Affiliate,2026-01-21,2026-02-07 00:00:00
CUST003746,Customer 03746,customer03746@example.com,Hyderabad,Telangana,premium,Social,2026-05-10,2026-05-16 00:00:00
CUST003747,Customer 03747,customer03747@example.com,Ahmedabad,Gujarat,Dormant,Email,2026-05-08,2026-05-08 00:00:00
CUST003748,Customer 03748,customer03748@example.com,Ahmedabad,Gujarat,RETURNING,Direct,2025-06-18,2025-07-09 00:00:00
CUST003749,Customer 03749,customer03749@example.com,Pune,Maharashtra,RETURNING,Email,2026-06-15,2026-06-27 00:00:00
CUST003750,Customer 03750,customer03750@example.com,Pune,Maharashtra,New,Affiliate,2025-12-02,2025-12-30 00:00:00
CUST003751,Customer 03751,customer03751@example.com,Mumbai,Maharashtra,New,Email,2026-05-28,2026-05-30 00:00:00
CUST003752,Customer 03752,customer03752@example.com,Mumbai,Maharashtra,Dormant,Social,2025-05-10,2025-06-07 00:00:00
CUST003753,Customer 03753,customer03753@example.com,Delhi,Delhi,New,Social,2026-06-23,2026-06-25 00:00:00
CUST003754,Customer 03754,customer03754@example.com,Noida,Uttar Pradesh,RETURNING,Organic,2026-05-29,2026-06-12 00:00:00
CUST003755,Customer 03755,customer03755@example.com,Bengaluru,Karnataka,premium,Paid Ads,2025-09-07,2025-09-27 00:00:00
CUST003756,Customer 03756,customer03756@example.com,Bengaluru,Karnataka,Dormant,Email,2025-05-18,2025-06-16 00:00:00
CUST003757,Customer 03757,customer03757@example.com,Chennai,Tamil Nadu,RETURNING,Social,2025-10-02,2025-10-20 00:00:00
CUST003758,Customer 03758,customer03758@example.com,Bengaluru,Karnataka,RETURNING,Paid Ads,2026-04-09,2026-05-06 00:00:00
CUST003759,Customer 03759,customer03759@example.com,Bengaluru,Karnataka,RETURNING,Paid Ads,2025-05-21,2025-05-24 00:00:00
CUST003760,Customer 03760,customer03760@example.com,Noida,Uttar Pradesh,Dormant,Organic,2025-09-13,2025-09-25 00:00:00
CUST003761,Customer 03761,customer03761@example.com,Jaipur,Rajasthan,RETURNING,Paid Ads,2026-04-01,2026-04-13 00:00:00
CUST003762,Customer 03762,customer03762@example.com,Mumbai,Maharashtra,RETURNING,Paid Ads,2026-03-10,2026-03-24 00:00:00
CUST003763,Customer 03763,customer03763@example.com,Mumbai,Maharashtra,New,Direct,2025-06-22,2025-07-10 00:00:00
CUST003764,Customer 03764,customer03764@example.com,Hyderabad,Telangana,New,Affiliate,2026-04-18,2026-05-03 00:00:00
CUST003765,Customer 03765,customer03765@example.com,Bengaluru,Karnataka,RETURNING,Organic,2026-02-27,2026-03-05 00:00:00
CUST003766,Customer 03766,customer03766@example.com,Noida,Uttar Pradesh,Dormant,Organic,2026-03-15,2026-03-17 00:00:00
CUST003767,Customer 03767,customer03767@example.com,Mumbai,Maharashtra,Dormant,Email,2025-02-26,2025-03-27 00:00:00
CUST003768,Customer 03768,customer03768@example.com,Noida,Uttar Pradesh,Dormant,Paid Ads,2026-05-13,2026-06-07 00:00:00
CUST003769,Customer 03769,customer03769@example.com,Kolkata,West Bengal,RETURNING,Email,2025-06-18,2025-07-07 00:00:00
CUST003770,Customer 03770,customer03770@example.com,Jaipur,Rajasthan,premium,Direct,2026-08-05,2026-08-06 00:00:00
CUST003771,Customer 03771,customer03771@example.com,Bengaluru,Karnataka,premium,Social,2026-07-15,2026-08-01 00:00:00
CUST003772,Customer 03772,customer03772@example.com,Hyderabad,Telangana,RETURNING,Paid Ads,2026-03-04,2026-03-28 00:00:00
CUST003773,Customer 03773,customer03773@example.com,Chennai,Tamil Nadu,RETURNING,Social,2026-02-23,2026-03-05 00:00:00
CUST003774,Customer 03774,customer03774@example.com,Mumbai,Maharashtra,RETURNING,Affiliate,2025-12-13,2025-12-13 00:00:00
CUST003775,Customer 03775,customer03775@example.com,Kolkata,West Bengal,Dormant,Direct,2026-06-01,2026-06-16 00:00:00
CUST003776,Customer 03776,customer03776@example.com,Noida,Uttar Pradesh,New,Paid Ads,2026-03-31,2026-04-16 00:00:00
CUST003777,Customer 03777,customer03777@example.com,Pune,Maharashtra,Dormant,Email,2025-07-21,2025-08-05 00:00:00
CUST003778,Customer 03778,customer03778@example.com,Ahmedabad,Gujarat,New,Email,2025-06-28,2025-07-07 00:00:00
CUST003779,Customer 03779,customer03779@example.com,Bengaluru,Karnataka,premium,Paid Ads,2025-02-26,2025-03-14 00:00:00
CUST003780,Customer 03780,customer03780@example.com,Bengaluru,Karnataka,RETURNING,Email,2026-05-16,2026-06-14 00:00:00
CUST003781,Customer 03781,customer03781@example.com,Kolkata,West Bengal,premium,Paid Ads,2025-04-22,2025-04-24 00:00:00
CUST003782,Customer 03782,customer03782@example.com,Noida,Uttar Pradesh,RETURNING,Organic,2025-05-28,2025-06-14 00:00:00
CUST003783,Customer 03783,customer03783@example.com,Delhi,Delhi,Dormant,Email,2026-01-13,2026-01-31 00:00:00
CUST003784,Customer 03784,customer03784@example.com,Bengaluru,Karnataka,RETURNING,Paid Ads,2025-12-14,2025-12-27 00:00:00
CUST003785,Customer 03785,customer03785@example.com,Delhi,Delhi,New,Paid Ads,2025-12-24,2026-01-13 00:00:00
CUST003786,Customer 03786,customer03786@example.com,Pune,Maharashtra,RETURNING,Email,2025-02-25,2025-03-21 00:00:00
CUST003787,Customer 03787,customer03787@example.com,Kolkata,West Bengal,New,Organic,2025-11-12,2025-11-13 00:00:00
CUST003788,Customer 03788,customer03788@example.com,Noida,Uttar Pradesh,New,Email,2025-07-04,2025-07-15 00:00:00
CUST003789,Customer 03789,customer03789@example.com,Noida,Uttar Pradesh,RETURNING,Paid Ads,2025-02-23,2025-03-05 00:00:00
CUST003790,Customer 03790,customer03790@example.com,Jaipur,Rajasthan,Dormant,Organic,2025-02-06,2025-03-07 00:00:00
CUST003791,Customer 03791,customer03791@example.com,Ahmedabad,Gujarat,RETURNING,Social,2025-09-27,2025-10-13 00:00:00
CUST003792,Customer 03792,customer03792@example.com,Mumbai,Maharashtra,RETURNING,Affiliate,2026-05-23,2026-06-18 00:00:00
CUST003793,Customer 03793,customer03793@example.com,Mumbai,Maharashtra,RETURNING,Email,2025-08-16,2025-08-21 00:00:00
CUST003794,Customer 03794,customer03794@example.com,Chennai,Tamil Nadu,New,Direct,2026-03-04,2026-03-22 00:00:00
CUST003795,Customer 03795,customer03795@example.com,Hyderabad,Telangana,Dormant,Paid Ads,2025-01-01,2025-01-13 00:00:00
CUST003796,Customer 03796,customer03796@example.com,Kolkata,West Bengal,RETURNING,Organic,2025-01-23,2025-01-29 00:00:00
CUST003797,Customer 03797,customer03797@example.com,Pune,Maharashtra,Dormant,Organic,2026-05-18,2026-06-08 00:00:00
CUST003798,Customer 03798,customer03798@example.com,Noida,Uttar Pradesh,New,Social,2026-03-24,2026-04-03 00:00:00
CUST003799,Customer 03799,customer03799@example.com,Ahmedabad,Gujarat,New,Email,2026-05-11,2026-05-17 00:00:00
CUST003800,Customer 03800,customer03800@example.com,Delhi,Delhi,Dormant,Direct,2026-03-01,2026-03-13 00:00:00
CUST003801,Customer 03801,customer03801@example.com,Kolkata,West Bengal,RETURNING,Organic,2025-01-18,2025-01-30 00:00:00
CUST003802,Customer 03802,customer03802@example.com,Chennai,Tamil Nadu,New,Social,2026-03-21,2026-04-10 00:00:00
CUST003803,Customer 03803,customer03803@example.com,Kolkata,West Bengal,New,Paid Ads,2026-07-15,2026-07-15 00:00:00
CUST003804,Customer 03804,customer03804@example.com,Chennai,Tamil Nadu,premium,Social,2026-07-13,2026-08-11 00:00:00
CUST003805,Customer 03805,customer03805@example.com,Noida,Uttar Pradesh,RETURNING,Email,2025-02-08,2025-02-26 00:00:00
CUST003806,Customer 03806,customer03806@example.com,Hyderabad,Telangana,RETURNING,Social,2025-07-29,2025-08-16 00:00:00
CUST003807,Customer 03807,customer03807@example.com,Chennai,Tamil Nadu,RETURNING,Organic,2025-07-30,2025-08-21 00:00:00
CUST003808,Customer 03808,customer03808@example.com,Noida,Uttar Pradesh,RETURNING,Organic,2026-07-19,2026-08-02 00:00:00
CUST003809,Customer 03809,customer03809@example.com,Noida,Uttar Pradesh,Dormant,Affiliate,2025-10-08,2025-10-21 00:00:00
CUST003810,Customer 03810,customer03810@example.com,Hyderabad,Telangana,New,Social,2025-05-13,2025-06-10 00:00:00
CUST003811,Customer 03811,customer03811@example.com,Mumbai,Maharashtra,RETURNING,Paid Ads,2026-03-25,2026-03-27 00:00:00
CUST003812,Customer 03812,customer03812@example.com,Kolkata,West Bengal,premium,Direct,2025-09-21,2025-10-17 00:00:00
CUST003813,Customer 03813,customer03813@example.com,Bengaluru,Karnataka,New,Direct,2025-04-21,2025-05-11 00:00:00
CUST003814,Customer 03814,customer03814@example.com,Bengaluru,Karnataka,RETURNING,Email,2026-07-09,2026-07-28 00:00:00
CUST003815,Customer 03815,customer03815@example.com,Delhi,Delhi,RETURNING,Affiliate,2025-08-26,2025-08-29 00:00:00
CUST003816,Customer 03816,customer03816@example.com,Delhi,Delhi,RETURNING,Social,2026-04-02,2026-04-30 00:00:00
CUST003817,Customer 03817,customer03817@example.com,Bengaluru,Karnataka,RETURNING,Paid Ads,2026-05-31,2026-06-06 00:00:00
CUST003818,Customer 03818,customer03818@example.com,Pune,Maharashtra,RETURNING,Affiliate,2025-06-22,2025-06-22 00:00:00
CUST003819,Customer 03819,customer03819@example.com,Bengaluru,Karnataka,RETURNING,Organic,2025-07-12,2025-08-03 00:00:00
CUST003820,Customer 03820,customer03820@example.com,Delhi,Delhi,RETURNING,Email,2026-05-30,2026-06-22 00:00:00
CUST003821,Customer 03821,customer03821@example.com,Ahmedabad,Gujarat,RETURNING,Social,2026-07-22,2026-08-09 00:00:00
CUST003822,Customer 03822,customer03822@example.com,Delhi,Delhi,New,Direct,2026-02-13,2026-02-15 00:00:00
CUST003823,Customer 03823,customer03823@example.com,Pune,Maharashtra,RETURNING,Paid Ads,2025-03-25,2025-04-13 00:00:00
CUST003824,Customer 03824,customer03824@example.com,Kolkata,West Bengal,Dormant,Organic,2025-03-21,2025-04-04 00:00:00
CUST003825,Customer 03825,customer03825@example.com,Bengaluru,Karnataka,RETURNING,Affiliate,2026-08-01,2026-08-13 00:00:00
CUST003826,Customer 03826,customer03826@example.com,Hyderabad,Telangana,premium,Email,2025-07-28,2025-08-18 00:00:00
CUST003827,Customer 03827,customer03827@example.com,Ahmedabad,Gujarat,RETURNING,Affiliate,2026-06-06,2026-06-19 00:00:00
CUST003828,Customer 03828,customer03828@example.com,Noida,Uttar Pradesh,Dormant,Direct,2025-07-18,2025-07-24 00:00:00
CUST003829,Customer 03829,customer03829@example.com,Pune,Maharashtra,Dormant,Affiliate,2026-07-25,2026-07-25 00:00:00
CUST003830,Customer 03830,customer03830@example.com,Delhi,Delhi,New,Paid Ads,2025-08-22,2025-09-03 00:00:00
CUST003831,Customer 03831,customer03831@example.com,Hyderabad,Telangana,RETURNING,Organic,2025-09-01,2025-09-04 00:00:00
CUST003832,Customer 03832,customer03832@example.com,Chennai,Tamil Nadu,RETURNING,Social,2026-01-28,2026-02-08 00:00:00
CUST003833,Customer 03833,customer03833@example.com,Mumbai,Maharashtra,RETURNING,Paid Ads,2026-07-20,2026-07-26 00:00:00
CUST003834,Customer 03834,customer03834@example.com,Bengaluru,Karnataka,New,Direct,2026-03-22,2026-04-17 00:00:00
CUST003835,Customer 03835,customer03835@example.com,Mumbai,Maharashtra,premium,Email,2026-01-28,2026-01-29 00:00:00
CUST003836,Customer 03836,customer03836@example.com,Pune,Maharashtra,New,Direct,2025-01-09,2025-01-25 00:00:00
CUST003837,Customer 03837,customer03837@example.com,Chennai,Tamil Nadu,RETURNING,Direct,2025-06-02,2025-06-02 00:00:00
CUST003838,Customer 03838,customer03838@example.com,Chennai,Tamil Nadu,RETURNING,Affiliate,2025-04-20,2025-05-15 00:00:00
CUST003839,Customer 03839,customer03839@example.com,Chennai,Tamil Nadu,New,Email,2025-09-23,2025-10-06 00:00:00
CUST003840,Customer 03840,customer03840@example.com,Noida,Uttar Pradesh,Dormant,Paid Ads,2026-01-08,2026-02-06 00:00:00
CUST003841,Customer 03841,customer03841@example.com,Pune,Maharashtra,premium,Direct,2025-06-01,2025-06-22 00:00:00
CUST003842,Customer 03842,customer03842@example.com,Kolkata,West Bengal,RETURNING,Paid Ads,2026-08-18,2026-09-14 00:00:00
CUST003843,Customer 03843,customer03843@example.com,Mumbai,Maharashtra,RETURNING,Social,2026-02-19,2026-03-11 00:00:00
CUST003844,Customer 03844,customer03844@example.com,Kolkata,West Bengal,New,Affiliate,2025-11-22,2025-11-22 00:00:00
CUST003845,Customer 03845,customer03845@example.com,Hyderabad,Telangana,premium,Paid Ads,2026-07-05,2026-07-30 00:00:00
CUST003846,Customer 03846,customer03846@example.com,Jaipur,Rajasthan,New,Email,2025-06-25,2025-06-27 00:00:00
CUST003847,Customer 03847,customer03847@example.com,Ahmedabad,Gujarat,RETURNING,Direct,2026-06-09,2026-06-19 00:00:00
CUST003848,Customer 03848,customer03848@example.com,Ahmedabad,Gujarat,premium,Social,2025-11-11,2025-11-17 00:00:00
CUST003849,Customer 03849,customer03849@example.com,Kolkata,West Bengal,New,Email,2025-03-08,2025-04-04 00:00:00
CUST003850,Customer 03850,customer03850@example.com,Jaipur,Rajasthan,Dormant,Affiliate,2026-07-07,2026-07-31 00:00:00
CUST003851,Customer 03851,customer03851@example.com,Jaipur,Rajasthan,New,Social,2025-07-03,2025-07-31 00:00:00
CUST003852,Customer 03852,customer03852@example.com,Bengaluru,Karnataka,Dormant,Social,2025-02-04,2025-02-12 00:00:00
CUST003853,Customer 03853,customer03853@example.com,Hyderabad,Telangana,New,Social,2026-05-20,2026-06-10 00:00:00
CUST003854,Customer 03854,customer03854@example.com,Pune,Maharashtra,RETURNING,Direct,2025-03-17,2025-03-19 00:00:00
CUST003855,Customer 03855,customer03855@example.com,Jaipur,Rajasthan,New,Organic,2026-04-17,2026-04-17 00:00:00
CUST003856,Customer 03856,customer03856@example.com,Delhi,Delhi,premium,Social,2026-08-05,2026-08-23 00:00:00
CUST003857,Customer 03857,customer03857@example.com,Ahmedabad,Gujarat,RETURNING,Email,2026-06-07,2026-07-02 00:00:00
CUST003858,Customer 03858,customer03858@example.com,Delhi,Delhi,New,Email,2025-10-10,2025-10-11 00:00:00
CUST003859,Customer 03859,customer03859@example.com,Hyderabad,Telangana,RETURNING,Affiliate,2026-06-20,2026-07-16 00:00:00
CUST003860,Customer 03860,customer03860@example.com,Jaipur,Rajasthan,RETURNING,Paid Ads,2025-10-01,2025-10-21 00:00:00
CUST003861,Customer 03861,customer03861@example.com,Mumbai,Maharashtra,RETURNING,Paid Ads,2026-06-23,2026-07-16 00:00:00
CUST003862,Customer 03862,customer03862@example.com,Ahmedabad,Gujarat,Dormant,Organic,2025-02-23,2025-02-27 00:00:00
CUST003863,Customer 03863,customer03863@example.com,Bengaluru,Karnataka,RETURNING,Direct,2025-02-24,2025-03-12 00:00:00
CUST003864,Customer 03864,customer03864@example.com,Bengaluru,Karnataka,New,Direct,2025-10-04,2025-10-22 00:00:00
CUST003865,Customer 03865,customer03865@example.com,Chennai,Tamil Nadu,New,Social,2026-03-19,2026-04-15 00:00:00
CUST003866,Customer 03866,customer03866@example.com,Noida,Uttar Pradesh,RETURNING,Organic,2026-02-22,2026-02-26 00:00:00
CUST003867,Customer 03867,customer03867@example.com,Jaipur,Rajasthan,RETURNING,Affiliate,2025-08-13,2025-09-04 00:00:00
CUST003868,Customer 03868,customer03868@example.com,Hyderabad,Telangana,RETURNING,Affiliate,2026-07-24,2026-08-13 00:00:00
CUST003869,Customer 03869,customer03869@example.com,Ahmedabad,Gujarat,New,Paid Ads,2025-09-12,2025-09-25 00:00:00
CUST003870,Customer 03870,customer03870@example.com,Noida,Uttar Pradesh,RETURNING,Affiliate,2025-06-25,2025-07-04 00:00:00
CUST003871,Customer 03871,customer03871@example.com,,Telangana,Dormant,Social,2026-07-20,2026-08-09 00:00:00
CUST003872,Customer 03872,customer03872@example.com,Kolkata,West Bengal,New,Email,2025-05-26,2025-06-01 00:00:00
CUST003873,Customer 03873,customer03873@example.com,Jaipur,Rajasthan,RETURNING,Affiliate,2026-01-20,2026-02-17 00:00:00
CUST003874,Customer 03874,customer03874@example.com,Pune,Maharashtra,premium,Organic,2025-09-19,2025-09-26 00:00:00
CUST003875,Customer 03875,customer03875@example.com,Pune,Maharashtra,premium,Social,2026-06-15,2026-07-14 00:00:00
CUST003876,Customer 03876,customer03876@example.com,Jaipur,Rajasthan,RETURNING,Affiliate,2026-01-06,2026-01-13 00:00:00
CUST003877,Customer 03877,customer03877@example.com,Chennai,Tamil Nadu,RETURNING,Direct,2025-07-16,2025-07-22 00:00:00
CUST003878,Customer 03878,customer03878@example.com,Chennai,Tamil Nadu,Dormant,Affiliate,2026-08-08,2026-08-20 00:00:00
CUST003879,Customer 03879,customer03879@example.com,Pune,Maharashtra,New,Direct,2026-08-20,2026-09-02 00:00:00
CUST003880,Customer 03880,customer03880@example.com,Mumbai,Maharashtra,RETURNING,Social,2025-10-11,2025-10-29 00:00:00
CUST003881,Customer 03881,customer03881@example.com,Ahmedabad,Gujarat,New,Affiliate,2025-10-29,2025-11-08 00:00:00
CUST003882,Customer 03882,customer03882@example.com,Pune,Maharashtra,RETURNING,Direct,2025-05-12,2025-05-13 00:00:00
CUST003883,Customer 03883,customer03883@example.com,Mumbai,Maharashtra,RETURNING,Email,2025-04-30,2025-05-16 00:00:00
CUST003884,Customer 03884,customer03884@example.com,Noida,Uttar Pradesh,premium,Paid Ads,2025-05-16,2025-05-21 00:00:00
CUST003885,Customer 03885,customer03885@example.com,Mumbai,Maharashtra,New,Social,2026-07-27,2026-08-24 00:00:00
CUST003886,Customer 03886,customer03886@example.com,Noida,Uttar Pradesh,RETURNING,Direct,2026-06-13,2026-06-21 00:00:00
CUST003887,Customer 03887,customer03887@example.com,Hyderabad,Telangana,RETURNING,Organic,2025-02-03,2025-02-21 00:00:00
CUST003888,Customer 03888,customer03888@example.com,Delhi,Delhi,RETURNING,Affiliate,2026-06-16,2026-06-20 00:00:00
CUST003889,Customer 03889,customer03889@example.com,Hyderabad,Telangana,premium,Direct,2025-07-27,2025-08-04 00:00:00
CUST003890,Customer 03890,customer03890@example.com,Pune,Maharashtra,RETURNING,Direct,2025-10-26,2025-11-24 00:00:00
CUST003891,Customer 03891,customer03891@example.com,Noida,Uttar Pradesh,Dormant,Direct,2026-06-06,2026-07-05 00:00:00
CUST003892,Customer 03892,customer03892@example.com,Pune,Maharashtra,RETURNING,Paid Ads,2025-04-04,2025-04-28 00:00:00
CUST003893,Customer 03893,customer03893@example.com,Jaipur,Rajasthan,RETURNING,Organic,2026-02-18,2026-02-24 00:00:00
CUST003894,Customer 03894,customer03894@example.com,Ahmedabad,Gujarat,premium,Organic,2026-01-06,2026-02-04 00:00:00
CUST003895,Customer 03895,customer03895@example.com,Bengaluru,Karnataka,New,Email,2026-02-13,2026-02-16 00:00:00
CUST003896,Customer 03896,customer03896@example.com,Pune,Maharashtra,New,Paid Ads,2026-01-18,2026-02-13 00:00:00
CUST003897,Customer 03897,customer03897@example.com,,Gujarat,premium,Direct,2026-03-17,2026-04-03 00:00:00
CUST003898,Customer 03898,customer03898@example.com,Mumbai,Maharashtra,RETURNING,Social,2026-03-23,2026-04-09 00:00:00
CUST003899,Customer 03899,customer03899@example.com,Hyderabad,Telangana,Dormant,Paid Ads,2025-03-12,2025-03-31 00:00:00
CUST003900,Customer 03900,customer03900@example.com,Mumbai,Maharashtra,Dormant,Paid Ads,2025-03-25,2025-04-10 00:00:00
CUST003901,Customer 03901,customer03901@example.com,Bengaluru,Karnataka,RETURNING,Organic,2025-07-28,2025-08-26 00:00:00
CUST003902,Customer 03902,customer03902@example.com,Noida,Uttar Pradesh,RETURNING,Email,2025-09-16,2025-09-19 00:00:00
CUST003903,Customer 03903,customer03903@example.com,Jaipur,Rajasthan,RETURNING,Email,2025-08-27,2025-09-23 00:00:00
CUST003904,Customer 03904,customer03904@example.com,Ahmedabad,Gujarat,RETURNING,Paid Ads,2025-10-29,2025-11-27 00:00:00
CUST003905,Customer 03905,customer03905@example.com,Jaipur,Rajasthan,premium,Paid Ads,2025-08-20,2025-09-15 00:00:00
CUST003906,Customer 03906,customer03906@example.com,Delhi,Delhi,premium,Affiliate,2025-10-09,2025-10-30 00:00:00
CUST003907,Customer 03907,customer03907@example.com,Pune,Maharashtra,RETURNING,Direct,2026-01-29,2026-02-13 00:00:00
CUST003908,Customer 03908,customer03908@example.com,Noida,Uttar Pradesh,New,Organic,2026-02-22,2026-03-15 00:00:00
CUST003909,Customer 03909,customer03909@example.com,Delhi,Delhi,RETURNING,Direct,2025-07-25,2025-08-16 00:00:00
CUST003910,Customer 03910,customer03910@example.com,Kolkata,West Bengal,New,Social,2025-09-21,2025-09-25 00:00:00
CUST003911,Customer 03911,customer03911@example.com,Pune,Maharashtra,premium,Social,2025-11-07,2025-11-15 00:00:00
CUST003912,Customer 03912,customer03912@example.com,Mumbai,Maharashtra,New,Email,2025-03-20,2025-03-21 00:00:00
CUST003913,Customer 03913,customer03913@example.com,Hyderabad,Telangana,premium,Organic,2025-12-08,2025-12-09 00:00:00
CUST003914,Customer 03914,customer03914@example.com,Ahmedabad,Gujarat,RETURNING,Direct,2026-07-16,2026-07-19 00:00:00
CUST003915,Customer 03915,customer03915@example.com,Bengaluru,Karnataka,premium,Email,2025-04-05,2025-04-24 00:00:00
CUST003916,Customer 03916,customer03916@example.com,Bengaluru,Karnataka,RETURNING,Social,2025-12-17,2026-01-05 00:00:00
CUST003917,Customer 03917,customer03917@example.com,Mumbai,Maharashtra,RETURNING,Paid Ads,2025-03-03,2025-03-19 00:00:00
CUST003918,Customer 03918,customer03918@example.com,Chennai,Tamil Nadu,RETURNING,Organic,2025-05-22,2025-06-10 00:00:00
CUST003919,Customer 03919,customer03919@example.com,Bengaluru,Karnataka,premium,Organic,2025-04-21,2025-05-18 00:00:00
CUST003920,Customer 03920,customer03920@example.com,Ahmedabad,Gujarat,RETURNING,Direct,2026-06-11,2026-07-01 00:00:00
CUST003921,Customer 03921,customer03921@example.com,Mumbai,Maharashtra,RETURNING,Affiliate,2025-06-06,2025-06-30 00:00:00
CUST003922,Customer 03922,customer03922@example.com,Noida,Uttar Pradesh,RETURNING,Direct,2026-06-23,2026-07-11 00:00:00
CUST003923,Customer 03923,customer03923@example.com,Bengaluru,Karnataka,New,Paid Ads,2026-08-20,2026-08-22 00:00:00
CUST003924,Customer 03924,customer03924@example.com,Jaipur,Rajasthan,RETURNING,Paid Ads,2025-01-09,2025-02-07 00:00:00
CUST003925,Customer 03925,customer03925@example.com,Mumbai,Maharashtra,Dormant,Email,2025-10-03,2025-10-07 00:00:00
CUST003926,Customer 03926,customer03926@example.com,,Gujarat,New,Organic,2025-08-15,2025-08-24 00:00:00
CUST003927,Customer 03927,customer03927@example.com,Jaipur,Rajasthan,RETURNING,Email,2025-07-05,2025-07-10 00:00:00
CUST003928,Customer 03928,,Pune,Maharashtra,RETURNING,Paid Ads,2026-08-14,2026-08-16 00:00:00
CUST003929,Customer 03929,customer03929@example.com,Pune,Maharashtra,RETURNING,Affiliate,2025-08-04,2025-08-20 00:00:00
CUST003930,Customer 03930,customer03930@example.com,Bengaluru,Karnataka,New,Organic,2026-03-09,2026-03-18 00:00:00
CUST003931,Customer 03931,customer03931@example.com,Jaipur,Rajasthan,RETURNING,Paid Ads,2026-07-23,2026-08-15 00:00:00
CUST003932,Customer 03932,customer03932@example.com,Hyderabad,Telangana,New,Affiliate,2025-12-22,2026-01-02 00:00:00
CUST003933,Customer 03933,customer03933@example.com,Pune,Maharashtra,New,Direct,2026-01-27,2026-01-27 00:00:00
CUST003934,Customer 03934,customer03934@example.com,Hyderabad,Telangana,premium,Social,2026-08-02,2026-08-19 00:00:00
CUST003935,Customer 03935,customer03935@example.com,Noida,Uttar Pradesh,RETURNING,Paid Ads,2025-10-02,2025-10-20 00:00:00
CUST003936,Customer 03936,customer03936@example.com,Mumbai,Maharashtra,Dormant,Social,2026-05-09,2026-05-30 00:00:00
CUST003937,Customer 03937,customer03937@example.com,Delhi,Delhi,New,Email,2026-03-27,2026-04-15 00:00:00
CUST003938,Customer 03938,customer03938@example.com,Ahmedabad,Gujarat,RETURNING,Social,2026-02-24,2026-02-27 00:00:00
CUST003939,Customer 03939,customer03939@example.com,Mumbai,Maharashtra,New,Paid Ads,2025-06-13,2025-06-27 00:00:00
CUST003940,Customer 03940,customer03940@example.com,Ahmedabad,Gujarat,RETURNING,Social,2026-07-17,2026-07-25 00:00:00
CUST003941,Customer 03941,customer03941@example.com,Jaipur,Rajasthan,Dormant,Organic,2026-08-15,2026-08-20 00:00:00
CUST003942,Customer 03942,customer03942@example.com,Noida,Uttar Pradesh,Dormant,Paid Ads,2025-07-02,2025-07-13 00:00:00
CUST003943,Customer 03943,customer03943@example.com,Kolkata,West Bengal,New,Affiliate,2025-11-06,2025-11-23 00:00:00
CUST003944,Customer 03944,customer03944@example.com,Bengaluru,Karnataka,RETURNING,Social,2025-01-17,2025-02-08 00:00:00
CUST003945,Customer 03945,customer03945@example.com,Ahmedabad,Gujarat,RETURNING,Organic,2026-03-22,2026-04-05 00:00:00
CUST003946,Customer 03946,customer03946@example.com,Ahmedabad,Gujarat,New,Email,2025-06-19,2025-07-17 00:00:00
CUST003947,Customer 03947,customer03947@example.com,Jaipur,Rajasthan,New,Email,2025-10-07,2025-10-25 00:00:00
CUST003948,Customer 03948,customer03948@example.com,Hyderabad,Telangana,Dormant,Social,2025-12-06,2025-12-14 00:00:00
CUST003949,Customer 03949,customer03949@example.com,Mumbai,Maharashtra,Dormant,Email,2026-06-03,2026-06-24 00:00:00
CUST003950,Customer 03950,customer03950@example.com,Kolkata,West Bengal,Dormant,Affiliate,2025-01-11,2025-02-03 00:00:00
CUST003951,Customer 03951,customer03951@example.com,Chennai,Tamil Nadu,premium,Paid Ads,2026-06-08,2026-06-20 00:00:00
CUST003952,Customer 03952,customer03952@example.com,Bengaluru,Karnataka,RETURNING,Organic,2025-05-13,2025-05-28 00:00:00
CUST003953,Customer 03953,customer03953@example.com,Delhi,Delhi,RETURNING,Direct,2025-05-28,2025-06-09 00:00:00
CUST003954,Customer 03954,customer03954@example.com,Chennai,Tamil Nadu,New,Social,2026-07-20,2026-07-20 00:00:00
CUST003955,Customer 03955,customer03955@example.com,Mumbai,Maharashtra,New,Email,2025-03-20,2025-04-06 00:00:00
CUST003956,Customer 03956,customer03956@example.com,Bengaluru,Karnataka,RETURNING,Paid Ads,2025-12-12,2026-01-02 00:00:00
CUST003957,Customer 03957,customer03957@example.com,Ahmedabad,Gujarat,premium,Direct,2025-09-06,2025-09-08 00:00:00
CUST003958,Customer 03958,customer03958@example.com,Delhi,Delhi,premium,Affiliate,2026-06-26,2026-07-12 00:00:00
CUST003959,Customer 03959,customer03959@example.com,Hyderabad,Telangana,Dormant,Email,2025-01-24,2025-02-14 00:00:00
CUST003960,Customer 03960,customer03960@example.com,Kolkata,West Bengal,Dormant,Email,2026-04-16,2026-04-20 00:00:00
CUST003961,Customer 03961,customer03961@example.com,Hyderabad,Telangana,Dormant,Organic,2025-07-20,2025-08-17 00:00:00
CUST003962,Customer 03962,customer03962@example.com,Noida,Uttar Pradesh,New,Affiliate,2025-05-11,2025-06-04 00:00:00
CUST003963,Customer 03963,customer03963@example.com,Jaipur,Rajasthan,premium,Affiliate,2025-12-22,2025-12-27 00:00:00
CUST003964,Customer 03964,customer03964@example.com,Bengaluru,Karnataka,RETURNING,Social,2025-05-30,2025-06-19 00:00:00
CUST003965,Customer 03965,customer03965@example.com,Hyderabad,Telangana,New,Direct,2026-06-10,2026-06-26 00:00:00
CUST003966,Customer 03966,customer03966@example.com,Chennai,Tamil Nadu,Dormant,Organic,2025-10-31,2025-11-16 00:00:00
CUST003967,Customer 03967,,Jaipur,Rajasthan,Dormant,Social,2026-06-25,2026-07-21 00:00:00
CUST003968,Customer 03968,customer03968@example.com,Hyderabad,Telangana,New,Organic,2025-02-19,2025-02-19 00:00:00
CUST003969,Customer 03969,customer03969@example.com,Pune,Maharashtra,New,Affiliate,2026-04-09,2026-04-15 00:00:00
CUST003970,Customer 03970,customer03970@example.com,Noida,Uttar Pradesh,RETURNING,Organic,2025-08-28,2025-09-18 00:00:00
CUST003971,Customer 03971,customer03971@example.com,Mumbai,Maharashtra,RETURNING,Organic,2026-04-27,2026-05-26 00:00:00
CUST003972,Customer 03972,customer03972@example.com,,West Bengal,Dormant,Organic,2026-03-31,2026-04-15 00:00:00
CUST003973,Customer 03973,customer03973@example.com,Noida,Uttar Pradesh,New,Paid Ads,2025-10-10,2025-10-14 00:00:00
CUST003974,Customer 03974,customer03974@example.com,Jaipur,Rajasthan,New,Paid Ads,2025-12-01,2025-12-16 00:00:00
CUST003975,Customer 03975,customer03975@example.com,Pune,Maharashtra,New,Direct,2025-12-18,2025-12-21 00:00:00
CUST003976,Customer 03976,customer03976@example.com,Bengaluru,Karnataka,New,Direct,2025-11-23,2025-12-03 00:00:00
CUST003977,Customer 03977,customer03977@example.com,Chennai,Tamil Nadu,New,Affiliate,2025-12-02,2025-12-15 00:00:00
CUST003978,Customer 03978,customer03978@example.com,Kolkata,West Bengal,Dormant,Organic,2025-03-22,2025-04-19 00:00:00
CUST003979,Customer 03979,customer03979@example.com,Kolkata,West Bengal,RETURNING,Affiliate,2025-03-28,2025-04-09 00:00:00
CUST003980,Customer 03980,customer03980@example.com,Noida,Uttar Pradesh,RETURNING,Paid Ads,2025-09-15,2025-10-11 00:00:00
CUST003981,Customer 03981,customer03981@example.com,Jaipur,Rajasthan,New,Organic,2025-07-04,2025-07-27 00:00:00
CUST003982,Customer 03982,customer03982@example.com,Bengaluru,Karnataka,New,Social,2025-05-03,2025-05-29 00:00:00
CUST003983,Customer 03983,customer03983@example.com,Ahmedabad,Gujarat,premium,Paid Ads,2025-04-06,2025-04-13 00:00:00
CUST003984,Customer 03984,customer03984@example.com,Pune,Maharashtra,RETURNING,Paid Ads,2026-05-30,2026-06-19 00:00:00
CUST003985,Customer 03985,customer03985@example.com,Ahmedabad,Gujarat,premium,Paid Ads,2026-03-19,2026-04-07 00:00:00
CUST003986,Customer 03986,customer03986@example.com,Chennai,Tamil Nadu,RETURNING,Organic,2026-05-29,2026-06-12 00:00:00
CUST003987,Customer 03987,customer03987@example.com,Bengaluru,Karnataka,RETURNING,Direct,2026-01-06,2026-01-23 00:00:00
CUST003988,Customer 03988,customer03988@example.com,Bengaluru,Karnataka,RETURNING,Email,2025-11-01,2025-11-07 00:00:00
CUST003989,Customer 03989,customer03989@example.com,,Maharashtra,RETURNING,Social,2025-12-23,2026-01-12 00:00:00
CUST003990,Customer 03990,customer03990@example.com,Delhi,Delhi,premium,Social,2025-05-28,2025-06-15 00:00:00
CUST003991,Customer 03991,customer03991@example.com,Ahmedabad,Gujarat,New,Affiliate,2025-10-12,2025-11-05 00:00:00
CUST003992,Customer 03992,customer03992@example.com,Hyderabad,Telangana,RETURNING,Organic,2025-09-19,2025-09-27 00:00:00
CUST003993,Customer 03993,customer03993@example.com,Kolkata,West Bengal,New,Direct,2026-07-28,2026-08-07 00:00:00
CUST003994,Customer 03994,customer03994@example.com,Delhi,Delhi,RETURNING,Paid Ads,2026-05-06,2026-06-01 00:00:00
CUST003995,Customer 03995,customer03995@example.com,Hyderabad,Telangana,Dormant,Email,2025-01-31,2025-02-09 00:00:00
CUST003996,Customer 03996,customer03996@example.com,Jaipur,Rajasthan,RETURNING,Organic,2025-09-25,2025-10-08 00:00:00
CUST003997,Customer 03997,customer03997@example.com,Pune,Maharashtra,RETURNING,Organic,2025-01-12,2025-01-27 00:00:00
CUST003998,Customer 03998,customer03998@example.com,Jaipur,Rajasthan,Dormant,Direct,2025-07-10,2025-08-05 00:00:00
CUST003999,Customer 03999,customer03999@example.com,Kolkata,West Bengal,RETURNING,Email,2026-02-04,2026-02-11 00:00:00
CUST004000,Customer 04000,customer04000@example.com,Mumbai,Maharashtra,New,Paid Ads,2026-06-21,2026-06-21 00:00:00
CUST004001,Customer 04001,customer04001@example.com,,Telangana,New,Organic,2025-04-01,2025-04-12 00:00:00
CUST004002,Customer 04002,customer04002@example.com,Delhi,Delhi,premium,Social,2026-08-23,2026-08-25 00:00:00
CUST004003,Customer 04003,customer04003@example.com,Hyderabad,Telangana,premium,Social,2026-05-16,2026-05-17 00:00:00
CUST004004,Customer 04004,customer04004@example.com,Hyderabad,Telangana,RETURNING,Email,2025-10-28,2025-11-12 00:00:00
CUST004005,Customer 04005,customer04005@example.com,Pune,Maharashtra,RETURNING,Paid Ads,2025-04-21,2025-04-24 00:00:00
CUST004006,Customer 04006,customer04006@example.com,Jaipur,Rajasthan,Dormant,Email,2025-03-21,2025-03-22 00:00:00
CUST004007,Customer 04007,customer04007@example.com,Ahmedabad,Gujarat,New,Organic,2026-03-09,2026-03-20 00:00:00
CUST004008,Customer 04008,customer04008@example.com,Mumbai,Maharashtra,RETURNING,Social,2026-02-21,2026-03-19 00:00:00
CUST004009,Customer 04009,customer04009@example.com,Pune,Maharashtra,New,Affiliate,2025-08-02,2025-08-25 00:00:00
CUST004010,Customer 04010,customer04010@example.com,Chennai,Tamil Nadu,premium,Email,2026-03-23,2026-04-08 00:00:00
CUST004011,Customer 04011,customer04011@example.com,Pune,Maharashtra,New,Affiliate,2025-01-18,2025-02-06 00:00:00
CUST004012,Customer 04012,customer04012@example.com,Kolkata,West Bengal,RETURNING,Affiliate,2025-02-23,2025-03-15 00:00:00
CUST004013,Customer 04013,customer04013@example.com,Mumbai,Maharashtra,New,Direct,2025-08-28,2025-09-26 00:00:00
CUST004014,Customer 04014,customer04014@example.com,Bengaluru,Karnataka,RETURNING,Social,2026-02-22,2026-03-03 00:00:00
CUST004015,Customer 04015,customer04015@example.com,Chennai,Tamil Nadu,premium,Email,2026-05-01,2026-05-20 00:00:00
CUST004016,Customer 04016,customer04016@example.com,Noida,Uttar Pradesh,RETURNING,Affiliate,2026-03-20,2026-03-27 00:00:00
CUST004017,Customer 04017,customer04017@example.com,Pune,Maharashtra,RETURNING,Organic,2026-07-20,2026-08-06 00:00:00
CUST004018,Customer 04018,customer04018@example.com,Hyderabad,Telangana,RETURNING,Direct,2026-08-22,2026-09-15 00:00:00
CUST004019,Customer 04019,customer04019@example.com,Ahmedabad,Gujarat,RETURNING,Paid Ads,2025-05-03,2025-05-20 00:00:00
CUST004020,Customer 04020,customer04020@example.com,Bengaluru,Karnataka,premium,Direct,2026-02-24,2026-03-13 00:00:00
CUST004021,Customer 04021,customer04021@example.com,Pune,Maharashtra,New,Paid Ads,2026-07-20,2026-08-17 00:00:00
CUST004022,Customer 04022,customer04022@example.com,Pune,Maharashtra,premium,Social,2025-08-04,2025-08-05 00:00:00
CUST004023,Customer 04023,customer04023@example.com,Delhi,Delhi,New,Email,2026-02-24,2026-03-07 00:00:00
CUST004024,Customer 04024,customer04024@example.com,Delhi,Delhi,New,Email,2026-07-05,2026-07-14 00:00:00
CUST004025,Customer 04025,customer04025@example.com,Bengaluru,Karnataka,RETURNING,Paid Ads,2025-08-16,2025-08-23 00:00:00
CUST004026,Customer 04026,customer04026@example.com,Jaipur,Rajasthan,RETURNING,Organic,2025-08-25,2025-09-12 00:00:00
CUST004027,Customer 04027,customer04027@example.com,Delhi,Delhi,RETURNING,Paid Ads,2025-11-26,2025-12-05 00:00:00
CUST004028,Customer 04028,customer04028@example.com,Hyderabad,Telangana,premium,Paid Ads,2026-04-14,2026-04-24 00:00:00
CUST004029,Customer 04029,customer04029@example.com,Chennai,Tamil Nadu,New,Email,2026-05-02,2026-05-15 00:00:00
CUST004030,Customer 04030,customer04030@example.com,Noida,Uttar Pradesh,New,Affiliate,2026-07-03,2026-07-28 00:00:00
CUST004031,Customer 04031,customer04031@example.com,Mumbai,Maharashtra,premium,Organic,2026-08-02,2026-08-16 00:00:00
CUST004032,Customer 04032,customer04032@example.com,Noida,Uttar Pradesh,premium,Email,2026-02-19,2026-03-20 00:00:00
CUST004033,Customer 04033,customer04033@example.com,Noida,Uttar Pradesh,New,Direct,2025-08-07,2025-08-30 00:00:00
CUST004034,Customer 04034,customer04034@example.com,Mumbai,Maharashtra,RETURNING,Paid Ads,2026-01-16,2026-02-07 00:00:00
CUST004035,Customer 04035,customer04035@example.com,Delhi,Delhi,RETURNING,Affiliate,2025-03-28,2025-04-06 00:00:00
CUST004036,Customer 04036,customer04036@example.com,Bengaluru,Karnataka,premium,Organic,2026-04-06,2026-04-09 00:00:00
CUST004037,Customer 04037,customer04037@example.com,Mumbai,Maharashtra,Dormant,Social,2026-02-15,2026-02-21 00:00:00
CUST004038,Customer 04038,customer04038@example.com,Kolkata,West Bengal,Dormant,Organic,2026-06-09,2026-06-19 00:00:00
CUST004039,Customer 04039,customer04039@example.com,Jaipur,Rajasthan,premium,Organic,2026-03-23,2026-04-15 00:00:00
CUST004040,Customer 04040,customer04040@example.com,Chennai,Tamil Nadu,New,Paid Ads,2025-10-27,2025-11-17 00:00:00
CUST004041,Customer 04041,customer04041@example.com,Ahmedabad,Gujarat,premium,Paid Ads,2026-02-12,2026-03-05 00:00:00
CUST004042,Customer 04042,customer04042@example.com,Delhi,Delhi,RETURNING,Social,2026-01-10,2026-01-12 00:00:00
CUST004043,Customer 04043,customer04043@example.com,Jaipur,Rajasthan,New,Social,2025-08-21,2025-08-25 00:00:00
CUST004044,Customer 04044,customer04044@example.com,Mumbai,Maharashtra,RETURNING,Social,2025-02-18,2025-03-15 00:00:00
CUST004045,Customer 04045,customer04045@example.com,Kolkata,West Bengal,Dormant,Email,2025-07-05,2025-07-06 00:00:00
CUST004046,Customer 04046,customer04046@example.com,Ahmedabad,Gujarat,Dormant,Email,2025-07-24,2025-08-04 00:00:00
CUST004047,Customer 04047,customer04047@example.com,Chennai,Tamil Nadu,New,Paid Ads,2025-03-19,2025-04-08 00:00:00
CUST004048,Customer 04048,customer04048@example.com,Chennai,Tamil Nadu,premium,Paid Ads,2026-04-26,2026-04-30 00:00:00
CUST004049,Customer 04049,customer04049@example.com,Delhi,Delhi,premium,Social,2026-01-21,2026-01-27 00:00:00
CUST004050,Customer 04050,customer04050@example.com,Mumbai,Maharashtra,New,Email,2025-07-13,2025-07-16 00:00:00
CUST004051,Customer 04051,customer04051@example.com,Jaipur,Rajasthan,RETURNING,Affiliate,2025-04-13,2025-05-12 00:00:00
CUST004052,Customer 04052,customer04052@example.com,Bengaluru,Karnataka,premium,Email,2026-01-11,2026-01-21 00:00:00
CUST004053,Customer 04053,customer04053@example.com,Jaipur,Rajasthan,RETURNING,Paid Ads,2025-10-14,2025-11-04 00:00:00
CUST004054,Customer 04054,customer04054@example.com,,Rajasthan,New,Email,2026-04-27,2026-05-05 00:00:00
CUST004055,Customer 04055,customer04055@example.com,Chennai,Tamil Nadu,premium,Paid Ads,2025-09-07,2025-09-10 00:00:00
CUST004056,Customer 04056,customer04056@example.com,Bengaluru,Karnataka,Dormant,Social,2025-07-20,2025-08-15 00:00:00
CUST004057,Customer 04057,customer04057@example.com,Bengaluru,Karnataka,RETURNING,Social,2026-06-20,2026-07-19 00:00:00
CUST004058,Customer 04058,customer04058@example.com,Delhi,Delhi,premium,Social,2026-04-06,2026-04-27 00:00:00
CUST004059,Customer 04059,customer04059@example.com,Ahmedabad,Gujarat,RETURNING,Affiliate,2025-10-27,2025-11-24 00:00:00
CUST004060,Customer 04060,customer04060@example.com,Pune,Maharashtra,New,Affiliate,2026-04-23,2026-05-20 00:00:00
CUST004061,Customer 04061,customer04061@example.com,Noida,Uttar Pradesh,RETURNING,Paid Ads,2025-03-24,2025-04-01 00:00:00
CUST004062,Customer 04062,customer04062@example.com,Noida,Uttar Pradesh,RETURNING,Organic,2026-04-03,2026-04-28 00:00:00
CUST004063,Customer 04063,customer04063@example.com,Chennai,Tamil Nadu,Dormant,Direct,2025-10-25,2025-11-05 00:00:00
CUST004064,Customer 04064,customer04064@example.com,Pune,Maharashtra,New,Affiliate,2025-12-30,2026-01-14 00:00:00
CUST004065,Customer 04065,customer04065@example.com,Ahmedabad,Gujarat,RETURNING,Paid Ads,2025-02-09,2025-02-09 00:00:00
CUST004066,Customer 04066,customer04066@example.com,Pune,Maharashtra,RETURNING,Email,2025-12-06,2025-12-13 00:00:00
CUST004067,Customer 04067,customer04067@example.com,Delhi,Delhi,Dormant,Social,2026-05-31,2026-05-31 00:00:00
CUST004068,Customer 04068,customer04068@example.com,Jaipur,Rajasthan,New,Social,2025-04-18,2025-05-07 00:00:00
CUST004069,Customer 04069,customer04069@example.com,Chennai,Tamil Nadu,New,Social,2025-11-12,2025-11-30 00:00:00
CUST004070,Customer 04070,customer04070@example.com,Bengaluru,Karnataka,New,Paid Ads,2025-04-24,2025-04-27 00:00:00
CUST004071,Customer 04071,customer04071@example.com,Chennai,Tamil Nadu,premium,Social,2025-06-16,2025-06-29 00:00:00
CUST004072,Customer 04072,customer04072@example.com,Noida,Uttar Pradesh,New,Affiliate,2025-09-18,2025-10-10 00:00:00
CUST004073,Customer 04073,customer04073@example.com,Ahmedabad,Gujarat,New,Email,2025-08-12,2025-09-09 00:00:00
CUST004074,Customer 04074,customer04074@example.com,Pune,Maharashtra,New,Social,2025-09-19,2025-10-02 00:00:00
CUST004075,Customer 04075,customer04075@example.com,Ahmedabad,Gujarat,premium,Paid Ads,2025-09-08,2025-09-16 00:00:00
CUST004076,Customer 04076,customer04076@example.com,Delhi,Delhi,New,Email,2026-06-10,2026-06-18 00:00:00
CUST004077,Customer 04077,customer04077@example.com,Chennai,Tamil Nadu,RETURNING,Social,2025-05-06,2025-05-31 00:00:00
CUST004078,Customer 04078,customer04078@example.com,Mumbai,Maharashtra,New,Organic,2025-07-25,2025-08-10 00:00:00
CUST004079,Customer 04079,customer04079@example.com,Chennai,Tamil Nadu,RETURNING,Social,2025-05-20,2025-06-03 00:00:00
CUST004080,Customer 04080,customer04080@example.com,Bengaluru,Karnataka,premium,Direct,2025-03-03,2025-03-12 00:00:00
CUST004081,Customer 04081,customer04081@example.com,Chennai,Tamil Nadu,RETURNING,Affiliate,2025-10-10,2025-10-26 00:00:00
CUST004082,Customer 04082,customer04082@example.com,Kolkata,West Bengal,Dormant,Email,2025-02-23,2025-03-03 00:00:00
CUST004083,Customer 04083,customer04083@example.com,Delhi,Delhi,Dormant,Affiliate,2025-12-12,2025-12-15 00:00:00
CUST004084,Customer 04084,customer04084@example.com,Hyderabad,Telangana,RETURNING,Organic,2026-06-08,2026-07-05 00:00:00
CUST004085,Customer 04085,customer04085@example.com,Delhi,Delhi,premium,Organic,2025-05-16,2025-06-13 00:00:00
CUST004086,Customer 04086,customer04086@example.com,Pune,Maharashtra,premium,Direct,2025-11-26,2025-12-09 00:00:00
CUST004087,Customer 04087,customer04087@example.com,Hyderabad,Telangana,Dormant,Affiliate,2025-05-24,2025-05-26 00:00:00
CUST004088,Customer 04088,customer04088@example.com,Pune,Maharashtra,RETURNING,Email,2026-03-12,2026-04-09 00:00:00
CUST004089,Customer 04089,customer04089@example.com,Pune,Maharashtra,RETURNING,Organic,2025-10-09,2025-11-02 00:00:00
CUST004090,Customer 04090,customer04090@example.com,Bengaluru,Karnataka,RETURNING,Organic,2025-05-16,2025-06-05 00:00:00
CUST004091,Customer 04091,customer04091@example.com,Bengaluru,Karnataka,Dormant,Social,2026-05-04,2026-05-15 00:00:00
CUST004092,Customer 04092,customer04092@example.com,Jaipur,Rajasthan,New,Direct,2026-02-05,2026-02-26 00:00:00
CUST004093,Customer 04093,customer04093@example.com,Noida,Uttar Pradesh,New,Paid Ads,2026-03-25,2026-03-25 00:00:00
CUST004094,Customer 04094,customer04094@example.com,Jaipur,Rajasthan,RETURNING,Organic,2025-09-27,2025-09-27 00:00:00
CUST004095,Customer 04095,customer04095@example.com,Jaipur,Rajasthan,New,Email,2025-01-17,2025-01-29 00:00:00
CUST004096,Customer 04096,customer04096@example.com,Noida,Uttar Pradesh,RETURNING,Email,2025-09-26,2025-10-09 00:00:00
CUST004097,Customer 04097,customer04097@example.com,Mumbai,Maharashtra,New,Social,2026-04-27,2026-05-12 00:00:00
CUST004098,Customer 04098,customer04098@example.com,Hyderabad,Telangana,RETURNING,Email,2025-08-07,2025-08-13 00:00:00
CUST004099,Customer 04099,customer04099@example.com,Ahmedabad,Gujarat,Dormant,Social,2025-11-15,2025-11-24 00:00:00
CUST004100,Customer 04100,customer04100@example.com,,Rajasthan,RETURNING,Organic,2025-08-26,2025-09-09 00:00:00
CUST004101,Customer 04101,customer04101@example.com,,Tamil Nadu,premium,Organic,2026-06-29,2026-07-06 00:00:00
CUST004102,Customer 04102,customer04102@example.com,Chennai,Tamil Nadu,New,Organic,2025-10-12,2025-10-22 00:00:00
CUST004103,Customer 04103,customer04103@example.com,Pune,Maharashtra,New,Organic,2025-02-06,2025-03-01 00:00:00
CUST004104,Customer 04104,customer04104@example.com,Noida,Uttar Pradesh,premium,Paid Ads,2025-04-13,2025-04-26 00:00:00
CUST004105,Customer 04105,customer04105@example.com,Pune,Maharashtra,premium,Direct,2026-03-06,2026-03-18 00:00:00
CUST004106,Customer 04106,customer04106@example.com,Kolkata,West Bengal,RETURNING,Direct,2025-08-27,2025-09-18 00:00:00
CUST004107,Customer 04107,customer04107@example.com,Kolkata,West Bengal,Dormant,Paid Ads,2025-05-05,2025-05-17 00:00:00
CUST004108,Customer 04108,customer04108@example.com,Ahmedabad,Gujarat,Dormant,Organic,2026-07-19,2026-08-14 00:00:00
CUST004109,Customer 04109,customer04109@example.com,Bengaluru,Karnataka,Dormant,Email,2026-08-23,2026-08-31 00:00:00
CUST004110,Customer 04110,customer04110@example.com,Bengaluru,Karnataka,RETURNING,Social,2025-07-07,2025-07-23 00:00:00
CUST004111,Customer 04111,customer04111@example.com,Noida,Uttar Pradesh,New,Direct,2025-09-13,2025-09-30 00:00:00
CUST004112,Customer 04112,customer04112@example.com,Noida,Uttar Pradesh,RETURNING,Affiliate,2026-08-08,2026-09-05 00:00:00
CUST004113,Customer 04113,customer04113@example.com,Jaipur,Rajasthan,RETURNING,Social,2026-06-14,2026-07-02 00:00:00
CUST004114,Customer 04114,customer04114@example.com,Kolkata,West Bengal,New,Affiliate,2026-01-27,2026-02-08 00:00:00
CUST004115,Customer 04115,customer04115@example.com,Jaipur,Rajasthan,premium,Affiliate,2026-04-13,2026-04-24 00:00:00
CUST004116,Customer 04116,customer04116@example.com,Bengaluru,Karnataka,New,Organic,2025-09-10,2025-10-08 00:00:00
CUST004117,Customer 04117,customer04117@example.com,Hyderabad,Telangana,RETURNING,Affiliate,2026-07-15,2026-08-04 00:00:00
CUST004118,Customer 04118,customer04118@example.com,Hyderabad,Telangana,RETURNING,Organic,2025-06-25,2025-07-14 00:00:00
CUST004119,Customer 04119,customer04119@example.com,Noida,Uttar Pradesh,premium,Paid Ads,2026-04-11,2026-04-30 00:00:00
CUST004120,Customer 04120,customer04120@example.com,Pune,Maharashtra,RETURNING,Email,2026-07-31,2026-08-07 00:00:00
CUST004121,Customer 04121,customer04121@example.com,Bengaluru,Karnataka,premium,Affiliate,2025-10-16,2025-11-08 00:00:00
CUST004122,Customer 04122,customer04122@example.com,Hyderabad,Telangana,RETURNING,Email,2025-02-19,2025-03-01 00:00:00
CUST004123,Customer 04123,customer04123@example.com,Bengaluru,Karnataka,premium,Organic,2025-01-04,2025-01-10 00:00:00
CUST004124,Customer 04124,customer04124@example.com,Delhi,Delhi,Dormant,Affiliate,2026-05-15,2026-05-15 00:00:00
CUST004125,Customer 04125,customer04125@example.com,Chennai,Tamil Nadu,RETURNING,Social,2025-08-11,2025-08-20 00:00:00
CUST004126,Customer 04126,customer04126@example.com,Kolkata,West Bengal,Dormant,Paid Ads,2025-09-19,2025-10-03 00:00:00
CUST004127,Customer 04127,customer04127@example.com,Jaipur,Rajasthan,New,Direct,2026-06-19,2026-06-22 00:00:00
CUST004128,Customer 04128,customer04128@example.com,Bengaluru,Karnataka,RETURNING,Paid Ads,2026-01-11,2026-01-11 00:00:00
CUST004129,Customer 04129,customer04129@example.com,Chennai,Tamil Nadu,New,Affiliate,2025-03-02,2025-03-12 00:00:00
CUST004130,Customer 04130,customer04130@example.com,Delhi,Delhi,New,Paid Ads,2025-12-22,2026-01-20 00:00:00
CUST004131,Customer 04131,customer04131@example.com,Jaipur,Rajasthan,premium,Direct,2025-01-24,2025-01-28 00:00:00
CUST004132,Customer 04132,customer04132@example.com,Bengaluru,Karnataka,New,Social,2025-10-20,2025-11-07 00:00:00
CUST004133,Customer 04133,customer04133@example.com,Noida,Uttar Pradesh,RETURNING,Email,2026-07-11,2026-07-29 00:00:00
CUST004134,Customer 04134,customer04134@example.com,Chennai,Tamil Nadu,RETURNING,Social,2025-12-22,2025-12-25 00:00:00
CUST004135,Customer 04135,customer04135@example.com,Jaipur,Rajasthan,RETURNING,Paid Ads,2026-07-29,2026-07-30 00:00:00
CUST004136,Customer 04136,customer04136@example.com,Bengaluru,Karnataka,RETURNING,Direct,2025-01-29,2025-02-04 00:00:00
CUST004137,Customer 04137,customer04137@example.com,Chennai,Tamil Nadu,premium,Email,2025-12-23,2026-01-19 00:00:00
CUST004138,Customer 04138,customer04138@example.com,Delhi,Delhi,New,Direct,2025-12-31,2026-01-12 00:00:00
CUST004139,Customer 04139,customer04139@example.com,Bengaluru,Karnataka,RETURNING,Social,2026-02-13,2026-03-04 00:00:00
CUST004140,Customer 04140,customer04140@example.com,Bengaluru,Karnataka,RETURNING,Organic,2025-09-23,2025-10-13 00:00:00
CUST004141,Customer 04141,customer04141@example.com,Bengaluru,Karnataka,RETURNING,Organic,2025-10-18,2025-10-29 00:00:00
CUST004142,Customer 04142,customer04142@example.com,Ahmedabad,Gujarat,RETURNING,Email,2026-07-21,2026-08-19 00:00:00
CUST004143,Customer 04143,customer04143@example.com,Noida,Uttar Pradesh,Dormant,Email,2025-06-02,2025-06-03 00:00:00
CUST004144,Customer 04144,customer04144@example.com,Delhi,Delhi,RETURNING,Email,2025-08-07,2025-08-28 00:00:00
CUST004145,Customer 04145,customer04145@example.com,Jaipur,Rajasthan,RETURNING,Organic,2025-06-22,2025-06-30 00:00:00
CUST004146,Customer 04146,customer04146@example.com,Ahmedabad,Gujarat,New,Social,2025-01-12,2025-01-27 00:00:00
CUST004147,Customer 04147,customer04147@example.com,Pune,Maharashtra,RETURNING,Email,2026-05-31,2026-06-07 00:00:00
CUST004148,Customer 04148,customer04148@example.com,Ahmedabad,Gujarat,premium,Organic,2025-12-28,2026-01-20 00:00:00
CUST004149,Customer 04149,customer04149@example.com,Kolkata,West Bengal,New,Email,2026-08-02,2026-08-19 00:00:00
CUST004150,Customer 04150,customer04150@example.com,Kolkata,West Bengal,RETURNING,Email,2026-04-22,2026-04-25 00:00:00
CUST004151,Customer 04151,customer04151@example.com,Bengaluru,Karnataka,premium,Direct,2026-07-31,2026-08-23 00:00:00
CUST004152,Customer 04152,customer04152@example.com,Ahmedabad,Gujarat,RETURNING,Email,2025-03-23,2025-04-02 00:00:00
CUST004153,Customer 04153,customer04153@example.com,Pune,Maharashtra,New,Organic,2025-12-06,2025-12-22 00:00:00
CUST004154,Customer 04154,customer04154@example.com,Ahmedabad,Gujarat,RETURNING,Social,2026-03-17,2026-03-24 00:00:00
CUST004155,Customer 04155,customer04155@example.com,Noida,Uttar Pradesh,New,Organic,2025-08-14,2025-09-01 00:00:00
CUST004156,Customer 04156,customer04156@example.com,Noida,Uttar Pradesh,Dormant,Organic,2026-01-06,2026-01-13 00:00:00
CUST004157,Customer 04157,customer04157@example.com,,Maharashtra,New,Email,2025-01-28,2025-02-02 00:00:00
CUST004158,Customer 04158,customer04158@example.com,Ahmedabad,Gujarat,premium,Direct,2025-01-16,2025-02-07 00:00:00
CUST004159,Customer 04159,customer04159@example.com,Chennai,Tamil Nadu,RETURNING,Affiliate,2025-10-04,2025-10-05 00:00:00
CUST004160,Customer 04160,customer04160@example.com,Noida,Uttar Pradesh,Dormant,Affiliate,2025-11-29,2025-12-13 00:00:00
CUST004161,Customer 04161,customer04161@example.com,Noida,Uttar Pradesh,New,Affiliate,2026-04-28,2026-04-28 00:00:00
CUST004162,Customer 04162,customer04162@example.com,Hyderabad,Telangana,RETURNING,Organic,2026-07-20,2026-07-25 00:00:00
CUST004163,Customer 04163,customer04163@example.com,Ahmedabad,Gujarat,RETURNING,Email,2025-10-15,2025-11-11 00:00:00
CUST004164,Customer 04164,customer04164@example.com,Noida,Uttar Pradesh,RETURNING,Affiliate,2025-04-24,2025-05-12 00:00:00
CUST004165,Customer 04165,customer04165@example.com,Delhi,Delhi,RETURNING,Paid Ads,2025-02-07,2025-02-10 00:00:00
CUST004166,Customer 04166,customer04166@example.com,Ahmedabad,Gujarat,premium,Paid Ads,2026-03-30,2026-04-11 00:00:00
CUST004167,Customer 04167,customer04167@example.com,Kolkata,West Bengal,Dormant,Paid Ads,2025-06-15,2025-06-29 00:00:00
CUST004168,Customer 04168,customer04168@example.com,Hyderabad,Telangana,New,Social,2025-07-24,2025-08-01 00:00:00
CUST004169,Customer 04169,customer04169@example.com,Noida,Uttar Pradesh,New,Email,2025-09-02,2025-09-04 00:00:00
CUST004170,Customer 04170,customer04170@example.com,Hyderabad,Telangana,premium,Organic,2025-11-29,2025-11-30 00:00:00
CUST004171,Customer 04171,,Kolkata,West Bengal,New,Organic,2026-01-31,2026-02-15 00:00:00
CUST004172,Customer 04172,customer04172@example.com,Pune,Maharashtra,Dormant,Email,2026-05-22,2026-06-08 00:00:00
CUST004173,Customer 04173,customer04173@example.com,Pune,Maharashtra,RETURNING,Direct,2025-05-01,2025-05-18 00:00:00
CUST004174,Customer 04174,customer04174@example.com,Ahmedabad,Gujarat,RETURNING,Direct,2025-09-16,2025-09-21 00:00:00
CUST004175,Customer 04175,customer04175@example.com,Kolkata,West Bengal,New,Social,2026-02-14,2026-03-03 00:00:00
CUST004176,Customer 04176,customer04176@example.com,Mumbai,Maharashtra,New,Email,2025-11-06,2025-11-16 00:00:00
CUST004177,Customer 04177,customer04177@example.com,Mumbai,Maharashtra,RETURNING,Direct,2025-03-09,2025-03-15 00:00:00
CUST004178,Customer 04178,customer04178@example.com,Ahmedabad,Gujarat,Dormant,Social,2025-04-24,2025-05-16 00:00:00
CUST004179,Customer 04179,customer04179@example.com,Bengaluru,Karnataka,Dormant,Affiliate,2025-08-08,2025-08-30 00:00:00
CUST004180,Customer 04180,customer04180@example.com,Hyderabad,Telangana,New,Affiliate,2025-08-08,2025-08-21 00:00:00
CUST004181,Customer 04181,customer04181@example.com,Hyderabad,Telangana,New,Social,2026-04-18,2026-05-16 00:00:00
CUST004182,Customer 04182,customer04182@example.com,Pune,Maharashtra,New,Email,2026-01-21,2026-02-07 00:00:00
CUST004183,Customer 04183,customer04183@example.com,Mumbai,Maharashtra,Dormant,Affiliate,2025-10-25,2025-10-31 00:00:00
CUST004184,Customer 04184,customer04184@example.com,Jaipur,Rajasthan,New,Email,2025-09-10,2025-09-19 00:00:00
CUST004185,Customer 04185,customer04185@example.com,Noida,Uttar Pradesh,New,Direct,2026-02-09,2026-02-16 00:00:00
CUST004186,Customer 04186,customer04186@example.com,Noida,Uttar Pradesh,New,Affiliate,2026-05-07,2026-05-30 00:00:00
CUST004187,Customer 04187,customer04187@example.com,Noida,Uttar Pradesh,RETURNING,Direct,2025-12-23,2026-01-05 00:00:00
CUST004188,Customer 04188,customer04188@example.com,Pune,Maharashtra,Dormant,Email,2026-03-04,2026-03-21 00:00:00
CUST004189,Customer 04189,customer04189@example.com,Kolkata,West Bengal,RETURNING,Email,2025-08-03,2025-08-07 00:00:00
CUST004190,Customer 04190,customer04190@example.com,Chennai,Tamil Nadu,New,Paid Ads,2026-01-15,2026-01-28 00:00:00
CUST004191,Customer 04191,customer04191@example.com,Mumbai,Maharashtra,RETURNING,Social,2025-08-02,2025-08-23 00:00:00
CUST004192,Customer 04192,customer04192@example.com,Mumbai,Maharashtra,RETURNING,Organic,2025-04-08,2025-05-02 00:00:00
CUST004193,Customer 04193,customer04193@example.com,Jaipur,Rajasthan,New,Social,2026-06-12,2026-07-03 00:00:00
CUST004194,Customer 04194,customer04194@example.com,Hyderabad,Telangana,New,Email,2026-06-12,2026-07-07 00:00:00
CUST004195,Customer 04195,customer04195@example.com,Bengaluru,Karnataka,RETURNING,Email,2026-06-19,2026-07-10 00:00:00
CUST004196,Customer 04196,customer04196@example.com,Ahmedabad,Gujarat,New,Social,2026-07-08,2026-07-17 00:00:00
CUST004197,Customer 04197,customer04197@example.com,Hyderabad,Telangana,New,Email,2026-07-03,2026-07-28 00:00:00
CUST004198,Customer 04198,customer04198@example.com,Kolkata,West Bengal,RETURNING,Direct,2025-11-24,2025-12-08 00:00:00
CUST004199,Customer 04199,customer04199@example.com,Ahmedabad,Gujarat,premium,Affiliate,2025-06-14,2025-06-19 00:00:00
CUST004200,Customer 04200,customer04200@example.com,Mumbai,Maharashtra,RETURNING,Email,2025-04-26,2025-05-04 00:00:00
CUST004201,Customer 04201,customer04201@example.com,Kolkata,West Bengal,RETURNING,Social,2025-05-30,2025-06-08 00:00:00
CUST004202,Customer 04202,customer04202@example.com,Ahmedabad,Gujarat,RETURNING,Social,2026-06-02,2026-06-24 00:00:00
CUST004203,Customer 04203,customer04203@example.com,Jaipur,Rajasthan,RETURNING,Social,2025-02-01,2025-02-17 00:00:00
CUST004204,Customer 04204,customer04204@example.com,Jaipur,Rajasthan,New,Paid Ads,2025-10-20,2025-10-20 00:00:00
CUST004205,Customer 04205,customer04205@example.com,Delhi,Delhi,Dormant,Direct,2025-06-26,2025-07-09 00:00:00
CUST004206,Customer 04206,customer04206@example.com,Chennai,Tamil Nadu,New,Direct,2025-03-02,2025-03-05 00:00:00
CUST004207,Customer 04207,customer04207@example.com,Jaipur,Rajasthan,RETURNING,Paid Ads,2026-08-12,2026-09-08 00:00:00
CUST004208,Customer 04208,customer04208@example.com,Mumbai,Maharashtra,premium,Direct,2026-02-20,2026-02-21 00:00:00
CUST004209,Customer 04209,customer04209@example.com,Bengaluru,Karnataka,RETURNING,Paid Ads,2026-01-18,2026-01-20 00:00:00
CUST004210,Customer 04210,customer04210@example.com,Noida,Uttar Pradesh,Dormant,Direct,2026-08-21,2026-09-17 00:00:00
CUST004211,Customer 04211,customer04211@example.com,Delhi,Delhi,RETURNING,Paid Ads,2025-01-07,2025-01-13 00:00:00
CUST004212,Customer 04212,customer04212@example.com,Noida,Uttar Pradesh,Dormant,Paid Ads,2025-03-26,2025-04-24 00:00:00
CUST004213,Customer 04213,customer04213@example.com,Chennai,Tamil Nadu,premium,Direct,2026-02-02,2026-02-24 00:00:00
CUST004214,Customer 04214,customer04214@example.com,Ahmedabad,Gujarat,Dormant,Paid Ads,2026-01-28,2026-02-10 00:00:00
CUST004215,Customer 04215,customer04215@example.com,Pune,Maharashtra,Dormant,Direct,2025-02-16,2025-02-27 00:00:00
CUST004216,Customer 04216,,Jaipur,Rajasthan,Dormant,Paid Ads,2025-12-07,2025-12-25 00:00:00
CUST004217,Customer 04217,customer04217@example.com,Bengaluru,Karnataka,premium,Social,2026-05-13,2026-06-10 00:00:00
CUST004218,Customer 04218,customer04218@example.com,Chennai,Tamil Nadu,RETURNING,Organic,2026-04-23,2026-05-10 00:00:00
CUST004219,Customer 04219,customer04219@example.com,Noida,Uttar Pradesh,New,Direct,2026-03-02,2026-03-16 00:00:00
CUST004220,Customer 04220,customer04220@example.com,Delhi,Delhi,RETURNING,Paid Ads,2026-03-02,2026-03-30 00:00:00
CUST004221,Customer 04221,customer04221@example.com,Jaipur,Rajasthan,Dormant,Social,2026-05-30,2026-06-27 00:00:00
CUST004222,Customer 04222,customer04222@example.com,Mumbai,Maharashtra,premium,Organic,2025-05-09,2025-05-09 00:00:00
CUST004223,Customer 04223,customer04223@example.com,Jaipur,Rajasthan,Dormant,Paid Ads,2025-09-06,2025-09-30 00:00:00
CUST004224,Customer 04224,customer04224@example.com,Delhi,Delhi,premium,Organic,2025-05-11,2025-06-05 00:00:00
CUST004225,Customer 04225,customer04225@example.com,Delhi,Delhi,New,Direct,2025-11-19,2025-11-21 00:00:00
CUST004226,Customer 04226,customer04226@example.com,Pune,Maharashtra,New,Organic,2026-06-27,2026-07-21 00:00:00
CUST004227,Customer 04227,customer04227@example.com,Jaipur,Rajasthan,RETURNING,Affiliate,2025-03-07,2025-03-21 00:00:00
CUST004228,Customer 04228,customer04228@example.com,Jaipur,Rajasthan,New,Email,2025-04-11,2025-04-14 00:00:00
CUST004229,Customer 04229,customer04229@example.com,Pune,Maharashtra,RETURNING,Affiliate,2025-01-31,2025-02-14 00:00:00
CUST004230,Customer 04230,customer04230@example.com,Kolkata,West Bengal,Dormant,Direct,2025-07-10,2025-07-19 00:00:00
CUST004231,Customer 04231,customer04231@example.com,Kolkata,West Bengal,premium,Direct,2026-08-01,2026-08-06 00:00:00
CUST004232,Customer 04232,customer04232@example.com,Ahmedabad,Gujarat,RETURNING,Organic,2026-02-19,2026-03-03 00:00:00
CUST004233,Customer 04233,customer04233@example.com,Kolkata,West Bengal,New,Social,2026-05-15,2026-05-21 00:00:00
CUST004234,Customer 04234,customer04234@example.com,Hyderabad,Telangana,RETURNING,Paid Ads,2026-08-18,2026-09-12 00:00:00
CUST004235,Customer 04235,customer04235@example.com,Jaipur,Rajasthan,RETURNING,Email,2025-02-15,2025-03-16 00:00:00
CUST004236,Customer 04236,customer04236@example.com,Bengaluru,Karnataka,RETURNING,Paid Ads,2025-03-30,2025-04-20 00:00:00
CUST004237,Customer 04237,customer04237@example.com,Jaipur,Rajasthan,New,Social,2026-01-10,2026-01-10 00:00:00
CUST004238,Customer 04238,customer04238@example.com,Hyderabad,Telangana,RETURNING,Direct,2025-09-03,2025-09-24 00:00:00
CUST004239,Customer 04239,customer04239@example.com,Hyderabad,Telangana,New,Email,2026-07-12,2026-07-22 00:00:00
CUST004240,Customer 04240,customer04240@example.com,Noida,Uttar Pradesh,Dormant,Affiliate,2025-09-14,2025-09-27 00:00:00
CUST004241,Customer 04241,customer04241@example.com,Jaipur,Rajasthan,New,Direct,2025-12-18,2025-12-23 00:00:00
CUST004242,Customer 04242,customer04242@example.com,Chennai,Tamil Nadu,New,Direct,2026-07-27,2026-07-31 00:00:00
CUST004243,Customer 04243,customer04243@example.com,Hyderabad,Telangana,New,Organic,2025-04-15,2025-05-03 00:00:00
CUST004244,Customer 04244,customer04244@example.com,Bengaluru,Karnataka,RETURNING,Social,2025-12-03,2025-12-28 00:00:00
CUST004245,Customer 04245,customer04245@example.com,Pune,Maharashtra,RETURNING,Organic,2026-06-10,2026-06-28 00:00:00
CUST004246,Customer 04246,customer04246@example.com,Ahmedabad,Gujarat,premium,Organic,2025-10-28,2025-11-23 00:00:00
CUST004247,Customer 04247,customer04247@example.com,Noida,Uttar Pradesh,RETURNING,Paid Ads,2025-03-18,2025-04-12 00:00:00
CUST004248,Customer 04248,customer04248@example.com,Pune,Maharashtra,RETURNING,Direct,2026-05-26,2026-06-07 00:00:00
CUST004249,Customer 04249,customer04249@example.com,Noida,Uttar Pradesh,RETURNING,Social,2025-08-18,2025-08-24 00:00:00
CUST004250,Customer 04250,customer04250@example.com,Bengaluru,Karnataka,RETURNING,Organic,2026-08-01,2026-08-08 00:00:00
CUST004251,Customer 04251,customer04251@example.com,Delhi,Delhi,New,Affiliate,2025-02-01,2025-02-14 00:00:00
CUST004252,Customer 04252,customer04252@example.com,Jaipur,Rajasthan,RETURNING,Email,2025-02-27,2025-03-17 00:00:00
CUST004253,Customer 04253,customer04253@example.com,Mumbai,Maharashtra,premium,Social,2025-04-14,2025-05-02 00:00:00
CUST004254,Customer 04254,customer04254@example.com,Chennai,Tamil Nadu,premium,Paid Ads,2025-11-08,2025-11-30 00:00:00
CUST004255,Customer 04255,customer04255@example.com,Pune,Maharashtra,premium,Social,2025-03-08,2025-04-02 00:00:00
CUST004256,Customer 04256,customer04256@example.com,Jaipur,Rajasthan,New,Direct,2026-01-09,2026-01-20 00:00:00
CUST004257,Customer 04257,customer04257@example.com,Chennai,Tamil Nadu,New,Paid Ads,2025-08-23,2025-09-14 00:00:00
CUST004258,Customer 04258,customer04258@example.com,Delhi,Delhi,Dormant,Email,2025-04-22,2025-05-18 00:00:00
CUST004259,Customer 04259,customer04259@example.com,Mumbai,Maharashtra,New,Affiliate,2026-01-24,2026-02-01 00:00:00
CUST004260,Customer 04260,customer04260@example.com,Chennai,Tamil Nadu,New,Organic,2026-02-12,2026-02-25 00:00:00
CUST004261,Customer 04261,customer04261@example.com,Chennai,Tamil Nadu,New,Social,2025-02-23,2025-02-28 00:00:00
CUST004262,Customer 04262,customer04262@example.com,Pune,Maharashtra,RETURNING,Paid Ads,2025-08-27,2025-09-10 00:00:00
CUST004263,Customer 04263,customer04263@example.com,Kolkata,West Bengal,New,Email,2025-10-22,2025-11-03 00:00:00
CUST004264,Customer 04264,customer04264@example.com,Mumbai,Maharashtra,RETURNING,Organic,2025-04-22,2025-04-28 00:00:00
CUST004265,Customer 04265,customer04265@example.com,Jaipur,Rajasthan,RETURNING,Email,2025-03-29,2025-04-08 00:00:00
CUST004266,Customer 04266,customer04266@example.com,Delhi,Delhi,Dormant,Affiliate,2026-04-21,2026-04-30 00:00:00
CUST004267,Customer 04267,customer04267@example.com,Mumbai,Maharashtra,New,Organic,2025-10-31,2025-10-31 00:00:00
CUST004268,Customer 04268,customer04268@example.com,Bengaluru,Karnataka,RETURNING,Organic,2025-11-01,2025-11-07 00:00:00
CUST004269,Customer 04269,customer04269@example.com,Kolkata,West Bengal,RETURNING,Organic,2025-10-17,2025-11-03 00:00:00
CUST004270,Customer 04270,customer04270@example.com,Bengaluru,Karnataka,RETURNING,Paid Ads,2025-07-27,2025-08-18 00:00:00
CUST004271,Customer 04271,customer04271@example.com,Delhi,Delhi,RETURNING,Organic,2026-08-05,2026-08-07 00:00:00
CUST004272,Customer 04272,customer04272@example.com,Pune,Maharashtra,premium,Email,2026-01-05,2026-01-13 00:00:00
CUST004273,Customer 04273,customer04273@example.com,Pune,Maharashtra,New,Paid Ads,2025-08-08,2025-09-05 00:00:00
CUST004274,Customer 04274,customer04274@example.com,Delhi,Delhi,premium,Organic,2025-08-19,2025-08-23 00:00:00
CUST004275,Customer 04275,customer04275@example.com,Noida,Uttar Pradesh,RETURNING,Email,2025-12-15,2026-01-06 00:00:00
CUST004276,Customer 04276,customer04276@example.com,Delhi,Delhi,New,Email,2025-09-12,2025-10-05 00:00:00
CUST004277,Customer 04277,customer04277@example.com,Kolkata,West Bengal,Dormant,Social,2026-03-28,2026-04-09 00:00:00
CUST004278,Customer 04278,customer04278@example.com,Hyderabad,Telangana,RETURNING,Email,2025-05-22,2025-06-06 00:00:00
CUST004279,Customer 04279,customer04279@example.com,Pune,Maharashtra,New,Direct,2025-03-10,2025-03-25 00:00:00
CUST004280,Customer 04280,customer04280@example.com,Ahmedabad,Gujarat,New,Affiliate,2025-03-30,2025-04-10 00:00:00
CUST004281,Customer 04281,customer04281@example.com,Kolkata,West Bengal,New,Organic,2025-05-16,2025-06-02 00:00:00
CUST004282,Customer 04282,customer04282@example.com,Kolkata,West Bengal,RETURNING,Organic,2026-06-07,2026-06-17 00:00:00
CUST004283,Customer 04283,customer04283@example.com,Kolkata,West Bengal,New,Organic,2026-03-18,2026-04-03 00:00:00
CUST004284,Customer 04284,customer04284@example.com,Chennai,Tamil Nadu,New,Email,2025-02-07,2025-02-13 00:00:00
CUST004285,Customer 04285,customer04285@example.com,Kolkata,West Bengal,New,Email,2025-07-27,2025-08-10 00:00:00
CUST004286,Customer 04286,customer04286@example.com,Pune,Maharashtra,premium,Organic,2025-07-29,2025-08-03 00:00:00
CUST004287,Customer 04287,customer04287@example.com,Hyderabad,Telangana,premium,Direct,2026-05-28,2026-06-02 00:00:00
CUST004288,Customer 04288,customer04288@example.com,Hyderabad,Telangana,premium,Paid Ads,2025-12-26,2026-01-12 00:00:00
CUST004289,Customer 04289,customer04289@example.com,Kolkata,West Bengal,New,Paid Ads,2026-07-31,2026-08-18 00:00:00
CUST004290,Customer 04290,customer04290@example.com,Bengaluru,Karnataka,Dormant,Affiliate,2025-01-01,2025-01-20 00:00:00
CUST004291,Customer 04291,customer04291@example.com,Pune,Maharashtra,RETURNING,Social,2026-01-16,2026-02-03 00:00:00
CUST004292,Customer 04292,customer04292@example.com,Pune,Maharashtra,Dormant,Affiliate,2026-06-21,2026-06-22 00:00:00
CUST004293,Customer 04293,customer04293@example.com,Mumbai,Maharashtra,RETURNING,Organic,2026-01-29,2026-01-31 00:00:00
CUST004294,Customer 04294,customer04294@example.com,Jaipur,Rajasthan,RETURNING,Organic,2025-02-19,2025-03-04 00:00:00
CUST004295,Customer 04295,customer04295@example.com,Noida,Uttar Pradesh,premium,Organic,2026-01-31,2026-02-21 00:00:00
CUST004296,Customer 04296,customer04296@example.com,Noida,Uttar Pradesh,New,Social,2025-02-01,2025-02-25 00:00:00
CUST004297,Customer 04297,customer04297@example.com,Bengaluru,Karnataka,RETURNING,Email,2026-06-29,2026-07-02 00:00:00
CUST004298,Customer 04298,customer04298@example.com,Noida,Uttar Pradesh,premium,Social,2025-08-22,2025-09-12 00:00:00
CUST004299,Customer 04299,customer04299@example.com,Mumbai,Maharashtra,premium,Affiliate,2025-01-26,2025-02-11 00:00:00
CUST004300,Customer 04300,customer04300@example.com,Delhi,Delhi,Dormant,Email,2026-07-08,2026-08-04 00:00:00
CUST004301,Customer 04301,customer04301@example.com,Noida,Uttar Pradesh,RETURNING,Email,2026-03-10,2026-03-15 00:00:00
CUST004302,Customer 04302,customer04302@example.com,Pune,Maharashtra,New,Affiliate,2025-03-02,2025-03-29 00:00:00
CUST004303,Customer 04303,customer04303@example.com,Delhi,Delhi,New,Email,2026-07-07,2026-07-25 00:00:00
CUST004304,Customer 04304,customer04304@example.com,Noida,Uttar Pradesh,RETURNING,Paid Ads,2026-03-17,2026-03-25 00:00:00
CUST004305,Customer 04305,customer04305@example.com,Pune,Maharashtra,RETURNING,Affiliate,2025-05-10,2025-05-13 00:00:00
CUST004306,Customer 04306,customer04306@example.com,Pune,Maharashtra,New,Affiliate,2025-12-20,2025-12-26 00:00:00
CUST004307,Customer 04307,customer04307@example.com,Kolkata,West Bengal,New,Paid Ads,2025-07-17,2025-07-20 00:00:00
CUST004308,Customer 04308,customer04308@example.com,Hyderabad,Telangana,RETURNING,Social,2026-01-06,2026-01-16 00:00:00
CUST004309,Customer 04309,customer04309@example.com,Bengaluru,Karnataka,premium,Social,2025-05-27,2025-06-17 00:00:00
CUST004310,Customer 04310,customer04310@example.com,Mumbai,Maharashtra,Dormant,Social,2026-05-13,2026-06-11 00:00:00
CUST004311,Customer 04311,customer04311@example.com,Chennai,Tamil Nadu,premium,Email,2025-02-17,2025-03-11 00:00:00
CUST004312,Customer 04312,customer04312@example.com,Jaipur,Rajasthan,premium,Paid Ads,2025-06-21,2025-06-22 00:00:00
CUST004313,Customer 04313,customer04313@example.com,Noida,Uttar Pradesh,RETURNING,Affiliate,2025-11-11,2025-11-20 00:00:00
CUST004314,Customer 04314,customer04314@example.com,Noida,Uttar Pradesh,Dormant,Affiliate,2026-01-11,2026-01-16 00:00:00
CUST004315,Customer 04315,,Delhi,Delhi,RETURNING,Affiliate,2026-06-17,2026-06-24 00:00:00
CUST004316,Customer 04316,customer04316@example.com,,Delhi,Dormant,Email,2026-02-24,2026-03-10 00:00:00
CUST004317,Customer 04317,customer04317@example.com,Jaipur,Rajasthan,Dormant,Email,2026-01-31,2026-02-12 00:00:00
CUST004318,Customer 04318,customer04318@example.com,Noida,Uttar Pradesh,Dormant,Direct,2026-06-06,2026-07-04 00:00:00
CUST004319,Customer 04319,customer04319@example.com,Ahmedabad,Gujarat,RETURNING,Social,2025-07-06,2025-08-02 00:00:00
CUST004320,Customer 04320,customer04320@example.com,Mumbai,Maharashtra,New,Direct,2025-02-02,2025-02-23 00:00:00
CUST004321,Customer 04321,customer04321@example.com,Noida,Uttar Pradesh,New,Direct,2025-03-10,2025-03-11 00:00:00
CUST004322,Customer 04322,customer04322@example.com,Hyderabad,Telangana,New,Email,2026-08-15,2026-09-03 00:00:00
CUST004323,Customer 04323,customer04323@example.com,Jaipur,Rajasthan,New,Social,2025-07-10,2025-07-10 00:00:00
CUST004324,Customer 04324,customer04324@example.com,Ahmedabad,Gujarat,New,Social,2025-04-11,2025-04-25 00:00:00
CUST004325,Customer 04325,customer04325@example.com,Mumbai,Maharashtra,RETURNING,Affiliate,2026-04-30,2026-05-06 00:00:00
CUST004326,Customer 04326,customer04326@example.com,Noida,Uttar Pradesh,RETURNING,Email,2025-10-12,2025-11-04 00:00:00
CUST004327,Customer 04327,customer04327@example.com,Chennai,Tamil Nadu,premium,Social,2026-01-25,2026-02-19 00:00:00
CUST004328,Customer 04328,customer04328@example.com,Kolkata,West Bengal,New,Direct,2026-07-19,2026-08-05 00:00:00
CUST004329,Customer 04329,customer04329@example.com,Hyderabad,Telangana,RETURNING,Paid Ads,2025-06-09,2025-06-18 00:00:00
CUST004330,Customer 04330,customer04330@example.com,Chennai,Tamil Nadu,premium,Paid Ads,2026-07-08,2026-07-22 00:00:00
CUST004331,Customer 04331,customer04331@example.com,Delhi,Delhi,RETURNING,Email,2025-02-16,2025-02-20 00:00:00
CUST004332,Customer 04332,customer04332@example.com,Delhi,Delhi,Dormant,Affiliate,2025-06-08,2025-07-04 00:00:00
CUST004333,Customer 04333,customer04333@example.com,Noida,Uttar Pradesh,New,Affiliate,2026-03-22,2026-04-14 00:00:00
CUST004334,Customer 04334,customer04334@example.com,Delhi,Delhi,New,Social,2026-06-07,2026-06-17 00:00:00
CUST004335,Customer 04335,customer04335@example.com,Hyderabad,Telangana,RETURNING,Email,2025-06-04,2025-06-11 00:00:00
CUST004336,Customer 04336,customer04336@example.com,Mumbai,Maharashtra,New,Paid Ads,2025-12-05,2025-12-25 00:00:00
CUST004337,Customer 04337,customer04337@example.com,Pune,Maharashtra,RETURNING,Direct,2025-12-31,2026-01-07 00:00:00
CUST004338,Customer 04338,customer04338@example.com,Bengaluru,Karnataka,RETURNING,Social,2026-07-28,2026-08-26 00:00:00
CUST004339,Customer 04339,customer04339@example.com,Jaipur,Rajasthan,New,Direct,2025-05-28,2025-06-02 00:00:00
CUST004340,Customer 04340,customer04340@example.com,Mumbai,Maharashtra,New,Social,2025-05-24,2025-06-07 00:00:00
CUST004341,Customer 04341,customer04341@example.com,Pune,Maharashtra,RETURNING,Organic,2025-04-13,2025-04-27 00:00:00
CUST004342,Customer 04342,customer04342@example.com,Ahmedabad,Gujarat,RETURNING,Direct,2025-04-03,2025-04-07 00:00:00
CUST004343,Customer 04343,customer04343@example.com,Hyderabad,Telangana,RETURNING,Email,2025-10-13,2025-10-25 00:00:00
CUST004344,Customer 04344,customer04344@example.com,Chennai,Tamil Nadu,New,Direct,2026-02-28,2026-03-13 00:00:00
CUST004345,Customer 04345,customer04345@example.com,,Maharashtra,New,Direct,2025-04-29,2025-05-09 00:00:00
CUST004346,Customer 04346,customer04346@example.com,Hyderabad,Telangana,New,Social,2025-01-29,2025-02-17 00:00:00
CUST004347,Customer 04347,customer04347@example.com,Kolkata,West Bengal,New,Paid Ads,2026-05-26,2026-06-15 00:00:00
CUST004348,Customer 04348,customer04348@example.com,Chennai,Tamil Nadu,Dormant,Organic,2025-01-30,2025-02-10 00:00:00
CUST004349,Customer 04349,customer04349@example.com,Delhi,Delhi,New,Direct,2026-01-01,2026-01-20 00:00:00
CUST004350,Customer 04350,customer04350@example.com,Delhi,Delhi,premium,Paid Ads,2025-05-18,2025-05-18 00:00:00
CUST004351,Customer 04351,customer04351@example.com,Chennai,Tamil Nadu,Dormant,Affiliate,2026-04-20,2026-04-22 00:00:00
CUST004352,Customer 04352,customer04352@example.com,Ahmedabad,Gujarat,New,Organic,2026-07-17,2026-07-24 00:00:00
CUST004353,Customer 04353,customer04353@example.com,Ahmedabad,Gujarat,RETURNING,Organic,2026-01-27,2026-02-18 00:00:00
CUST004354,Customer 04354,customer04354@example.com,Ahmedabad,Gujarat,Dormant,Social,2026-03-11,2026-03-22 00:00:00
CUST004355,Customer 04355,customer04355@example.com,Pune,Maharashtra,premium,Direct,2025-08-22,2025-09-05 00:00:00
CUST004356,Customer 04356,customer04356@example.com,Jaipur,Rajasthan,RETURNING,Affiliate,2025-02-24,2025-03-18 00:00:00
CUST004357,Customer 04357,customer04357@example.com,Pune,Maharashtra,premium,Social,2025-10-19,2025-11-14 00:00:00
CUST004358,Customer 04358,customer04358@example.com,Noida,Uttar Pradesh,premium,Email,2025-11-08,2025-11-10 00:00:00
CUST004359,Customer 04359,customer04359@example.com,Bengaluru,Karnataka,RETURNING,Paid Ads,2026-07-02,2026-07-26 00:00:00
CUST004360,Customer 04360,,Chennai,Tamil Nadu,Dormant,Paid Ads,2025-03-30,2025-04-20 00:00:00
CUST004361,Customer 04361,customer04361@example.com,Mumbai,Maharashtra,RETURNING,Social,2025-07-31,2025-08-07 00:00:00
CUST004362,Customer 04362,customer04362@example.com,Bengaluru,Karnataka,RETURNING,Paid Ads,2025-11-14,2025-12-07 00:00:00
CUST004363,Customer 04363,customer04363@example.com,Kolkata,West Bengal,Dormant,Direct,2026-04-10,2026-04-28 00:00:00
CUST004364,Customer 04364,customer04364@example.com,Pune,Maharashtra,premium,Paid Ads,2025-03-28,2025-04-16 00:00:00
CUST004365,Customer 04365,customer04365@example.com,Pune,Maharashtra,RETURNING,Direct,2026-02-13,2026-03-14 00:00:00
CUST004366,Customer 04366,customer04366@example.com,Hyderabad,Telangana,New,Email,2025-08-28,2025-09-02 00:00:00
CUST004367,Customer 04367,customer04367@example.com,Bengaluru,Karnataka,RETURNING,Affiliate,2025-02-26,2025-03-15 00:00:00
CUST004368,Customer 04368,customer04368@example.com,Hyderabad,Telangana,premium,Organic,2025-04-23,2025-05-20 00:00:00
CUST004369,Customer 04369,customer04369@example.com,Mumbai,Maharashtra,RETURNING,Social,2025-03-11,2025-04-07 00:00:00
CUST004370,Customer 04370,customer04370@example.com,Hyderabad,Telangana,Dormant,Social,2025-07-03,2025-07-13 00:00:00
CUST004371,Customer 04371,customer04371@example.com,Bengaluru,Karnataka,Dormant,Direct,2025-10-03,2025-10-14 00:00:00
CUST004372,Customer 04372,,Chennai,Tamil Nadu,RETURNING,Email,2025-08-21,2025-09-12 00:00:00
CUST004373,Customer 04373,customer04373@example.com,Kolkata,West Bengal,New,Email,2025-02-23,2025-02-24 00:00:00
CUST004374,Customer 04374,customer04374@example.com,Pune,Maharashtra,RETURNING,Organic,2025-09-14,2025-10-10 00:00:00
CUST004375,Customer 04375,customer04375@example.com,Mumbai,Maharashtra,RETURNING,Affiliate,2025-03-31,2025-04-04 00:00:00
CUST004376,Customer 04376,customer04376@example.com,Pune,Maharashtra,RETURNING,Social,2026-03-11,2026-04-07 00:00:00
CUST004377,Customer 04377,customer04377@example.com,Noida,Uttar Pradesh,RETURNING,Direct,2026-02-12,2026-02-15 00:00:00
CUST004378,Customer 04378,customer04378@example.com,Kolkata,West Bengal,RETURNING,Email,2025-09-26,2025-10-04 00:00:00
CUST004379,Customer 04379,customer04379@example.com,Jaipur,Rajasthan,New,Social,2026-01-01,2026-01-13 00:00:00
CUST004380,Customer 04380,customer04380@example.com,Hyderabad,Telangana,New,Direct,2025-12-17,2025-12-29 00:00:00
CUST004381,Customer 04381,customer04381@example.com,Delhi,Delhi,RETURNING,Paid Ads,2025-10-26,2025-11-09 00:00:00
CUST004382,Customer 04382,customer04382@example.com,Bengaluru,Karnataka,New,Social,2025-06-08,2025-06-09 00:00:00
CUST004383,Customer 04383,customer04383@example.com,Pune,Maharashtra,RETURNING,Affiliate,2026-05-02,2026-05-24 00:00:00
CUST004384,Customer 04384,customer04384@example.com,Hyderabad,Telangana,RETURNING,Direct,2026-06-10,2026-06-22 00:00:00
CUST004385,Customer 04385,customer04385@example.com,Mumbai,Maharashtra,RETURNING,Affiliate,2025-12-21,2025-12-27 00:00:00
CUST004386,Customer 04386,customer04386@example.com,Pune,Maharashtra,New,Social,2026-02-05,2026-02-27 00:00:00
CUST004387,Customer 04387,customer04387@example.com,Jaipur,Rajasthan,premium,Paid Ads,2026-02-09,2026-02-25 00:00:00
CUST004388,Customer 04388,customer04388@example.com,Kolkata,West Bengal,RETURNING,Affiliate,2025-04-06,2025-04-13 00:00:00
CUST004389,Customer 04389,customer04389@example.com,Kolkata,West Bengal,RETURNING,Email,2026-07-24,2026-08-10 00:00:00
CUST004390,Customer 04390,customer04390@example.com,Pune,Maharashtra,premium,Direct,2026-01-27,2026-02-10 00:00:00
CUST004391,Customer 04391,customer04391@example.com,Mumbai,Maharashtra,New,Social,2025-12-18,2026-01-01 00:00:00
CUST004392,Customer 04392,customer04392@example.com,Kolkata,West Bengal,RETURNING,Paid Ads,2026-07-30,2026-08-03 00:00:00
CUST004393,Customer 04393,customer04393@example.com,Kolkata,West Bengal,Dormant,Email,2025-10-15,2025-10-16 00:00:00
CUST004394,Customer 04394,customer04394@example.com,Jaipur,Rajasthan,premium,Social,2026-06-07,2026-06-22 00:00:00
CUST004395,Customer 04395,customer04395@example.com,Bengaluru,Karnataka,Dormant,Paid Ads,2025-06-11,2025-07-09 00:00:00
CUST004396,Customer 04396,customer04396@example.com,Mumbai,Maharashtra,premium,Email,2025-07-01,2025-07-05 00:00:00
CUST004397,Customer 04397,customer04397@example.com,Mumbai,Maharashtra,New,Affiliate,2026-07-03,2026-07-25 00:00:00
CUST004398,Customer 04398,customer04398@example.com,Chennai,Tamil Nadu,New,Social,2025-03-23,2025-03-28 00:00:00
CUST004399,Customer 04399,customer04399@example.com,Chennai,Tamil Nadu,RETURNING,Social,2026-06-08,2026-07-06 00:00:00
CUST004400,Customer 04400,customer04400@example.com,Kolkata,West Bengal,RETURNING,Affiliate,2025-01-04,2025-01-15 00:00:00
CUST004401,Customer 04401,customer04401@example.com,Delhi,Delhi,New,Organic,2026-05-10,2026-05-14 00:00:00
CUST004402,Customer 04402,customer04402@example.com,Chennai,Tamil Nadu,premium,Email,2026-07-09,2026-07-28 00:00:00
CUST004403,Customer 04403,customer04403@example.com,Kolkata,West Bengal,RETURNING,Affiliate,2025-02-20,2025-02-27 00:00:00
CUST004404,Customer 04404,customer04404@example.com,Ahmedabad,Gujarat,RETURNING,Social,2025-09-18,2025-09-28 00:00:00
CUST004405,Customer 04405,customer04405@example.com,Noida,Uttar Pradesh,premium,Email,2025-05-14,2025-05-27 00:00:00
CUST004406,Customer 04406,customer04406@example.com,Noida,Uttar Pradesh,premium,Email,2026-08-22,2026-09-14 00:00:00
CUST004407,Customer 04407,customer04407@example.com,,Maharashtra,RETURNING,Organic,2025-12-28,2026-01-13 00:00:00
CUST004408,Customer 04408,customer04408@example.com,Delhi,Delhi,premium,Social,2026-07-22,2026-07-31 00:00:00
CUST004409,Customer 04409,customer04409@example.com,Jaipur,Rajasthan,Dormant,Paid Ads,2025-08-05,2025-08-06 00:00:00
CUST004410,Customer 04410,customer04410@example.com,Bengaluru,Karnataka,RETURNING,Organic,2025-03-09,2025-03-11 00:00:00
CUST004411,Customer 04411,customer04411@example.com,Chennai,Tamil Nadu,New,Organic,2026-07-10,2026-07-22 00:00:00
CUST004412,Customer 04412,customer04412@example.com,Ahmedabad,Gujarat,New,Paid Ads,2025-05-23,2025-06-08 00:00:00
CUST004413,Customer 04413,customer04413@example.com,Kolkata,West Bengal,RETURNING,Paid Ads,2025-12-12,2026-01-07 00:00:00
CUST004414,Customer 04414,customer04414@example.com,Delhi,Delhi,RETURNING,Organic,2026-07-08,2026-07-10 00:00:00
CUST004415,Customer 04415,customer04415@example.com,Mumbai,Maharashtra,Dormant,Email,2026-08-08,2026-08-17 00:00:00
CUST004416,Customer 04416,customer04416@example.com,Chennai,Tamil Nadu,premium,Affiliate,2025-07-13,2025-08-09 00:00:00
CUST004417,Customer 04417,customer04417@example.com,Delhi,Delhi,premium,Affiliate,2025-09-03,2025-09-10 00:00:00
CUST004418,Customer 04418,customer04418@example.com,Chennai,Tamil Nadu,Dormant,Organic,2025-11-10,2025-11-13 00:00:00
CUST004419,Customer 04419,customer04419@example.com,Bengaluru,Karnataka,Dormant,Email,2026-01-19,2026-01-31 00:00:00
CUST004420,Customer 04420,customer04420@example.com,Bengaluru,Karnataka,RETURNING,Paid Ads,2025-10-04,2025-11-01 00:00:00
CUST004421,Customer 04421,customer04421@example.com,Jaipur,Rajasthan,New,Direct,2025-03-13,2025-03-19 00:00:00
CUST004422,Customer 04422,customer04422@example.com,Noida,Uttar Pradesh,premium,Organic,2025-05-09,2025-05-15 00:00:00
CUST004423,Customer 04423,customer04423@example.com,Hyderabad,Telangana,RETURNING,Social,2025-12-24,2026-01-08 00:00:00
CUST004424,Customer 04424,customer04424@example.com,Hyderabad,Telangana,RETURNING,Email,2026-06-09,2026-07-05 00:00:00
CUST004425,Customer 04425,customer04425@example.com,Chennai,Tamil Nadu,RETURNING,Social,2025-08-08,2025-08-12 00:00:00
CUST004426,Customer 04426,customer04426@example.com,Jaipur,Rajasthan,Dormant,Social,2025-01-06,2025-02-02 00:00:00
CUST004427,Customer 04427,customer04427@example.com,Hyderabad,Telangana,RETURNING,Organic,2025-08-16,2025-09-01 00:00:00
CUST004428,Customer 04428,customer04428@example.com,Mumbai,Maharashtra,premium,Email,2025-01-17,2025-01-26 00:00:00
CUST004429,Customer 04429,customer04429@example.com,Hyderabad,Telangana,New,Social,2026-08-08,2026-08-11 00:00:00
CUST004430,Customer 04430,customer04430@example.com,Pune,Maharashtra,RETURNING,Email,2025-01-12,2025-02-03 00:00:00
CUST004431,Customer 04431,customer04431@example.com,Kolkata,West Bengal,New,Affiliate,2026-08-21,2026-09-03 00:00:00
CUST004432,Customer 04432,customer04432@example.com,Jaipur,Rajasthan,Dormant,Direct,2026-05-14,2026-05-18 00:00:00
CUST004433,Customer 04433,customer04433@example.com,,Maharashtra,New,Social,2026-05-17,2026-05-18 00:00:00
CUST004434,Customer 04434,customer04434@example.com,Delhi,Delhi,premium,Social,2025-03-11,2025-03-24 00:00:00
CUST004435,Customer 04435,customer04435@example.com,Mumbai,Maharashtra,New,Email,2025-04-18,2025-05-11 00:00:00
CUST004436,Customer 04436,customer04436@example.com,Noida,Uttar Pradesh,New,Direct,2025-07-20,2025-08-06 00:00:00
CUST004437,Customer 04437,customer04437@example.com,Delhi,Delhi,RETURNING,Affiliate,2025-02-21,2025-03-19 00:00:00
CUST004438,Customer 04438,customer04438@example.com,Ahmedabad,Gujarat,RETURNING,Social,2026-07-03,2026-07-26 00:00:00
CUST004439,Customer 04439,customer04439@example.com,Kolkata,West Bengal,New,Organic,2025-09-16,2025-10-14 00:00:00
CUST004440,Customer 04440,customer04440@example.com,Kolkata,West Bengal,RETURNING,Email,2026-04-27,2026-05-07 00:00:00
CUST004441,Customer 04441,customer04441@example.com,Kolkata,West Bengal,premium,Email,2025-09-21,2025-10-06 00:00:00
CUST004442,Customer 04442,customer04442@example.com,Kolkata,West Bengal,RETURNING,Social,2025-10-30,2025-11-16 00:00:00
CUST004443,Customer 04443,customer04443@example.com,Chennai,Tamil Nadu,New,Affiliate,2026-07-30,2026-08-25 00:00:00
CUST004444,Customer 04444,customer04444@example.com,Kolkata,West Bengal,premium,Social,2026-07-08,2026-07-23 00:00:00
CUST004445,Customer 04445,customer04445@example.com,Kolkata,West Bengal,New,Paid Ads,2026-07-09,2026-07-29 00:00:00
CUST004446,Customer 04446,customer04446@example.com,Kolkata,West Bengal,RETURNING,Social,2025-05-05,2025-05-08 00:00:00
CUST004447,Customer 04447,customer04447@example.com,Jaipur,Rajasthan,New,Direct,2025-09-27,2025-09-27 00:00:00
CUST004448,Customer 04448,customer04448@example.com,Chennai,Tamil Nadu,RETURNING,Direct,2026-04-25,2026-05-08 00:00:00
CUST004449,Customer 04449,customer04449@example.com,Bengaluru,Karnataka,New,Paid Ads,2025-05-12,2025-05-23 00:00:00
CUST004450,Customer 04450,customer04450@example.com,Mumbai,Maharashtra,Dormant,Direct,2025-01-02,2025-01-25 00:00:00
CUST004451,Customer 04451,customer04451@example.com,Mumbai,Maharashtra,RETURNING,Direct,2025-04-25,2025-05-04 00:00:00
CUST004452,Customer 04452,customer04452@example.com,Delhi,Delhi,New,Organic,2026-04-26,2026-05-23 00:00:00
CUST004453,Customer 04453,customer04453@example.com,Jaipur,Rajasthan,New,Email,2025-01-01,2025-01-19 00:00:00
CUST004454,Customer 04454,customer04454@example.com,Pune,Maharashtra,Dormant,Direct,2025-11-27,2025-12-25 00:00:00
CUST004455,Customer 04455,customer04455@example.com,Mumbai,Maharashtra,RETURNING,Email,2026-07-31,2026-08-03 00:00:00
CUST004456,Customer 04456,customer04456@example.com,Hyderabad,Telangana,premium,Affiliate,2026-01-26,2026-02-14 00:00:00
CUST004457,Customer 04457,customer04457@example.com,Pune,Maharashtra,Dormant,Social,2025-05-23,2025-06-12 00:00:00
CUST004458,Customer 04458,customer04458@example.com,Kolkata,West Bengal,Dormant,Organic,2025-11-24,2025-11-26 00:00:00
CUST004459,Customer 04459,customer04459@example.com,Kolkata,West Bengal,premium,Paid Ads,2026-01-12,2026-02-05 00:00:00
CUST004460,Customer 04460,customer04460@example.com,Chennai,Tamil Nadu,New,Affiliate,2025-03-31,2025-04-03 00:00:00
CUST004461,Customer 04461,customer04461@example.com,Pune,Maharashtra,premium,Organic,2025-02-11,2025-03-12 00:00:00
CUST004462,Customer 04462,customer04462@example.com,Hyderabad,Telangana,New,Organic,2025-02-04,2025-03-01 00:00:00
CUST004463,Customer 04463,customer04463@example.com,Chennai,Tamil Nadu,premium,Paid Ads,2026-05-09,2026-05-23 00:00:00
CUST004464,Customer 04464,customer04464@example.com,Delhi,Delhi,RETURNING,Paid Ads,2026-07-07,2026-07-17 00:00:00
CUST004465,Customer 04465,customer04465@example.com,Pune,Maharashtra,premium,Email,2025-05-04,2025-05-19 00:00:00
CUST004466,Customer 04466,customer04466@example.com,Jaipur,Rajasthan,RETURNING,Social,2025-02-26,2025-03-24 00:00:00
CUST004467,Customer 04467,customer04467@example.com,Kolkata,West Bengal,RETURNING,Affiliate,2026-04-01,2026-04-04 00:00:00
CUST004468,Customer 04468,customer04468@example.com,Kolkata,West Bengal,Dormant,Social,2025-08-23,2025-08-28 00:00:00
CUST004469,Customer 04469,customer04469@example.com,Noida,Uttar Pradesh,New,Affiliate,2026-01-27,2026-02-03 00:00:00
CUST004470,Customer 04470,customer04470@example.com,Chennai,Tamil Nadu,RETURNING,Organic,2026-05-07,2026-05-19 00:00:00
CUST004471,Customer 04471,customer04471@example.com,Bengaluru,Karnataka,RETURNING,Direct,2025-12-09,2025-12-31 00:00:00
CUST004472,Customer 04472,customer04472@example.com,Bengaluru,Karnataka,Dormant,Direct,2025-06-25,2025-07-14 00:00:00
CUST004473,Customer 04473,customer04473@example.com,Chennai,Tamil Nadu,New,Paid Ads,2025-02-21,2025-02-24 00:00:00
CUST004474,Customer 04474,customer04474@example.com,Jaipur,Rajasthan,New,Paid Ads,2026-07-04,2026-07-08 00:00:00
CUST004475,Customer 04475,customer04475@example.com,Ahmedabad,Gujarat,New,Organic,2026-04-23,2026-05-02 00:00:00
CUST004476,Customer 04476,customer04476@example.com,Chennai,Tamil Nadu,New,Organic,2026-05-04,2026-05-08 00:00:00
CUST004477,Customer 04477,customer04477@example.com,Jaipur,Rajasthan,Dormant,Affiliate,2025-01-05,2025-01-16 00:00:00
CUST004478,Customer 04478,customer04478@example.com,Delhi,Delhi,premium,Organic,2025-07-28,2025-07-28 00:00:00
CUST004479,Customer 04479,customer04479@example.com,Kolkata,West Bengal,RETURNING,Affiliate,2025-08-05,2025-09-02 00:00:00
CUST004480,Customer 04480,customer04480@example.com,Hyderabad,Telangana,RETURNING,Social,2026-06-20,2026-07-13 00:00:00
CUST004481,Customer 04481,customer04481@example.com,Ahmedabad,Gujarat,premium,Paid Ads,2025-12-08,2025-12-17 00:00:00
CUST004482,Customer 04482,customer04482@example.com,Pune,Maharashtra,New,Paid Ads,2026-02-05,2026-03-05 00:00:00
CUST004483,Customer 04483,customer04483@example.com,Ahmedabad,Gujarat,RETURNING,Direct,2026-04-07,2026-04-11 00:00:00
CUST004484,Customer 04484,customer04484@example.com,Hyderabad,Telangana,RETURNING,Direct,2025-07-30,2025-08-17 00:00:00
CUST004485,Customer 04485,customer04485@example.com,Noida,Uttar Pradesh,New,Paid Ads,2025-01-26,2025-02-13 00:00:00
CUST004486,Customer 04486,customer04486@example.com,Kolkata,West Bengal,RETURNING,Social,2025-09-09,2025-09-28 00:00:00
CUST004487,Customer 04487,customer04487@example.com,Bengaluru,Karnataka,RETURNING,Social,2025-01-03,2025-01-14 00:00:00
CUST004488,Customer 04488,customer04488@example.com,Jaipur,Rajasthan,New,Email,2025-01-02,2025-01-24 00:00:00
CUST004489,Customer 04489,customer04489@example.com,Chennai,Tamil Nadu,New,Affiliate,2025-01-02,2025-01-17 00:00:00
CUST004490,Customer 04490,customer04490@example.com,Chennai,Tamil Nadu,premium,Direct,2025-05-30,2025-06-03 00:00:00
CUST004491,Customer 04491,customer04491@example.com,Bengaluru,Karnataka,New,Affiliate,2026-08-06,2026-08-22 00:00:00
CUST004492,Customer 04492,customer04492@example.com,Ahmedabad,Gujarat,Dormant,Direct,2025-01-04,2025-01-17 00:00:00
CUST004493,Customer 04493,customer04493@example.com,Kolkata,West Bengal,New,Email,2026-05-12,2026-05-23 00:00:00
CUST004494,Customer 04494,customer04494@example.com,Mumbai,Maharashtra,premium,Paid Ads,2026-07-04,2026-07-16 00:00:00
CUST004495,Customer 04495,customer04495@example.com,Jaipur,Rajasthan,Dormant,Affiliate,2026-04-13,2026-05-03 00:00:00
CUST004496,Customer 04496,customer04496@example.com,Delhi,Delhi,Dormant,Direct,2025-03-11,2025-03-24 00:00:00
CUST004497,Customer 04497,customer04497@example.com,Hyderabad,Telangana,Dormant,Affiliate,2025-07-20,2025-07-24 00:00:00
CUST004498,Customer 04498,customer04498@example.com,Ahmedabad,Gujarat,New,Paid Ads,2025-11-04,2025-11-25 00:00:00
CUST004499,Customer 04499,,Pune,Maharashtra,RETURNING,Organic,2025-09-09,2025-10-08 00:00:00
CUST004500,Customer 04500,customer04500@example.com,Noida,Uttar Pradesh,RETURNING,Direct,2025-10-14,2025-11-05 00:00:00
CUST004501,Customer 04501,customer04501@example.com,Chennai,Tamil Nadu,New,Organic,2025-10-19,2025-10-23 00:00:00
CUST004502,Customer 04502,customer04502@example.com,Ahmedabad,Gujarat,New,Email,2025-06-03,2025-07-01 00:00:00
CUST004503,Customer 04503,customer04503@example.com,Noida,Uttar Pradesh,Dormant,Social,2025-05-13,2025-06-08 00:00:00
CUST004504,Customer 04504,customer04504@example.com,Hyderabad,Telangana,RETURNING,Affiliate,2026-08-09,2026-09-07 00:00:00
CUST004505,Customer 04505,customer04505@example.com,Chennai,Tamil Nadu,RETURNING,Direct,2025-10-01,2025-10-18 00:00:00
CUST004506,Customer 04506,customer04506@example.com,Chennai,Tamil Nadu,Dormant,Affiliate,2026-05-24,2026-06-06 00:00:00
CUST004507,Customer 04507,customer04507@example.com,Mumbai,Maharashtra,RETURNING,Email,2025-12-19,2026-01-05 00:00:00
CUST004508,Customer 04508,customer04508@example.com,Ahmedabad,Gujarat,RETURNING,Email,2025-01-05,2025-02-02 00:00:00
CUST004509,Customer 04509,customer04509@example.com,Kolkata,West Bengal,premium,Affiliate,2025-10-20,2025-11-08 00:00:00
CUST004510,Customer 04510,customer04510@example.com,Bengaluru,Karnataka,New,Direct,2025-12-26,2025-12-26 00:00:00
CUST004511,Customer 04511,customer04511@example.com,Bengaluru,Karnataka,RETURNING,Paid Ads,2026-08-21,2026-08-27 00:00:00
CUST004512,Customer 04512,customer04512@example.com,Delhi,Delhi,Dormant,Paid Ads,2025-08-02,2025-08-30 00:00:00
CUST004513,Customer 04513,customer04513@example.com,Pune,Maharashtra,Dormant,Social,2026-02-10,2026-02-26 00:00:00
CUST004514,Customer 04514,customer04514@example.com,Noida,Uttar Pradesh,Dormant,Affiliate,2026-03-12,2026-03-14 00:00:00
CUST004515,Customer 04515,customer04515@example.com,Ahmedabad,Gujarat,RETURNING,Affiliate,2025-01-15,2025-01-24 00:00:00
CUST004516,Customer 04516,customer04516@example.com,Jaipur,Rajasthan,Dormant,Direct,2025-09-30,2025-10-06 00:00:00
CUST004517,Customer 04517,customer04517@example.com,Pune,Maharashtra,New,Affiliate,2026-07-17,2026-08-12 00:00:00
CUST004518,Customer 04518,customer04518@example.com,Mumbai,Maharashtra,New,Direct,2025-02-14,2025-03-13 00:00:00
CUST004519,Customer 04519,customer04519@example.com,Chennai,Tamil Nadu,RETURNING,Affiliate,2026-02-16,2026-02-27 00:00:00
CUST004520,Customer 04520,customer04520@example.com,Kolkata,West Bengal,RETURNING,Email,2025-07-06,2025-07-27 00:00:00
CUST004521,Customer 04521,customer04521@example.com,Ahmedabad,Gujarat,New,Organic,2025-06-19,2025-07-03 00:00:00
CUST004522,Customer 04522,customer04522@example.com,Pune,Maharashtra,RETURNING,Affiliate,2026-08-17,2026-09-08 00:00:00
CUST004523,Customer 04523,customer04523@example.com,Pune,Maharashtra,New,Organic,2026-02-05,2026-02-25 00:00:00
CUST004524,Customer 04524,customer04524@example.com,Kolkata,West Bengal,RETURNING,Paid Ads,2025-09-03,2025-09-18 00:00:00
CUST004525,Customer 04525,customer04525@example.com,Delhi,Delhi,premium,Social,2026-07-06,2026-07-13 00:00:00
CUST004526,Customer 04526,customer04526@example.com,Noida,Uttar Pradesh,RETURNING,Paid Ads,2025-02-12,2025-02-17 00:00:00
CUST004527,Customer 04527,customer04527@example.com,Noida,Uttar Pradesh,New,Affiliate,2025-06-28,2025-07-25 00:00:00
CUST004528,Customer 04528,customer04528@example.com,Pune,Maharashtra,RETURNING,Direct,2026-04-02,2026-04-05 00:00:00
CUST004529,Customer 04529,customer04529@example.com,Hyderabad,Telangana,RETURNING,Paid Ads,2026-06-19,2026-07-18 00:00:00
CUST004530,Customer 04530,customer04530@example.com,Pune,Maharashtra,RETURNING,Email,2025-09-01,2025-09-11 00:00:00
CUST004531,Customer 04531,customer04531@example.com,Pune,Maharashtra,RETURNING,Organic,2025-01-17,2025-02-02 00:00:00
CUST004532,Customer 04532,customer04532@example.com,Kolkata,West Bengal,RETURNING,Direct,2025-04-22,2025-04-23 00:00:00
CUST004533,Customer 04533,customer04533@example.com,Chennai,Tamil Nadu,Dormant,Direct,2026-08-21,2026-09-17 00:00:00
CUST004534,Customer 04534,customer04534@example.com,Kolkata,West Bengal,New,Affiliate,2026-07-01,2026-07-06 00:00:00
CUST004535,Customer 04535,customer04535@example.com,Ahmedabad,Gujarat,RETURNING,Email,2025-01-30,2025-02-02 00:00:00
CUST004536,Customer 04536,customer04536@example.com,Pune,Maharashtra,RETURNING,Organic,2025-07-11,2025-07-13 00:00:00
CUST004537,Customer 04537,customer04537@example.com,Noida,Uttar Pradesh,RETURNING,Email,2026-03-13,2026-03-19 00:00:00
CUST004538,Customer 04538,customer04538@example.com,Jaipur,Rajasthan,New,Paid Ads,2025-06-28,2025-07-04 00:00:00
CUST004539,Customer 04539,customer04539@example.com,,Uttar Pradesh,New,Affiliate,2026-04-19,2026-05-04 00:00:00
CUST004540,Customer 04540,customer04540@example.com,Bengaluru,Karnataka,New,Direct,2025-05-14,2025-05-15 00:00:00
CUST004541,Customer 04541,customer04541@example.com,Delhi,Delhi,Dormant,Direct,2025-11-08,2025-11-15 00:00:00
CUST004542,Customer 04542,customer04542@example.com,Mumbai,Maharashtra,premium,Paid Ads,2025-01-25,2025-02-08 00:00:00
CUST004543,Customer 04543,customer04543@example.com,Ahmedabad,Gujarat,RETURNING,Direct,2026-01-06,2026-02-01 00:00:00
CUST004544,Customer 04544,customer04544@example.com,Ahmedabad,Gujarat,premium,Social,2026-06-09,2026-06-24 00:00:00
CUST004545,Customer 04545,customer04545@example.com,Delhi,Delhi,New,Affiliate,2025-11-15,2025-11-15 00:00:00
CUST004546,Customer 04546,customer04546@example.com,Jaipur,Rajasthan,Dormant,Paid Ads,2025-08-18,2025-09-13 00:00:00
CUST004547,Customer 04547,customer04547@example.com,Mumbai,Maharashtra,RETURNING,Affiliate,2025-04-12,2025-04-21 00:00:00
CUST004548,Customer 04548,customer04548@example.com,Chennai,Tamil Nadu,RETURNING,Organic,2026-03-26,2026-04-01 00:00:00
CUST004549,Customer 04549,customer04549@example.com,Pune,Maharashtra,premium,Affiliate,2026-01-13,2026-01-28 00:00:00
CUST004550,Customer 04550,customer04550@example.com,Mumbai,Maharashtra,premium,Affiliate,2025-07-22,2025-07-31 00:00:00
CUST004551,Customer 04551,customer04551@example.com,Jaipur,Rajasthan,premium,Organic,2025-09-24,2025-10-05 00:00:00
CUST004552,Customer 04552,customer04552@example.com,Hyderabad,Telangana,New,Paid Ads,2026-04-07,2026-04-23 00:00:00
CUST004553,Customer 04553,customer04553@example.com,Bengaluru,Karnataka,Dormant,Affiliate,2025-12-31,2026-01-12 00:00:00
CUST004554,Customer 04554,customer04554@example.com,Mumbai,Maharashtra,Dormant,Email,2025-04-14,2025-04-25 00:00:00
CUST004555,Customer 04555,customer04555@example.com,Mumbai,Maharashtra,RETURNING,Affiliate,2025-04-21,2025-05-05 00:00:00
CUST004556,Customer 04556,customer04556@example.com,Bengaluru,Karnataka,New,Paid Ads,2026-03-04,2026-03-17 00:00:00
CUST004557,Customer 04557,customer04557@example.com,Pune,Maharashtra,New,Direct,2026-04-14,2026-05-02 00:00:00
CUST004558,Customer 04558,customer04558@example.com,Mumbai,Maharashtra,Dormant,Organic,2026-08-04,2026-08-22 00:00:00
CUST004559,Customer 04559,customer04559@example.com,Bengaluru,Karnataka,RETURNING,Direct,2026-07-15,2026-08-09 00:00:00
CUST004560,Customer 04560,customer04560@example.com,Bengaluru,Karnataka,RETURNING,Paid Ads,2025-09-07,2025-09-20 00:00:00
CUST004561,Customer 04561,customer04561@example.com,Bengaluru,Karnataka,New,Social,2026-04-27,2026-05-14 00:00:00
CUST004562,Customer 04562,customer04562@example.com,Kolkata,West Bengal,New,Direct,2025-11-27,2025-12-26 00:00:00
CUST004563,Customer 04563,customer04563@example.com,Jaipur,Rajasthan,RETURNING,Affiliate,2026-08-10,2026-09-04 00:00:00
CUST004564,Customer 04564,customer04564@example.com,Kolkata,West Bengal,RETURNING,Affiliate,2025-07-20,2025-08-17 00:00:00
CUST004565,Customer 04565,customer04565@example.com,Hyderabad,Telangana,Dormant,Organic,2026-03-30,2026-04-03 00:00:00
CUST004566,Customer 04566,customer04566@example.com,Chennai,Tamil Nadu,RETURNING,Affiliate,2026-05-19,2026-06-07 00:00:00
CUST004567,Customer 04567,customer04567@example.com,Kolkata,West Bengal,premium,Email,2026-06-30,2026-07-28 00:00:00
CUST004568,Customer 04568,customer04568@example.com,Kolkata,West Bengal,New,Email,2025-04-21,2025-04-26 00:00:00
CUST004569,Customer 04569,customer04569@example.com,Jaipur,Rajasthan,New,Direct,2026-06-28,2026-07-15 00:00:00
CUST004570,Customer 04570,customer04570@example.com,Chennai,Tamil Nadu,RETURNING,Paid Ads,2025-07-28,2025-08-10 00:00:00
CUST004571,Customer 04571,customer04571@example.com,Delhi,Delhi,RETURNING,Organic,2025-02-02,2025-02-05 00:00:00
CUST004572,Customer 04572,customer04572@example.com,Bengaluru,Karnataka,New,Social,2026-07-09,2026-08-05 00:00:00
CUST004573,Customer 04573,customer04573@example.com,Ahmedabad,Gujarat,Dormant,Direct,2025-04-17,2025-05-09 00:00:00
CUST004574,Customer 04574,customer04574@example.com,Chennai,Tamil Nadu,RETURNING,Paid Ads,2025-09-22,2025-09-22 00:00:00
CUST004575,Customer 04575,customer04575@example.com,Hyderabad,Telangana,New,Organic,2025-08-14,2025-08-26 00:00:00
CUST004576,Customer 04576,customer04576@example.com,Pune,Maharashtra,New,Organic,2026-05-02,2026-05-12 00:00:00
CUST004577,Customer 04577,customer04577@example.com,Hyderabad,Telangana,New,Direct,2025-06-28,2025-06-30 00:00:00
CUST004578,Customer 04578,customer04578@example.com,Bengaluru,Karnataka,Dormant,Paid Ads,2025-08-10,2025-08-26 00:00:00
CUST004579,Customer 04579,customer04579@example.com,Chennai,Tamil Nadu,New,Paid Ads,2026-01-05,2026-01-22 00:00:00
CUST004580,Customer 04580,customer04580@example.com,Hyderabad,Telangana,RETURNING,Affiliate,2025-06-16,2025-07-10 00:00:00
CUST004581,Customer 04581,customer04581@example.com,Hyderabad,Telangana,RETURNING,Social,2026-07-07,2026-07-16 00:00:00
CUST004582,Customer 04582,customer04582@example.com,Delhi,Delhi,New,Email,2025-10-27,2025-11-11 00:00:00
CUST004583,Customer 04583,customer04583@example.com,Delhi,Delhi,New,Affiliate,2026-01-16,2026-02-05 00:00:00
CUST004584,Customer 04584,customer04584@example.com,Chennai,Tamil Nadu,New,Organic,2025-02-04,2025-02-16 00:00:00
CUST004585,Customer 04585,customer04585@example.com,Bengaluru,Karnataka,RETURNING,Social,2026-02-11,2026-03-02 00:00:00
CUST004586,Customer 04586,customer04586@example.com,Kolkata,West Bengal,New,Social,2026-05-17,2026-05-28 00:00:00
CUST004587,Customer 04587,customer04587@example.com,Noida,Uttar Pradesh,New,Paid Ads,2025-11-10,2025-11-13 00:00:00
CUST004588,Customer 04588,customer04588@example.com,Mumbai,Maharashtra,premium,Social,2025-04-11,2025-04-18 00:00:00
CUST004589,Customer 04589,customer04589@example.com,Ahmedabad,Gujarat,New,Direct,2026-07-23,2026-08-03 00:00:00
CUST004590,Customer 04590,customer04590@example.com,Mumbai,Maharashtra,premium,Social,2025-08-03,2025-08-21 00:00:00
CUST004591,Customer 04591,customer04591@example.com,Jaipur,Rajasthan,premium,Organic,2026-07-30,2026-08-13 00:00:00
CUST004592,Customer 04592,customer04592@example.com,Delhi,Delhi,RETURNING,Direct,2025-03-03,2025-03-30 00:00:00
CUST004593,Customer 04593,customer04593@example.com,Chennai,Tamil Nadu,RETURNING,Direct,2026-01-04,2026-01-19 00:00:00
CUST004594,Customer 04594,customer04594@example.com,Mumbai,Maharashtra,New,Affiliate,2026-01-03,2026-01-14 00:00:00
CUST004595,Customer 04595,customer04595@example.com,Bengaluru,Karnataka,premium,Social,2026-07-28,2026-08-16 00:00:00
CUST004596,Customer 04596,customer04596@example.com,Ahmedabad,Gujarat,RETURNING,Paid Ads,2025-04-04,2025-04-21 00:00:00
CUST004597,Customer 04597,customer04597@example.com,Mumbai,Maharashtra,RETURNING,Affiliate,2026-04-14,2026-05-05 00:00:00
CUST004598,Customer 04598,customer04598@example.com,Ahmedabad,Gujarat,New,Paid Ads,2025-01-26,2025-02-06 00:00:00
CUST004599,Customer 04599,customer04599@example.com,Pune,Maharashtra,Dormant,Social,2026-03-11,2026-03-26 00:00:00
CUST004600,Customer 04600,customer04600@example.com,Bengaluru,Karnataka,New,Affiliate,2025-05-01,2025-05-25 00:00:00
CUST004601,Customer 04601,customer04601@example.com,Noida,Uttar Pradesh,RETURNING,Social,2025-02-19,2025-03-18 00:00:00
CUST004602,Customer 04602,customer04602@example.com,Hyderabad,Telangana,RETURNING,Organic,2025-02-05,2025-02-24 00:00:00
CUST004603,Customer 04603,customer04603@example.com,Ahmedabad,Gujarat,New,Affiliate,2026-02-14,2026-02-24 00:00:00
CUST004604,Customer 04604,customer04604@example.com,Bengaluru,Karnataka,RETURNING,Paid Ads,2025-10-16,2025-11-06 00:00:00
CUST004605,Customer 04605,customer04605@example.com,Ahmedabad,Gujarat,premium,Organic,2026-01-14,2026-02-02 00:00:00
CUST004606,Customer 04606,customer04606@example.com,Ahmedabad,Gujarat,premium,Email,2025-04-10,2025-04-23 00:00:00
CUST004607,Customer 04607,customer04607@example.com,Kolkata,West Bengal,Dormant,Paid Ads,2025-11-20,2025-11-21 00:00:00
CUST004608,Customer 04608,customer04608@example.com,Kolkata,West Bengal,RETURNING,Social,2025-11-25,2025-12-07 00:00:00
CUST004609,Customer 04609,customer04609@example.com,Bengaluru,Karnataka,RETURNING,Paid Ads,2025-08-09,2025-08-22 00:00:00
CUST004610,Customer 04610,customer04610@example.com,Kolkata,West Bengal,New,Email,2026-07-21,2026-07-26 00:00:00
CUST004611,Customer 04611,customer04611@example.com,Jaipur,Rajasthan,RETURNING,Paid Ads,2025-04-20,2025-05-01 00:00:00
CUST004612,Customer 04612,customer04612@example.com,Noida,Uttar Pradesh,New,Organic,2025-05-29,2025-06-04 00:00:00
CUST004613,Customer 04613,customer04613@example.com,Chennai,Tamil Nadu,RETURNING,Direct,2026-02-10,2026-02-13 00:00:00
CUST004614,Customer 04614,customer04614@example.com,Bengaluru,Karnataka,RETURNING,Paid Ads,2026-02-14,2026-03-13 00:00:00
CUST004615,Customer 04615,customer04615@example.com,Bengaluru,Karnataka,RETURNING,Affiliate,2025-05-09,2025-06-04 00:00:00
CUST004616,Customer 04616,customer04616@example.com,Jaipur,Rajasthan,RETURNING,Email,2026-04-29,2026-05-05 00:00:00
CUST004617,Customer 04617,customer04617@example.com,Delhi,Delhi,Dormant,Paid Ads,2025-04-18,2025-04-30 00:00:00
CUST004618,Customer 04618,customer04618@example.com,Delhi,Delhi,RETURNING,Email,2026-01-24,2026-02-03 00:00:00
CUST004619,Customer 04619,customer04619@example.com,Kolkata,West Bengal,Dormant,Direct,2026-03-01,2026-03-08 00:00:00
CUST004620,Customer 04620,customer04620@example.com,Chennai,Tamil Nadu,premium,Organic,2026-03-23,2026-04-18 00:00:00
CUST004621,Customer 04621,customer04621@example.com,Kolkata,West Bengal,RETURNING,Affiliate,2025-03-09,2025-03-27 00:00:00
CUST004622,Customer 04622,customer04622@example.com,Pune,Maharashtra,RETURNING,Social,2025-03-07,2025-03-08 00:00:00
CUST004623,Customer 04623,customer04623@example.com,Pune,Maharashtra,New,Paid Ads,2026-07-19,2026-08-08 00:00:00
CUST004624,Customer 04624,customer04624@example.com,Hyderabad,Telangana,premium,Organic,2026-05-19,2026-06-05 00:00:00
CUST004625,Customer 04625,customer04625@example.com,Pune,Maharashtra,RETURNING,Email,2026-05-19,2026-06-13 00:00:00
CUST004626,Customer 04626,customer04626@example.com,Delhi,Delhi,Dormant,Direct,2025-11-17,2025-12-07 00:00:00
CUST004627,Customer 04627,customer04627@example.com,Noida,Uttar Pradesh,RETURNING,Email,2026-08-03,2026-08-12 00:00:00
CUST004628,Customer 04628,customer04628@example.com,Pune,Maharashtra,premium,Direct,2026-03-23,2026-04-20 00:00:00
CUST004629,Customer 04629,customer04629@example.com,Kolkata,West Bengal,premium,Direct,2026-07-28,2026-08-02 00:00:00
CUST004630,Customer 04630,customer04630@example.com,Ahmedabad,Gujarat,RETURNING,Organic,2025-07-29,2025-08-21 00:00:00
CUST004631,Customer 04631,customer04631@example.com,Bengaluru,Karnataka,New,Paid Ads,2026-01-05,2026-01-26 00:00:00
CUST004632,Customer 04632,customer04632@example.com,Noida,Uttar Pradesh,RETURNING,Social,2026-07-18,2026-07-21 00:00:00
CUST004633,Customer 04633,customer04633@example.com,Noida,Uttar Pradesh,RETURNING,Paid Ads,2026-04-03,2026-04-21 00:00:00
CUST004634,Customer 04634,customer04634@example.com,Kolkata,West Bengal,New,Affiliate,2026-07-31,2026-08-13 00:00:00
CUST004635,Customer 04635,customer04635@example.com,Bengaluru,Karnataka,Dormant,Paid Ads,2025-06-12,2025-06-25 00:00:00
CUST004636,Customer 04636,customer04636@example.com,Delhi,Delhi,RETURNING,Direct,2025-11-28,2025-12-15 00:00:00
CUST004637,Customer 04637,customer04637@example.com,Noida,Uttar Pradesh,Dormant,Direct,2025-12-16,2026-01-13 00:00:00
CUST004638,Customer 04638,customer04638@example.com,Hyderabad,Telangana,premium,Affiliate,2026-04-13,2026-04-29 00:00:00
CUST004639,Customer 04639,customer04639@example.com,Kolkata,West Bengal,RETURNING,Email,2026-03-02,2026-03-19 00:00:00
CUST004640,Customer 04640,customer04640@example.com,Noida,Uttar Pradesh,Dormant,Direct,2025-11-23,2025-12-10 00:00:00
CUST004641,Customer 04641,customer04641@example.com,Chennai,Tamil Nadu,RETURNING,Affiliate,2025-04-16,2025-04-20 00:00:00
CUST004642,Customer 04642,customer04642@example.com,Bengaluru,Karnataka,Dormant,Direct,2025-09-12,2025-09-20 00:00:00
CUST004643,Customer 04643,customer04643@example.com,Pune,Maharashtra,RETURNING,Social,2025-12-24,2025-12-24 00:00:00
CUST004644,Customer 04644,customer04644@example.com,Noida,Uttar Pradesh,RETURNING,Direct,2026-03-20,2026-03-23 00:00:00
CUST004645,Customer 04645,customer04645@example.com,Kolkata,West Bengal,RETURNING,Organic,2025-04-23,2025-05-18 00:00:00
CUST004646,Customer 04646,customer04646@example.com,Pune,Maharashtra,RETURNING,Affiliate,2025-01-30,2025-02-05 00:00:00
CUST004647,Customer 04647,customer04647@example.com,Hyderabad,Telangana,RETURNING,Paid Ads,2026-06-08,2026-06-18 00:00:00
CUST004648,Customer 04648,customer04648@example.com,Pune,Maharashtra,RETURNING,Affiliate,2025-02-15,2025-02-28 00:00:00
CUST004649,Customer 04649,customer04649@example.com,Chennai,Tamil Nadu,RETURNING,Email,2025-06-20,2025-06-29 00:00:00
CUST004650,Customer 04650,,Delhi,Delhi,Dormant,Direct,2025-05-10,2025-05-28 00:00:00
CUST004651,Customer 04651,customer04651@example.com,Noida,Uttar Pradesh,RETURNING,Affiliate,2025-12-19,2025-12-26 00:00:00
CUST004652,Customer 04652,customer04652@example.com,Mumbai,Maharashtra,RETURNING,Social,2025-07-22,2025-07-24 00:00:00
CUST004653,Customer 04653,customer04653@example.com,Mumbai,Maharashtra,RETURNING,Affiliate,2025-08-14,2025-08-21 00:00:00
CUST004654,Customer 04654,customer04654@example.com,Pune,Maharashtra,premium,Social,2025-03-21,2025-04-18 00:00:00
CUST004655,Customer 04655,customer04655@example.com,Jaipur,Rajasthan,Dormant,Direct,2025-11-06,2025-11-23 00:00:00
CUST004656,Customer 04656,customer04656@example.com,Bengaluru,Karnataka,RETURNING,Paid Ads,2025-02-04,2025-02-08 00:00:00
CUST004657,Customer 04657,customer04657@example.com,Mumbai,Maharashtra,New,Direct,2026-07-18,2026-08-06 00:00:00
CUST004658,Customer 04658,customer04658@example.com,Jaipur,Rajasthan,RETURNING,Email,2025-06-10,2025-06-20 00:00:00
CUST004659,Customer 04659,customer04659@example.com,Mumbai,Maharashtra,RETURNING,Organic,2026-08-19,2026-08-27 00:00:00
CUST004660,Customer 04660,customer04660@example.com,Jaipur,Rajasthan,Dormant,Paid Ads,2026-03-11,2026-03-29 00:00:00
CUST004661,Customer 04661,customer04661@example.com,Bengaluru,Karnataka,RETURNING,Paid Ads,2026-06-22,2026-07-03 00:00:00
CUST004662,Customer 04662,customer04662@example.com,Ahmedabad,Gujarat,Dormant,Organic,2025-08-13,2025-09-08 00:00:00
CUST004663,Customer 04663,customer04663@example.com,Mumbai,Maharashtra,RETURNING,Affiliate,2026-03-22,2026-03-26 00:00:00
CUST004664,Customer 04664,customer04664@example.com,Chennai,Tamil Nadu,Dormant,Direct,2025-11-13,2025-11-28 00:00:00
CUST004665,Customer 04665,customer04665@example.com,Noida,Uttar Pradesh,New,Affiliate,2026-02-18,2026-03-15 00:00:00
CUST004666,Customer 04666,,Jaipur,Rajasthan,Dormant,Affiliate,2025-04-05,2025-04-29 00:00:00
CUST004667,Customer 04667,customer04667@example.com,Noida,Uttar Pradesh,Dormant,Direct,2025-08-13,2025-08-25 00:00:00
CUST004668,Customer 04668,,Kolkata,West Bengal,Dormant,Email,2026-07-07,2026-07-12 00:00:00
CUST004669,Customer 04669,customer04669@example.com,Kolkata,West Bengal,New,Paid Ads,2025-03-07,2025-03-22 00:00:00
CUST004670,Customer 04670,customer04670@example.com,Bengaluru,Karnataka,New,Social,2026-02-01,2026-02-18 00:00:00
CUST004671,Customer 04671,customer04671@example.com,Jaipur,Rajasthan,RETURNING,Organic,2025-07-29,2025-08-14 00:00:00
CUST004672,Customer 04672,customer04672@example.com,Hyderabad,Telangana,New,Paid Ads,2026-04-19,2026-04-30 00:00:00
CUST004673,Customer 04673,customer04673@example.com,Kolkata,West Bengal,New,Affiliate,2026-07-25,2026-08-20 00:00:00
CUST004674,Customer 04674,customer04674@example.com,Bengaluru,Karnataka,New,Organic,2026-05-05,2026-05-05 00:00:00
CUST004675,Customer 04675,,Kolkata,West Bengal,RETURNING,Social,2025-06-29,2025-07-05 00:00:00
CUST004676,Customer 04676,customer04676@example.com,Kolkata,West Bengal,RETURNING,Paid Ads,2026-06-08,2026-06-21 00:00:00
CUST004677,Customer 04677,customer04677@example.com,Hyderabad,Telangana,New,Paid Ads,2026-04-04,2026-05-01 00:00:00
CUST004678,Customer 04678,customer04678@example.com,Mumbai,Maharashtra,New,Email,2025-03-09,2025-03-26 00:00:00
CUST004679,Customer 04679,customer04679@example.com,Pune,Maharashtra,RETURNING,Paid Ads,2025-11-25,2025-12-17 00:00:00
CUST004680,Customer 04680,customer04680@example.com,Ahmedabad,Gujarat,RETURNING,Paid Ads,2025-07-21,2025-07-21 00:00:00
CUST004681,Customer 04681,customer04681@example.com,Kolkata,West Bengal,New,Social,2026-04-20,2026-05-09 00:00:00
CUST004682,Customer 04682,customer04682@example.com,Kolkata,West Bengal,RETURNING,Social,2026-06-02,2026-06-11 00:00:00
CUST004683,Customer 04683,customer04683@example.com,Chennai,Tamil Nadu,Dormant,Organic,2025-01-15,2025-01-29 00:00:00
CUST004684,Customer 04684,customer04684@example.com,Ahmedabad,Gujarat,Dormant,Affiliate,2025-02-11,2025-03-11 00:00:00
CUST004685,Customer 04685,customer04685@example.com,Hyderabad,Telangana,Dormant,Social,2026-06-27,2026-07-07 00:00:00
CUST004686,Customer 04686,customer04686@example.com,Noida,Uttar Pradesh,Dormant,Organic,2025-10-16,2025-10-19 00:00:00
CUST004687,Customer 04687,customer04687@example.com,Jaipur,Rajasthan,RETURNING,Paid Ads,2026-06-17,2026-07-01 00:00:00
CUST004688,Customer 04688,customer04688@example.com,Kolkata,West Bengal,RETURNING,Organic,2025-09-01,2025-09-21 00:00:00
CUST004689,Customer 04689,customer04689@example.com,Pune,Maharashtra,RETURNING,Organic,2026-07-21,2026-08-19 00:00:00
CUST004690,Customer 04690,customer04690@example.com,Jaipur,Rajasthan,RETURNING,Organic,2026-08-21,2026-09-05 00:00:00
CUST004691,Customer 04691,customer04691@example.com,Ahmedabad,Gujarat,RETURNING,Direct,2025-06-23,2025-07-22 00:00:00
CUST004692,Customer 04692,customer04692@example.com,Jaipur,Rajasthan,RETURNING,Organic,2026-06-18,2026-07-13 00:00:00
CUST004693,Customer 04693,customer04693@example.com,Mumbai,Maharashtra,RETURNING,Social,2026-05-24,2026-06-07 00:00:00
CUST004694,Customer 04694,customer04694@example.com,Kolkata,West Bengal,New,Direct,2025-09-01,2025-09-17 00:00:00
CUST004695,Customer 04695,customer04695@example.com,Jaipur,Rajasthan,premium,Affiliate,2025-03-01,2025-03-23 00:00:00
CUST004696,Customer 04696,customer04696@example.com,Noida,Uttar Pradesh,New,Organic,2025-04-14,2025-04-24 00:00:00
CUST004697,Customer 04697,customer04697@example.com,Noida,Uttar Pradesh,New,Email,2025-10-30,2025-11-16 00:00:00
CUST004698,Customer 04698,customer04698@example.com,Kolkata,West Bengal,New,Paid Ads,2025-03-18,2025-04-14 00:00:00
CUST004699,Customer 04699,customer04699@example.com,Delhi,Delhi,RETURNING,Paid Ads,2025-01-18,2025-02-02 00:00:00
CUST004700,Customer 04700,customer04700@example.com,Noida,Uttar Pradesh,New,Direct,2026-06-18,2026-07-14 00:00:00
CUST004701,Customer 04701,customer04701@example.com,Jaipur,Rajasthan,Dormant,Paid Ads,2025-07-03,2025-07-17 00:00:00
CUST004702,Customer 04702,customer04702@example.com,Bengaluru,Karnataka,RETURNING,Paid Ads,2026-07-04,2026-08-01 00:00:00
CUST004703,Customer 04703,customer04703@example.com,Noida,Uttar Pradesh,RETURNING,Direct,2025-10-08,2025-10-18 00:00:00
CUST004704,Customer 04704,customer04704@example.com,Ahmedabad,Gujarat,RETURNING,Paid Ads,2025-10-15,2025-10-27 00:00:00
CUST004705,Customer 04705,customer04705@example.com,Delhi,Delhi,RETURNING,Organic,2026-06-09,2026-06-26 00:00:00
CUST004706,Customer 04706,,Jaipur,Rajasthan,premium,Affiliate,2026-04-19,2026-04-26 00:00:00
CUST004707,Customer 04707,customer04707@example.com,Hyderabad,Telangana,RETURNING,Direct,2025-09-24,2025-10-02 00:00:00
CUST004708,Customer 04708,customer04708@example.com,Chennai,Tamil Nadu,premium,Email,2025-12-23,2026-01-13 00:00:00
CUST004709,Customer 04709,customer04709@example.com,Hyderabad,Telangana,Dormant,Direct,2025-01-01,2025-01-11 00:00:00
CUST004710,Customer 04710,customer04710@example.com,Mumbai,Maharashtra,Dormant,Social,2025-01-27,2025-02-12 00:00:00
CUST004711,Customer 04711,customer04711@example.com,Chennai,Tamil Nadu,RETURNING,Email,2026-07-02,2026-07-02 00:00:00
CUST004712,Customer 04712,customer04712@example.com,Mumbai,Maharashtra,New,Social,2025-06-09,2025-07-08 00:00:00
CUST004713,Customer 04713,customer04713@example.com,Chennai,Tamil Nadu,RETURNING,Direct,2026-02-03,2026-02-13 00:00:00
CUST004714,Customer 04714,customer04714@example.com,Chennai,Tamil Nadu,RETURNING,Social,2026-06-27,2026-07-03 00:00:00
CUST004715,Customer 04715,customer04715@example.com,Bengaluru,Karnataka,premium,Email,2025-05-07,2025-05-14 00:00:00
CUST004716,Customer 04716,customer04716@example.com,Pune,Maharashtra,premium,Organic,2025-07-29,2025-08-16 00:00:00
CUST004717,Customer 04717,customer04717@example.com,,Gujarat,premium,Direct,2025-05-30,2025-06-23 00:00:00
CUST004718,Customer 04718,customer04718@example.com,Hyderabad,Telangana,premium,Direct,2025-01-31,2025-02-03 00:00:00
CUST004719,Customer 04719,customer04719@example.com,Noida,Uttar Pradesh,New,Paid Ads,2025-10-29,2025-11-01 00:00:00
CUST004720,Customer 04720,customer04720@example.com,Jaipur,Rajasthan,New,Direct,2025-09-14,2025-10-02 00:00:00
CUST004721,Customer 04721,customer04721@example.com,Delhi,Delhi,New,Direct,2025-02-26,2025-03-21 00:00:00
CUST004722,Customer 04722,customer04722@example.com,Ahmedabad,Gujarat,Dormant,Organic,2025-01-09,2025-01-17 00:00:00
CUST004723,Customer 04723,customer04723@example.com,Mumbai,Maharashtra,premium,Paid Ads,2025-01-05,2025-01-21 00:00:00
CUST004724,Customer 04724,customer04724@example.com,Bengaluru,Karnataka,RETURNING,Affiliate,2025-04-24,2025-05-11 00:00:00
CUST004725,Customer 04725,customer04725@example.com,Mumbai,Maharashtra,premium,Social,2025-07-24,2025-07-24 00:00:00
CUST004726,Customer 04726,customer04726@example.com,Pune,Maharashtra,premium,Email,2025-01-24,2025-02-06 00:00:00
CUST004727,Customer 04727,customer04727@example.com,Delhi,Delhi,Dormant,Affiliate,2026-05-08,2026-05-11 00:00:00
CUST004728,Customer 04728,customer04728@example.com,Bengaluru,Karnataka,premium,Paid Ads,2026-02-10,2026-02-19 00:00:00
CUST004729,Customer 04729,customer04729@example.com,Mumbai,Maharashtra,RETURNING,Organic,2025-04-13,2025-05-05 00:00:00
CUST004730,Customer 04730,customer04730@example.com,Pune,Maharashtra,RETURNING,Email,2025-03-01,2025-03-14 00:00:00
CUST004731,Customer 04731,customer04731@example.com,,Rajasthan,New,Social,2025-03-27,2025-04-02 00:00:00
CUST004732,Customer 04732,customer04732@example.com,Jaipur,Rajasthan,RETURNING,Direct,2026-01-07,2026-01-18 00:00:00
CUST004733,Customer 04733,customer04733@example.com,Mumbai,Maharashtra,RETURNING,Direct,2026-08-19,2026-09-09 00:00:00
CUST004734,Customer 04734,customer04734@example.com,Ahmedabad,Gujarat,New,Affiliate,2025-07-21,2025-08-18 00:00:00
CUST004735,Customer 04735,customer04735@example.com,Delhi,Delhi,premium,Social,2025-03-30,2025-04-25 00:00:00
CUST004736,Customer 04736,customer04736@example.com,Kolkata,West Bengal,RETURNING,Paid Ads,2026-03-13,2026-03-28 00:00:00
CUST004737,Customer 04737,customer04737@example.com,Ahmedabad,Gujarat,Dormant,Social,2025-04-30,2025-05-04 00:00:00
CUST004738,Customer 04738,customer04738@example.com,Jaipur,Rajasthan,New,Organic,2025-06-05,2025-06-15 00:00:00
CUST004739,Customer 04739,customer04739@example.com,Delhi,Delhi,RETURNING,Affiliate,2026-02-03,2026-02-06 00:00:00
CUST004740,Customer 04740,customer04740@example.com,Pune,Maharashtra,RETURNING,Affiliate,2025-07-07,2025-08-03 00:00:00
CUST004741,Customer 04741,customer04741@example.com,Bengaluru,Karnataka,New,Organic,2025-02-21,2025-03-05 00:00:00
CUST004742,Customer 04742,customer04742@example.com,Chennai,Tamil Nadu,RETURNING,Social,2026-06-15,2026-07-14 00:00:00
CUST004743,Customer 04743,customer04743@example.com,Mumbai,Maharashtra,New,Organic,2026-04-25,2026-05-02 00:00:00
CUST004744,Customer 04744,customer04744@example.com,Hyderabad,Telangana,New,Email,2026-08-10,2026-08-16 00:00:00
CUST004745,Customer 04745,customer04745@example.com,Delhi,Delhi,New,Organic,2025-08-18,2025-08-28 00:00:00
CUST004746,Customer 04746,customer04746@example.com,Noida,Uttar Pradesh,New,Social,2026-04-26,2026-05-06 00:00:00
CUST004747,Customer 04747,customer04747@example.com,Pune,Maharashtra,premium,Organic,2025-05-10,2025-06-04 00:00:00
CUST004748,Customer 04748,customer04748@example.com,Kolkata,West Bengal,New,Paid Ads,2025-02-24,2025-03-12 00:00:00
CUST004749,Customer 04749,customer04749@example.com,Chennai,Tamil Nadu,RETURNING,Direct,2025-09-28,2025-10-19 00:00:00
CUST004750,Customer 04750,customer04750@example.com,Noida,Uttar Pradesh,premium,Organic,2025-04-10,2025-04-23 00:00:00
CUST004751,Customer 04751,customer04751@example.com,Kolkata,West Bengal,RETURNING,Direct,2025-03-10,2025-03-11 00:00:00
CUST004752,Customer 04752,customer04752@example.com,Hyderabad,Telangana,Dormant,Organic,2025-10-26,2025-11-14 00:00:00
CUST004753,Customer 04753,customer04753@example.com,Jaipur,Rajasthan,premium,Social,2026-06-13,2026-07-03 00:00:00
CUST004754,Customer 04754,customer04754@example.com,Ahmedabad,Gujarat,premium,Email,2025-12-20,2025-12-27 00:00:00
CUST004755,Customer 04755,customer04755@example.com,,Maharashtra,New,Email,2025-06-01,2025-06-22 00:00:00
CUST004756,Customer 04756,customer04756@example.com,Bengaluru,Karnataka,premium,Direct,2025-11-26,2025-12-22 00:00:00
CUST004757,Customer 04757,customer04757@example.com,Kolkata,West Bengal,premium,Social,2025-04-26,2025-04-27 00:00:00
CUST004758,Customer 04758,customer04758@example.com,Chennai,Tamil Nadu,RETURNING,Social,2026-06-26,2026-07-16 00:00:00
CUST004759,Customer 04759,customer04759@example.com,Delhi,Delhi,New,Social,2025-11-19,2025-12-03 00:00:00
CUST004760,Customer 04760,customer04760@example.com,Jaipur,Rajasthan,RETURNING,Paid Ads,2026-07-17,2026-07-21 00:00:00
CUST004761,Customer 04761,customer04761@example.com,Delhi,Delhi,premium,Affiliate,2026-07-26,2026-07-31 00:00:00
CUST004762,Customer 04762,customer04762@example.com,Chennai,Tamil Nadu,RETURNING,Organic,2025-08-17,2025-09-02 00:00:00
CUST004763,Customer 04763,customer04763@example.com,Delhi,Delhi,premium,Social,2025-12-26,2026-01-02 00:00:00
CUST004764,Customer 04764,customer04764@example.com,Kolkata,West Bengal,New,Social,2025-01-05,2025-01-23 00:00:00
CUST004765,Customer 04765,customer04765@example.com,Pune,Maharashtra,premium,Social,2025-01-28,2025-02-01 00:00:00
CUST004766,Customer 04766,customer04766@example.com,Delhi,Delhi,New,Email,2025-12-30,2026-01-21 00:00:00
CUST004767,Customer 04767,customer04767@example.com,Ahmedabad,Gujarat,New,Social,2026-04-07,2026-04-25 00:00:00
CUST004768,Customer 04768,customer04768@example.com,Hyderabad,Telangana,RETURNING,Organic,2025-08-19,2025-09-01 00:00:00
CUST004769,Customer 04769,customer04769@example.com,Bengaluru,Karnataka,New,Social,2026-01-30,2026-02-08 00:00:00
CUST004770,Customer 04770,customer04770@example.com,Kolkata,West Bengal,New,Organic,2025-09-28,2025-10-10 00:00:00
CUST004771,Customer 04771,customer04771@example.com,Noida,Uttar Pradesh,New,Paid Ads,2025-10-31,2025-11-21 00:00:00
CUST004772,Customer 04772,customer04772@example.com,Chennai,Tamil Nadu,RETURNING,Affiliate,2026-01-18,2026-01-22 00:00:00
CUST004773,Customer 04773,customer04773@example.com,Jaipur,Rajasthan,Dormant,Email,2026-07-12,2026-07-18 00:00:00
CUST004774,Customer 04774,customer04774@example.com,Kolkata,West Bengal,premium,Organic,2025-01-28,2025-02-06 00:00:00
CUST004775,Customer 04775,customer04775@example.com,Pune,Maharashtra,RETURNING,Direct,2026-06-03,2026-06-13 00:00:00
CUST004776,Customer 04776,customer04776@example.com,Jaipur,Rajasthan,New,Paid Ads,2025-07-18,2025-07-20 00:00:00
CUST004777,Customer 04777,customer04777@example.com,,Gujarat,RETURNING,Affiliate,2025-03-23,2025-04-04 00:00:00
CUST004778,Customer 04778,customer04778@example.com,Chennai,Tamil Nadu,premium,Affiliate,2025-03-29,2025-04-27 00:00:00
CUST004779,Customer 04779,customer04779@example.com,Jaipur,Rajasthan,RETURNING,Affiliate,2026-01-25,2026-01-26 00:00:00
CUST004780,Customer 04780,customer04780@example.com,Delhi,Delhi,New,Organic,2026-08-03,2026-08-06 00:00:00
CUST004781,Customer 04781,customer04781@example.com,Kolkata,West Bengal,New,Paid Ads,2026-03-27,2026-03-29 00:00:00
CUST004782,Customer 04782,customer04782@example.com,Hyderabad,Telangana,premium,Social,2026-03-09,2026-03-23 00:00:00
CUST004783,Customer 04783,customer04783@example.com,Chennai,Tamil Nadu,RETURNING,Direct,2026-01-09,2026-01-12 00:00:00
CUST004784,Customer 04784,customer04784@example.com,Mumbai,Maharashtra,premium,Paid Ads,2026-03-11,2026-04-02 00:00:00
CUST004785,Customer 04785,customer04785@example.com,Ahmedabad,Gujarat,RETURNING,Paid Ads,2025-07-06,2025-07-26 00:00:00
CUST004786,Customer 04786,customer04786@example.com,Bengaluru,Karnataka,New,Paid Ads,2026-01-25,2026-01-28 00:00:00
CUST004787,Customer 04787,customer04787@example.com,Chennai,Tamil Nadu,RETURNING,Organic,2025-08-06,2025-09-04 00:00:00
CUST004788,Customer 04788,customer04788@example.com,Pune,Maharashtra,RETURNING,Direct,2025-04-18,2025-05-02 00:00:00
CUST004789,Customer 04789,customer04789@example.com,Kolkata,West Bengal,New,Organic,2026-07-04,2026-07-09 00:00:00
CUST004790,Customer 04790,customer04790@example.com,Delhi,Delhi,New,Direct,2025-12-15,2026-01-06 00:00:00
CUST004791,Customer 04791,customer04791@example.com,Bengaluru,Karnataka,New,Direct,2026-06-06,2026-07-03 00:00:00
CUST004792,Customer 04792,customer04792@example.com,Bengaluru,Karnataka,New,Organic,2025-01-26,2025-02-24 00:00:00
CUST004793,Customer 04793,customer04793@example.com,Ahmedabad,Gujarat,RETURNING,Direct,2025-02-17,2025-03-15 00:00:00
CUST004794,Customer 04794,customer04794@example.com,Jaipur,Rajasthan,Dormant,Paid Ads,2026-01-05,2026-01-09 00:00:00
CUST004795,Customer 04795,customer04795@example.com,Pune,Maharashtra,RETURNING,Organic,2025-01-14,2025-01-25 00:00:00
CUST004796,Customer 04796,customer04796@example.com,Jaipur,Rajasthan,RETURNING,Direct,2025-07-06,2025-07-12 00:00:00
CUST004797,Customer 04797,customer04797@example.com,Delhi,Delhi,RETURNING,Affiliate,2026-06-08,2026-06-10 00:00:00
CUST004798,Customer 04798,customer04798@example.com,Bengaluru,Karnataka,RETURNING,Organic,2025-10-06,2025-10-12 00:00:00
CUST004799,Customer 04799,customer04799@example.com,Pune,Maharashtra,New,Email,2025-12-07,2025-12-18 00:00:00
CUST004800,Customer 04800,customer04800@example.com,Pune,Maharashtra,RETURNING,Organic,2025-11-24,2025-12-08 00:00:00
CUST004801,Customer 04801,customer04801@example.com,Noida,Uttar Pradesh,RETURNING,Organic,2025-01-25,2025-02-12 00:00:00
CUST004802,Customer 04802,customer04802@example.com,Kolkata,West Bengal,New,Organic,2026-06-13,2026-07-12 00:00:00
CUST004803,Customer 04803,customer04803@example.com,Bengaluru,Karnataka,premium,Direct,2026-03-02,2026-03-07 00:00:00
CUST004804,Customer 04804,customer04804@example.com,Bengaluru,Karnataka,RETURNING,Organic,2025-01-29,2025-02-05 00:00:00
CUST004805,Customer 04805,customer04805@example.com,Pune,Maharashtra,RETURNING,Email,2025-11-19,2025-12-17 00:00:00
CUST004806,Customer 04806,customer04806@example.com,Jaipur,Rajasthan,New,Social,2025-11-09,2025-11-14 00:00:00
CUST004807,Customer 04807,customer04807@example.com,Bengaluru,Karnataka,RETURNING,Organic,2026-08-07,2026-09-01 00:00:00
CUST004808,Customer 04808,customer04808@example.com,Pune,Maharashtra,premium,Affiliate,2025-09-27,2025-10-23 00:00:00
CUST004809,Customer 04809,customer04809@example.com,Bengaluru,Karnataka,New,Email,2025-10-22,2025-10-24 00:00:00
CUST004810,Customer 04810,customer04810@example.com,Pune,Maharashtra,New,Social,2025-08-11,2025-09-07 00:00:00
CUST004811,Customer 04811,customer04811@example.com,Noida,Uttar Pradesh,RETURNING,Direct,2025-03-16,2025-03-20 00:00:00
CUST004812,Customer 04812,customer04812@example.com,Kolkata,West Bengal,New,Organic,2025-04-12,2025-04-20 00:00:00
CUST004813,Customer 04813,,Pune,Maharashtra,RETURNING,Social,2026-06-16,2026-07-09 00:00:00
CUST004814,Customer 04814,customer04814@example.com,Bengaluru,Karnataka,RETURNING,Affiliate,2025-06-22,2025-07-07 00:00:00
CUST004815,Customer 04815,customer04815@example.com,Delhi,Delhi,New,Email,2025-01-04,2025-01-25 00:00:00
CUST004816,Customer 04816,customer04816@example.com,Kolkata,West Bengal,New,Email,2026-04-24,2026-05-09 00:00:00
CUST004817,Customer 04817,customer04817@example.com,Noida,Uttar Pradesh,RETURNING,Direct,2026-01-30,2026-02-07 00:00:00
CUST004818,Customer 04818,customer04818@example.com,Pune,Maharashtra,New,Direct,2025-06-16,2025-07-03 00:00:00
CUST004819,Customer 04819,customer04819@example.com,Delhi,Delhi,New,Direct,2025-10-27,2025-11-08 00:00:00
CUST004820,Customer 04820,customer04820@example.com,Pune,Maharashtra,premium,Social,2025-04-28,2025-05-08 00:00:00
CUST004821,Customer 04821,customer04821@example.com,Jaipur,Rajasthan,RETURNING,Organic,2026-05-27,2026-06-20 00:00:00
CUST004822,Customer 04822,customer04822@example.com,Bengaluru,Karnataka,RETURNING,Paid Ads,2025-06-24,2025-07-03 00:00:00
CUST004823,Customer 04823,customer04823@example.com,Chennai,Tamil Nadu,New,Email,2025-06-08,2025-07-06 00:00:00
CUST004824,Customer 04824,customer04824@example.com,Ahmedabad,Gujarat,RETURNING,Paid Ads,2026-01-19,2026-01-28 00:00:00
CUST004825,Customer 04825,customer04825@example.com,Hyderabad,Telangana,RETURNING,Email,2025-08-15,2025-08-20 00:00:00
CUST004826,Customer 04826,customer04826@example.com,Jaipur,Rajasthan,Dormant,Direct,2025-02-07,2025-02-22 00:00:00
CUST004827,Customer 04827,customer04827@example.com,Delhi,Delhi,premium,Organic,2026-04-08,2026-05-02 00:00:00
CUST004828,Customer 04828,customer04828@example.com,Jaipur,Rajasthan,New,Organic,2026-03-07,2026-03-18 00:00:00
CUST004829,Customer 04829,customer04829@example.com,Mumbai,Maharashtra,RETURNING,Email,2025-04-14,2025-04-17 00:00:00
CUST004830,Customer 04830,customer04830@example.com,Pune,Maharashtra,RETURNING,Social,2025-07-12,2025-07-16 00:00:00
CUST004831,Customer 04831,customer04831@example.com,Pune,Maharashtra,RETURNING,Direct,2025-09-07,2025-09-08 00:00:00
CUST004832,Customer 04832,customer04832@example.com,Hyderabad,Telangana,premium,Organic,2025-01-13,2025-01-31 00:00:00
CUST004833,Customer 04833,customer04833@example.com,Hyderabad,Telangana,RETURNING,Organic,2026-07-21,2026-07-21 00:00:00
CUST004834,Customer 04834,customer04834@example.com,Mumbai,Maharashtra,New,Affiliate,2026-08-20,2026-08-23 00:00:00
CUST004835,Customer 04835,customer04835@example.com,Bengaluru,Karnataka,RETURNING,Organic,2026-07-09,2026-07-20 00:00:00
CUST004836,Customer 04836,customer04836@example.com,Ahmedabad,Gujarat,New,Affiliate,2026-01-23,2026-01-24 00:00:00
CUST004837,Customer 04837,customer04837@example.com,Chennai,Tamil Nadu,premium,Organic,2025-03-12,2025-03-23 00:00:00
CUST004838,Customer 04838,customer04838@example.com,Chennai,Tamil Nadu,RETURNING,Organic,2026-07-25,2026-08-09 00:00:00
CUST004839,Customer 04839,customer04839@example.com,Noida,Uttar Pradesh,RETURNING,Social,2026-03-14,2026-03-15 00:00:00
CUST004840,Customer 04840,customer04840@example.com,Noida,Uttar Pradesh,New,Social,2025-02-13,2025-03-01 00:00:00
CUST004841,Customer 04841,customer04841@example.com,Bengaluru,Karnataka,premium,Direct,2025-09-29,2025-10-24 00:00:00
CUST004842,Customer 04842,customer04842@example.com,Noida,Uttar Pradesh,premium,Organic,2025-01-14,2025-02-10 00:00:00
CUST004843,Customer 04843,customer04843@example.com,Noida,Uttar Pradesh,RETURNING,Direct,2026-01-06,2026-01-07 00:00:00
CUST004844,Customer 04844,customer04844@example.com,Mumbai,Maharashtra,New,Direct,2025-04-22,2025-04-25 00:00:00
CUST004845,Customer 04845,customer04845@example.com,Mumbai,Maharashtra,RETURNING,Direct,2026-01-14,2026-01-19 00:00:00
CUST004846,Customer 04846,customer04846@example.com,Noida,Uttar Pradesh,New,Direct,2025-11-10,2025-12-08 00:00:00
CUST004847,Customer 04847,customer04847@example.com,Jaipur,Rajasthan,New,Email,2026-02-19,2026-03-18 00:00:00
CUST004848,Customer 04848,customer04848@example.com,Kolkata,West Bengal,New,Email,2026-04-30,2026-05-22 00:00:00
CUST004849,Customer 04849,customer04849@example.com,Kolkata,West Bengal,New,Organic,2025-06-18,2025-06-24 00:00:00
CUST004850,Customer 04850,customer04850@example.com,Bengaluru,Karnataka,RETURNING,Email,2025-09-03,2025-09-25 00:00:00
CUST004851,Customer 04851,customer04851@example.com,Chennai,Tamil Nadu,Dormant,Organic,2025-09-23,2025-10-07 00:00:00
CUST004852,Customer 04852,customer04852@example.com,Hyderabad,Telangana,RETURNING,Social,2025-08-31,2025-09-19 00:00:00
CUST004853,Customer 04853,customer04853@example.com,Bengaluru,Karnataka,New,Paid Ads,2025-10-27,2025-11-07 00:00:00
CUST004854,Customer 04854,customer04854@example.com,Noida,Uttar Pradesh,RETURNING,Affiliate,2025-11-23,2025-11-27 00:00:00
CUST004855,Customer 04855,customer04855@example.com,,Maharashtra,RETURNING,Email,2026-06-14,2026-06-27 00:00:00
CUST004856,Customer 04856,customer04856@example.com,Pune,Maharashtra,New,Email,2026-08-18,2026-09-02 00:00:00
CUST004857,Customer 04857,customer04857@example.com,Jaipur,Rajasthan,Dormant,Social,2025-12-08,2025-12-18 00:00:00
CUST004858,Customer 04858,customer04858@example.com,Delhi,Delhi,RETURNING,Email,2026-07-08,2026-07-19 00:00:00
CUST004859,Customer 04859,customer04859@example.com,Mumbai,Maharashtra,Dormant,Organic,2025-09-06,2025-09-24 00:00:00
CUST004860,Customer 04860,customer04860@example.com,Kolkata,West Bengal,RETURNING,Organic,2026-01-15,2026-01-31 00:00:00
CUST004861,Customer 04861,customer04861@example.com,Mumbai,Maharashtra,RETURNING,Paid Ads,2026-06-16,2026-07-15 00:00:00
CUST004862,Customer 04862,customer04862@example.com,Jaipur,Rajasthan,New,Paid Ads,2026-01-16,2026-02-08 00:00:00
CUST004863,Customer 04863,customer04863@example.com,Hyderabad,Telangana,RETURNING,Paid Ads,2025-02-11,2025-03-08 00:00:00
CUST004864,Customer 04864,customer04864@example.com,Noida,Uttar Pradesh,New,Organic,2025-12-11,2026-01-06 00:00:00
CUST004865,Customer 04865,customer04865@example.com,Pune,Maharashtra,premium,Direct,2026-08-22,2026-08-28 00:00:00
CUST004866,Customer 04866,customer04866@example.com,Kolkata,West Bengal,premium,Direct,2025-09-18,2025-10-17 00:00:00
CUST004867,Customer 04867,customer04867@example.com,Kolkata,West Bengal,premium,Paid Ads,2025-11-02,2025-11-10 00:00:00
CUST004868,Customer 04868,customer04868@example.com,Ahmedabad,Gujarat,premium,Paid Ads,2025-08-28,2025-09-10 00:00:00
CUST004869,Customer 04869,customer04869@example.com,Chennai,Tamil Nadu,premium,Organic,2025-11-09,2025-12-04 00:00:00
CUST004870,Customer 04870,customer04870@example.com,Hyderabad,Telangana,New,Social,2026-03-17,2026-04-05 00:00:00
CUST004871,Customer 04871,customer04871@example.com,Kolkata,West Bengal,RETURNING,Email,2025-05-13,2025-05-24 00:00:00
CUST004872,Customer 04872,customer04872@example.com,Chennai,Tamil Nadu,RETURNING,Affiliate,2025-02-20,2025-03-06 00:00:00
CUST004873,Customer 04873,customer04873@example.com,Kolkata,West Bengal,RETURNING,Direct,2026-01-27,2026-02-07 00:00:00
CUST004874,Customer 04874,customer04874@example.com,Noida,Uttar Pradesh,premium,Direct,2026-06-07,2026-06-27 00:00:00
CUST004875,Customer 04875,customer04875@example.com,Chennai,Tamil Nadu,New,Organic,2026-05-23,2026-06-12 00:00:00
CUST004876,Customer 04876,customer04876@example.com,Jaipur,Rajasthan,New,Organic,2025-12-20,2026-01-17 00:00:00
CUST004877,Customer 04877,customer04877@example.com,Ahmedabad,Gujarat,Dormant,Affiliate,2026-01-30,2026-02-21 00:00:00
CUST004878,Customer 04878,customer04878@example.com,Noida,Uttar Pradesh,RETURNING,Affiliate,2025-04-06,2025-04-18 00:00:00
CUST004879,Customer 04879,customer04879@example.com,Jaipur,Rajasthan,New,Paid Ads,2025-04-16,2025-04-24 00:00:00
CUST004880,Customer 04880,customer04880@example.com,Pune,Maharashtra,premium,Affiliate,2026-05-28,2026-06-20 00:00:00
CUST004881,Customer 04881,customer04881@example.com,Hyderabad,Telangana,Dormant,Email,2026-07-12,2026-07-18 00:00:00
CUST004882,Customer 04882,customer04882@example.com,Hyderabad,Telangana,New,Email,2025-08-30,2025-09-28 00:00:00
CUST004883,Customer 04883,customer04883@example.com,Delhi,Delhi,premium,Direct,2026-05-03,2026-05-03 00:00:00
CUST004884,Customer 04884,customer04884@example.com,Delhi,Delhi,Dormant,Email,2026-05-30,2026-06-26 00:00:00
CUST004885,Customer 04885,customer04885@example.com,Chennai,Tamil Nadu,Dormant,Email,2025-03-02,2025-03-11 00:00:00
CUST004886,Customer 04886,customer04886@example.com,Hyderabad,Telangana,Dormant,Email,2026-02-20,2026-03-20 00:00:00
CUST004887,Customer 04887,customer04887@example.com,Chennai,Tamil Nadu,RETURNING,Paid Ads,2025-10-21,2025-10-26 00:00:00
CUST004888,Customer 04888,customer04888@example.com,Delhi,Delhi,RETURNING,Direct,2025-10-29,2025-11-23 00:00:00
CUST004889,Customer 04889,customer04889@example.com,Pune,Maharashtra,New,Organic,2025-06-19,2025-07-03 00:00:00
CUST004890,Customer 04890,customer04890@example.com,Kolkata,West Bengal,New,Direct,2025-02-10,2025-02-24 00:00:00
CUST004891,Customer 04891,customer04891@example.com,Jaipur,Rajasthan,RETURNING,Direct,2025-08-19,2025-08-27 00:00:00
CUST004892,Customer 04892,customer04892@example.com,Mumbai,Maharashtra,RETURNING,Direct,2026-02-13,2026-02-25 00:00:00
CUST004893,Customer 04893,customer04893@example.com,Chennai,Tamil Nadu,New,Affiliate,2025-10-24,2025-11-15 00:00:00
CUST004894,Customer 04894,customer04894@example.com,Pune,Maharashtra,RETURNING,Organic,2026-03-31,2026-03-31 00:00:00
CUST004895,Customer 04895,customer04895@example.com,Jaipur,Rajasthan,New,Affiliate,2025-02-26,2025-03-06 00:00:00
CUST004896,Customer 04896,customer04896@example.com,Hyderabad,Telangana,premium,Paid Ads,2025-08-28,2025-08-30 00:00:00
CUST004897,Customer 04897,customer04897@example.com,Kolkata,West Bengal,New,Paid Ads,2026-08-21,2026-09-19 00:00:00
CUST004898,Customer 04898,customer04898@example.com,,Rajasthan,RETURNING,Social,2025-06-25,2025-07-03 00:00:00
CUST004899,Customer 04899,customer04899@example.com,Ahmedabad,Gujarat,RETURNING,Social,2025-03-04,2025-03-23 00:00:00
CUST004900,Customer 04900,customer04900@example.com,Delhi,Delhi,New,Paid Ads,2026-07-05,2026-07-29 00:00:00
CUST004901,Customer 04901,customer04901@example.com,Jaipur,Rajasthan,Dormant,Paid Ads,2025-05-18,2025-06-15 00:00:00
CUST004902,Customer 04902,customer04902@example.com,Mumbai,Maharashtra,RETURNING,Affiliate,2026-03-30,2026-04-13 00:00:00
CUST004903,Customer 04903,customer04903@example.com,Pune,Maharashtra,RETURNING,Paid Ads,2026-03-25,2026-04-17 00:00:00
CUST004904,Customer 04904,customer04904@example.com,Kolkata,West Bengal,New,Organic,2025-08-14,2025-08-20 00:00:00
CUST004905,Customer 04905,customer04905@example.com,Noida,Uttar Pradesh,RETURNING,Affiliate,2026-03-19,2026-03-22 00:00:00
CUST004906,Customer 04906,customer04906@example.com,,Rajasthan,New,Paid Ads,2025-07-25,2025-08-18 00:00:00
CUST004907,Customer 04907,customer04907@example.com,Bengaluru,Karnataka,RETURNING,Affiliate,2025-01-27,2025-02-15 00:00:00
CUST004908,Customer 04908,customer04908@example.com,Mumbai,Maharashtra,RETURNING,Affiliate,2026-04-02,2026-04-18 00:00:00
CUST004909,Customer 04909,customer04909@example.com,Mumbai,Maharashtra,Dormant,Email,2025-04-17,2025-05-08 00:00:00
CUST004910,Customer 04910,customer04910@example.com,Bengaluru,Karnataka,RETURNING,Social,2026-03-20,2026-03-23 00:00:00
CUST004911,Customer 04911,customer04911@example.com,Ahmedabad,Gujarat,New,Affiliate,2025-02-05,2025-03-02 00:00:00
CUST004912,Customer 04912,customer04912@example.com,Noida,Uttar Pradesh,New,Direct,2026-08-20,2026-09-07 00:00:00
CUST004913,Customer 04913,customer04913@example.com,Delhi,Delhi,RETURNING,Affiliate,2025-06-04,2025-07-01 00:00:00
CUST004914,Customer 04914,customer04914@example.com,Pune,Maharashtra,New,Direct,2025-06-18,2025-06-22 00:00:00
CUST004915,Customer 04915,customer04915@example.com,Kolkata,West Bengal,New,Email,2025-09-29,2025-10-14 00:00:00
CUST004916,Customer 04916,customer04916@example.com,Pune,Maharashtra,premium,Paid Ads,2026-07-01,2026-07-03 00:00:00
CUST004917,Customer 04917,customer04917@example.com,Noida,Uttar Pradesh,New,Affiliate,2026-02-24,2026-03-06 00:00:00
CUST004918,Customer 04918,customer04918@example.com,Pune,Maharashtra,premium,Email,2025-07-03,2025-07-27 00:00:00
CUST004919,Customer 04919,customer04919@example.com,Bengaluru,Karnataka,New,Organic,2025-08-25,2025-09-21 00:00:00
CUST004920,Customer 04920,customer04920@example.com,Mumbai,Maharashtra,Dormant,Email,2026-05-24,2026-06-14 00:00:00
CUST004921,Customer 04921,customer04921@example.com,Pune,Maharashtra,RETURNING,Social,2026-03-17,2026-03-31 00:00:00
CUST004922,Customer 04922,customer04922@example.com,Chennai,Tamil Nadu,premium,Social,2025-05-02,2025-05-20 00:00:00
CUST004923,Customer 04923,customer04923@example.com,,Rajasthan,New,Paid Ads,2026-02-21,2026-03-13 00:00:00
CUST004924,Customer 04924,customer04924@example.com,Noida,Uttar Pradesh,Dormant,Direct,2026-06-19,2026-07-12 00:00:00
CUST004925,Customer 04925,customer04925@example.com,Ahmedabad,Gujarat,premium,Paid Ads,2026-01-10,2026-01-23 00:00:00
CUST004926,Customer 04926,customer04926@example.com,Chennai,Tamil Nadu,RETURNING,Direct,2026-07-29,2026-08-13 00:00:00
CUST004927,Customer 04927,customer04927@example.com,Bengaluru,Karnataka,RETURNING,Direct,2025-11-22,2025-12-15 00:00:00
CUST004928,Customer 04928,customer04928@example.com,Hyderabad,Telangana,premium,Direct,2026-04-25,2026-04-30 00:00:00
CUST004929,Customer 04929,customer04929@example.com,Bengaluru,Karnataka,New,Direct,2025-05-30,2025-06-03 00:00:00
CUST004930,Customer 04930,customer04930@example.com,Ahmedabad,Gujarat,RETURNING,Social,2026-08-15,2026-09-04 00:00:00
CUST004931,Customer 04931,customer04931@example.com,Ahmedabad,Gujarat,premium,Social,2026-05-05,2026-05-21 00:00:00
CUST004932,Customer 04932,customer04932@example.com,Chennai,Tamil Nadu,RETURNING,Affiliate,2025-06-02,2025-06-17 00:00:00
CUST004933,Customer 04933,,Jaipur,Rajasthan,New,Social,2025-01-17,2025-01-18 00:00:00
CUST004934,Customer 04934,customer04934@example.com,Noida,Uttar Pradesh,RETURNING,Paid Ads,2026-07-05,2026-08-01 00:00:00
CUST004935,Customer 04935,customer04935@example.com,Delhi,Delhi,premium,Social,2025-12-14,2025-12-24 00:00:00
CUST004936,Customer 04936,customer04936@example.com,Mumbai,Maharashtra,New,Paid Ads,2026-04-04,2026-04-07 00:00:00
CUST004937,Customer 04937,customer04937@example.com,Chennai,Tamil Nadu,New,Organic,2025-07-21,2025-07-26 00:00:00
CUST004938,Customer 04938,customer04938@example.com,Ahmedabad,Gujarat,New,Social,2026-02-27,2026-03-25 00:00:00
CUST004939,Customer 04939,customer04939@example.com,Hyderabad,Telangana,premium,Paid Ads,2025-10-07,2025-10-13 00:00:00
CUST004940,Customer 04940,customer04940@example.com,Kolkata,West Bengal,New,Direct,2026-02-26,2026-03-14 00:00:00
CUST004941,Customer 04941,,Ahmedabad,Gujarat,RETURNING,Email,2026-08-23,2026-08-30 00:00:00
CUST004942,Customer 04942,customer04942@example.com,Jaipur,Rajasthan,RETURNING,Direct,2026-04-10,2026-05-07 00:00:00
CUST004943,Customer 04943,customer04943@example.com,Jaipur,Rajasthan,premium,Affiliate,2025-12-21,2025-12-21 00:00:00
CUST004944,Customer 04944,customer04944@example.com,Ahmedabad,Gujarat,Dormant,Paid Ads,2026-08-05,2026-08-29 00:00:00
CUST004945,Customer 04945,customer04945@example.com,Jaipur,Rajasthan,New,Direct,2026-01-13,2026-01-27 00:00:00
CUST004946,Customer 04946,customer04946@example.com,Chennai,Tamil Nadu,RETURNING,Social,2025-05-04,2025-05-23 00:00:00
CUST004947,Customer 04947,customer04947@example.com,Ahmedabad,Gujarat,premium,Social,2025-03-21,2025-04-01 00:00:00
CUST004948,Customer 04948,customer04948@example.com,Ahmedabad,Gujarat,New,Organic,2026-07-11,2026-07-25 00:00:00
CUST004949,Customer 04949,customer04949@example.com,Noida,Uttar Pradesh,New,Email,2025-08-21,2025-09-12 00:00:00
CUST004950,Customer 04950,customer04950@example.com,Mumbai,Maharashtra,premium,Paid Ads,2026-04-25,2026-05-21 00:00:00
CUST004951,Customer 04951,customer04951@example.com,Hyderabad,Telangana,Dormant,Direct,2025-06-03,2025-07-02 00:00:00
CUST004952,Customer 04952,customer04952@example.com,Jaipur,Rajasthan,RETURNING,Email,2026-02-13,2026-03-06 00:00:00
CUST004953,Customer 04953,customer04953@example.com,Noida,Uttar Pradesh,New,Organic,2025-01-31,2025-02-14 00:00:00
CUST004954,Customer 04954,customer04954@example.com,Delhi,Delhi,RETURNING,Affiliate,2026-08-20,2026-09-17 00:00:00
CUST004955,Customer 04955,customer04955@example.com,Delhi,Delhi,New,Email,2026-07-11,2026-07-19 00:00:00
CUST004956,Customer 04956,customer04956@example.com,Pune,Maharashtra,premium,Organic,2026-05-18,2026-06-02 00:00:00
CUST004957,Customer 04957,customer04957@example.com,Chennai,Tamil Nadu,premium,Paid Ads,2026-01-06,2026-02-04 00:00:00
CUST004958,Customer 04958,customer04958@example.com,Chennai,Tamil Nadu,Dormant,Affiliate,2025-11-19,2025-11-20 00:00:00
CUST004959,Customer 04959,customer04959@example.com,Bengaluru,Karnataka,New,Social,2025-11-28,2025-12-12 00:00:00
CUST004960,Customer 04960,customer04960@example.com,Hyderabad,Telangana,RETURNING,Organic,2025-08-31,2025-09-14 00:00:00
CUST004961,Customer 04961,customer04961@example.com,Ahmedabad,Gujarat,New,Social,2026-07-06,2026-08-01 00:00:00
CUST004962,Customer 04962,customer04962@example.com,Jaipur,Rajasthan,RETURNING,Affiliate,2026-03-06,2026-03-12 00:00:00
CUST004963,Customer 04963,customer04963@example.com,Hyderabad,Telangana,premium,Organic,2025-07-01,2025-07-27 00:00:00
CUST004964,Customer 04964,customer04964@example.com,Pune,Maharashtra,New,Organic,2026-04-18,2026-05-08 00:00:00
CUST004965,Customer 04965,customer04965@example.com,Bengaluru,Karnataka,RETURNING,Affiliate,2026-01-11,2026-01-23 00:00:00
CUST004966,Customer 04966,customer04966@example.com,Noida,Uttar Pradesh,RETURNING,Paid Ads,2025-03-22,2025-04-13 00:00:00
CUST004967,Customer 04967,customer04967@example.com,Hyderabad,Telangana,Dormant,Organic,2026-07-04,2026-07-20 00:00:00
CUST004968,Customer 04968,customer04968@example.com,Noida,Uttar Pradesh,premium,Affiliate,2026-02-24,2026-03-06 00:00:00
CUST004969,Customer 04969,customer04969@example.com,Delhi,Delhi,premium,Email,2026-04-12,2026-05-08 00:00:00
CUST004970,Customer 04970,customer04970@example.com,Jaipur,Rajasthan,RETURNING,Social,2026-03-04,2026-03-13 00:00:00
CUST004971,Customer 04971,customer04971@example.com,Pune,Maharashtra,New,Organic,2025-02-26,2025-03-22 00:00:00
CUST004972,Customer 04972,customer04972@example.com,Ahmedabad,Gujarat,RETURNING,Email,2025-11-18,2025-11-18 00:00:00
CUST004973,Customer 04973,customer04973@example.com,Jaipur,Rajasthan,RETURNING,Organic,2026-06-26,2026-07-09 00:00:00
CUST004974,Customer 04974,customer04974@example.com,Mumbai,Maharashtra,RETURNING,Paid Ads,2026-05-10,2026-05-14 00:00:00
CUST004975,Customer 04975,customer04975@example.com,Chennai,Tamil Nadu,RETURNING,Affiliate,2025-09-23,2025-10-22 00:00:00
CUST004976,Customer 04976,customer04976@example.com,Pune,Maharashtra,RETURNING,Organic,2025-08-15,2025-08-22 00:00:00
CUST004977,Customer 04977,customer04977@example.com,Hyderabad,Telangana,New,Affiliate,2025-02-23,2025-02-23 00:00:00
CUST004978,Customer 04978,customer04978@example.com,Jaipur,Rajasthan,New,Direct,2025-01-04,2025-01-10 00:00:00
CUST004979,Customer 04979,customer04979@example.com,Kolkata,West Bengal,RETURNING,Organic,2026-03-15,2026-03-16 00:00:00
CUST004980,Customer 04980,customer04980@example.com,Chennai,Tamil Nadu,RETURNING,Paid Ads,2025-11-06,2025-11-12 00:00:00
CUST004981,Customer 04981,customer04981@example.com,Chennai,Tamil Nadu,RETURNING,Paid Ads,2025-03-30,2025-04-05 00:00:00
CUST004982,Customer 04982,customer04982@example.com,Kolkata,West Bengal,RETURNING,Email,2025-11-16,2025-11-24 00:00:00
CUST004983,Customer 04983,customer04983@example.com,Bengaluru,Karnataka,New,Paid Ads,2026-01-10,2026-01-31 00:00:00
CUST004984,Customer 04984,customer04984@example.com,Bengaluru,Karnataka,premium,Affiliate,2026-05-16,2026-05-19 00:00:00
CUST004985,Customer 04985,customer04985@example.com,Kolkata,West Bengal,premium,Direct,2025-08-22,2025-09-13 00:00:00
CUST004986,Customer 04986,customer04986@example.com,Mumbai,Maharashtra,RETURNING,Paid Ads,2025-12-03,2025-12-09 00:00:00
CUST004987,Customer 04987,customer04987@example.com,Delhi,Delhi,RETURNING,Organic,2026-07-25,2026-08-13 00:00:00
CUST004988,Customer 04988,customer04988@example.com,Kolkata,West Bengal,RETURNING,Paid Ads,2025-07-04,2025-07-21 00:00:00
CUST004989,Customer 04989,,Delhi,Delhi,premium,Direct,2026-03-14,2026-03-26 00:00:00
CUST004990,Customer 04990,customer04990@example.com,Jaipur,Rajasthan,premium,Affiliate,2026-07-10,2026-07-20 00:00:00
CUST004991,Customer 04991,customer04991@example.com,Mumbai,Maharashtra,RETURNING,Organic,2025-06-29,2025-07-07 00:00:00
CUST004992,Customer 04992,customer04992@example.com,Pune,Maharashtra,RETURNING,Email,2025-03-17,2025-03-30 00:00:00
CUST004993,Customer 04993,customer04993@example.com,Delhi,Delhi,RETURNING,Email,2025-09-29,2025-10-06 00:00:00
CUST004994,Customer 04994,customer04994@example.com,Chennai,Tamil Nadu,RETURNING,Email,2025-02-24,2025-03-16 00:00:00
CUST004995,Customer 04995,customer04995@example.com,Jaipur,Rajasthan,RETURNING,Organic,2025-03-18,2025-03-31 00:00:00
CUST004996,Customer 04996,customer04996@example.com,Chennai,Tamil Nadu,RETURNING,Email,2025-10-23,2025-11-12 00:00:00
CUST004997,Customer 04997,customer04997@example.com,Mumbai,Maharashtra,RETURNING,Paid Ads,2025-08-07,2025-08-23 00:00:00
CUST004998,Customer 04998,customer04998@example.com,Delhi,Delhi,New,Organic,2025-10-04,2025-10-30 00:00:00
CUST004999,Customer 04999,customer04999@example.com,Noida,Uttar Pradesh,Dormant,Organic,2026-08-01,2026-08-25 00:00:00
CUST005000,Customer 05000,customer05000@example.com,Mumbai,Maharashtra,premium,Organic,2025-09-23,2025-10-19 00:00:00
