payment_id,order_id,payment_date,payment_gateway,payment_status,amount,transaction_fee,currency,updated_at
PAY000000001,ORD00006400,2026-08-01 00:00:00,PayU,success,397.42,28.62,INR,2026-08-01 00:00:00
PAY000000002,ORD00004461,2026-02-07 15:00:00,Stripe,success,1520.31,3.54,INR,2026-02-07 15:00:00
PAY000000003,ORD00006770,2026-01-01 18:00:00,Razorpay,success,1389.6,5.95,INR,2026-01-01 18:00:00
PAY000000004,ORD00002088,2026-05-13 23:00:00,Cashfree,success,449.38,28.85,INR,2026-05-13 23:00:00
PAY000000005,ORD00001294,2026-04-23 07:00:00,PayU,REFUNDED,1855.45,4.82,Rs,2026-04-23 07:00:00
PAY000000006,ORD00003695,2026-02-02 17:00:00,Cashfree,success,1433.07,9.98,INR,2026-02-02 17:00:00
PAY000000007,ORD00010622,2026-07-12 08:00:00,Razorpay,success,408.42,16.78,inr,2026-07-12 08:00:00
PAY000000008,ORD00011759,2026-01-29 22:00:00,PayU,success,1357.1,26.22,INR,2026-01-29 22:00:00
PAY000000009,ORD00001142,2026-08-12 07:00:00,Razorpay,PENDING,1010.24,19.12,INR,2026-08-12 07:00:00
PAY000000010,ORD00003587,2026-03-09 03:00:00,Stripe,success,749.88,30.93,INR,2026-03-09 03:00:00
PAY000000011,ORD00001169,2026-03-23 03:00:00,razorpay ,success,773.36,7.3,INR,2026-03-23 03:00:00
PAY000000012,ORD00003854,2026-04-21 15:00:00,razorpay ,success,3346.68,18.72,INR,2026-04-21 15:00:00
PAY000000013,ORD00010984,2026-03-24 20:00:00,PayU,success,882.96,22.39,INR,2026-03-24 20:00:00
PAY000000014,ORD00002808,2026-01-09 02:00:00,Razorpay,success,2703.2,5.44,INR,2026-01-09 02:00:00
PAY000000015,ORD00003004,2026-02-19 17:00:00,razorpay ,success,854.81,13.74,INR,2026-02-19 17:00:00
PAY000000016,ORD00011520,2026-04-05 20:00:00,PayU,success,727.6,2.5,INR,2026-04-05 20:00:00
PAY000000017,ORD00000437,2026-05-06 07:00:00,PayU,success,503.2,22.19,INR,2026-05-06 07:00:00
PAY000000018,ORD00004812,2026-07-05 22:00:00,razorpay ,success,1024.93,9.69,INR,2026-07-05 22:00:00
PAY000000019,ORD00007769,2026-06-16 02:00:00,razorpay ,success,2033.89,32.87,INR,2026-06-16 02:00:00
PAY000000020,ORD00010074,2026-01-20 23:00:00,Razorpay,success,408.81,24.0,INR,2026-01-20 23:00:00
PAY000000021,ORD00003525,2026-06-19 08:00:00,Razorpay,Failed,760.84,3.56,INR,2026-06-19 08:00:00
PAY000000022,ORD00000705,2026-07-12 22:00:00,Stripe,PENDING,6089.89,34.14,Rs,2026-07-12 22:00:00
PAY000000023,ORD00005613,2026-08-22 08:00:00,PayU,success,2849.62,26.39,INR,2026-08-22 08:00:00
PAY000000024,ORD00005626,2026-03-24 16:00:00,Razorpay,success,1224.93,7.58,INR,2026-03-24 16:00:00
PAY000000025,ORD00010980,2026-07-25 13:00:00,Razorpay,success,1700.66,17.31,INR,2026-07-25 13:00:00
PAY000000026,ORD00007524,2026-07-31 01:00:00,razorpay ,Failed,267.52,28.55,inr,2026-07-31 01:00:00
PAY000000027,ORD00010189,2026-06-10 05:00:00,Cashfree,success,567.12,30.87,INR,2026-06-10 05:00:00
PAY000000028,ORD00002179,2026-01-20 20:00:00,razorpay ,success,630.92,9.36,INR,2026-01-20 20:00:00
PAY000000029,ORD00003827,2026-07-03 21:00:00,PayU,PENDING,1404.21,4.54,INR,2026-07-03 21:00:00
PAY000000030,ORD00010721,2026-06-21 15:00:00,razorpay ,success,989.71,10.05,INR,2026-06-21 15:00:00
PAY000000031,ORD00010226,2026-05-13 09:00:00,razorpay ,success,149.73,28.58,INR,2026-05-13 09:00:00
PAY000000032,ORD00001533,2026-03-17 11:00:00,Cashfree,success,1625.57,25.65,INR,2026-03-17 11:00:00
PAY000000033,ORD00008881,2026-03-19 18:00:00,Stripe,success,584.06,7.16,INR,2026-03-19 18:00:00
PAY000000034,ORD00000405,2026-01-27 04:00:00,razorpay ,success,1210.78,30.6,Rs,2026-01-27 04:00:00
PAY000000035,ORD00011207,2026-08-12 15:00:00,Stripe,Failed,3515.49,9.95,Rs,2026-08-12 15:00:00
PAY000000036,ORD00003256,2026-04-30 15:00:00,Cashfree,success,2297.94,2.35,INR,2026-04-30 15:00:00
PAY000000037,ORD00001184,2026-06-23 12:00:00,Cashfree,success,987.58,33.05,INR,2026-06-23 12:00:00
PAY000000038,ORD00006797,2026-01-23 17:00:00,razorpay ,Failed,1619.94,11.0,INR,2026-01-23 17:00:00
PAY000000039,ORD00008323,2026-08-22 23:00:00,Cashfree,success,4532.04,18.9,INR,2026-08-22 23:00:00
PAY000000040,ORD00003802,2026-05-01 19:00:00,Cashfree,Failed,929.62,2.94,inr,2026-05-01 19:00:00
PAY000000041,ORD00002461,2026-08-10 16:00:00,razorpay ,success,1145.58,9.36,INR,2026-08-10 16:00:00
PAY000000042,ORD00009714,2026-03-03 01:00:00,PayU,success,1094.75,31.45,inr,2026-03-03 01:00:00
PAY000000043,ORD00007910,2026-02-09 18:00:00,Stripe,success,2399.27,23.18,INR,2026-02-09 18:00:00
PAY000000044,ORD00010820,2026-03-19 04:00:00,Cashfree,success,622.84,3.83,inr,2026-03-19 04:00:00
PAY000000045,ORD00007390,2026-04-17 14:00:00,Cashfree,success,1489.74,5.54,INR,2026-04-17 14:00:00
PAY000000046,ORD00004456,2026-03-28 02:00:00,Stripe,success,2877.21,17.34,INR,2026-03-28 02:00:00
PAY000000047,ORD00003025,2026-05-01 12:00:00,Cashfree,success,2179.94,29.27,INR,2026-05-01 12:00:00
PAY000000048,ORD00007292,2026-01-01 15:00:00,Cashfree,success,357.18,28.7,inr,2026-01-01 15:00:00
PAY000000049,ORD00002730,2026-01-06 02:00:00,Stripe,success,1234.14,16.55,INR,2026-01-06 02:00:00
PAY000000050,ORD00001109,2026-06-27 20:00:00,Razorpay,Failed,568.01,24.58,INR,2026-06-27 20:00:00
PAY000000051,ORD00001815,2026-02-25 00:00:00,Razorpay,success,506.96,11.42,INR,2026-02-25 00:00:00
PAY000000052,ORD00002709,2026-04-23 14:00:00,,success,3171.96,2.57,INR,2026-04-23 14:00:00
PAY000000053,ORD00000430,2026-06-12 23:00:00,Cashfree,Failed,927.74,29.34,INR,2026-06-12 23:00:00
PAY000000054,ORD00002350,2026-01-31 10:00:00,Razorpay,success,481.66,8.77,INR,2026-01-31 10:00:00
PAY000000055,ORD00004924,2026-05-02 06:00:00,Cashfree,success,673.64,19.01,INR,2026-05-02 06:00:00
PAY000000056,ORD00009840,2026-05-20 00:00:00,Razorpay,success,996.0,12.42,inr,2026-05-20 00:00:00
PAY000000057,ORD00010668,2026-07-11 03:00:00,Stripe,success,592.14,30.11,INR,2026-07-11 03:00:00
PAY000000058,ORD00001206,2026-04-28 21:00:00,Cashfree,success,2288.43,18.79,inr,2026-04-28 21:00:00
PAY000000059,ORD00007044,2026-03-16 16:00:00,Cashfree,success,778.87,28.14,INR,2026-03-16 16:00:00
PAY000000060,ORD00002141,2026-03-16 03:00:00,PayU,success,487.77,14.42,INR,2026-03-16 03:00:00
PAY000000061,ORD00011528,2026-04-10 21:00:00,Stripe,REFUNDED,318.88,15.57,INR,2026-04-10 21:00:00
PAY000000062,ORD00002766,2026-06-06 08:00:00,Cashfree,PENDING,1053.07,28.85,INR,2026-06-06 08:00:00
PAY000000063,ORD00009015,2026-04-20 07:00:00,Razorpay,success,569.68,19.22,Rs,2026-04-20 07:00:00
PAY000000064,ORD00011977,2026-01-01 11:00:00,Cashfree,success,2332.08,29.42,INR,2026-01-01 11:00:00
PAY000000065,ORD00007673,2026-08-04 09:00:00,Razorpay,success,309.97,33.77,INR,2026-08-04 09:00:00
PAY000000066,ORD00000830,2026-04-20 22:00:00,Stripe,success,2062.8,31.5,INR,2026-04-20 22:00:00
PAY000000067,ORD00004009,2026-08-25 23:00:00,Cashfree,success,1721.66,13.4,INR,2026-08-25 23:00:00
PAY000000068,ORD00006562,2026-04-11 12:00:00,PayU,Failed,688.85,31.28,INR,2026-04-11 12:00:00
PAY000000069,ORD00003579,2026-07-08 13:00:00,razorpay ,success,603.5,26.44,INR,2026-07-08 13:00:00
PAY000000070,ORD00000311,2026-01-17 05:00:00,Stripe,success,991.97,31.2,INR,2026-01-17 05:00:00
PAY000000071,ORD00001294,2026-01-04 10:00:00,Razorpay,success,1586.52,18.63,INR,2026-01-04 10:00:00
PAY000000072,ORD00001326,2026-05-04 20:00:00,Cashfree,success,2699.28,4.71,INR,2026-05-04 20:00:00
PAY000000073,ORD00006011,2026-05-09 10:00:00,Stripe,success,699.98,20.98,INR,2026-05-09 10:00:00
PAY000000074,ORD00008478,2026-01-26 15:00:00,,success,1127.09,10.63,INR,2026-01-26 15:00:00
PAY000000075,ORD00002272,2026-03-23 22:00:00,Stripe,success,535.76,17.71,INR,2026-03-23 22:00:00
PAY000000076,ORD00007959,2026-06-21 19:00:00,Razorpay,success,4368.07,34.55,INR,2026-06-21 19:00:00
PAY000000077,ORD00008913,2026-07-13 06:00:00,Razorpay,Failed,6257.54,32.93,INR,2026-07-13 06:00:00
PAY000000078,ORD00007020,2026-02-10 01:00:00,Stripe,success,939.94,16.73,INR,2026-02-10 01:00:00
PAY000000079,ORD00004454,2026-05-14 09:00:00,Cashfree,success,1725.0,26.27,INR,2026-05-14 09:00:00
PAY000000080,ORD00003558,2026-08-23 00:00:00,PayU,success,1938.35,11.55,INR,2026-08-23 00:00:00
PAY000000081,ORD00006975,2026-08-10 10:00:00,PayU,success,628.19,6.89,inr,2026-08-10 10:00:00
PAY000000082,ORD00010420,2026-04-28 14:00:00,Cashfree,success,1282.17,2.35,INR,2026-04-28 14:00:00
PAY000000083,ORD00011371,2026-05-10 07:00:00,Razorpay,success,2327.18,32.04,INR,2026-05-10 07:00:00
PAY000000084,ORD00011370,2026-03-31 16:00:00,PayU,success,1356.11,17.73,inr,2026-03-31 16:00:00
PAY000000085,ORD00008187,2026-03-21 19:00:00,Cashfree,success,1066.04,30.87,INR,2026-03-21 19:00:00
PAY000000086,ORD00005286,2026-07-02 23:00:00,razorpay ,success,1218.45,18.35,INR,2026-07-02 23:00:00
PAY000000087,ORD00001227,2026-03-29 23:00:00,Razorpay,PENDING,3050.55,29.06,INR,2026-03-29 23:00:00
PAY000000088,ORD00010245,2026-02-15 13:00:00,Stripe,success,651.77,10.87,INR,2026-02-15 13:00:00
PAY000000089,ORD00010114,2026-04-22 18:00:00,Stripe,success,2319.67,5.06,INR,2026-04-22 18:00:00
PAY000000090,ORD00006175,2026-02-12 09:00:00,razorpay ,success,694.75,2.31,INR,2026-02-12 09:00:00
PAY000000091,ORD00003558,2026-05-21 00:00:00,Razorpay,success,1151.09,21.37,inr,2026-05-21 00:00:00
PAY000000092,ORD00003557,2026-04-10 15:00:00,Razorpay,PENDING,1629.65,32.74,INR,2026-04-10 15:00:00
PAY000000093,ORD00001466,2026-08-24 13:00:00,Cashfree,success,2780.65,2.03,inr,2026-08-24 13:00:00
PAY000000094,ORD00002480,2026-02-15 22:00:00,Cashfree,success,241.98,8.28,INR,2026-02-15 22:00:00
PAY000000095,ORD00002314,2026-07-06 01:00:00,Cashfree,success,654.94,4.82,INR,2026-07-06 01:00:00
PAY000000096,ORD00002678,2026-07-03 13:00:00,Cashfree,success,327.39,29.22,INR,2026-07-03 13:00:00
PAY000000097,ORD00005628,2026-08-01 12:00:00,PayU,Failed,1043.35,19.78,INR,2026-08-01 12:00:00
PAY000000098,ORD00000667,2026-01-10 17:00:00,Stripe,success,1381.83,25.6,INR,2026-01-10 17:00:00
PAY000000099,ORD00007201,2026-04-12 05:00:00,PayU,Failed,447.12,25.03,INR,2026-04-12 05:00:00
PAY000000100,ORD00000138,2026-02-04 18:00:00,razorpay ,success,1504.2,2.29,INR,2026-02-04 18:00:00
PAY000000101,ORD00008950,2026-04-23 10:00:00,razorpay ,Failed,855.56,12.97,INR,2026-04-23 10:00:00
PAY000000102,ORD00001329,2026-03-27 06:00:00,razorpay ,success,640.47,4.8,INR,2026-03-27 06:00:00
PAY000000103,ORD00002750,2026-08-25 11:00:00,razorpay ,success,1125.31,14.73,INR,2026-08-25 11:00:00
PAY000000104,ORD00002174,2026-04-08 22:00:00,Cashfree,success,762.62,8.42,INR,2026-04-08 22:00:00
PAY000000105,ORD00004019,2026-03-16 02:00:00,Razorpay,success,3029.96,8.32,Rs,2026-03-16 02:00:00
PAY000000106,ORD00004161,2026-08-22 11:00:00,razorpay ,success,1294.91,33.59,INR,2026-08-22 11:00:00
PAY000000107,ORD00011552,2026-04-26 01:00:00,PayU,success,812.97,10.7,INR,2026-04-26 01:00:00
PAY000000108,ORD00005200,2026-07-18 02:00:00,Razorpay,success,1167.3,29.01,inr,2026-07-18 02:00:00
PAY000000109,ORD00005557,2026-02-10 00:00:00,Razorpay,success,2449.18,32.1,INR,2026-02-10 00:00:00
PAY000000110,ORD00009395,2026-06-27 15:00:00,Razorpay,success,379.47,12.32,INR,2026-06-27 15:00:00
PAY000000111,ORD00002368,2026-08-18 15:00:00,Cashfree,success,1405.48,34.56,INR,2026-08-18 15:00:00
PAY000000112,ORD00009901,2026-04-05 01:00:00,Cashfree,success,1371.79,28.45,INR,2026-04-05 01:00:00
PAY000000113,ORD00007402,2026-02-04 02:00:00,Stripe,success,999.62,27.44,INR,2026-02-04 02:00:00
PAY000000114,ORD00001205,2026-05-09 00:00:00,PayU,Failed,1218.51,5.72,inr,2026-05-09 00:00:00
PAY000000115,ORD00010241,2026-03-14 14:00:00,Razorpay,success,329.15,2.1,INR,2026-03-14 14:00:00
PAY000000116,ORD00000103,2026-01-06 18:00:00,Razorpay,success,835.01,24.36,inr,2026-01-06 18:00:00
PAY000000117,ORD00011046,2026-06-06 23:00:00,Stripe,success,798.13,8.96,INR,2026-06-06 23:00:00
PAY000000118,ORD00011615,2026-08-20 16:00:00,Cashfree,success,1584.75,19.27,INR,2026-08-20 16:00:00
PAY000000119,ORD00007322,2026-08-09 16:00:00,PayU,success,746.44,14.19,inr,2026-08-09 16:00:00
PAY000000120,ORD00003213,2026-04-24 14:00:00,Stripe,success,356.54,28.98,INR,2026-04-24 14:00:00
PAY000000121,ORD00009569,2026-01-10 15:00:00,PayU,success,1183.36,3.19,INR,2026-01-10 15:00:00
PAY000000122,ORD00008477,2026-08-02 13:00:00,Razorpay,success,521.01,5.88,INR,2026-08-02 13:00:00
PAY000000123,ORD00011862,2026-01-29 22:00:00,PayU,success,296.16,20.38,inr,2026-01-29 22:00:00
PAY000000124,ORD00005920,2026-05-18 17:00:00,Cashfree,success,699.28,29.75,inr,2026-05-18 17:00:00
PAY000000125,ORD00009025,2026-02-21 23:00:00,Cashfree,success,638.06,28.61,INR,2026-02-21 23:00:00
PAY000000126,ORD00002836,2026-06-02 10:00:00,Razorpay,Failed,1293.71,24.97,INR,2026-06-02 10:00:00
PAY000000127,ORD00004837,2026-06-01 19:00:00,Stripe,success,1015.74,20.04,INR,2026-06-01 19:00:00
PAY000000128,ORD00002836,2026-08-03 02:00:00,razorpay ,success,3300.8,15.99,INR,2026-08-03 02:00:00
PAY000000129,ORD00006095,2026-01-05 12:00:00,Razorpay,success,1207.12,14.68,INR,2026-01-05 12:00:00
PAY000000130,ORD00000425,2026-04-18 17:00:00,PayU,success,1765.08,29.28,INR,2026-04-18 17:00:00
PAY000000131,ORD00000041,2026-06-17 13:00:00,Razorpay,PENDING,548.86,4.27,INR,2026-06-17 13:00:00
PAY000000132,ORD00011213,2026-04-26 11:00:00,Stripe,success,534.54,10.18,inr,2026-04-26 11:00:00
PAY000000133,ORD00001426,2026-08-07 05:00:00,Razorpay,success,2271.95,2.82,INR,2026-08-07 05:00:00
PAY000000134,ORD00003857,2026-08-23 21:00:00,Stripe,success,594.12,6.61,INR,2026-08-23 21:00:00
PAY000000135,ORD00008250,2026-08-23 05:00:00,Stripe,success,670.1,22.69,INR,2026-08-23 05:00:00
PAY000000136,ORD00003504,2026-04-24 09:00:00,Razorpay,success,473.95,29.34,INR,2026-04-24 09:00:00
PAY000000137,ORD00007807,2026-01-23 01:00:00,Stripe,Failed,1033.64,19.24,inr,2026-01-23 01:00:00
PAY000000138,ORD00000369,2026-06-15 21:00:00,Stripe,success,445.2,21.7,INR,2026-06-15 21:00:00
PAY000000139,ORD00006196,2026-07-13 03:00:00,Cashfree,success,492.4,30.53,INR,2026-07-13 03:00:00
PAY000000140,ORD00007730,2026-03-18 04:00:00,Cashfree,success,1691.3,10.42,INR,2026-03-18 04:00:00
PAY000000141,ORD00008445,2026-04-01 17:00:00,Cashfree,success,653.4,25.06,INR,2026-04-01 17:00:00
PAY000000142,ORD00004643,2026-01-18 06:00:00,Stripe,PENDING,1359.53,15.9,INR,2026-01-18 06:00:00
PAY000000143,ORD00006063,2026-05-16 14:00:00,Razorpay,Failed,2178.76,20.73,INR,2026-05-16 14:00:00
PAY000000144,ORD00009034,2026-04-11 01:00:00,Stripe,success,1338.18,2.52,INR,2026-04-11 01:00:00
PAY000000145,ORD00004446,2026-01-07 01:00:00,Stripe,success,536.21,32.07,INR,2026-01-07 01:00:00
PAY000000146,ORD00009787,2026-01-16 04:00:00,razorpay ,success,413.59,7.12,INR,2026-01-16 04:00:00
PAY000000147,ORD00004495,2026-03-02 22:00:00,razorpay ,success,431.13,13.04,INR,2026-03-02 22:00:00
PAY000000148,ORD00009735,2026-01-18 00:00:00,Stripe,success,3573.96,33.96,inr,2026-01-18 00:00:00
PAY000000149,ORD00007068,2026-07-10 14:00:00,razorpay ,success,456.33,22.33,INR,2026-07-10 14:00:00
PAY000000150,ORD00008468,2026-03-21 14:00:00,Stripe,success,3443.94,16.75,INR,2026-03-21 14:00:00
PAY000000151,ORD00010455,2026-02-12 22:00:00,razorpay ,success,4146.85,2.93,INR,2026-02-12 22:00:00
PAY000000152,ORD00006185,2026-08-10 00:00:00,razorpay ,success,1030.14,19.43,INR,2026-08-10 00:00:00
PAY000000153,ORD00004374,2026-03-19 15:00:00,Razorpay,success,2259.45,21.47,INR,2026-03-19 15:00:00
PAY000000154,ORD00003579,2026-01-14 19:00:00,Cashfree,success,591.55,16.46,inr,2026-01-14 19:00:00
PAY000000155,ORD00008658,2026-05-24 07:00:00,PayU,success,652.07,14.25,INR,2026-05-24 07:00:00
PAY000000156,ORD00006119,2026-08-17 07:00:00,PayU,success,1588.46,24.48,inr,2026-08-17 07:00:00
PAY000000157,ORD00011951,2026-08-01 11:00:00,PayU,success,1803.73,34.69,INR,2026-08-01 11:00:00
PAY000000158,ORD00010821,2026-07-02 00:00:00,razorpay ,success,1642.58,2.78,INR,2026-07-02 00:00:00
PAY000000159,ORD00006737,2026-07-04 07:00:00,razorpay ,Failed,1463.71,7.47,INR,2026-07-04 07:00:00
PAY000000160,ORD00007753,2026-01-08 23:00:00,PayU,Failed,534.01,31.91,INR,2026-01-08 23:00:00
PAY000000161,ORD00011035,2026-02-09 21:00:00,Razorpay,success,639.33,4.1,INR,2026-02-09 21:00:00
PAY000000162,ORD00002901,2026-04-04 03:00:00,Cashfree,Failed,2352.54,25.62,inr,2026-04-04 03:00:00
PAY000000163,ORD00011178,2026-05-01 18:00:00,razorpay ,success,1287.72,17.71,INR,2026-05-01 18:00:00
PAY000000164,ORD00008335,2026-03-10 08:00:00,Cashfree,success,424.62,10.18,INR,2026-03-10 08:00:00
PAY000000165,ORD00003639,2026-07-24 01:00:00,Razorpay,success,1640.17,34.48,inr,2026-07-24 01:00:00
PAY000000166,ORD00001541,2026-01-04 13:00:00,Stripe,PENDING,4965.9,23.73,INR,2026-01-04 13:00:00
PAY000000167,ORD00001465,2026-08-19 02:00:00,Cashfree,success,1034.98,3.7,INR,2026-08-19 02:00:00
PAY000000168,ORD00008416,2026-03-11 20:00:00,razorpay ,success,923.64,10.25,INR,2026-03-11 20:00:00
PAY000000169,ORD00009809,2026-05-02 19:00:00,razorpay ,Failed,1407.43,16.38,INR,2026-05-02 19:00:00
PAY000000170,ORD00000443,2026-04-21 01:00:00,Razorpay,PENDING,910.88,18.72,INR,2026-04-21 01:00:00
PAY000000171,ORD00009634,2026-02-14 09:00:00,Razorpay,success,481.16,22.74,INR,2026-02-14 09:00:00
PAY000000172,ORD00009426,2026-01-28 01:00:00,razorpay ,success,1452.93,15.64,INR,2026-01-28 01:00:00
PAY000000173,ORD00010549,2026-03-23 11:00:00,razorpay ,success,2018.19,2.25,INR,2026-03-23 11:00:00
PAY000000174,ORD00007036,2026-04-05 22:00:00,Stripe,success,381.98,13.27,INR,2026-04-05 22:00:00
PAY000000175,ORD00008516,2026-08-02 00:00:00,razorpay ,success,2143.41,33.6,INR,2026-08-02 00:00:00
PAY000000176,ORD00008289,2026-08-07 14:00:00,razorpay ,REFUNDED,1712.7,31.62,INR,2026-08-07 14:00:00
PAY000000177,ORD00011970,2026-04-03 17:00:00,Razorpay,Failed,1048.51,26.94,INR,2026-04-03 17:00:00
PAY000000178,ORD00005709,2026-04-09 07:00:00,Cashfree,success,611.04,4.05,INR,2026-04-09 07:00:00
PAY000000179,ORD00001877,2026-04-09 11:00:00,Stripe,success,642.26,14.89,INR,2026-04-09 11:00:00
PAY000000180,ORD00009185,2026-02-07 06:00:00,Cashfree,success,971.5,16.79,INR,2026-02-07 06:00:00
PAY000000181,ORD00006112,2026-07-24 12:00:00,Cashfree,success,9177.55,24.98,INR,2026-07-24 12:00:00
PAY000000182,ORD00008870,2026-07-25 08:00:00,razorpay ,Failed,1285.83,25.24,INR,2026-07-25 08:00:00
PAY000000183,ORD00009348,2026-06-09 17:00:00,Stripe,success,951.96,16.94,INR,2026-06-09 17:00:00
PAY000000184,ORD00005822,2026-03-21 16:00:00,Stripe,REFUNDED,746.63,8.2,INR,2026-03-21 16:00:00
PAY000000185,ORD00006598,2026-04-06 07:00:00,Cashfree,success,1700.99,20.89,INR,2026-04-06 07:00:00
PAY000000186,ORD00006574,2026-01-06 18:00:00,Stripe,PENDING,1058.36,25.72,INR,2026-01-06 18:00:00
PAY000000187,ORD00008985,2026-02-10 09:00:00,Razorpay,success,372.25,8.64,INR,2026-02-10 09:00:00
PAY000000188,ORD00004033,2026-06-25 13:00:00,Cashfree,success,1813.75,14.21,INR,2026-06-25 13:00:00
PAY000000189,ORD00009075,2026-05-05 00:00:00,Cashfree,success,1737.14,22.91,INR,2026-05-05 00:00:00
PAY000000190,ORD00011492,2026-06-18 06:00:00,razorpay ,success,550.36,31.27,INR,2026-06-18 06:00:00
PAY000000191,ORD00004616,2026-03-04 11:00:00,razorpay ,success,828.23,32.67,INR,2026-03-04 11:00:00
PAY000000192,ORD00006328,2026-04-19 05:00:00,Cashfree,success,1772.01,31.56,INR,2026-04-19 05:00:00
PAY000000193,ORD00004194,2026-03-21 02:00:00,Stripe,Failed,2952.1,13.82,INR,2026-03-21 02:00:00
PAY000000194,ORD00006649,2026-01-08 04:00:00,Razorpay,PENDING,811.72,20.9,INR,2026-01-08 04:00:00
PAY000000195,ORD00000410,2026-02-05 15:00:00,Razorpay,Failed,494.75,16.97,INR,2026-02-05 15:00:00
PAY000000196,ORD00002803,2026-01-22 04:00:00,razorpay ,success,1955.79,17.0,INR,2026-01-22 04:00:00
PAY000000197,ORD00011733,2026-05-06 06:00:00,razorpay ,success,315.03,24.48,INR,2026-05-06 06:00:00
PAY000000198,ORD00001833,2026-08-20 19:00:00,Cashfree,success,507.93,10.19,INR,2026-08-20 19:00:00
PAY000000199,ORD00008055,2026-01-21 15:00:00,Cashfree,Failed,1498.06,29.02,inr,2026-01-21 15:00:00
PAY000000200,ORD00000478,2026-04-16 21:00:00,PayU,success,1078.06,11.69,INR,2026-04-16 21:00:00
PAY000000201,ORD00003817,2026-05-22 09:00:00,Stripe,success,1093.73,3.76,INR,2026-05-22 09:00:00
PAY000000202,ORD00011139,2026-04-25 17:00:00,Razorpay,success,1637.92,13.66,INR,2026-04-25 17:00:00
PAY000000203,ORD00011572,2026-05-18 22:00:00,PayU,success,457.33,29.64,Rs,2026-05-18 22:00:00
PAY000000204,ORD00004887,2026-04-08 05:00:00,Stripe,success,2389.84,15.21,INR,2026-04-08 05:00:00
PAY000000205,ORD00001725,2026-03-18 01:00:00,PayU,success,1055.96,20.04,INR,2026-03-18 01:00:00
PAY000000206,ORD00004146,2026-04-05 23:00:00,PayU,PENDING,1407.73,7.24,INR,2026-04-05 23:00:00
PAY000000207,ORD00009851,2026-07-09 08:00:00,Stripe,PENDING,420.37,34.76,INR,2026-07-09 08:00:00
PAY000000208,ORD00008978,2026-02-12 03:00:00,Stripe,success,2052.92,22.69,INR,2026-02-12 03:00:00
PAY000000209,ORD00007074,2026-06-16 16:00:00,PayU,success,1619.85,17.17,INR,2026-06-16 16:00:00
PAY000000210,ORD00007135,2026-05-26 02:00:00,Cashfree,success,1418.34,32.04,INR,2026-05-26 02:00:00
PAY000000211,ORD00010452,2026-04-07 20:00:00,Stripe,success,930.97,21.55,inr,2026-04-07 20:00:00
PAY000000212,ORD00010211,2026-01-14 07:00:00,razorpay ,success,4981.01,32.56,INR,2026-01-14 07:00:00
PAY000000213,ORD00008848,2026-06-14 21:00:00,razorpay ,Failed,455.68,20.5,INR,2026-06-14 21:00:00
PAY000000214,ORD00009948,2026-07-19 10:00:00,Razorpay,success,2266.9,22.73,INR,2026-07-19 10:00:00
PAY000000215,ORD00005800,2026-05-23 07:00:00,Cashfree,success,524.68,27.67,Rs,2026-05-23 07:00:00
PAY000000216,ORD00011185,2026-08-05 23:00:00,razorpay ,PENDING,2070.93,30.1,INR,2026-08-05 23:00:00
PAY000000217,ORD00007981,2026-02-15 12:00:00,PayU,success,464.88,34.54,INR,2026-02-15 12:00:00
PAY000000218,ORD00006714,2026-03-03 20:00:00,PayU,success,480.65,29.77,INR,2026-03-03 20:00:00
PAY000000219,ORD00000019,2026-05-07 05:00:00,Cashfree,Failed,701.65,6.34,inr,2026-05-07 05:00:00
PAY000000220,ORD00010593,2026-01-30 00:00:00,PayU,REFUNDED,1862.6,10.66,INR,2026-01-30 00:00:00
PAY000000221,ORD00010820,2026-02-07 08:00:00,razorpay ,success,2234.11,4.67,INR,2026-02-07 08:00:00
PAY000000222,ORD00002876,2026-08-16 13:00:00,razorpay ,success,2620.8,9.56,inr,2026-08-16 13:00:00
PAY000000223,ORD00009078,2026-06-16 02:00:00,Stripe,success,388.94,13.75,INR,2026-06-16 02:00:00
PAY000000224,ORD00002573,2026-01-01 00:00:00,Cashfree,Failed,1258.21,33.64,INR,2026-01-01 00:00:00
PAY000000225,ORD00010722,2026-04-18 07:00:00,Cashfree,success,1121.64,21.21,INR,2026-04-18 07:00:00
PAY000000226,ORD00003965,2026-01-22 10:00:00,PayU,PENDING,3481.33,23.92,INR,2026-01-22 10:00:00
PAY000000227,ORD00003154,2026-01-14 00:00:00,Cashfree,success,295.2,34.23,INR,2026-01-14 00:00:00
PAY000000228,ORD00008674,2026-06-13 01:00:00,Cashfree,Failed,1727.91,19.25,INR,2026-06-13 01:00:00
PAY000000229,ORD00009694,2026-07-03 04:00:00,PayU,success,905.72,15.72,INR,2026-07-03 04:00:00
PAY000000230,ORD00004248,2026-01-16 19:00:00,Razorpay,success,1668.96,21.02,Rs,2026-01-16 19:00:00
PAY000000231,ORD00011608,2026-01-11 10:00:00,Cashfree,success,452.68,12.63,INR,2026-01-11 10:00:00
PAY000000232,ORD00003648,2026-06-19 12:00:00,Razorpay,success,1210.29,4.28,INR,2026-06-19 12:00:00
PAY000000233,ORD00007112,2026-03-07 00:00:00,Stripe,success,1493.16,15.64,INR,2026-03-07 00:00:00
PAY000000234,ORD00001855,2026-01-01 09:00:00,PayU,success,2583.02,23.95,INR,2026-01-01 09:00:00
PAY000000235,ORD00007949,2026-08-20 06:00:00,Cashfree,success,2847.89,27.37,INR,2026-08-20 06:00:00
PAY000000236,ORD00006006,2026-01-21 23:00:00,Razorpay,success,466.56,2.56,INR,2026-01-21 23:00:00
PAY000000237,ORD00004994,2026-02-15 19:00:00,Stripe,success,1423.86,13.81,inr,2026-02-15 19:00:00
PAY000000238,ORD00003225,2026-05-12 10:00:00,Stripe,success,1089.15,24.75,INR,2026-05-12 10:00:00
PAY000000239,ORD00003263,2026-07-06 21:00:00,Stripe,Failed,612.25,19.92,INR,2026-07-06 21:00:00
PAY000000240,ORD00001615,2026-03-31 11:00:00,Cashfree,PENDING,829.61,17.56,inr,2026-03-31 11:00:00
PAY000000241,ORD00005579,2026-06-22 03:00:00,Razorpay,success,952.49,33.26,INR,2026-06-22 03:00:00
PAY000000242,ORD00002169,2026-07-30 10:00:00,razorpay ,Failed,1366.29,31.06,INR,2026-07-30 10:00:00
PAY000000243,ORD00002330,2026-08-21 10:00:00,PayU,success,962.19,3.24,INR,2026-08-21 10:00:00
PAY000000244,ORD00008074,2026-05-21 16:00:00,Stripe,success,632.59,21.0,INR,2026-05-21 16:00:00
PAY000000245,ORD00005345,2026-02-21 06:00:00,Cashfree,PENDING,1470.38,19.94,Rs,2026-02-21 06:00:00
PAY000000246,ORD00001949,2026-06-22 14:00:00,Cashfree,success,1032.26,34.24,INR,2026-06-22 14:00:00
PAY000000247,ORD00006502,2026-01-24 17:00:00,Stripe,success,676.51,13.82,INR,2026-01-24 17:00:00
PAY000000248,ORD00005677,2026-05-04 16:00:00,Cashfree,success,605.73,2.74,INR,2026-05-04 16:00:00
PAY000000249,ORD00002166,2026-08-19 00:00:00,Stripe,PENDING,622.51,13.99,Rs,2026-08-19 00:00:00
PAY000000250,ORD00005880,2026-01-16 03:00:00,Cashfree,success,1567.45,17.23,Rs,2026-01-16 03:00:00
PAY000000251,ORD00000524,2026-02-21 22:00:00,razorpay ,success,2123.96,11.74,INR,2026-02-21 22:00:00
PAY000000252,ORD00006758,2026-03-12 17:00:00,Razorpay,success,781.93,34.75,INR,2026-03-12 17:00:00
PAY000000253,ORD00007199,2026-01-29 22:00:00,Cashfree,success,482.54,16.83,Rs,2026-01-29 22:00:00
PAY000000254,ORD00008272,2026-08-25 10:00:00,razorpay ,success,620.68,21.44,INR,2026-08-25 10:00:00
PAY000000255,ORD00007414,2026-02-02 00:00:00,Cashfree,success,2478.3,27.66,INR,2026-02-02 00:00:00
PAY000000256,ORD00010644,2026-08-18 08:00:00,Razorpay,success,1823.31,29.68,INR,2026-08-18 08:00:00
PAY000000257,ORD00005575,2026-05-21 22:00:00,PayU,success,1812.79,24.49,INR,2026-05-21 22:00:00
PAY000000258,ORD00003546,2026-03-20 11:00:00,Cashfree,success,1113.97,16.27,INR,2026-03-20 11:00:00
PAY000000259,ORD00004443,2026-03-21 15:00:00,razorpay ,success,2950.52,24.33,INR,2026-03-21 15:00:00
PAY000000260,ORD00002296,2026-05-06 21:00:00,Stripe,Failed,2067.85,4.1,INR,2026-05-06 21:00:00
PAY000000261,ORD00010321,2026-08-28 17:00:00,Stripe,success,1665.12,27.55,INR,2026-08-28 17:00:00
PAY000000262,ORD00006973,2026-02-21 19:00:00,Cashfree,Failed,1821.35,13.12,INR,2026-02-21 19:00:00
PAY000000263,ORD00005304,2026-02-15 05:00:00,PayU,PENDING,683.06,31.76,INR,2026-02-15 05:00:00
PAY000000264,ORD00006289,2026-07-05 20:00:00,Cashfree,success,637.59,22.83,INR,2026-07-05 20:00:00
PAY000000265,ORD00002154,2026-08-11 01:00:00,Stripe,success,767.9,26.67,INR,2026-08-11 01:00:00
PAY000000266,ORD00003875,2026-07-25 03:00:00,Stripe,success,2313.41,10.98,INR,2026-07-25 03:00:00
PAY000000267,ORD00000278,2026-08-25 11:00:00,Cashfree,success,774.44,16.75,INR,2026-08-25 11:00:00
PAY000000268,ORD00011733,2026-03-14 14:00:00,PayU,success,1697.11,3.87,Rs,2026-03-14 14:00:00
PAY000000269,ORD00004161,2026-08-13 09:00:00,PayU,success,1014.02,20.36,INR,2026-08-13 09:00:00
PAY000000270,ORD00006346,2026-07-08 15:00:00,Cashfree,Failed,2068.65,8.56,INR,2026-07-08 15:00:00
PAY000000271,ORD00002892,2026-06-12 10:00:00,razorpay ,success,545.07,30.16,INR,2026-06-12 10:00:00
PAY000000272,ORD00003541,2026-06-30 12:00:00,Razorpay,success,565.43,4.72,INR,2026-06-30 12:00:00
PAY000000273,ORD00002536,2026-05-25 16:00:00,Razorpay,success,1094.94,18.45,INR,2026-05-25 16:00:00
PAY000000274,ORD00008119,2026-04-06 05:00:00,razorpay ,success,1248.28,6.56,INR,2026-04-06 05:00:00
PAY000000275,ORD00005666,2026-06-02 18:00:00,PayU,success,932.35,26.46,inr,2026-06-02 18:00:00
PAY000000276,ORD00009905,2026-06-12 16:00:00,Stripe,success,2851.62,8.72,INR,2026-06-12 16:00:00
PAY000000277,ORD00003497,2026-06-04 23:00:00,PayU,success,794.01,22.38,INR,2026-06-04 23:00:00
PAY000000278,ORD00010401,2026-03-22 03:00:00,PayU,success,539.62,12.13,INR,2026-03-22 03:00:00
PAY000000279,ORD00004969,2026-05-14 15:00:00,Cashfree,success,3641.94,3.66,INR,2026-05-14 15:00:00
PAY000000280,ORD00000068,2026-07-30 17:00:00,PayU,REFUNDED,461.83,17.68,INR,2026-07-30 17:00:00
PAY000000281,ORD00009578,2026-04-09 08:00:00,razorpay ,PENDING,553.41,25.06,INR,2026-04-09 08:00:00
PAY000000282,ORD00000355,2026-01-19 23:00:00,Cashfree,PENDING,2940.07,26.4,INR,2026-01-19 23:00:00
PAY000000283,ORD00004083,2026-03-29 02:00:00,razorpay ,success,1732.16,21.06,INR,2026-03-29 02:00:00
PAY000000284,ORD00010765,2026-04-17 08:00:00,PayU,success,1349.94,20.73,INR,2026-04-17 08:00:00
PAY000000285,ORD00010015,2026-06-23 17:00:00,Cashfree,Failed,972.83,6.46,INR,2026-06-23 17:00:00
PAY000000286,ORD00001362,2026-08-10 07:00:00,Cashfree,success,581.34,4.0,INR,2026-08-10 07:00:00
PAY000000287,ORD00011175,2026-07-14 15:00:00,Razorpay,Failed,1125.68,25.84,INR,2026-07-14 15:00:00
PAY000000288,ORD00007541,2026-07-15 09:00:00,PayU,success,1326.61,10.03,INR,2026-07-15 09:00:00
PAY000000289,ORD00002097,2026-08-25 16:00:00,razorpay ,success,656.93,23.55,INR,2026-08-25 16:00:00
PAY000000290,ORD00005588,2026-05-12 17:00:00,razorpay ,PENDING,821.77,5.29,Rs,2026-05-12 17:00:00
PAY000000291,ORD00005216,2026-05-04 00:00:00,Stripe,success,1029.3,18.55,INR,2026-05-04 00:00:00
PAY000000292,ORD00009576,2026-01-06 03:00:00,Stripe,success,795.06,21.49,INR,2026-01-06 03:00:00
PAY000000293,ORD00009096,2026-06-24 21:00:00,Stripe,PENDING,977.48,5.83,INR,2026-06-24 21:00:00
PAY000000294,ORD00008149,2026-04-04 14:00:00,Razorpay,REFUNDED,958.88,3.45,INR,2026-04-04 14:00:00
PAY000000295,ORD00003850,2026-08-07 08:00:00,Razorpay,success,559.93,25.16,INR,2026-08-07 08:00:00
PAY000000296,ORD00004748,2026-03-30 02:00:00,Cashfree,Failed,410.67,24.73,INR,2026-03-30 02:00:00
PAY000000297,ORD00005578,2026-06-16 10:00:00,razorpay ,success,687.58,8.76,INR,2026-06-16 10:00:00
PAY000000298,ORD00008950,2026-04-23 04:00:00,Cashfree,success,1761.55,20.3,INR,2026-04-23 04:00:00
PAY000000299,ORD00002078,2026-06-27 22:00:00,Cashfree,success,981.44,23.85,INR,2026-06-27 22:00:00
PAY000000300,ORD00011657,2026-02-13 03:00:00,razorpay ,success,1025.88,27.2,Rs,2026-02-13 03:00:00
PAY000000301,ORD00011682,2026-01-24 11:00:00,razorpay ,success,487.54,15.0,INR,2026-01-24 11:00:00
PAY000000302,ORD00006591,2026-07-21 02:00:00,Razorpay,Failed,1694.54,4.64,INR,2026-07-21 02:00:00
PAY000000303,ORD00000184,2026-02-08 02:00:00,razorpay ,success,625.78,9.06,INR,2026-02-08 02:00:00
PAY000000304,ORD00005125,2026-03-19 12:00:00,Stripe,PENDING,2201.73,20.14,INR,2026-03-19 12:00:00
PAY000000305,ORD00006197,2026-01-03 07:00:00,Stripe,success,508.55,19.86,INR,2026-01-03 07:00:00
PAY000000306,ORD00005259,2026-07-18 06:00:00,Cashfree,Failed,1257.07,20.32,inr,2026-07-18 06:00:00
PAY000000307,ORD00002269,2026-01-11 04:00:00,Stripe,PENDING,1969.72,4.08,INR,2026-01-11 04:00:00
PAY000000308,ORD00002956,2026-07-30 09:00:00,Razorpay,success,1602.09,6.31,INR,2026-07-30 09:00:00
PAY000000309,ORD00011828,2026-08-24 13:00:00,razorpay ,success,2124.62,2.9,INR,2026-08-24 13:00:00
PAY000000310,ORD00002365,2026-01-12 00:00:00,PayU,Failed,1279.57,16.04,Rs,2026-01-12 00:00:00
PAY000000311,ORD00004866,2026-08-02 07:00:00,Razorpay,success,674.02,11.74,INR,2026-08-02 07:00:00
PAY000000312,ORD00008885,2026-02-14 18:00:00,Stripe,Failed,3797.78,21.31,INR,2026-02-14 18:00:00
PAY000000313,ORD00008147,2026-07-08 17:00:00,PayU,PENDING,704.38,25.33,INR,2026-07-08 17:00:00
PAY000000314,ORD00008335,2026-03-12 19:00:00,,success,1165.36,31.79,INR,2026-03-12 19:00:00
PAY000000315,ORD00009819,2026-07-18 08:00:00,Razorpay,success,719.49,6.07,inr,2026-07-18 08:00:00
PAY000000316,ORD00006996,2026-02-06 19:00:00,PayU,Failed,1293.42,20.0,INR,2026-02-06 19:00:00
PAY000000317,ORD00011951,2026-03-24 17:00:00,razorpay ,success,3244.56,6.3,inr,2026-03-24 17:00:00
PAY000000318,ORD00007705,2026-06-24 20:00:00,Cashfree,success,1062.29,11.0,inr,2026-06-24 20:00:00
PAY000000319,ORD00008287,2026-08-04 19:00:00,Razorpay,success,508.12,6.3,INR,2026-08-04 19:00:00
PAY000000320,ORD00003858,2026-06-09 08:00:00,razorpay ,Failed,173.99,22.59,INR,2026-06-09 08:00:00
PAY000000321,ORD00011059,2026-04-14 17:00:00,Razorpay,Failed,425.08,17.99,inr,2026-04-14 17:00:00
PAY000000322,ORD00001673,2026-01-03 10:00:00,PayU,success,923.6,13.22,INR,2026-01-03 10:00:00
PAY000000323,ORD00007791,2026-05-19 08:00:00,razorpay ,success,760.01,32.18,INR,2026-05-19 08:00:00
PAY000000324,ORD00000924,2026-04-22 09:00:00,razorpay ,success,1270.46,17.28,INR,2026-04-22 09:00:00
PAY000000325,ORD00008084,2026-03-12 21:00:00,razorpay ,success,2637.09,12.27,INR,2026-03-12 21:00:00
PAY000000326,ORD00001193,2026-08-19 01:00:00,Razorpay,success,2997.9,32.99,INR,2026-08-19 01:00:00
PAY000000327,ORD00010489,2026-04-24 23:00:00,PayU,REFUNDED,627.59,32.27,INR,2026-04-24 23:00:00
PAY000000328,ORD00006365,2026-01-28 07:00:00,Razorpay,REFUNDED,1585.84,10.04,INR,2026-01-28 07:00:00
PAY000000329,ORD00000612,2026-07-13 03:00:00,Stripe,success,1479.57,7.82,Rs,2026-07-13 03:00:00
PAY000000330,ORD00002595,2026-06-06 17:00:00,PayU,success,4506.5,28.7,INR,2026-06-06 17:00:00
PAY000000331,ORD00005073,2026-05-20 05:00:00,razorpay ,PENDING,936.54,5.93,INR,2026-05-20 05:00:00
PAY000000332,ORD00006604,2026-03-07 08:00:00,Cashfree,REFUNDED,1088.81,34.7,INR,2026-03-07 08:00:00
PAY000000333,ORD00008299,2026-07-24 06:00:00,razorpay ,success,380.9,29.4,INR,2026-07-24 06:00:00
PAY000000334,ORD00007900,2026-06-30 16:00:00,razorpay ,success,375.69,32.01,INR,2026-06-30 16:00:00
PAY000000335,ORD00005898,2026-02-11 04:00:00,PayU,success,684.98,12.9,INR,2026-02-11 04:00:00
PAY000000336,ORD00001830,2026-04-23 15:00:00,Razorpay,success,532.5,10.01,inr,2026-04-23 15:00:00
PAY000000337,ORD00002343,2026-06-05 22:00:00,razorpay ,success,1358.13,34.6,Rs,2026-06-05 22:00:00
PAY000000338,ORD00010172,2026-05-15 09:00:00,Razorpay,success,918.2,9.0,INR,2026-05-15 09:00:00
PAY000000339,ORD00011968,2026-04-01 18:00:00,razorpay ,PENDING,700.36,27.52,INR,2026-04-01 18:00:00
PAY000000340,ORD00006892,2026-03-06 09:00:00,Stripe,success,589.88,23.05,INR,2026-03-06 09:00:00
PAY000000341,ORD00005859,2026-04-02 06:00:00,Razorpay,PENDING,628.89,3.48,INR,2026-04-02 06:00:00
PAY000000342,ORD00004748,2026-08-01 11:00:00,Cashfree,PENDING,380.59,12.46,inr,2026-08-01 11:00:00
PAY000000343,ORD00007844,2026-05-01 15:00:00,Razorpay,Failed,308.78,10.35,INR,2026-05-01 15:00:00
PAY000000344,ORD00010066,2026-05-01 04:00:00,Stripe,REFUNDED,3707.76,3.03,INR,2026-05-01 04:00:00
PAY000000345,ORD00002406,2026-02-23 06:00:00,Stripe,success,387.88,11.1,INR,2026-02-23 06:00:00
PAY000000346,ORD00011241,2026-05-10 13:00:00,Cashfree,PENDING,1320.02,19.42,INR,2026-05-10 13:00:00
PAY000000347,ORD00011514,2026-02-20 03:00:00,Cashfree,success,949.0,3.27,Rs,2026-02-20 03:00:00
PAY000000348,ORD00001958,2026-07-10 10:00:00,Cashfree,success,301.49,30.79,INR,2026-07-10 10:00:00
PAY000000349,ORD00001726,2026-04-14 03:00:00,razorpay ,success,3431.12,9.06,inr,2026-04-14 03:00:00
PAY000000350,ORD00007449,2026-06-23 11:00:00,Razorpay,success,409.49,12.3,inr,2026-06-23 11:00:00
PAY000000351,ORD00006801,2026-01-23 02:00:00,PayU,success,712.43,2.69,inr,2026-01-23 02:00:00
PAY000000352,ORD00005033,2026-07-29 02:00:00,Razorpay,Failed,1677.61,21.44,INR,2026-07-29 02:00:00
PAY000000353,ORD00008329,2026-07-03 00:00:00,Cashfree,success,1518.11,4.18,INR,2026-07-03 00:00:00
PAY000000354,ORD00004229,2026-04-20 15:00:00,Stripe,Failed,519.04,9.27,INR,2026-04-20 15:00:00
PAY000000355,ORD00001943,2026-04-28 08:00:00,Razorpay,success,1594.36,11.92,INR,2026-04-28 08:00:00
PAY000000356,ORD00001599,2026-02-13 12:00:00,Razorpay,success,1349.42,8.25,INR,2026-02-13 12:00:00
PAY000000357,ORD00000087,2026-08-21 18:00:00,Cashfree,Failed,1259.11,29.69,INR,2026-08-21 18:00:00
PAY000000358,ORD00007143,2026-01-04 17:00:00,PayU,success,3254.57,8.53,INR,2026-01-04 17:00:00
PAY000000359,ORD00007236,2026-05-15 23:00:00,razorpay ,PENDING,1788.29,22.3,INR,2026-05-15 23:00:00
PAY000000360,ORD00000835,2026-05-03 11:00:00,Stripe,success,1692.75,27.88,INR,2026-05-03 11:00:00
PAY000000361,ORD00008958,2026-03-15 07:00:00,PayU,success,772.29,29.09,Rs,2026-03-15 07:00:00
PAY000000362,ORD00005603,2026-04-25 19:00:00,Razorpay,success,728.42,16.27,INR,2026-04-25 19:00:00
PAY000000363,ORD00009856,2026-08-21 05:00:00,PayU,REFUNDED,1308.05,21.11,INR,2026-08-21 05:00:00
PAY000000364,ORD00003291,2026-08-26 10:00:00,Razorpay,success,1603.1,25.97,INR,2026-08-26 10:00:00
PAY000000365,ORD00002946,2026-03-27 02:00:00,Razorpay,Failed,1336.31,2.06,INR,2026-03-27 02:00:00
PAY000000366,ORD00009316,2026-01-17 15:00:00,razorpay ,success,1061.13,5.92,INR,2026-01-17 15:00:00
PAY000000367,ORD00001142,2026-04-25 16:00:00,Razorpay,success,2158.42,28.01,inr,2026-04-25 16:00:00
PAY000000368,ORD00005128,2026-05-14 19:00:00,PayU,success,232.99,7.14,INR,2026-05-14 19:00:00
PAY000000369,ORD00007916,2026-08-15 15:00:00,PayU,success,411.92,7.39,INR,2026-08-15 15:00:00
PAY000000370,ORD00007978,2026-06-13 10:00:00,Stripe,success,629.12,13.9,INR,2026-06-13 10:00:00
PAY000000371,ORD00007251,2026-06-18 14:00:00,PayU,success,316.82,22.51,INR,2026-06-18 14:00:00
PAY000000372,ORD00007731,2026-02-15 19:00:00,Razorpay,success,1470.37,31.62,INR,2026-02-15 19:00:00
PAY000000373,ORD00008630,2026-07-09 17:00:00,PayU,Failed,805.37,5.81,INR,2026-07-09 17:00:00
PAY000000374,ORD00006023,2026-03-26 15:00:00,Cashfree,success,916.2,22.83,INR,2026-03-26 15:00:00
PAY000000375,ORD00004434,2026-08-15 05:00:00,razorpay ,success,4123.45,5.91,INR,2026-08-15 05:00:00
PAY000000376,ORD00001924,2026-01-14 20:00:00,Stripe,success,818.78,17.98,INR,2026-01-14 20:00:00
PAY000000377,ORD00001018,2026-04-03 13:00:00,Cashfree,success,3821.6,28.55,INR,2026-04-03 13:00:00
PAY000000378,ORD00004614,2026-05-10 11:00:00,razorpay ,success,863.22,29.0,INR,2026-05-10 11:00:00
PAY000000379,ORD00008878,2026-01-28 17:00:00,Stripe,success,1088.84,19.99,INR,2026-01-28 17:00:00
PAY000000380,ORD00011228,2026-07-07 02:00:00,Stripe,success,1328.32,16.68,inr,2026-07-07 02:00:00
PAY000000381,ORD00008901,2026-06-30 04:00:00,Stripe,success,799.5,29.81,INR,2026-06-30 04:00:00
PAY000000382,ORD00007678,2026-01-31 20:00:00,Cashfree,success,533.36,19.63,Rs,2026-01-31 20:00:00
PAY000000383,ORD00009877,2026-08-06 01:00:00,Stripe,success,1267.21,33.12,INR,2026-08-06 01:00:00
PAY000000384,ORD00002896,2026-08-20 18:00:00,Razorpay,success,943.8,24.24,INR,2026-08-20 18:00:00
PAY000000385,ORD00004633,2026-02-05 21:00:00,PayU,success,1771.77,18.5,INR,2026-02-05 21:00:00
PAY000000386,ORD00003682,2026-01-04 10:00:00,Razorpay,success,1021.1,21.7,inr,2026-01-04 10:00:00
PAY000000387,ORD00008720,2026-05-15 16:00:00,razorpay ,Failed,921.34,10.51,INR,2026-05-15 16:00:00
PAY000000388,ORD00004975,2026-06-14 02:00:00,razorpay ,success,1764.41,26.05,INR,2026-06-14 02:00:00
PAY000000389,ORD00003183,2026-06-04 05:00:00,Razorpay,success,465.53,27.79,INR,2026-06-04 05:00:00
PAY000000390,ORD00003673,2026-04-18 23:00:00,PayU,success,2798.64,12.78,inr,2026-04-18 23:00:00
PAY000000391,ORD00002276,2026-02-19 05:00:00,PayU,success,1521.49,25.02,INR,2026-02-19 05:00:00
PAY000000392,ORD00004806,2026-01-29 06:00:00,Razorpay,success,677.12,2.64,INR,2026-01-29 06:00:00
PAY000000393,ORD00000969,2026-02-28 08:00:00,Razorpay,success,2372.87,27.79,INR,2026-02-28 08:00:00
PAY000000394,ORD00010876,2026-01-01 12:00:00,Cashfree,REFUNDED,1072.25,20.25,INR,2026-01-01 12:00:00
PAY000000395,ORD00004640,2026-02-28 23:00:00,PayU,success,726.68,11.03,INR,2026-02-28 23:00:00
PAY000000396,ORD00001738,2026-07-30 21:00:00,,success,656.85,27.47,INR,2026-07-30 21:00:00
PAY000000397,ORD00004935,2026-01-13 18:00:00,razorpay ,success,431.36,27.63,INR,2026-01-13 18:00:00
PAY000000398,ORD00000409,2026-06-09 18:00:00,Cashfree,success,1148.3,3.84,INR,2026-06-09 18:00:00
PAY000000399,ORD00009104,2026-02-23 10:00:00,Cashfree,Failed,309.21,30.98,INR,2026-02-23 10:00:00
PAY000000400,ORD00002478,2026-03-11 23:00:00,Stripe,success,800.5,21.75,INR,2026-03-11 23:00:00
PAY000000401,ORD00007335,2026-06-09 16:00:00,Razorpay,Failed,204.7,27.3,INR,2026-06-09 16:00:00
PAY000000402,ORD00011793,2026-03-28 16:00:00,Cashfree,success,486.25,29.62,INR,2026-03-28 16:00:00
PAY000000403,ORD00006259,2026-01-21 22:00:00,Stripe,success,1798.8,19.65,INR,2026-01-21 22:00:00
PAY000000404,ORD00009763,2026-05-04 10:00:00,Stripe,success,641.93,19.83,INR,2026-05-04 10:00:00
PAY000000405,ORD00009032,2026-08-24 03:00:00,Cashfree,success,1706.74,16.33,INR,2026-08-24 03:00:00
PAY000000406,ORD00005602,2026-05-30 04:00:00,razorpay ,success,2760.03,11.29,INR,2026-05-30 04:00:00
PAY000000407,ORD00009814,2026-06-18 17:00:00,Cashfree,success,1740.31,7.33,INR,2026-06-18 17:00:00
PAY000000408,ORD00006642,2026-01-10 18:00:00,razorpay ,success,1360.83,13.23,INR,2026-01-10 18:00:00
PAY000000409,ORD00000445,2026-07-01 19:00:00,PayU,success,551.29,7.34,INR,2026-07-01 19:00:00
PAY000000410,ORD00002867,2026-04-16 00:00:00,Stripe,success,909.78,21.86,INR,2026-04-16 00:00:00
PAY000000411,ORD00008018,2026-01-26 12:00:00,Razorpay,success,1105.14,5.85,INR,2026-01-26 12:00:00
PAY000000412,ORD00011491,2026-03-11 02:00:00,PayU,Failed,1714.11,13.34,INR,2026-03-11 02:00:00
PAY000000413,ORD00002867,2026-08-23 05:00:00,Stripe,success,2778.2,31.1,INR,2026-08-23 05:00:00
PAY000000414,ORD00008344,2026-06-15 18:00:00,Cashfree,success,2009.83,12.79,INR,2026-06-15 18:00:00
PAY000000415,ORD00010467,2026-05-25 06:00:00,Cashfree,success,2376.4,11.29,INR,2026-05-25 06:00:00
PAY000000416,ORD00002226,2026-04-26 04:00:00,Stripe,success,3611.75,16.34,inr,2026-04-26 04:00:00
PAY000000417,ORD00010452,2026-06-06 07:00:00,razorpay ,Failed,1156.74,34.23,INR,2026-06-06 07:00:00
PAY000000418,ORD00011318,2026-05-02 20:00:00,Stripe,success,2510.21,7.96,INR,2026-05-02 20:00:00
PAY000000419,ORD00010472,2026-01-25 17:00:00,Razorpay,success,1886.76,5.46,INR,2026-01-25 17:00:00
PAY000000420,ORD00008814,2026-08-15 15:00:00,Razorpay,success,3396.17,3.42,Rs,2026-08-15 15:00:00
PAY000000421,ORD00005341,2026-07-18 04:00:00,PayU,success,2734.86,15.33,INR,2026-07-18 04:00:00
PAY000000422,ORD00009479,2026-02-12 12:00:00,Razorpay,success,146.03,10.9,INR,2026-02-12 12:00:00
PAY000000423,ORD00010649,2026-03-27 19:00:00,Stripe,Failed,702.14,26.8,Rs,2026-03-27 19:00:00
PAY000000424,ORD00007259,2026-08-03 19:00:00,PayU,success,1569.55,13.62,INR,2026-08-03 19:00:00
PAY000000425,ORD00006449,2026-08-02 14:00:00,Stripe,success,4157.35,33.43,INR,2026-08-02 14:00:00
PAY000000426,ORD00005083,2026-01-16 15:00:00,razorpay ,success,778.65,18.0,INR,2026-01-16 15:00:00
PAY000000427,ORD00008308,2026-08-02 18:00:00,razorpay ,Failed,2284.2,12.26,INR,2026-08-02 18:00:00
PAY000000428,ORD00011737,2026-05-18 13:00:00,Razorpay,success,1881.9,32.97,Rs,2026-05-18 13:00:00
PAY000000429,ORD00008049,2026-02-24 07:00:00,Stripe,Failed,850.22,12.39,INR,2026-02-24 07:00:00
PAY000000430,ORD00010818,2026-08-27 06:00:00,Stripe,success,1114.87,15.63,INR,2026-08-27 06:00:00
PAY000000431,ORD00003718,2026-03-02 19:00:00,Razorpay,Failed,771.78,32.4,INR,2026-03-02 19:00:00
PAY000000432,ORD00001762,2026-03-04 23:00:00,Razorpay,Failed,883.21,11.1,Rs,2026-03-04 23:00:00
PAY000000433,ORD00000380,2026-01-08 23:00:00,Cashfree,success,1461.76,8.85,INR,2026-01-08 23:00:00
PAY000000434,ORD00010385,2026-07-10 22:00:00,Cashfree,success,2081.77,29.74,inr,2026-07-10 22:00:00
PAY000000435,ORD00009552,2026-04-24 14:00:00,razorpay ,success,988.73,5.47,inr,2026-04-24 14:00:00
PAY000000436,ORD00002623,2026-05-24 18:00:00,razorpay ,success,769.73,26.4,INR,2026-05-24 18:00:00
PAY000000437,ORD00010368,2026-08-24 14:00:00,Cashfree,success,1607.94,32.53,INR,2026-08-24 14:00:00
PAY000000438,ORD00001815,2026-06-23 16:00:00,razorpay ,success,2481.22,4.84,INR,2026-06-23 16:00:00
PAY000000439,ORD00007854,2026-08-10 19:00:00,Razorpay,success,3118.6,20.44,INR,2026-08-10 19:00:00
PAY000000440,ORD00008125,2026-06-29 10:00:00,,success,1531.52,17.63,INR,2026-06-29 10:00:00
PAY000000441,ORD00004200,2026-04-06 17:00:00,Stripe,success,641.83,14.86,inr,2026-04-06 17:00:00
PAY000000442,ORD00000569,2026-01-17 19:00:00,razorpay ,success,902.25,7.79,INR,2026-01-17 19:00:00
PAY000000443,ORD00002841,2026-05-01 12:00:00,razorpay ,success,712.79,26.09,INR,2026-05-01 12:00:00
PAY000000444,ORD00009934,2026-07-06 02:00:00,Stripe,success,1210.88,9.6,INR,2026-07-06 02:00:00
PAY000000445,ORD00001455,2026-05-23 12:00:00,Cashfree,success,896.53,22.31,INR,2026-05-23 12:00:00
PAY000000446,ORD00003636,2026-08-14 12:00:00,razorpay ,success,1938.01,10.4,INR,2026-08-14 12:00:00
PAY000000447,ORD00007887,2026-03-10 04:00:00,PayU,success,3011.67,6.71,Rs,2026-03-10 04:00:00
PAY000000448,ORD00004312,2026-08-09 18:00:00,razorpay ,success,1004.67,22.93,INR,2026-08-09 18:00:00
PAY000000449,ORD00000961,2026-01-27 11:00:00,Razorpay,success,1305.85,20.12,INR,2026-01-27 11:00:00
PAY000000450,ORD00004286,2026-03-25 04:00:00,razorpay ,success,2284.45,19.98,Rs,2026-03-25 04:00:00
PAY000000451,ORD00003133,2026-05-24 14:00:00,Cashfree,success,786.15,4.02,INR,2026-05-24 14:00:00
PAY000000452,ORD00008702,2026-01-23 17:00:00,PayU,success,1540.21,11.48,inr,2026-01-23 17:00:00
PAY000000453,ORD00006775,2026-08-21 16:00:00,,success,1647.45,16.63,INR,2026-08-21 16:00:00
PAY000000454,ORD00005608,2026-03-24 16:00:00,Cashfree,success,2391.9,13.2,Rs,2026-03-24 16:00:00
PAY000000455,ORD00008817,2026-08-04 10:00:00,Razorpay,success,1915.71,5.07,Rs,2026-08-04 10:00:00
PAY000000456,ORD00001952,2026-07-14 13:00:00,Cashfree,success,1411.04,26.57,INR,2026-07-14 13:00:00
PAY000000457,ORD00009615,2026-06-22 10:00:00,Cashfree,success,2151.94,26.23,INR,2026-06-22 10:00:00
PAY000000458,ORD00005097,2026-06-21 13:00:00,Stripe,success,1943.28,5.52,INR,2026-06-21 13:00:00
PAY000000459,ORD00005683,2026-07-01 21:00:00,Stripe,success,940.74,19.66,INR,2026-07-01 21:00:00
PAY000000460,ORD00006441,2026-03-13 08:00:00,Stripe,success,1436.94,27.96,INR,2026-03-13 08:00:00
PAY000000461,ORD00001673,2026-06-26 00:00:00,Cashfree,REFUNDED,1170.03,4.04,INR,2026-06-26 00:00:00
PAY000000462,ORD00006879,2026-06-09 20:00:00,Razorpay,success,691.42,11.0,INR,2026-06-09 20:00:00
PAY000000463,ORD00010897,2026-01-30 18:00:00,Razorpay,success,1701.35,6.09,INR,2026-01-30 18:00:00
PAY000000464,ORD00010752,2026-01-02 17:00:00,PayU,PENDING,3152.58,6.0,INR,2026-01-02 17:00:00
PAY000000465,ORD00006606,2026-03-26 17:00:00,Razorpay,REFUNDED,967.71,6.04,INR,2026-03-26 17:00:00
PAY000000466,ORD00006757,2026-04-23 18:00:00,Cashfree,Failed,953.82,26.35,INR,2026-04-23 18:00:00
PAY000000467,ORD00011928,2026-07-12 23:00:00,Razorpay,success,5981.19,29.11,INR,2026-07-12 23:00:00
PAY000000468,ORD00010941,2026-01-06 22:00:00,razorpay ,success,1596.51,17.58,INR,2026-01-06 22:00:00
PAY000000469,ORD00001003,2026-08-17 04:00:00,razorpay ,success,1911.92,12.51,INR,2026-08-17 04:00:00
PAY000000470,ORD00011551,2026-02-12 18:00:00,Stripe,success,481.22,16.86,inr,2026-02-12 18:00:00
PAY000000471,ORD00005962,2026-07-02 15:00:00,Razorpay,Failed,1992.38,23.36,INR,2026-07-02 15:00:00
PAY000000472,ORD00010354,2026-02-05 02:00:00,razorpay ,PENDING,1157.95,23.21,INR,2026-02-05 02:00:00
PAY000000473,ORD00006603,2026-03-24 01:00:00,Stripe,success,1942.23,32.99,Rs,2026-03-24 01:00:00
PAY000000474,ORD00001252,2026-03-10 12:00:00,Razorpay,Failed,246.43,8.59,INR,2026-03-10 12:00:00
PAY000000475,ORD00001717,2026-07-23 09:00:00,Cashfree,REFUNDED,610.06,14.74,INR,2026-07-23 09:00:00
PAY000000476,ORD00005917,2026-01-12 20:00:00,Cashfree,success,1586.53,17.08,INR,2026-01-12 20:00:00
PAY000000477,ORD00007296,2026-05-17 00:00:00,Cashfree,success,1556.54,5.21,Rs,2026-05-17 00:00:00
PAY000000478,ORD00003424,2026-06-27 06:00:00,Razorpay,success,910.51,12.06,inr,2026-06-27 06:00:00
PAY000000479,ORD00005725,2026-06-17 00:00:00,Stripe,success,940.86,7.07,INR,2026-06-17 00:00:00
PAY000000480,ORD00001223,2026-03-13 01:00:00,Stripe,success,1457.5,26.04,inr,2026-03-13 01:00:00
PAY000000481,ORD00001138,2026-06-18 08:00:00,razorpay ,success,556.43,12.16,INR,2026-06-18 08:00:00
PAY000000482,ORD00009921,2026-07-06 09:00:00,Razorpay,success,1054.59,25.85,INR,2026-07-06 09:00:00
PAY000000483,ORD00003420,2026-03-18 20:00:00,Razorpay,success,1957.84,12.27,INR,2026-03-18 20:00:00
PAY000000484,ORD00010489,2026-02-23 05:00:00,razorpay ,success,1146.21,6.78,INR,2026-02-23 05:00:00
PAY000000485,ORD00000165,2026-01-31 20:00:00,Cashfree,success,2533.14,27.0,inr,2026-01-31 20:00:00
PAY000000486,ORD00008170,2026-05-31 05:00:00,razorpay ,PENDING,870.46,9.61,Rs,2026-05-31 05:00:00
PAY000000487,ORD00011056,2026-03-12 17:00:00,PayU,PENDING,1612.7,33.25,INR,2026-03-12 17:00:00
PAY000000488,ORD00010440,2026-06-29 10:00:00,Stripe,success,2417.97,11.68,INR,2026-06-29 10:00:00
PAY000000489,ORD00000770,2026-01-19 07:00:00,Razorpay,success,1398.24,28.86,INR,2026-01-19 07:00:00
PAY000000490,ORD00003205,2026-03-31 14:00:00,Razorpay,success,2401.18,16.14,INR,2026-03-31 14:00:00
PAY000000491,ORD00000248,2026-01-28 05:00:00,PayU,success,1592.0,17.8,INR,2026-01-28 05:00:00
PAY000000492,ORD00006717,2026-02-02 15:00:00,,Failed,208.76,10.28,inr,2026-02-02 15:00:00
PAY000000493,ORD00004514,2026-03-29 15:00:00,Stripe,success,547.53,34.14,INR,2026-03-29 15:00:00
PAY000000494,ORD00010754,2026-03-24 12:00:00,Razorpay,success,1469.22,26.65,inr,2026-03-24 12:00:00
PAY000000495,ORD00008885,2026-04-08 08:00:00,PayU,REFUNDED,482.12,18.5,INR,2026-04-08 08:00:00
PAY000000496,ORD00001189,2026-07-08 10:00:00,razorpay ,success,1426.34,3.02,INR,2026-07-08 10:00:00
PAY000000497,ORD00008751,2026-04-09 09:00:00,PayU,success,467.61,24.44,INR,2026-04-09 09:00:00
PAY000000498,ORD00008514,2026-08-02 00:00:00,Cashfree,success,1496.78,34.71,inr,2026-08-02 00:00:00
PAY000000499,ORD00004774,2026-01-20 22:00:00,Cashfree,success,1184.3,31.87,INR,2026-01-20 22:00:00
PAY000000500,ORD00009990,2026-06-07 11:00:00,razorpay ,success,383.61,22.34,INR,2026-06-07 11:00:00
PAY000000501,ORD00009186,2026-03-12 02:00:00,PayU,PENDING,836.85,4.92,INR,2026-03-12 02:00:00
PAY000000502,ORD00011163,2026-01-30 13:00:00,razorpay ,success,817.17,8.23,INR,2026-01-30 13:00:00
PAY000000503,ORD00005349,2026-08-21 12:00:00,Razorpay,Failed,1463.72,16.44,inr,2026-08-21 12:00:00
PAY000000504,ORD00005461,2026-03-16 02:00:00,razorpay ,success,384.64,18.75,INR,2026-03-16 02:00:00
PAY000000505,ORD00003344,2026-05-22 12:00:00,PayU,Failed,765.42,9.43,INR,2026-05-22 12:00:00
PAY000000506,ORD00004325,2026-05-30 03:00:00,Stripe,success,1406.81,7.11,inr,2026-05-30 03:00:00
PAY000000507,ORD00008392,2026-03-20 09:00:00,Cashfree,success,1777.1,29.11,INR,2026-03-20 09:00:00
PAY000000508,ORD00003890,2026-05-28 15:00:00,Razorpay,success,635.25,8.65,INR,2026-05-28 15:00:00
PAY000000509,ORD00006007,2026-01-31 01:00:00,Cashfree,success,416.47,17.98,INR,2026-01-31 01:00:00
PAY000000510,ORD00009230,2026-07-10 18:00:00,PayU,success,882.19,25.33,INR,2026-07-10 18:00:00
PAY000000511,ORD00009011,2026-08-15 09:00:00,PayU,success,3081.07,11.82,INR,2026-08-15 09:00:00
PAY000000512,ORD00002229,2026-02-21 08:00:00,razorpay ,success,922.82,25.42,Rs,2026-02-21 08:00:00
PAY000000513,ORD00010830,2026-04-15 03:00:00,Stripe,Failed,368.8,32.76,INR,2026-04-15 03:00:00
PAY000000514,ORD00003638,2026-05-26 03:00:00,Stripe,success,1262.17,2.06,INR,2026-05-26 03:00:00
PAY000000515,ORD00006140,2026-01-17 17:00:00,Stripe,success,388.14,14.55,INR,2026-01-17 17:00:00
PAY000000516,ORD00004963,2026-07-01 05:00:00,PayU,success,777.05,30.12,Rs,2026-07-01 05:00:00
PAY000000517,ORD00011267,2026-06-19 18:00:00,PayU,success,1443.67,15.86,inr,2026-06-19 18:00:00
PAY000000518,ORD00003464,2026-01-30 22:00:00,Razorpay,success,2035.47,17.23,INR,2026-01-30 22:00:00
PAY000000519,ORD00011721,2026-02-16 23:00:00,razorpay ,success,725.23,2.18,INR,2026-02-16 23:00:00
PAY000000520,ORD00006790,2026-06-20 04:00:00,PayU,Failed,1906.27,23.35,inr,2026-06-20 04:00:00
PAY000000521,ORD00009060,2026-08-11 18:00:00,razorpay ,success,1340.5,5.42,INR,2026-08-11 18:00:00
PAY000000522,ORD00000178,2026-07-06 11:00:00,razorpay ,REFUNDED,1241.16,23.54,INR,2026-07-06 11:00:00
PAY000000523,ORD00010767,2026-04-19 16:00:00,razorpay ,Failed,1583.43,27.24,INR,2026-04-19 16:00:00
PAY000000524,ORD00010983,2026-05-03 12:00:00,razorpay ,success,925.23,14.44,INR,2026-05-03 12:00:00
PAY000000525,ORD00009343,2026-07-19 02:00:00,Stripe,PENDING,822.38,3.09,INR,2026-07-19 02:00:00
PAY000000526,ORD00005886,2026-01-17 04:00:00,Cashfree,success,2192.76,5.2,inr,2026-01-17 04:00:00
PAY000000527,ORD00007459,2026-01-15 01:00:00,Cashfree,success,1561.35,13.0,INR,2026-01-15 01:00:00
PAY000000528,ORD00003273,2026-06-16 09:00:00,Razorpay,success,898.07,9.12,inr,2026-06-16 09:00:00
PAY000000529,ORD00006451,2026-04-09 04:00:00,Cashfree,success,894.75,3.55,INR,2026-04-09 04:00:00
PAY000000530,ORD00010933,2026-01-28 05:00:00,Razorpay,PENDING,1782.51,19.38,INR,2026-01-28 05:00:00
PAY000000531,ORD00005950,2026-01-30 09:00:00,PayU,Failed,1349.22,14.36,inr,2026-01-30 09:00:00
PAY000000532,ORD00004894,2026-01-12 05:00:00,Razorpay,success,1128.78,25.29,INR,2026-01-12 05:00:00
PAY000000533,ORD00009663,2026-01-01 11:00:00,Cashfree,Failed,728.06,26.44,INR,2026-01-01 11:00:00
PAY000000534,ORD00009317,2026-07-07 20:00:00,Cashfree,success,3089.26,2.88,INR,2026-07-07 20:00:00
PAY000000535,ORD00001824,2026-05-07 11:00:00,Razorpay,success,417.47,34.19,INR,2026-05-07 11:00:00
PAY000000536,ORD00001956,2026-07-05 03:00:00,Cashfree,success,1335.96,3.91,INR,2026-07-05 03:00:00
PAY000000537,ORD00008004,2026-07-02 00:00:00,razorpay ,success,819.77,3.65,INR,2026-07-02 00:00:00
PAY000000538,ORD00005851,2026-02-08 13:00:00,razorpay ,Failed,2102.65,11.76,INR,2026-02-08 13:00:00
PAY000000539,ORD00010921,2026-05-03 00:00:00,PayU,success,1998.89,19.18,INR,2026-05-03 00:00:00
PAY000000540,ORD00004606,2026-07-27 13:00:00,razorpay ,success,3362.75,10.78,INR,2026-07-27 13:00:00
PAY000000541,ORD00001272,2026-01-04 06:00:00,Razorpay,success,443.59,29.67,INR,2026-01-04 06:00:00
PAY000000542,ORD00008507,2026-03-05 14:00:00,razorpay ,REFUNDED,951.66,25.22,INR,2026-03-05 14:00:00
PAY000000543,ORD00007164,2026-08-28 01:00:00,razorpay ,success,2408.67,15.74,INR,2026-08-28 01:00:00
PAY000000544,ORD00004398,2026-04-06 08:00:00,Stripe,success,1635.93,5.79,INR,2026-04-06 08:00:00
PAY000000545,ORD00004013,2026-01-01 13:00:00,Stripe,success,1913.42,27.99,Rs,2026-01-01 13:00:00
PAY000000546,ORD00001872,2026-01-17 04:00:00,razorpay ,success,1375.89,18.63,INR,2026-01-17 04:00:00
PAY000000547,ORD00002869,2026-06-18 21:00:00,Cashfree,success,721.69,34.56,INR,2026-06-18 21:00:00
PAY000000548,ORD00011992,2026-02-17 18:00:00,PayU,success,1017.7,22.85,INR,2026-02-17 18:00:00
PAY000000549,ORD00010934,2026-04-13 20:00:00,Razorpay,Failed,842.8,30.63,INR,2026-04-13 20:00:00
PAY000000550,ORD00001671,2026-07-13 23:00:00,Razorpay,success,1942.43,27.63,inr,2026-07-13 23:00:00
PAY000000551,ORD00006418,2026-01-03 09:00:00,Razorpay,Failed,858.33,6.19,INR,2026-01-03 09:00:00
PAY000000552,ORD00000701,2026-02-24 02:00:00,Cashfree,success,3429.55,6.74,inr,2026-02-24 02:00:00
PAY000000553,ORD00004270,2026-05-12 12:00:00,Razorpay,success,826.85,7.32,INR,2026-05-12 12:00:00
PAY000000554,ORD00009442,2026-05-29 06:00:00,Cashfree,success,659.38,21.23,INR,2026-05-29 06:00:00
PAY000000555,ORD00004594,2026-02-04 23:00:00,Cashfree,Failed,405.78,26.68,INR,2026-02-04 23:00:00
PAY000000556,ORD00011807,2026-02-27 11:00:00,Cashfree,Failed,1603.54,15.69,INR,2026-02-27 11:00:00
PAY000000557,ORD00000883,2026-04-04 06:00:00,Razorpay,success,1313.56,8.92,INR,2026-04-04 06:00:00
PAY000000558,ORD00000481,2026-06-16 22:00:00,Stripe,success,1143.6,9.68,INR,2026-06-16 22:00:00
PAY000000559,ORD00005613,2026-02-27 05:00:00,Stripe,success,734.7,17.9,INR,2026-02-27 05:00:00
PAY000000560,ORD00007259,2026-05-23 12:00:00,razorpay ,success,962.47,16.46,inr,2026-05-23 12:00:00
PAY000000561,ORD00010050,2026-05-11 01:00:00,Razorpay,PENDING,2642.79,17.2,INR,2026-05-11 01:00:00
PAY000000562,ORD00000448,2026-03-18 14:00:00,Razorpay,success,463.45,30.43,INR,2026-03-18 14:00:00
PAY000000563,ORD00010375,2026-07-09 03:00:00,PayU,success,1399.0,14.77,INR,2026-07-09 03:00:00
PAY000000564,ORD00006411,2026-04-15 14:00:00,Razorpay,Failed,224.38,22.33,INR,2026-04-15 14:00:00
PAY000000565,ORD00011500,2026-05-20 23:00:00,Stripe,success,2610.35,15.74,INR,2026-05-20 23:00:00
PAY000000566,ORD00001545,2026-05-02 22:00:00,Razorpay,success,552.59,16.71,INR,2026-05-02 22:00:00
PAY000000567,ORD00002068,2026-04-18 00:00:00,Stripe,success,446.93,34.25,INR,2026-04-18 00:00:00
PAY000000568,ORD00011133,2026-01-28 09:00:00,PayU,Failed,678.59,10.41,inr,2026-01-28 09:00:00
PAY000000569,ORD00003764,2026-02-15 07:00:00,Razorpay,success,638.31,30.2,inr,2026-02-15 07:00:00
PAY000000570,ORD00008072,2026-06-23 23:00:00,Razorpay,success,821.46,19.4,Rs,2026-06-23 23:00:00
PAY000000571,ORD00002740,2026-02-15 23:00:00,razorpay ,success,712.57,4.57,INR,2026-02-15 23:00:00
PAY000000572,ORD00002060,2026-04-21 13:00:00,PayU,PENDING,1407.1,9.49,INR,2026-04-21 13:00:00
PAY000000573,ORD00007898,2026-06-06 03:00:00,razorpay ,success,2422.84,34.73,INR,2026-06-06 03:00:00
PAY000000574,ORD00004068,2026-04-16 23:00:00,PayU,success,1257.56,5.61,INR,2026-04-16 23:00:00
PAY000000575,ORD00009584,2026-06-11 21:00:00,Razorpay,success,1235.34,2.98,Rs,2026-06-11 21:00:00
PAY000000576,ORD00005016,2026-07-25 16:00:00,razorpay ,REFUNDED,1055.54,32.85,INR,2026-07-25 16:00:00
PAY000000577,ORD00007598,2026-02-10 11:00:00,Razorpay,success,1803.83,3.78,Rs,2026-02-10 11:00:00
PAY000000578,ORD00006444,2026-06-10 06:00:00,Cashfree,success,802.55,2.66,INR,2026-06-10 06:00:00
PAY000000579,ORD00003914,2026-01-13 17:00:00,Cashfree,success,1153.4,23.09,INR,2026-01-13 17:00:00
PAY000000580,ORD00011886,2026-02-15 09:00:00,Razorpay,success,860.73,22.27,INR,2026-02-15 09:00:00
PAY000000581,ORD00011436,2026-03-09 12:00:00,razorpay ,success,3742.07,11.51,INR,2026-03-09 12:00:00
PAY000000582,ORD00006492,2026-05-28 03:00:00,razorpay ,success,588.48,13.46,INR,2026-05-28 03:00:00
PAY000000583,ORD00010581,2026-03-13 02:00:00,Razorpay,Failed,3244.43,3.55,INR,2026-03-13 02:00:00
PAY000000584,ORD00008803,2026-08-17 03:00:00,PayU,Failed,2043.28,22.21,INR,2026-08-17 03:00:00
PAY000000585,ORD00011503,2026-02-18 06:00:00,Cashfree,success,1293.21,18.82,inr,2026-02-18 06:00:00
PAY000000586,ORD00003644,2026-08-09 22:00:00,Stripe,success,611.92,7.55,inr,2026-08-09 22:00:00
PAY000000587,ORD00005264,2026-02-27 05:00:00,Stripe,success,1757.38,31.71,INR,2026-02-27 05:00:00
PAY000000588,ORD00001930,2026-01-23 14:00:00,razorpay ,PENDING,758.99,9.96,INR,2026-01-23 14:00:00
PAY000000589,ORD00006275,2026-07-21 04:00:00,Cashfree,success,1157.74,15.16,INR,2026-07-21 04:00:00
PAY000000590,ORD00006593,2026-06-22 05:00:00,PayU,success,872.76,34.3,INR,2026-06-22 05:00:00
PAY000000591,ORD00007366,2026-04-27 19:00:00,Stripe,success,648.21,30.5,inr,2026-04-27 19:00:00
PAY000000592,ORD00011197,2026-05-02 19:00:00,Cashfree,success,369.01,31.63,INR,2026-05-02 19:00:00
PAY000000593,ORD00009495,2026-04-23 20:00:00,razorpay ,success,1186.94,31.42,INR,2026-04-23 20:00:00
PAY000000594,ORD00003560,2026-03-05 07:00:00,Cashfree,success,574.67,21.38,INR,2026-03-05 07:00:00
PAY000000595,ORD00002374,2026-02-21 06:00:00,Razorpay,success,2448.07,13.41,INR,2026-02-21 06:00:00
PAY000000596,ORD00001374,2026-01-10 16:00:00,PayU,success,660.86,22.03,INR,2026-01-10 16:00:00
PAY000000597,ORD00001390,2026-04-23 14:00:00,Stripe,success,1277.18,4.17,INR,2026-04-23 14:00:00
PAY000000598,ORD00001121,2026-01-28 17:00:00,Razorpay,success,764.77,24.66,INR,2026-01-28 17:00:00
PAY000000599,ORD00007963,2026-06-24 20:00:00,Razorpay,success,201.35,5.33,inr,2026-06-24 20:00:00
PAY000000600,ORD00003332,2026-03-01 09:00:00,Stripe,PENDING,2036.86,30.16,INR,2026-03-01 09:00:00
PAY000000601,ORD00011337,2026-04-12 20:00:00,razorpay ,success,1628.61,33.81,INR,2026-04-12 20:00:00
PAY000000602,ORD00001489,2026-07-16 20:00:00,Stripe,success,1120.3,18.16,INR,2026-07-16 20:00:00
PAY000000603,ORD00003538,2026-03-20 07:00:00,Stripe,success,2700.24,7.58,INR,2026-03-20 07:00:00
PAY000000604,ORD00010137,2026-05-31 07:00:00,razorpay ,success,1667.45,10.11,inr,2026-05-31 07:00:00
PAY000000605,ORD00011385,2026-01-03 09:00:00,Razorpay,success,1277.17,5.87,INR,2026-01-03 09:00:00
PAY000000606,ORD00002278,2026-01-24 22:00:00,razorpay ,success,1515.81,14.8,inr,2026-01-24 22:00:00
PAY000000607,ORD00004610,2026-05-20 19:00:00,razorpay ,success,1842.71,17.68,INR,2026-05-20 19:00:00
PAY000000608,ORD00005775,2026-01-03 21:00:00,Razorpay,success,665.03,24.01,INR,2026-01-03 21:00:00
PAY000000609,ORD00002541,2026-03-22 14:00:00,Cashfree,Failed,1505.94,27.3,INR,2026-03-22 14:00:00
PAY000000610,ORD00011362,2026-02-09 05:00:00,Cashfree,success,1197.12,24.15,INR,2026-02-09 05:00:00
PAY000000611,ORD00001727,2026-07-18 17:00:00,Cashfree,Failed,645.51,19.44,inr,2026-07-18 17:00:00
PAY000000612,ORD00001546,2026-01-24 22:00:00,Razorpay,success,1245.8,25.84,inr,2026-01-24 22:00:00
PAY000000613,ORD00010652,2026-04-13 05:00:00,Stripe,success,3352.0,20.49,INR,2026-04-13 05:00:00
PAY000000614,ORD00003850,2026-04-03 05:00:00,Stripe,success,626.39,2.96,INR,2026-04-03 05:00:00
PAY000000615,ORD00010272,2026-04-26 08:00:00,Stripe,success,206.84,12.88,Rs,2026-04-26 08:00:00
PAY000000616,ORD00001803,2026-02-21 07:00:00,Razorpay,success,1385.11,4.5,INR,2026-02-21 07:00:00
PAY000000617,ORD00011535,2026-07-02 17:00:00,PayU,success,1256.47,2.58,INR,2026-07-02 17:00:00
PAY000000618,ORD00002214,2026-04-14 14:00:00,Razorpay,success,1113.72,3.35,INR,2026-04-14 14:00:00
PAY000000619,ORD00007434,2026-02-08 05:00:00,Stripe,success,469.05,15.03,INR,2026-02-08 05:00:00
PAY000000620,ORD00011171,2026-03-18 03:00:00,Razorpay,success,858.05,10.98,INR,2026-03-18 03:00:00
PAY000000621,ORD00006177,2026-03-30 02:00:00,Razorpay,success,1949.87,4.64,INR,2026-03-30 02:00:00
PAY000000622,ORD00011940,2026-02-13 14:00:00,razorpay ,Failed,876.87,23.84,INR,2026-02-13 14:00:00
PAY000000623,ORD00011044,2026-06-12 21:00:00,razorpay ,REFUNDED,642.02,16.11,INR,2026-06-12 21:00:00
PAY000000624,ORD00005618,2026-01-03 07:00:00,PayU,Failed,985.19,15.84,INR,2026-01-03 07:00:00
PAY000000625,ORD00000672,2026-03-09 05:00:00,PayU,PENDING,624.76,5.6,INR,2026-03-09 05:00:00
PAY000000626,ORD00006126,2026-07-12 17:00:00,Cashfree,success,621.45,4.78,INR,2026-07-12 17:00:00
PAY000000627,ORD00008928,2026-06-28 17:00:00,Stripe,success,1874.6,20.74,INR,2026-06-28 17:00:00
PAY000000628,ORD00002463,2026-02-22 22:00:00,Razorpay,success,406.13,34.87,INR,2026-02-22 22:00:00
PAY000000629,ORD00002708,2026-05-22 02:00:00,PayU,success,1087.5,2.26,Rs,2026-05-22 02:00:00
PAY000000630,ORD00004538,2026-04-16 10:00:00,Cashfree,success,2562.9,30.19,INR,2026-04-16 10:00:00
PAY000000631,ORD00011493,2026-05-30 13:00:00,Stripe,Failed,3824.84,10.62,INR,2026-05-30 13:00:00
PAY000000632,ORD00000029,2026-08-22 08:00:00,razorpay ,success,1430.81,4.46,INR,2026-08-22 08:00:00
PAY000000633,ORD00009706,2026-05-17 03:00:00,Stripe,success,2311.7,25.01,INR,2026-05-17 03:00:00
PAY000000634,ORD00004057,2026-03-26 20:00:00,Razorpay,Failed,610.09,3.03,INR,2026-03-26 20:00:00
PAY000000635,ORD00009014,2026-03-05 05:00:00,PayU,success,2213.61,25.53,INR,2026-03-05 05:00:00
PAY000000636,ORD00006500,2026-06-14 02:00:00,,success,2436.15,34.91,INR,2026-06-14 02:00:00
PAY000000637,ORD00005519,2026-01-17 05:00:00,razorpay ,success,478.37,7.24,INR,2026-01-17 05:00:00
PAY000000638,ORD00008094,2026-01-25 02:00:00,razorpay ,success,710.61,7.53,INR,2026-01-25 02:00:00
PAY000000639,ORD00002050,2026-01-03 05:00:00,Cashfree,Failed,1798.83,25.63,INR,2026-01-03 05:00:00
PAY000000640,ORD00001799,2026-03-20 16:00:00,Cashfree,success,998.59,5.13,INR,2026-03-20 16:00:00
PAY000000641,ORD00007550,2026-02-15 11:00:00,Cashfree,success,933.52,25.76,inr,2026-02-15 11:00:00
PAY000000642,ORD00011955,2026-01-21 23:00:00,Stripe,success,1499.85,3.68,INR,2026-01-21 23:00:00
PAY000000643,ORD00010123,2026-06-11 20:00:00,Stripe,success,689.31,14.75,INR,2026-06-11 20:00:00
PAY000000644,ORD00008669,2026-01-27 07:00:00,PayU,REFUNDED,1075.38,16.28,INR,2026-01-27 07:00:00
PAY000000645,ORD00006990,2026-04-23 22:00:00,Cashfree,success,2494.61,15.02,inr,2026-04-23 22:00:00
PAY000000646,ORD00000985,2026-08-12 10:00:00,Cashfree,success,3331.44,24.06,INR,2026-08-12 10:00:00
PAY000000647,ORD00011487,2026-03-09 15:00:00,Razorpay,success,1127.09,26.57,INR,2026-03-09 15:00:00
PAY000000648,ORD00008701,2026-05-29 14:00:00,Cashfree,success,729.21,25.9,inr,2026-05-29 14:00:00
PAY000000649,ORD00004930,2026-03-27 03:00:00,PayU,REFUNDED,723.52,15.2,INR,2026-03-27 03:00:00
PAY000000650,ORD00007329,2026-03-10 07:00:00,razorpay ,success,2133.47,26.53,INR,2026-03-10 07:00:00
PAY000000651,ORD00001014,2026-06-06 08:00:00,razorpay ,success,454.44,14.81,INR,2026-06-06 08:00:00
PAY000000652,ORD00000554,2026-01-20 00:00:00,Cashfree,PENDING,2267.94,25.39,INR,2026-01-20 00:00:00
PAY000000653,ORD00011941,2026-05-04 02:00:00,Stripe,success,501.76,12.96,INR,2026-05-04 02:00:00
PAY000000654,ORD00009999,2026-08-13 03:00:00,Cashfree,success,1680.34,31.31,INR,2026-08-13 03:00:00
PAY000000655,ORD00009974,2026-06-20 05:00:00,Stripe,success,1650.85,15.73,INR,2026-06-20 05:00:00
PAY000000656,ORD00008425,2026-07-31 11:00:00,Stripe,REFUNDED,444.98,34.68,INR,2026-07-31 11:00:00
PAY000000657,ORD00003757,2026-03-24 15:00:00,PayU,success,4186.98,2.9,INR,2026-03-24 15:00:00
PAY000000658,ORD00000952,2026-01-15 06:00:00,Cashfree,success,3190.11,14.68,INR,2026-01-15 06:00:00
PAY000000659,ORD00009093,2026-03-16 18:00:00,PayU,success,1822.87,10.99,INR,2026-03-16 18:00:00
PAY000000660,ORD00006163,2026-03-10 19:00:00,Cashfree,success,1202.01,33.82,inr,2026-03-10 19:00:00
PAY000000661,ORD00000415,2026-06-30 10:00:00,razorpay ,success,808.6,3.64,inr,2026-06-30 10:00:00
PAY000000662,ORD00001270,2026-08-25 10:00:00,razorpay ,Failed,2245.85,22.31,INR,2026-08-25 10:00:00
PAY000000663,ORD00005474,2026-03-13 15:00:00,PayU,success,498.23,25.63,INR,2026-03-13 15:00:00
PAY000000664,ORD00000445,2026-05-14 11:00:00,PayU,success,863.64,9.91,inr,2026-05-14 11:00:00
PAY000000665,ORD00001441,2026-02-12 04:00:00,razorpay ,success,1406.05,29.65,INR,2026-02-12 04:00:00
PAY000000666,ORD00001712,2026-01-11 03:00:00,Cashfree,success,902.22,23.43,INR,2026-01-11 03:00:00
PAY000000667,ORD00006299,2026-06-11 19:00:00,razorpay ,success,166.25,28.66,INR,2026-06-11 19:00:00
PAY000000668,ORD00001673,2026-06-03 03:00:00,Cashfree,success,2457.52,27.1,INR,2026-06-03 03:00:00
PAY000000669,ORD00000478,2026-06-15 21:00:00,razorpay ,success,424.12,31.64,INR,2026-06-15 21:00:00
PAY000000670,ORD00006954,2026-07-11 11:00:00,Razorpay,success,513.78,26.16,INR,2026-07-11 11:00:00
PAY000000671,ORD00009236,2026-05-16 03:00:00,,success,2168.71,18.03,inr,2026-05-16 03:00:00
PAY000000672,ORD00004467,2026-08-13 03:00:00,PayU,success,2101.84,29.25,INR,2026-08-13 03:00:00
PAY000000673,ORD00001975,2026-01-04 20:00:00,Cashfree,success,1162.84,11.56,INR,2026-01-04 20:00:00
PAY000000674,ORD00010240,2026-08-07 14:00:00,Cashfree,success,1040.48,23.71,INR,2026-08-07 14:00:00
PAY000000675,ORD00009729,2026-08-06 00:00:00,razorpay ,success,780.15,32.51,INR,2026-08-06 00:00:00
PAY000000676,ORD00001358,2026-01-02 18:00:00,Stripe,PENDING,1252.94,28.45,INR,2026-01-02 18:00:00
PAY000000677,ORD00011293,2026-07-27 22:00:00,Cashfree,success,2475.43,26.63,inr,2026-07-27 22:00:00
PAY000000678,ORD00002316,2026-03-11 16:00:00,razorpay ,success,2653.67,18.9,INR,2026-03-11 16:00:00
PAY000000679,ORD00003617,2026-01-28 01:00:00,razorpay ,success,1341.3,3.96,INR,2026-01-28 01:00:00
PAY000000680,ORD00005154,2026-02-25 11:00:00,PayU,success,3262.36,14.15,INR,2026-02-25 11:00:00
PAY000000681,ORD00003604,2026-07-04 16:00:00,Cashfree,success,708.58,34.28,INR,2026-07-04 16:00:00
PAY000000682,ORD00004885,2026-02-15 11:00:00,Razorpay,Failed,322.82,30.34,INR,2026-02-15 11:00:00
PAY000000683,ORD00008305,2026-05-04 06:00:00,Stripe,success,1688.99,29.26,INR,2026-05-04 06:00:00
PAY000000684,ORD00009788,2026-04-21 12:00:00,Razorpay,REFUNDED,1763.01,34.16,INR,2026-04-21 12:00:00
PAY000000685,ORD00005623,2026-03-28 23:00:00,Stripe,success,2132.0,9.23,INR,2026-03-28 23:00:00
PAY000000686,ORD00009317,2026-01-03 17:00:00,razorpay ,REFUNDED,1161.37,3.66,INR,2026-01-03 17:00:00
PAY000000687,ORD00005292,2026-07-20 20:00:00,Cashfree,REFUNDED,1019.24,2.52,inr,2026-07-20 20:00:00
PAY000000688,ORD00003521,2026-03-29 10:00:00,PayU,success,809.84,18.33,INR,2026-03-29 10:00:00
PAY000000689,ORD00011944,2026-06-03 19:00:00,Cashfree,success,1033.52,31.13,INR,2026-06-03 19:00:00
PAY000000690,ORD00002088,2026-01-16 11:00:00,Razorpay,Failed,1268.96,27.97,INR,2026-01-16 11:00:00
PAY000000691,ORD00004259,2026-08-06 05:00:00,Razorpay,success,1975.58,30.03,INR,2026-08-06 05:00:00
PAY000000692,ORD00009937,2026-05-17 13:00:00,PayU,Failed,330.74,8.23,INR,2026-05-17 13:00:00
PAY000000693,ORD00001196,2026-04-25 09:00:00,Razorpay,Failed,1330.0,3.04,INR,2026-04-25 09:00:00
PAY000000694,ORD00001442,2026-03-16 18:00:00,Cashfree,success,4696.18,28.07,inr,2026-03-16 18:00:00
PAY000000695,ORD00001276,2026-03-02 07:00:00,,success,497.66,15.86,INR,2026-03-02 07:00:00
PAY000000696,ORD00003885,2026-08-09 14:00:00,razorpay ,success,2108.67,28.76,INR,2026-08-09 14:00:00
PAY000000697,ORD00010611,2026-07-06 05:00:00,Razorpay,success,2086.32,31.09,INR,2026-07-06 05:00:00
PAY000000698,ORD00007712,2026-03-07 14:00:00,razorpay ,success,1774.38,24.19,inr,2026-03-07 14:00:00
PAY000000699,ORD00006410,2026-06-26 23:00:00,razorpay ,success,2200.61,18.04,INR,2026-06-26 23:00:00
PAY000000700,ORD00010013,2026-05-16 14:00:00,Cashfree,success,2553.38,22.07,INR,2026-05-16 14:00:00
PAY000000701,ORD00001301,2026-04-19 08:00:00,Cashfree,success,4257.24,25.81,Rs,2026-04-19 08:00:00
PAY000000702,ORD00009725,2026-07-24 11:00:00,Stripe,success,785.85,25.75,INR,2026-07-24 11:00:00
PAY000000703,ORD00009774,2026-06-27 00:00:00,Cashfree,success,1792.2,21.33,inr,2026-06-27 00:00:00
PAY000000704,ORD00006963,2026-06-21 05:00:00,Razorpay,success,1271.84,3.59,INR,2026-06-21 05:00:00
PAY000000705,ORD00011707,2026-05-12 18:00:00,razorpay ,success,490.71,14.21,INR,2026-05-12 18:00:00
PAY000000706,ORD00008266,2026-02-02 05:00:00,razorpay ,success,660.22,17.04,INR,2026-02-02 05:00:00
PAY000000707,ORD00010604,2026-01-25 01:00:00,razorpay ,success,4073.9,2.15,INR,2026-01-25 01:00:00
PAY000000708,ORD00001226,2026-08-18 20:00:00,Razorpay,Failed,1647.23,30.81,INR,2026-08-18 20:00:00
PAY000000709,ORD00001557,2026-02-12 14:00:00,Razorpay,success,1807.56,24.59,INR,2026-02-12 14:00:00
PAY000000710,ORD00005721,2026-08-10 20:00:00,Razorpay,Failed,698.25,21.68,INR,2026-08-10 20:00:00
PAY000000711,ORD00000215,2026-04-25 19:00:00,Stripe,Failed,936.36,28.23,Rs,2026-04-25 19:00:00
PAY000000712,ORD00006311,2026-01-19 11:00:00,Stripe,success,736.13,13.39,INR,2026-01-19 11:00:00
PAY000000713,ORD00010412,2026-05-18 05:00:00,Razorpay,success,852.23,15.61,Rs,2026-05-18 05:00:00
PAY000000714,ORD00004072,2026-04-02 08:00:00,Cashfree,success,1743.4,33.65,INR,2026-04-02 08:00:00
PAY000000715,ORD00011220,2026-07-07 17:00:00,Cashfree,success,1128.99,26.62,INR,2026-07-07 17:00:00
PAY000000716,ORD00008413,2026-04-15 01:00:00,razorpay ,success,1264.02,16.53,INR,2026-04-15 01:00:00
PAY000000717,ORD00002509,2026-05-07 12:00:00,Razorpay,success,794.76,7.99,INR,2026-05-07 12:00:00
PAY000000718,ORD00001999,2026-05-05 22:00:00,Stripe,success,4036.5,23.12,INR,2026-05-05 22:00:00
PAY000000719,ORD00001363,2026-06-23 23:00:00,PayU,success,462.77,29.44,INR,2026-06-23 23:00:00
PAY000000720,ORD00007358,2026-08-15 18:00:00,Razorpay,success,2360.57,22.38,INR,2026-08-15 18:00:00
PAY000000721,ORD00006374,2026-02-15 15:00:00,Cashfree,Failed,1946.21,8.31,inr,2026-02-15 15:00:00
PAY000000722,ORD00002143,2026-04-20 11:00:00,Cashfree,success,1528.83,21.14,INR,2026-04-20 11:00:00
PAY000000723,ORD00006498,2026-04-13 07:00:00,Stripe,success,344.37,6.85,INR,2026-04-13 07:00:00
PAY000000724,ORD00003297,2026-08-04 01:00:00,PayU,success,1288.77,2.69,INR,2026-08-04 01:00:00
PAY000000725,ORD00008309,2026-05-02 18:00:00,Stripe,success,801.41,24.18,INR,2026-05-02 18:00:00
PAY000000726,ORD00009041,2026-05-22 02:00:00,Stripe,success,821.68,14.23,INR,2026-05-22 02:00:00
PAY000000727,ORD00007594,2026-08-05 18:00:00,Stripe,success,1609.96,32.2,inr,2026-08-05 18:00:00
PAY000000728,ORD00004276,2026-08-19 18:00:00,razorpay ,success,1251.61,23.36,INR,2026-08-19 18:00:00
PAY000000729,ORD00001470,2026-08-13 16:00:00,Cashfree,success,1279.71,18.5,INR,2026-08-13 16:00:00
PAY000000730,ORD00007977,2026-04-27 04:00:00,razorpay ,success,677.69,18.89,inr,2026-04-27 04:00:00
PAY000000731,ORD00001304,2026-07-31 13:00:00,Cashfree,success,987.86,34.5,INR,2026-07-31 13:00:00
PAY000000732,ORD00008646,2026-05-23 07:00:00,Stripe,success,1426.18,12.19,inr,2026-05-23 07:00:00
PAY000000733,ORD00003464,2026-07-16 10:00:00,Stripe,success,433.1,21.37,Rs,2026-07-16 10:00:00
PAY000000734,ORD00001300,2026-01-16 00:00:00,Cashfree,success,1012.94,13.37,INR,2026-01-16 00:00:00
PAY000000735,ORD00007751,2026-02-11 06:00:00,razorpay ,success,10002.07,30.07,INR,2026-02-11 06:00:00
PAY000000736,ORD00008035,2026-07-19 06:00:00,Stripe,PENDING,180.55,24.07,inr,2026-07-19 06:00:00
PAY000000737,ORD00008328,2026-08-20 03:00:00,Razorpay,Failed,2908.46,21.2,INR,2026-08-20 03:00:00
PAY000000738,ORD00002096,2026-08-10 05:00:00,Stripe,success,1354.5,11.13,INR,2026-08-10 05:00:00
PAY000000739,ORD00011514,2026-07-09 12:00:00,Razorpay,PENDING,5401.09,17.68,INR,2026-07-09 12:00:00
PAY000000740,ORD00007076,2026-08-20 13:00:00,Razorpay,success,1061.07,13.06,inr,2026-08-20 13:00:00
PAY000000741,ORD00010145,2026-02-27 06:00:00,PayU,success,1207.21,6.52,INR,2026-02-27 06:00:00
PAY000000742,ORD00002979,2026-03-30 17:00:00,Stripe,success,1274.36,22.67,INR,2026-03-30 17:00:00
PAY000000743,ORD00006044,2026-08-10 08:00:00,PayU,success,634.48,17.55,INR,2026-08-10 08:00:00
PAY000000744,ORD00006094,2026-04-18 10:00:00,Cashfree,success,763.88,15.82,INR,2026-04-18 10:00:00
PAY000000745,ORD00002948,2026-05-16 03:00:00,razorpay ,success,1137.8,10.35,INR,2026-05-16 03:00:00
PAY000000746,ORD00010047,2026-08-11 19:00:00,PayU,success,1014.48,20.92,INR,2026-08-11 19:00:00
PAY000000747,ORD00011978,2026-03-10 12:00:00,PayU,success,755.96,14.82,INR,2026-03-10 12:00:00
PAY000000748,ORD00011125,2026-08-06 10:00:00,PayU,success,588.32,28.06,INR,2026-08-06 10:00:00
PAY000000749,ORD00009615,2026-02-26 19:00:00,razorpay ,success,406.73,4.9,inr,2026-02-26 19:00:00
PAY000000750,ORD00008646,2026-05-26 12:00:00,Cashfree,success,514.89,31.05,INR,2026-05-26 12:00:00
PAY000000751,ORD00008667,2026-07-08 18:00:00,PayU,Failed,1259.33,23.01,INR,2026-07-08 18:00:00
PAY000000752,ORD00006619,2026-01-27 13:00:00,Stripe,success,2129.12,15.91,INR,2026-01-27 13:00:00
PAY000000753,ORD00000459,2026-07-02 02:00:00,Stripe,success,2642.38,13.71,INR,2026-07-02 02:00:00
PAY000000754,ORD00006420,2026-03-08 17:00:00,Razorpay,Failed,908.04,34.82,INR,2026-03-08 17:00:00
PAY000000755,ORD00002348,2026-07-01 22:00:00,Stripe,success,1736.39,2.48,INR,2026-07-01 22:00:00
PAY000000756,ORD00002398,2026-06-08 16:00:00,PayU,REFUNDED,2059.61,17.08,inr,2026-06-08 16:00:00
PAY000000757,ORD00005322,2026-01-12 20:00:00,Razorpay,Failed,2305.1,26.22,INR,2026-01-12 20:00:00
PAY000000758,ORD00008475,2026-01-26 06:00:00,Razorpay,Failed,1097.1,14.33,INR,2026-01-26 06:00:00
PAY000000759,ORD00000204,2026-05-08 12:00:00,razorpay ,success,776.1,19.23,INR,2026-05-08 12:00:00
PAY000000760,ORD00002686,2026-05-17 16:00:00,razorpay ,Failed,884.69,32.77,INR,2026-05-17 16:00:00
PAY000000761,ORD00009767,2026-06-03 04:00:00,Razorpay,success,1189.75,18.51,Rs,2026-06-03 04:00:00
PAY000000762,ORD00003011,2026-08-01 19:00:00,Cashfree,success,1070.23,29.67,inr,2026-08-01 19:00:00
PAY000000763,ORD00010783,2026-03-12 02:00:00,PayU,success,600.75,29.07,INR,2026-03-12 02:00:00
PAY000000764,ORD00005505,2026-02-12 23:00:00,Stripe,success,1032.36,24.0,INR,2026-02-12 23:00:00
PAY000000765,ORD00007310,2026-03-20 17:00:00,razorpay ,success,1315.89,29.03,inr,2026-03-20 17:00:00
PAY000000766,ORD00004556,2026-01-24 16:00:00,Stripe,Failed,1262.04,3.77,INR,2026-01-24 16:00:00
PAY000000767,ORD00005223,2026-01-06 03:00:00,PayU,Failed,2082.0,16.84,INR,2026-01-06 03:00:00
PAY000000768,ORD00002623,2026-07-25 04:00:00,Stripe,success,1402.61,34.95,INR,2026-07-25 04:00:00
PAY000000769,ORD00003277,2026-02-27 05:00:00,Cashfree,success,2052.05,21.81,Rs,2026-02-27 05:00:00
PAY000000770,ORD00008649,2026-08-06 08:00:00,Stripe,success,507.21,32.38,INR,2026-08-06 08:00:00
PAY000000771,ORD00003804,2026-04-05 00:00:00,razorpay ,success,1030.49,9.21,INR,2026-04-05 00:00:00
PAY000000772,ORD00004188,2026-02-15 22:00:00,Razorpay,success,638.23,2.87,INR,2026-02-15 22:00:00
PAY000000773,ORD00005622,2026-06-28 04:00:00,PayU,success,1759.3,33.13,INR,2026-06-28 04:00:00
PAY000000774,ORD00003613,2026-05-17 16:00:00,Stripe,REFUNDED,1075.13,33.32,INR,2026-05-17 16:00:00
PAY000000775,ORD00005801,2026-01-19 17:00:00,Cashfree,success,1621.93,30.15,INR,2026-01-19 17:00:00
PAY000000776,ORD00005903,2026-06-11 19:00:00,Razorpay,success,1716.2,34.58,INR,2026-06-11 19:00:00
PAY000000777,ORD00007889,2026-02-26 06:00:00,razorpay ,success,1483.19,16.21,INR,2026-02-26 06:00:00
PAY000000778,ORD00003553,2026-04-16 22:00:00,Stripe,success,211.39,22.17,INR,2026-04-16 22:00:00
PAY000000779,ORD00001474,2026-01-12 20:00:00,Cashfree,success,939.14,20.25,INR,2026-01-12 20:00:00
PAY000000780,ORD00004688,2026-08-25 19:00:00,PayU,success,952.09,17.11,Rs,2026-08-25 19:00:00
PAY000000781,ORD00003954,2026-01-16 06:00:00,Cashfree,success,572.53,13.43,INR,2026-01-16 06:00:00
PAY000000782,ORD00008138,2026-03-20 22:00:00,Razorpay,Failed,894.54,26.91,INR,2026-03-20 22:00:00
PAY000000783,ORD00000506,2026-07-28 17:00:00,Cashfree,success,1972.91,2.08,INR,2026-07-28 17:00:00
PAY000000784,ORD00000237,2026-07-07 22:00:00,PayU,success,540.43,25.64,Rs,2026-07-07 22:00:00
PAY000000785,ORD00004547,2026-04-04 11:00:00,razorpay ,REFUNDED,2355.88,30.28,INR,2026-04-04 11:00:00
PAY000000786,ORD00002851,2026-05-24 10:00:00,Stripe,success,376.81,5.11,INR,2026-05-24 10:00:00
PAY000000787,ORD00000943,2026-08-26 13:00:00,Stripe,success,937.65,7.3,INR,2026-08-26 13:00:00
PAY000000788,ORD00007119,2026-07-24 02:00:00,Razorpay,success,1620.35,26.25,INR,2026-07-24 02:00:00
PAY000000789,ORD00008000,2026-01-16 04:00:00,Stripe,success,1147.17,31.6,inr,2026-01-16 04:00:00
PAY000000790,ORD00004079,2026-07-03 23:00:00,Razorpay,REFUNDED,1076.42,24.02,Rs,2026-07-03 23:00:00
PAY000000791,ORD00005583,2026-03-20 18:00:00,razorpay ,success,484.92,5.75,INR,2026-03-20 18:00:00
PAY000000792,ORD00000947,2026-01-12 10:00:00,Stripe,Failed,1557.19,4.92,INR,2026-01-12 10:00:00
PAY000000793,ORD00004549,2026-07-16 13:00:00,Stripe,success,632.2,13.8,INR,2026-07-16 13:00:00
PAY000000794,ORD00001705,2026-05-30 01:00:00,Stripe,success,347.1,5.94,INR,2026-05-30 01:00:00
PAY000000795,ORD00006067,2026-05-01 07:00:00,razorpay ,success,1120.27,24.45,INR,2026-05-01 07:00:00
PAY000000796,ORD00005149,2026-01-06 09:00:00,Stripe,success,3428.53,11.43,INR,2026-01-06 09:00:00
PAY000000797,ORD00004964,2026-02-27 04:00:00,Stripe,success,1652.26,19.03,INR,2026-02-27 04:00:00
PAY000000798,ORD00003866,2026-01-14 02:00:00,Razorpay,REFUNDED,1310.09,27.37,INR,2026-01-14 02:00:00
PAY000000799,ORD00010825,2026-02-07 06:00:00,Cashfree,REFUNDED,905.24,32.6,INR,2026-02-07 06:00:00
PAY000000800,ORD00001260,2026-02-09 00:00:00,Razorpay,success,675.25,11.17,INR,2026-02-09 00:00:00
PAY000000801,ORD00002472,2026-03-15 09:00:00,Stripe,success,1168.07,25.39,INR,2026-03-15 09:00:00
PAY000000802,ORD00003624,2026-07-04 08:00:00,Cashfree,success,626.06,15.04,INR,2026-07-04 08:00:00
PAY000000803,ORD00002186,2026-02-01 17:00:00,Razorpay,success,1724.17,6.33,Rs,2026-02-01 17:00:00
PAY000000804,ORD00007694,2026-07-19 06:00:00,PayU,success,2067.96,6.22,inr,2026-07-19 06:00:00
PAY000000805,ORD00010837,2026-05-27 11:00:00,PayU,success,1215.3,34.75,inr,2026-05-27 11:00:00
PAY000000806,ORD00002410,2026-08-04 18:00:00,PayU,success,2295.3,20.28,INR,2026-08-04 18:00:00
PAY000000807,ORD00001641,2026-01-21 09:00:00,Razorpay,success,1030.89,28.08,INR,2026-01-21 09:00:00
PAY000000808,ORD00000702,2026-07-23 02:00:00,Razorpay,success,548.51,32.86,INR,2026-07-23 02:00:00
PAY000000809,ORD00007859,2026-06-25 05:00:00,razorpay ,Failed,374.78,5.65,inr,2026-06-25 05:00:00
PAY000000810,ORD00001096,2026-06-20 22:00:00,Razorpay,success,1109.95,12.03,INR,2026-06-20 22:00:00
PAY000000811,ORD00006658,2026-08-10 19:00:00,Cashfree,PENDING,985.51,24.18,INR,2026-08-10 19:00:00
PAY000000812,ORD00000498,2026-06-18 12:00:00,razorpay ,success,3728.96,19.38,INR,2026-06-18 12:00:00
PAY000000813,ORD00011000,2026-04-11 23:00:00,Razorpay,success,868.16,11.21,INR,2026-04-11 23:00:00
PAY000000814,ORD00007694,2026-07-26 15:00:00,razorpay ,success,743.79,21.15,INR,2026-07-26 15:00:00
PAY000000815,ORD00010429,2026-05-30 04:00:00,razorpay ,success,740.9,20.28,INR,2026-05-30 04:00:00
PAY000000816,ORD00004874,2026-01-26 03:00:00,PayU,Failed,364.59,9.16,Rs,2026-01-26 03:00:00
PAY000000817,ORD00002608,2026-01-26 04:00:00,Cashfree,success,582.59,23.31,INR,2026-01-26 04:00:00
PAY000000818,ORD00011935,2026-05-10 05:00:00,Razorpay,success,2425.59,6.3,INR,2026-05-10 05:00:00
PAY000000819,ORD00009927,2026-04-16 01:00:00,PayU,success,5079.7,22.06,INR,2026-04-16 01:00:00
PAY000000820,ORD00008305,2026-08-26 19:00:00,Razorpay,Failed,782.52,30.68,Rs,2026-08-26 19:00:00
PAY000000821,ORD00001429,2026-03-09 12:00:00,Stripe,Failed,661.94,6.96,INR,2026-03-09 12:00:00
PAY000000822,ORD00006795,2026-02-18 11:00:00,Cashfree,success,3648.31,30.52,INR,2026-02-18 11:00:00
PAY000000823,ORD00007455,2026-07-12 20:00:00,Razorpay,success,644.13,7.74,INR,2026-07-12 20:00:00
PAY000000824,ORD00008984,2026-08-12 12:00:00,Razorpay,success,2111.47,24.69,Rs,2026-08-12 12:00:00
PAY000000825,ORD00009470,2026-07-18 00:00:00,Cashfree,success,721.03,27.29,INR,2026-07-18 00:00:00
PAY000000826,ORD00005907,2026-03-16 04:00:00,Razorpay,Failed,731.16,34.12,INR,2026-03-16 04:00:00
PAY000000827,ORD00003878,2026-05-22 16:00:00,Razorpay,success,1688.6,27.52,inr,2026-05-22 16:00:00
PAY000000828,ORD00006279,2026-02-10 19:00:00,Cashfree,success,3646.53,9.4,INR,2026-02-10 19:00:00
PAY000000829,ORD00005986,2026-08-23 08:00:00,Stripe,success,1127.76,23.6,INR,2026-08-23 08:00:00
PAY000000830,ORD00003154,2026-01-06 03:00:00,PayU,success,1715.64,26.69,INR,2026-01-06 03:00:00
PAY000000831,ORD00000857,2026-01-16 18:00:00,razorpay ,REFUNDED,678.96,14.93,inr,2026-01-16 18:00:00
PAY000000832,ORD00001157,2026-03-25 05:00:00,Cashfree,success,2039.06,7.02,INR,2026-03-25 05:00:00
PAY000000833,ORD00008469,2026-04-01 00:00:00,Stripe,success,1248.68,28.21,INR,2026-04-01 00:00:00
PAY000000834,ORD00003662,2026-04-20 03:00:00,Cashfree,success,2312.84,30.54,INR,2026-04-20 03:00:00
PAY000000835,ORD00000866,2026-02-03 02:00:00,Razorpay,success,1278.78,21.44,INR,2026-02-03 02:00:00
PAY000000836,ORD00009180,2026-04-26 22:00:00,Stripe,REFUNDED,535.01,15.13,INR,2026-04-26 22:00:00
PAY000000837,ORD00008303,2026-03-22 22:00:00,Stripe,success,1351.9,6.96,INR,2026-03-22 22:00:00
PAY000000838,ORD00005310,2026-05-10 18:00:00,PayU,success,889.18,13.72,INR,2026-05-10 18:00:00
PAY000000839,ORD00005097,2026-07-04 12:00:00,Razorpay,success,811.77,7.39,INR,2026-07-04 12:00:00
PAY000000840,ORD00002154,2026-06-13 04:00:00,razorpay ,success,880.61,3.98,Rs,2026-06-13 04:00:00
PAY000000841,ORD00005035,2026-05-26 22:00:00,Stripe,success,912.6,4.12,Rs,2026-05-26 22:00:00
PAY000000842,ORD00005591,2026-04-12 13:00:00,PayU,success,2813.33,11.96,INR,2026-04-12 13:00:00
PAY000000843,ORD00005115,2026-05-21 20:00:00,Razorpay,success,995.02,28.62,INR,2026-05-21 20:00:00
PAY000000844,ORD00002054,2026-06-21 15:00:00,Cashfree,success,2782.7,5.52,INR,2026-06-21 15:00:00
PAY000000845,ORD00008950,2026-03-16 10:00:00,Stripe,success,1011.3,10.81,INR,2026-03-16 10:00:00
PAY000000846,ORD00000964,2026-01-01 09:00:00,PayU,success,553.44,28.66,INR,2026-01-01 09:00:00
PAY000000847,ORD00007781,2026-07-04 22:00:00,Stripe,success,992.09,25.47,inr,2026-07-04 22:00:00
PAY000000848,ORD00005424,2026-03-03 17:00:00,Cashfree,Failed,1712.35,20.87,INR,2026-03-03 17:00:00
PAY000000849,ORD00003926,2026-03-02 06:00:00,Cashfree,success,1949.71,33.65,INR,2026-03-02 06:00:00
PAY000000850,ORD00002501,2026-06-30 21:00:00,Stripe,REFUNDED,1092.82,13.26,INR,2026-06-30 21:00:00
PAY000000851,ORD00006153,2026-06-18 19:00:00,PayU,success,527.25,25.31,inr,2026-06-18 19:00:00
PAY000000852,ORD00001422,2026-01-23 16:00:00,Cashfree,success,1147.5,28.39,INR,2026-01-23 16:00:00
PAY000000853,ORD00002762,2026-08-04 15:00:00,PayU,success,974.68,32.75,INR,2026-08-04 15:00:00
PAY000000854,ORD00011539,2026-01-11 22:00:00,razorpay ,REFUNDED,1122.62,27.21,INR,2026-01-11 22:00:00
PAY000000855,ORD00008781,2026-08-01 07:00:00,Razorpay,success,661.82,28.21,INR,2026-08-01 07:00:00
PAY000000856,ORD00002814,2026-05-30 05:00:00,Razorpay,success,588.14,22.26,INR,2026-05-30 05:00:00
PAY000000857,ORD00008104,2026-06-24 05:00:00,razorpay ,success,2771.71,19.56,INR,2026-06-24 05:00:00
PAY000000858,ORD00005429,2026-04-27 01:00:00,PayU,Failed,581.75,25.09,inr,2026-04-27 01:00:00
PAY000000859,ORD00008747,2026-04-21 07:00:00,Razorpay,success,3012.58,9.72,INR,2026-04-21 07:00:00
PAY000000860,ORD00004689,2026-02-19 14:00:00,razorpay ,success,3305.66,19.29,inr,2026-02-19 14:00:00
PAY000000861,ORD00008358,2026-01-26 18:00:00,Razorpay,REFUNDED,1099.21,7.0,INR,2026-01-26 18:00:00
PAY000000862,ORD00002383,2026-02-17 13:00:00,Stripe,success,830.59,21.31,INR,2026-02-17 13:00:00
PAY000000863,ORD00005638,2026-07-27 15:00:00,PayU,success,306.68,17.64,INR,2026-07-27 15:00:00
PAY000000864,ORD00006393,2026-06-04 22:00:00,razorpay ,success,895.22,28.81,INR,2026-06-04 22:00:00
PAY000000865,ORD00004717,2026-06-12 17:00:00,Razorpay,success,1289.38,30.46,INR,2026-06-12 17:00:00
PAY000000866,ORD00001739,2026-02-19 10:00:00,razorpay ,success,3505.46,16.12,INR,2026-02-19 10:00:00
PAY000000867,ORD00004001,2026-05-29 22:00:00,Razorpay,success,364.68,30.68,INR,2026-05-29 22:00:00
PAY000000868,ORD00005467,2026-08-14 16:00:00,Stripe,Failed,725.56,32.96,INR,2026-08-14 16:00:00
PAY000000869,ORD00008298,2026-02-13 04:00:00,Stripe,Failed,1421.65,13.16,INR,2026-02-13 04:00:00
PAY000000870,ORD00003698,2026-01-12 08:00:00,Cashfree,Failed,3782.34,5.54,INR,2026-01-12 08:00:00
PAY000000871,ORD00001883,2026-02-07 23:00:00,Razorpay,success,495.52,29.13,INR,2026-02-07 23:00:00
PAY000000872,ORD00009009,2026-05-01 23:00:00,Stripe,success,1276.76,11.32,INR,2026-05-01 23:00:00
PAY000000873,ORD00000824,2026-07-14 22:00:00,razorpay ,success,660.97,30.9,INR,2026-07-14 22:00:00
PAY000000874,ORD00011943,2026-05-02 13:00:00,PayU,success,606.91,6.04,INR,2026-05-02 13:00:00
PAY000000875,ORD00008713,2026-04-13 11:00:00,Cashfree,success,1337.57,12.2,INR,2026-04-13 11:00:00
PAY000000876,ORD00000862,2026-07-28 13:00:00,PayU,success,840.15,30.49,inr,2026-07-28 13:00:00
PAY000000877,ORD00004950,2026-08-20 18:00:00,razorpay ,success,2620.52,7.68,INR,2026-08-20 18:00:00
PAY000000878,ORD00002662,2026-06-19 05:00:00,Razorpay,success,674.93,24.1,INR,2026-06-19 05:00:00
PAY000000879,ORD00001709,2026-06-15 11:00:00,Razorpay,REFUNDED,1332.31,15.89,INR,2026-06-15 11:00:00
PAY000000880,ORD00008933,2026-08-09 05:00:00,Razorpay,success,1437.23,15.62,INR,2026-08-09 05:00:00
PAY000000881,ORD00005803,2026-08-03 20:00:00,Razorpay,success,1148.3,3.06,INR,2026-08-03 20:00:00
PAY000000882,ORD00009064,2026-07-26 03:00:00,Razorpay,success,1582.44,7.03,INR,2026-07-26 03:00:00
PAY000000883,ORD00005707,2026-08-11 03:00:00,razorpay ,success,2050.41,14.62,INR,2026-08-11 03:00:00
PAY000000884,ORD00008502,2026-04-17 20:00:00,Cashfree,success,503.8,18.79,INR,2026-04-17 20:00:00
PAY000000885,ORD00003110,2026-01-13 03:00:00,Cashfree,success,4211.52,19.22,INR,2026-01-13 03:00:00
PAY000000886,ORD00007113,2026-02-19 22:00:00,Cashfree,success,2306.88,23.48,INR,2026-02-19 22:00:00
PAY000000887,ORD00010539,2026-02-08 01:00:00,Stripe,success,879.13,25.3,INR,2026-02-08 01:00:00
PAY000000888,ORD00011086,2026-03-30 22:00:00,razorpay ,success,653.24,34.12,inr,2026-03-30 22:00:00
PAY000000889,ORD00006904,2026-07-23 09:00:00,Razorpay,PENDING,1925.79,23.78,INR,2026-07-23 09:00:00
PAY000000890,ORD00011295,2026-01-26 22:00:00,Razorpay,success,936.39,29.57,INR,2026-01-26 22:00:00
PAY000000891,ORD00000798,2026-05-02 05:00:00,PayU,Failed,495.94,13.17,INR,2026-05-02 05:00:00
PAY000000892,ORD00005310,2026-05-06 21:00:00,Stripe,success,7580.66,13.67,INR,2026-05-06 21:00:00
PAY000000893,ORD00004804,2026-01-31 01:00:00,Stripe,success,729.58,28.47,INR,2026-01-31 01:00:00
PAY000000894,ORD00006692,2026-04-01 18:00:00,PayU,success,1034.95,25.35,INR,2026-04-01 18:00:00
PAY000000895,ORD00000416,2026-01-21 07:00:00,Cashfree,Failed,1026.67,27.74,inr,2026-01-21 07:00:00
PAY000000896,ORD00008160,2026-01-30 10:00:00,Razorpay,success,2366.01,32.65,INR,2026-01-30 10:00:00
PAY000000897,ORD00009020,2026-06-04 02:00:00,Razorpay,success,1214.4,30.72,INR,2026-06-04 02:00:00
PAY000000898,ORD00001207,2026-06-21 00:00:00,Stripe,success,964.85,9.3,INR,2026-06-21 00:00:00
PAY000000899,ORD00006519,2026-04-04 23:00:00,Cashfree,PENDING,672.47,7.02,INR,2026-04-04 23:00:00
PAY000000900,ORD00010079,2026-06-15 17:00:00,Razorpay,success,1230.27,2.12,INR,2026-06-15 17:00:00
PAY000000901,ORD00011016,2026-08-21 04:00:00,PayU,success,944.8,22.85,INR,2026-08-21 04:00:00
PAY000000902,ORD00010458,2026-03-22 04:00:00,Razorpay,success,796.48,23.05,INR,2026-03-22 04:00:00
PAY000000903,ORD00010981,2026-08-28 16:00:00,,success,1156.91,16.94,INR,2026-08-28 16:00:00
PAY000000904,ORD00004215,2026-03-04 22:00:00,razorpay ,REFUNDED,3370.85,9.48,INR,2026-03-04 22:00:00
PAY000000905,ORD00002091,2026-01-19 02:00:00,PayU,success,675.38,4.58,INR,2026-01-19 02:00:00
PAY000000906,ORD00011856,2026-03-28 03:00:00,razorpay ,REFUNDED,767.61,19.48,INR,2026-03-28 03:00:00
PAY000000907,ORD00009644,2026-07-19 03:00:00,Cashfree,success,2927.79,7.54,INR,2026-07-19 03:00:00
PAY000000908,ORD00001745,2026-01-13 05:00:00,Razorpay,success,820.38,32.1,INR,2026-01-13 05:00:00
PAY000000909,ORD00005156,2026-08-23 17:00:00,Razorpay,success,967.73,25.82,INR,2026-08-23 17:00:00
PAY000000910,ORD00009444,2026-04-20 09:00:00,Stripe,success,2191.59,15.56,Rs,2026-04-20 09:00:00
PAY000000911,ORD00003026,2026-08-22 17:00:00,PayU,success,602.29,5.94,INR,2026-08-22 17:00:00
PAY000000912,ORD00002615,2026-02-27 14:00:00,PayU,success,698.48,31.38,INR,2026-02-27 14:00:00
PAY000000913,ORD00009254,2026-04-16 22:00:00,razorpay ,success,825.11,21.12,INR,2026-04-16 22:00:00
PAY000000914,ORD00006171,2026-05-21 05:00:00,Razorpay,success,1439.91,22.6,INR,2026-05-21 05:00:00
PAY000000915,ORD00003352,2026-07-13 03:00:00,PayU,success,2595.51,4.03,INR,2026-07-13 03:00:00
PAY000000916,ORD00001941,2026-03-05 13:00:00,PayU,success,4866.48,7.97,INR,2026-03-05 13:00:00
PAY000000917,ORD00004433,2026-08-17 19:00:00,Razorpay,PENDING,507.07,4.01,INR,2026-08-17 19:00:00
PAY000000918,ORD00007515,2026-05-13 22:00:00,Cashfree,success,3055.76,26.94,INR,2026-05-13 22:00:00
PAY000000919,ORD00010008,2026-08-07 16:00:00,Cashfree,success,886.68,8.9,Rs,2026-08-07 16:00:00
PAY000000920,ORD00002709,2026-03-21 00:00:00,Razorpay,success,666.16,2.56,INR,2026-03-21 00:00:00
PAY000000921,ORD00005572,2026-01-17 23:00:00,Razorpay,REFUNDED,2269.3,6.29,INR,2026-01-17 23:00:00
PAY000000922,ORD00009944,2026-04-29 06:00:00,Cashfree,success,1155.61,13.13,INR,2026-04-29 06:00:00
PAY000000923,ORD00008066,2026-04-06 17:00:00,Cashfree,success,1536.9,20.84,INR,2026-04-06 17:00:00
PAY000000924,ORD00009323,2026-06-22 01:00:00,Cashfree,success,4304.96,19.02,INR,2026-06-22 01:00:00
PAY000000925,ORD00003471,2026-03-31 21:00:00,Razorpay,success,2501.67,27.93,INR,2026-03-31 21:00:00
PAY000000926,ORD00000104,2026-01-01 20:00:00,PayU,success,616.17,33.75,INR,2026-01-01 20:00:00
PAY000000927,ORD00009753,2026-01-17 07:00:00,Stripe,success,1486.6,10.63,inr,2026-01-17 07:00:00
PAY000000928,ORD00003605,2026-01-05 04:00:00,razorpay ,success,1397.0,25.19,INR,2026-01-05 04:00:00
PAY000000929,ORD00001577,2026-01-21 10:00:00,Stripe,success,820.86,15.97,INR,2026-01-21 10:00:00
PAY000000930,ORD00003772,2026-02-15 05:00:00,Stripe,success,745.34,3.71,INR,2026-02-15 05:00:00
PAY000000931,ORD00008222,2026-07-14 14:00:00,Stripe,success,1832.14,4.28,INR,2026-07-14 14:00:00
PAY000000932,ORD00008521,2026-01-08 21:00:00,PayU,success,656.56,10.93,INR,2026-01-08 21:00:00
PAY000000933,ORD00008337,2026-06-13 13:00:00,Cashfree,success,1603.12,29.31,inr,2026-06-13 13:00:00
PAY000000934,ORD00006849,2026-01-26 09:00:00,razorpay ,success,684.15,31.65,INR,2026-01-26 09:00:00
PAY000000935,ORD00009975,2026-03-25 07:00:00,Stripe,success,495.67,31.14,INR,2026-03-25 07:00:00
PAY000000936,ORD00007101,2026-01-20 01:00:00,PayU,success,2900.67,27.05,INR,2026-01-20 01:00:00
PAY000000937,ORD00011217,2026-08-20 21:00:00,Cashfree,success,1856.56,2.8,INR,2026-08-20 21:00:00
PAY000000938,ORD00000234,2026-02-14 12:00:00,Razorpay,success,268.29,12.11,INR,2026-02-14 12:00:00
PAY000000939,ORD00009955,2026-04-04 01:00:00,PayU,REFUNDED,1804.47,25.67,inr,2026-04-04 01:00:00
PAY000000940,ORD00005310,2026-03-01 22:00:00,Razorpay,success,896.96,31.5,INR,2026-03-01 22:00:00
PAY000000941,ORD00007021,2026-04-07 11:00:00,PayU,success,1523.34,23.02,INR,2026-04-07 11:00:00
PAY000000942,ORD00003464,2026-08-15 19:00:00,razorpay ,success,339.25,28.13,INR,2026-08-15 19:00:00
PAY000000943,ORD00000928,2026-04-29 04:00:00,Razorpay,success,293.25,15.05,INR,2026-04-29 04:00:00
PAY000000944,ORD00005539,2026-04-19 13:00:00,Razorpay,success,1089.78,31.44,INR,2026-04-19 13:00:00
PAY000000945,ORD00001564,2026-07-15 01:00:00,razorpay ,success,1668.47,28.82,INR,2026-07-15 01:00:00
PAY000000946,ORD00005709,2026-06-22 21:00:00,razorpay ,success,2630.5,32.24,INR,2026-06-22 21:00:00
PAY000000947,ORD00007676,2026-07-26 15:00:00,Cashfree,success,1234.45,3.35,INR,2026-07-26 15:00:00
PAY000000948,ORD00000736,2026-08-22 22:00:00,PayU,success,1289.14,14.64,INR,2026-08-22 22:00:00
PAY000000949,ORD00000947,2026-05-05 06:00:00,PayU,success,1972.82,22.77,INR,2026-05-05 06:00:00
PAY000000950,ORD00001798,2026-03-08 03:00:00,PayU,Failed,1993.59,22.58,INR,2026-03-08 03:00:00
PAY000000951,ORD00011936,2026-06-18 08:00:00,Razorpay,success,1166.08,9.54,INR,2026-06-18 08:00:00
PAY000000952,ORD00001550,2026-04-21 23:00:00,Cashfree,success,171.05,12.17,INR,2026-04-21 23:00:00
PAY000000953,ORD00011232,2026-05-19 15:00:00,Cashfree,success,237.42,33.96,INR,2026-05-19 15:00:00
PAY000000954,ORD00002927,2026-08-14 05:00:00,PayU,success,1089.65,16.21,INR,2026-08-14 05:00:00
PAY000000955,ORD00003475,2026-04-12 23:00:00,razorpay ,PENDING,1435.38,31.52,INR,2026-04-12 23:00:00
PAY000000956,ORD00010781,2026-08-13 23:00:00,Cashfree,success,3939.55,22.27,INR,2026-08-13 23:00:00
PAY000000957,ORD00010116,2026-07-21 18:00:00,razorpay ,success,1070.68,5.09,INR,2026-07-21 18:00:00
PAY000000958,ORD00004696,2026-03-09 09:00:00,Razorpay,success,680.53,27.61,INR,2026-03-09 09:00:00
PAY000000959,ORD00003677,2026-08-12 23:00:00,Stripe,success,2725.64,20.71,INR,2026-08-12 23:00:00
PAY000000960,ORD00008225,2026-02-04 20:00:00,Stripe,success,551.97,21.07,INR,2026-02-04 20:00:00
PAY000000961,ORD00006889,2026-05-10 08:00:00,Cashfree,success,627.25,12.21,INR,2026-05-10 08:00:00
PAY000000962,ORD00010455,2026-06-03 08:00:00,razorpay ,success,268.75,3.13,INR,2026-06-03 08:00:00
PAY000000963,ORD00004697,2026-04-14 11:00:00,Stripe,success,1329.0,10.32,INR,2026-04-14 11:00:00
PAY000000964,ORD00001287,2026-08-09 10:00:00,Cashfree,success,1335.17,34.6,inr,2026-08-09 10:00:00
PAY000000965,ORD00003384,2026-08-27 12:00:00,Razorpay,success,1487.64,10.59,INR,2026-08-27 12:00:00
PAY000000966,ORD00009054,2026-01-09 17:00:00,Cashfree,success,1123.0,5.98,Rs,2026-01-09 17:00:00
PAY000000967,ORD00008138,2026-03-06 20:00:00,razorpay ,success,432.68,16.19,INR,2026-03-06 20:00:00
PAY000000968,ORD00003259,2026-01-26 16:00:00,Razorpay,success,3081.65,29.84,INR,2026-01-26 16:00:00
PAY000000969,ORD00004605,2026-04-06 18:00:00,Cashfree,success,658.98,3.65,INR,2026-04-06 18:00:00
PAY000000970,ORD00009364,2026-05-04 17:00:00,razorpay ,PENDING,284.36,20.72,INR,2026-05-04 17:00:00
PAY000000971,ORD00005900,2026-06-20 21:00:00,Cashfree,success,1008.67,14.1,INR,2026-06-20 21:00:00
PAY000000972,ORD00007475,2026-03-11 01:00:00,Razorpay,success,2398.15,6.43,INR,2026-03-11 01:00:00
PAY000000973,ORD00007811,2026-08-27 22:00:00,Razorpay,success,2158.54,4.63,INR,2026-08-27 22:00:00
PAY000000974,ORD00005663,2026-01-29 06:00:00,Cashfree,success,929.06,27.47,INR,2026-01-29 06:00:00
PAY000000975,ORD00011649,2026-01-19 00:00:00,razorpay ,success,866.05,16.07,INR,2026-01-19 00:00:00
PAY000000976,ORD00007535,2026-06-11 08:00:00,Razorpay,success,1769.05,3.85,inr,2026-06-11 08:00:00
PAY000000977,ORD00000145,2026-07-25 22:00:00,PayU,success,1062.64,5.3,inr,2026-07-25 22:00:00
PAY000000978,ORD00006033,2026-06-09 19:00:00,Stripe,success,637.41,14.01,INR,2026-06-09 19:00:00
PAY000000979,ORD00009988,2026-06-21 18:00:00,razorpay ,success,1029.93,9.84,INR,2026-06-21 18:00:00
PAY000000980,ORD00002585,2026-02-23 09:00:00,razorpay ,Failed,2355.26,18.18,INR,2026-02-23 09:00:00
PAY000000981,ORD00000358,2026-03-21 22:00:00,Razorpay,Failed,634.08,15.39,Rs,2026-03-21 22:00:00
PAY000000982,ORD00004615,2026-04-30 18:00:00,PayU,success,522.82,28.98,INR,2026-04-30 18:00:00
PAY000000983,ORD00005727,2026-01-27 10:00:00,Stripe,success,835.93,28.27,INR,2026-01-27 10:00:00
PAY000000984,ORD00000423,2026-02-23 07:00:00,Razorpay,success,1431.53,15.83,INR,2026-02-23 07:00:00
PAY000000985,ORD00006717,2026-05-23 10:00:00,Razorpay,success,2769.86,28.11,INR,2026-05-23 10:00:00
PAY000000986,ORD00007914,2026-07-24 04:00:00,razorpay ,success,564.06,28.4,INR,2026-07-24 04:00:00
PAY000000987,ORD00008134,2026-05-14 13:00:00,Cashfree,success,1420.34,8.48,inr,2026-05-14 13:00:00
PAY000000988,ORD00004514,2026-03-25 00:00:00,razorpay ,success,682.81,26.13,Rs,2026-03-25 00:00:00
PAY000000989,ORD00008156,2026-03-03 21:00:00,Cashfree,success,2022.08,27.82,INR,2026-03-03 21:00:00
PAY000000990,ORD00007301,2026-03-11 10:00:00,Cashfree,success,4083.72,34.33,INR,2026-03-11 10:00:00
PAY000000991,ORD00005479,2026-04-01 18:00:00,Cashfree,success,770.53,12.98,INR,2026-04-01 18:00:00
PAY000000992,ORD00010901,2026-04-17 07:00:00,PayU,success,877.05,29.11,INR,2026-04-17 07:00:00
PAY000000993,ORD00002766,2026-03-14 22:00:00,Razorpay,success,2328.09,6.76,inr,2026-03-14 22:00:00
PAY000000994,ORD00009645,2026-03-26 13:00:00,Stripe,success,610.88,19.37,INR,2026-03-26 13:00:00
PAY000000995,ORD00004322,2026-04-11 05:00:00,PayU,success,1247.58,6.34,INR,2026-04-11 05:00:00
PAY000000996,ORD00002491,2026-04-24 19:00:00,Razorpay,success,936.26,29.81,INR,2026-04-24 19:00:00
PAY000000997,ORD00009292,2026-06-12 07:00:00,razorpay ,success,476.33,22.72,INR,2026-06-12 07:00:00
PAY000000998,ORD00006111,2026-02-19 18:00:00,PayU,success,612.53,20.97,inr,2026-02-19 18:00:00
PAY000000999,ORD00002305,2026-08-18 14:00:00,Razorpay,success,598.72,20.04,INR,2026-08-18 14:00:00
PAY000001000,ORD00003757,2026-08-08 08:00:00,PayU,success,677.13,23.76,INR,2026-08-08 08:00:00
PAY000001001,ORD00000097,2026-01-18 23:00:00,Cashfree,success,1855.92,13.85,INR,2026-01-18 23:00:00
PAY000001002,ORD00002942,2026-02-14 23:00:00,razorpay ,PENDING,1002.49,3.13,Rs,2026-02-14 23:00:00
PAY000001003,ORD00002580,2026-08-27 06:00:00,razorpay ,Failed,390.57,13.87,INR,2026-08-27 06:00:00
PAY000001004,ORD00008694,2026-06-21 07:00:00,Cashfree,REFUNDED,950.97,23.32,INR,2026-06-21 07:00:00
PAY000001005,ORD00006178,2026-06-14 17:00:00,PayU,success,1179.34,32.52,inr,2026-06-14 17:00:00
PAY000001006,ORD00004373,2026-08-26 06:00:00,PayU,success,640.23,30.02,INR,2026-08-26 06:00:00
PAY000001007,ORD00001772,2026-05-22 22:00:00,Razorpay,success,1751.41,23.02,INR,2026-05-22 22:00:00
PAY000001008,ORD00007697,2026-07-30 07:00:00,Stripe,REFUNDED,686.17,33.12,INR,2026-07-30 07:00:00
PAY000001009,ORD00000871,2026-03-11 18:00:00,Cashfree,success,1538.13,3.17,inr,2026-03-11 18:00:00
PAY000001010,ORD00006988,2026-07-04 00:00:00,Razorpay,success,1432.75,13.03,INR,2026-07-04 00:00:00
PAY000001011,ORD00003248,2026-01-25 06:00:00,Stripe,success,1100.11,10.21,INR,2026-01-25 06:00:00
PAY000001012,ORD00000879,2026-05-28 19:00:00,Cashfree,success,2391.72,31.24,INR,2026-05-28 19:00:00
PAY000001013,ORD00000017,2026-05-31 18:00:00,razorpay ,success,2966.15,5.05,INR,2026-05-31 18:00:00
PAY000001014,ORD00000309,2026-08-05 05:00:00,PayU,success,2247.96,33.86,INR,2026-08-05 05:00:00
PAY000001015,ORD00010439,2026-07-21 13:00:00,PayU,success,444.01,11.74,INR,2026-07-21 13:00:00
PAY000001016,ORD00002724,2026-03-31 01:00:00,Razorpay,Failed,1312.12,12.88,INR,2026-03-31 01:00:00
PAY000001017,ORD00001397,2026-08-01 19:00:00,Stripe,success,1112.54,30.22,INR,2026-08-01 19:00:00
PAY000001018,ORD00001211,2026-07-15 02:00:00,razorpay ,success,1858.72,13.55,inr,2026-07-15 02:00:00
PAY000001019,ORD00008412,2026-04-13 18:00:00,razorpay ,success,944.5,29.13,INR,2026-04-13 18:00:00
PAY000001020,ORD00004060,2026-02-04 17:00:00,Razorpay,PENDING,689.66,26.76,INR,2026-02-04 17:00:00
PAY000001021,ORD00006465,2026-07-28 14:00:00,Cashfree,success,1673.03,8.13,INR,2026-07-28 14:00:00
PAY000001022,ORD00010437,2026-08-27 03:00:00,razorpay ,success,1746.43,20.95,INR,2026-08-27 03:00:00
PAY000001023,ORD00005891,2026-02-15 23:00:00,Cashfree,success,497.78,20.66,INR,2026-02-15 23:00:00
PAY000001024,ORD00002012,2026-01-11 17:00:00,PayU,Failed,1018.31,3.0,Rs,2026-01-11 17:00:00
PAY000001025,ORD00011568,2026-07-10 21:00:00,Razorpay,success,2315.11,3.29,INR,2026-07-10 21:00:00
PAY000001026,ORD00000753,2026-03-22 12:00:00,Stripe,success,546.23,11.93,INR,2026-03-22 12:00:00
PAY000001027,ORD00005253,2026-08-21 03:00:00,PayU,success,3312.43,16.28,INR,2026-08-21 03:00:00
PAY000001028,ORD00008999,2026-03-09 10:00:00,PayU,success,1832.7,32.01,INR,2026-03-09 10:00:00
PAY000001029,ORD00001644,2026-03-08 05:00:00,PayU,success,523.13,10.88,INR,2026-03-08 05:00:00
PAY000001030,ORD00009975,2026-08-17 21:00:00,razorpay ,success,643.39,20.54,INR,2026-08-17 21:00:00
PAY000001031,ORD00001088,2026-08-19 11:00:00,PayU,success,944.88,17.06,INR,2026-08-19 11:00:00
PAY000001032,ORD00003062,2026-07-15 19:00:00,Cashfree,REFUNDED,1894.03,3.85,inr,2026-07-15 19:00:00
PAY000001033,ORD00006152,2026-06-30 10:00:00,Razorpay,Failed,793.86,16.84,INR,2026-06-30 10:00:00
PAY000001034,ORD00010270,2026-03-15 12:00:00,razorpay ,success,835.6,20.36,INR,2026-03-15 12:00:00
PAY000001035,ORD00001773,2026-07-24 18:00:00,razorpay ,success,1418.92,32.39,inr,2026-07-24 18:00:00
PAY000001036,ORD00007618,2026-07-20 14:00:00,razorpay ,success,1543.58,34.68,INR,2026-07-20 14:00:00
PAY000001037,ORD00006599,2026-04-01 10:00:00,razorpay ,success,878.19,10.51,INR,2026-04-01 10:00:00
PAY000001038,ORD00003646,2026-01-02 03:00:00,PayU,success,1252.36,8.54,INR,2026-01-02 03:00:00
PAY000001039,ORD00005943,2026-05-11 02:00:00,PayU,Failed,1046.09,10.58,Rs,2026-05-11 02:00:00
PAY000001040,ORD00002603,2026-07-04 19:00:00,PayU,success,1374.59,4.33,INR,2026-07-04 19:00:00
PAY000001041,ORD00011332,2026-02-08 11:00:00,razorpay ,success,1315.35,30.1,INR,2026-02-08 11:00:00
PAY000001042,ORD00007024,2026-05-26 22:00:00,PayU,success,2645.95,26.19,inr,2026-05-26 22:00:00
PAY000001043,ORD00001497,2026-05-03 12:00:00,Cashfree,success,1404.66,25.51,INR,2026-05-03 12:00:00
PAY000001044,ORD00001172,2026-07-18 03:00:00,Stripe,Failed,891.2,29.52,inr,2026-07-18 03:00:00
PAY000001045,ORD00004927,2026-08-03 05:00:00,Cashfree,success,2660.37,22.55,INR,2026-08-03 05:00:00
PAY000001046,ORD00001588,2026-08-23 17:00:00,razorpay ,success,852.16,34.43,INR,2026-08-23 17:00:00
PAY000001047,ORD00005669,2026-06-30 14:00:00,Razorpay,success,957.76,30.93,INR,2026-06-30 14:00:00
PAY000001048,ORD00006845,2026-03-21 02:00:00,Stripe,Failed,490.98,5.29,INR,2026-03-21 02:00:00
PAY000001049,ORD00011829,2026-04-20 23:00:00,Stripe,success,2972.54,24.75,INR,2026-04-20 23:00:00
PAY000001050,ORD00002000,2026-01-10 03:00:00,PayU,success,650.94,7.29,INR,2026-01-10 03:00:00
PAY000001051,ORD00003943,2026-02-10 01:00:00,razorpay ,success,622.38,18.89,inr,2026-02-10 01:00:00
PAY000001052,ORD00001034,2026-07-15 03:00:00,Cashfree,success,1622.61,26.63,INR,2026-07-15 03:00:00
PAY000001053,ORD00009820,2026-04-18 11:00:00,Cashfree,success,1850.96,32.78,INR,2026-04-18 11:00:00
PAY000001054,ORD00011669,2026-07-23 09:00:00,Cashfree,Failed,633.71,18.3,INR,2026-07-23 09:00:00
PAY000001055,ORD00002254,2026-01-08 22:00:00,Stripe,success,754.19,24.52,INR,2026-01-08 22:00:00
PAY000001056,ORD00003049,2026-03-17 03:00:00,razorpay ,success,1464.64,13.12,INR,2026-03-17 03:00:00
PAY000001057,ORD00001037,2026-03-27 08:00:00,Cashfree,success,751.49,13.12,INR,2026-03-27 08:00:00
PAY000001058,ORD00007594,2026-06-04 23:00:00,PayU,PENDING,1135.35,2.46,INR,2026-06-04 23:00:00
PAY000001059,ORD00006408,2026-07-05 16:00:00,Stripe,success,960.87,14.54,INR,2026-07-05 16:00:00
PAY000001060,ORD00006822,2026-06-17 14:00:00,razorpay ,success,707.26,14.72,INR,2026-06-17 14:00:00
PAY000001061,ORD00010827,2026-04-08 22:00:00,PayU,success,5500.45,16.12,INR,2026-04-08 22:00:00
PAY000001062,ORD00011010,2026-08-07 06:00:00,PayU,success,376.18,15.07,INR,2026-08-07 06:00:00
PAY000001063,ORD00007424,2026-03-04 22:00:00,Cashfree,success,824.6,13.89,INR,2026-03-04 22:00:00
PAY000001064,ORD00007838,2026-06-18 14:00:00,razorpay ,PENDING,2603.36,31.25,inr,2026-06-18 14:00:00
PAY000001065,ORD00001648,2026-03-25 22:00:00,Razorpay,success,1489.03,9.9,INR,2026-03-25 22:00:00
PAY000001066,ORD00008146,2026-04-22 17:00:00,razorpay ,REFUNDED,196.88,19.1,INR,2026-04-22 17:00:00
PAY000001067,ORD00001770,2026-08-08 00:00:00,razorpay ,success,720.15,34.11,INR,2026-08-08 00:00:00
PAY000001068,ORD00000334,2026-06-30 01:00:00,razorpay ,success,831.41,22.71,INR,2026-06-30 01:00:00
PAY000001069,ORD00006079,2026-08-02 04:00:00,Razorpay,success,1257.4,12.21,INR,2026-08-02 04:00:00
PAY000001070,ORD00000370,2026-03-03 11:00:00,Stripe,success,641.44,17.72,INR,2026-03-03 11:00:00
PAY000001071,ORD00003677,2026-04-02 02:00:00,Cashfree,success,502.31,34.69,INR,2026-04-02 02:00:00
PAY000001072,ORD00007352,2026-04-02 19:00:00,razorpay ,success,1729.62,8.73,INR,2026-04-02 19:00:00
PAY000001073,ORD00011608,2026-06-07 11:00:00,PayU,success,837.6,25.24,INR,2026-06-07 11:00:00
PAY000001074,ORD00002933,2026-06-09 04:00:00,Cashfree,success,1006.25,18.43,INR,2026-06-09 04:00:00
PAY000001075,ORD00003203,2026-06-20 11:00:00,Stripe,success,2510.92,8.28,INR,2026-06-20 11:00:00
PAY000001076,ORD00006777,2026-03-01 03:00:00,PayU,Failed,857.16,19.38,inr,2026-03-01 03:00:00
PAY000001077,ORD00001913,2026-01-17 17:00:00,Cashfree,success,686.3,9.68,INR,2026-01-17 17:00:00
PAY000001078,ORD00010581,2026-08-02 11:00:00,Cashfree,success,1197.48,29.31,INR,2026-08-02 11:00:00
PAY000001079,ORD00001412,2026-05-12 20:00:00,razorpay ,Failed,1381.04,29.45,INR,2026-05-12 20:00:00
PAY000001080,ORD00003223,2026-04-07 09:00:00,razorpay ,success,711.24,8.99,Rs,2026-04-07 09:00:00
PAY000001081,ORD00004140,2026-02-14 17:00:00,Stripe,success,243.71,10.83,INR,2026-02-14 17:00:00
PAY000001082,ORD00001856,2026-07-05 15:00:00,Stripe,success,2182.1,3.47,INR,2026-07-05 15:00:00
PAY000001083,ORD00001322,2026-08-22 14:00:00,Cashfree,success,360.47,26.51,INR,2026-08-22 14:00:00
PAY000001084,ORD00007718,2026-03-18 23:00:00,Cashfree,Failed,2014.82,16.1,INR,2026-03-18 23:00:00
PAY000001085,ORD00009814,2026-03-15 09:00:00,PayU,success,508.5,34.27,INR,2026-03-15 09:00:00
PAY000001086,ORD00000951,2026-08-16 18:00:00,Cashfree,success,485.36,17.26,inr,2026-08-16 18:00:00
PAY000001087,ORD00004237,2026-08-15 09:00:00,Cashfree,success,2192.19,21.14,INR,2026-08-15 09:00:00
PAY000001088,ORD00008710,2026-04-08 00:00:00,Cashfree,success,364.28,26.42,Rs,2026-04-08 00:00:00
PAY000001089,ORD00006700,2026-08-10 22:00:00,Cashfree,Failed,1394.6,10.57,INR,2026-08-10 22:00:00
PAY000001090,ORD00006910,2026-03-02 06:00:00,Razorpay,success,593.91,13.77,INR,2026-03-02 06:00:00
PAY000001091,ORD00007753,2026-06-24 03:00:00,Cashfree,Failed,1265.33,7.52,Rs,2026-06-24 03:00:00
PAY000001092,ORD00007539,2026-08-13 17:00:00,Razorpay,success,715.07,33.59,INR,2026-08-13 17:00:00
PAY000001093,ORD00007816,2026-01-12 02:00:00,razorpay ,success,1446.5,19.15,INR,2026-01-12 02:00:00
PAY000001094,ORD00009569,2026-08-27 05:00:00,Stripe,REFUNDED,2499.35,21.98,Rs,2026-08-27 05:00:00
PAY000001095,ORD00001495,2026-05-03 11:00:00,Razorpay,success,876.17,34.88,INR,2026-05-03 11:00:00
PAY000001096,ORD00001344,2026-03-23 05:00:00,Stripe,success,400.65,2.9,inr,2026-03-23 05:00:00
PAY000001097,ORD00007958,2026-05-02 14:00:00,PayU,success,564.31,33.2,INR,2026-05-02 14:00:00
PAY000001098,ORD00005046,2026-06-15 10:00:00,Razorpay,success,2167.37,13.33,INR,2026-06-15 10:00:00
PAY000001099,ORD00001358,2026-02-22 20:00:00,PayU,success,1335.02,24.85,INR,2026-02-22 20:00:00
PAY000001100,ORD00004932,2026-04-18 10:00:00,Cashfree,success,737.5,20.77,inr,2026-04-18 10:00:00
PAY000001101,ORD00011168,2026-02-06 23:00:00,Cashfree,success,717.55,17.68,INR,2026-02-06 23:00:00
PAY000001102,ORD00005265,2026-01-11 03:00:00,PayU,success,1219.55,18.1,INR,2026-01-11 03:00:00
PAY000001103,ORD00004525,2026-07-16 07:00:00,Stripe,success,2501.09,3.7,INR,2026-07-16 07:00:00
PAY000001104,ORD00002366,2026-08-14 06:00:00,Razorpay,PENDING,688.18,21.15,INR,2026-08-14 06:00:00
PAY000001105,ORD00000853,2026-03-21 13:00:00,Stripe,success,1753.86,5.63,INR,2026-03-21 13:00:00
PAY000001106,ORD00000473,2026-08-23 20:00:00,Cashfree,success,957.77,12.25,INR,2026-08-23 20:00:00
PAY000001107,ORD00011955,2026-03-03 15:00:00,Cashfree,success,933.13,20.12,INR,2026-03-03 15:00:00
PAY000001108,ORD00003598,2026-01-27 18:00:00,Razorpay,success,945.57,4.41,INR,2026-01-27 18:00:00
PAY000001109,ORD00003252,2026-02-05 12:00:00,Razorpay,success,1688.34,6.28,INR,2026-02-05 12:00:00
PAY000001110,ORD00002910,2026-06-30 03:00:00,Stripe,PENDING,380.96,15.68,inr,2026-06-30 03:00:00
PAY000001111,ORD00003841,2026-01-08 05:00:00,Razorpay,PENDING,584.63,34.91,INR,2026-01-08 05:00:00
PAY000001112,ORD00007606,2026-06-21 11:00:00,Razorpay,success,2021.34,29.65,INR,2026-06-21 11:00:00
PAY000001113,ORD00007165,2026-04-29 23:00:00,PayU,success,1320.66,33.94,INR,2026-04-29 23:00:00
PAY000001114,ORD00004515,2026-06-04 05:00:00,Razorpay,success,752.46,14.42,Rs,2026-06-04 05:00:00
PAY000001115,ORD00010031,2026-04-06 02:00:00,PayU,PENDING,1368.18,16.09,INR,2026-04-06 02:00:00
PAY000001116,ORD00006531,2026-06-30 05:00:00,razorpay ,success,1495.85,30.99,INR,2026-06-30 05:00:00
PAY000001117,ORD00000727,2026-08-19 12:00:00,Cashfree,success,2280.39,28.92,INR,2026-08-19 12:00:00
PAY000001118,ORD00011579,2026-01-22 10:00:00,razorpay ,Failed,1118.08,8.66,INR,2026-01-22 10:00:00
PAY000001119,ORD00010874,2026-05-09 14:00:00,razorpay ,success,2323.85,15.08,INR,2026-05-09 14:00:00
PAY000001120,ORD00006253,2026-06-24 13:00:00,Razorpay,success,2415.81,9.15,INR,2026-06-24 13:00:00
PAY000001121,ORD00007666,2026-01-28 07:00:00,Stripe,Failed,1476.67,22.68,INR,2026-01-28 07:00:00
PAY000001122,ORD00004665,2026-07-16 00:00:00,razorpay ,success,664.54,10.2,INR,2026-07-16 00:00:00
PAY000001123,ORD00010082,2026-06-23 15:00:00,razorpay ,success,903.13,32.36,inr,2026-06-23 15:00:00
PAY000001124,ORD00000751,2026-04-01 16:00:00,razorpay ,success,1396.97,5.57,INR,2026-04-01 16:00:00
PAY000001125,ORD00001499,2026-04-12 11:00:00,razorpay ,success,1785.78,27.42,INR,2026-04-12 11:00:00
PAY000001126,ORD00002725,2026-08-08 17:00:00,Razorpay,success,892.16,12.13,INR,2026-08-08 17:00:00
PAY000001127,ORD00009265,2026-07-10 11:00:00,Cashfree,success,1385.64,20.63,INR,2026-07-10 11:00:00
PAY000001128,ORD00002596,2026-05-07 13:00:00,Cashfree,success,1040.0,33.4,INR,2026-05-07 13:00:00
PAY000001129,ORD00010562,2026-06-29 06:00:00,Stripe,success,676.42,11.74,INR,2026-06-29 06:00:00
PAY000001130,ORD00001681,2026-08-28 16:00:00,PayU,success,487.88,5.92,INR,2026-08-28 16:00:00
PAY000001131,ORD00007603,2026-05-01 21:00:00,Stripe,Failed,239.06,32.33,INR,2026-05-01 21:00:00
PAY000001132,ORD00005482,2026-01-10 16:00:00,razorpay ,success,1757.6,6.72,INR,2026-01-10 16:00:00
PAY000001133,ORD00007289,2026-04-15 17:00:00,razorpay ,success,729.16,4.31,INR,2026-04-15 17:00:00
PAY000001134,ORD00010027,2026-03-04 21:00:00,Stripe,success,3962.67,17.7,INR,2026-03-04 21:00:00
PAY000001135,ORD00001981,2026-02-25 14:00:00,razorpay ,success,737.36,30.22,INR,2026-02-25 14:00:00
PAY000001136,ORD00002388,2026-04-22 04:00:00,razorpay ,success,1807.13,21.82,INR,2026-04-22 04:00:00
PAY000001137,ORD00009237,2026-04-15 00:00:00,Cashfree,success,1992.9,17.08,INR,2026-04-15 00:00:00
PAY000001138,ORD00004545,2026-06-03 18:00:00,PayU,success,619.81,8.16,INR,2026-06-03 18:00:00
PAY000001139,ORD00003712,2026-04-07 17:00:00,Stripe,PENDING,4114.71,13.39,inr,2026-04-07 17:00:00
PAY000001140,ORD00007691,2026-06-27 00:00:00,PayU,success,2630.71,5.45,INR,2026-06-27 00:00:00
PAY000001141,ORD00010123,2026-03-02 19:00:00,Razorpay,success,941.41,14.37,INR,2026-03-02 19:00:00
PAY000001142,ORD00004458,2026-01-11 22:00:00,PayU,success,533.51,16.97,INR,2026-01-11 22:00:00
PAY000001143,ORD00007561,2026-04-10 05:00:00,Stripe,success,2260.34,2.63,INR,2026-04-10 05:00:00
PAY000001144,ORD00009120,2026-01-09 11:00:00,Stripe,Failed,2132.7,11.63,INR,2026-01-09 11:00:00
PAY000001145,ORD00001273,2026-04-09 06:00:00,PayU,success,842.62,30.11,INR,2026-04-09 06:00:00
PAY000001146,ORD00011508,2026-03-08 21:00:00,PayU,success,1887.63,5.83,inr,2026-03-08 21:00:00
PAY000001147,ORD00005625,2026-06-21 16:00:00,PayU,REFUNDED,1094.14,12.66,inr,2026-06-21 16:00:00
PAY000001148,ORD00003188,2026-01-11 16:00:00,razorpay ,success,996.4,18.64,INR,2026-01-11 16:00:00
PAY000001149,ORD00008826,2026-03-29 18:00:00,Razorpay,success,1217.78,19.64,INR,2026-03-29 18:00:00
PAY000001150,ORD00009354,2026-06-19 02:00:00,razorpay ,success,2544.48,33.63,INR,2026-06-19 02:00:00
PAY000001151,ORD00001671,2026-06-13 22:00:00,razorpay ,success,3150.7,12.15,INR,2026-06-13 22:00:00
PAY000001152,ORD00000151,2026-01-24 06:00:00,PayU,success,774.15,29.0,INR,2026-01-24 06:00:00
PAY000001153,ORD00003821,2026-01-09 11:00:00,PayU,success,972.48,34.0,INR,2026-01-09 11:00:00
PAY000001154,ORD00001777,2026-08-11 05:00:00,Razorpay,success,1132.98,27.6,INR,2026-08-11 05:00:00
PAY000001155,ORD00004019,2026-04-25 20:00:00,Cashfree,success,514.64,30.43,inr,2026-04-25 20:00:00
PAY000001156,ORD00008737,2026-01-24 02:00:00,Razorpay,success,2299.21,18.15,INR,2026-01-24 02:00:00
PAY000001157,ORD00004424,2026-06-14 06:00:00,PayU,success,1166.01,8.38,INR,2026-06-14 06:00:00
PAY000001158,ORD00002484,2026-03-08 22:00:00,Razorpay,success,1110.26,7.67,INR,2026-03-08 22:00:00
PAY000001159,ORD00005718,2026-03-24 05:00:00,Razorpay,success,1410.77,26.93,INR,2026-03-24 05:00:00
PAY000001160,ORD00004216,2026-04-28 18:00:00,Cashfree,REFUNDED,1366.91,31.13,INR,2026-04-28 18:00:00
PAY000001161,ORD00009520,2026-02-17 00:00:00,Stripe,success,6408.37,21.24,INR,2026-02-17 00:00:00
PAY000001162,ORD00004180,2026-07-20 08:00:00,Cashfree,success,820.5,4.07,INR,2026-07-20 08:00:00
PAY000001163,ORD00002177,2026-05-06 11:00:00,razorpay ,success,147.43,28.75,INR,2026-05-06 11:00:00
PAY000001164,ORD00009779,2026-07-17 16:00:00,Razorpay,success,273.02,21.03,INR,2026-07-17 16:00:00
PAY000001165,ORD00009810,2026-04-03 08:00:00,PayU,success,757.47,4.01,INR,2026-04-03 08:00:00
PAY000001166,ORD00004777,2026-01-11 07:00:00,Razorpay,success,1335.12,22.31,INR,2026-01-11 07:00:00
PAY000001167,ORD00000193,2026-01-26 20:00:00,Stripe,success,1071.42,27.97,INR,2026-01-26 20:00:00
PAY000001168,ORD00006847,2026-04-04 15:00:00,Stripe,success,2344.82,9.04,INR,2026-04-04 15:00:00
PAY000001169,ORD00003553,2026-08-24 13:00:00,Cashfree,success,630.13,20.01,INR,2026-08-24 13:00:00
PAY000001170,ORD00008317,2026-04-23 21:00:00,PayU,success,4412.09,23.24,INR,2026-04-23 21:00:00
PAY000001171,ORD00002537,2026-05-24 12:00:00,Stripe,success,451.5,23.33,INR,2026-05-24 12:00:00
PAY000001172,ORD00009150,2026-06-24 17:00:00,razorpay ,success,507.91,8.17,inr,2026-06-24 17:00:00
PAY000001173,ORD00008626,2026-02-13 09:00:00,PayU,success,177.39,19.02,inr,2026-02-13 09:00:00
PAY000001174,ORD00002217,2026-06-11 16:00:00,razorpay ,success,1853.37,24.44,Rs,2026-06-11 16:00:00
PAY000001175,ORD00006309,2026-08-18 19:00:00,Stripe,REFUNDED,745.63,30.61,INR,2026-08-18 19:00:00
PAY000001176,ORD00003034,2026-03-07 00:00:00,Razorpay,success,983.4,17.86,INR,2026-03-07 00:00:00
PAY000001177,ORD00009373,2026-08-28 18:00:00,Razorpay,success,1457.38,26.11,INR,2026-08-28 18:00:00
PAY000001178,ORD00003074,2026-04-23 03:00:00,Stripe,success,1706.33,19.63,INR,2026-04-23 03:00:00
PAY000001179,ORD00005265,2026-03-24 23:00:00,razorpay ,success,1113.26,2.4,INR,2026-03-24 23:00:00
PAY000001180,ORD00008130,2026-06-18 16:00:00,razorpay ,success,533.52,29.53,inr,2026-06-18 16:00:00
PAY000001181,ORD00009855,2026-08-01 16:00:00,Stripe,success,1498.11,34.0,INR,2026-08-01 16:00:00
PAY000001182,ORD00010335,2026-08-21 04:00:00,Razorpay,success,829.55,16.01,INR,2026-08-21 04:00:00
PAY000001183,ORD00004730,2026-04-01 23:00:00,Stripe,PENDING,1591.19,9.65,Rs,2026-04-01 23:00:00
PAY000001184,ORD00004958,2026-08-13 16:00:00,Stripe,success,951.79,31.09,inr,2026-08-13 16:00:00
PAY000001185,ORD00005235,2026-05-11 12:00:00,PayU,success,1940.27,16.67,Rs,2026-05-11 12:00:00
PAY000001186,ORD00001072,2026-08-19 20:00:00,PayU,success,1342.44,14.84,Rs,2026-08-19 20:00:00
PAY000001187,ORD00008559,2026-06-10 15:00:00,Cashfree,success,811.58,30.56,INR,2026-06-10 15:00:00
PAY000001188,ORD00011008,2026-02-08 22:00:00,Razorpay,PENDING,5338.82,9.92,Rs,2026-02-08 22:00:00
PAY000001189,ORD00009125,2026-08-17 22:00:00,Cashfree,PENDING,1873.65,11.93,INR,2026-08-17 22:00:00
PAY000001190,ORD00004255,2026-01-27 05:00:00,Razorpay,success,600.69,19.78,INR,2026-01-27 05:00:00
PAY000001191,ORD00007883,2026-06-08 00:00:00,Stripe,success,3183.42,32.38,INR,2026-06-08 00:00:00
PAY000001192,ORD00010880,2026-08-12 20:00:00,Cashfree,REFUNDED,1386.6,2.66,INR,2026-08-12 20:00:00
PAY000001193,ORD00003780,2026-08-03 00:00:00,Cashfree,success,487.53,30.82,INR,2026-08-03 00:00:00
PAY000001194,ORD00009660,2026-08-06 07:00:00,Stripe,success,873.5,10.97,INR,2026-08-06 07:00:00
PAY000001195,ORD00009212,2026-02-24 00:00:00,PayU,success,770.76,4.97,INR,2026-02-24 00:00:00
PAY000001196,ORD00001974,2026-04-27 22:00:00,Cashfree,success,1558.67,20.1,INR,2026-04-27 22:00:00
PAY000001197,ORD00007012,2026-01-25 03:00:00,PayU,success,1204.92,10.1,INR,2026-01-25 03:00:00
PAY000001198,ORD00007178,2026-03-23 09:00:00,Stripe,REFUNDED,1347.5,11.23,INR,2026-03-23 09:00:00
PAY000001199,ORD00002667,2026-04-17 09:00:00,razorpay ,success,666.61,5.49,INR,2026-04-17 09:00:00
PAY000001200,ORD00011858,2026-03-28 17:00:00,,success,1947.43,18.83,INR,2026-03-28 17:00:00
PAY000001201,ORD00010889,2026-04-02 01:00:00,Stripe,Failed,1702.35,11.22,INR,2026-04-02 01:00:00
PAY000001202,ORD00008791,2026-01-07 03:00:00,PayU,success,2884.27,14.76,Rs,2026-01-07 03:00:00
PAY000001203,ORD00002584,2026-03-08 18:00:00,Cashfree,success,1169.61,23.02,INR,2026-03-08 18:00:00
PAY000001204,ORD00008963,2026-02-28 03:00:00,PayU,success,893.79,28.36,INR,2026-02-28 03:00:00
PAY000001205,ORD00005839,2026-08-27 08:00:00,Cashfree,success,2868.84,11.04,INR,2026-08-27 08:00:00
PAY000001206,ORD00006822,2026-05-27 20:00:00,PayU,success,1806.09,30.67,INR,2026-05-27 20:00:00
PAY000001207,ORD00006757,2026-02-19 05:00:00,PayU,success,1331.33,13.07,INR,2026-02-19 05:00:00
PAY000001208,ORD00002110,2026-02-24 23:00:00,Razorpay,success,1289.78,30.54,INR,2026-02-24 23:00:00
PAY000001209,ORD00005357,2026-05-27 10:00:00,Cashfree,success,1377.99,15.66,inr,2026-05-27 10:00:00
PAY000001210,ORD00001823,2026-01-07 13:00:00,Razorpay,success,1222.33,28.04,INR,2026-01-07 13:00:00
PAY000001211,ORD00010081,2026-05-30 03:00:00,Razorpay,success,874.27,8.56,INR,2026-05-30 03:00:00
PAY000001212,ORD00008928,2026-07-26 09:00:00,Stripe,success,380.3,9.15,INR,2026-07-26 09:00:00
PAY000001213,ORD00006539,2026-02-26 02:00:00,Razorpay,Failed,1012.33,25.42,INR,2026-02-26 02:00:00
PAY000001214,ORD00005205,2026-01-22 16:00:00,Cashfree,success,1477.58,30.6,INR,2026-01-22 16:00:00
PAY000001215,ORD00007458,2026-01-09 04:00:00,Razorpay,success,1351.75,11.57,INR,2026-01-09 04:00:00
PAY000001216,ORD00005761,2026-02-05 20:00:00,razorpay ,success,745.88,18.99,INR,2026-02-05 20:00:00
PAY000001217,ORD00001960,2026-02-08 23:00:00,Razorpay,PENDING,1854.33,8.2,inr,2026-02-08 23:00:00
PAY000001218,ORD00006996,2026-05-15 03:00:00,razorpay ,success,1025.01,18.61,INR,2026-05-15 03:00:00
PAY000001219,ORD00003516,2026-08-18 01:00:00,Razorpay,success,3387.22,17.44,INR,2026-08-18 01:00:00
PAY000001220,ORD00006682,2026-03-17 12:00:00,Razorpay,success,605.59,12.69,INR,2026-03-17 12:00:00
PAY000001221,ORD00002458,2026-08-03 18:00:00,razorpay ,PENDING,488.25,20.0,INR,2026-08-03 18:00:00
PAY000001222,ORD00000050,2026-08-25 04:00:00,PayU,success,3132.57,3.35,INR,2026-08-25 04:00:00
PAY000001223,ORD00007157,2026-05-29 08:00:00,Stripe,Failed,2970.05,8.15,INR,2026-05-29 08:00:00
PAY000001224,ORD00005171,2026-08-17 21:00:00,razorpay ,success,2525.17,5.53,INR,2026-08-17 21:00:00
PAY000001225,ORD00007953,2026-01-20 01:00:00,razorpay ,success,7761.17,25.79,INR,2026-01-20 01:00:00
PAY000001226,ORD00011762,2026-07-25 12:00:00,Razorpay,success,2002.44,12.1,INR,2026-07-25 12:00:00
PAY000001227,ORD00004298,2026-04-22 16:00:00,razorpay ,success,689.22,14.45,Rs,2026-04-22 16:00:00
PAY000001228,ORD00005533,2026-07-16 18:00:00,PayU,success,3164.19,10.11,INR,2026-07-16 18:00:00
PAY000001229,ORD00000154,2026-06-09 04:00:00,Razorpay,success,1483.73,18.8,INR,2026-06-09 04:00:00
PAY000001230,ORD00008543,2026-01-29 15:00:00,razorpay ,success,864.83,24.77,INR,2026-01-29 15:00:00
PAY000001231,ORD00008898,2026-05-03 02:00:00,Cashfree,success,759.46,7.58,INR,2026-05-03 02:00:00
PAY000001232,ORD00003296,2026-05-13 11:00:00,Stripe,success,1967.11,9.38,INR,2026-05-13 11:00:00
PAY000001233,ORD00002904,2026-08-05 00:00:00,Cashfree,success,2284.53,29.88,inr,2026-08-05 00:00:00
PAY000001234,ORD00006885,2026-08-28 06:00:00,Cashfree,success,652.05,7.24,INR,2026-08-28 06:00:00
PAY000001235,ORD00009969,2026-02-27 11:00:00,Stripe,success,1223.77,21.41,INR,2026-02-27 11:00:00
PAY000001236,ORD00006437,2026-06-29 23:00:00,Cashfree,REFUNDED,2089.6,19.65,INR,2026-06-29 23:00:00
PAY000001237,ORD00003542,2026-06-19 19:00:00,Stripe,success,1655.82,34.66,INR,2026-06-19 19:00:00
PAY000001238,ORD00003459,2026-08-25 12:00:00,Stripe,success,1117.22,33.29,inr,2026-08-25 12:00:00
PAY000001239,ORD00007834,2026-08-06 07:00:00,Cashfree,REFUNDED,2134.35,31.0,inr,2026-08-06 07:00:00
PAY000001240,ORD00005353,2026-06-03 06:00:00,Stripe,success,348.4,17.6,INR,2026-06-03 06:00:00
PAY000001241,ORD00008369,2026-03-25 21:00:00,PayU,success,347.51,34.85,INR,2026-03-25 21:00:00
PAY000001242,ORD00008775,2026-03-30 14:00:00,Stripe,REFUNDED,2492.19,31.63,INR,2026-03-30 14:00:00
PAY000001243,ORD00002402,2026-07-07 13:00:00,PayU,success,3677.09,25.43,INR,2026-07-07 13:00:00
PAY000001244,ORD00009655,2026-06-15 01:00:00,PayU,success,2275.41,16.2,INR,2026-06-15 01:00:00
PAY000001245,ORD00011692,2026-04-16 10:00:00,Cashfree,success,3979.13,22.32,INR,2026-04-16 10:00:00
PAY000001246,ORD00011422,2026-02-28 10:00:00,PayU,success,292.04,10.35,INR,2026-02-28 10:00:00
PAY000001247,ORD00005266,2026-08-19 02:00:00,Stripe,success,3855.36,34.75,INR,2026-08-19 02:00:00
PAY000001248,ORD00011807,2026-06-21 07:00:00,Cashfree,success,1204.52,21.56,INR,2026-06-21 07:00:00
PAY000001249,ORD00001447,2026-02-12 08:00:00,Razorpay,success,2755.86,16.22,INR,2026-02-12 08:00:00
PAY000001250,ORD00006744,2026-03-21 12:00:00,Razorpay,success,432.23,32.61,INR,2026-03-21 12:00:00
PAY000001251,ORD00002737,2026-04-22 23:00:00,Razorpay,success,1712.42,9.4,INR,2026-04-22 23:00:00
PAY000001252,ORD00003581,2026-04-09 00:00:00,PayU,success,947.25,12.72,INR,2026-04-09 00:00:00
PAY000001253,ORD00005824,2026-04-15 20:00:00,Stripe,success,721.17,15.32,INR,2026-04-15 20:00:00
PAY000001254,ORD00010010,2026-06-26 05:00:00,Cashfree,success,610.96,28.8,INR,2026-06-26 05:00:00
PAY000001255,ORD00011159,2026-08-25 17:00:00,Cashfree,success,782.29,19.49,INR,2026-08-25 17:00:00
PAY000001256,ORD00004602,2026-06-08 04:00:00,Cashfree,Failed,951.72,30.9,INR,2026-06-08 04:00:00
PAY000001257,ORD00010687,2026-05-18 03:00:00,PayU,success,741.42,2.41,INR,2026-05-18 03:00:00
PAY000001258,ORD00004521,2026-08-28 08:00:00,Stripe,success,850.73,2.1,inr,2026-08-28 08:00:00
PAY000001259,ORD00009385,2026-01-10 14:00:00,razorpay ,success,1324.57,23.39,INR,2026-01-10 14:00:00
PAY000001260,ORD00004673,2026-01-04 18:00:00,PayU,success,1685.16,19.06,INR,2026-01-04 18:00:00
PAY000001261,ORD00004604,2026-03-25 07:00:00,Razorpay,Failed,441.51,25.4,INR,2026-03-25 07:00:00
PAY000001262,ORD00003011,2026-02-22 21:00:00,Stripe,success,663.52,11.5,INR,2026-02-22 21:00:00
PAY000001263,ORD00008588,2026-07-20 01:00:00,PayU,success,5061.47,23.25,inr,2026-07-20 01:00:00
PAY000001264,ORD00003866,2026-07-30 14:00:00,Cashfree,success,1711.91,11.37,INR,2026-07-30 14:00:00
PAY000001265,ORD00004116,2026-04-21 22:00:00,razorpay ,success,576.6,17.54,INR,2026-04-21 22:00:00
PAY000001266,ORD00003207,2026-02-05 16:00:00,,success,400.69,13.01,INR,2026-02-05 16:00:00
PAY000001267,ORD00006323,2026-07-10 07:00:00,PayU,success,2152.16,12.69,INR,2026-07-10 07:00:00
PAY000001268,ORD00000954,2026-07-27 22:00:00,PayU,success,6622.68,7.46,INR,2026-07-27 22:00:00
PAY000001269,ORD00003219,2026-05-20 13:00:00,razorpay ,PENDING,486.81,16.11,INR,2026-05-20 13:00:00
PAY000001270,ORD00010633,2026-01-07 07:00:00,PayU,success,3387.44,8.91,INR,2026-01-07 07:00:00
PAY000001271,ORD00008075,2026-08-02 13:00:00,Cashfree,success,1114.41,20.65,INR,2026-08-02 13:00:00
PAY000001272,ORD00003613,2026-01-27 02:00:00,PayU,success,934.45,5.68,INR,2026-01-27 02:00:00
PAY000001273,ORD00002338,2026-05-24 04:00:00,Stripe,success,1994.91,26.78,INR,2026-05-24 04:00:00
PAY000001274,ORD00009692,2026-02-08 06:00:00,Stripe,REFUNDED,214.14,20.8,INR,2026-02-08 06:00:00
PAY000001275,ORD00008284,2026-05-08 17:00:00,razorpay ,PENDING,3637.28,23.93,INR,2026-05-08 17:00:00
PAY000001276,ORD00004524,2026-06-08 02:00:00,Cashfree,success,1298.21,32.29,inr,2026-06-08 02:00:00
PAY000001277,ORD00004701,2026-01-03 14:00:00,razorpay ,success,712.91,14.75,INR,2026-01-03 14:00:00
PAY000001278,ORD00007317,2026-06-15 21:00:00,Stripe,success,2784.81,7.94,INR,2026-06-15 21:00:00
PAY000001279,ORD00000546,2026-06-21 01:00:00,Cashfree,success,1199.83,5.08,INR,2026-06-21 01:00:00
PAY000001280,ORD00002250,2026-07-24 11:00:00,razorpay ,success,481.06,33.79,inr,2026-07-24 11:00:00
PAY000001281,ORD00009895,2026-01-12 05:00:00,Cashfree,PENDING,462.35,29.65,INR,2026-01-12 05:00:00
PAY000001282,ORD00009734,2026-04-17 22:00:00,Stripe,success,3170.38,10.01,inr,2026-04-17 22:00:00
PAY000001283,ORD00005627,2026-05-05 05:00:00,razorpay ,success,2023.91,4.22,INR,2026-05-05 05:00:00
PAY000001284,ORD00009753,2026-06-29 06:00:00,PayU,Failed,1491.72,3.04,inr,2026-06-29 06:00:00
PAY000001285,ORD00008705,2026-06-29 19:00:00,Stripe,success,1437.43,30.52,inr,2026-06-29 19:00:00
PAY000001286,ORD00011136,2026-01-23 11:00:00,Stripe,success,830.73,24.3,INR,2026-01-23 11:00:00
PAY000001287,ORD00008120,2026-05-22 17:00:00,razorpay ,success,526.64,18.43,INR,2026-05-22 17:00:00
PAY000001288,ORD00007952,2026-02-07 02:00:00,razorpay ,Failed,635.28,15.75,INR,2026-02-07 02:00:00
PAY000001289,ORD00001955,2026-02-19 23:00:00,PayU,success,1314.36,30.76,inr,2026-02-19 23:00:00
PAY000001290,ORD00003283,2026-04-30 01:00:00,Stripe,success,1459.52,18.11,INR,2026-04-30 01:00:00
PAY000001291,ORD00006846,2026-06-18 14:00:00,PayU,success,1585.66,33.68,INR,2026-06-18 14:00:00
PAY000001292,ORD00003013,2026-06-11 09:00:00,Cashfree,success,1646.37,25.76,inr,2026-06-11 09:00:00
PAY000001293,ORD00006728,2026-01-18 02:00:00,PayU,success,1132.92,2.66,INR,2026-01-18 02:00:00
PAY000001294,ORD00004734,2026-07-20 10:00:00,razorpay ,success,1292.09,18.46,INR,2026-07-20 10:00:00
PAY000001295,ORD00000013,2026-04-03 08:00:00,razorpay ,success,1191.64,23.83,INR,2026-04-03 08:00:00
PAY000001296,ORD00007750,2026-08-20 20:00:00,Cashfree,success,1027.9,6.25,INR,2026-08-20 20:00:00
PAY000001297,ORD00007884,2026-06-28 10:00:00,Razorpay,success,826.43,10.01,inr,2026-06-28 10:00:00
PAY000001298,ORD00008111,2026-05-16 03:00:00,Razorpay,success,790.83,19.4,INR,2026-05-16 03:00:00
PAY000001299,ORD00001532,2026-05-06 10:00:00,razorpay ,success,1036.98,3.82,inr,2026-05-06 10:00:00
PAY000001300,ORD00001882,2026-03-28 11:00:00,Cashfree,success,1101.35,26.28,INR,2026-03-28 11:00:00
PAY000001301,ORD00007836,2026-01-28 05:00:00,Cashfree,PENDING,997.02,20.95,INR,2026-01-28 05:00:00
PAY000001302,ORD00004393,2026-06-18 19:00:00,Razorpay,success,2427.15,29.29,INR,2026-06-18 19:00:00
PAY000001303,ORD00000367,2026-01-20 05:00:00,razorpay ,success,678.88,19.86,inr,2026-01-20 05:00:00
PAY000001304,ORD00005151,2026-02-07 18:00:00,Stripe,success,804.33,34.18,INR,2026-02-07 18:00:00
PAY000001305,ORD00000474,2026-03-10 18:00:00,Stripe,success,1113.61,24.56,INR,2026-03-10 18:00:00
PAY000001306,ORD00006873,2026-03-18 11:00:00,Razorpay,success,787.37,17.52,INR,2026-03-18 11:00:00
PAY000001307,ORD00003970,2026-01-20 04:00:00,Cashfree,success,967.87,13.53,INR,2026-01-20 04:00:00
PAY000001308,ORD00004464,2026-02-08 02:00:00,PayU,success,1356.48,28.17,Rs,2026-02-08 02:00:00
PAY000001309,ORD00000821,2026-05-19 10:00:00,razorpay ,success,1442.94,12.01,INR,2026-05-19 10:00:00
PAY000001310,ORD00003513,2026-08-25 19:00:00,razorpay ,success,2005.77,8.86,INR,2026-08-25 19:00:00
PAY000001311,ORD00008154,2026-07-26 15:00:00,PayU,success,1356.84,6.97,Rs,2026-07-26 15:00:00
PAY000001312,ORD00006912,2026-07-18 00:00:00,Stripe,Failed,2094.55,24.2,INR,2026-07-18 00:00:00
PAY000001313,ORD00010956,2026-03-19 07:00:00,Razorpay,success,313.24,15.1,INR,2026-03-19 07:00:00
PAY000001314,ORD00005614,2026-08-26 15:00:00,PayU,success,967.64,11.6,INR,2026-08-26 15:00:00
PAY000001315,ORD00004480,2026-08-07 13:00:00,Razorpay,success,697.73,27.6,INR,2026-08-07 13:00:00
PAY000001316,ORD00011826,2026-02-14 21:00:00,Cashfree,success,648.34,28.09,INR,2026-02-14 21:00:00
PAY000001317,ORD00003403,2026-04-10 01:00:00,Cashfree,success,2614.34,21.08,INR,2026-04-10 01:00:00
PAY000001318,ORD00003622,2026-08-04 22:00:00,razorpay ,success,1915.83,6.22,INR,2026-08-04 22:00:00
PAY000001319,ORD00007218,2026-08-28 00:00:00,Stripe,success,618.74,23.66,INR,2026-08-28 00:00:00
PAY000001320,ORD00001103,2026-07-17 12:00:00,PayU,Failed,620.36,16.34,INR,2026-07-17 12:00:00
PAY000001321,ORD00009821,2026-05-15 11:00:00,Stripe,success,1107.68,34.65,Rs,2026-05-15 11:00:00
PAY000001322,ORD00009650,2026-01-12 08:00:00,razorpay ,REFUNDED,745.41,33.81,INR,2026-01-12 08:00:00
PAY000001323,ORD00000863,2026-06-07 09:00:00,Razorpay,Failed,403.87,31.84,INR,2026-06-07 09:00:00
PAY000001324,ORD00009640,2026-08-27 03:00:00,Cashfree,success,3112.75,18.11,INR,2026-08-27 03:00:00
PAY000001325,ORD00009893,2026-01-28 14:00:00,Stripe,success,2963.75,14.35,INR,2026-01-28 14:00:00
PAY000001326,ORD00007408,2026-02-28 16:00:00,Cashfree,success,2201.98,17.06,INR,2026-02-28 16:00:00
PAY000001327,ORD00002191,2026-04-08 10:00:00,razorpay ,success,793.21,17.44,INR,2026-04-08 10:00:00
PAY000001328,ORD00008384,2026-05-14 03:00:00,Razorpay,success,1382.15,9.81,INR,2026-05-14 03:00:00
PAY000001329,ORD00003008,2026-06-28 10:00:00,Stripe,success,1722.21,2.78,INR,2026-06-28 10:00:00
PAY000001330,ORD00011970,2026-07-18 12:00:00,Stripe,success,1502.56,23.67,INR,2026-07-18 12:00:00
PAY000001331,ORD00001974,2026-05-21 13:00:00,Razorpay,success,1455.01,7.37,Rs,2026-05-21 13:00:00
PAY000001332,ORD00001334,2026-06-24 10:00:00,Cashfree,PENDING,983.68,21.87,INR,2026-06-24 10:00:00
PAY000001333,ORD00007564,2026-06-04 04:00:00,Stripe,success,1077.41,22.44,INR,2026-06-04 04:00:00
PAY000001334,ORD00003515,2026-04-03 22:00:00,PayU,success,893.53,31.53,INR,2026-04-03 22:00:00
PAY000001335,ORD00008898,2026-04-22 14:00:00,Stripe,REFUNDED,1121.18,4.9,INR,2026-04-22 14:00:00
PAY000001336,ORD00010318,2026-06-08 12:00:00,Razorpay,success,3132.87,14.74,INR,2026-06-08 12:00:00
PAY000001337,ORD00007418,2026-08-07 20:00:00,Stripe,success,931.67,14.48,INR,2026-08-07 20:00:00
PAY000001338,ORD00009880,2026-01-26 05:00:00,PayU,success,599.75,7.09,Rs,2026-01-26 05:00:00
PAY000001339,ORD00001123,2026-03-10 23:00:00,Cashfree,PENDING,609.07,18.79,INR,2026-03-10 23:00:00
PAY000001340,ORD00010073,2026-08-03 01:00:00,Cashfree,success,737.29,13.7,INR,2026-08-03 01:00:00
PAY000001341,ORD00002559,2026-05-18 23:00:00,Stripe,Failed,349.16,4.71,INR,2026-05-18 23:00:00
PAY000001342,ORD00006903,2026-08-23 21:00:00,,success,362.33,17.76,INR,2026-08-23 21:00:00
PAY000001343,ORD00009653,2026-08-27 09:00:00,Stripe,success,1609.53,33.01,INR,2026-08-27 09:00:00
PAY000001344,ORD00004640,2026-03-21 01:00:00,razorpay ,success,3022.63,33.01,inr,2026-03-21 01:00:00
PAY000001345,ORD00008525,2026-07-25 00:00:00,razorpay ,Failed,4393.65,32.6,inr,2026-07-25 00:00:00
PAY000001346,ORD00003159,2026-03-25 02:00:00,,Failed,1820.04,20.5,INR,2026-03-25 02:00:00
PAY000001347,ORD00011983,2026-05-04 06:00:00,Cashfree,success,815.71,34.03,INR,2026-05-04 06:00:00
PAY000001348,ORD00009094,2026-05-17 12:00:00,PayU,success,2259.62,17.46,INR,2026-05-17 12:00:00
PAY000001349,ORD00006875,2026-08-17 03:00:00,Cashfree,PENDING,1657.98,28.85,INR,2026-08-17 03:00:00
PAY000001350,ORD00003209,2026-04-26 08:00:00,razorpay ,success,1612.65,32.08,INR,2026-04-26 08:00:00
PAY000001351,ORD00006257,2026-07-23 15:00:00,Razorpay,success,578.34,29.62,INR,2026-07-23 15:00:00
PAY000001352,ORD00008929,2026-06-05 22:00:00,Stripe,success,570.07,5.34,INR,2026-06-05 22:00:00
PAY000001353,ORD00004185,2026-01-14 23:00:00,PayU,Failed,878.72,18.38,INR,2026-01-14 23:00:00
PAY000001354,ORD00004267,2026-04-29 08:00:00,Stripe,success,2335.56,33.72,INR,2026-04-29 08:00:00
PAY000001355,ORD00009466,2026-08-27 17:00:00,Razorpay,REFUNDED,1372.94,16.74,INR,2026-08-27 17:00:00
PAY000001356,ORD00001785,2026-04-15 22:00:00,PayU,success,1558.97,11.56,INR,2026-04-15 22:00:00
PAY000001357,ORD00005583,2026-01-27 20:00:00,Razorpay,success,1790.87,24.95,INR,2026-01-27 20:00:00
PAY000001358,ORD00001360,2026-06-24 20:00:00,PayU,success,620.62,8.42,INR,2026-06-24 20:00:00
PAY000001359,ORD00011373,2026-02-21 06:00:00,Cashfree,success,668.89,3.8,inr,2026-02-21 06:00:00
PAY000001360,ORD00007963,2026-08-13 12:00:00,Razorpay,success,4030.58,34.37,INR,2026-08-13 12:00:00
PAY000001361,ORD00011733,2026-05-05 20:00:00,Razorpay,success,1194.79,29.97,INR,2026-05-05 20:00:00
PAY000001362,ORD00007737,2026-06-04 20:00:00,Razorpay,success,1174.32,10.61,Rs,2026-06-04 20:00:00
PAY000001363,ORD00002729,2026-08-21 19:00:00,Cashfree,success,1205.09,26.64,INR,2026-08-21 19:00:00
PAY000001364,ORD00005379,2026-03-04 16:00:00,razorpay ,success,969.56,20.87,INR,2026-03-04 16:00:00
PAY000001365,ORD00011885,2026-04-30 09:00:00,Cashfree,PENDING,1972.66,13.22,INR,2026-04-30 09:00:00
PAY000001366,ORD00009118,2026-05-19 15:00:00,Razorpay,success,1134.25,29.16,INR,2026-05-19 15:00:00
PAY000001367,ORD00003887,2026-01-03 18:00:00,Cashfree,success,2459.23,18.36,INR,2026-01-03 18:00:00
PAY000001368,ORD00002180,2026-02-12 08:00:00,Cashfree,success,3296.22,5.21,INR,2026-02-12 08:00:00
PAY000001369,ORD00011683,2026-02-02 04:00:00,Razorpay,success,425.75,8.23,INR,2026-02-02 04:00:00
PAY000001370,ORD00003157,2026-07-08 03:00:00,Stripe,success,1270.02,16.06,INR,2026-07-08 03:00:00
PAY000001371,ORD00008570,2026-05-26 09:00:00,Cashfree,success,823.9,21.62,INR,2026-05-26 09:00:00
PAY000001372,ORD00002663,2026-07-03 18:00:00,Cashfree,success,1116.9,3.38,INR,2026-07-03 18:00:00
PAY000001373,ORD00006367,2026-04-17 15:00:00,Stripe,success,685.79,27.47,INR,2026-04-17 15:00:00
PAY000001374,ORD00000479,2026-08-18 14:00:00,Razorpay,success,1419.69,33.67,INR,2026-08-18 14:00:00
PAY000001375,ORD00004028,2026-07-29 10:00:00,Razorpay,success,388.49,20.65,INR,2026-07-29 10:00:00
PAY000001376,ORD00002513,2026-05-15 14:00:00,razorpay ,success,1541.33,12.69,INR,2026-05-15 14:00:00
PAY000001377,ORD00003540,2026-01-11 12:00:00,Stripe,Failed,1142.55,33.39,INR,2026-01-11 12:00:00
PAY000001378,ORD00006255,2026-05-02 03:00:00,Stripe,success,622.76,13.34,inr,2026-05-02 03:00:00
PAY000001379,ORD00005967,2026-01-02 00:00:00,Cashfree,Failed,2343.01,19.04,INR,2026-01-02 00:00:00
PAY000001380,ORD00007992,2026-01-06 06:00:00,Cashfree,success,730.06,20.12,INR,2026-01-06 06:00:00
PAY000001381,ORD00000059,2026-05-09 00:00:00,Cashfree,success,447.01,34.63,INR,2026-05-09 00:00:00
PAY000001382,ORD00001345,2026-03-23 07:00:00,razorpay ,success,527.78,13.67,INR,2026-03-23 07:00:00
PAY000001383,ORD00000477,2026-01-02 11:00:00,PayU,success,946.02,31.47,INR,2026-01-02 11:00:00
PAY000001384,ORD00007914,2026-07-11 07:00:00,razorpay ,success,1084.25,31.5,inr,2026-07-11 07:00:00
PAY000001385,ORD00005790,2026-06-05 19:00:00,Stripe,success,1850.18,34.98,INR,2026-06-05 19:00:00
PAY000001386,ORD00006704,2026-05-20 04:00:00,Cashfree,REFUNDED,2890.67,2.99,inr,2026-05-20 04:00:00
PAY000001387,ORD00005551,2026-08-01 08:00:00,Cashfree,success,1556.45,22.41,INR,2026-08-01 08:00:00
PAY000001388,ORD00002601,2026-01-13 16:00:00,Razorpay,success,633.86,31.46,Rs,2026-01-13 16:00:00
PAY000001389,ORD00000644,2026-07-05 05:00:00,Cashfree,success,988.82,32.34,INR,2026-07-05 05:00:00
PAY000001390,ORD00009405,2026-06-02 15:00:00,Cashfree,success,1287.85,31.28,INR,2026-06-02 15:00:00
PAY000001391,ORD00002766,2026-06-15 12:00:00,Stripe,success,1129.7,6.89,INR,2026-06-15 12:00:00
PAY000001392,ORD00001937,2026-04-14 07:00:00,Razorpay,success,607.37,24.03,inr,2026-04-14 07:00:00
PAY000001393,ORD00001109,2026-07-12 21:00:00,Stripe,Failed,643.0,29.51,INR,2026-07-12 21:00:00
PAY000001394,ORD00006102,2026-07-06 07:00:00,PayU,success,1969.56,3.88,INR,2026-07-06 07:00:00
PAY000001395,ORD00002439,2026-03-04 18:00:00,Razorpay,PENDING,1479.94,14.57,INR,2026-03-04 18:00:00
PAY000001396,ORD00005699,2026-06-06 18:00:00,Cashfree,REFUNDED,1155.34,33.84,INR,2026-06-06 18:00:00
PAY000001397,ORD00008079,2026-03-25 03:00:00,razorpay ,PENDING,1034.58,24.48,INR,2026-03-25 03:00:00
PAY000001398,ORD00008157,2026-05-14 07:00:00,Stripe,success,623.37,18.26,INR,2026-05-14 07:00:00
PAY000001399,ORD00002465,2026-03-01 01:00:00,razorpay ,Failed,584.76,20.56,INR,2026-03-01 01:00:00
PAY000001400,ORD00000525,2026-02-19 10:00:00,PayU,success,528.68,32.35,INR,2026-02-19 10:00:00
PAY000001401,ORD00000042,2026-08-08 18:00:00,Cashfree,success,870.43,7.33,INR,2026-08-08 18:00:00
PAY000001402,ORD00008362,2026-08-26 04:00:00,PayU,success,668.18,5.77,INR,2026-08-26 04:00:00
PAY000001403,ORD00001680,2026-01-07 04:00:00,Razorpay,REFUNDED,1476.58,18.76,INR,2026-01-07 04:00:00
PAY000001404,ORD00003417,2026-05-08 08:00:00,razorpay ,success,545.0,6.97,INR,2026-05-08 08:00:00
PAY000001405,ORD00010847,2026-05-25 14:00:00,razorpay ,success,534.03,23.6,INR,2026-05-25 14:00:00
PAY000001406,ORD00003897,2026-01-18 12:00:00,Razorpay,success,2936.84,21.43,INR,2026-01-18 12:00:00
PAY000001407,ORD00007348,2026-07-07 04:00:00,PayU,REFUNDED,529.18,12.77,INR,2026-07-07 04:00:00
PAY000001408,ORD00006836,2026-07-29 04:00:00,razorpay ,success,708.83,13.37,INR,2026-07-29 04:00:00
PAY000001409,ORD00007572,2026-08-10 05:00:00,Stripe,PENDING,378.19,25.8,INR,2026-08-10 05:00:00
PAY000001410,ORD00004520,2026-08-07 15:00:00,razorpay ,success,770.57,9.64,INR,2026-08-07 15:00:00
PAY000001411,ORD00008568,2026-02-24 13:00:00,Razorpay,success,756.22,6.17,INR,2026-02-24 13:00:00
PAY000001412,ORD00001655,2026-05-30 00:00:00,PayU,success,411.45,26.92,INR,2026-05-30 00:00:00
PAY000001413,ORD00001481,2026-04-29 14:00:00,Stripe,Failed,222.97,14.21,INR,2026-04-29 14:00:00
PAY000001414,ORD00001571,2026-06-24 06:00:00,Razorpay,success,1240.18,8.74,INR,2026-06-24 06:00:00
PAY000001415,ORD00008216,2026-05-23 03:00:00,razorpay ,success,1179.51,34.84,inr,2026-05-23 03:00:00
PAY000001416,ORD00008795,2026-02-19 21:00:00,Razorpay,success,213.0,7.79,INR,2026-02-19 21:00:00
PAY000001417,ORD00000287,2026-03-16 05:00:00,Razorpay,success,1286.02,17.85,INR,2026-03-16 05:00:00
PAY000001418,ORD00001555,2026-04-19 04:00:00,Razorpay,success,1070.59,17.93,INR,2026-04-19 04:00:00
PAY000001419,ORD00010980,2026-04-27 10:00:00,Stripe,success,1005.43,24.87,INR,2026-04-27 10:00:00
PAY000001420,ORD00002472,2026-03-20 17:00:00,Stripe,success,1932.88,19.31,INR,2026-03-20 17:00:00
PAY000001421,ORD00002027,2026-08-12 12:00:00,Cashfree,success,2438.2,14.88,INR,2026-08-12 12:00:00
PAY000001422,ORD00001178,2026-04-09 06:00:00,razorpay ,success,1471.92,27.64,INR,2026-04-09 06:00:00
PAY000001423,ORD00001474,2026-01-05 13:00:00,PayU,success,2249.59,31.6,INR,2026-01-05 13:00:00
PAY000001424,ORD00003078,2026-03-24 03:00:00,Stripe,Failed,1360.21,29.3,INR,2026-03-24 03:00:00
PAY000001425,ORD00010492,2026-07-09 19:00:00,Razorpay,REFUNDED,978.41,8.26,INR,2026-07-09 19:00:00
PAY000001426,ORD00010262,2026-05-19 09:00:00,razorpay ,success,1246.23,19.09,inr,2026-05-19 09:00:00
PAY000001427,ORD00006688,2026-08-22 11:00:00,razorpay ,PENDING,1119.27,33.85,inr,2026-08-22 11:00:00
PAY000001428,ORD00009822,2026-08-17 04:00:00,Razorpay,success,1445.27,33.79,inr,2026-08-17 04:00:00
PAY000001429,ORD00011577,2026-03-05 13:00:00,razorpay ,success,590.3,30.23,INR,2026-03-05 13:00:00
PAY000001430,ORD00002057,2026-08-21 02:00:00,Cashfree,success,1648.35,26.96,INR,2026-08-21 02:00:00
PAY000001431,ORD00000916,2026-06-03 18:00:00,Cashfree,success,2702.77,14.24,inr,2026-06-03 18:00:00
PAY000001432,ORD00009887,2026-03-31 05:00:00,PayU,success,3227.13,29.85,INR,2026-03-31 05:00:00
PAY000001433,ORD00003460,2026-08-05 06:00:00,razorpay ,Failed,690.68,17.85,INR,2026-08-05 06:00:00
PAY000001434,ORD00009479,2026-04-17 14:00:00,Stripe,success,1354.82,19.6,INR,2026-04-17 14:00:00
PAY000001435,ORD00006822,2026-03-11 19:00:00,PayU,success,722.97,9.17,INR,2026-03-11 19:00:00
PAY000001436,ORD00007893,2026-02-22 20:00:00,Cashfree,success,1662.59,19.88,INR,2026-02-22 20:00:00
PAY000001437,ORD00003298,2026-04-14 00:00:00,razorpay ,success,585.28,31.09,inr,2026-04-14 00:00:00
PAY000001438,ORD00007855,2026-06-26 14:00:00,PayU,success,1109.93,29.3,INR,2026-06-26 14:00:00
PAY000001439,ORD00008333,2026-03-31 07:00:00,Razorpay,REFUNDED,464.55,28.07,INR,2026-03-31 07:00:00
PAY000001440,ORD00003555,2026-02-28 05:00:00,PayU,success,785.27,24.13,INR,2026-02-28 05:00:00
PAY000001441,ORD00006604,2026-07-19 21:00:00,Stripe,PENDING,986.17,12.82,INR,2026-07-19 21:00:00
PAY000001442,ORD00010542,2026-04-05 06:00:00,Cashfree,success,271.59,33.75,INR,2026-04-05 06:00:00
PAY000001443,ORD00011143,2026-02-08 18:00:00,Razorpay,success,1526.04,33.21,inr,2026-02-08 18:00:00
PAY000001444,ORD00010361,2026-07-23 00:00:00,PayU,success,715.38,19.27,inr,2026-07-23 00:00:00
PAY000001445,ORD00006623,2026-04-01 22:00:00,razorpay ,success,703.72,14.38,INR,2026-04-01 22:00:00
PAY000001446,ORD00011994,2026-04-26 17:00:00,Stripe,PENDING,946.84,27.12,INR,2026-04-26 17:00:00
PAY000001447,ORD00011960,2026-08-18 11:00:00,razorpay ,success,2128.4,5.72,INR,2026-08-18 11:00:00
PAY000001448,ORD00010194,2026-07-23 13:00:00,PayU,success,700.17,32.45,INR,2026-07-23 13:00:00
PAY000001449,ORD00002781,2026-01-12 04:00:00,Stripe,success,1641.79,16.95,INR,2026-01-12 04:00:00
PAY000001450,ORD00009101,2026-06-09 01:00:00,razorpay ,success,793.07,19.19,INR,2026-06-09 01:00:00
PAY000001451,ORD00008865,2026-07-07 09:00:00,razorpay ,success,920.67,31.41,INR,2026-07-07 09:00:00
PAY000001452,ORD00004391,2026-08-04 20:00:00,Stripe,success,654.26,24.93,INR,2026-08-04 20:00:00
PAY000001453,ORD00004409,2026-01-09 14:00:00,Cashfree,success,1873.44,22.96,INR,2026-01-09 14:00:00
PAY000001454,ORD00006061,2026-06-08 23:00:00,Cashfree,REFUNDED,1128.89,27.91,INR,2026-06-08 23:00:00
PAY000001455,ORD00002450,2026-01-20 13:00:00,razorpay ,Failed,1202.94,29.87,INR,2026-01-20 13:00:00
PAY000001456,ORD00011567,2026-01-28 04:00:00,Stripe,success,1521.47,22.54,INR,2026-01-28 04:00:00
PAY000001457,ORD00009907,2026-08-28 10:00:00,PayU,REFUNDED,2114.07,7.44,Rs,2026-08-28 10:00:00
PAY000001458,ORD00003112,2026-01-27 02:00:00,PayU,success,5288.61,19.95,INR,2026-01-27 02:00:00
PAY000001459,ORD00008393,2026-08-11 13:00:00,PayU,success,842.07,29.08,INR,2026-08-11 13:00:00
PAY000001460,ORD00001517,2026-05-20 06:00:00,razorpay ,PENDING,2460.61,15.15,INR,2026-05-20 06:00:00
PAY000001461,ORD00001926,2026-06-17 02:00:00,PayU,success,2656.64,30.94,INR,2026-06-17 02:00:00
PAY000001462,ORD00000011,2026-06-19 17:00:00,Stripe,success,982.63,18.54,INR,2026-06-19 17:00:00
PAY000001463,ORD00001848,2026-08-16 16:00:00,Cashfree,Failed,783.49,5.31,INR,2026-08-16 16:00:00
PAY000001464,ORD00009659,2026-02-24 02:00:00,Cashfree,success,946.63,18.24,INR,2026-02-24 02:00:00
PAY000001465,ORD00004789,2026-06-26 07:00:00,PayU,success,1752.2,16.4,INR,2026-06-26 07:00:00
PAY000001466,ORD00001215,2026-01-12 21:00:00,Stripe,success,1181.65,8.81,INR,2026-01-12 21:00:00
PAY000001467,ORD00003835,2026-05-16 22:00:00,Cashfree,success,786.68,27.36,inr,2026-05-16 22:00:00
PAY000001468,ORD00004122,2026-03-20 16:00:00,Stripe,PENDING,4937.81,5.57,INR,2026-03-20 16:00:00
PAY000001469,ORD00008224,2026-08-22 11:00:00,Stripe,success,1132.21,4.65,INR,2026-08-22 11:00:00
PAY000001470,ORD00009466,2026-05-04 00:00:00,Cashfree,success,514.32,34.89,INR,2026-05-04 00:00:00
PAY000001471,ORD00006173,2026-06-08 10:00:00,Cashfree,success,947.72,13.94,INR,2026-06-08 10:00:00
PAY000001472,ORD00005649,2026-03-21 10:00:00,razorpay ,Failed,1069.55,30.99,INR,2026-03-21 10:00:00
PAY000001473,ORD00002525,2026-07-04 10:00:00,Cashfree,Failed,1332.81,32.59,inr,2026-07-04 10:00:00
PAY000001474,ORD00007776,2026-08-15 05:00:00,Stripe,success,787.96,10.14,Rs,2026-08-15 05:00:00
PAY000001475,ORD00003111,2026-03-28 03:00:00,Cashfree,Failed,985.01,29.27,INR,2026-03-28 03:00:00
PAY000001476,ORD00008563,2026-02-11 02:00:00,razorpay ,Failed,1531.73,32.42,INR,2026-02-11 02:00:00
PAY000001477,ORD00008704,2026-02-05 09:00:00,razorpay ,success,356.98,5.98,INR,2026-02-05 09:00:00
PAY000001478,ORD00001233,2026-02-28 13:00:00,razorpay ,Failed,1922.04,25.45,INR,2026-02-28 13:00:00
PAY000001479,ORD00009998,2026-06-26 00:00:00,razorpay ,success,1455.52,30.88,INR,2026-06-26 00:00:00
PAY000001480,ORD00004641,2026-03-19 18:00:00,PayU,success,2476.99,12.82,INR,2026-03-19 18:00:00
PAY000001481,ORD00000772,2026-04-15 23:00:00,Razorpay,success,989.3,3.79,INR,2026-04-15 23:00:00
PAY000001482,ORD00000513,2026-07-13 06:00:00,PayU,success,1468.59,29.21,inr,2026-07-13 06:00:00
PAY000001483,ORD00002902,2026-06-26 10:00:00,Stripe,Failed,1480.94,34.15,INR,2026-06-26 10:00:00
PAY000001484,ORD00006340,2026-08-01 08:00:00,razorpay ,success,463.89,18.53,INR,2026-08-01 08:00:00
PAY000001485,ORD00005839,2026-08-24 11:00:00,Cashfree,Failed,641.45,4.5,INR,2026-08-24 11:00:00
PAY000001486,ORD00009066,2026-01-22 15:00:00,Razorpay,success,852.69,11.43,INR,2026-01-22 15:00:00
PAY000001487,ORD00003066,2026-03-26 21:00:00,Razorpay,Failed,597.79,18.93,INR,2026-03-26 21:00:00
PAY000001488,ORD00009736,2026-01-25 21:00:00,PayU,success,584.96,28.12,INR,2026-01-25 21:00:00
PAY000001489,ORD00001946,2026-06-16 03:00:00,PayU,success,454.85,34.52,INR,2026-06-16 03:00:00
PAY000001490,ORD00010459,2026-08-28 23:00:00,Razorpay,success,1439.87,11.72,INR,2026-08-28 23:00:00
PAY000001491,ORD00004318,2026-02-09 09:00:00,razorpay ,success,198.1,6.1,INR,2026-02-09 09:00:00
PAY000001492,ORD00009524,2026-02-15 14:00:00,razorpay ,Failed,1006.0,33.45,INR,2026-02-15 14:00:00
PAY000001493,ORD00011242,2026-02-11 03:00:00,razorpay ,success,2508.38,15.57,INR,2026-02-11 03:00:00
PAY000001494,ORD00002744,2026-08-15 00:00:00,PayU,success,927.96,34.39,INR,2026-08-15 00:00:00
PAY000001495,ORD00001476,2026-04-03 23:00:00,PayU,PENDING,1020.57,23.46,INR,2026-04-03 23:00:00
PAY000001496,ORD00003759,2026-06-04 08:00:00,Stripe,success,1512.95,29.41,INR,2026-06-04 08:00:00
PAY000001497,ORD00008774,2026-06-10 02:00:00,razorpay ,success,547.48,25.9,INR,2026-06-10 02:00:00
PAY000001498,ORD00000414,2026-05-15 11:00:00,Cashfree,success,1154.61,32.95,INR,2026-05-15 11:00:00
PAY000001499,ORD00006750,2026-08-20 16:00:00,Stripe,success,4752.26,5.75,Rs,2026-08-20 16:00:00
PAY000001500,ORD00001802,2026-08-06 06:00:00,razorpay ,success,1522.0,16.59,INR,2026-08-06 06:00:00
PAY000001501,ORD00008846,2026-06-02 08:00:00,Razorpay,success,2415.1,18.78,INR,2026-06-02 08:00:00
PAY000001502,ORD00002099,2026-05-03 20:00:00,razorpay ,success,726.26,8.75,INR,2026-05-03 20:00:00
PAY000001503,ORD00007051,2026-01-02 03:00:00,Stripe,success,3016.07,29.2,INR,2026-01-02 03:00:00
PAY000001504,ORD00003712,2026-01-01 17:00:00,PayU,success,2633.86,23.75,INR,2026-01-01 17:00:00
PAY000001505,ORD00010443,2026-02-24 11:00:00,PayU,REFUNDED,550.44,3.52,INR,2026-02-24 11:00:00
PAY000001506,ORD00005397,2026-05-16 22:00:00,Razorpay,success,1428.59,13.18,INR,2026-05-16 22:00:00
PAY000001507,ORD00002984,2026-02-14 13:00:00,PayU,success,902.93,23.97,INR,2026-02-14 13:00:00
PAY000001508,ORD00006080,2026-08-17 14:00:00,Stripe,success,2859.91,27.21,INR,2026-08-17 14:00:00
PAY000001509,ORD00004325,2026-07-11 12:00:00,razorpay ,success,1595.32,20.32,inr,2026-07-11 12:00:00
PAY000001510,ORD00008324,2026-06-24 11:00:00,Stripe,success,1008.5,9.26,INR,2026-06-24 11:00:00
PAY000001511,ORD00002126,2026-01-16 04:00:00,PayU,Failed,1824.15,5.34,INR,2026-01-16 04:00:00
PAY000001512,ORD00006835,2026-05-23 15:00:00,Cashfree,success,3863.67,2.51,INR,2026-05-23 15:00:00
PAY000001513,ORD00009219,2026-02-03 20:00:00,Razorpay,success,2173.92,6.17,INR,2026-02-03 20:00:00
PAY000001514,ORD00007436,2026-03-05 12:00:00,razorpay ,PENDING,749.66,18.46,inr,2026-03-05 12:00:00
PAY000001515,ORD00011923,2026-07-14 08:00:00,Cashfree,success,870.01,2.67,inr,2026-07-14 08:00:00
PAY000001516,ORD00011964,2026-01-10 17:00:00,razorpay ,success,1278.32,14.4,INR,2026-01-10 17:00:00
PAY000001517,ORD00000372,2026-04-11 11:00:00,PayU,PENDING,1783.4,3.05,INR,2026-04-11 11:00:00
PAY000001518,ORD00001748,2026-01-31 15:00:00,razorpay ,success,640.87,15.92,INR,2026-01-31 15:00:00
PAY000001519,ORD00000961,2026-04-13 23:00:00,Razorpay,REFUNDED,864.32,30.67,INR,2026-04-13 23:00:00
PAY000001520,ORD00011382,2026-03-06 01:00:00,PayU,success,414.75,12.14,inr,2026-03-06 01:00:00
PAY000001521,ORD00006787,2026-01-17 08:00:00,Stripe,success,1315.4,23.38,INR,2026-01-17 08:00:00
PAY000001522,ORD00000598,2026-01-05 21:00:00,razorpay ,success,529.32,19.16,INR,2026-01-05 21:00:00
PAY000001523,ORD00003441,2026-02-10 22:00:00,Stripe,success,1424.48,21.84,INR,2026-02-10 22:00:00
PAY000001524,ORD00007961,2026-02-27 05:00:00,Stripe,success,932.84,13.36,INR,2026-02-27 05:00:00
PAY000001525,ORD00002796,2026-04-30 04:00:00,Razorpay,success,783.51,27.4,inr,2026-04-30 04:00:00
PAY000001526,ORD00004232,2026-01-27 06:00:00,razorpay ,Failed,1184.47,8.84,INR,2026-01-27 06:00:00
PAY000001527,ORD00008462,2026-02-07 10:00:00,razorpay ,success,3177.62,4.36,INR,2026-02-07 10:00:00
PAY000001528,ORD00004397,2026-08-14 18:00:00,Razorpay,success,1312.89,17.85,Rs,2026-08-14 18:00:00
PAY000001529,ORD00009344,2026-01-24 12:00:00,Cashfree,success,1048.15,16.77,INR,2026-01-24 12:00:00
PAY000001530,ORD00002802,2026-03-29 02:00:00,Cashfree,Failed,470.66,21.98,INR,2026-03-29 02:00:00
PAY000001531,ORD00000944,2026-07-10 17:00:00,Razorpay,success,337.52,10.36,inr,2026-07-10 17:00:00
PAY000001532,ORD00006747,2026-08-15 16:00:00,PayU,success,1082.2,12.75,INR,2026-08-15 16:00:00
PAY000001533,ORD00011578,2026-06-07 17:00:00,PayU,Failed,2656.14,19.34,INR,2026-06-07 17:00:00
PAY000001534,ORD00002936,2026-07-11 12:00:00,,success,1384.15,2.19,INR,2026-07-11 12:00:00
PAY000001535,ORD00000617,2026-07-14 03:00:00,Razorpay,success,1152.1,30.5,INR,2026-07-14 03:00:00
PAY000001536,ORD00000441,2026-08-20 11:00:00,Cashfree,success,947.54,15.21,INR,2026-08-20 11:00:00
PAY000001537,ORD00000558,2026-04-28 13:00:00,Razorpay,success,515.75,11.5,inr,2026-04-28 13:00:00
PAY000001538,ORD00008564,2026-03-16 13:00:00,Stripe,success,3801.11,30.39,INR,2026-03-16 13:00:00
PAY000001539,ORD00011302,2026-01-31 06:00:00,Cashfree,success,1365.55,13.85,INR,2026-01-31 06:00:00
PAY000001540,ORD00011163,2026-03-09 21:00:00,PayU,Failed,1148.85,15.32,INR,2026-03-09 21:00:00
PAY000001541,ORD00006945,2026-02-07 08:00:00,razorpay ,success,1554.78,8.25,INR,2026-02-07 08:00:00
PAY000001542,ORD00000623,2026-06-02 18:00:00,Stripe,success,2991.93,15.8,INR,2026-06-02 18:00:00
PAY000001543,ORD00007828,2026-04-25 16:00:00,Stripe,success,891.01,28.11,INR,2026-04-25 16:00:00
PAY000001544,ORD00011992,2026-04-10 07:00:00,Stripe,PENDING,1756.89,18.29,INR,2026-04-10 07:00:00
PAY000001545,ORD00005225,2026-04-22 07:00:00,Razorpay,success,2069.52,2.18,INR,2026-04-22 07:00:00
PAY000001546,ORD00005560,2026-03-09 01:00:00,PayU,success,1201.67,9.91,INR,2026-03-09 01:00:00
PAY000001547,ORD00009181,2026-07-26 05:00:00,Stripe,success,1795.2,34.26,Rs,2026-07-26 05:00:00
PAY000001548,ORD00002827,2026-01-01 04:00:00,Stripe,success,1324.62,5.9,INR,2026-01-01 04:00:00
PAY000001549,ORD00008578,2026-04-25 23:00:00,razorpay ,success,680.11,12.65,INR,2026-04-25 23:00:00
PAY000001550,ORD00000150,2026-05-17 05:00:00,Stripe,success,751.6,23.38,INR,2026-05-17 05:00:00
PAY000001551,ORD00003878,2026-08-05 09:00:00,razorpay ,success,1304.56,6.54,INR,2026-08-05 09:00:00
PAY000001552,ORD00008736,2026-04-17 10:00:00,Cashfree,PENDING,1123.18,29.64,INR,2026-04-17 10:00:00
PAY000001553,ORD00008693,2026-04-26 21:00:00,Stripe,success,345.29,23.98,INR,2026-04-26 21:00:00
PAY000001554,ORD00002073,2026-08-19 12:00:00,razorpay ,success,1577.66,3.67,INR,2026-08-19 12:00:00
PAY000001555,ORD00000639,2026-02-10 20:00:00,PayU,success,379.21,30.21,INR,2026-02-10 20:00:00
PAY000001556,ORD00002284,2026-03-20 15:00:00,Cashfree,PENDING,1770.39,7.23,INR,2026-03-20 15:00:00
PAY000001557,ORD00005979,2026-02-08 01:00:00,PayU,success,1324.33,32.27,inr,2026-02-08 01:00:00
PAY000001558,ORD00008555,2026-07-26 07:00:00,Stripe,success,1079.14,25.61,INR,2026-07-26 07:00:00
PAY000001559,ORD00006332,2026-06-24 13:00:00,razorpay ,success,357.88,14.52,INR,2026-06-24 13:00:00
PAY000001560,ORD00006390,2026-02-02 11:00:00,Cashfree,PENDING,389.98,11.47,INR,2026-02-02 11:00:00
PAY000001561,ORD00005179,2026-01-26 12:00:00,Razorpay,success,339.95,26.45,inr,2026-01-26 12:00:00
PAY000001562,ORD00011914,2026-01-21 03:00:00,Cashfree,success,511.39,31.54,INR,2026-01-21 03:00:00
PAY000001563,ORD00011660,2026-06-22 10:00:00,PayU,success,2480.79,17.99,INR,2026-06-22 10:00:00
PAY000001564,ORD00010561,2026-08-15 08:00:00,Razorpay,success,740.65,20.6,INR,2026-08-15 08:00:00
PAY000001565,ORD00000683,2026-03-24 22:00:00,Razorpay,success,518.33,5.65,INR,2026-03-24 22:00:00
PAY000001566,ORD00006343,2026-05-08 18:00:00,PayU,Failed,1292.0,12.32,Rs,2026-05-08 18:00:00
PAY000001567,ORD00005172,2026-04-28 01:00:00,Stripe,success,1810.1,20.91,INR,2026-04-28 01:00:00
PAY000001568,ORD00004366,2026-07-24 03:00:00,PayU,success,442.72,7.39,INR,2026-07-24 03:00:00
PAY000001569,ORD00004098,2026-06-26 08:00:00,Stripe,success,550.53,9.31,INR,2026-06-26 08:00:00
PAY000001570,ORD00010616,2026-07-09 09:00:00,Razorpay,success,513.82,20.77,INR,2026-07-09 09:00:00
PAY000001571,ORD00009780,2026-01-14 22:00:00,Cashfree,success,956.19,19.43,INR,2026-01-14 22:00:00
PAY000001572,ORD00002307,2026-03-22 22:00:00,razorpay ,success,3165.53,15.96,INR,2026-03-22 22:00:00
PAY000001573,ORD00000476,2026-07-20 06:00:00,PayU,Failed,873.17,15.78,INR,2026-07-20 06:00:00
PAY000001574,ORD00003224,2026-07-08 21:00:00,razorpay ,success,956.47,31.92,INR,2026-07-08 21:00:00
PAY000001575,ORD00001421,2026-01-20 09:00:00,Stripe,success,471.77,19.3,INR,2026-01-20 09:00:00
PAY000001576,ORD00000928,2026-02-19 18:00:00,Razorpay,success,560.65,17.39,INR,2026-02-19 18:00:00
PAY000001577,ORD00011809,2026-03-18 04:00:00,Cashfree,success,875.5,20.31,INR,2026-03-18 04:00:00
PAY000001578,ORD00001875,2026-08-11 00:00:00,razorpay ,success,1445.85,14.63,INR,2026-08-11 00:00:00
PAY000001579,ORD00000775,2026-05-11 09:00:00,razorpay ,PENDING,3576.41,19.53,INR,2026-05-11 09:00:00
PAY000001580,ORD00002291,2026-02-23 05:00:00,Stripe,success,1846.89,17.31,INR,2026-02-23 05:00:00
PAY000001581,ORD00006136,2026-07-17 08:00:00,Stripe,success,1122.84,27.19,INR,2026-07-17 08:00:00
PAY000001582,ORD00011921,2026-08-10 09:00:00,Stripe,success,2338.48,23.87,INR,2026-08-10 09:00:00
PAY000001583,ORD00011211,2026-03-17 03:00:00,Razorpay,Failed,698.94,29.7,INR,2026-03-17 03:00:00
PAY000001584,ORD00009080,2026-07-17 09:00:00,Cashfree,success,1088.88,32.08,INR,2026-07-17 09:00:00
PAY000001585,ORD00010414,2026-02-24 14:00:00,Razorpay,success,898.4,21.2,INR,2026-02-24 14:00:00
PAY000001586,ORD00002576,2026-04-13 06:00:00,Razorpay,success,749.99,17.02,inr,2026-04-13 06:00:00
PAY000001587,ORD00000436,2026-01-09 21:00:00,Razorpay,success,174.54,26.13,INR,2026-01-09 21:00:00
PAY000001588,ORD00000416,2026-05-27 20:00:00,Stripe,success,1186.89,26.84,INR,2026-05-27 20:00:00
PAY000001589,ORD00008929,2026-03-06 01:00:00,razorpay ,success,722.02,26.42,INR,2026-03-06 01:00:00
PAY000001590,ORD00008706,2026-04-28 01:00:00,Razorpay,REFUNDED,886.51,13.33,INR,2026-04-28 01:00:00
PAY000001591,ORD00004804,2026-03-12 15:00:00,Stripe,success,701.52,17.81,Rs,2026-03-12 15:00:00
PAY000001592,ORD00006932,2026-03-07 07:00:00,PayU,PENDING,994.84,15.25,INR,2026-03-07 07:00:00
PAY000001593,ORD00004676,2026-05-12 23:00:00,Cashfree,success,209.78,19.58,Rs,2026-05-12 23:00:00
PAY000001594,ORD00011230,2026-04-23 07:00:00,Razorpay,success,2253.7,30.23,INR,2026-04-23 07:00:00
PAY000001595,ORD00011981,2026-01-23 05:00:00,PayU,success,945.7,11.25,INR,2026-01-23 05:00:00
PAY000001596,ORD00003495,2026-06-02 22:00:00,Cashfree,success,1092.54,15.13,INR,2026-06-02 22:00:00
PAY000001597,ORD00008897,2026-01-04 01:00:00,Cashfree,success,3084.73,31.56,INR,2026-01-04 01:00:00
PAY000001598,ORD00006049,2026-03-18 21:00:00,Razorpay,success,1288.97,12.01,INR,2026-03-18 21:00:00
PAY000001599,ORD00008732,2026-03-28 05:00:00,PayU,success,1135.66,4.8,INR,2026-03-28 05:00:00
PAY000001600,ORD00009714,2026-02-28 21:00:00,Stripe,success,1485.31,2.64,INR,2026-02-28 21:00:00
PAY000001601,ORD00002032,2026-07-31 00:00:00,PayU,REFUNDED,261.49,13.29,INR,2026-07-31 00:00:00
PAY000001602,ORD00001945,2026-08-10 04:00:00,razorpay ,success,750.76,32.53,INR,2026-08-10 04:00:00
PAY000001603,ORD00007302,2026-03-03 19:00:00,Cashfree,REFUNDED,2385.57,28.77,INR,2026-03-03 19:00:00
PAY000001604,ORD00008806,2026-04-30 23:00:00,,success,5017.35,8.48,INR,2026-04-30 23:00:00
PAY000001605,ORD00000432,2026-08-23 04:00:00,razorpay ,success,963.41,33.68,INR,2026-08-23 04:00:00
PAY000001606,ORD00000353,2026-07-17 22:00:00,Razorpay,success,555.94,33.27,INR,2026-07-17 22:00:00
PAY000001607,ORD00001284,2026-03-14 03:00:00,Stripe,success,327.1,5.78,INR,2026-03-14 03:00:00
PAY000001608,ORD00002659,2026-08-12 00:00:00,razorpay ,success,985.1,17.14,inr,2026-08-12 00:00:00
PAY000001609,ORD00008075,2026-08-22 05:00:00,Stripe,PENDING,1088.76,7.9,INR,2026-08-22 05:00:00
PAY000001610,ORD00006530,2026-02-19 08:00:00,PayU,PENDING,4031.66,10.67,INR,2026-02-19 08:00:00
PAY000001611,ORD00008129,2026-07-13 16:00:00,Cashfree,Failed,684.3,7.57,INR,2026-07-13 16:00:00
PAY000001612,ORD00001357,2026-04-15 03:00:00,razorpay ,success,436.51,2.88,INR,2026-04-15 03:00:00
PAY000001613,ORD00000964,2026-05-21 17:00:00,Stripe,success,678.52,31.87,INR,2026-05-21 17:00:00
PAY000001614,ORD00005326,2026-07-12 15:00:00,Razorpay,success,730.54,9.48,INR,2026-07-12 15:00:00
PAY000001615,ORD00000335,2026-08-09 03:00:00,razorpay ,success,2816.98,29.79,INR,2026-08-09 03:00:00
PAY000001616,ORD00003104,2026-07-26 19:00:00,Stripe,success,1796.13,19.21,INR,2026-07-26 19:00:00
PAY000001617,ORD00002127,2026-03-09 18:00:00,razorpay ,success,1457.22,32.11,INR,2026-03-09 18:00:00
PAY000001618,ORD00004611,2026-04-28 09:00:00,Stripe,success,2276.06,24.04,INR,2026-04-28 09:00:00
PAY000001619,ORD00000844,2026-02-18 15:00:00,Razorpay,success,749.3,29.94,INR,2026-02-18 15:00:00
PAY000001620,ORD00011884,2026-07-18 23:00:00,razorpay ,success,683.01,31.23,INR,2026-07-18 23:00:00
PAY000001621,ORD00007336,2026-06-18 19:00:00,razorpay ,REFUNDED,265.65,12.73,INR,2026-06-18 19:00:00
PAY000001622,ORD00004028,2026-08-17 18:00:00,Razorpay,success,1297.98,3.53,Rs,2026-08-17 18:00:00
PAY000001623,ORD00002122,2026-04-19 18:00:00,Stripe,success,1204.09,6.13,INR,2026-04-19 18:00:00
PAY000001624,ORD00011024,2026-05-26 01:00:00,razorpay ,success,1280.6,29.11,INR,2026-05-26 01:00:00
PAY000001625,ORD00006605,2026-07-11 23:00:00,razorpay ,success,693.63,9.59,inr,2026-07-11 23:00:00
PAY000001626,ORD00008090,2026-07-05 07:00:00,razorpay ,success,1758.38,24.1,INR,2026-07-05 07:00:00
PAY000001627,ORD00001986,2026-08-20 01:00:00,razorpay ,success,2173.94,5.6,INR,2026-08-20 01:00:00
PAY000001628,ORD00007963,2026-04-07 21:00:00,PayU,success,1284.61,31.87,inr,2026-04-07 21:00:00
PAY000001629,ORD00011623,2026-07-08 11:00:00,razorpay ,Failed,622.61,30.8,INR,2026-07-08 11:00:00
PAY000001630,ORD00003209,2026-02-23 11:00:00,Stripe,success,660.43,16.0,INR,2026-02-23 11:00:00
PAY000001631,ORD00000768,2026-08-10 20:00:00,razorpay ,Failed,4147.46,27.11,INR,2026-08-10 20:00:00
PAY000001632,ORD00006758,2026-04-06 20:00:00,Stripe,Failed,789.78,28.18,INR,2026-04-06 20:00:00
PAY000001633,ORD00000576,2026-03-17 12:00:00,Stripe,success,2007.2,25.13,INR,2026-03-17 12:00:00
PAY000001634,ORD00004316,2026-06-21 03:00:00,PayU,PENDING,2020.15,8.86,INR,2026-06-21 03:00:00
PAY000001635,ORD00011714,2026-03-23 08:00:00,PayU,Failed,1198.74,32.02,INR,2026-03-23 08:00:00
PAY000001636,ORD00006991,2026-04-27 01:00:00,Stripe,success,746.36,23.78,INR,2026-04-27 01:00:00
PAY000001637,ORD00001376,2026-02-03 18:00:00,Cashfree,success,979.5,30.95,INR,2026-02-03 18:00:00
PAY000001638,ORD00005312,2026-08-14 23:00:00,Stripe,success,1351.68,20.61,INR,2026-08-14 23:00:00
PAY000001639,ORD00006507,2026-03-29 16:00:00,PayU,success,874.96,26.66,INR,2026-03-29 16:00:00
PAY000001640,ORD00010982,2026-02-13 11:00:00,razorpay ,success,5370.42,14.99,INR,2026-02-13 11:00:00
PAY000001641,ORD00005974,2026-05-16 21:00:00,Stripe,success,4789.42,15.7,INR,2026-05-16 21:00:00
PAY000001642,ORD00008486,2026-02-28 12:00:00,PayU,Failed,1623.7,15.32,INR,2026-02-28 12:00:00
PAY000001643,ORD00006626,2026-05-19 10:00:00,Stripe,success,929.21,34.4,INR,2026-05-19 10:00:00
PAY000001644,ORD00008623,2026-07-16 08:00:00,Stripe,success,1325.02,10.68,INR,2026-07-16 08:00:00
PAY000001645,ORD00003702,2026-01-24 04:00:00,razorpay ,success,848.0,11.76,INR,2026-01-24 04:00:00
PAY000001646,ORD00007475,2026-08-12 19:00:00,Stripe,success,711.5,9.25,INR,2026-08-12 19:00:00
PAY000001647,ORD00005489,2026-07-27 20:00:00,Razorpay,success,656.33,13.78,inr,2026-07-27 20:00:00
PAY000001648,ORD00010555,2026-03-07 03:00:00,Stripe,success,679.09,23.11,INR,2026-03-07 03:00:00
PAY000001649,ORD00002409,2026-07-08 02:00:00,Razorpay,PENDING,1038.21,25.64,INR,2026-07-08 02:00:00
PAY000001650,ORD00001749,2026-06-19 18:00:00,Razorpay,success,2546.2,8.49,INR,2026-06-19 18:00:00
PAY000001651,ORD00000668,2026-03-13 01:00:00,Razorpay,success,811.94,34.58,INR,2026-03-13 01:00:00
PAY000001652,ORD00004841,2026-01-29 14:00:00,Cashfree,REFUNDED,826.55,19.47,inr,2026-01-29 14:00:00
PAY000001653,ORD00005941,2026-06-19 12:00:00,Razorpay,success,1230.14,3.6,INR,2026-06-19 12:00:00
PAY000001654,ORD00008541,2026-01-20 07:00:00,PayU,success,748.28,8.64,INR,2026-01-20 07:00:00
PAY000001655,ORD00009140,2026-02-28 00:00:00,PayU,success,2251.47,23.43,INR,2026-02-28 00:00:00
PAY000001656,ORD00008339,2026-06-17 09:00:00,Razorpay,REFUNDED,1903.23,22.22,INR,2026-06-17 09:00:00
PAY000001657,ORD00011411,2026-08-14 02:00:00,Cashfree,success,1078.13,10.62,INR,2026-08-14 02:00:00
PAY000001658,ORD00011616,2026-02-02 15:00:00,PayU,success,1787.94,22.09,INR,2026-02-02 15:00:00
PAY000001659,ORD00006414,2026-04-22 05:00:00,Cashfree,REFUNDED,1914.37,15.14,INR,2026-04-22 05:00:00
PAY000001660,ORD00009951,2026-05-02 02:00:00,Razorpay,success,522.3,19.02,INR,2026-05-02 02:00:00
PAY000001661,ORD00010498,2026-08-07 04:00:00,Cashfree,REFUNDED,2338.27,27.41,INR,2026-08-07 04:00:00
PAY000001662,ORD00001004,2026-02-27 15:00:00,PayU,success,1024.02,25.22,Rs,2026-02-27 15:00:00
PAY000001663,ORD00005360,2026-07-25 00:00:00,PayU,success,1146.63,7.62,INR,2026-07-25 00:00:00
PAY000001664,ORD00009272,2026-02-14 12:00:00,PayU,PENDING,1286.93,12.69,INR,2026-02-14 12:00:00
PAY000001665,ORD00011703,2026-02-15 07:00:00,Razorpay,success,1129.45,6.59,INR,2026-02-15 07:00:00
PAY000001666,ORD00004133,2026-02-08 09:00:00,Cashfree,success,1414.68,11.35,INR,2026-02-08 09:00:00
PAY000001667,ORD00010695,2026-04-10 02:00:00,Razorpay,success,1233.97,28.77,INR,2026-04-10 02:00:00
PAY000001668,ORD00004769,2026-05-13 14:00:00,PayU,success,2291.28,14.23,INR,2026-05-13 14:00:00
PAY000001669,ORD00000826,2026-01-09 19:00:00,Cashfree,success,1292.3,28.62,INR,2026-01-09 19:00:00
PAY000001670,ORD00010421,2026-07-31 02:00:00,razorpay ,success,1591.82,29.31,INR,2026-07-31 02:00:00
PAY000001671,ORD00002253,2026-06-19 16:00:00,PayU,REFUNDED,407.81,10.4,Rs,2026-06-19 16:00:00
PAY000001672,ORD00007004,2026-07-31 20:00:00,PayU,success,1079.66,21.69,INR,2026-07-31 20:00:00
PAY000001673,ORD00002666,2026-07-14 06:00:00,Razorpay,REFUNDED,940.37,4.7,Rs,2026-07-14 06:00:00
PAY000001674,ORD00000321,2026-06-04 00:00:00,Cashfree,success,1119.11,8.51,INR,2026-06-04 00:00:00
PAY000001675,ORD00006476,2026-02-15 12:00:00,,success,5570.17,24.61,INR,2026-02-15 12:00:00
PAY000001676,ORD00011473,2026-03-27 19:00:00,razorpay ,success,1562.94,20.63,INR,2026-03-27 19:00:00
PAY000001677,ORD00009818,2026-06-20 12:00:00,razorpay ,REFUNDED,761.43,6.97,INR,2026-06-20 12:00:00
PAY000001678,ORD00001078,2026-07-17 02:00:00,Stripe,success,700.59,7.63,INR,2026-07-17 02:00:00
PAY000001679,ORD00009813,2026-04-30 10:00:00,Cashfree,success,1393.23,18.93,INR,2026-04-30 10:00:00
PAY000001680,ORD00007529,2026-02-04 09:00:00,Stripe,success,531.76,18.31,INR,2026-02-04 09:00:00
PAY000001681,ORD00005333,2026-07-18 20:00:00,Cashfree,success,830.19,17.28,INR,2026-07-18 20:00:00
PAY000001682,ORD00009727,2026-02-18 03:00:00,Razorpay,REFUNDED,558.72,24.13,INR,2026-02-18 03:00:00
PAY000001683,ORD00008850,2026-07-03 02:00:00,razorpay ,PENDING,811.05,28.66,INR,2026-07-03 02:00:00
PAY000001684,ORD00003366,2026-01-02 19:00:00,Razorpay,success,1567.25,20.13,INR,2026-01-02 19:00:00
PAY000001685,ORD00000646,2026-02-10 01:00:00,Cashfree,success,1383.59,25.81,INR,2026-02-10 01:00:00
PAY000001686,ORD00011310,2026-04-16 02:00:00,Stripe,PENDING,1446.09,7.17,INR,2026-04-16 02:00:00
PAY000001687,ORD00001392,2026-05-28 02:00:00,PayU,Failed,975.75,13.36,INR,2026-05-28 02:00:00
PAY000001688,ORD00004467,2026-06-07 16:00:00,Razorpay,success,1175.59,26.28,INR,2026-06-07 16:00:00
PAY000001689,ORD00001724,2026-02-17 21:00:00,PayU,PENDING,888.88,20.65,INR,2026-02-17 21:00:00
PAY000001690,ORD00005794,2026-02-07 03:00:00,razorpay ,Failed,472.77,4.36,INR,2026-02-07 03:00:00
PAY000001691,ORD00006701,2026-02-09 07:00:00,Stripe,success,1516.21,15.77,INR,2026-02-09 07:00:00
PAY000001692,ORD00004195,2026-04-21 16:00:00,Stripe,Failed,2371.58,25.07,INR,2026-04-21 16:00:00
PAY000001693,ORD00010506,2026-04-05 05:00:00,PayU,Failed,217.92,26.02,INR,2026-04-05 05:00:00
PAY000001694,ORD00003509,2026-07-08 18:00:00,razorpay ,success,532.63,18.68,INR,2026-07-08 18:00:00
PAY000001695,ORD00008575,2026-01-20 01:00:00,razorpay ,success,1684.35,18.6,INR,2026-01-20 01:00:00
PAY000001696,ORD00004887,2026-01-11 15:00:00,Cashfree,Failed,2027.26,12.97,inr,2026-01-11 15:00:00
PAY000001697,ORD00007888,2026-04-22 05:00:00,Razorpay,success,1342.6,33.95,INR,2026-04-22 05:00:00
PAY000001698,ORD00001669,2026-04-15 00:00:00,Cashfree,success,482.19,17.71,Rs,2026-04-15 00:00:00
PAY000001699,ORD00011353,2026-06-13 10:00:00,Cashfree,success,1640.63,18.55,INR,2026-06-13 10:00:00
PAY000001700,ORD00008023,2026-01-06 16:00:00,Stripe,success,3007.06,32.65,INR,2026-01-06 16:00:00
PAY000001701,ORD00008147,2026-04-24 14:00:00,Razorpay,PENDING,991.26,15.88,inr,2026-04-24 14:00:00
PAY000001702,ORD00004259,2026-06-06 20:00:00,Razorpay,success,1309.29,25.5,INR,2026-06-06 20:00:00
PAY000001703,ORD00005366,2026-01-16 03:00:00,razorpay ,success,1521.09,20.03,INR,2026-01-16 03:00:00
PAY000001704,ORD00011646,2026-02-26 22:00:00,Cashfree,success,1367.18,3.89,INR,2026-02-26 22:00:00
PAY000001705,ORD00000852,2026-07-19 17:00:00,PayU,success,1679.14,32.24,INR,2026-07-19 17:00:00
PAY000001706,ORD00004607,2026-05-09 00:00:00,razorpay ,success,1048.56,30.2,INR,2026-05-09 00:00:00
PAY000001707,ORD00008293,2026-05-26 08:00:00,Razorpay,success,359.84,6.48,INR,2026-05-26 08:00:00
PAY000001708,ORD00000347,2026-08-14 13:00:00,Stripe,success,452.82,33.7,INR,2026-08-14 13:00:00
PAY000001709,ORD00009787,2026-05-10 09:00:00,Cashfree,success,763.94,15.15,INR,2026-05-10 09:00:00
PAY000001710,ORD00007156,2026-02-01 18:00:00,PayU,success,722.1,9.66,INR,2026-02-01 18:00:00
PAY000001711,ORD00011279,2026-05-27 20:00:00,PayU,success,884.65,5.65,Rs,2026-05-27 20:00:00
PAY000001712,ORD00010212,2026-04-18 08:00:00,Cashfree,success,2081.5,12.08,INR,2026-04-18 08:00:00
PAY000001713,ORD00002398,2026-01-26 01:00:00,Razorpay,Failed,2044.25,28.07,INR,2026-01-26 01:00:00
PAY000001714,ORD00004195,2026-05-11 09:00:00,Cashfree,success,3865.1,34.74,inr,2026-05-11 09:00:00
PAY000001715,ORD00011872,2026-02-09 14:00:00,Cashfree,success,1311.71,24.8,inr,2026-02-09 14:00:00
PAY000001716,ORD00004601,2026-02-12 20:00:00,PayU,success,1250.15,28.35,INR,2026-02-12 20:00:00
PAY000001717,ORD00001543,2026-05-10 12:00:00,razorpay ,success,691.82,32.17,INR,2026-05-10 12:00:00
PAY000001718,ORD00002590,2026-02-21 01:00:00,Cashfree,REFUNDED,813.59,9.56,INR,2026-02-21 01:00:00
PAY000001719,ORD00009667,2026-02-22 21:00:00,Stripe,success,1416.75,27.61,INR,2026-02-22 21:00:00
PAY000001720,ORD00006362,2026-06-23 01:00:00,razorpay ,success,513.29,6.57,INR,2026-06-23 01:00:00
PAY000001721,ORD00005620,2026-07-21 13:00:00,Razorpay,success,2427.64,33.11,INR,2026-07-21 13:00:00
PAY000001722,ORD00002057,2026-06-14 12:00:00,Stripe,success,742.95,7.16,INR,2026-06-14 12:00:00
PAY000001723,ORD00009457,2026-01-10 12:00:00,PayU,success,1671.25,23.57,INR,2026-01-10 12:00:00
PAY000001724,ORD00011777,2026-04-12 06:00:00,PayU,success,1054.0,21.1,INR,2026-04-12 06:00:00
PAY000001725,ORD00004121,2026-03-17 12:00:00,Razorpay,success,1937.74,31.66,Rs,2026-03-17 12:00:00
PAY000001726,ORD00009159,2026-07-09 01:00:00,Stripe,PENDING,1637.84,29.28,INR,2026-07-09 01:00:00
PAY000001727,ORD00003662,2026-06-14 14:00:00,Stripe,success,1397.02,33.78,INR,2026-06-14 14:00:00
PAY000001728,ORD00002628,2026-01-09 18:00:00,Stripe,Failed,775.53,32.32,INR,2026-01-09 18:00:00
PAY000001729,ORD00011539,2026-05-03 10:00:00,Stripe,success,366.78,17.69,INR,2026-05-03 10:00:00
PAY000001730,ORD00008448,2026-07-12 04:00:00,PayU,success,571.3,25.13,INR,2026-07-12 04:00:00
PAY000001731,ORD00004377,2026-01-13 12:00:00,Razorpay,PENDING,1971.13,8.17,INR,2026-01-13 12:00:00
PAY000001732,ORD00002575,2026-05-03 06:00:00,Razorpay,success,610.34,17.1,INR,2026-05-03 06:00:00
PAY000001733,ORD00003492,2026-04-13 21:00:00,razorpay ,Failed,1685.84,7.41,INR,2026-04-13 21:00:00
PAY000001734,ORD00010190,2026-06-05 03:00:00,,success,374.56,17.56,INR,2026-06-05 03:00:00
PAY000001735,ORD00011045,2026-01-26 01:00:00,Razorpay,PENDING,762.4,32.2,INR,2026-01-26 01:00:00
PAY000001736,ORD00011223,2026-01-30 04:00:00,PayU,success,2551.57,25.21,INR,2026-01-30 04:00:00
PAY000001737,ORD00004868,2026-07-19 03:00:00,Stripe,PENDING,2187.91,12.7,INR,2026-07-19 03:00:00
PAY000001738,ORD00005076,2026-01-24 14:00:00,PayU,REFUNDED,3386.32,11.76,INR,2026-01-24 14:00:00
PAY000001739,ORD00000718,2026-01-17 04:00:00,Stripe,success,3063.78,3.54,INR,2026-01-17 04:00:00
PAY000001740,ORD00010864,2026-06-06 15:00:00,Razorpay,success,3413.83,16.68,INR,2026-06-06 15:00:00
PAY000001741,ORD00010889,2026-02-01 13:00:00,razorpay ,success,436.87,18.23,INR,2026-02-01 13:00:00
PAY000001742,ORD00009425,2026-06-01 03:00:00,Razorpay,success,882.12,15.84,INR,2026-06-01 03:00:00
PAY000001743,ORD00008392,2026-08-19 18:00:00,razorpay ,success,344.12,30.6,INR,2026-08-19 18:00:00
PAY000001744,ORD00006644,2026-07-19 08:00:00,Cashfree,success,2921.0,15.92,INR,2026-07-19 08:00:00
PAY000001745,ORD00001696,2026-02-22 06:00:00,PayU,Failed,392.69,10.87,INR,2026-02-22 06:00:00
PAY000001746,ORD00002645,2026-03-28 22:00:00,Stripe,Failed,405.92,18.26,Rs,2026-03-28 22:00:00
PAY000001747,ORD00006854,2026-05-03 13:00:00,Razorpay,success,1417.14,5.35,INR,2026-05-03 13:00:00
PAY000001748,ORD00004513,2026-08-13 07:00:00,razorpay ,Failed,1513.05,30.5,INR,2026-08-13 07:00:00
PAY000001749,ORD00010408,2026-03-28 17:00:00,Razorpay,success,472.54,25.58,INR,2026-03-28 17:00:00
PAY000001750,ORD00001446,2026-02-19 22:00:00,Cashfree,success,1996.38,15.34,inr,2026-02-19 22:00:00
PAY000001751,ORD00004738,2026-07-14 09:00:00,Cashfree,success,2551.16,28.79,INR,2026-07-14 09:00:00
PAY000001752,ORD00003331,2026-05-26 02:00:00,Cashfree,success,1620.33,31.03,INR,2026-05-26 02:00:00
PAY000001753,ORD00008526,2026-01-20 07:00:00,razorpay ,success,1374.53,9.96,INR,2026-01-20 07:00:00
PAY000001754,ORD00002017,2026-04-30 00:00:00,Razorpay,success,2195.6,16.63,INR,2026-04-30 00:00:00
PAY000001755,ORD00003169,2026-02-28 10:00:00,Stripe,success,1221.35,17.58,INR,2026-02-28 10:00:00
PAY000001756,ORD00002539,2026-04-26 13:00:00,Cashfree,success,1193.31,3.71,INR,2026-04-26 13:00:00
PAY000001757,ORD00007059,2026-07-12 22:00:00,Cashfree,success,631.13,20.44,INR,2026-07-12 22:00:00
PAY000001758,ORD00010235,2026-08-12 14:00:00,PayU,success,533.95,22.03,INR,2026-08-12 14:00:00
PAY000001759,ORD00006288,2026-02-05 02:00:00,Stripe,success,3154.37,34.73,INR,2026-02-05 02:00:00
PAY000001760,ORD00009124,2026-05-21 23:00:00,PayU,PENDING,519.96,13.28,inr,2026-05-21 23:00:00
PAY000001761,ORD00010159,2026-04-04 08:00:00,Cashfree,success,671.55,34.91,inr,2026-04-04 08:00:00
PAY000001762,ORD00011368,2026-08-13 01:00:00,razorpay ,Failed,1112.65,25.5,INR,2026-08-13 01:00:00
PAY000001763,ORD00001964,2026-03-02 02:00:00,PayU,success,675.99,19.43,INR,2026-03-02 02:00:00
PAY000001764,ORD00005352,2026-01-20 21:00:00,Stripe,success,890.39,14.06,INR,2026-01-20 21:00:00
PAY000001765,ORD00009022,2026-04-01 19:00:00,Cashfree,success,323.33,6.14,INR,2026-04-01 19:00:00
PAY000001766,ORD00000619,2026-02-07 21:00:00,Cashfree,Failed,6906.26,16.73,Rs,2026-02-07 21:00:00
PAY000001767,ORD00002744,2026-08-23 03:00:00,Cashfree,success,806.64,12.87,INR,2026-08-23 03:00:00
PAY000001768,ORD00010676,2026-07-19 21:00:00,Cashfree,PENDING,843.44,22.06,INR,2026-07-19 21:00:00
PAY000001769,ORD00008090,2026-05-20 18:00:00,PayU,PENDING,1042.33,17.61,INR,2026-05-20 18:00:00
PAY000001770,ORD00000400,2026-02-11 02:00:00,Razorpay,REFUNDED,526.4,27.87,INR,2026-02-11 02:00:00
PAY000001771,ORD00000638,2026-08-08 15:00:00,Cashfree,success,1410.4,23.2,inr,2026-08-08 15:00:00
PAY000001772,ORD00010508,2026-02-15 13:00:00,Stripe,success,1666.17,27.64,INR,2026-02-15 13:00:00
PAY000001773,ORD00000085,2026-07-27 13:00:00,PayU,success,2251.49,20.12,INR,2026-07-27 13:00:00
PAY000001774,ORD00009798,2026-06-19 22:00:00,Cashfree,success,506.96,3.63,INR,2026-06-19 22:00:00
PAY000001775,ORD00003074,2026-02-07 08:00:00,Cashfree,success,1434.86,11.96,INR,2026-02-07 08:00:00
PAY000001776,ORD00009502,2026-02-18 19:00:00,Stripe,success,379.89,16.47,INR,2026-02-18 19:00:00
PAY000001777,ORD00009736,2026-02-13 11:00:00,Cashfree,success,2288.44,29.71,INR,2026-02-13 11:00:00
PAY000001778,ORD00005587,2026-04-05 20:00:00,PayU,success,447.01,5.29,INR,2026-04-05 20:00:00
PAY000001779,ORD00002814,2026-01-08 07:00:00,Cashfree,success,1262.62,9.88,Rs,2026-01-08 07:00:00
PAY000001780,ORD00001084,2026-01-06 12:00:00,Cashfree,success,943.35,6.19,inr,2026-01-06 12:00:00
PAY000001781,ORD00007928,2026-05-27 12:00:00,razorpay ,success,2202.04,28.72,INR,2026-05-27 12:00:00
PAY000001782,ORD00009529,2026-01-07 12:00:00,Cashfree,PENDING,1052.69,6.21,INR,2026-01-07 12:00:00
PAY000001783,ORD00005828,2026-02-11 07:00:00,PayU,success,1077.17,22.55,INR,2026-02-11 07:00:00
PAY000001784,ORD00007259,2026-01-28 15:00:00,Razorpay,PENDING,6409.32,26.48,INR,2026-01-28 15:00:00
PAY000001785,ORD00008914,2026-02-01 18:00:00,Stripe,success,611.75,13.58,INR,2026-02-01 18:00:00
PAY000001786,ORD00000478,2026-01-14 01:00:00,razorpay ,success,2362.52,2.03,INR,2026-01-14 01:00:00
PAY000001787,ORD00004887,2026-01-19 17:00:00,Razorpay,REFUNDED,648.25,7.32,INR,2026-01-19 17:00:00
PAY000001788,ORD00008637,2026-05-02 14:00:00,Stripe,Failed,2686.28,17.52,INR,2026-05-02 14:00:00
PAY000001789,ORD00007120,2026-05-18 01:00:00,razorpay ,Failed,645.82,2.86,INR,2026-05-18 01:00:00
PAY000001790,ORD00006015,2026-06-09 10:00:00,Razorpay,success,1139.71,8.83,inr,2026-06-09 10:00:00
PAY000001791,ORD00007552,2026-04-25 00:00:00,Razorpay,REFUNDED,1344.56,26.52,INR,2026-04-25 00:00:00
PAY000001792,ORD00004678,2026-08-19 10:00:00,razorpay ,success,383.46,29.8,INR,2026-08-19 10:00:00
PAY000001793,ORD00001300,2026-08-09 00:00:00,Stripe,success,3604.84,28.32,INR,2026-08-09 00:00:00
PAY000001794,ORD00004858,2026-04-03 00:00:00,Cashfree,success,1020.78,18.55,INR,2026-04-03 00:00:00
PAY000001795,ORD00000369,2026-07-18 04:00:00,Cashfree,success,638.24,34.31,Rs,2026-07-18 04:00:00
PAY000001796,ORD00004283,2026-05-17 10:00:00,Razorpay,success,990.26,34.77,INR,2026-05-17 10:00:00
PAY000001797,ORD00003529,2026-02-23 05:00:00,PayU,success,620.31,34.28,inr,2026-02-23 05:00:00
PAY000001798,ORD00006033,2026-05-13 01:00:00,Stripe,success,493.63,25.67,Rs,2026-05-13 01:00:00
PAY000001799,ORD00005899,2026-05-10 07:00:00,razorpay ,success,1419.06,23.82,INR,2026-05-10 07:00:00
PAY000001800,ORD00011054,2026-01-16 08:00:00,Stripe,Failed,889.5,27.28,INR,2026-01-16 08:00:00
PAY000001801,ORD00006929,2026-08-07 10:00:00,Cashfree,success,454.1,26.49,INR,2026-08-07 10:00:00
PAY000001802,ORD00006894,2026-08-03 22:00:00,Stripe,success,590.95,5.8,INR,2026-08-03 22:00:00
PAY000001803,ORD00008143,2026-02-05 12:00:00,Cashfree,success,1304.71,6.29,INR,2026-02-05 12:00:00
PAY000001804,ORD00011085,2026-04-05 12:00:00,Stripe,success,1555.08,2.97,INR,2026-04-05 12:00:00
PAY000001805,ORD00008834,2026-08-06 01:00:00,Cashfree,success,1737.79,31.95,INR,2026-08-06 01:00:00
PAY000001806,ORD00007439,2026-01-18 23:00:00,razorpay ,Failed,2219.46,13.14,INR,2026-01-18 23:00:00
PAY000001807,ORD00009965,2026-04-10 15:00:00,razorpay ,success,1038.29,23.94,inr,2026-04-10 15:00:00
PAY000001808,ORD00009946,2026-03-25 05:00:00,Razorpay,success,2454.79,11.73,INR,2026-03-25 05:00:00
PAY000001809,ORD00009074,2026-05-08 11:00:00,PayU,success,797.29,3.54,INR,2026-05-08 11:00:00
PAY000001810,ORD00007411,2026-03-12 03:00:00,Razorpay,Failed,1429.6,17.34,INR,2026-03-12 03:00:00
PAY000001811,ORD00000022,2026-06-03 20:00:00,Razorpay,success,860.98,19.09,INR,2026-06-03 20:00:00
PAY000001812,ORD00004742,2026-05-22 04:00:00,Stripe,success,343.47,20.45,INR,2026-05-22 04:00:00
PAY000001813,ORD00001839,2026-06-17 04:00:00,Razorpay,success,1136.23,26.1,INR,2026-06-17 04:00:00
PAY000001814,ORD00006059,2026-06-12 00:00:00,Cashfree,success,2044.89,26.63,INR,2026-06-12 00:00:00
PAY000001815,ORD00004974,2026-07-25 17:00:00,Stripe,success,2370.01,23.83,INR,2026-07-25 17:00:00
PAY000001816,ORD00010029,2026-04-19 22:00:00,Razorpay,success,466.04,7.0,inr,2026-04-19 22:00:00
PAY000001817,ORD00003084,2026-08-13 05:00:00,Cashfree,success,876.95,34.63,INR,2026-08-13 05:00:00
PAY000001818,ORD00009798,2026-01-31 14:00:00,PayU,success,589.08,20.52,INR,2026-01-31 14:00:00
PAY000001819,ORD00006461,2026-02-09 18:00:00,Razorpay,REFUNDED,796.95,27.26,inr,2026-02-09 18:00:00
PAY000001820,ORD00011716,2026-06-08 16:00:00,razorpay ,PENDING,318.01,8.02,INR,2026-06-08 16:00:00
PAY000001821,ORD00010603,2026-01-30 06:00:00,Stripe,success,1534.18,19.25,inr,2026-01-30 06:00:00
PAY000001822,ORD00001657,2026-01-06 08:00:00,Stripe,success,781.89,2.65,INR,2026-01-06 08:00:00
PAY000001823,ORD00001249,2026-08-27 02:00:00,PayU,success,1190.36,9.82,INR,2026-08-27 02:00:00
PAY000001824,ORD00010635,2026-05-23 06:00:00,,success,943.9,28.39,INR,2026-05-23 06:00:00
PAY000001825,ORD00006520,2026-04-13 05:00:00,Razorpay,success,2531.88,14.69,INR,2026-04-13 05:00:00
PAY000001826,ORD00009669,2026-03-30 16:00:00,Cashfree,success,2121.64,14.0,INR,2026-03-30 16:00:00
PAY000001827,ORD00010060,2026-07-12 02:00:00,Stripe,Failed,198.26,19.09,INR,2026-07-12 02:00:00
PAY000001828,ORD00000020,2026-04-07 16:00:00,Stripe,success,3539.78,21.61,inr,2026-04-07 16:00:00
PAY000001829,ORD00008829,2026-02-27 15:00:00,PayU,success,1579.21,8.04,INR,2026-02-27 15:00:00
PAY000001830,ORD00002475,2026-05-06 20:00:00,razorpay ,success,1235.92,26.93,INR,2026-05-06 20:00:00
PAY000001831,ORD00002845,2026-04-25 16:00:00,razorpay ,success,4541.35,11.49,INR,2026-04-25 16:00:00
PAY000001832,ORD00001891,2026-07-23 02:00:00,Cashfree,success,1093.43,11.4,INR,2026-07-23 02:00:00
PAY000001833,ORD00002603,2026-02-16 16:00:00,Stripe,success,1967.76,32.99,INR,2026-02-16 16:00:00
PAY000001834,ORD00002304,2026-03-24 23:00:00,Cashfree,success,1808.9,13.28,Rs,2026-03-24 23:00:00
PAY000001835,ORD00003996,2026-05-21 11:00:00,Razorpay,success,747.12,8.29,INR,2026-05-21 11:00:00
PAY000001836,ORD00010828,2026-07-13 10:00:00,Stripe,PENDING,1384.37,5.43,INR,2026-07-13 10:00:00
PAY000001837,ORD00005849,2026-02-06 06:00:00,razorpay ,success,1511.63,24.91,inr,2026-02-06 06:00:00
PAY000001838,ORD00003574,2026-04-12 21:00:00,Razorpay,success,1199.03,4.97,INR,2026-04-12 21:00:00
PAY000001839,ORD00007081,2026-02-15 12:00:00,Razorpay,success,959.68,29.09,INR,2026-02-15 12:00:00
PAY000001840,ORD00010205,2026-04-14 16:00:00,Cashfree,success,701.02,11.41,INR,2026-04-14 16:00:00
PAY000001841,ORD00005890,2026-03-15 11:00:00,PayU,success,1855.04,11.86,INR,2026-03-15 11:00:00
PAY000001842,ORD00000160,2026-04-16 06:00:00,PayU,REFUNDED,569.11,9.32,INR,2026-04-16 06:00:00
PAY000001843,ORD00009706,2026-06-23 16:00:00,PayU,success,2038.63,9.96,INR,2026-06-23 16:00:00
PAY000001844,ORD00007121,2026-04-21 02:00:00,razorpay ,success,1028.27,27.58,INR,2026-04-21 02:00:00
PAY000001845,ORD00011526,2026-08-20 18:00:00,,success,443.68,29.97,inr,2026-08-20 18:00:00
PAY000001846,ORD00009264,2026-06-07 21:00:00,Cashfree,success,300.35,9.24,INR,2026-06-07 21:00:00
PAY000001847,ORD00002395,2026-01-28 22:00:00,Cashfree,Failed,245.85,31.16,INR,2026-01-28 22:00:00
PAY000001848,ORD00003641,2026-02-06 22:00:00,Razorpay,success,1254.76,8.84,INR,2026-02-06 22:00:00
PAY000001849,ORD00004667,2026-07-21 20:00:00,razorpay ,success,1466.84,14.09,INR,2026-07-21 20:00:00
PAY000001850,ORD00010865,2026-07-06 19:00:00,Razorpay,success,917.34,31.53,INR,2026-07-06 19:00:00
PAY000001851,ORD00004389,2026-02-05 15:00:00,Stripe,success,1383.35,15.52,INR,2026-02-05 15:00:00
PAY000001852,ORD00004225,2026-02-08 19:00:00,PayU,success,1057.85,12.26,INR,2026-02-08 19:00:00
PAY000001853,ORD00010797,2026-04-30 00:00:00,Razorpay,success,433.81,13.3,INR,2026-04-30 00:00:00
PAY000001854,ORD00011074,2026-06-11 08:00:00,Cashfree,Failed,539.94,8.09,INR,2026-06-11 08:00:00
PAY000001855,ORD00009102,2026-07-31 00:00:00,razorpay ,success,953.38,7.33,INR,2026-07-31 00:00:00
PAY000001856,ORD00007923,2026-01-14 07:00:00,Stripe,success,676.01,30.91,INR,2026-01-14 07:00:00
PAY000001857,ORD00009279,2026-06-01 11:00:00,Cashfree,success,1380.82,7.91,INR,2026-06-01 11:00:00
PAY000001858,ORD00007302,2026-01-22 14:00:00,Cashfree,success,1007.22,4.57,INR,2026-01-22 14:00:00
PAY000001859,ORD00008999,2026-02-24 18:00:00,razorpay ,success,823.43,15.1,INR,2026-02-24 18:00:00
PAY000001860,ORD00003531,2026-01-28 17:00:00,Razorpay,success,312.3,33.55,INR,2026-01-28 17:00:00
PAY000001861,ORD00004370,2026-08-21 18:00:00,Razorpay,success,1682.22,7.99,INR,2026-08-21 18:00:00
PAY000001862,ORD00008360,2026-06-09 13:00:00,Razorpay,success,751.65,27.3,INR,2026-06-09 13:00:00
PAY000001863,ORD00007173,2026-05-01 18:00:00,razorpay ,success,2308.73,27.64,INR,2026-05-01 18:00:00
PAY000001864,ORD00011571,2026-04-11 08:00:00,razorpay ,success,728.33,10.23,INR,2026-04-11 08:00:00
PAY000001865,ORD00008428,2026-04-16 08:00:00,Razorpay,success,1286.01,31.62,INR,2026-04-16 08:00:00
PAY000001866,ORD00006567,2026-07-02 05:00:00,PayU,success,1809.38,26.17,INR,2026-07-02 05:00:00
PAY000001867,ORD00008174,2026-07-28 13:00:00,razorpay ,success,2404.97,8.56,INR,2026-07-28 13:00:00
PAY000001868,ORD00010168,2026-08-07 19:00:00,Stripe,success,355.21,10.96,INR,2026-08-07 19:00:00
PAY000001869,ORD00001529,2026-03-10 00:00:00,Cashfree,success,3009.65,19.09,INR,2026-03-10 00:00:00
PAY000001870,ORD00000499,2026-01-18 19:00:00,Cashfree,success,534.9,6.08,INR,2026-01-18 19:00:00
PAY000001871,ORD00010016,2026-02-11 20:00:00,Cashfree,success,667.04,21.82,INR,2026-02-11 20:00:00
PAY000001872,ORD00010682,2026-03-29 01:00:00,PayU,success,2801.18,16.1,INR,2026-03-29 01:00:00
PAY000001873,ORD00005312,2026-05-21 02:00:00,PayU,success,1060.73,3.5,INR,2026-05-21 02:00:00
PAY000001874,ORD00000009,2026-04-02 23:00:00,PayU,PENDING,1079.64,22.33,INR,2026-04-02 23:00:00
PAY000001875,ORD00006585,2026-08-17 17:00:00,razorpay ,success,1014.3,29.2,INR,2026-08-17 17:00:00
PAY000001876,ORD00008380,2026-05-20 04:00:00,Stripe,success,692.73,19.52,INR,2026-05-20 04:00:00
PAY000001877,ORD00003594,2026-07-21 08:00:00,Stripe,success,1378.34,20.79,INR,2026-07-21 08:00:00
PAY000001878,ORD00006909,2026-03-07 04:00:00,razorpay ,success,1299.79,28.89,INR,2026-03-07 04:00:00
PAY000001879,ORD00008584,2026-07-08 01:00:00,,success,2364.73,30.62,inr,2026-07-08 01:00:00
PAY000001880,ORD00000151,2026-01-26 16:00:00,Cashfree,success,1915.42,11.81,INR,2026-01-26 16:00:00
PAY000001881,ORD00010853,2026-02-23 23:00:00,Stripe,success,904.27,30.11,Rs,2026-02-23 23:00:00
PAY000001882,ORD00002829,2026-01-10 20:00:00,razorpay ,success,552.16,25.03,INR,2026-01-10 20:00:00
PAY000001883,ORD00009219,2026-05-01 21:00:00,Cashfree,success,780.87,20.57,INR,2026-05-01 21:00:00
PAY000001884,ORD00004859,2026-03-19 00:00:00,PayU,success,908.16,7.67,INR,2026-03-19 00:00:00
PAY000001885,ORD00009422,2026-08-07 08:00:00,Cashfree,success,833.17,8.97,INR,2026-08-07 08:00:00
PAY000001886,ORD00008188,2026-08-10 12:00:00,Cashfree,success,994.42,29.63,INR,2026-08-10 12:00:00
PAY000001887,ORD00003683,2026-02-11 05:00:00,PayU,success,557.42,2.66,INR,2026-02-11 05:00:00
PAY000001888,ORD00008693,2026-04-16 22:00:00,Stripe,success,1529.3,4.0,INR,2026-04-16 22:00:00
PAY000001889,ORD00005817,2026-01-27 22:00:00,Cashfree,Failed,3018.25,21.85,INR,2026-01-27 22:00:00
PAY000001890,ORD00003100,2026-06-07 13:00:00,Razorpay,PENDING,4071.56,29.62,INR,2026-06-07 13:00:00
PAY000001891,ORD00003279,2026-08-23 15:00:00,Stripe,success,891.47,17.19,INR,2026-08-23 15:00:00
PAY000001892,ORD00003169,2026-03-22 06:00:00,Cashfree,success,5394.95,11.74,INR,2026-03-22 06:00:00
PAY000001893,ORD00007848,2026-03-04 19:00:00,PayU,success,566.56,14.43,INR,2026-03-04 19:00:00
PAY000001894,ORD00010787,2026-02-06 04:00:00,PayU,success,1005.21,3.72,INR,2026-02-06 04:00:00
PAY000001895,ORD00007863,2026-06-11 18:00:00,Razorpay,success,1888.63,4.5,INR,2026-06-11 18:00:00
PAY000001896,ORD00011816,2026-08-15 22:00:00,Cashfree,success,7676.94,3.42,INR,2026-08-15 22:00:00
PAY000001897,ORD00011560,2026-05-19 04:00:00,Stripe,success,743.64,23.55,Rs,2026-05-19 04:00:00
PAY000001898,ORD00000180,2026-02-09 05:00:00,razorpay ,success,974.37,20.07,INR,2026-02-09 05:00:00
PAY000001899,ORD00007843,2026-07-12 23:00:00,Stripe,Failed,1142.74,2.62,INR,2026-07-12 23:00:00
PAY000001900,ORD00000391,2026-01-18 14:00:00,Cashfree,success,1622.09,33.85,INR,2026-01-18 14:00:00
PAY000001901,ORD00009109,2026-03-19 08:00:00,PayU,success,538.99,9.68,INR,2026-03-19 08:00:00
PAY000001902,ORD00009517,2026-06-14 08:00:00,Cashfree,Failed,1160.57,27.55,INR,2026-06-14 08:00:00
PAY000001903,ORD00001345,2026-05-05 16:00:00,Razorpay,success,2421.85,26.63,INR,2026-05-05 16:00:00
PAY000001904,ORD00002999,2026-02-11 18:00:00,razorpay ,success,1630.98,21.73,INR,2026-02-11 18:00:00
PAY000001905,ORD00001908,2026-08-16 14:00:00,Cashfree,success,1401.95,28.78,INR,2026-08-16 14:00:00
PAY000001906,ORD00005806,2026-04-27 17:00:00,razorpay ,success,298.58,8.61,INR,2026-04-27 17:00:00
PAY000001907,ORD00006313,2026-04-14 10:00:00,PayU,PENDING,3091.52,31.76,INR,2026-04-14 10:00:00
PAY000001908,ORD00010007,2026-03-30 13:00:00,razorpay ,success,1716.68,32.13,INR,2026-03-30 13:00:00
PAY000001909,ORD00010994,2026-07-06 21:00:00,Razorpay,REFUNDED,798.56,6.7,INR,2026-07-06 21:00:00
PAY000001910,ORD00005063,2026-03-14 05:00:00,PayU,success,1547.59,31.12,INR,2026-03-14 05:00:00
PAY000001911,ORD00003654,2026-06-12 09:00:00,razorpay ,success,2647.71,11.42,INR,2026-06-12 09:00:00
PAY000001912,ORD00004128,2026-01-24 15:00:00,PayU,success,739.17,15.53,INR,2026-01-24 15:00:00
PAY000001913,ORD00000192,2026-04-24 11:00:00,Razorpay,success,2543.72,20.04,INR,2026-04-24 11:00:00
PAY000001914,ORD00001464,2026-07-19 21:00:00,PayU,success,1319.01,29.49,INR,2026-07-19 21:00:00
PAY000001915,ORD00009053,2026-02-06 10:00:00,Razorpay,success,442.63,30.54,INR,2026-02-06 10:00:00
PAY000001916,ORD00004722,2026-07-20 23:00:00,Stripe,success,571.99,14.49,Rs,2026-07-20 23:00:00
PAY000001917,ORD00004588,2026-07-09 10:00:00,Cashfree,success,2558.91,22.96,INR,2026-07-09 10:00:00
PAY000001918,ORD00003845,2026-02-16 17:00:00,razorpay ,success,870.82,3.02,inr,2026-02-16 17:00:00
PAY000001919,ORD00003296,2026-02-19 16:00:00,razorpay ,Failed,812.84,29.4,INR,2026-02-19 16:00:00
PAY000001920,ORD00005678,2026-04-11 18:00:00,Cashfree,success,786.9,33.4,INR,2026-04-11 18:00:00
PAY000001921,ORD00001129,2026-07-09 10:00:00,razorpay ,success,1193.05,24.95,inr,2026-07-09 10:00:00
PAY000001922,ORD00003181,2026-05-18 19:00:00,razorpay ,success,753.33,18.52,INR,2026-05-18 19:00:00
PAY000001923,ORD00008324,2026-03-19 20:00:00,PayU,REFUNDED,918.26,4.62,INR,2026-03-19 20:00:00
PAY000001924,ORD00007293,2026-01-15 01:00:00,PayU,success,1085.46,25.24,INR,2026-01-15 01:00:00
PAY000001925,ORD00001223,2026-06-11 20:00:00,PayU,success,202.14,21.47,INR,2026-06-11 20:00:00
PAY000001926,ORD00008511,2026-01-15 01:00:00,razorpay ,success,883.25,16.16,INR,2026-01-15 01:00:00
PAY000001927,ORD00005444,2026-06-04 08:00:00,razorpay ,success,966.42,19.52,inr,2026-06-04 08:00:00
PAY000001928,ORD00007832,2026-04-14 07:00:00,Stripe,success,2835.74,27.64,INR,2026-04-14 07:00:00
PAY000001929,ORD00004565,2026-04-28 18:00:00,PayU,REFUNDED,606.78,30.62,INR,2026-04-28 18:00:00
PAY000001930,ORD00006903,2026-03-02 13:00:00,razorpay ,success,7671.92,5.09,INR,2026-03-02 13:00:00
PAY000001931,ORD00006650,2026-04-11 00:00:00,PayU,success,715.45,28.37,INR,2026-04-11 00:00:00
PAY000001932,ORD00003441,2026-02-23 15:00:00,razorpay ,Failed,1272.25,13.58,INR,2026-02-23 15:00:00
PAY000001933,ORD00004536,2026-03-11 16:00:00,razorpay ,success,3248.57,15.9,INR,2026-03-11 16:00:00
PAY000001934,ORD00005788,2026-07-13 15:00:00,PayU,success,1549.28,27.34,Rs,2026-07-13 15:00:00
PAY000001935,ORD00010218,2026-07-30 12:00:00,razorpay ,success,495.31,28.33,INR,2026-07-30 12:00:00
PAY000001936,ORD00007427,2026-06-19 17:00:00,razorpay ,success,1425.83,3.67,INR,2026-06-19 17:00:00
PAY000001937,ORD00000035,2026-06-12 01:00:00,Stripe,success,2894.46,22.39,INR,2026-06-12 01:00:00
PAY000001938,ORD00008510,2026-02-01 15:00:00,Stripe,Failed,771.22,8.64,INR,2026-02-01 15:00:00
PAY000001939,ORD00006374,2026-04-15 22:00:00,razorpay ,success,1258.53,26.37,INR,2026-04-15 22:00:00
PAY000001940,ORD00004942,2026-08-25 07:00:00,Stripe,success,1277.24,27.4,INR,2026-08-25 07:00:00
PAY000001941,ORD00002089,2026-02-06 06:00:00,razorpay ,success,2611.81,32.69,INR,2026-02-06 06:00:00
PAY000001942,ORD00009820,2026-08-27 20:00:00,Razorpay,Failed,327.59,12.1,INR,2026-08-27 20:00:00
PAY000001943,ORD00005425,2026-01-19 22:00:00,Razorpay,success,239.54,26.29,INR,2026-01-19 22:00:00
PAY000001944,ORD00006954,2026-06-03 21:00:00,Cashfree,success,1472.66,31.36,INR,2026-06-03 21:00:00
PAY000001945,ORD00008449,2026-05-06 12:00:00,Cashfree,PENDING,2054.63,8.38,INR,2026-05-06 12:00:00
PAY000001946,ORD00000191,2026-07-04 11:00:00,Razorpay,success,675.12,19.68,INR,2026-07-04 11:00:00
PAY000001947,ORD00003424,2026-04-12 07:00:00,razorpay ,REFUNDED,753.53,12.78,Rs,2026-04-12 07:00:00
PAY000001948,ORD00001272,2026-05-01 20:00:00,PayU,success,307.03,30.7,INR,2026-05-01 20:00:00
PAY000001949,ORD00009340,2026-02-01 09:00:00,razorpay ,success,1901.33,22.79,INR,2026-02-01 09:00:00
PAY000001950,ORD00008729,2026-07-22 23:00:00,Razorpay,success,418.81,4.24,INR,2026-07-22 23:00:00
PAY000001951,ORD00011945,2026-04-22 23:00:00,Cashfree,success,526.23,11.56,INR,2026-04-22 23:00:00
PAY000001952,ORD00007537,2026-03-09 22:00:00,PayU,success,3279.01,31.61,inr,2026-03-09 22:00:00
PAY000001953,ORD00002499,2026-05-14 14:00:00,Stripe,success,1685.53,19.84,INR,2026-05-14 14:00:00
PAY000001954,ORD00006948,2026-07-16 14:00:00,Stripe,success,1300.44,2.38,INR,2026-07-16 14:00:00
PAY000001955,ORD00007231,2026-03-19 01:00:00,Cashfree,success,1631.25,20.32,INR,2026-03-19 01:00:00
PAY000001956,ORD00008447,2026-08-12 17:00:00,Razorpay,success,1468.52,6.53,INR,2026-08-12 17:00:00
PAY000001957,ORD00011648,2026-01-20 23:00:00,razorpay ,success,543.55,21.21,INR,2026-01-20 23:00:00
PAY000001958,ORD00007493,2026-07-16 02:00:00,Cashfree,success,1443.27,20.32,INR,2026-07-16 02:00:00
PAY000001959,ORD00003363,2026-02-27 07:00:00,PayU,success,1417.53,4.69,Rs,2026-02-27 07:00:00
PAY000001960,ORD00009849,2026-02-14 03:00:00,Stripe,success,656.02,9.88,INR,2026-02-14 03:00:00
PAY000001961,ORD00011023,2026-04-23 19:00:00,Razorpay,PENDING,1433.22,7.66,INR,2026-04-23 19:00:00
PAY000001962,ORD00001851,2026-07-06 05:00:00,Razorpay,Failed,532.14,13.41,INR,2026-07-06 05:00:00
PAY000001963,ORD00009749,2026-01-27 11:00:00,razorpay ,success,2808.42,31.29,inr,2026-01-27 11:00:00
PAY000001964,ORD00004380,2026-05-20 21:00:00,Stripe,success,2404.76,21.66,INR,2026-05-20 21:00:00
PAY000001965,ORD00006587,2026-04-18 11:00:00,razorpay ,success,441.2,11.2,INR,2026-04-18 11:00:00
PAY000001966,ORD00009605,2026-02-22 07:00:00,PayU,success,672.96,19.71,INR,2026-02-22 07:00:00
PAY000001967,ORD00000557,2026-07-31 07:00:00,Cashfree,success,677.78,28.6,INR,2026-07-31 07:00:00
PAY000001968,ORD00011027,2026-07-06 15:00:00,Razorpay,success,1262.79,27.64,INR,2026-07-06 15:00:00
PAY000001969,ORD00011262,2026-04-21 11:00:00,Stripe,success,3297.32,34.56,INR,2026-04-21 11:00:00
PAY000001970,ORD00009711,2026-01-15 03:00:00,PayU,success,1707.48,7.08,INR,2026-01-15 03:00:00
PAY000001971,ORD00001566,2026-03-06 03:00:00,Razorpay,success,2699.72,23.57,INR,2026-03-06 03:00:00
PAY000001972,ORD00003258,2026-03-18 03:00:00,PayU,success,686.87,18.96,INR,2026-03-18 03:00:00
PAY000001973,ORD00010646,2026-03-19 23:00:00,Razorpay,REFUNDED,1195.91,16.12,INR,2026-03-19 23:00:00
PAY000001974,ORD00007927,2026-01-15 10:00:00,PayU,success,828.4,22.86,INR,2026-01-15 10:00:00
PAY000001975,ORD00005759,2026-06-01 00:00:00,Cashfree,success,4361.65,34.96,INR,2026-06-01 00:00:00
PAY000001976,ORD00002694,2026-02-13 23:00:00,Stripe,REFUNDED,779.38,31.62,INR,2026-02-13 23:00:00
PAY000001977,ORD00003585,2026-05-24 18:00:00,Cashfree,success,576.45,21.2,INR,2026-05-24 18:00:00
PAY000001978,ORD00001972,2026-08-07 05:00:00,Stripe,success,857.55,4.28,INR,2026-08-07 05:00:00
PAY000001979,ORD00001281,2026-08-24 08:00:00,Razorpay,success,450.1,30.55,INR,2026-08-24 08:00:00
PAY000001980,ORD00011927,2026-08-02 07:00:00,Razorpay,success,822.52,8.26,INR,2026-08-02 07:00:00
PAY000001981,ORD00008402,2026-08-08 21:00:00,Razorpay,success,507.33,23.73,INR,2026-08-08 21:00:00
PAY000001982,ORD00002636,2026-02-27 23:00:00,razorpay ,success,478.81,25.34,INR,2026-02-27 23:00:00
PAY000001983,ORD00002916,2026-04-28 05:00:00,razorpay ,success,1080.82,21.65,INR,2026-04-28 05:00:00
PAY000001984,ORD00008144,2026-01-19 17:00:00,PayU,success,1825.18,4.43,INR,2026-01-19 17:00:00
PAY000001985,ORD00000056,2026-01-16 15:00:00,Razorpay,Failed,1270.66,29.05,inr,2026-01-16 15:00:00
PAY000001986,ORD00000965,2026-07-24 18:00:00,Razorpay,success,2305.93,13.34,INR,2026-07-24 18:00:00
PAY000001987,ORD00007600,2026-01-03 08:00:00,Razorpay,success,704.64,5.12,INR,2026-01-03 08:00:00
PAY000001988,ORD00002413,2026-07-27 19:00:00,Cashfree,success,4244.59,27.04,INR,2026-07-27 19:00:00
PAY000001989,ORD00004399,2026-03-25 02:00:00,Stripe,PENDING,1005.1,12.31,INR,2026-03-25 02:00:00
PAY000001990,ORD00005339,2026-07-13 05:00:00,razorpay ,success,883.56,5.67,INR,2026-07-13 05:00:00
PAY000001991,ORD00007488,2026-01-08 07:00:00,razorpay ,success,1611.47,4.0,INR,2026-01-08 07:00:00
PAY000001992,ORD00011168,2026-01-13 17:00:00,,Failed,664.56,34.63,INR,2026-01-13 17:00:00
PAY000001993,ORD00005938,2026-06-20 18:00:00,PayU,success,2662.41,29.3,INR,2026-06-20 18:00:00
PAY000001994,ORD00011773,2026-04-25 06:00:00,PayU,success,654.22,27.46,INR,2026-04-25 06:00:00
PAY000001995,ORD00008891,2026-03-09 21:00:00,Razorpay,success,937.25,18.57,inr,2026-03-09 21:00:00
PAY000001996,ORD00011294,2026-08-10 11:00:00,razorpay ,success,1945.07,9.03,INR,2026-08-10 11:00:00
PAY000001997,ORD00008516,2026-03-14 07:00:00,PayU,success,2233.94,28.41,Rs,2026-03-14 07:00:00
PAY000001998,ORD00003355,2026-07-01 09:00:00,Stripe,success,1264.78,22.99,INR,2026-07-01 09:00:00
PAY000001999,ORD00004308,2026-08-14 17:00:00,Stripe,success,2650.99,23.0,INR,2026-08-14 17:00:00
PAY000002000,ORD00007492,2026-05-28 04:00:00,Cashfree,success,434.65,10.61,inr,2026-05-28 04:00:00
PAY000002001,ORD00003017,2026-04-14 05:00:00,Stripe,REFUNDED,3167.67,4.75,INR,2026-04-14 05:00:00
PAY000002002,ORD00000130,2026-02-27 22:00:00,PayU,success,1709.3,5.56,INR,2026-02-27 22:00:00
PAY000002003,ORD00000688,2026-04-01 14:00:00,razorpay ,success,852.19,4.94,INR,2026-04-01 14:00:00
PAY000002004,ORD00000809,2026-06-09 16:00:00,Stripe,success,535.3,32.96,INR,2026-06-09 16:00:00
PAY000002005,ORD00000528,2026-02-11 04:00:00,PayU,success,1430.6,5.4,INR,2026-02-11 04:00:00
PAY000002006,ORD00004624,2026-03-15 18:00:00,Razorpay,success,191.03,18.54,INR,2026-03-15 18:00:00
PAY000002007,ORD00005962,2026-02-27 14:00:00,PayU,Failed,1655.19,19.49,INR,2026-02-27 14:00:00
PAY000002008,ORD00003084,2026-08-13 02:00:00,PayU,Failed,592.59,26.06,INR,2026-08-13 02:00:00
PAY000002009,ORD00010996,2026-02-25 07:00:00,Stripe,success,580.8,33.23,INR,2026-02-25 07:00:00
PAY000002010,ORD00007747,2026-07-27 13:00:00,razorpay ,success,859.89,33.23,INR,2026-07-27 13:00:00
PAY000002011,ORD00004273,2026-08-27 10:00:00,Stripe,success,2117.52,2.36,INR,2026-08-27 10:00:00
PAY000002012,ORD00008601,2026-03-26 12:00:00,Stripe,success,889.28,19.68,inr,2026-03-26 12:00:00
PAY000002013,ORD00001431,2026-07-27 03:00:00,razorpay ,Failed,2299.82,10.3,INR,2026-07-27 03:00:00
PAY000002014,ORD00003451,2026-03-15 13:00:00,Cashfree,success,1600.29,23.61,INR,2026-03-15 13:00:00
PAY000002015,ORD00010909,2026-01-17 08:00:00,PayU,PENDING,1675.21,11.55,INR,2026-01-17 08:00:00
PAY000002016,ORD00005474,2026-08-12 06:00:00,Razorpay,PENDING,790.26,2.55,INR,2026-08-12 06:00:00
PAY000002017,ORD00004728,2026-02-14 14:00:00,Cashfree,success,540.75,22.36,INR,2026-02-14 14:00:00
PAY000002018,ORD00001425,2026-04-12 12:00:00,Razorpay,Failed,585.6,29.13,inr,2026-04-12 12:00:00
PAY000002019,ORD00008871,2026-02-23 20:00:00,Stripe,success,1029.77,23.41,INR,2026-02-23 20:00:00
PAY000002020,ORD00005672,2026-04-22 09:00:00,Stripe,success,540.8,12.22,INR,2026-04-22 09:00:00
PAY000002021,ORD00003470,2026-06-10 20:00:00,PayU,success,561.12,34.45,INR,2026-06-10 20:00:00
PAY000002022,ORD00004000,2026-04-02 18:00:00,razorpay ,success,564.08,27.03,INR,2026-04-02 18:00:00
PAY000002023,ORD00000342,2026-01-04 01:00:00,Stripe,success,2986.2,15.08,INR,2026-01-04 01:00:00
PAY000002024,ORD00007470,2026-05-01 23:00:00,PayU,Failed,815.91,10.12,INR,2026-05-01 23:00:00
PAY000002025,ORD00009689,2026-03-15 11:00:00,Cashfree,success,1695.23,4.41,INR,2026-03-15 11:00:00
PAY000002026,ORD00005992,2026-03-22 08:00:00,PayU,success,1426.99,8.88,INR,2026-03-22 08:00:00
PAY000002027,ORD00006669,2026-07-17 07:00:00,Cashfree,PENDING,741.71,9.19,Rs,2026-07-17 07:00:00
PAY000002028,ORD00010492,2026-08-05 16:00:00,Stripe,success,1315.99,23.52,INR,2026-08-05 16:00:00
PAY000002029,ORD00001924,2026-06-14 15:00:00,Razorpay,Failed,1179.95,32.87,INR,2026-06-14 15:00:00
PAY000002030,ORD00005024,2026-01-12 02:00:00,Cashfree,success,2713.77,28.36,INR,2026-01-12 02:00:00
PAY000002031,ORD00002782,2026-07-10 14:00:00,razorpay ,Failed,1205.6,7.77,INR,2026-07-10 14:00:00
PAY000002032,ORD00001821,2026-03-12 20:00:00,PayU,success,966.5,21.36,Rs,2026-03-12 20:00:00
PAY000002033,ORD00000763,2026-08-08 12:00:00,Stripe,Failed,1044.67,30.06,INR,2026-08-08 12:00:00
PAY000002034,ORD00007317,2026-06-19 23:00:00,PayU,success,585.4,3.89,inr,2026-06-19 23:00:00
PAY000002035,ORD00010806,2026-02-13 19:00:00,Razorpay,success,1263.24,21.65,INR,2026-02-13 19:00:00
PAY000002036,ORD00005238,2026-07-29 20:00:00,razorpay ,success,621.22,10.72,inr,2026-07-29 20:00:00
PAY000002037,ORD00008217,2026-08-04 23:00:00,razorpay ,PENDING,2214.1,25.94,INR,2026-08-04 23:00:00
PAY000002038,ORD00009933,2026-05-01 23:00:00,Stripe,PENDING,496.57,7.68,inr,2026-05-01 23:00:00
PAY000002039,ORD00006847,2026-04-18 04:00:00,Stripe,success,808.93,10.1,INR,2026-04-18 04:00:00
PAY000002040,ORD00003051,2026-08-04 20:00:00,razorpay ,success,2476.31,12.09,INR,2026-08-04 20:00:00
PAY000002041,ORD00001357,2026-04-03 02:00:00,Razorpay,success,1621.02,15.59,Rs,2026-04-03 02:00:00
PAY000002042,ORD00002910,2026-03-03 03:00:00,Razorpay,Failed,2983.22,26.86,INR,2026-03-03 03:00:00
PAY000002043,ORD00008941,2026-08-04 03:00:00,PayU,success,3178.14,5.4,INR,2026-08-04 03:00:00
PAY000002044,ORD00005556,2026-03-15 17:00:00,PayU,success,1532.14,3.69,INR,2026-03-15 17:00:00
PAY000002045,ORD00002079,2026-03-15 00:00:00,PayU,PENDING,1794.18,8.89,INR,2026-03-15 00:00:00
PAY000002046,ORD00000869,2026-02-19 06:00:00,Stripe,Failed,631.23,30.0,INR,2026-02-19 06:00:00
PAY000002047,ORD00005691,2026-04-09 02:00:00,Stripe,REFUNDED,2071.69,10.98,INR,2026-04-09 02:00:00
PAY000002048,ORD00001380,2026-01-13 18:00:00,razorpay ,success,2321.03,14.84,Rs,2026-01-13 18:00:00
PAY000002049,ORD00007000,2026-05-24 03:00:00,PayU,success,964.52,10.09,INR,2026-05-24 03:00:00
PAY000002050,ORD00003251,2026-08-20 16:00:00,Stripe,success,1808.72,32.74,INR,2026-08-20 16:00:00
PAY000002051,ORD00007500,2026-03-01 23:00:00,Stripe,Failed,906.98,8.19,INR,2026-03-01 23:00:00
PAY000002052,ORD00006237,2026-01-14 13:00:00,razorpay ,success,835.75,8.73,INR,2026-01-14 13:00:00
PAY000002053,ORD00009174,2026-07-08 09:00:00,Razorpay,REFUNDED,1613.82,14.02,Rs,2026-07-08 09:00:00
PAY000002054,ORD00009686,2026-03-27 18:00:00,Stripe,success,1847.61,33.35,INR,2026-03-27 18:00:00
PAY000002055,ORD00010838,2026-04-25 23:00:00,razorpay ,success,816.74,31.5,INR,2026-04-25 23:00:00
PAY000002056,ORD00002741,2026-03-09 22:00:00,PayU,Failed,732.43,24.85,INR,2026-03-09 22:00:00
PAY000002057,ORD00009249,2026-03-18 04:00:00,PayU,success,1186.48,15.86,INR,2026-03-18 04:00:00
PAY000002058,ORD00010104,2026-01-15 07:00:00,Cashfree,Failed,3171.35,25.24,INR,2026-01-15 07:00:00
PAY000002059,ORD00006964,2026-03-13 01:00:00,Stripe,success,741.5,7.93,INR,2026-03-13 01:00:00
PAY000002060,ORD00004674,2026-06-17 15:00:00,razorpay ,success,830.83,24.35,INR,2026-06-17 15:00:00
PAY000002061,ORD00001572,2026-03-27 01:00:00,Cashfree,success,661.95,2.11,INR,2026-03-27 01:00:00
PAY000002062,ORD00001900,2026-04-22 12:00:00,razorpay ,success,1569.5,3.16,INR,2026-04-22 12:00:00
PAY000002063,ORD00003254,2026-04-19 12:00:00,Cashfree,success,3880.08,2.88,INR,2026-04-19 12:00:00
PAY000002064,ORD00001240,2026-07-11 23:00:00,Cashfree,success,866.32,29.37,INR,2026-07-11 23:00:00
PAY000002065,ORD00005592,2026-03-05 03:00:00,Stripe,success,3282.27,2.9,INR,2026-03-05 03:00:00
PAY000002066,ORD00009743,2026-04-30 07:00:00,PayU,success,887.82,14.63,Rs,2026-04-30 07:00:00
PAY000002067,ORD00008582,2026-01-08 09:00:00,PayU,Failed,1313.75,19.41,INR,2026-01-08 09:00:00
PAY000002068,ORD00011129,2026-06-27 06:00:00,PayU,Failed,1595.16,5.09,INR,2026-06-27 06:00:00
PAY000002069,ORD00010636,2026-06-05 14:00:00,razorpay ,success,488.14,12.19,INR,2026-06-05 14:00:00
PAY000002070,ORD00006147,2026-06-19 13:00:00,PayU,success,797.34,17.43,INR,2026-06-19 13:00:00
PAY000002071,ORD00010313,2026-07-11 22:00:00,Stripe,Failed,288.6,27.08,INR,2026-07-11 22:00:00
PAY000002072,ORD00001393,2026-03-16 02:00:00,PayU,success,1444.88,27.31,INR,2026-03-16 02:00:00
PAY000002073,ORD00001392,2026-04-09 01:00:00,Cashfree,success,1053.22,11.98,INR,2026-04-09 01:00:00
PAY000002074,ORD00011034,2026-06-27 19:00:00,Cashfree,success,830.55,25.63,INR,2026-06-27 19:00:00
PAY000002075,ORD00010192,2026-02-07 15:00:00,Razorpay,success,4336.05,13.98,Rs,2026-02-07 15:00:00
PAY000002076,ORD00007317,2026-07-15 11:00:00,PayU,success,3024.96,12.2,INR,2026-07-15 11:00:00
PAY000002077,ORD00009534,2026-06-20 20:00:00,PayU,Failed,1575.7,4.78,INR,2026-06-20 20:00:00
PAY000002078,ORD00010770,2026-08-16 07:00:00,razorpay ,success,622.2,16.04,INR,2026-08-16 07:00:00
PAY000002079,ORD00006134,2026-06-01 12:00:00,PayU,Failed,2585.81,26.39,INR,2026-06-01 12:00:00
PAY000002080,ORD00003953,2026-01-14 17:00:00,Razorpay,success,2032.69,9.31,INR,2026-01-14 17:00:00
PAY000002081,ORD00003976,2026-05-25 17:00:00,Cashfree,success,897.59,33.78,INR,2026-05-25 17:00:00
PAY000002082,ORD00003539,2026-04-02 05:00:00,Razorpay,success,941.79,26.43,INR,2026-04-02 05:00:00
PAY000002083,ORD00010404,2026-01-10 05:00:00,Stripe,success,1051.27,14.61,INR,2026-01-10 05:00:00
PAY000002084,ORD00007741,2026-03-28 19:00:00,Cashfree,REFUNDED,1158.97,19.47,INR,2026-03-28 19:00:00
PAY000002085,ORD00000367,2026-04-08 10:00:00,Razorpay,Failed,1534.04,9.73,INR,2026-04-08 10:00:00
PAY000002086,ORD00007603,2026-03-21 06:00:00,Razorpay,success,670.7,7.24,INR,2026-03-21 06:00:00
PAY000002087,ORD00009453,2026-02-08 19:00:00,Cashfree,success,5317.47,31.32,Rs,2026-02-08 19:00:00
PAY000002088,ORD00004471,2026-07-16 21:00:00,Stripe,success,1494.75,9.29,INR,2026-07-16 21:00:00
PAY000002089,ORD00002788,2026-06-08 02:00:00,Cashfree,success,1760.4,12.36,INR,2026-06-08 02:00:00
PAY000002090,ORD00005672,2026-05-21 18:00:00,PayU,success,1101.03,12.31,INR,2026-05-21 18:00:00
PAY000002091,ORD00000172,2026-08-12 02:00:00,Stripe,success,2230.85,32.29,inr,2026-08-12 02:00:00
PAY000002092,ORD00008601,2026-01-17 15:00:00,Stripe,success,2376.7,29.38,INR,2026-01-17 15:00:00
PAY000002093,ORD00007420,2026-03-31 05:00:00,Stripe,success,2468.48,9.82,INR,2026-03-31 05:00:00
PAY000002094,ORD00005776,2026-07-14 02:00:00,Cashfree,success,2437.55,4.48,INR,2026-07-14 02:00:00
PAY000002095,ORD00002898,2026-06-08 05:00:00,Cashfree,success,360.43,29.15,INR,2026-06-08 05:00:00
PAY000002096,ORD00010574,2026-05-31 07:00:00,Cashfree,Failed,1237.66,30.4,INR,2026-05-31 07:00:00
PAY000002097,ORD00000844,2026-08-01 02:00:00,PayU,REFUNDED,1036.85,29.7,Rs,2026-08-01 02:00:00
PAY000002098,ORD00003272,2026-03-03 08:00:00,Cashfree,success,736.59,22.03,inr,2026-03-03 08:00:00
PAY000002099,ORD00006064,2026-04-13 07:00:00,Razorpay,PENDING,1394.69,32.24,INR,2026-04-13 07:00:00
PAY000002100,ORD00000927,2026-04-20 14:00:00,Razorpay,success,491.94,29.28,INR,2026-04-20 14:00:00
PAY000002101,ORD00003398,2026-02-19 22:00:00,razorpay ,success,4439.21,23.19,INR,2026-02-19 22:00:00
PAY000002102,ORD00008280,2026-05-13 05:00:00,Razorpay,PENDING,1139.56,8.09,inr,2026-05-13 05:00:00
PAY000002103,ORD00006914,2026-02-18 04:00:00,PayU,success,366.52,23.26,INR,2026-02-18 04:00:00
PAY000002104,ORD00001527,2026-07-20 19:00:00,Stripe,Failed,191.17,29.21,INR,2026-07-20 19:00:00
PAY000002105,ORD00002044,2026-07-18 21:00:00,Cashfree,success,2093.82,29.13,INR,2026-07-18 21:00:00
PAY000002106,ORD00005544,2026-03-24 15:00:00,Razorpay,success,2197.93,19.66,INR,2026-03-24 15:00:00
PAY000002107,ORD00000446,2026-03-14 19:00:00,Razorpay,PENDING,931.23,14.86,Rs,2026-03-14 19:00:00
PAY000002108,ORD00001619,2026-05-19 10:00:00,Razorpay,success,765.92,15.72,inr,2026-05-19 10:00:00
PAY000002109,ORD00006734,2026-03-18 16:00:00,PayU,success,542.42,19.92,INR,2026-03-18 16:00:00
PAY000002110,ORD00001346,2026-02-02 16:00:00,Cashfree,REFUNDED,2952.11,11.58,INR,2026-02-02 16:00:00
PAY000002111,ORD00000680,2026-07-16 05:00:00,Cashfree,PENDING,750.32,14.2,INR,2026-07-16 05:00:00
PAY000002112,ORD00001207,2026-06-23 18:00:00,Stripe,REFUNDED,2641.16,10.43,Rs,2026-06-23 18:00:00
PAY000002113,ORD00011431,2026-07-09 18:00:00,razorpay ,success,356.55,26.14,INR,2026-07-09 18:00:00
PAY000002114,ORD00006964,2026-06-15 09:00:00,razorpay ,success,1962.48,31.0,inr,2026-06-15 09:00:00
PAY000002115,ORD00009407,2026-01-01 17:00:00,razorpay ,success,990.39,29.5,INR,2026-01-01 17:00:00
PAY000002116,ORD00002473,2026-07-02 17:00:00,razorpay ,success,2180.85,20.63,INR,2026-07-02 17:00:00
PAY000002117,ORD00006430,2026-07-04 14:00:00,Razorpay,success,3891.51,20.82,INR,2026-07-04 14:00:00
PAY000002118,ORD00004452,2026-07-10 01:00:00,Razorpay,success,2979.1,13.07,INR,2026-07-10 01:00:00
PAY000002119,ORD00008625,2026-06-26 18:00:00,PayU,success,1965.72,4.59,INR,2026-06-26 18:00:00
PAY000002120,ORD00003213,2026-05-05 06:00:00,Razorpay,REFUNDED,1705.88,14.44,INR,2026-05-05 06:00:00
PAY000002121,ORD00003195,2026-07-07 13:00:00,Stripe,success,3599.17,18.39,INR,2026-07-07 13:00:00
PAY000002122,ORD00002776,2026-04-24 17:00:00,Cashfree,success,1845.14,22.72,INR,2026-04-24 17:00:00
PAY000002123,ORD00008658,2026-02-03 00:00:00,Stripe,success,320.58,8.3,Rs,2026-02-03 00:00:00
PAY000002124,ORD00006476,2026-02-21 06:00:00,Cashfree,PENDING,1449.16,17.11,Rs,2026-02-21 06:00:00
PAY000002125,ORD00008164,2026-08-01 12:00:00,Razorpay,success,700.4,4.47,INR,2026-08-01 12:00:00
PAY000002126,ORD00010634,2026-07-02 00:00:00,PayU,success,186.34,7.25,INR,2026-07-02 00:00:00
PAY000002127,ORD00000019,2026-01-12 23:00:00,PayU,success,1374.85,10.82,INR,2026-01-12 23:00:00
PAY000002128,ORD00000458,2026-06-09 14:00:00,Stripe,REFUNDED,1866.62,18.32,inr,2026-06-09 14:00:00
PAY000002129,ORD00003201,2026-05-17 09:00:00,Stripe,success,2271.84,6.41,INR,2026-05-17 09:00:00
PAY000002130,ORD00002900,2026-05-27 19:00:00,Cashfree,success,204.17,27.29,INR,2026-05-27 19:00:00
PAY000002131,ORD00000457,2026-05-07 13:00:00,PayU,success,447.11,32.96,inr,2026-05-07 13:00:00
PAY000002132,ORD00009708,2026-07-22 21:00:00,PayU,success,300.49,16.65,INR,2026-07-22 21:00:00
PAY000002133,ORD00011286,2026-04-21 13:00:00,Stripe,PENDING,2357.97,18.46,INR,2026-04-21 13:00:00
PAY000002134,ORD00009898,2026-06-27 07:00:00,Stripe,success,1314.88,17.55,INR,2026-06-27 07:00:00
PAY000002135,ORD00004740,2026-07-22 21:00:00,Razorpay,success,999.9,16.01,INR,2026-07-22 21:00:00
PAY000002136,ORD00000173,2026-02-18 21:00:00,Cashfree,success,1928.88,34.89,INR,2026-02-18 21:00:00
PAY000002137,ORD00006451,2026-03-16 04:00:00,Cashfree,success,1570.68,7.07,inr,2026-03-16 04:00:00
PAY000002138,ORD00002550,2026-05-22 10:00:00,Stripe,success,2260.1,12.44,INR,2026-05-22 10:00:00
PAY000002139,ORD00002281,2026-06-07 02:00:00,Cashfree,success,1524.35,30.24,INR,2026-06-07 02:00:00
PAY000002140,ORD00007964,2026-05-30 21:00:00,Razorpay,success,388.77,23.24,INR,2026-05-30 21:00:00
PAY000002141,ORD00000781,2026-01-15 18:00:00,Cashfree,Failed,1294.42,3.89,INR,2026-01-15 18:00:00
PAY000002142,ORD00010497,2026-08-16 04:00:00,Cashfree,success,2147.59,29.19,INR,2026-08-16 04:00:00
PAY000002143,ORD00011179,2026-08-18 01:00:00,PayU,success,819.35,26.15,INR,2026-08-18 01:00:00
PAY000002144,ORD00004696,2026-04-26 09:00:00,,success,2357.42,10.79,INR,2026-04-26 09:00:00
PAY000002145,ORD00006800,2026-08-20 03:00:00,Razorpay,success,1205.22,13.24,INR,2026-08-20 03:00:00
PAY000002146,ORD00011564,2026-07-13 12:00:00,Cashfree,Failed,694.17,26.75,INR,2026-07-13 12:00:00
PAY000002147,ORD00003195,2026-03-24 07:00:00,razorpay ,REFUNDED,2636.26,19.83,INR,2026-03-24 07:00:00
PAY000002148,ORD00003225,2026-02-21 18:00:00,razorpay ,success,989.16,22.46,INR,2026-02-21 18:00:00
PAY000002149,ORD00006176,2026-05-13 18:00:00,Cashfree,success,1585.09,3.29,INR,2026-05-13 18:00:00
PAY000002150,ORD00008822,2026-05-11 05:00:00,PayU,success,544.33,11.4,INR,2026-05-11 05:00:00
PAY000002151,ORD00000120,2026-08-14 12:00:00,Razorpay,success,1095.07,13.27,INR,2026-08-14 12:00:00
PAY000002152,ORD00006734,2026-04-06 02:00:00,PayU,success,1979.35,26.59,INR,2026-04-06 02:00:00
PAY000002153,ORD00004982,2026-01-04 12:00:00,Cashfree,success,889.52,15.42,INR,2026-01-04 12:00:00
PAY000002154,ORD00006073,2026-08-28 21:00:00,PayU,Failed,1121.23,12.08,INR,2026-08-28 21:00:00
PAY000002155,ORD00010677,2026-03-10 03:00:00,PayU,success,1118.32,3.13,INR,2026-03-10 03:00:00
PAY000002156,ORD00001914,2026-05-06 00:00:00,razorpay ,Failed,1137.98,21.2,INR,2026-05-06 00:00:00
PAY000002157,ORD00004549,2026-05-14 18:00:00,Razorpay,success,773.55,2.09,inr,2026-05-14 18:00:00
PAY000002158,ORD00005839,2026-03-31 16:00:00,PayU,success,716.92,23.93,INR,2026-03-31 16:00:00
PAY000002159,ORD00006631,2026-05-29 04:00:00,razorpay ,Failed,1181.53,27.18,INR,2026-05-29 04:00:00
PAY000002160,ORD00001268,2026-07-30 21:00:00,Stripe,PENDING,1723.95,29.49,inr,2026-07-30 21:00:00
PAY000002161,ORD00007635,2026-04-23 05:00:00,razorpay ,success,617.42,18.13,inr,2026-04-23 05:00:00
PAY000002162,ORD00000295,2026-03-13 19:00:00,Cashfree,success,716.37,33.01,INR,2026-03-13 19:00:00
PAY000002163,ORD00003004,2026-03-26 08:00:00,Cashfree,PENDING,1015.24,28.51,INR,2026-03-26 08:00:00
PAY000002164,ORD00008303,2026-07-08 19:00:00,Cashfree,success,1191.12,30.21,INR,2026-07-08 19:00:00
PAY000002165,ORD00006229,2026-07-02 23:00:00,,success,1360.72,22.23,INR,2026-07-02 23:00:00
PAY000002166,ORD00008138,2026-05-22 14:00:00,Stripe,success,269.62,31.98,INR,2026-05-22 14:00:00
PAY000002167,ORD00003615,2026-03-01 21:00:00,PayU,Failed,606.21,5.21,INR,2026-03-01 21:00:00
PAY000002168,ORD00010255,2026-05-10 01:00:00,Stripe,success,830.72,27.89,INR,2026-05-10 01:00:00
PAY000002169,ORD00007153,2026-05-03 01:00:00,Razorpay,Failed,1924.01,13.57,INR,2026-05-03 01:00:00
PAY000002170,ORD00009818,2026-02-11 11:00:00,Razorpay,success,4608.93,4.11,INR,2026-02-11 11:00:00
PAY000002171,ORD00000034,2026-02-16 22:00:00,Razorpay,success,530.96,13.73,INR,2026-02-16 22:00:00
PAY000002172,ORD00000177,2026-03-15 11:00:00,PayU,success,961.21,14.05,INR,2026-03-15 11:00:00
PAY000002173,ORD00000102,2026-07-05 04:00:00,Cashfree,success,642.93,16.56,INR,2026-07-05 04:00:00
PAY000002174,ORD00011562,2026-05-18 02:00:00,PayU,success,1342.04,18.15,inr,2026-05-18 02:00:00
PAY000002175,ORD00002027,2026-01-14 23:00:00,PayU,success,553.5,34.33,INR,2026-01-14 23:00:00
PAY000002176,ORD00000319,2026-06-19 03:00:00,Razorpay,success,1521.61,19.71,INR,2026-06-19 03:00:00
PAY000002177,ORD00002023,2026-03-05 23:00:00,Stripe,success,361.01,8.74,Rs,2026-03-05 23:00:00
PAY000002178,ORD00001849,2026-05-20 11:00:00,Cashfree,Failed,2409.67,2.91,INR,2026-05-20 11:00:00
PAY000002179,ORD00004655,2026-07-02 09:00:00,Razorpay,success,574.6,18.79,INR,2026-07-02 09:00:00
PAY000002180,ORD00004831,2026-08-01 22:00:00,Stripe,success,1465.11,16.5,inr,2026-08-01 22:00:00
PAY000002181,ORD00009700,2026-04-03 16:00:00,PayU,success,829.88,9.81,inr,2026-04-03 16:00:00
PAY000002182,ORD00010620,2026-03-10 14:00:00,razorpay ,Failed,962.49,20.1,INR,2026-03-10 14:00:00
PAY000002183,ORD00008974,2026-04-05 14:00:00,Cashfree,success,754.02,14.61,inr,2026-04-05 14:00:00
PAY000002184,ORD00001023,2026-02-03 02:00:00,razorpay ,success,385.64,19.87,INR,2026-02-03 02:00:00
PAY000002185,ORD00010609,2026-06-10 16:00:00,PayU,success,931.82,2.77,INR,2026-06-10 16:00:00
PAY000002186,ORD00005976,2026-06-25 04:00:00,Cashfree,PENDING,5096.91,8.12,INR,2026-06-25 04:00:00
PAY000002187,ORD00005542,2026-05-10 10:00:00,razorpay ,success,705.38,17.22,INR,2026-05-10 10:00:00
PAY000002188,ORD00007040,2026-04-02 06:00:00,Stripe,success,1798.34,19.99,inr,2026-04-02 06:00:00
PAY000002189,ORD00006594,2026-01-01 23:00:00,Cashfree,success,793.26,15.73,INR,2026-01-01 23:00:00
PAY000002190,ORD00000875,2026-03-26 06:00:00,PayU,success,880.19,33.32,inr,2026-03-26 06:00:00
PAY000002191,ORD00000932,2026-05-21 12:00:00,Stripe,success,1280.58,20.87,INR,2026-05-21 12:00:00
PAY000002192,ORD00006152,2026-08-23 05:00:00,Cashfree,PENDING,943.34,11.84,INR,2026-08-23 05:00:00
PAY000002193,ORD00010441,2026-01-29 00:00:00,Cashfree,Failed,1524.28,34.47,INR,2026-01-29 00:00:00
PAY000002194,ORD00005495,2026-07-08 15:00:00,razorpay ,success,795.88,33.94,INR,2026-07-08 15:00:00
PAY000002195,ORD00009347,2026-01-22 14:00:00,razorpay ,success,1213.96,24.65,INR,2026-01-22 14:00:00
PAY000002196,ORD00009449,2026-01-22 19:00:00,razorpay ,success,211.4,8.51,INR,2026-01-22 19:00:00
PAY000002197,ORD00010242,2026-06-15 15:00:00,Stripe,success,967.99,2.39,INR,2026-06-15 15:00:00
PAY000002198,ORD00000820,2026-02-25 20:00:00,razorpay ,success,1052.89,32.44,INR,2026-02-25 20:00:00
PAY000002199,ORD00004311,2026-05-18 01:00:00,Cashfree,success,1238.76,31.42,INR,2026-05-18 01:00:00
PAY000002200,ORD00003034,2026-02-27 17:00:00,Razorpay,success,1556.25,18.44,inr,2026-02-27 17:00:00
PAY000002201,ORD00001831,2026-05-31 12:00:00,Razorpay,success,1013.0,10.89,INR,2026-05-31 12:00:00
PAY000002202,ORD00010283,2026-05-13 05:00:00,Razorpay,success,1264.16,24.84,INR,2026-05-13 05:00:00
PAY000002203,ORD00000768,2026-01-19 03:00:00,Stripe,Failed,727.59,4.86,INR,2026-01-19 03:00:00
PAY000002204,ORD00005970,2026-01-27 08:00:00,PayU,success,231.54,29.64,INR,2026-01-27 08:00:00
PAY000002205,ORD00001221,2026-03-08 19:00:00,Stripe,success,295.2,33.13,INR,2026-03-08 19:00:00
PAY000002206,ORD00002453,2026-04-09 17:00:00,razorpay ,success,1372.24,15.33,INR,2026-04-09 17:00:00
PAY000002207,ORD00000962,2026-06-07 12:00:00,Cashfree,success,521.08,26.9,INR,2026-06-07 12:00:00
PAY000002208,ORD00005366,2026-01-19 09:00:00,PayU,PENDING,642.4,3.58,INR,2026-01-19 09:00:00
PAY000002209,ORD00000536,2026-02-09 21:00:00,Razorpay,Failed,772.35,9.1,INR,2026-02-09 21:00:00
PAY000002210,ORD00003651,2026-08-28 00:00:00,razorpay ,success,741.89,16.15,INR,2026-08-28 00:00:00
PAY000002211,ORD00005271,2026-07-31 13:00:00,PayU,success,1389.56,15.52,INR,2026-07-31 13:00:00
PAY000002212,ORD00009986,2026-03-19 20:00:00,Stripe,success,1096.13,27.17,INR,2026-03-19 20:00:00
PAY000002213,ORD00009665,2026-05-08 22:00:00,Stripe,success,753.15,21.38,INR,2026-05-08 22:00:00
PAY000002214,ORD00011180,2026-02-08 08:00:00,Razorpay,success,1588.93,25.59,INR,2026-02-08 08:00:00
PAY000002215,ORD00002572,2026-03-14 11:00:00,PayU,success,2965.57,10.21,INR,2026-03-14 11:00:00
PAY000002216,ORD00009221,2026-04-07 20:00:00,PayU,success,787.88,8.97,INR,2026-04-07 20:00:00
PAY000002217,ORD00011257,2026-07-08 18:00:00,Cashfree,success,1642.23,30.73,inr,2026-07-08 18:00:00
PAY000002218,ORD00005668,2026-04-27 05:00:00,PayU,success,815.87,30.49,Rs,2026-04-27 05:00:00
PAY000002219,ORD00008310,2026-07-21 16:00:00,Stripe,success,3065.48,33.76,INR,2026-07-21 16:00:00
PAY000002220,ORD00002112,2026-02-16 02:00:00,Cashfree,Failed,356.78,30.92,Rs,2026-02-16 02:00:00
PAY000002221,ORD00001731,2026-05-20 22:00:00,PayU,success,592.31,19.16,INR,2026-05-20 22:00:00
PAY000002222,ORD00007438,2026-05-01 21:00:00,Razorpay,success,1063.46,16.29,INR,2026-05-01 21:00:00
PAY000002223,ORD00004032,2026-06-17 23:00:00,Razorpay,success,659.96,4.03,INR,2026-06-17 23:00:00
PAY000002224,ORD00003516,2026-03-15 19:00:00,PayU,PENDING,672.95,4.32,INR,2026-03-15 19:00:00
PAY000002225,ORD00000941,2026-06-07 08:00:00,PayU,success,815.43,6.21,INR,2026-06-07 08:00:00
PAY000002226,ORD00002009,2026-03-16 13:00:00,Razorpay,success,2021.66,4.03,Rs,2026-03-16 13:00:00
PAY000002227,ORD00004889,2026-02-14 19:00:00,Razorpay,success,585.34,17.45,INR,2026-02-14 19:00:00
PAY000002228,ORD00009058,2026-05-23 00:00:00,PayU,success,500.8,4.33,INR,2026-05-23 00:00:00
PAY000002229,ORD00000819,2026-05-09 17:00:00,Cashfree,success,2486.41,21.72,INR,2026-05-09 17:00:00
PAY000002230,ORD00006683,2026-06-24 19:00:00,,success,967.12,33.67,INR,2026-06-24 19:00:00
PAY000002231,ORD00007467,2026-02-19 18:00:00,PayU,PENDING,4109.76,19.7,INR,2026-02-19 18:00:00
PAY000002232,ORD00008811,2026-04-11 14:00:00,PayU,success,1965.21,25.61,INR,2026-04-11 14:00:00
PAY000002233,ORD00003254,2026-07-02 00:00:00,PayU,Failed,886.84,25.29,INR,2026-07-02 00:00:00
PAY000002234,ORD00005643,2026-01-24 11:00:00,PayU,success,485.29,18.11,Rs,2026-01-24 11:00:00
PAY000002235,ORD00001567,2026-03-11 09:00:00,Razorpay,Failed,831.41,31.48,INR,2026-03-11 09:00:00
PAY000002236,ORD00006124,2026-07-07 20:00:00,razorpay ,success,2046.89,11.94,INR,2026-07-07 20:00:00
PAY000002237,ORD00006948,2026-05-17 09:00:00,Cashfree,PENDING,560.69,13.16,Rs,2026-05-17 09:00:00
PAY000002238,ORD00010947,2026-05-06 00:00:00,razorpay ,success,2750.4,17.92,INR,2026-05-06 00:00:00
PAY000002239,ORD00001276,2026-01-14 23:00:00,Cashfree,success,810.9,27.82,Rs,2026-01-14 23:00:00
PAY000002240,ORD00001786,2026-04-06 11:00:00,Stripe,REFUNDED,2041.89,21.27,INR,2026-04-06 11:00:00
PAY000002241,ORD00006500,2026-05-08 14:00:00,Razorpay,success,408.05,22.79,INR,2026-05-08 14:00:00
PAY000002242,ORD00007298,2026-06-06 19:00:00,Stripe,PENDING,1300.4,15.61,INR,2026-06-06 19:00:00
PAY000002243,ORD00009697,2026-08-11 23:00:00,Cashfree,success,770.32,14.36,INR,2026-08-11 23:00:00
PAY000002244,ORD00002806,2026-05-01 16:00:00,razorpay ,success,981.74,20.29,INR,2026-05-01 16:00:00
PAY000002245,ORD00006108,2026-01-22 20:00:00,PayU,success,403.57,6.41,INR,2026-01-22 20:00:00
PAY000002246,ORD00002738,2026-08-20 03:00:00,Razorpay,PENDING,1277.85,27.48,INR,2026-08-20 03:00:00
PAY000002247,ORD00005352,2026-05-15 15:00:00,Razorpay,success,544.7,19.6,INR,2026-05-15 15:00:00
PAY000002248,ORD00008466,2026-05-23 11:00:00,Stripe,success,933.68,17.79,INR,2026-05-23 11:00:00
PAY000002249,ORD00005214,2026-02-21 04:00:00,razorpay ,success,2395.71,23.96,INR,2026-02-21 04:00:00
PAY000002250,ORD00008027,2026-03-30 03:00:00,Stripe,Failed,481.26,31.5,INR,2026-03-30 03:00:00
PAY000002251,ORD00002516,2026-06-23 18:00:00,Stripe,success,1406.76,3.73,INR,2026-06-23 18:00:00
PAY000002252,ORD00003750,2026-06-04 21:00:00,PayU,success,2196.85,2.57,INR,2026-06-04 21:00:00
PAY000002253,ORD00000938,2026-05-26 15:00:00,Stripe,success,2567.73,27.68,inr,2026-05-26 15:00:00
PAY000002254,ORD00000176,2026-03-28 15:00:00,Razorpay,success,5673.83,27.72,inr,2026-03-28 15:00:00
PAY000002255,ORD00009363,2026-08-04 16:00:00,Razorpay,success,514.72,28.67,INR,2026-08-04 16:00:00
PAY000002256,ORD00008338,2026-04-18 12:00:00,Stripe,success,512.62,34.67,INR,2026-04-18 12:00:00
PAY000002257,ORD00000970,2026-04-17 01:00:00,Cashfree,success,696.93,9.31,INR,2026-04-17 01:00:00
PAY000002258,ORD00000460,2026-03-10 04:00:00,PayU,success,3678.34,2.77,INR,2026-03-10 04:00:00
PAY000002259,ORD00000805,2026-07-12 16:00:00,razorpay ,success,640.24,32.1,inr,2026-07-12 16:00:00
PAY000002260,ORD00003647,2026-04-08 10:00:00,razorpay ,success,449.38,18.19,INR,2026-04-08 10:00:00
PAY000002261,ORD00010834,2026-02-18 14:00:00,Cashfree,success,1465.43,2.04,INR,2026-02-18 14:00:00
PAY000002262,ORD00000321,2026-03-01 18:00:00,Razorpay,success,788.24,27.78,INR,2026-03-01 18:00:00
PAY000002263,ORD00006041,2026-03-03 03:00:00,Stripe,success,402.86,22.53,INR,2026-03-03 03:00:00
PAY000002264,ORD00001118,2026-01-19 02:00:00,Cashfree,Failed,2214.62,19.44,INR,2026-01-19 02:00:00
PAY000002265,ORD00011957,2026-01-27 20:00:00,PayU,success,572.2,33.18,INR,2026-01-27 20:00:00
PAY000002266,ORD00010017,2026-08-08 08:00:00,PayU,success,987.68,13.1,inr,2026-08-08 08:00:00
PAY000002267,ORD00005603,2026-07-21 14:00:00,PayU,success,1804.01,28.79,INR,2026-07-21 14:00:00
PAY000002268,ORD00006369,2026-05-07 22:00:00,PayU,success,984.54,13.05,INR,2026-05-07 22:00:00
PAY000002269,ORD00005433,2026-03-18 19:00:00,razorpay ,success,775.88,12.12,INR,2026-03-18 19:00:00
PAY000002270,ORD00004695,2026-02-03 07:00:00,Stripe,success,2738.67,4.97,Rs,2026-02-03 07:00:00
PAY000002271,ORD00009449,2026-08-02 22:00:00,Stripe,success,2704.69,28.23,INR,2026-08-02 22:00:00
PAY000002272,ORD00001181,2026-03-15 05:00:00,Stripe,success,1415.93,3.01,INR,2026-03-15 05:00:00
PAY000002273,ORD00006943,2026-01-06 22:00:00,Cashfree,success,871.84,14.59,INR,2026-01-06 22:00:00
PAY000002274,ORD00008387,2026-05-27 11:00:00,Razorpay,REFUNDED,986.86,5.37,INR,2026-05-27 11:00:00
PAY000002275,ORD00002394,2026-06-27 09:00:00,Cashfree,success,461.06,24.34,inr,2026-06-27 09:00:00
PAY000002276,ORD00005944,2026-06-01 19:00:00,PayU,success,1352.21,13.31,INR,2026-06-01 19:00:00
PAY000002277,ORD00006115,2026-01-09 12:00:00,Cashfree,success,1468.15,2.98,INR,2026-01-09 12:00:00
PAY000002278,ORD00003691,2026-05-24 12:00:00,Stripe,success,1722.42,9.1,INR,2026-05-24 12:00:00
PAY000002279,ORD00001899,2026-02-22 23:00:00,Razorpay,success,1144.64,20.28,INR,2026-02-22 23:00:00
PAY000002280,ORD00000193,2026-02-17 13:00:00,PayU,success,1364.98,10.38,INR,2026-02-17 13:00:00
PAY000002281,ORD00006553,2026-08-14 18:00:00,,success,800.67,12.47,INR,2026-08-14 18:00:00
PAY000002282,ORD00000520,2026-07-28 10:00:00,Cashfree,success,1394.25,25.89,INR,2026-07-28 10:00:00
PAY000002283,ORD00010063,2026-05-03 08:00:00,Stripe,success,836.56,19.02,INR,2026-05-03 08:00:00
PAY000002284,ORD00002371,2026-01-18 23:00:00,PayU,success,516.78,23.41,INR,2026-01-18 23:00:00
PAY000002285,ORD00006432,2026-01-06 16:00:00,Cashfree,success,1095.94,30.91,INR,2026-01-06 16:00:00
PAY000002286,ORD00004696,2026-07-22 14:00:00,razorpay ,success,536.53,33.04,INR,2026-07-22 14:00:00
PAY000002287,ORD00002027,2026-07-05 23:00:00,razorpay ,success,412.33,27.55,INR,2026-07-05 23:00:00
PAY000002288,ORD00006070,2026-01-11 07:00:00,razorpay ,success,1493.05,31.58,INR,2026-01-11 07:00:00
PAY000002289,ORD00001672,2026-07-28 21:00:00,PayU,success,1247.17,22.47,Rs,2026-07-28 21:00:00
PAY000002290,ORD00009575,2026-06-10 00:00:00,Cashfree,success,292.7,5.07,INR,2026-06-10 00:00:00
PAY000002291,ORD00002722,2026-06-02 10:00:00,Razorpay,success,524.37,34.37,inr,2026-06-02 10:00:00
PAY000002292,ORD00006138,2026-02-28 16:00:00,PayU,success,297.19,11.4,inr,2026-02-28 16:00:00
PAY000002293,ORD00006815,2026-01-25 14:00:00,Cashfree,Failed,1550.88,18.18,INR,2026-01-25 14:00:00
PAY000002294,ORD00003199,2026-06-08 08:00:00,razorpay ,success,1782.39,6.93,INR,2026-06-08 08:00:00
PAY000002295,ORD00003358,2026-03-11 20:00:00,razorpay ,Failed,1919.18,6.91,INR,2026-03-11 20:00:00
PAY000002296,ORD00007765,2026-07-13 10:00:00,Stripe,success,1628.97,23.96,inr,2026-07-13 10:00:00
PAY000002297,ORD00008508,2026-01-01 21:00:00,PayU,success,896.81,9.54,INR,2026-01-01 21:00:00
PAY000002298,ORD00000901,2026-08-04 21:00:00,Cashfree,success,1390.28,5.46,INR,2026-08-04 21:00:00
PAY000002299,ORD00009229,2026-02-16 16:00:00,Stripe,success,717.86,30.46,inr,2026-02-16 16:00:00
PAY000002300,ORD00005041,2026-07-15 13:00:00,razorpay ,success,704.01,33.35,INR,2026-07-15 13:00:00
PAY000002301,ORD00000259,2026-03-08 20:00:00,razorpay ,Failed,543.22,11.24,INR,2026-03-08 20:00:00
PAY000002302,ORD00004914,2026-02-24 15:00:00,Cashfree,success,567.99,20.23,INR,2026-02-24 15:00:00
PAY000002303,ORD00006188,2026-03-18 09:00:00,Cashfree,success,1653.31,18.67,INR,2026-03-18 09:00:00
PAY000002304,ORD00000013,2026-07-05 09:00:00,Razorpay,success,1249.59,9.71,INR,2026-07-05 09:00:00
PAY000002305,ORD00011372,2026-04-22 18:00:00,Cashfree,success,511.01,3.36,INR,2026-04-22 18:00:00
PAY000002306,ORD00003027,2026-02-18 14:00:00,Razorpay,success,1263.51,13.93,INR,2026-02-18 14:00:00
PAY000002307,ORD00006541,2026-04-14 09:00:00,Razorpay,success,726.84,28.53,INR,2026-04-14 09:00:00
PAY000002308,ORD00009770,2026-04-06 01:00:00,PayU,success,3548.44,26.17,inr,2026-04-06 01:00:00
PAY000002309,ORD00001334,2026-02-09 20:00:00,PayU,success,683.76,30.67,INR,2026-02-09 20:00:00
PAY000002310,ORD00010420,2026-06-01 04:00:00,PayU,success,1724.46,16.91,INR,2026-06-01 04:00:00
PAY000002311,ORD00005921,2026-01-22 16:00:00,Razorpay,success,842.73,27.69,inr,2026-01-22 16:00:00
PAY000002312,ORD00009411,2026-01-12 05:00:00,Razorpay,success,722.05,25.99,INR,2026-01-12 05:00:00
PAY000002313,ORD00002600,2026-06-04 02:00:00,razorpay ,success,1583.92,16.68,INR,2026-06-04 02:00:00
PAY000002314,ORD00000189,2026-02-09 11:00:00,Razorpay,success,5689.4,12.05,Rs,2026-02-09 11:00:00
PAY000002315,ORD00009404,2026-03-10 13:00:00,Razorpay,success,735.04,24.01,INR,2026-03-10 13:00:00
PAY000002316,ORD00006861,2026-08-14 07:00:00,Razorpay,success,842.46,6.82,INR,2026-08-14 07:00:00
PAY000002317,ORD00007142,2026-05-19 01:00:00,Stripe,success,782.8,28.64,INR,2026-05-19 01:00:00
PAY000002318,ORD00001223,2026-04-30 15:00:00,Razorpay,Failed,2098.71,34.47,INR,2026-04-30 15:00:00
PAY000002319,ORD00000427,2026-03-17 06:00:00,PayU,success,2542.22,16.95,inr,2026-03-17 06:00:00
PAY000002320,ORD00008374,2026-08-28 19:00:00,Stripe,success,1497.86,30.4,INR,2026-08-28 19:00:00
PAY000002321,ORD00005016,2026-07-14 00:00:00,Cashfree,success,436.33,12.21,INR,2026-07-14 00:00:00
PAY000002322,ORD00005697,2026-06-30 00:00:00,Cashfree,success,879.27,32.53,INR,2026-06-30 00:00:00
PAY000002323,ORD00005501,2026-08-17 03:00:00,razorpay ,success,802.82,32.83,INR,2026-08-17 03:00:00
PAY000002324,ORD00008615,2026-06-02 13:00:00,Cashfree,success,2061.34,10.46,INR,2026-06-02 13:00:00
PAY000002325,ORD00005421,2026-08-27 03:00:00,Razorpay,success,1292.45,14.43,INR,2026-08-27 03:00:00
PAY000002326,ORD00002114,2026-02-09 10:00:00,Razorpay,success,411.91,18.17,INR,2026-02-09 10:00:00
PAY000002327,ORD00008588,2026-08-15 02:00:00,PayU,success,1093.6,25.24,INR,2026-08-15 02:00:00
PAY000002328,ORD00011055,2026-06-19 00:00:00,Cashfree,success,1200.07,20.26,inr,2026-06-19 00:00:00
PAY000002329,ORD00005936,2026-04-12 06:00:00,razorpay ,success,956.55,25.65,INR,2026-04-12 06:00:00
PAY000002330,ORD00007691,2026-07-13 12:00:00,razorpay ,success,629.71,22.5,INR,2026-07-13 12:00:00
PAY000002331,ORD00005105,2026-03-03 06:00:00,PayU,Failed,1436.62,28.24,INR,2026-03-03 06:00:00
PAY000002332,ORD00006417,2026-05-04 21:00:00,Razorpay,success,1089.8,9.99,INR,2026-05-04 21:00:00
PAY000002333,ORD00007664,2026-01-06 07:00:00,razorpay ,Failed,2699.59,16.69,INR,2026-01-06 07:00:00
PAY000002334,ORD00009993,2026-02-22 04:00:00,Cashfree,success,2835.53,2.32,INR,2026-02-22 04:00:00
PAY000002335,ORD00010574,2026-07-21 19:00:00,razorpay ,success,1689.24,22.27,INR,2026-07-21 19:00:00
PAY000002336,ORD00000924,2026-06-25 05:00:00,PayU,success,647.26,34.54,INR,2026-06-25 05:00:00
PAY000002337,ORD00004510,2026-03-09 17:00:00,Stripe,success,1240.89,24.02,INR,2026-03-09 17:00:00
PAY000002338,ORD00001202,2026-07-10 01:00:00,Stripe,success,2987.47,25.5,INR,2026-07-10 01:00:00
PAY000002339,ORD00001998,2026-08-09 01:00:00,Razorpay,success,875.64,13.32,INR,2026-08-09 01:00:00
PAY000002340,ORD00001561,2026-03-22 11:00:00,Stripe,success,898.94,11.76,INR,2026-03-22 11:00:00
PAY000002341,ORD00008389,2026-04-09 12:00:00,PayU,Failed,3841.66,12.11,INR,2026-04-09 12:00:00
PAY000002342,ORD00005098,2026-01-27 07:00:00,razorpay ,success,1518.26,11.34,INR,2026-01-27 07:00:00
PAY000002343,ORD00009749,2026-03-02 10:00:00,Stripe,success,2891.04,18.47,Rs,2026-03-02 10:00:00
PAY000002344,ORD00001754,2026-06-22 14:00:00,razorpay ,Failed,1016.45,16.02,INR,2026-06-22 14:00:00
PAY000002345,ORD00005096,2026-02-01 22:00:00,razorpay ,success,1590.12,34.71,INR,2026-02-01 22:00:00
PAY000002346,ORD00005143,2026-01-26 03:00:00,Razorpay,success,705.18,30.4,INR,2026-01-26 03:00:00
PAY000002347,ORD00005348,2026-02-28 10:00:00,Cashfree,success,640.66,11.64,Rs,2026-02-28 10:00:00
PAY000002348,ORD00006440,2026-02-05 20:00:00,PayU,success,1290.64,7.67,INR,2026-02-05 20:00:00
PAY000002349,ORD00010981,2026-08-27 06:00:00,Razorpay,success,374.11,11.42,INR,2026-08-27 06:00:00
PAY000002350,ORD00002581,2026-02-09 19:00:00,PayU,REFUNDED,1315.02,15.82,INR,2026-02-09 19:00:00
PAY000002351,ORD00000805,2026-06-01 04:00:00,Cashfree,Failed,932.54,10.12,INR,2026-06-01 04:00:00
PAY000002352,ORD00000010,2026-07-09 19:00:00,razorpay ,success,595.43,26.58,INR,2026-07-09 19:00:00
PAY000002353,ORD00011862,2026-07-06 23:00:00,Razorpay,success,2285.81,6.49,INR,2026-07-06 23:00:00
PAY000002354,ORD00010303,2026-05-05 06:00:00,Cashfree,Failed,736.56,34.31,INR,2026-05-05 06:00:00
PAY000002355,ORD00005554,2026-05-31 02:00:00,Razorpay,success,874.97,15.02,INR,2026-05-31 02:00:00
PAY000002356,ORD00010071,2026-01-10 17:00:00,Stripe,success,803.41,31.62,INR,2026-01-10 17:00:00
PAY000002357,ORD00008064,2026-08-17 08:00:00,PayU,Failed,1076.43,34.04,INR,2026-08-17 08:00:00
PAY000002358,ORD00000874,2026-06-12 08:00:00,razorpay ,success,5348.12,32.55,INR,2026-06-12 08:00:00
PAY000002359,ORD00006757,2026-02-09 14:00:00,PayU,success,290.23,15.42,INR,2026-02-09 14:00:00
PAY000002360,ORD00008178,2026-02-10 00:00:00,razorpay ,success,1769.17,33.39,Rs,2026-02-10 00:00:00
PAY000002361,ORD00010644,2026-04-25 00:00:00,PayU,success,1052.27,34.67,inr,2026-04-25 00:00:00
PAY000002362,ORD00011640,2026-04-28 23:00:00,Cashfree,success,1237.68,3.4,INR,2026-04-28 23:00:00
PAY000002363,ORD00008373,2026-03-08 22:00:00,Stripe,success,657.73,9.19,INR,2026-03-08 22:00:00
PAY000002364,ORD00004854,2026-07-27 15:00:00,Stripe,success,510.55,18.28,inr,2026-07-27 15:00:00
PAY000002365,ORD00000217,2026-07-24 01:00:00,Razorpay,success,1550.88,30.8,inr,2026-07-24 01:00:00
PAY000002366,ORD00003587,2026-08-03 07:00:00,Razorpay,success,1668.03,26.4,INR,2026-08-03 07:00:00
PAY000002367,ORD00003967,2026-06-12 17:00:00,razorpay ,success,844.25,23.0,INR,2026-06-12 17:00:00
PAY000002368,ORD00004126,2026-03-07 11:00:00,PayU,success,460.17,23.45,INR,2026-03-07 11:00:00
PAY000002369,ORD00006592,2026-03-24 16:00:00,PayU,success,1397.88,23.63,INR,2026-03-24 16:00:00
PAY000002370,ORD00002838,2026-02-11 01:00:00,Razorpay,PENDING,2095.88,24.55,INR,2026-02-11 01:00:00
PAY000002371,ORD00007822,2026-06-26 16:00:00,Cashfree,success,521.8,17.99,Rs,2026-06-26 16:00:00
PAY000002372,ORD00007682,2026-04-15 19:00:00,Stripe,PENDING,143.3,20.18,INR,2026-04-15 19:00:00
PAY000002373,ORD00009532,2026-02-26 11:00:00,razorpay ,success,425.32,5.11,INR,2026-02-26 11:00:00
PAY000002374,ORD00003225,2026-01-22 22:00:00,Cashfree,success,1931.66,12.68,INR,2026-01-22 22:00:00
PAY000002375,ORD00001663,2026-01-03 00:00:00,Razorpay,success,867.09,28.41,Rs,2026-01-03 00:00:00
PAY000002376,ORD00008444,2026-02-15 18:00:00,Cashfree,success,232.76,25.2,INR,2026-02-15 18:00:00
PAY000002377,ORD00001456,2026-08-04 05:00:00,Stripe,success,1012.85,16.75,INR,2026-08-04 05:00:00
PAY000002378,ORD00002473,2026-08-28 15:00:00,razorpay ,success,506.01,5.12,INR,2026-08-28 15:00:00
PAY000002379,ORD00006782,2026-05-30 21:00:00,PayU,success,2445.68,22.71,INR,2026-05-30 21:00:00
PAY000002380,ORD00011750,2026-01-29 18:00:00,Razorpay,success,1195.53,6.82,INR,2026-01-29 18:00:00
PAY000002381,ORD00009644,2026-06-07 23:00:00,Razorpay,success,1676.67,32.71,INR,2026-06-07 23:00:00
PAY000002382,ORD00001878,2026-01-13 13:00:00,Cashfree,success,723.67,5.32,INR,2026-01-13 13:00:00
PAY000002383,ORD00002286,2026-02-21 12:00:00,Stripe,success,909.52,22.34,INR,2026-02-21 12:00:00
PAY000002384,ORD00001064,2026-07-23 20:00:00,Stripe,success,1620.9,9.64,INR,2026-07-23 20:00:00
PAY000002385,ORD00004316,2026-08-26 10:00:00,Razorpay,success,1018.97,16.05,INR,2026-08-26 10:00:00
PAY000002386,ORD00003020,2026-07-05 01:00:00,Stripe,success,754.16,26.19,INR,2026-07-05 01:00:00
PAY000002387,ORD00007575,2026-02-28 16:00:00,Cashfree,success,1434.37,13.42,INR,2026-02-28 16:00:00
PAY000002388,ORD00006735,2026-05-21 13:00:00,Razorpay,success,1606.71,13.23,INR,2026-05-21 13:00:00
PAY000002389,ORD00005347,2026-07-24 13:00:00,Stripe,success,669.29,18.82,INR,2026-07-24 13:00:00
PAY000002390,ORD00011762,2026-08-24 22:00:00,razorpay ,success,1681.87,26.88,INR,2026-08-24 22:00:00
PAY000002391,ORD00009839,2026-02-08 04:00:00,Razorpay,PENDING,1642.07,9.84,INR,2026-02-08 04:00:00
PAY000002392,ORD00001768,2026-03-27 20:00:00,razorpay ,success,754.85,20.48,INR,2026-03-27 20:00:00
PAY000002393,ORD00001349,2026-04-24 22:00:00,razorpay ,success,4642.49,14.0,INR,2026-04-24 22:00:00
PAY000002394,ORD00007217,2026-04-29 21:00:00,razorpay ,PENDING,591.44,21.94,inr,2026-04-29 21:00:00
PAY000002395,ORD00010476,2026-05-12 09:00:00,Stripe,REFUNDED,1166.86,33.6,INR,2026-05-12 09:00:00
PAY000002396,ORD00004039,2026-07-19 01:00:00,Stripe,success,645.21,8.06,INR,2026-07-19 01:00:00
PAY000002397,ORD00004461,2026-04-25 04:00:00,razorpay ,success,2456.76,7.91,INR,2026-04-25 04:00:00
PAY000002398,ORD00004109,2026-04-27 07:00:00,Razorpay,success,233.81,2.15,INR,2026-04-27 07:00:00
PAY000002399,ORD00001657,2026-03-21 23:00:00,Cashfree,success,816.62,2.38,INR,2026-03-21 23:00:00
PAY000002400,ORD00009034,2026-08-21 13:00:00,Cashfree,success,1145.68,7.48,INR,2026-08-21 13:00:00
PAY000002401,ORD00008038,2026-07-26 02:00:00,PayU,Failed,1418.58,33.54,INR,2026-07-26 02:00:00
PAY000002402,ORD00009507,2026-02-01 06:00:00,Cashfree,success,1889.58,25.22,INR,2026-02-01 06:00:00
PAY000002403,ORD00010914,2026-01-06 11:00:00,PayU,success,164.94,19.74,Rs,2026-01-06 11:00:00
PAY000002404,ORD00011984,2026-06-20 15:00:00,Razorpay,success,2091.34,11.22,INR,2026-06-20 15:00:00
PAY000002405,ORD00010579,2026-01-09 12:00:00,razorpay ,success,707.92,4.1,INR,2026-01-09 12:00:00
PAY000002406,ORD00008977,2026-05-01 20:00:00,razorpay ,success,1995.63,16.08,INR,2026-05-01 20:00:00
PAY000002407,ORD00002270,2026-08-21 16:00:00,Razorpay,PENDING,600.87,17.39,Rs,2026-08-21 16:00:00
PAY000002408,ORD00005579,2026-02-08 10:00:00,Cashfree,Failed,444.35,27.7,INR,2026-02-08 10:00:00
PAY000002409,ORD00006627,2026-06-05 02:00:00,Cashfree,success,367.49,28.48,INR,2026-06-05 02:00:00
PAY000002410,ORD00007843,2026-03-04 10:00:00,Stripe,success,1274.21,8.78,INR,2026-03-04 10:00:00
PAY000002411,ORD00004030,2026-07-17 23:00:00,PayU,Failed,870.56,28.6,Rs,2026-07-17 23:00:00
PAY000002412,ORD00003384,2026-03-29 14:00:00,Razorpay,REFUNDED,404.25,31.0,INR,2026-03-29 14:00:00
PAY000002413,ORD00000078,2026-01-13 19:00:00,Stripe,Failed,1411.4,27.22,INR,2026-01-13 19:00:00
PAY000002414,ORD00002084,2026-04-25 08:00:00,Cashfree,success,2358.08,3.79,INR,2026-04-25 08:00:00
PAY000002415,ORD00011242,2026-02-17 22:00:00,razorpay ,PENDING,385.94,29.34,INR,2026-02-17 22:00:00
PAY000002416,ORD00000239,2026-07-21 19:00:00,Cashfree,success,639.92,7.63,INR,2026-07-21 19:00:00
PAY000002417,ORD00010543,2026-03-01 17:00:00,razorpay ,success,2259.88,24.5,INR,2026-03-01 17:00:00
PAY000002418,ORD00005831,2026-08-28 07:00:00,Stripe,success,1458.65,9.35,Rs,2026-08-28 07:00:00
PAY000002419,ORD00006095,2026-01-01 06:00:00,Razorpay,success,1915.78,33.62,INR,2026-01-01 06:00:00
PAY000002420,ORD00005161,2026-02-25 15:00:00,Stripe,Failed,1411.92,16.37,Rs,2026-02-25 15:00:00
PAY000002421,ORD00004364,2026-08-14 13:00:00,Cashfree,success,680.91,15.81,INR,2026-08-14 13:00:00
PAY000002422,ORD00001719,2026-02-10 01:00:00,Stripe,REFUNDED,492.59,16.75,inr,2026-02-10 01:00:00
PAY000002423,ORD00009342,2026-02-23 07:00:00,Stripe,success,765.34,8.16,Rs,2026-02-23 07:00:00
PAY000002424,ORD00006846,2026-03-12 17:00:00,razorpay ,success,336.39,8.67,INR,2026-03-12 17:00:00
PAY000002425,ORD00009967,2026-06-06 07:00:00,razorpay ,PENDING,305.57,4.09,INR,2026-06-06 07:00:00
PAY000002426,ORD00004000,2026-07-14 15:00:00,PayU,success,1284.83,15.01,INR,2026-07-14 15:00:00
PAY000002427,ORD00003742,2026-04-10 16:00:00,Stripe,success,1451.75,31.34,INR,2026-04-10 16:00:00
PAY000002428,ORD00010309,2026-02-24 19:00:00,razorpay ,success,441.86,5.92,INR,2026-02-24 19:00:00
PAY000002429,ORD00000751,2026-01-04 00:00:00,Razorpay,Failed,408.8,11.44,Rs,2026-01-04 00:00:00
PAY000002430,ORD00005944,2026-06-23 07:00:00,Cashfree,PENDING,1921.22,17.05,INR,2026-06-23 07:00:00
PAY000002431,ORD00002922,2026-05-26 03:00:00,razorpay ,success,874.17,29.64,Rs,2026-05-26 03:00:00
PAY000002432,ORD00007987,2026-05-30 01:00:00,razorpay ,Failed,1924.05,27.1,inr,2026-05-30 01:00:00
PAY000002433,ORD00008224,2026-07-21 16:00:00,Cashfree,success,509.83,28.24,INR,2026-07-21 16:00:00
PAY000002434,ORD00006126,2026-07-21 02:00:00,Stripe,success,384.78,16.29,INR,2026-07-21 02:00:00
PAY000002435,ORD00003686,2026-03-10 01:00:00,Cashfree,success,997.86,12.14,INR,2026-03-10 01:00:00
PAY000002436,ORD00009345,2026-01-20 14:00:00,razorpay ,success,2778.1,24.91,INR,2026-01-20 14:00:00
PAY000002437,ORD00005343,2026-07-15 06:00:00,razorpay ,success,1022.65,25.5,INR,2026-07-15 06:00:00
PAY000002438,ORD00008845,2026-04-11 00:00:00,razorpay ,success,482.66,26.49,INR,2026-04-11 00:00:00
PAY000002439,ORD00004909,2026-04-22 07:00:00,Razorpay,success,761.15,6.93,INR,2026-04-22 07:00:00
PAY000002440,ORD00008965,2026-03-11 06:00:00,Razorpay,Failed,1288.43,16.17,INR,2026-03-11 06:00:00
PAY000002441,ORD00004494,2026-08-25 22:00:00,PayU,success,1940.23,33.68,INR,2026-08-25 22:00:00
PAY000002442,ORD00011606,2026-02-11 01:00:00,Razorpay,success,649.57,10.25,INR,2026-02-11 01:00:00
PAY000002443,ORD00009889,2026-06-21 18:00:00,Cashfree,Failed,2133.52,2.03,INR,2026-06-21 18:00:00
PAY000002444,ORD00008886,2026-02-22 10:00:00,Stripe,success,894.89,17.65,INR,2026-02-22 10:00:00
PAY000002445,ORD00007438,2026-01-29 19:00:00,PayU,success,781.26,14.95,Rs,2026-01-29 19:00:00
PAY000002446,ORD00004593,2026-04-28 17:00:00,PayU,success,611.95,8.89,INR,2026-04-28 17:00:00
PAY000002447,ORD00003035,2026-07-06 09:00:00,Stripe,success,885.45,21.87,INR,2026-07-06 09:00:00
PAY000002448,ORD00011894,2026-05-11 07:00:00,Cashfree,success,673.57,16.42,INR,2026-05-11 07:00:00
PAY000002449,ORD00005253,2026-08-03 16:00:00,razorpay ,Failed,3891.5,26.1,INR,2026-08-03 16:00:00
PAY000002450,ORD00004820,2026-01-24 00:00:00,Stripe,REFUNDED,2572.25,16.11,INR,2026-01-24 00:00:00
PAY000002451,ORD00011717,2026-08-23 09:00:00,Cashfree,Failed,742.5,22.57,INR,2026-08-23 09:00:00
PAY000002452,ORD00010542,2026-03-12 17:00:00,Cashfree,PENDING,466.07,34.34,INR,2026-03-12 17:00:00
PAY000002453,ORD00006764,2026-04-26 00:00:00,Stripe,success,1256.04,9.97,INR,2026-04-26 00:00:00
PAY000002454,ORD00010266,2026-05-10 06:00:00,razorpay ,success,3400.83,15.6,INR,2026-05-10 06:00:00
PAY000002455,ORD00002912,2026-06-26 16:00:00,Stripe,success,1486.35,10.6,INR,2026-06-26 16:00:00
PAY000002456,ORD00000128,2026-07-13 04:00:00,Razorpay,success,1031.18,17.81,INR,2026-07-13 04:00:00
PAY000002457,ORD00010912,2026-08-07 02:00:00,razorpay ,success,688.37,26.44,INR,2026-08-07 02:00:00
PAY000002458,ORD00007615,2026-06-07 18:00:00,razorpay ,PENDING,507.68,25.12,INR,2026-06-07 18:00:00
PAY000002459,ORD00004203,2026-05-23 15:00:00,Cashfree,PENDING,1078.99,10.88,INR,2026-05-23 15:00:00
PAY000002460,ORD00010497,2026-03-21 18:00:00,PayU,success,969.7,2.11,INR,2026-03-21 18:00:00
PAY000002461,ORD00002140,2026-02-18 02:00:00,PayU,REFUNDED,1406.01,23.2,INR,2026-02-18 02:00:00
PAY000002462,ORD00007343,2026-08-21 03:00:00,Stripe,success,1647.61,32.98,INR,2026-08-21 03:00:00
PAY000002463,ORD00000325,2026-01-14 21:00:00,PayU,success,1898.19,13.34,INR,2026-01-14 21:00:00
PAY000002464,ORD00007510,2026-04-07 08:00:00,PayU,success,2348.19,4.07,INR,2026-04-07 08:00:00
PAY000002465,ORD00004558,2026-01-09 14:00:00,Stripe,Failed,1200.44,10.36,inr,2026-01-09 14:00:00
PAY000002466,ORD00008491,2026-05-28 08:00:00,PayU,success,1143.99,28.93,INR,2026-05-28 08:00:00
PAY000002467,ORD00011791,2026-08-14 20:00:00,Stripe,success,3976.32,15.89,INR,2026-08-14 20:00:00
PAY000002468,ORD00005420,2026-04-08 01:00:00,Cashfree,success,1162.58,5.53,INR,2026-04-08 01:00:00
PAY000002469,ORD00008178,2026-01-19 22:00:00,Cashfree,success,660.59,7.65,INR,2026-01-19 22:00:00
PAY000002470,ORD00011853,2026-03-31 12:00:00,Cashfree,success,1644.93,2.61,INR,2026-03-31 12:00:00
PAY000002471,ORD00007562,2026-06-14 21:00:00,Cashfree,PENDING,1909.82,16.86,INR,2026-06-14 21:00:00
PAY000002472,ORD00001254,2026-04-08 17:00:00,Stripe,success,1021.48,25.15,INR,2026-04-08 17:00:00
PAY000002473,ORD00006514,2026-08-25 10:00:00,PayU,success,2951.2,22.09,INR,2026-08-25 10:00:00
PAY000002474,ORD00008195,2026-01-18 07:00:00,Razorpay,success,737.16,26.91,INR,2026-01-18 07:00:00
PAY000002475,ORD00006953,2026-01-24 09:00:00,razorpay ,success,1220.32,6.7,INR,2026-01-24 09:00:00
PAY000002476,ORD00004273,2026-02-08 02:00:00,PayU,success,445.43,16.25,Rs,2026-02-08 02:00:00
PAY000002477,ORD00011217,2026-06-11 01:00:00,Razorpay,success,1879.31,30.58,INR,2026-06-11 01:00:00
PAY000002478,ORD00011229,2026-08-22 03:00:00,Stripe,success,1646.32,15.61,inr,2026-08-22 03:00:00
PAY000002479,ORD00000599,2026-02-18 09:00:00,PayU,success,316.88,28.85,INR,2026-02-18 09:00:00
PAY000002480,ORD00005605,2026-05-05 02:00:00,Cashfree,Failed,1275.46,12.12,INR,2026-05-05 02:00:00
PAY000002481,ORD00010797,2026-05-20 23:00:00,razorpay ,success,2292.27,34.11,inr,2026-05-20 23:00:00
PAY000002482,ORD00007980,2026-08-15 16:00:00,Stripe,success,490.17,24.59,INR,2026-08-15 16:00:00
PAY000002483,ORD00000955,2026-06-25 16:00:00,Cashfree,success,825.16,19.61,INR,2026-06-25 16:00:00
PAY000002484,ORD00005648,2026-07-28 01:00:00,Stripe,success,1119.18,22.43,inr,2026-07-28 01:00:00
PAY000002485,ORD00003277,2026-04-02 04:00:00,PayU,Failed,676.53,12.36,INR,2026-04-02 04:00:00
PAY000002486,ORD00008187,2026-01-02 13:00:00,razorpay ,REFUNDED,1043.34,25.01,INR,2026-01-02 13:00:00
PAY000002487,ORD00009362,2026-05-29 20:00:00,Cashfree,PENDING,1278.92,29.37,INR,2026-05-29 20:00:00
PAY000002488,ORD00010405,2026-06-24 04:00:00,Cashfree,success,1053.96,21.6,inr,2026-06-24 04:00:00
PAY000002489,ORD00008793,2026-05-15 03:00:00,PayU,success,1864.44,9.34,INR,2026-05-15 03:00:00
PAY000002490,ORD00009599,2026-02-15 15:00:00,Razorpay,PENDING,476.03,10.77,INR,2026-02-15 15:00:00
PAY000002491,ORD00004925,2026-04-24 21:00:00,Stripe,Failed,3320.29,14.86,INR,2026-04-24 21:00:00
PAY000002492,ORD00006935,2026-07-15 08:00:00,Cashfree,success,497.48,10.71,INR,2026-07-15 08:00:00
PAY000002493,ORD00010676,2026-08-01 16:00:00,Stripe,PENDING,1144.45,7.84,INR,2026-08-01 16:00:00
PAY000002494,ORD00007784,2026-08-28 09:00:00,PayU,success,1451.21,30.39,INR,2026-08-28 09:00:00
PAY000002495,ORD00005593,2026-01-02 06:00:00,Stripe,success,1873.04,10.58,INR,2026-01-02 06:00:00
PAY000002496,ORD00000444,2026-08-13 09:00:00,Cashfree,success,759.54,2.71,INR,2026-08-13 09:00:00
PAY000002497,ORD00001606,2026-01-31 07:00:00,Razorpay,success,2472.52,5.31,INR,2026-01-31 07:00:00
PAY000002498,ORD00010597,2026-02-24 08:00:00,Razorpay,success,884.42,14.65,inr,2026-02-24 08:00:00
PAY000002499,ORD00000834,2026-08-07 21:00:00,PayU,success,1029.37,24.82,INR,2026-08-07 21:00:00
PAY000002500,ORD00000845,2026-07-17 16:00:00,razorpay ,success,2638.79,22.44,INR,2026-07-17 16:00:00
PAY000002501,ORD00007226,2026-06-13 09:00:00,PayU,success,2255.94,24.42,INR,2026-06-13 09:00:00
PAY000002502,ORD00008926,2026-03-18 02:00:00,PayU,success,1465.5,7.1,INR,2026-03-18 02:00:00
PAY000002503,ORD00007878,2026-03-17 04:00:00,Razorpay,success,671.7,17.44,INR,2026-03-17 04:00:00
PAY000002504,ORD00011826,2026-06-22 17:00:00,Razorpay,Failed,518.0,4.15,INR,2026-06-22 17:00:00
PAY000002505,ORD00011329,2026-05-28 16:00:00,Cashfree,success,262.08,30.58,INR,2026-05-28 16:00:00
PAY000002506,ORD00007497,2026-01-31 16:00:00,Razorpay,success,1711.01,12.2,INR,2026-01-31 16:00:00
PAY000002507,ORD00008144,2026-03-20 11:00:00,PayU,success,421.09,6.91,INR,2026-03-20 11:00:00
PAY000002508,ORD00007370,2026-06-01 15:00:00,,success,1267.17,25.29,INR,2026-06-01 15:00:00
PAY000002509,ORD00000936,2026-03-19 23:00:00,PayU,REFUNDED,416.35,23.82,INR,2026-03-19 23:00:00
PAY000002510,ORD00000389,2026-02-12 00:00:00,razorpay ,success,2510.34,9.76,INR,2026-02-12 00:00:00
PAY000002511,ORD00007012,2026-06-11 17:00:00,Cashfree,success,1396.8,4.35,INR,2026-06-11 17:00:00
PAY000002512,ORD00004380,2026-05-21 03:00:00,Cashfree,success,1455.8,12.56,inr,2026-05-21 03:00:00
PAY000002513,ORD00004172,2026-07-03 21:00:00,razorpay ,REFUNDED,1573.17,11.61,INR,2026-07-03 21:00:00
PAY000002514,ORD00007512,2026-06-10 12:00:00,Stripe,success,1066.31,20.68,inr,2026-06-10 12:00:00
PAY000002515,ORD00005399,2026-08-02 19:00:00,Razorpay,success,516.1,16.99,inr,2026-08-02 19:00:00
PAY000002516,ORD00006042,2026-04-21 20:00:00,razorpay ,success,2231.94,11.81,INR,2026-04-21 20:00:00
PAY000002517,ORD00000511,2026-08-25 11:00:00,Stripe,success,1312.89,16.79,inr,2026-08-25 11:00:00
PAY000002518,ORD00008624,2026-08-23 19:00:00,,success,680.63,28.21,INR,2026-08-23 19:00:00
PAY000002519,ORD00011983,2026-03-26 07:00:00,razorpay ,Failed,744.43,24.16,INR,2026-03-26 07:00:00
PAY000002520,ORD00002296,2026-05-14 21:00:00,Razorpay,success,931.58,8.82,INR,2026-05-14 21:00:00
PAY000002521,ORD00001261,2026-03-26 00:00:00,Stripe,success,740.95,16.57,INR,2026-03-26 00:00:00
PAY000002522,ORD00000988,2026-06-03 16:00:00,razorpay ,success,544.33,20.93,INR,2026-06-03 16:00:00
PAY000002523,ORD00004147,2026-03-19 14:00:00,Stripe,PENDING,404.38,10.07,INR,2026-03-19 14:00:00
PAY000002524,ORD00003179,2026-05-20 05:00:00,Stripe,success,2643.41,15.36,inr,2026-05-20 05:00:00
PAY000002525,ORD00003781,2026-03-23 11:00:00,Cashfree,success,903.01,21.55,INR,2026-03-23 11:00:00
PAY000002526,ORD00010190,2026-01-16 20:00:00,Stripe,success,951.49,25.75,INR,2026-01-16 20:00:00
PAY000002527,ORD00004147,2026-04-27 21:00:00,razorpay ,Failed,1698.98,5.44,INR,2026-04-27 21:00:00
PAY000002528,ORD00000037,2026-02-14 18:00:00,PayU,success,1997.61,5.78,INR,2026-02-14 18:00:00
PAY000002529,ORD00008072,2026-06-01 15:00:00,Stripe,success,1636.85,31.9,INR,2026-06-01 15:00:00
PAY000002530,ORD00010059,2026-03-19 23:00:00,Razorpay,success,487.21,19.92,INR,2026-03-19 23:00:00
PAY000002531,ORD00002192,2026-04-08 07:00:00,Razorpay,success,2925.29,9.35,inr,2026-04-08 07:00:00
PAY000002532,ORD00009864,2026-07-17 13:00:00,PayU,success,577.43,26.65,INR,2026-07-17 13:00:00
PAY000002533,ORD00007647,2026-06-04 19:00:00,razorpay ,success,407.42,4.26,INR,2026-06-04 19:00:00
PAY000002534,ORD00009025,2026-07-29 01:00:00,Razorpay,success,561.4,31.95,INR,2026-07-29 01:00:00
PAY000002535,ORD00004362,2026-02-23 17:00:00,razorpay ,Failed,474.1,7.66,INR,2026-02-23 17:00:00
PAY000002536,ORD00004290,2026-01-07 05:00:00,Cashfree,success,569.64,15.88,INR,2026-01-07 05:00:00
PAY000002537,ORD00011103,2026-05-31 00:00:00,razorpay ,success,459.64,14.04,INR,2026-05-31 00:00:00
PAY000002538,ORD00011760,2026-08-06 04:00:00,Razorpay,success,1790.67,12.8,INR,2026-08-06 04:00:00
PAY000002539,ORD00007318,2026-01-17 16:00:00,razorpay ,PENDING,591.82,7.13,inr,2026-01-17 16:00:00
PAY000002540,ORD00007045,2026-06-06 02:00:00,razorpay ,success,503.83,31.1,INR,2026-06-06 02:00:00
PAY000002541,ORD00008908,2026-01-25 05:00:00,razorpay ,success,728.37,18.43,inr,2026-01-25 05:00:00
PAY000002542,ORD00006712,2026-07-13 04:00:00,Stripe,success,994.75,20.59,inr,2026-07-13 04:00:00
PAY000002543,ORD00002644,2026-07-15 23:00:00,Cashfree,success,590.91,13.05,inr,2026-07-15 23:00:00
PAY000002544,ORD00007134,2026-08-04 02:00:00,Razorpay,success,973.95,6.63,inr,2026-08-04 02:00:00
PAY000002545,ORD00006366,2026-08-03 04:00:00,razorpay ,success,416.04,29.77,INR,2026-08-03 04:00:00
PAY000002546,ORD00009306,2026-01-14 20:00:00,Razorpay,success,1000.21,8.82,INR,2026-01-14 20:00:00
PAY000002547,ORD00005521,2026-01-29 17:00:00,razorpay ,success,525.63,3.81,INR,2026-01-29 17:00:00
PAY000002548,ORD00004458,2026-01-25 00:00:00,PayU,success,1307.63,22.45,inr,2026-01-25 00:00:00
PAY000002549,ORD00003391,2026-06-28 19:00:00,Razorpay,success,991.46,11.29,INR,2026-06-28 19:00:00
PAY000002550,ORD00002389,2026-01-18 12:00:00,Razorpay,success,1317.99,26.54,INR,2026-01-18 12:00:00
PAY000002551,ORD00010695,2026-07-14 07:00:00,Stripe,success,2289.02,19.73,INR,2026-07-14 07:00:00
PAY000002552,ORD00008662,2026-07-19 13:00:00,Cashfree,Failed,917.83,12.93,Rs,2026-07-19 13:00:00
PAY000002553,ORD00000300,2026-07-23 16:00:00,Razorpay,success,1463.2,12.26,INR,2026-07-23 16:00:00
PAY000002554,ORD00002200,2026-07-11 01:00:00,Cashfree,success,883.7,9.44,INR,2026-07-11 01:00:00
PAY000002555,ORD00009187,2026-04-25 01:00:00,razorpay ,success,747.91,2.2,INR,2026-04-25 01:00:00
PAY000002556,ORD00009473,2026-05-13 17:00:00,Stripe,PENDING,686.1,15.11,Rs,2026-05-13 17:00:00
PAY000002557,ORD00010915,2026-01-26 07:00:00,Cashfree,success,1150.65,4.14,INR,2026-01-26 07:00:00
PAY000002558,ORD00006129,2026-06-07 09:00:00,razorpay ,success,374.15,26.02,INR,2026-06-07 09:00:00
PAY000002559,ORD00010857,2026-02-11 13:00:00,PayU,Failed,615.86,16.75,INR,2026-02-11 13:00:00
PAY000002560,ORD00010017,2026-08-24 15:00:00,,success,509.94,19.48,inr,2026-08-24 15:00:00
PAY000002561,ORD00003027,2026-01-12 08:00:00,PayU,success,654.92,33.07,INR,2026-01-12 08:00:00
PAY000002562,ORD00001615,2026-08-08 06:00:00,razorpay ,success,876.64,27.96,INR,2026-08-08 06:00:00
PAY000002563,ORD00007538,2026-07-27 15:00:00,Razorpay,Failed,570.11,8.49,INR,2026-07-27 15:00:00
PAY000002564,ORD00010590,2026-04-07 19:00:00,Cashfree,success,1934.17,21.71,INR,2026-04-07 19:00:00
PAY000002565,ORD00010269,2026-07-04 17:00:00,PayU,success,1425.1,27.83,INR,2026-07-04 17:00:00
PAY000002566,ORD00001547,2026-02-10 23:00:00,Cashfree,PENDING,251.08,19.82,INR,2026-02-10 23:00:00
PAY000002567,ORD00007912,2026-07-21 05:00:00,razorpay ,success,1479.95,28.84,INR,2026-07-21 05:00:00
PAY000002568,ORD00002353,2026-05-11 13:00:00,Cashfree,success,1340.81,18.29,INR,2026-05-11 13:00:00
PAY000002569,ORD00009364,2026-02-11 11:00:00,Razorpay,success,548.71,2.65,INR,2026-02-11 11:00:00
PAY000002570,ORD00008571,2026-04-28 13:00:00,Stripe,Failed,1029.8,10.09,INR,2026-04-28 13:00:00
PAY000002571,ORD00010610,2026-02-18 11:00:00,Stripe,success,769.52,30.42,INR,2026-02-18 11:00:00
PAY000002572,ORD00004655,2026-08-15 16:00:00,Cashfree,success,1419.24,12.21,INR,2026-08-15 16:00:00
PAY000002573,ORD00009348,2026-07-19 09:00:00,Cashfree,success,799.39,23.81,INR,2026-07-19 09:00:00
PAY000002574,ORD00004300,2026-06-17 11:00:00,razorpay ,success,521.27,5.9,Rs,2026-06-17 11:00:00
PAY000002575,ORD00010068,2026-03-05 02:00:00,Cashfree,PENDING,2227.75,13.47,INR,2026-03-05 02:00:00
PAY000002576,ORD00007309,2026-08-04 16:00:00,Razorpay,success,747.76,5.07,INR,2026-08-04 16:00:00
PAY000002577,ORD00011026,2026-05-04 01:00:00,PayU,success,1318.51,15.94,INR,2026-05-04 01:00:00
PAY000002578,ORD00005722,2026-04-10 10:00:00,Cashfree,success,1655.68,15.98,INR,2026-04-10 10:00:00
PAY000002579,ORD00005074,2026-06-11 19:00:00,,success,557.34,3.27,INR,2026-06-11 19:00:00
PAY000002580,ORD00002459,2026-03-29 11:00:00,razorpay ,REFUNDED,490.31,13.59,INR,2026-03-29 11:00:00
PAY000002581,ORD00007581,2026-02-18 11:00:00,razorpay ,success,622.3,10.26,INR,2026-02-18 11:00:00
PAY000002582,ORD00000328,2026-02-06 18:00:00,Cashfree,success,2184.95,5.11,INR,2026-02-06 18:00:00
PAY000002583,ORD00004418,2026-01-03 22:00:00,razorpay ,success,1592.79,8.62,INR,2026-01-03 22:00:00
PAY000002584,ORD00002155,2026-03-27 05:00:00,PayU,success,2502.92,11.39,INR,2026-03-27 05:00:00
PAY000002585,ORD00008002,2026-08-02 10:00:00,razorpay ,REFUNDED,857.13,19.88,INR,2026-08-02 10:00:00
PAY000002586,ORD00005032,2026-02-18 17:00:00,PayU,success,1129.4,25.06,INR,2026-02-18 17:00:00
PAY000002587,ORD00005069,2026-07-30 03:00:00,Stripe,success,1041.37,10.11,INR,2026-07-30 03:00:00
PAY000002588,ORD00007728,2026-02-07 03:00:00,Razorpay,success,1640.07,15.65,INR,2026-02-07 03:00:00
PAY000002589,ORD00002376,2026-01-28 07:00:00,PayU,success,588.67,9.16,INR,2026-01-28 07:00:00
PAY000002590,ORD00000640,2026-02-17 02:00:00,Stripe,Failed,1310.21,10.61,inr,2026-02-17 02:00:00
PAY000002591,ORD00010648,2026-07-18 10:00:00,razorpay ,success,1601.88,21.37,INR,2026-07-18 10:00:00
PAY000002592,ORD00002210,2026-07-19 19:00:00,Razorpay,success,816.82,17.69,INR,2026-07-19 19:00:00
PAY000002593,ORD00003579,2026-01-02 20:00:00,PayU,success,2978.43,12.23,INR,2026-01-02 20:00:00
PAY000002594,ORD00011220,2026-02-14 20:00:00,PayU,Failed,806.51,9.42,INR,2026-02-14 20:00:00
PAY000002595,ORD00001786,2026-06-09 15:00:00,Stripe,success,860.85,14.29,INR,2026-06-09 15:00:00
PAY000002596,ORD00001638,2026-02-16 23:00:00,razorpay ,success,1259.66,15.89,INR,2026-02-16 23:00:00
PAY000002597,ORD00004717,2026-02-28 05:00:00,PayU,Failed,269.85,23.2,INR,2026-02-28 05:00:00
PAY000002598,ORD00005238,2026-03-26 05:00:00,Cashfree,success,1851.92,33.95,INR,2026-03-26 05:00:00
PAY000002599,ORD00002142,2026-03-31 06:00:00,Stripe,success,1061.64,12.21,INR,2026-03-31 06:00:00
PAY000002600,ORD00002557,2026-05-21 12:00:00,PayU,Failed,1433.34,11.86,INR,2026-05-21 12:00:00
PAY000002601,ORD00009540,2026-08-23 16:00:00,PayU,Failed,802.57,4.83,inr,2026-08-23 16:00:00
PAY000002602,ORD00009700,2026-08-03 20:00:00,PayU,PENDING,920.11,26.2,inr,2026-08-03 20:00:00
PAY000002603,ORD00007725,2026-02-21 04:00:00,razorpay ,success,700.07,29.01,INR,2026-02-21 04:00:00
PAY000002604,ORD00008401,2026-06-14 07:00:00,razorpay ,success,2463.21,21.5,INR,2026-06-14 07:00:00
PAY000002605,ORD00010472,2026-04-10 14:00:00,PayU,PENDING,2886.67,3.49,INR,2026-04-10 14:00:00
PAY000002606,ORD00006456,2026-07-25 09:00:00,Cashfree,success,692.83,9.6,INR,2026-07-25 09:00:00
PAY000002607,ORD00001279,2026-07-24 05:00:00,Cashfree,success,1147.57,7.83,INR,2026-07-24 05:00:00
PAY000002608,ORD00011738,2026-01-14 04:00:00,PayU,success,758.67,24.11,INR,2026-01-14 04:00:00
PAY000002609,ORD00001893,2026-08-26 08:00:00,,success,936.07,8.92,INR,2026-08-26 08:00:00
PAY000002610,ORD00008220,2026-01-11 16:00:00,Stripe,success,1525.1,27.15,INR,2026-01-11 16:00:00
PAY000002611,ORD00009698,2026-05-04 05:00:00,PayU,success,1079.25,12.24,INR,2026-05-04 05:00:00
PAY000002612,ORD00010468,2026-07-27 21:00:00,razorpay ,Failed,2740.41,34.45,Rs,2026-07-27 21:00:00
PAY000002613,ORD00009020,2026-02-09 04:00:00,PayU,success,467.25,3.83,inr,2026-02-09 04:00:00
PAY000002614,ORD00001112,2026-05-26 22:00:00,Stripe,success,1483.41,26.75,INR,2026-05-26 22:00:00
PAY000002615,ORD00002525,2026-06-19 00:00:00,Stripe,success,809.62,28.03,INR,2026-06-19 00:00:00
PAY000002616,ORD00006853,2026-02-07 16:00:00,Stripe,success,1813.49,23.18,INR,2026-02-07 16:00:00
PAY000002617,ORD00009185,2026-01-23 07:00:00,Cashfree,REFUNDED,1024.95,20.53,Rs,2026-01-23 07:00:00
PAY000002618,ORD00007741,2026-01-20 04:00:00,PayU,Failed,1118.93,22.82,INR,2026-01-20 04:00:00
PAY000002619,ORD00007539,2026-03-01 21:00:00,Cashfree,Failed,1464.95,12.25,inr,2026-03-01 21:00:00
PAY000002620,ORD00002128,2026-02-25 01:00:00,Cashfree,success,410.21,14.91,INR,2026-02-25 01:00:00
PAY000002621,ORD00009353,2026-05-18 14:00:00,Stripe,PENDING,428.68,9.68,inr,2026-05-18 14:00:00
PAY000002622,ORD00008235,2026-06-28 23:00:00,Cashfree,success,3133.9,11.89,INR,2026-06-28 23:00:00
PAY000002623,ORD00007224,2026-03-12 08:00:00,razorpay ,Failed,3287.28,30.87,INR,2026-03-12 08:00:00
PAY000002624,ORD00003718,2026-02-22 11:00:00,razorpay ,success,726.21,9.67,Rs,2026-02-22 11:00:00
PAY000002625,ORD00009797,2026-02-09 12:00:00,Stripe,success,631.96,29.87,INR,2026-02-09 12:00:00
PAY000002626,ORD00009167,2026-08-11 16:00:00,razorpay ,success,2389.87,22.14,INR,2026-08-11 16:00:00
PAY000002627,ORD00009564,2026-05-11 08:00:00,Razorpay,success,1180.89,22.57,INR,2026-05-11 08:00:00
PAY000002628,ORD00011271,2026-03-09 12:00:00,Cashfree,success,1069.08,12.21,INR,2026-03-09 12:00:00
PAY000002629,ORD00007893,2026-01-14 06:00:00,razorpay ,success,1267.36,9.81,inr,2026-01-14 06:00:00
PAY000002630,ORD00007789,2026-07-26 16:00:00,Razorpay,success,779.76,15.02,INR,2026-07-26 16:00:00
PAY000002631,ORD00008171,2026-08-07 02:00:00,Cashfree,Failed,4934.62,32.74,INR,2026-08-07 02:00:00
PAY000002632,ORD00011640,2026-03-12 07:00:00,Cashfree,success,779.56,33.35,inr,2026-03-12 07:00:00
PAY000002633,ORD00007463,2026-06-15 08:00:00,razorpay ,success,346.7,7.42,INR,2026-06-15 08:00:00
PAY000002634,ORD00009323,2026-02-09 17:00:00,razorpay ,success,1273.09,23.84,INR,2026-02-09 17:00:00
PAY000002635,ORD00011093,2026-07-30 19:00:00,PayU,Failed,1839.35,15.61,INR,2026-07-30 19:00:00
PAY000002636,ORD00008695,2026-03-26 11:00:00,PayU,success,558.47,3.39,INR,2026-03-26 11:00:00
PAY000002637,ORD00007818,2026-07-27 16:00:00,Stripe,success,511.05,4.73,INR,2026-07-27 16:00:00
PAY000002638,ORD00002577,2026-08-02 16:00:00,Cashfree,success,214.03,26.76,INR,2026-08-02 16:00:00
PAY000002639,ORD00011739,2026-04-06 19:00:00,razorpay ,PENDING,850.51,2.04,INR,2026-04-06 19:00:00
PAY000002640,ORD00002381,2026-07-06 04:00:00,Razorpay,success,1727.11,15.14,INR,2026-07-06 04:00:00
PAY000002641,ORD00002348,2026-07-04 03:00:00,Stripe,success,450.07,7.23,INR,2026-07-04 03:00:00
PAY000002642,ORD00005240,2026-01-06 11:00:00,Stripe,PENDING,2971.39,34.64,INR,2026-01-06 11:00:00
PAY000002643,ORD00009112,2026-03-10 03:00:00,Cashfree,Failed,958.51,3.9,INR,2026-03-10 03:00:00
PAY000002644,ORD00000634,2026-04-20 11:00:00,Razorpay,success,615.98,6.52,INR,2026-04-20 11:00:00
PAY000002645,ORD00005489,2026-03-27 19:00:00,Cashfree,Failed,779.12,32.13,INR,2026-03-27 19:00:00
PAY000002646,ORD00001899,2026-03-11 18:00:00,Cashfree,Failed,1595.8,11.56,Rs,2026-03-11 18:00:00
PAY000002647,ORD00011015,2026-06-25 17:00:00,razorpay ,success,1210.85,11.71,INR,2026-06-25 17:00:00
PAY000002648,ORD00002473,2026-07-26 22:00:00,razorpay ,PENDING,1020.95,32.13,INR,2026-07-26 22:00:00
PAY000002649,ORD00009029,2026-03-27 07:00:00,razorpay ,success,1602.65,7.66,INR,2026-03-27 07:00:00
PAY000002650,ORD00003527,2026-02-09 07:00:00,PayU,Failed,956.51,33.91,INR,2026-02-09 07:00:00
PAY000002651,ORD00001601,2026-04-17 19:00:00,Razorpay,success,2488.94,16.18,INR,2026-04-17 19:00:00
PAY000002652,ORD00003682,2026-01-08 15:00:00,Razorpay,PENDING,867.91,15.87,INR,2026-01-08 15:00:00
PAY000002653,ORD00003710,2026-04-21 23:00:00,PayU,success,1887.77,32.63,inr,2026-04-21 23:00:00
PAY000002654,ORD00001911,2026-04-26 15:00:00,PayU,success,513.44,5.05,INR,2026-04-26 15:00:00
PAY000002655,ORD00011519,2026-06-26 09:00:00,Razorpay,success,425.87,8.33,INR,2026-06-26 09:00:00
PAY000002656,ORD00004390,2026-06-26 18:00:00,Stripe,success,1942.32,28.88,INR,2026-06-26 18:00:00
PAY000002657,ORD00005714,2026-07-20 17:00:00,PayU,success,2196.43,7.23,INR,2026-07-20 17:00:00
PAY000002658,ORD00005365,2026-05-17 00:00:00,razorpay ,Failed,711.46,12.72,INR,2026-05-17 00:00:00
PAY000002659,ORD00003989,2026-03-30 15:00:00,Razorpay,PENDING,2961.37,26.43,inr,2026-03-30 15:00:00
PAY000002660,ORD00005180,2026-07-29 06:00:00,Cashfree,success,2511.78,16.4,Rs,2026-07-29 06:00:00
PAY000002661,ORD00003698,2026-06-20 01:00:00,Cashfree,Failed,2466.34,22.13,INR,2026-06-20 01:00:00
PAY000002662,ORD00006985,2026-07-21 14:00:00,razorpay ,success,493.92,15.37,INR,2026-07-21 14:00:00
PAY000002663,ORD00003766,2026-01-14 12:00:00,Razorpay,PENDING,4449.39,21.57,INR,2026-01-14 12:00:00
PAY000002664,ORD00003316,2026-04-18 22:00:00,Razorpay,success,1153.07,33.33,INR,2026-04-18 22:00:00
PAY000002665,ORD00003382,2026-05-11 15:00:00,PayU,success,2541.31,7.72,INR,2026-05-11 15:00:00
PAY000002666,ORD00009450,2026-05-10 20:00:00,Stripe,success,820.21,19.74,INR,2026-05-10 20:00:00
PAY000002667,ORD00010439,2026-06-15 03:00:00,Razorpay,success,547.6,34.0,INR,2026-06-15 03:00:00
PAY000002668,ORD00005680,2026-06-03 17:00:00,Stripe,success,1296.63,8.33,INR,2026-06-03 17:00:00
PAY000002669,ORD00001399,2026-04-25 08:00:00,Cashfree,success,731.54,7.47,INR,2026-04-25 08:00:00
PAY000002670,ORD00003585,2026-04-07 04:00:00,Cashfree,success,957.39,24.01,INR,2026-04-07 04:00:00
PAY000002671,ORD00002096,2026-07-24 03:00:00,Cashfree,success,851.59,34.79,INR,2026-07-24 03:00:00
PAY000002672,ORD00000573,2026-03-22 13:00:00,Razorpay,success,6294.65,3.16,INR,2026-03-22 13:00:00
PAY000002673,ORD00011351,2026-06-12 21:00:00,Razorpay,success,941.58,15.49,INR,2026-06-12 21:00:00
PAY000002674,ORD00001316,2026-01-22 14:00:00,Stripe,success,739.73,27.32,INR,2026-01-22 14:00:00
PAY000002675,ORD00011668,2026-08-14 12:00:00,Cashfree,success,1658.83,6.0,INR,2026-08-14 12:00:00
PAY000002676,ORD00011258,2026-08-16 12:00:00,PayU,PENDING,484.31,24.72,INR,2026-08-16 12:00:00
PAY000002677,ORD00011403,2026-02-05 21:00:00,PayU,success,1740.14,17.16,INR,2026-02-05 21:00:00
PAY000002678,ORD00005074,2026-05-25 23:00:00,PayU,Failed,2106.91,17.39,INR,2026-05-25 23:00:00
PAY000002679,ORD00001766,2026-07-17 16:00:00,Cashfree,REFUNDED,1101.96,29.53,INR,2026-07-17 16:00:00
PAY000002680,ORD00000904,2026-05-25 04:00:00,Cashfree,success,2320.48,17.99,INR,2026-05-25 04:00:00
PAY000002681,ORD00002802,2026-04-23 19:00:00,razorpay ,success,1032.67,14.8,INR,2026-04-23 19:00:00
PAY000002682,ORD00007174,2026-02-26 09:00:00,Cashfree,success,1550.25,19.11,INR,2026-02-26 09:00:00
PAY000002683,ORD00005661,2026-06-17 19:00:00,Razorpay,PENDING,3061.63,13.08,INR,2026-06-17 19:00:00
PAY000002684,ORD00008266,2026-04-11 10:00:00,razorpay ,success,1064.32,21.42,INR,2026-04-11 10:00:00
PAY000002685,ORD00006513,2026-05-31 19:00:00,razorpay ,success,1929.1,17.48,INR,2026-05-31 19:00:00
PAY000002686,ORD00009675,2026-03-01 09:00:00,Razorpay,success,2382.68,8.17,INR,2026-03-01 09:00:00
PAY000002687,ORD00001746,2026-05-12 18:00:00,PayU,success,1642.8,31.5,inr,2026-05-12 18:00:00
PAY000002688,ORD00007963,2026-03-31 08:00:00,Stripe,PENDING,821.42,32.01,INR,2026-03-31 08:00:00
PAY000002689,ORD00009841,2026-01-05 07:00:00,PayU,success,1215.55,10.11,INR,2026-01-05 07:00:00
PAY000002690,ORD00000870,2026-08-28 18:00:00,PayU,success,1311.51,12.73,INR,2026-08-28 18:00:00
PAY000002691,ORD00004361,2026-02-16 08:00:00,razorpay ,Failed,743.77,11.05,INR,2026-02-16 08:00:00
PAY000002692,ORD00007563,2026-04-23 06:00:00,Razorpay,success,467.14,4.3,INR,2026-04-23 06:00:00
PAY000002693,ORD00011161,2026-08-12 18:00:00,Stripe,success,1363.65,12.79,INR,2026-08-12 18:00:00
PAY000002694,ORD00001471,2026-01-14 13:00:00,Stripe,success,1436.94,24.73,INR,2026-01-14 13:00:00
PAY000002695,ORD00004219,2026-05-13 11:00:00,Razorpay,success,2164.06,14.58,INR,2026-05-13 11:00:00
PAY000002696,ORD00008121,2026-05-01 19:00:00,PayU,success,1254.36,31.64,INR,2026-05-01 19:00:00
PAY000002697,ORD00008001,2026-03-19 04:00:00,Stripe,success,798.1,16.17,Rs,2026-03-19 04:00:00
PAY000002698,ORD00009019,2026-06-10 11:00:00,razorpay ,success,501.47,17.85,INR,2026-06-10 11:00:00
PAY000002699,ORD00003477,2026-05-26 15:00:00,PayU,success,1318.46,22.21,inr,2026-05-26 15:00:00
PAY000002700,ORD00007249,2026-02-19 13:00:00,Razorpay,Failed,1625.07,6.38,INR,2026-02-19 13:00:00
PAY000002701,ORD00006916,2026-01-14 21:00:00,Razorpay,success,733.09,4.93,INR,2026-01-14 21:00:00
PAY000002702,ORD00001918,2026-07-31 03:00:00,razorpay ,REFUNDED,794.32,12.69,Rs,2026-07-31 03:00:00
PAY000002703,ORD00009690,2026-01-28 03:00:00,Razorpay,PENDING,1098.28,15.34,INR,2026-01-28 03:00:00
PAY000002704,ORD00000459,2026-05-16 15:00:00,Cashfree,success,742.53,28.84,Rs,2026-05-16 15:00:00
PAY000002705,ORD00004371,2026-02-20 01:00:00,Cashfree,success,335.36,12.7,INR,2026-02-20 01:00:00
PAY000002706,ORD00007367,2026-05-07 08:00:00,razorpay ,Failed,1055.28,17.03,INR,2026-05-07 08:00:00
PAY000002707,ORD00002121,2026-07-17 11:00:00,Razorpay,success,1134.28,8.29,inr,2026-07-17 11:00:00
PAY000002708,ORD00004707,2026-06-15 22:00:00,razorpay ,success,746.88,32.67,INR,2026-06-15 22:00:00
PAY000002709,ORD00000048,2026-04-25 11:00:00,razorpay ,success,1123.14,31.87,INR,2026-04-25 11:00:00
PAY000002710,ORD00001336,2026-01-06 11:00:00,Stripe,success,2345.23,18.86,INR,2026-01-06 11:00:00
PAY000002711,ORD00000598,2026-02-27 03:00:00,Cashfree,success,1085.6,32.29,INR,2026-02-27 03:00:00
PAY000002712,ORD00003308,2026-04-11 21:00:00,Razorpay,success,905.11,20.26,INR,2026-04-11 21:00:00
PAY000002713,ORD00007856,2026-04-06 11:00:00,Cashfree,PENDING,262.07,9.69,INR,2026-04-06 11:00:00
PAY000002714,ORD00001426,2026-05-09 18:00:00,razorpay ,success,445.5,34.84,INR,2026-05-09 18:00:00
PAY000002715,ORD00002949,2026-07-20 21:00:00,Cashfree,PENDING,1867.55,23.17,Rs,2026-07-20 21:00:00
PAY000002716,ORD00005840,2026-04-25 22:00:00,PayU,success,1279.19,6.48,INR,2026-04-25 22:00:00
PAY000002717,ORD00009360,2026-02-25 03:00:00,Razorpay,success,1530.76,29.58,INR,2026-02-25 03:00:00
PAY000002718,ORD00011485,2026-05-02 23:00:00,Stripe,success,685.22,28.94,Rs,2026-05-02 23:00:00
PAY000002719,ORD00010539,2026-02-21 15:00:00,Cashfree,success,1475.91,10.36,INR,2026-02-21 15:00:00
PAY000002720,ORD00006645,2026-06-02 18:00:00,Razorpay,success,843.81,5.56,INR,2026-06-02 18:00:00
PAY000002721,ORD00002835,2026-04-09 00:00:00,Stripe,Failed,1770.66,34.97,INR,2026-04-09 00:00:00
PAY000002722,ORD00002842,2026-01-05 17:00:00,Stripe,PENDING,1482.94,2.46,INR,2026-01-05 17:00:00
PAY000002723,ORD00002836,2026-01-12 11:00:00,Stripe,success,837.2,24.31,INR,2026-01-12 11:00:00
PAY000002724,ORD00007438,2026-08-11 13:00:00,Cashfree,success,530.01,30.08,INR,2026-08-11 13:00:00
PAY000002725,ORD00005270,2026-05-09 22:00:00,Razorpay,success,745.09,8.47,INR,2026-05-09 22:00:00
PAY000002726,ORD00009172,2026-08-10 02:00:00,PayU,Failed,417.83,6.37,inr,2026-08-10 02:00:00
PAY000002727,ORD00004131,2026-08-23 07:00:00,razorpay ,success,1594.26,19.15,INR,2026-08-23 07:00:00
PAY000002728,ORD00005746,2026-08-15 14:00:00,PayU,success,831.66,3.12,inr,2026-08-15 14:00:00
PAY000002729,ORD00006641,2026-04-25 19:00:00,Cashfree,success,1690.1,18.47,inr,2026-04-25 19:00:00
PAY000002730,ORD00008377,2026-06-16 20:00:00,Cashfree,success,898.82,9.42,INR,2026-06-16 20:00:00
PAY000002731,ORD00009233,2026-08-18 14:00:00,PayU,REFUNDED,628.01,4.96,INR,2026-08-18 14:00:00
PAY000002732,ORD00010020,2026-02-25 08:00:00,Razorpay,success,742.34,12.05,INR,2026-02-25 08:00:00
PAY000002733,ORD00001656,2026-07-30 11:00:00,Razorpay,PENDING,1196.51,29.38,inr,2026-07-30 11:00:00
PAY000002734,ORD00010981,2026-08-06 05:00:00,PayU,success,1711.73,33.84,INR,2026-08-06 05:00:00
PAY000002735,ORD00004214,2026-03-15 01:00:00,razorpay ,success,2974.77,8.61,INR,2026-03-15 01:00:00
PAY000002736,ORD00010669,2026-08-15 07:00:00,razorpay ,success,1218.79,14.4,inr,2026-08-15 07:00:00
PAY000002737,ORD00009529,2026-04-06 08:00:00,Razorpay,success,478.87,4.94,INR,2026-04-06 08:00:00
PAY000002738,ORD00004636,2026-07-19 05:00:00,Stripe,success,842.72,22.93,INR,2026-07-19 05:00:00
PAY000002739,ORD00011899,2026-01-01 12:00:00,Stripe,success,1293.54,12.07,inr,2026-01-01 12:00:00
PAY000002740,ORD00009859,2026-05-20 15:00:00,Razorpay,success,1833.35,14.95,INR,2026-05-20 15:00:00
PAY000002741,ORD00008562,2026-05-10 05:00:00,razorpay ,success,541.58,10.69,INR,2026-05-10 05:00:00
PAY000002742,ORD00009484,2026-01-26 03:00:00,PayU,success,1587.37,7.87,INR,2026-01-26 03:00:00
PAY000002743,ORD00007098,2026-04-15 10:00:00,razorpay ,success,1256.55,19.04,inr,2026-04-15 10:00:00
PAY000002744,ORD00007306,2026-04-22 12:00:00,Razorpay,success,1358.09,6.03,INR,2026-04-22 12:00:00
PAY000002745,ORD00002817,2026-03-03 23:00:00,PayU,Failed,1206.96,27.77,INR,2026-03-03 23:00:00
PAY000002746,ORD00000403,2026-02-13 04:00:00,Razorpay,success,610.49,3.14,INR,2026-02-13 04:00:00
PAY000002747,ORD00003785,2026-08-10 15:00:00,PayU,success,3123.2,32.38,INR,2026-08-10 15:00:00
PAY000002748,ORD00001858,2026-07-30 04:00:00,razorpay ,success,583.95,22.98,INR,2026-07-30 04:00:00
PAY000002749,ORD00002888,2026-04-21 03:00:00,razorpay ,success,565.64,8.3,INR,2026-04-21 03:00:00
PAY000002750,ORD00002995,2026-08-09 04:00:00,PayU,success,3127.38,34.02,INR,2026-08-09 04:00:00
PAY000002751,ORD00010698,2026-08-03 07:00:00,razorpay ,success,737.82,27.25,INR,2026-08-03 07:00:00
PAY000002752,ORD00003287,2026-01-07 19:00:00,razorpay ,success,1166.1,28.08,INR,2026-01-07 19:00:00
PAY000002753,ORD00002664,2026-02-26 16:00:00,Stripe,success,694.39,22.98,INR,2026-02-26 16:00:00
PAY000002754,ORD00003464,2026-06-11 01:00:00,razorpay ,PENDING,191.99,24.53,INR,2026-06-11 01:00:00
PAY000002755,ORD00008105,2026-04-19 08:00:00,Cashfree,success,485.5,6.37,INR,2026-04-19 08:00:00
PAY000002756,ORD00003610,2026-06-04 05:00:00,Stripe,success,1366.35,27.11,INR,2026-06-04 05:00:00
PAY000002757,ORD00007202,2026-02-14 09:00:00,Cashfree,success,1285.16,31.39,Rs,2026-02-14 09:00:00
PAY000002758,ORD00004111,2026-04-09 05:00:00,PayU,REFUNDED,1576.68,25.56,INR,2026-04-09 05:00:00
PAY000002759,ORD00005273,2026-01-01 06:00:00,Razorpay,Failed,1766.53,27.31,INR,2026-01-01 06:00:00
PAY000002760,ORD00011850,2026-01-21 09:00:00,razorpay ,success,1519.24,10.87,INR,2026-01-21 09:00:00
PAY000002761,ORD00011206,2026-08-03 10:00:00,Stripe,PENDING,5262.78,27.64,INR,2026-08-03 10:00:00
PAY000002762,ORD00001061,2026-05-19 16:00:00,Cashfree,Failed,1539.06,13.28,INR,2026-05-19 16:00:00
PAY000002763,ORD00005641,2026-05-23 16:00:00,Razorpay,success,659.17,14.73,INR,2026-05-23 16:00:00
PAY000002764,ORD00008909,2026-07-24 13:00:00,razorpay ,Failed,736.38,32.02,INR,2026-07-24 13:00:00
PAY000002765,ORD00006848,2026-06-21 07:00:00,Razorpay,success,904.07,17.21,INR,2026-06-21 07:00:00
PAY000002766,ORD00006179,2026-08-18 10:00:00,Razorpay,success,550.3,31.76,INR,2026-08-18 10:00:00
PAY000002767,ORD00000132,2026-01-21 05:00:00,Razorpay,success,963.71,28.72,INR,2026-01-21 05:00:00
PAY000002768,ORD00001868,2026-04-02 22:00:00,Razorpay,PENDING,1298.7,31.24,INR,2026-04-02 22:00:00
PAY000002769,ORD00002150,2026-06-17 15:00:00,PayU,success,1356.98,30.71,INR,2026-06-17 15:00:00
PAY000002770,ORD00006052,2026-02-05 00:00:00,Cashfree,success,588.81,14.79,INR,2026-02-05 00:00:00
PAY000002771,ORD00000175,2026-05-23 14:00:00,razorpay ,success,1191.43,9.18,INR,2026-05-23 14:00:00
PAY000002772,ORD00010321,2026-08-06 02:00:00,Razorpay,success,554.7,13.24,INR,2026-08-06 02:00:00
PAY000002773,ORD00004376,2026-07-09 06:00:00,PayU,success,1142.43,23.75,INR,2026-07-09 06:00:00
PAY000002774,ORD00002590,2026-08-09 02:00:00,Cashfree,success,533.66,14.74,INR,2026-08-09 02:00:00
PAY000002775,ORD00001548,2026-02-23 00:00:00,Razorpay,success,1939.1,22.42,INR,2026-02-23 00:00:00
PAY000002776,ORD00004618,2026-02-17 11:00:00,Razorpay,success,1338.96,2.87,INR,2026-02-17 11:00:00
PAY000002777,ORD00011185,2026-01-09 00:00:00,Cashfree,success,329.38,13.64,INR,2026-01-09 00:00:00
PAY000002778,ORD00000737,2026-06-28 00:00:00,Razorpay,success,1604.88,23.56,inr,2026-06-28 00:00:00
PAY000002779,ORD00006910,2026-02-22 11:00:00,PayU,success,12099.94,11.68,INR,2026-02-22 11:00:00
PAY000002780,ORD00007331,2026-05-26 00:00:00,Cashfree,Failed,2204.34,34.45,INR,2026-05-26 00:00:00
PAY000002781,ORD00010033,2026-03-28 20:00:00,Cashfree,success,276.77,32.05,INR,2026-03-28 20:00:00
PAY000002782,ORD00006996,2026-03-08 07:00:00,PayU,success,3183.7,34.68,INR,2026-03-08 07:00:00
PAY000002783,ORD00004097,2026-03-12 16:00:00,Cashfree,success,673.7,7.11,INR,2026-03-12 16:00:00
PAY000002784,ORD00004919,2026-06-12 05:00:00,Stripe,success,2282.21,4.34,Rs,2026-06-12 05:00:00
PAY000002785,ORD00011753,2026-06-10 13:00:00,PayU,success,1449.16,24.09,INR,2026-06-10 13:00:00
PAY000002786,ORD00003245,2026-08-21 16:00:00,razorpay ,success,397.63,9.7,inr,2026-08-21 16:00:00
PAY000002787,ORD00001597,2026-04-06 01:00:00,razorpay ,success,715.08,27.76,INR,2026-04-06 01:00:00
PAY000002788,ORD00008339,2026-07-04 16:00:00,Stripe,success,10339.51,28.56,INR,2026-07-04 16:00:00
PAY000002789,ORD00003575,2026-01-10 02:00:00,Stripe,success,556.7,10.38,INR,2026-01-10 02:00:00
PAY000002790,ORD00009189,2026-05-27 13:00:00,Cashfree,success,1228.21,28.21,INR,2026-05-27 13:00:00
PAY000002791,ORD00009574,2026-01-25 06:00:00,Cashfree,Failed,2804.42,19.55,INR,2026-01-25 06:00:00
PAY000002792,ORD00009246,2026-01-31 17:00:00,PayU,success,779.39,31.87,INR,2026-01-31 17:00:00
PAY000002793,ORD00007164,2026-01-21 22:00:00,Razorpay,success,472.1,31.31,INR,2026-01-21 22:00:00
PAY000002794,ORD00010024,2026-02-18 20:00:00,PayU,success,844.13,14.1,INR,2026-02-18 20:00:00
PAY000002795,ORD00007396,2026-03-18 06:00:00,Razorpay,success,639.48,29.22,inr,2026-03-18 06:00:00
PAY000002796,ORD00010017,2026-07-01 13:00:00,Razorpay,success,692.34,30.67,INR,2026-07-01 13:00:00
PAY000002797,ORD00000241,2026-04-25 22:00:00,Cashfree,success,1575.88,22.4,INR,2026-04-25 22:00:00
PAY000002798,ORD00006409,2026-03-16 23:00:00,Cashfree,Failed,2638.25,19.97,INR,2026-03-16 23:00:00
PAY000002799,ORD00011958,2026-03-21 04:00:00,Cashfree,success,1341.07,32.63,INR,2026-03-21 04:00:00
PAY000002800,ORD00002236,2026-03-26 14:00:00,Stripe,success,930.0,31.45,INR,2026-03-26 14:00:00
PAY000002801,ORD00008621,2026-05-21 10:00:00,Stripe,success,638.26,7.64,inr,2026-05-21 10:00:00
PAY000002802,ORD00001529,2026-04-07 19:00:00,Cashfree,success,1547.81,8.78,INR,2026-04-07 19:00:00
PAY000002803,ORD00003689,2026-06-25 05:00:00,razorpay ,Failed,880.05,25.75,INR,2026-06-25 05:00:00
PAY000002804,ORD00003610,2026-04-21 18:00:00,razorpay ,success,883.73,4.89,INR,2026-04-21 18:00:00
PAY000002805,ORD00008415,2026-02-13 02:00:00,razorpay ,success,1309.72,26.01,INR,2026-02-13 02:00:00
PAY000002806,ORD00008354,2026-07-09 19:00:00,Razorpay,success,1509.77,9.05,INR,2026-07-09 19:00:00
PAY000002807,ORD00008556,2026-06-03 13:00:00,Razorpay,success,1894.75,14.42,INR,2026-06-03 13:00:00
PAY000002808,ORD00006759,2026-07-11 16:00:00,PayU,success,1088.78,11.44,INR,2026-07-11 16:00:00
PAY000002809,ORD00004530,2026-05-26 09:00:00,PayU,success,1979.03,20.25,INR,2026-05-26 09:00:00
PAY000002810,ORD00011371,2026-07-28 19:00:00,Stripe,PENDING,822.84,32.24,INR,2026-07-28 19:00:00
PAY000002811,ORD00001526,2026-03-05 00:00:00,PayU,success,434.43,25.61,inr,2026-03-05 00:00:00
PAY000002812,ORD00011970,2026-01-12 05:00:00,Stripe,success,413.18,16.24,INR,2026-01-12 05:00:00
PAY000002813,ORD00005355,2026-03-04 08:00:00,PayU,Failed,2020.53,9.51,INR,2026-03-04 08:00:00
PAY000002814,ORD00005352,2026-04-25 09:00:00,razorpay ,success,4987.84,25.72,INR,2026-04-25 09:00:00
PAY000002815,ORD00003515,2026-03-18 07:00:00,Stripe,Failed,567.6,26.08,INR,2026-03-18 07:00:00
PAY000002816,ORD00008516,2026-04-25 12:00:00,Razorpay,Failed,700.12,13.4,INR,2026-04-25 12:00:00
PAY000002817,ORD00009928,2026-06-15 13:00:00,PayU,success,1087.44,15.37,inr,2026-06-15 13:00:00
PAY000002818,ORD00004324,2026-02-22 23:00:00,PayU,success,513.27,29.29,INR,2026-02-22 23:00:00
PAY000002819,ORD00010030,2026-08-08 03:00:00,Stripe,success,560.23,11.48,INR,2026-08-08 03:00:00
PAY000002820,ORD00008743,2026-08-12 18:00:00,Cashfree,success,835.61,28.28,INR,2026-08-12 18:00:00
PAY000002821,ORD00010716,2026-08-03 08:00:00,Cashfree,success,1021.4,30.23,INR,2026-08-03 08:00:00
PAY000002822,ORD00011905,2026-03-31 02:00:00,razorpay ,Failed,389.43,32.31,INR,2026-03-31 02:00:00
PAY000002823,ORD00010699,2026-07-03 03:00:00,PayU,success,1591.3,14.06,INR,2026-07-03 03:00:00
PAY000002824,ORD00002308,2026-07-26 16:00:00,Razorpay,success,1312.63,24.75,INR,2026-07-26 16:00:00
PAY000002825,ORD00000116,2026-03-07 09:00:00,razorpay ,success,673.21,15.82,inr,2026-03-07 09:00:00
PAY000002826,ORD00010104,2026-06-29 21:00:00,razorpay ,success,396.92,20.43,inr,2026-06-29 21:00:00
PAY000002827,ORD00003294,2026-06-11 12:00:00,Stripe,success,374.61,17.47,INR,2026-06-11 12:00:00
PAY000002828,ORD00010810,2026-03-15 04:00:00,Razorpay,success,767.01,18.35,INR,2026-03-15 04:00:00
PAY000002829,ORD00008884,2026-05-20 11:00:00,Stripe,REFUNDED,405.25,6.41,inr,2026-05-20 11:00:00
PAY000002830,ORD00008282,2026-04-10 06:00:00,PayU,success,3302.37,4.92,INR,2026-04-10 06:00:00
PAY000002831,ORD00011598,2026-02-06 03:00:00,Stripe,Failed,207.61,3.09,INR,2026-02-06 03:00:00
PAY000002832,ORD00001197,2026-01-29 03:00:00,Stripe,Failed,1411.37,20.49,INR,2026-01-29 03:00:00
PAY000002833,ORD00000825,2026-01-30 07:00:00,razorpay ,success,3689.31,13.62,inr,2026-01-30 07:00:00
PAY000002834,ORD00004419,2026-04-14 12:00:00,Stripe,success,615.3,6.99,INR,2026-04-14 12:00:00
PAY000002835,ORD00008048,2026-07-22 22:00:00,Stripe,success,1292.9,12.99,INR,2026-07-22 22:00:00
PAY000002836,ORD00002591,2026-01-24 16:00:00,Cashfree,success,790.94,34.01,INR,2026-01-24 16:00:00
PAY000002837,ORD00009097,2026-06-09 08:00:00,razorpay ,success,1441.44,13.89,INR,2026-06-09 08:00:00
PAY000002838,ORD00005820,2026-04-10 01:00:00,Stripe,success,1214.2,25.77,INR,2026-04-10 01:00:00
PAY000002839,ORD00004619,2026-03-19 18:00:00,Cashfree,success,1846.76,29.53,INR,2026-03-19 18:00:00
PAY000002840,ORD00010705,2026-05-18 11:00:00,razorpay ,REFUNDED,1835.7,11.22,INR,2026-05-18 11:00:00
PAY000002841,ORD00005382,2026-07-09 19:00:00,Cashfree,REFUNDED,1258.51,5.99,INR,2026-07-09 19:00:00
PAY000002842,ORD00004284,2026-02-07 13:00:00,Cashfree,success,1135.26,21.97,INR,2026-02-07 13:00:00
PAY000002843,ORD00002213,2026-03-26 12:00:00,PayU,PENDING,1529.77,31.73,inr,2026-03-26 12:00:00
PAY000002844,ORD00010596,2026-07-18 15:00:00,razorpay ,success,785.17,26.2,INR,2026-07-18 15:00:00
PAY000002845,ORD00005303,2026-03-27 10:00:00,razorpay ,PENDING,3095.8,16.14,INR,2026-03-27 10:00:00
PAY000002846,ORD00003183,2026-07-12 05:00:00,Razorpay,success,1915.35,24.14,inr,2026-07-12 05:00:00
PAY000002847,ORD00003993,2026-08-24 06:00:00,PayU,PENDING,1246.28,22.79,inr,2026-08-24 06:00:00
PAY000002848,ORD00009408,2026-02-15 20:00:00,Razorpay,success,757.31,25.08,INR,2026-02-15 20:00:00
PAY000002849,ORD00002319,2026-08-08 03:00:00,PayU,success,426.19,29.83,INR,2026-08-08 03:00:00
PAY000002850,ORD00010230,2026-05-18 07:00:00,razorpay ,success,259.58,29.17,INR,2026-05-18 07:00:00
PAY000002851,ORD00011958,2026-03-17 06:00:00,Cashfree,success,421.86,8.81,INR,2026-03-17 06:00:00
PAY000002852,ORD00002256,2026-06-02 06:00:00,Cashfree,success,2934.2,6.34,Rs,2026-06-02 06:00:00
PAY000002853,ORD00002453,2026-03-04 08:00:00,Cashfree,success,1150.13,32.76,INR,2026-03-04 08:00:00
PAY000002854,ORD00003684,2026-03-12 03:00:00,Stripe,success,1264.71,16.6,INR,2026-03-12 03:00:00
PAY000002855,ORD00004775,2026-02-03 08:00:00,Stripe,success,462.19,11.29,INR,2026-02-03 08:00:00
PAY000002856,ORD00010753,2026-08-10 11:00:00,,success,1334.69,31.99,INR,2026-08-10 11:00:00
PAY000002857,ORD00009044,2026-04-14 06:00:00,Stripe,REFUNDED,1642.9,26.39,inr,2026-04-14 06:00:00
PAY000002858,ORD00000183,2026-07-28 07:00:00,PayU,success,642.79,22.99,INR,2026-07-28 07:00:00
PAY000002859,ORD00007733,2026-06-10 22:00:00,PayU,success,1004.56,25.18,INR,2026-06-10 22:00:00
PAY000002860,ORD00006475,2026-02-06 07:00:00,Razorpay,success,1452.22,7.77,INR,2026-02-06 07:00:00
PAY000002861,ORD00005548,2026-03-21 05:00:00,Cashfree,success,386.89,6.64,INR,2026-03-21 05:00:00
PAY000002862,ORD00010591,2026-06-27 09:00:00,PayU,success,2400.43,28.07,INR,2026-06-27 09:00:00
PAY000002863,ORD00006764,2026-03-14 04:00:00,PayU,success,859.42,6.03,Rs,2026-03-14 04:00:00
PAY000002864,ORD00006534,2026-08-08 05:00:00,,success,659.16,31.31,INR,2026-08-08 05:00:00
PAY000002865,ORD00000919,2026-04-25 06:00:00,PayU,success,521.08,31.6,INR,2026-04-25 06:00:00
PAY000002866,ORD00002758,2026-08-11 01:00:00,Cashfree,success,510.12,4.87,INR,2026-08-11 01:00:00
PAY000002867,ORD00009781,2026-06-01 03:00:00,razorpay ,Failed,936.93,15.57,INR,2026-06-01 03:00:00
PAY000002868,ORD00009071,2026-07-15 17:00:00,Cashfree,success,1575.78,17.62,INR,2026-07-15 17:00:00
PAY000002869,ORD00003154,2026-05-12 14:00:00,PayU,success,366.52,12.93,Rs,2026-05-12 14:00:00
PAY000002870,ORD00008048,2026-06-24 23:00:00,PayU,success,275.32,24.39,INR,2026-06-24 23:00:00
PAY000002871,ORD00001670,2026-06-17 18:00:00,razorpay ,success,1289.11,17.31,inr,2026-06-17 18:00:00
PAY000002872,ORD00011374,2026-03-14 23:00:00,PayU,success,1100.16,13.48,INR,2026-03-14 23:00:00
PAY000002873,ORD00005184,2026-07-20 23:00:00,,success,1970.85,28.0,inr,2026-07-20 23:00:00
PAY000002874,ORD00000783,2026-03-05 12:00:00,Stripe,success,1422.09,8.76,INR,2026-03-05 12:00:00
PAY000002875,ORD00006076,2026-05-04 20:00:00,razorpay ,success,987.15,6.62,INR,2026-05-04 20:00:00
PAY000002876,ORD00003985,2026-05-13 11:00:00,PayU,success,2128.11,11.2,INR,2026-05-13 11:00:00
PAY000002877,ORD00001557,2026-03-14 06:00:00,Stripe,success,708.78,23.1,INR,2026-03-14 06:00:00
PAY000002878,ORD00007688,2026-06-03 07:00:00,Stripe,REFUNDED,1308.47,13.42,INR,2026-06-03 07:00:00
PAY000002879,ORD00005183,2026-03-22 00:00:00,Stripe,success,1188.81,26.03,INR,2026-03-22 00:00:00
PAY000002880,ORD00004925,2026-08-05 11:00:00,razorpay ,Failed,1005.03,3.45,INR,2026-08-05 11:00:00
PAY000002881,ORD00002468,2026-06-12 06:00:00,razorpay ,success,853.37,9.7,INR,2026-06-12 06:00:00
PAY000002882,ORD00007433,2026-07-02 08:00:00,razorpay ,success,1194.1,33.57,INR,2026-07-02 08:00:00
PAY000002883,ORD00007684,2026-05-08 09:00:00,razorpay ,success,930.82,8.02,inr,2026-05-08 09:00:00
PAY000002884,ORD00009874,2026-01-17 01:00:00,,success,1723.67,13.52,INR,2026-01-17 01:00:00
PAY000002885,ORD00006671,2026-03-27 20:00:00,PayU,success,1314.18,27.17,INR,2026-03-27 20:00:00
PAY000002886,ORD00004548,2026-01-11 12:00:00,Cashfree,success,3348.99,13.73,Rs,2026-01-11 12:00:00
PAY000002887,ORD00011799,2026-04-26 13:00:00,Stripe,success,2124.78,9.02,INR,2026-04-26 13:00:00
PAY000002888,ORD00006271,2026-06-09 16:00:00,Stripe,success,2182.57,29.72,INR,2026-06-09 16:00:00
PAY000002889,ORD00009477,2026-02-09 13:00:00,razorpay ,success,1279.81,4.79,Rs,2026-02-09 13:00:00
PAY000002890,ORD00004468,2026-03-22 12:00:00,Razorpay,Failed,1179.03,12.55,Rs,2026-03-22 12:00:00
PAY000002891,ORD00011768,2026-03-18 13:00:00,Stripe,Failed,702.58,33.97,INR,2026-03-18 13:00:00
PAY000002892,ORD00001264,2026-01-23 22:00:00,PayU,success,1140.33,29.79,INR,2026-01-23 22:00:00
PAY000002893,ORD00005299,2026-05-25 01:00:00,Stripe,success,2140.14,24.79,INR,2026-05-25 01:00:00
PAY000002894,ORD00007115,2026-08-28 20:00:00,razorpay ,success,1148.85,7.57,INR,2026-08-28 20:00:00
PAY000002895,ORD00001859,2026-03-23 05:00:00,razorpay ,success,1421.27,6.04,INR,2026-03-23 05:00:00
PAY000002896,ORD00002806,2026-05-16 06:00:00,Razorpay,Failed,2666.54,29.51,INR,2026-05-16 06:00:00
PAY000002897,ORD00001640,2026-01-06 04:00:00,Cashfree,success,1071.19,20.49,INR,2026-01-06 04:00:00
PAY000002898,ORD00007638,2026-06-19 20:00:00,Razorpay,Failed,392.88,26.33,INR,2026-06-19 20:00:00
PAY000002899,ORD00001025,2026-08-16 20:00:00,Stripe,success,1470.02,3.2,INR,2026-08-16 20:00:00
PAY000002900,ORD00008113,2026-01-11 09:00:00,Stripe,success,2422.48,34.52,INR,2026-01-11 09:00:00
PAY000002901,ORD00009054,2026-06-24 11:00:00,PayU,success,590.76,2.43,INR,2026-06-24 11:00:00
PAY000002902,ORD00009858,2026-03-29 11:00:00,razorpay ,success,808.76,6.59,INR,2026-03-29 11:00:00
PAY000002903,ORD00005216,2026-08-19 17:00:00,razorpay ,success,332.6,2.24,INR,2026-08-19 17:00:00
PAY000002904,ORD00011944,2026-02-01 17:00:00,razorpay ,success,941.1,32.01,INR,2026-02-01 17:00:00
PAY000002905,ORD00000161,2026-07-07 12:00:00,Stripe,success,1929.06,34.42,INR,2026-07-07 12:00:00
PAY000002906,ORD00001514,2026-06-19 23:00:00,razorpay ,REFUNDED,635.18,22.01,INR,2026-06-19 23:00:00
PAY000002907,ORD00009476,2026-08-17 07:00:00,Razorpay,success,1788.93,19.42,INR,2026-08-17 07:00:00
PAY000002908,ORD00011159,2026-07-06 01:00:00,razorpay ,success,917.1,22.52,INR,2026-07-06 01:00:00
PAY000002909,ORD00009778,2026-03-25 06:00:00,Stripe,PENDING,1543.73,30.38,INR,2026-03-25 06:00:00
PAY000002910,ORD00003387,2026-02-04 15:00:00,Razorpay,success,676.94,15.12,INR,2026-02-04 15:00:00
PAY000002911,ORD00002249,2026-07-16 13:00:00,Stripe,success,609.01,14.69,INR,2026-07-16 13:00:00
PAY000002912,ORD00006481,2026-01-06 01:00:00,Cashfree,success,2380.66,18.63,inr,2026-01-06 01:00:00
PAY000002913,ORD00008525,2026-01-21 19:00:00,PayU,success,534.89,11.36,INR,2026-01-21 19:00:00
PAY000002914,ORD00011399,2026-01-16 03:00:00,razorpay ,success,843.7,3.12,INR,2026-01-16 03:00:00
PAY000002915,ORD00000137,2026-06-28 01:00:00,PayU,success,1405.5,4.77,INR,2026-06-28 01:00:00
PAY000002916,ORD00007686,2026-07-06 12:00:00,Stripe,success,1738.59,11.83,Rs,2026-07-06 12:00:00
PAY000002917,ORD00008975,2026-05-13 05:00:00,Razorpay,REFUNDED,505.06,11.34,INR,2026-05-13 05:00:00
PAY000002918,ORD00009124,2026-07-19 01:00:00,Cashfree,success,2908.12,10.66,INR,2026-07-19 01:00:00
PAY000002919,ORD00002971,2026-01-03 01:00:00,PayU,REFUNDED,765.85,18.62,INR,2026-01-03 01:00:00
PAY000002920,ORD00011354,2026-01-22 08:00:00,razorpay ,success,1413.56,10.5,inr,2026-01-22 08:00:00
PAY000002921,ORD00003104,2026-04-12 06:00:00,Cashfree,REFUNDED,667.45,21.73,INR,2026-04-12 06:00:00
PAY000002922,ORD00011945,2026-03-28 03:00:00,Razorpay,success,1108.73,11.75,INR,2026-03-28 03:00:00
PAY000002923,ORD00008594,2026-06-29 01:00:00,razorpay ,success,1168.71,13.64,INR,2026-06-29 01:00:00
PAY000002924,ORD00006224,2026-02-01 08:00:00,PayU,success,1228.47,15.88,inr,2026-02-01 08:00:00
PAY000002925,ORD00008094,2026-01-26 18:00:00,Cashfree,success,1656.61,17.15,INR,2026-01-26 18:00:00
PAY000002926,ORD00001682,2026-05-29 06:00:00,PayU,success,2354.14,2.17,INR,2026-05-29 06:00:00
PAY000002927,ORD00001654,2026-02-21 16:00:00,Razorpay,success,954.04,3.66,INR,2026-02-21 16:00:00
PAY000002928,ORD00004707,2026-04-23 06:00:00,Stripe,success,1114.19,11.5,Rs,2026-04-23 06:00:00
PAY000002929,ORD00000050,2026-01-19 04:00:00,PayU,Failed,2318.7,20.03,INR,2026-01-19 04:00:00
PAY000002930,ORD00005682,2026-01-16 03:00:00,Stripe,success,2173.64,20.91,INR,2026-01-16 03:00:00
PAY000002931,ORD00007681,2026-08-08 16:00:00,Stripe,success,1026.73,15.85,INR,2026-08-08 16:00:00
PAY000002932,ORD00003370,2026-03-19 20:00:00,Stripe,success,643.41,15.05,INR,2026-03-19 20:00:00
PAY000002933,ORD00003308,2026-02-12 04:00:00,razorpay ,success,898.92,4.84,INR,2026-02-12 04:00:00
PAY000002934,ORD00000918,2026-02-27 12:00:00,PayU,success,5933.07,14.26,INR,2026-02-27 12:00:00
PAY000002935,ORD00003603,2026-06-11 14:00:00,Razorpay,Failed,2358.03,20.41,INR,2026-06-11 14:00:00
PAY000002936,ORD00002843,2026-07-19 14:00:00,PayU,success,866.49,28.7,INR,2026-07-19 14:00:00
PAY000002937,ORD00010844,2026-03-06 06:00:00,Cashfree,success,804.11,23.07,Rs,2026-03-06 06:00:00
PAY000002938,ORD00011974,2026-02-28 13:00:00,PayU,Failed,1045.62,4.54,INR,2026-02-28 13:00:00
PAY000002939,ORD00011669,2026-04-03 21:00:00,Stripe,PENDING,1683.84,33.1,INR,2026-04-03 21:00:00
PAY000002940,ORD00001744,2026-02-05 18:00:00,razorpay ,success,959.38,3.1,INR,2026-02-05 18:00:00
PAY000002941,ORD00005944,2026-03-04 03:00:00,Stripe,success,801.87,18.63,INR,2026-03-04 03:00:00
PAY000002942,ORD00010648,2026-03-23 04:00:00,Cashfree,success,1984.47,10.1,inr,2026-03-23 04:00:00
PAY000002943,ORD00003521,2026-06-02 16:00:00,Cashfree,success,459.6,20.88,INR,2026-06-02 16:00:00
PAY000002944,ORD00005424,2026-01-15 05:00:00,Cashfree,success,1244.12,10.58,INR,2026-01-15 05:00:00
PAY000002945,ORD00007406,2026-01-14 13:00:00,PayU,PENDING,1718.87,15.88,INR,2026-01-14 13:00:00
PAY000002946,ORD00003767,2026-05-14 15:00:00,PayU,success,1250.55,23.32,INR,2026-05-14 15:00:00
PAY000002947,ORD00007906,2026-01-20 08:00:00,Cashfree,success,551.8,15.07,inr,2026-01-20 08:00:00
PAY000002948,ORD00010647,2026-02-25 19:00:00,PayU,success,1200.68,9.05,INR,2026-02-25 19:00:00
PAY000002949,ORD00009547,2026-01-13 15:00:00,razorpay ,success,1031.96,10.82,INR,2026-01-13 15:00:00
PAY000002950,ORD00006833,2026-05-08 07:00:00,Razorpay,success,243.21,16.13,INR,2026-05-08 07:00:00
PAY000002951,ORD00000911,2026-03-04 07:00:00,Stripe,success,1159.14,15.22,INR,2026-03-04 07:00:00
PAY000002952,ORD00009388,2026-07-01 05:00:00,PayU,success,1188.16,15.75,INR,2026-07-01 05:00:00
PAY000002953,ORD00000382,2026-04-22 17:00:00,razorpay ,success,3195.74,13.59,INR,2026-04-22 17:00:00
PAY000002954,ORD00008920,2026-04-12 23:00:00,PayU,Failed,2017.03,5.03,INR,2026-04-12 23:00:00
PAY000002955,ORD00006263,2026-04-06 10:00:00,Cashfree,success,1720.48,24.9,INR,2026-04-06 10:00:00
PAY000002956,ORD00004485,2026-07-17 04:00:00,,PENDING,889.23,26.82,INR,2026-07-17 04:00:00
PAY000002957,ORD00004736,2026-04-17 00:00:00,PayU,success,3267.2,3.59,INR,2026-04-17 00:00:00
PAY000002958,ORD00005115,2026-06-10 10:00:00,Cashfree,success,1421.51,25.09,INR,2026-06-10 10:00:00
PAY000002959,ORD00010666,2026-03-05 01:00:00,Cashfree,success,857.45,17.63,INR,2026-03-05 01:00:00
PAY000002960,ORD00002447,2026-08-28 04:00:00,Cashfree,success,690.85,5.42,INR,2026-08-28 04:00:00
PAY000002961,ORD00005199,2026-02-20 07:00:00,Stripe,PENDING,539.64,33.99,Rs,2026-02-20 07:00:00
PAY000002962,ORD00010479,2026-06-12 19:00:00,Stripe,Failed,410.34,28.05,INR,2026-06-12 19:00:00
PAY000002963,ORD00010607,2026-07-18 20:00:00,Razorpay,Failed,435.01,34.86,inr,2026-07-18 20:00:00
PAY000002964,ORD00000433,2026-05-23 22:00:00,razorpay ,success,1529.2,34.34,INR,2026-05-23 22:00:00
PAY000002965,ORD00011923,2026-06-08 10:00:00,PayU,success,1232.58,4.13,INR,2026-06-08 10:00:00
PAY000002966,ORD00008836,2026-07-15 12:00:00,razorpay ,success,805.39,14.66,inr,2026-07-15 12:00:00
PAY000002967,ORD00008190,2026-07-23 17:00:00,Cashfree,success,436.55,32.32,INR,2026-07-23 17:00:00
PAY000002968,ORD00001891,2026-04-05 06:00:00,Cashfree,PENDING,913.69,30.74,INR,2026-04-05 06:00:00
PAY000002969,ORD00003464,2026-05-25 13:00:00,Cashfree,Failed,526.54,4.5,INR,2026-05-25 13:00:00
PAY000002970,ORD00005423,2026-06-10 15:00:00,PayU,success,378.58,25.61,INR,2026-06-10 15:00:00
PAY000002971,ORD00010465,2026-04-08 21:00:00,Razorpay,PENDING,748.49,14.12,INR,2026-04-08 21:00:00
PAY000002972,ORD00011631,2026-05-06 01:00:00,Cashfree,success,1435.18,11.31,INR,2026-05-06 01:00:00
PAY000002973,ORD00008942,2026-01-02 20:00:00,PayU,success,457.57,7.18,INR,2026-01-02 20:00:00
PAY000002974,ORD00004095,2026-08-07 21:00:00,Cashfree,success,1894.29,30.37,INR,2026-08-07 21:00:00
PAY000002975,ORD00005326,2026-04-02 01:00:00,Razorpay,PENDING,1914.95,19.92,INR,2026-04-02 01:00:00
PAY000002976,ORD00003366,2026-01-23 02:00:00,Cashfree,success,928.93,11.42,INR,2026-01-23 02:00:00
PAY000002977,ORD00002640,2026-01-30 02:00:00,Cashfree,PENDING,1918.88,9.15,INR,2026-01-30 02:00:00
PAY000002978,ORD00007725,2026-05-03 05:00:00,razorpay ,success,1956.27,28.91,INR,2026-05-03 05:00:00
PAY000002979,ORD00005588,2026-07-09 16:00:00,razorpay ,success,1361.78,30.43,INR,2026-07-09 16:00:00
PAY000002980,ORD00011447,2026-03-11 08:00:00,Cashfree,success,480.81,30.85,INR,2026-03-11 08:00:00
PAY000002981,ORD00008308,2026-02-18 16:00:00,razorpay ,success,1892.5,13.72,INR,2026-02-18 16:00:00
PAY000002982,ORD00011377,2026-06-04 17:00:00,Cashfree,success,624.52,9.19,INR,2026-06-04 17:00:00
PAY000002983,ORD00007512,2026-05-13 06:00:00,Stripe,success,815.76,7.59,INR,2026-05-13 06:00:00
PAY000002984,ORD00008185,2026-06-19 15:00:00,Cashfree,success,1414.11,11.28,Rs,2026-06-19 15:00:00
PAY000002985,ORD00006930,2026-01-13 02:00:00,Razorpay,success,887.22,12.02,INR,2026-01-13 02:00:00
PAY000002986,ORD00000138,2026-02-10 18:00:00,Cashfree,success,2326.04,19.64,INR,2026-02-10 18:00:00
PAY000002987,ORD00000361,2026-05-20 00:00:00,Stripe,success,1108.34,3.45,INR,2026-05-20 00:00:00
PAY000002988,ORD00010324,2026-04-23 04:00:00,Stripe,success,1401.0,18.94,INR,2026-04-23 04:00:00
PAY000002989,ORD00005963,2026-06-11 18:00:00,Razorpay,success,1010.5,22.76,inr,2026-06-11 18:00:00
PAY000002990,ORD00011446,2026-07-29 23:00:00,Cashfree,PENDING,941.02,8.2,INR,2026-07-29 23:00:00
PAY000002991,ORD00009002,2026-03-01 17:00:00,Stripe,success,1361.55,28.22,INR,2026-03-01 17:00:00
PAY000002992,ORD00004552,2026-06-04 09:00:00,Razorpay,success,3842.98,5.19,inr,2026-06-04 09:00:00
PAY000002993,ORD00004009,2026-04-22 16:00:00,Razorpay,success,1602.01,29.74,INR,2026-04-22 16:00:00
PAY000002994,ORD00011406,2026-07-04 11:00:00,Stripe,success,1724.31,18.53,INR,2026-07-04 11:00:00
PAY000002995,ORD00008833,2026-05-20 13:00:00,PayU,success,451.74,6.7,INR,2026-05-20 13:00:00
PAY000002996,ORD00009272,2026-02-23 17:00:00,Stripe,Failed,1214.04,30.03,INR,2026-02-23 17:00:00
PAY000002997,ORD00009722,2026-01-20 10:00:00,razorpay ,PENDING,1231.64,2.9,INR,2026-01-20 10:00:00
PAY000002998,ORD00004356,2026-05-10 20:00:00,Stripe,success,456.28,25.35,INR,2026-05-10 20:00:00
PAY000002999,ORD00009685,2026-03-24 20:00:00,Stripe,success,925.11,9.39,Rs,2026-03-24 20:00:00
PAY000003000,ORD00010160,2026-05-04 16:00:00,Cashfree,REFUNDED,1712.36,2.51,INR,2026-05-04 16:00:00
PAY000003001,ORD00001233,2026-03-15 17:00:00,PayU,success,2152.02,9.56,INR,2026-03-15 17:00:00
PAY000003002,ORD00010259,2026-07-22 12:00:00,Razorpay,PENDING,1004.2,7.49,INR,2026-07-22 12:00:00
PAY000003003,ORD00004901,2026-02-28 00:00:00,razorpay ,success,880.69,18.05,INR,2026-02-28 00:00:00
PAY000003004,ORD00000713,2026-08-27 21:00:00,PayU,success,2704.26,15.8,INR,2026-08-27 21:00:00
PAY000003005,ORD00003340,2026-01-20 14:00:00,razorpay ,success,455.97,20.36,inr,2026-01-20 14:00:00
PAY000003006,ORD00000315,2026-02-01 18:00:00,Stripe,REFUNDED,1435.41,13.37,INR,2026-02-01 18:00:00
PAY000003007,ORD00000607,2026-07-22 07:00:00,PayU,PENDING,1243.83,15.38,INR,2026-07-22 07:00:00
PAY000003008,ORD00008537,2026-07-08 15:00:00,Cashfree,success,1248.13,22.26,INR,2026-07-08 15:00:00
PAY000003009,ORD00010013,2026-05-15 15:00:00,PayU,success,997.14,21.07,INR,2026-05-15 15:00:00
PAY000003010,ORD00011696,2026-02-23 14:00:00,Razorpay,PENDING,892.97,18.89,INR,2026-02-23 14:00:00
PAY000003011,ORD00008817,2026-01-09 10:00:00,PayU,success,1167.7,3.06,INR,2026-01-09 10:00:00
PAY000003012,ORD00003106,2026-07-06 15:00:00,Cashfree,success,1167.43,4.53,INR,2026-07-06 15:00:00
PAY000003013,ORD00002968,2026-03-13 08:00:00,Razorpay,success,2982.5,21.18,inr,2026-03-13 08:00:00
PAY000003014,ORD00011951,2026-05-26 01:00:00,Cashfree,success,968.7,11.79,INR,2026-05-26 01:00:00
PAY000003015,ORD00006895,2026-04-21 04:00:00,razorpay ,success,623.06,10.21,INR,2026-04-21 04:00:00
PAY000003016,ORD00004319,2026-04-03 14:00:00,Cashfree,success,3270.11,19.77,INR,2026-04-03 14:00:00
PAY000003017,ORD00002335,2026-05-06 06:00:00,razorpay ,Failed,1706.26,26.37,INR,2026-05-06 06:00:00
PAY000003018,ORD00009066,2026-05-31 05:00:00,Cashfree,success,877.56,8.23,INR,2026-05-31 05:00:00
PAY000003019,ORD00005298,2026-08-24 16:00:00,Razorpay,success,407.5,30.84,INR,2026-08-24 16:00:00
PAY000003020,ORD00005179,2026-05-17 20:00:00,Razorpay,success,363.99,9.83,INR,2026-05-17 20:00:00
PAY000003021,ORD00008899,2026-03-16 08:00:00,Razorpay,success,822.9,23.21,inr,2026-03-16 08:00:00
PAY000003022,ORD00010494,2026-02-12 11:00:00,Cashfree,success,2692.97,13.63,INR,2026-02-12 11:00:00
PAY000003023,ORD00005565,2026-08-25 21:00:00,Cashfree,Failed,562.61,16.85,INR,2026-08-25 21:00:00
PAY000003024,ORD00007858,2026-07-07 05:00:00,Cashfree,Failed,530.04,30.59,INR,2026-07-07 05:00:00
PAY000003025,ORD00002898,2026-04-09 09:00:00,razorpay ,PENDING,603.55,33.86,Rs,2026-04-09 09:00:00
PAY000003026,ORD00010969,2026-08-27 13:00:00,Cashfree,success,1199.17,19.52,inr,2026-08-27 13:00:00
PAY000003027,ORD00000964,2026-04-14 17:00:00,PayU,success,1165.71,24.8,INR,2026-04-14 17:00:00
PAY000003028,ORD00002744,2026-04-26 02:00:00,Stripe,success,435.97,6.99,INR,2026-04-26 02:00:00
PAY000003029,ORD00004378,2026-08-18 22:00:00,razorpay ,success,1390.09,11.37,INR,2026-08-18 22:00:00
PAY000003030,ORD00009361,2026-08-02 05:00:00,PayU,PENDING,1890.91,22.36,INR,2026-08-02 05:00:00
PAY000003031,ORD00009154,2026-05-13 11:00:00,razorpay ,success,1359.12,32.74,INR,2026-05-13 11:00:00
PAY000003032,ORD00000878,2026-02-24 08:00:00,razorpay ,success,3295.32,29.62,INR,2026-02-24 08:00:00
PAY000003033,ORD00008542,2026-01-12 04:00:00,PayU,success,1650.08,10.24,INR,2026-01-12 04:00:00
PAY000003034,ORD00008806,2026-07-03 20:00:00,Stripe,success,1281.54,18.36,INR,2026-07-03 20:00:00
PAY000003035,ORD00005580,2026-07-08 15:00:00,Cashfree,success,764.65,25.29,Rs,2026-07-08 15:00:00
PAY000003036,ORD00006970,2026-02-28 22:00:00,Razorpay,success,851.24,33.83,INR,2026-02-28 22:00:00
PAY000003037,ORD00001538,2026-05-10 22:00:00,Cashfree,success,594.31,25.09,Rs,2026-05-10 22:00:00
PAY000003038,ORD00002125,2026-07-20 02:00:00,Stripe,PENDING,1938.82,28.72,INR,2026-07-20 02:00:00
PAY000003039,ORD00003564,2026-06-17 06:00:00,Razorpay,success,1206.04,16.7,inr,2026-06-17 06:00:00
PAY000003040,ORD00011627,2026-04-04 23:00:00,Razorpay,success,3929.63,26.55,INR,2026-04-04 23:00:00
PAY000003041,ORD00006263,2026-04-03 05:00:00,razorpay ,success,2967.82,22.59,INR,2026-04-03 05:00:00
PAY000003042,ORD00005928,2026-02-17 09:00:00,razorpay ,success,322.32,26.92,inr,2026-02-17 09:00:00
PAY000003043,ORD00011499,2026-08-26 03:00:00,Stripe,PENDING,1434.9,15.84,Rs,2026-08-26 03:00:00
PAY000003044,ORD00006238,2026-07-20 13:00:00,Stripe,success,914.17,34.96,INR,2026-07-20 13:00:00
PAY000003045,ORD00001448,2026-05-18 04:00:00,Razorpay,success,808.77,25.16,INR,2026-05-18 04:00:00
PAY000003046,ORD00006431,2026-04-08 19:00:00,Stripe,success,1189.05,2.64,Rs,2026-04-08 19:00:00
PAY000003047,ORD00007059,2026-04-26 16:00:00,Razorpay,success,1767.83,26.24,INR,2026-04-26 16:00:00
PAY000003048,ORD00003502,2026-03-18 21:00:00,razorpay ,success,978.14,18.11,INR,2026-03-18 21:00:00
PAY000003049,ORD00004338,2026-01-21 17:00:00,Stripe,success,473.46,20.99,INR,2026-01-21 17:00:00
PAY000003050,ORD00001517,2026-02-23 21:00:00,PayU,success,1289.9,25.15,INR,2026-02-23 21:00:00
PAY000003051,ORD00003747,2026-06-19 17:00:00,Cashfree,Failed,694.09,32.09,INR,2026-06-19 17:00:00
PAY000003052,ORD00009194,2026-03-22 07:00:00,razorpay ,success,1715.58,26.26,inr,2026-03-22 07:00:00
PAY000003053,ORD00003855,2026-07-05 21:00:00,Stripe,success,9647.36,16.28,INR,2026-07-05 21:00:00
PAY000003054,ORD00004123,2026-03-30 23:00:00,Razorpay,REFUNDED,3238.62,31.05,INR,2026-03-30 23:00:00
PAY000003055,ORD00001720,2026-07-31 04:00:00,razorpay ,success,866.5,20.4,INR,2026-07-31 04:00:00
PAY000003056,ORD00008397,2026-03-14 19:00:00,Cashfree,success,630.11,13.25,INR,2026-03-14 19:00:00
PAY000003057,ORD00004390,2026-07-19 20:00:00,razorpay ,success,520.48,6.85,INR,2026-07-19 20:00:00
PAY000003058,ORD00004037,2026-05-03 05:00:00,razorpay ,Failed,1032.51,27.35,INR,2026-05-03 05:00:00
PAY000003059,ORD00010761,2026-08-21 17:00:00,Cashfree,success,1832.04,12.23,INR,2026-08-21 17:00:00
PAY000003060,ORD00001294,2026-01-03 00:00:00,Stripe,success,2472.14,9.19,INR,2026-01-03 00:00:00
PAY000003061,ORD00006264,2026-08-22 21:00:00,PayU,success,677.93,17.84,INR,2026-08-22 21:00:00
PAY000003062,ORD00011574,2026-08-19 09:00:00,PayU,success,4936.43,27.55,INR,2026-08-19 09:00:00
PAY000003063,ORD00001896,2026-01-21 01:00:00,razorpay ,success,1920.78,29.98,INR,2026-01-21 01:00:00
PAY000003064,ORD00006350,2026-03-01 06:00:00,razorpay ,success,754.22,6.86,INR,2026-03-01 06:00:00
PAY000003065,ORD00006369,2026-04-16 12:00:00,razorpay ,success,446.78,18.51,INR,2026-04-16 12:00:00
PAY000003066,ORD00002760,2026-03-16 00:00:00,Cashfree,success,3049.66,25.33,INR,2026-03-16 00:00:00
PAY000003067,ORD00007817,2026-02-28 16:00:00,Stripe,success,575.54,19.38,INR,2026-02-28 16:00:00
PAY000003068,ORD00007543,2026-06-19 18:00:00,Cashfree,success,1975.03,33.36,INR,2026-06-19 18:00:00
PAY000003069,ORD00002162,2026-02-12 03:00:00,Stripe,PENDING,199.45,4.46,INR,2026-02-12 03:00:00
PAY000003070,ORD00004602,2026-05-16 07:00:00,Stripe,success,930.07,4.8,inr,2026-05-16 07:00:00
PAY000003071,ORD00008080,2026-06-09 09:00:00,Razorpay,success,668.32,16.15,INR,2026-06-09 09:00:00
PAY000003072,ORD00001493,2026-08-14 04:00:00,Stripe,success,1168.4,14.71,Rs,2026-08-14 04:00:00
PAY000003073,ORD00003286,2026-05-17 23:00:00,Stripe,success,1495.6,24.54,inr,2026-05-17 23:00:00
PAY000003074,ORD00000948,2026-08-07 04:00:00,Stripe,success,2220.73,6.25,INR,2026-08-07 04:00:00
PAY000003075,ORD00000993,2026-04-16 19:00:00,razorpay ,success,778.17,21.51,INR,2026-04-16 19:00:00
PAY000003076,ORD00005228,2026-05-26 12:00:00,Stripe,success,1421.77,31.94,INR,2026-05-26 12:00:00
PAY000003077,ORD00006484,2026-02-11 22:00:00,PayU,success,405.61,25.05,INR,2026-02-11 22:00:00
PAY000003078,ORD00007865,2026-07-27 05:00:00,Razorpay,success,1227.19,5.01,INR,2026-07-27 05:00:00
PAY000003079,ORD00007935,2026-04-28 05:00:00,Cashfree,success,1024.27,30.6,INR,2026-04-28 05:00:00
PAY000003080,ORD00006096,2026-03-16 11:00:00,razorpay ,success,1971.84,20.02,INR,2026-03-16 11:00:00
PAY000003081,ORD00008810,2026-06-25 04:00:00,Stripe,success,345.96,30.22,Rs,2026-06-25 04:00:00
PAY000003082,ORD00007876,2026-08-01 22:00:00,Stripe,success,1101.18,34.5,INR,2026-08-01 22:00:00
PAY000003083,ORD00002495,2026-04-21 04:00:00,PayU,REFUNDED,1251.22,22.21,INR,2026-04-21 04:00:00
PAY000003084,ORD00005311,2026-08-13 23:00:00,Razorpay,success,1384.56,21.03,INR,2026-08-13 23:00:00
PAY000003085,ORD00007154,2026-08-24 00:00:00,Cashfree,success,391.48,24.78,INR,2026-08-24 00:00:00
PAY000003086,ORD00004691,2026-05-21 17:00:00,PayU,success,633.69,31.21,INR,2026-05-21 17:00:00
PAY000003087,ORD00006488,2026-07-29 07:00:00,Cashfree,success,881.95,5.79,inr,2026-07-29 07:00:00
PAY000003088,ORD00011495,2026-01-03 07:00:00,Razorpay,success,1885.85,5.66,INR,2026-01-03 07:00:00
PAY000003089,ORD00002421,2026-07-16 00:00:00,PayU,success,1222.64,7.05,inr,2026-07-16 00:00:00
PAY000003090,ORD00010675,2026-02-08 09:00:00,Razorpay,REFUNDED,1370.18,14.19,INR,2026-02-08 09:00:00
PAY000003091,ORD00006103,2026-02-24 09:00:00,PayU,success,486.27,33.45,INR,2026-02-24 09:00:00
PAY000003092,ORD00007943,2026-03-11 16:00:00,razorpay ,success,1136.93,11.27,INR,2026-03-11 16:00:00
PAY000003093,ORD00004270,2026-02-12 03:00:00,Stripe,success,2901.55,4.88,Rs,2026-02-12 03:00:00
PAY000003094,ORD00006597,2026-08-05 04:00:00,Razorpay,success,654.03,31.27,INR,2026-08-05 04:00:00
PAY000003095,ORD00009231,2026-02-23 11:00:00,Razorpay,success,1340.64,14.65,INR,2026-02-23 11:00:00
PAY000003096,ORD00003301,2026-06-18 04:00:00,PayU,success,389.19,11.04,INR,2026-06-18 04:00:00
PAY000003097,ORD00009619,2026-03-16 22:00:00,razorpay ,success,514.16,33.62,INR,2026-03-16 22:00:00
PAY000003098,ORD00011237,2026-07-27 15:00:00,Cashfree,success,514.48,11.11,inr,2026-07-27 15:00:00
PAY000003099,ORD00011758,2026-01-30 16:00:00,PayU,success,2992.93,8.17,INR,2026-01-30 16:00:00
PAY000003100,ORD00001345,2026-05-29 14:00:00,Razorpay,success,886.51,33.06,INR,2026-05-29 14:00:00
PAY000003101,ORD00000776,2026-06-22 14:00:00,PayU,success,561.93,2.36,INR,2026-06-22 14:00:00
PAY000003102,ORD00004268,2026-02-25 12:00:00,razorpay ,success,750.3,10.92,INR,2026-02-25 12:00:00
PAY000003103,ORD00003325,2026-07-11 12:00:00,Cashfree,success,1053.69,9.5,INR,2026-07-11 12:00:00
PAY000003104,ORD00005127,2026-07-10 11:00:00,Razorpay,success,2887.25,8.51,INR,2026-07-10 11:00:00
PAY000003105,ORD00000275,2026-04-22 20:00:00,PayU,Failed,1798.68,9.38,inr,2026-04-22 20:00:00
PAY000003106,ORD00008487,2026-06-30 15:00:00,Stripe,success,722.55,21.22,INR,2026-06-30 15:00:00
PAY000003107,ORD00002408,2026-02-22 05:00:00,razorpay ,success,1250.23,2.92,INR,2026-02-22 05:00:00
PAY000003108,ORD00002857,2026-02-08 23:00:00,Stripe,PENDING,1363.6,18.65,INR,2026-02-08 23:00:00
PAY000003109,ORD00009013,2026-03-19 10:00:00,razorpay ,Failed,3591.73,19.99,INR,2026-03-19 10:00:00
PAY000003110,ORD00004911,2026-08-09 08:00:00,Razorpay,success,1639.19,21.2,INR,2026-08-09 08:00:00
PAY000003111,ORD00010994,2026-02-03 13:00:00,Stripe,Failed,1119.02,12.33,INR,2026-02-03 13:00:00
PAY000003112,ORD00011309,2026-08-20 08:00:00,Cashfree,Failed,352.52,19.5,INR,2026-08-20 08:00:00
PAY000003113,ORD00005856,2026-01-05 06:00:00,PayU,success,5209.42,7.94,INR,2026-01-05 06:00:00
PAY000003114,ORD00007765,2026-08-15 09:00:00,Stripe,Failed,2051.98,26.5,INR,2026-08-15 09:00:00
PAY000003115,ORD00002009,2026-03-18 14:00:00,Razorpay,success,1452.75,17.74,INR,2026-03-18 14:00:00
PAY000003116,ORD00002304,2026-04-22 15:00:00,Stripe,success,596.07,17.15,INR,2026-04-22 15:00:00
PAY000003117,ORD00002650,2026-04-28 01:00:00,Cashfree,success,1824.37,7.47,inr,2026-04-28 01:00:00
PAY000003118,ORD00000527,2026-02-07 10:00:00,Razorpay,success,1372.67,21.31,Rs,2026-02-07 10:00:00
PAY000003119,ORD00004916,2026-03-27 15:00:00,PayU,success,508.32,8.09,INR,2026-03-27 15:00:00
PAY000003120,ORD00009462,2026-03-17 12:00:00,Cashfree,success,1698.48,19.12,INR,2026-03-17 12:00:00
PAY000003121,ORD00008265,2026-01-02 04:00:00,razorpay ,Failed,2075.19,27.52,INR,2026-01-02 04:00:00
PAY000003122,ORD00003047,2026-06-24 23:00:00,Stripe,PENDING,1216.12,21.78,INR,2026-06-24 23:00:00
PAY000003123,ORD00010023,2026-04-18 16:00:00,Stripe,success,255.97,11.5,INR,2026-04-18 16:00:00
PAY000003124,ORD00006865,2026-08-27 08:00:00,PayU,success,901.59,24.38,inr,2026-08-27 08:00:00
PAY000003125,ORD00007535,2026-06-13 22:00:00,Cashfree,success,717.53,7.19,INR,2026-06-13 22:00:00
PAY000003126,ORD00010368,2026-08-17 10:00:00,Stripe,success,2495.44,29.66,INR,2026-08-17 10:00:00
PAY000003127,ORD00003664,2026-08-08 10:00:00,Razorpay,success,538.88,4.3,inr,2026-08-08 10:00:00
PAY000003128,ORD00003023,2026-01-17 18:00:00,Razorpay,success,2865.18,29.82,INR,2026-01-17 18:00:00
PAY000003129,ORD00007663,2026-05-28 14:00:00,Razorpay,success,329.25,4.75,inr,2026-05-28 14:00:00
PAY000003130,ORD00010241,2026-01-13 15:00:00,razorpay ,success,921.52,33.41,INR,2026-01-13 15:00:00
PAY000003131,ORD00010735,2026-03-21 06:00:00,PayU,success,1717.39,26.12,INR,2026-03-21 06:00:00
PAY000003132,ORD00009532,2026-07-14 13:00:00,Cashfree,success,2136.45,17.49,INR,2026-07-14 13:00:00
PAY000003133,ORD00008477,2026-08-07 01:00:00,Cashfree,success,535.56,31.85,INR,2026-08-07 01:00:00
PAY000003134,ORD00009216,2026-01-18 04:00:00,Cashfree,success,1341.57,33.57,INR,2026-01-18 04:00:00
PAY000003135,ORD00001676,2026-05-03 09:00:00,razorpay ,success,2049.86,8.31,INR,2026-05-03 09:00:00
PAY000003136,ORD00002265,2026-03-31 16:00:00,PayU,success,226.58,34.5,INR,2026-03-31 16:00:00
PAY000003137,ORD00011176,2026-08-08 04:00:00,PayU,success,434.68,19.2,INR,2026-08-08 04:00:00
PAY000003138,ORD00006386,2026-01-12 23:00:00,Razorpay,success,438.78,24.23,INR,2026-01-12 23:00:00
PAY000003139,ORD00011127,2026-03-30 05:00:00,razorpay ,success,812.68,31.22,INR,2026-03-30 05:00:00
PAY000003140,ORD00005882,2026-02-25 07:00:00,razorpay ,success,1764.38,33.09,inr,2026-02-25 07:00:00
PAY000003141,ORD00010472,2026-02-05 10:00:00,razorpay ,success,690.79,29.85,inr,2026-02-05 10:00:00
PAY000003142,ORD00006218,2026-08-08 19:00:00,PayU,PENDING,470.82,15.28,INR,2026-08-08 19:00:00
PAY000003143,ORD00011910,2026-02-25 05:00:00,Stripe,success,716.24,12.72,INR,2026-02-25 05:00:00
PAY000003144,ORD00001028,2026-02-17 09:00:00,razorpay ,success,2532.13,24.96,INR,2026-02-17 09:00:00
PAY000003145,ORD00008637,2026-04-10 07:00:00,Razorpay,success,1308.2,21.85,INR,2026-04-10 07:00:00
PAY000003146,ORD00006891,2026-02-08 11:00:00,PayU,PENDING,783.2,6.05,INR,2026-02-08 11:00:00
PAY000003147,ORD00006463,2026-08-01 18:00:00,Stripe,PENDING,1267.7,6.01,INR,2026-08-01 18:00:00
PAY000003148,ORD00009515,2026-05-19 15:00:00,PayU,success,649.21,26.86,INR,2026-05-19 15:00:00
PAY000003149,ORD00009319,2026-08-12 14:00:00,Cashfree,success,2137.88,32.76,INR,2026-08-12 14:00:00
PAY000003150,ORD00000611,2026-06-23 18:00:00,razorpay ,success,1085.22,21.19,INR,2026-06-23 18:00:00
PAY000003151,ORD00011341,2026-05-09 19:00:00,razorpay ,success,345.88,5.93,INR,2026-05-09 19:00:00
PAY000003152,ORD00000041,2026-04-13 05:00:00,Cashfree,success,202.79,33.24,inr,2026-04-13 05:00:00
PAY000003153,ORD00011006,2026-02-16 22:00:00,PayU,success,969.45,4.04,inr,2026-02-16 22:00:00
PAY000003154,ORD00005507,2026-04-10 19:00:00,Cashfree,PENDING,499.57,20.85,INR,2026-04-10 19:00:00
PAY000003155,ORD00006055,2026-08-12 12:00:00,Cashfree,success,1107.31,6.7,INR,2026-08-12 12:00:00
PAY000003156,ORD00004025,2026-08-18 23:00:00,Razorpay,PENDING,502.83,14.4,INR,2026-08-18 23:00:00
PAY000003157,ORD00004768,2026-06-26 08:00:00,PayU,success,601.06,21.16,INR,2026-06-26 08:00:00
PAY000003158,ORD00011341,2026-08-18 06:00:00,Stripe,success,888.28,30.28,INR,2026-08-18 06:00:00
PAY000003159,ORD00008821,2026-06-01 20:00:00,Razorpay,PENDING,908.8,6.87,INR,2026-06-01 20:00:00
PAY000003160,ORD00004725,2026-02-27 23:00:00,PayU,success,1239.81,15.52,INR,2026-02-27 23:00:00
PAY000003161,ORD00009957,2026-03-19 03:00:00,Cashfree,success,460.78,22.8,INR,2026-03-19 03:00:00
PAY000003162,ORD00002371,2026-03-25 10:00:00,Stripe,success,776.25,2.35,Rs,2026-03-25 10:00:00
PAY000003163,ORD00000472,2026-01-21 02:00:00,Stripe,Failed,471.42,6.0,INR,2026-01-21 02:00:00
PAY000003164,ORD00006065,2026-03-11 03:00:00,Stripe,success,1241.01,26.05,INR,2026-03-11 03:00:00
PAY000003165,ORD00008977,2026-07-14 12:00:00,razorpay ,Failed,864.23,29.79,INR,2026-07-14 12:00:00
PAY000003166,ORD00002265,2026-06-28 16:00:00,Stripe,REFUNDED,430.36,21.19,INR,2026-06-28 16:00:00
PAY000003167,ORD00002314,2026-04-30 17:00:00,Stripe,success,1645.73,18.32,INR,2026-04-30 17:00:00
PAY000003168,ORD00002923,2026-07-17 16:00:00,razorpay ,success,2927.15,20.74,INR,2026-07-17 16:00:00
PAY000003169,ORD00007248,2026-07-12 07:00:00,Cashfree,success,1250.55,32.73,INR,2026-07-12 07:00:00
PAY000003170,ORD00000290,2026-03-31 02:00:00,razorpay ,PENDING,815.02,4.0,INR,2026-03-31 02:00:00
PAY000003171,ORD00000777,2026-06-08 19:00:00,Stripe,success,653.18,27.86,INR,2026-06-08 19:00:00
PAY000003172,ORD00010678,2026-07-10 07:00:00,PayU,success,864.8,13.87,INR,2026-07-10 07:00:00
PAY000003173,ORD00006094,2026-07-05 02:00:00,Stripe,success,2756.08,8.01,INR,2026-07-05 02:00:00
PAY000003174,ORD00002284,2026-08-11 21:00:00,Cashfree,success,1560.99,27.54,INR,2026-08-11 21:00:00
PAY000003175,ORD00008654,2026-07-14 12:00:00,PayU,Failed,242.28,29.97,INR,2026-07-14 12:00:00
PAY000003176,ORD00010055,2026-08-05 05:00:00,razorpay ,success,1083.36,11.41,INR,2026-08-05 05:00:00
PAY000003177,ORD00005183,2026-05-19 00:00:00,Cashfree,Failed,1110.63,13.68,INR,2026-05-19 00:00:00
PAY000003178,ORD00003939,2026-01-17 19:00:00,Cashfree,success,1131.4,2.98,inr,2026-01-17 19:00:00
PAY000003179,ORD00007715,2026-04-21 09:00:00,razorpay ,Failed,698.41,23.26,inr,2026-04-21 09:00:00
PAY000003180,ORD00011836,2026-03-03 05:00:00,Razorpay,REFUNDED,875.43,30.71,INR,2026-03-03 05:00:00
PAY000003181,ORD00010524,2026-04-26 08:00:00,Razorpay,Failed,1432.55,20.41,INR,2026-04-26 08:00:00
PAY000003182,ORD00000261,2026-06-24 20:00:00,Stripe,success,743.37,3.71,INR,2026-06-24 20:00:00
PAY000003183,ORD00011527,2026-08-08 22:00:00,Cashfree,success,1538.63,12.74,inr,2026-08-08 22:00:00
PAY000003184,ORD00011190,2026-04-09 10:00:00,,success,1201.16,10.42,INR,2026-04-09 10:00:00
PAY000003185,ORD00000885,2026-04-09 16:00:00,PayU,success,1776.63,13.76,INR,2026-04-09 16:00:00
PAY000003186,ORD00005952,2026-04-01 03:00:00,Stripe,success,520.07,6.42,INR,2026-04-01 03:00:00
PAY000003187,ORD00002875,2026-05-16 12:00:00,Razorpay,REFUNDED,2755.21,31.53,INR,2026-05-16 12:00:00
PAY000003188,ORD00010412,2026-01-07 20:00:00,Cashfree,REFUNDED,986.86,12.35,INR,2026-01-07 20:00:00
PAY000003189,ORD00006954,2026-02-26 22:00:00,Stripe,success,754.88,5.8,INR,2026-02-26 22:00:00
PAY000003190,ORD00004068,2026-03-29 04:00:00,Stripe,success,414.68,25.59,INR,2026-03-29 04:00:00
PAY000003191,ORD00003590,2026-07-29 17:00:00,Razorpay,success,852.83,17.09,INR,2026-07-29 17:00:00
PAY000003192,ORD00007135,2026-03-07 16:00:00,Stripe,success,369.33,15.7,INR,2026-03-07 16:00:00
PAY000003193,ORD00002330,2026-01-08 20:00:00,PayU,PENDING,560.51,16.82,INR,2026-01-08 20:00:00
PAY000003194,ORD00000197,2026-07-02 20:00:00,Stripe,success,2526.36,16.08,INR,2026-07-02 20:00:00
PAY000003195,ORD00000794,2026-02-09 09:00:00,razorpay ,PENDING,1105.05,2.29,INR,2026-02-09 09:00:00
PAY000003196,ORD00005408,2026-06-28 03:00:00,Cashfree,success,3747.02,25.68,INR,2026-06-28 03:00:00
PAY000003197,ORD00006104,2026-06-03 04:00:00,Cashfree,success,2279.15,23.45,INR,2026-06-03 04:00:00
PAY000003198,ORD00008360,2026-01-27 08:00:00,PayU,success,1261.22,31.27,inr,2026-01-27 08:00:00
PAY000003199,ORD00004794,2026-05-23 19:00:00,Stripe,Failed,566.29,30.07,INR,2026-05-23 19:00:00
PAY000003200,ORD00001710,2026-08-18 03:00:00,Razorpay,Failed,3395.23,22.42,inr,2026-08-18 03:00:00
PAY000003201,ORD00002196,2026-02-05 06:00:00,PayU,success,907.59,7.45,inr,2026-02-05 06:00:00
PAY000003202,ORD00011984,2026-04-14 04:00:00,Razorpay,PENDING,440.26,19.43,inr,2026-04-14 04:00:00
PAY000003203,ORD00011949,2026-01-09 01:00:00,PayU,success,1374.69,27.9,Rs,2026-01-09 01:00:00
PAY000003204,ORD00010828,2026-08-01 02:00:00,Razorpay,success,819.29,22.52,INR,2026-08-01 02:00:00
PAY000003205,ORD00004856,2026-07-01 13:00:00,Stripe,success,2596.4,26.65,Rs,2026-07-01 13:00:00
PAY000003206,ORD00004040,2026-03-04 15:00:00,Stripe,success,790.41,15.24,INR,2026-03-04 15:00:00
PAY000003207,ORD00003037,2026-07-10 18:00:00,Stripe,success,546.27,24.44,INR,2026-07-10 18:00:00
PAY000003208,ORD00011290,2026-07-27 17:00:00,Stripe,success,1817.89,13.08,INR,2026-07-27 17:00:00
PAY000003209,ORD00007339,2026-01-06 01:00:00,razorpay ,success,2314.48,26.56,INR,2026-01-06 01:00:00
PAY000003210,ORD00001822,2026-08-07 12:00:00,Cashfree,PENDING,811.67,16.38,INR,2026-08-07 12:00:00
PAY000003211,ORD00003934,2026-04-03 19:00:00,Cashfree,success,973.2,30.31,INR,2026-04-03 19:00:00
PAY000003212,ORD00007890,2026-01-05 10:00:00,Stripe,success,1507.3,25.28,INR,2026-01-05 10:00:00
PAY000003213,ORD00007441,2026-06-04 14:00:00,Cashfree,success,1684.18,33.78,Rs,2026-06-04 14:00:00
PAY000003214,ORD00010087,2026-04-07 15:00:00,PayU,REFUNDED,715.92,23.96,INR,2026-04-07 15:00:00
PAY000003215,ORD00010044,2026-02-06 12:00:00,razorpay ,success,1735.74,20.05,INR,2026-02-06 12:00:00
PAY000003216,ORD00010316,2026-01-11 17:00:00,Razorpay,success,895.06,31.89,INR,2026-01-11 17:00:00
PAY000003217,ORD00001090,2026-08-17 12:00:00,Cashfree,success,970.0,25.24,INR,2026-08-17 12:00:00
PAY000003218,ORD00002997,2026-03-17 19:00:00,razorpay ,PENDING,919.34,5.53,INR,2026-03-17 19:00:00
PAY000003219,ORD00011588,2026-06-19 10:00:00,Razorpay,Failed,1001.84,7.03,Rs,2026-06-19 10:00:00
PAY000003220,ORD00000095,2026-04-26 02:00:00,Razorpay,success,1875.38,3.72,INR,2026-04-26 02:00:00
PAY000003221,ORD00009693,2026-04-08 11:00:00,razorpay ,success,3102.43,13.59,INR,2026-04-08 11:00:00
PAY000003222,ORD00009576,2026-06-30 20:00:00,PayU,success,1144.43,13.59,INR,2026-06-30 20:00:00
PAY000003223,ORD00001469,2026-06-02 10:00:00,PayU,success,2121.37,29.25,INR,2026-06-02 10:00:00
PAY000003224,ORD00000115,2026-08-01 19:00:00,Stripe,success,842.67,10.78,INR,2026-08-01 19:00:00
PAY000003225,ORD00001671,2026-04-20 10:00:00,Stripe,success,530.81,15.84,INR,2026-04-20 10:00:00
PAY000003226,ORD00004577,2026-05-01 06:00:00,Cashfree,success,661.0,5.47,Rs,2026-05-01 06:00:00
PAY000003227,ORD00009932,2026-05-13 01:00:00,PayU,REFUNDED,389.55,17.43,INR,2026-05-13 01:00:00
PAY000003228,ORD00008758,2026-01-20 09:00:00,Stripe,success,638.81,17.78,INR,2026-01-20 09:00:00
PAY000003229,ORD00008269,2026-05-27 21:00:00,Razorpay,success,2363.25,23.2,INR,2026-05-27 21:00:00
PAY000003230,ORD00010407,2026-03-29 19:00:00,Stripe,success,638.32,31.33,INR,2026-03-29 19:00:00
PAY000003231,ORD00006129,2026-05-16 16:00:00,razorpay ,REFUNDED,3952.66,27.79,INR,2026-05-16 16:00:00
PAY000003232,ORD00000989,2026-07-31 06:00:00,Stripe,success,573.48,25.67,INR,2026-07-31 06:00:00
PAY000003233,ORD00004905,2026-01-21 08:00:00,Cashfree,PENDING,1984.75,30.76,INR,2026-01-21 08:00:00
PAY000003234,ORD00004135,2026-06-05 18:00:00,PayU,success,1069.94,10.94,INR,2026-06-05 18:00:00
PAY000003235,ORD00008784,2026-01-10 10:00:00,PayU,success,1112.62,19.1,INR,2026-01-10 10:00:00
PAY000003236,ORD00007641,2026-03-04 14:00:00,Stripe,success,2365.4,29.06,INR,2026-03-04 14:00:00
PAY000003237,ORD00003523,2026-08-20 21:00:00,Stripe,Failed,594.37,17.58,INR,2026-08-20 21:00:00
PAY000003238,ORD00009577,2026-08-12 06:00:00,Cashfree,Failed,2055.29,23.82,inr,2026-08-12 06:00:00
PAY000003239,ORD00001702,2026-04-04 01:00:00,PayU,Failed,1334.87,3.04,INR,2026-04-04 01:00:00
PAY000003240,ORD00009396,2026-01-14 13:00:00,PayU,success,2193.85,13.71,INR,2026-01-14 13:00:00
PAY000003241,ORD00001209,2026-06-13 15:00:00,razorpay ,Failed,621.72,26.58,INR,2026-06-13 15:00:00
PAY000003242,ORD00005720,2026-07-25 10:00:00,Razorpay,Failed,441.9,9.72,INR,2026-07-25 10:00:00
PAY000003243,ORD00002766,2026-03-15 16:00:00,Cashfree,success,3312.95,23.62,INR,2026-03-15 16:00:00
PAY000003244,ORD00004502,2026-07-22 19:00:00,Cashfree,PENDING,1209.59,17.03,INR,2026-07-22 19:00:00
PAY000003245,ORD00009681,2026-03-15 11:00:00,Razorpay,success,3707.61,30.7,INR,2026-03-15 11:00:00
PAY000003246,ORD00008806,2026-01-19 18:00:00,Stripe,success,743.15,20.82,INR,2026-01-19 18:00:00
PAY000003247,ORD00006879,2026-04-18 16:00:00,Razorpay,success,1045.13,15.15,INR,2026-04-18 16:00:00
PAY000003248,ORD00005899,2026-01-12 02:00:00,Cashfree,success,801.61,20.97,inr,2026-01-12 02:00:00
PAY000003249,ORD00007120,2026-07-19 22:00:00,Razorpay,Failed,380.91,3.98,INR,2026-07-19 22:00:00
PAY000003250,ORD00004243,2026-03-29 08:00:00,Cashfree,success,2293.82,18.63,INR,2026-03-29 08:00:00
PAY000003251,ORD00008254,2026-08-18 07:00:00,Cashfree,success,1931.47,18.83,INR,2026-08-18 07:00:00
PAY000003252,ORD00010147,2026-06-10 12:00:00,Cashfree,success,997.1,4.13,Rs,2026-06-10 12:00:00
PAY000003253,ORD00007615,2026-06-27 18:00:00,PayU,Failed,1545.82,4.17,INR,2026-06-27 18:00:00
PAY000003254,ORD00010383,2026-05-12 23:00:00,Razorpay,success,836.45,12.54,INR,2026-05-12 23:00:00
PAY000003255,ORD00005132,2026-08-06 20:00:00,Razorpay,success,557.71,23.8,INR,2026-08-06 20:00:00
PAY000003256,ORD00007528,2026-08-06 02:00:00,Cashfree,REFUNDED,576.34,23.92,INR,2026-08-06 02:00:00
PAY000003257,ORD00003039,2026-06-27 11:00:00,Cashfree,success,809.74,14.06,INR,2026-06-27 11:00:00
PAY000003258,ORD00005361,2026-03-05 13:00:00,PayU,Failed,706.06,3.5,INR,2026-03-05 13:00:00
PAY000003259,ORD00008072,2026-03-11 02:00:00,razorpay ,success,746.7,28.13,INR,2026-03-11 02:00:00
PAY000003260,ORD00010707,2026-07-18 08:00:00,PayU,success,366.47,11.12,INR,2026-07-18 08:00:00
PAY000003261,ORD00009035,2026-03-23 22:00:00,razorpay ,success,1673.34,6.49,INR,2026-03-23 22:00:00
PAY000003262,ORD00003780,2026-05-25 20:00:00,razorpay ,success,545.68,6.75,INR,2026-05-25 20:00:00
PAY000003263,ORD00007284,2026-08-10 20:00:00,Razorpay,success,2071.66,22.42,inr,2026-08-10 20:00:00
PAY000003264,ORD00005800,2026-07-01 14:00:00,PayU,success,834.71,28.11,INR,2026-07-01 14:00:00
PAY000003265,ORD00011697,2026-04-15 15:00:00,Cashfree,Failed,1559.88,4.05,INR,2026-04-15 15:00:00
PAY000003266,ORD00008420,2026-02-04 22:00:00,razorpay ,success,420.87,10.26,INR,2026-02-04 22:00:00
PAY000003267,ORD00001884,2026-01-29 01:00:00,PayU,success,2016.97,7.15,INR,2026-01-29 01:00:00
PAY000003268,ORD00000962,2026-04-07 17:00:00,razorpay ,success,5725.56,2.2,INR,2026-04-07 17:00:00
PAY000003269,ORD00002144,2026-01-06 10:00:00,Stripe,success,848.03,12.29,INR,2026-01-06 10:00:00
PAY000003270,ORD00008494,2026-05-07 03:00:00,razorpay ,success,1070.1,2.18,inr,2026-05-07 03:00:00
PAY000003271,ORD00006384,2026-08-06 11:00:00,Razorpay,success,689.68,14.0,INR,2026-08-06 11:00:00
PAY000003272,ORD00007425,2026-06-24 00:00:00,PayU,success,272.88,8.6,INR,2026-06-24 00:00:00
PAY000003273,ORD00008011,2026-04-19 14:00:00,PayU,Failed,1828.31,23.36,INR,2026-04-19 14:00:00
PAY000003274,ORD00001217,2026-01-20 14:00:00,Razorpay,Failed,506.73,21.45,INR,2026-01-20 14:00:00
PAY000003275,ORD00002545,2026-06-04 04:00:00,Cashfree,success,250.91,21.59,INR,2026-06-04 04:00:00
PAY000003276,ORD00007711,2026-01-30 04:00:00,Razorpay,Failed,492.6,29.62,INR,2026-01-30 04:00:00
PAY000003277,ORD00011484,2026-03-20 03:00:00,razorpay ,Failed,394.5,30.86,INR,2026-03-20 03:00:00
PAY000003278,ORD00009860,2026-04-10 16:00:00,Stripe,success,962.9,27.61,INR,2026-04-10 16:00:00
PAY000003279,ORD00005805,2026-06-11 06:00:00,PayU,success,2675.33,30.68,INR,2026-06-11 06:00:00
PAY000003280,ORD00002881,2026-03-20 23:00:00,Stripe,success,1332.91,16.24,inr,2026-03-20 23:00:00
PAY000003281,ORD00001618,2026-05-29 02:00:00,razorpay ,REFUNDED,1013.99,17.06,INR,2026-05-29 02:00:00
PAY000003282,ORD00008058,2026-08-24 04:00:00,PayU,success,301.53,32.1,INR,2026-08-24 04:00:00
PAY000003283,ORD00005176,2026-03-06 07:00:00,PayU,success,432.51,6.8,inr,2026-03-06 07:00:00
PAY000003284,ORD00011064,2026-08-23 10:00:00,Razorpay,success,572.26,32.41,Rs,2026-08-23 10:00:00
PAY000003285,ORD00008257,2026-08-03 15:00:00,Cashfree,success,1099.9,12.16,Rs,2026-08-03 15:00:00
PAY000003286,ORD00000929,2026-01-16 21:00:00,razorpay ,success,1795.71,6.92,inr,2026-01-16 21:00:00
PAY000003287,ORD00007141,2026-01-06 03:00:00,PayU,success,788.82,13.72,INR,2026-01-06 03:00:00
PAY000003288,ORD00003701,2026-01-17 04:00:00,Stripe,success,765.91,13.66,INR,2026-01-17 04:00:00
PAY000003289,ORD00009053,2026-01-26 15:00:00,PayU,success,1039.99,33.38,INR,2026-01-26 15:00:00
PAY000003290,ORD00005109,2026-01-27 05:00:00,Stripe,Failed,1785.35,26.32,INR,2026-01-27 05:00:00
PAY000003291,ORD00002335,2026-01-30 06:00:00,PayU,Failed,2126.56,15.69,INR,2026-01-30 06:00:00
PAY000003292,ORD00009411,2026-01-23 18:00:00,Razorpay,Failed,650.4,20.68,INR,2026-01-23 18:00:00
PAY000003293,ORD00011766,2026-08-06 07:00:00,Cashfree,success,814.63,10.63,INR,2026-08-06 07:00:00
PAY000003294,ORD00009551,2026-04-20 14:00:00,Razorpay,success,481.31,28.94,INR,2026-04-20 14:00:00
PAY000003295,ORD00000601,2026-03-04 11:00:00,Razorpay,success,712.33,17.62,INR,2026-03-04 11:00:00
PAY000003296,ORD00008019,2026-02-12 20:00:00,razorpay ,success,1597.15,16.86,inr,2026-02-12 20:00:00
PAY000003297,ORD00002861,2026-06-16 04:00:00,Stripe,success,2083.56,17.84,INR,2026-06-16 04:00:00
PAY000003298,ORD00008058,2026-06-01 15:00:00,Cashfree,success,2286.17,11.61,INR,2026-06-01 15:00:00
PAY000003299,ORD00006292,2026-01-06 01:00:00,razorpay ,success,1096.5,12.75,INR,2026-01-06 01:00:00
PAY000003300,ORD00006205,2026-06-22 11:00:00,Razorpay,success,1759.92,26.42,INR,2026-06-22 11:00:00
PAY000003301,ORD00011580,2026-01-23 21:00:00,PayU,success,1067.23,11.69,INR,2026-01-23 21:00:00
PAY000003302,ORD00001532,2026-04-09 08:00:00,Cashfree,success,893.74,22.32,INR,2026-04-09 08:00:00
PAY000003303,ORD00011098,2026-02-22 22:00:00,Stripe,success,551.09,3.02,INR,2026-02-22 22:00:00
PAY000003304,ORD00000543,2026-04-02 14:00:00,Stripe,success,1248.92,28.27,INR,2026-04-02 14:00:00
PAY000003305,ORD00002358,2026-01-14 09:00:00,Cashfree,success,293.78,5.15,inr,2026-01-14 09:00:00
PAY000003306,ORD00000899,2026-02-23 00:00:00,Stripe,success,886.25,31.72,inr,2026-02-23 00:00:00
PAY000003307,ORD00006975,2026-02-20 04:00:00,Cashfree,success,1135.11,2.28,INR,2026-02-20 04:00:00
PAY000003308,ORD00008300,2026-06-14 02:00:00,Razorpay,REFUNDED,703.15,15.69,INR,2026-06-14 02:00:00
PAY000003309,ORD00009655,2026-02-22 19:00:00,Stripe,success,1371.11,23.31,INR,2026-02-22 19:00:00
PAY000003310,ORD00006829,2026-08-04 06:00:00,Stripe,success,4052.62,23.35,INR,2026-08-04 06:00:00
PAY000003311,ORD00000728,2026-05-18 14:00:00,Razorpay,success,737.67,34.02,INR,2026-05-18 14:00:00
PAY000003312,ORD00000477,2026-06-09 17:00:00,Cashfree,PENDING,254.04,15.62,INR,2026-06-09 17:00:00
PAY000003313,ORD00003789,2026-03-13 05:00:00,razorpay ,REFUNDED,2260.05,30.82,INR,2026-03-13 05:00:00
PAY000003314,ORD00011926,2026-01-20 23:00:00,Razorpay,REFUNDED,427.5,23.2,INR,2026-01-20 23:00:00
PAY000003315,ORD00009487,2026-03-04 14:00:00,Razorpay,success,1255.98,16.58,INR,2026-03-04 14:00:00
PAY000003316,ORD00001520,2026-02-13 02:00:00,Cashfree,success,2616.45,12.24,Rs,2026-02-13 02:00:00
PAY000003317,ORD00008069,2026-03-12 22:00:00,Razorpay,REFUNDED,882.67,6.67,inr,2026-03-12 22:00:00
PAY000003318,ORD00002297,2026-05-11 00:00:00,Cashfree,success,792.91,5.05,INR,2026-05-11 00:00:00
PAY000003319,ORD00009104,2026-06-19 12:00:00,Razorpay,success,2384.56,32.92,INR,2026-06-19 12:00:00
PAY000003320,ORD00000479,2026-03-26 20:00:00,Razorpay,success,1192.89,23.86,inr,2026-03-26 20:00:00
PAY000003321,ORD00003404,2026-03-25 06:00:00,Cashfree,success,1298.54,17.42,INR,2026-03-25 06:00:00
PAY000003322,ORD00002337,2026-04-08 22:00:00,razorpay ,success,1299.35,16.86,inr,2026-04-08 22:00:00
PAY000003323,ORD00009390,2026-04-17 14:00:00,Razorpay,Failed,1410.39,13.54,inr,2026-04-17 14:00:00
PAY000003324,ORD00011585,2026-05-07 23:00:00,Razorpay,success,718.2,31.64,Rs,2026-05-07 23:00:00
PAY000003325,ORD00000541,2026-05-30 18:00:00,PayU,success,975.06,23.81,INR,2026-05-30 18:00:00
PAY000003326,ORD00004036,2026-02-14 23:00:00,Razorpay,success,772.9,26.81,INR,2026-02-14 23:00:00
PAY000003327,ORD00008408,2026-04-11 13:00:00,Stripe,success,1322.38,30.62,inr,2026-04-11 13:00:00
PAY000003328,ORD00008270,2026-05-15 06:00:00,razorpay ,Failed,1369.17,18.79,Rs,2026-05-15 06:00:00
PAY000003329,ORD00007900,2026-08-17 06:00:00,Stripe,success,994.16,26.34,INR,2026-08-17 06:00:00
PAY000003330,ORD00008705,2026-07-11 04:00:00,Cashfree,success,825.86,13.95,INR,2026-07-11 04:00:00
PAY000003331,ORD00007951,2026-01-15 22:00:00,razorpay ,success,270.14,34.13,INR,2026-01-15 22:00:00
PAY000003332,ORD00006336,2026-04-26 16:00:00,PayU,success,1491.01,12.9,INR,2026-04-26 16:00:00
PAY000003333,ORD00009210,2026-03-15 08:00:00,Cashfree,success,824.98,27.15,INR,2026-03-15 08:00:00
PAY000003334,ORD00009254,2026-04-28 03:00:00,Stripe,success,734.67,10.26,INR,2026-04-28 03:00:00
PAY000003335,ORD00000994,2026-06-23 03:00:00,PayU,success,2578.73,30.36,INR,2026-06-23 03:00:00
PAY000003336,ORD00010421,2026-01-18 02:00:00,PayU,success,1462.22,23.28,INR,2026-01-18 02:00:00
PAY000003337,ORD00007155,2026-08-08 21:00:00,,success,535.39,26.36,INR,2026-08-08 21:00:00
PAY000003338,ORD00011434,2026-06-22 19:00:00,Cashfree,Failed,829.72,22.75,INR,2026-06-22 19:00:00
PAY000003339,ORD00006811,2026-01-24 05:00:00,Stripe,success,1677.62,6.83,inr,2026-01-24 05:00:00
PAY000003340,ORD00009214,2026-04-20 17:00:00,Stripe,Failed,1341.82,11.88,INR,2026-04-20 17:00:00
PAY000003341,ORD00008442,2026-03-19 09:00:00,PayU,success,1136.68,28.84,INR,2026-03-19 09:00:00
PAY000003342,ORD00003101,2026-06-01 15:00:00,Stripe,success,726.76,20.57,INR,2026-06-01 15:00:00
PAY000003343,ORD00001896,2026-07-26 01:00:00,Razorpay,Failed,3986.13,16.64,INR,2026-07-26 01:00:00
PAY000003344,ORD00006958,2026-06-10 21:00:00,Cashfree,success,1035.6,6.27,INR,2026-06-10 21:00:00
PAY000003345,ORD00011876,2026-05-28 18:00:00,razorpay ,success,656.66,25.8,INR,2026-05-28 18:00:00
PAY000003346,ORD00008573,2026-07-08 07:00:00,Razorpay,success,482.73,9.33,INR,2026-07-08 07:00:00
PAY000003347,ORD00007900,2026-08-16 23:00:00,Cashfree,PENDING,1067.61,25.19,INR,2026-08-16 23:00:00
PAY000003348,ORD00001595,2026-04-06 20:00:00,Cashfree,success,1197.56,14.99,INR,2026-04-06 20:00:00
PAY000003349,ORD00011133,2026-03-27 17:00:00,Razorpay,success,1041.83,34.61,INR,2026-03-27 17:00:00
PAY000003350,ORD00001751,2026-04-17 16:00:00,Razorpay,success,959.3,5.84,INR,2026-04-17 16:00:00
PAY000003351,ORD00008282,2026-08-20 04:00:00,Cashfree,success,644.45,16.04,INR,2026-08-20 04:00:00
PAY000003352,ORD00008235,2026-07-23 10:00:00,razorpay ,success,2642.0,13.87,INR,2026-07-23 10:00:00
PAY000003353,ORD00003833,2026-01-31 15:00:00,Cashfree,success,1764.22,21.63,INR,2026-01-31 15:00:00
PAY000003354,ORD00000042,2026-02-14 17:00:00,razorpay ,success,595.33,29.65,INR,2026-02-14 17:00:00
PAY000003355,ORD00008195,2026-08-07 16:00:00,razorpay ,success,678.87,5.18,INR,2026-08-07 16:00:00
PAY000003356,ORD00005500,2026-04-19 08:00:00,Razorpay,success,1719.71,3.55,INR,2026-04-19 08:00:00
PAY000003357,ORD00000198,2026-04-20 16:00:00,Razorpay,success,1363.41,23.36,INR,2026-04-20 16:00:00
PAY000003358,ORD00000324,2026-02-15 10:00:00,Cashfree,success,959.83,20.67,INR,2026-02-15 10:00:00
PAY000003359,ORD00006588,2026-01-15 05:00:00,Cashfree,success,836.29,27.28,INR,2026-01-15 05:00:00
PAY000003360,ORD00006177,2026-06-29 07:00:00,Stripe,success,3622.6,4.33,INR,2026-06-29 07:00:00
PAY000003361,ORD00009523,2026-04-25 12:00:00,Cashfree,success,1038.12,19.81,INR,2026-04-25 12:00:00
PAY000003362,ORD00004752,2026-03-26 18:00:00,Stripe,success,1277.71,20.98,INR,2026-03-26 18:00:00
PAY000003363,ORD00005171,2026-02-02 09:00:00,Cashfree,success,5118.08,5.26,INR,2026-02-02 09:00:00
PAY000003364,ORD00004043,2026-07-01 09:00:00,razorpay ,success,709.79,27.09,INR,2026-07-01 09:00:00
PAY000003365,ORD00003861,2026-02-09 06:00:00,PayU,REFUNDED,1520.53,11.98,INR,2026-02-09 06:00:00
PAY000003366,ORD00009097,2026-05-19 14:00:00,PayU,success,3285.4,2.52,INR,2026-05-19 14:00:00
PAY000003367,ORD00007162,2026-03-06 17:00:00,PayU,success,1415.46,9.3,INR,2026-03-06 17:00:00
PAY000003368,ORD00011652,2026-06-16 13:00:00,Cashfree,success,3531.33,27.83,Rs,2026-06-16 13:00:00
PAY000003369,ORD00000673,2026-07-31 19:00:00,PayU,success,1902.19,28.79,Rs,2026-07-31 19:00:00
PAY000003370,ORD00001334,2026-03-04 17:00:00,Razorpay,success,1160.88,16.46,INR,2026-03-04 17:00:00
PAY000003371,ORD00003975,2026-01-03 04:00:00,Cashfree,success,2873.28,8.51,INR,2026-01-03 04:00:00
PAY000003372,ORD00005718,2026-03-18 01:00:00,razorpay ,success,591.97,32.63,INR,2026-03-18 01:00:00
PAY000003373,ORD00009436,2026-02-07 05:00:00,Razorpay,PENDING,930.33,29.27,Rs,2026-02-07 05:00:00
PAY000003374,ORD00009014,2026-04-06 12:00:00,razorpay ,Failed,1564.68,14.25,INR,2026-04-06 12:00:00
PAY000003375,ORD00001544,2026-03-13 21:00:00,Cashfree,PENDING,1072.93,15.5,INR,2026-03-13 21:00:00
PAY000003376,ORD00001308,2026-05-21 04:00:00,Razorpay,REFUNDED,1209.15,16.28,INR,2026-05-21 04:00:00
PAY000003377,ORD00002121,2026-06-14 01:00:00,PayU,success,4717.09,31.29,INR,2026-06-14 01:00:00
PAY000003378,ORD00011112,2026-04-02 10:00:00,PayU,REFUNDED,381.07,17.64,INR,2026-04-02 10:00:00
PAY000003379,ORD00011410,2026-07-25 01:00:00,Razorpay,Failed,1034.78,32.57,INR,2026-07-25 01:00:00
PAY000003380,ORD00000113,2026-04-28 22:00:00,Stripe,success,1238.53,22.35,INR,2026-04-28 22:00:00
PAY000003381,ORD00010649,2026-08-01 14:00:00,Razorpay,success,657.43,13.16,inr,2026-08-01 14:00:00
PAY000003382,ORD00008962,2026-02-27 10:00:00,Stripe,success,442.36,19.1,INR,2026-02-27 10:00:00
PAY000003383,ORD00004661,2026-03-19 10:00:00,PayU,success,2016.12,13.48,Rs,2026-03-19 10:00:00
PAY000003384,ORD00004594,2026-03-13 17:00:00,razorpay ,PENDING,1117.22,15.38,INR,2026-03-13 17:00:00
PAY000003385,ORD00004634,2026-02-12 17:00:00,Stripe,success,1365.13,33.66,INR,2026-02-12 17:00:00
PAY000003386,ORD00002920,2026-02-12 01:00:00,PayU,PENDING,1607.58,13.87,INR,2026-02-12 01:00:00
PAY000003387,ORD00009761,2026-05-17 15:00:00,Razorpay,success,654.41,21.4,inr,2026-05-17 15:00:00
PAY000003388,ORD00004227,2026-05-04 17:00:00,razorpay ,success,339.95,3.58,INR,2026-05-04 17:00:00
PAY000003389,ORD00011648,2026-01-27 12:00:00,Stripe,Failed,1067.58,28.57,INR,2026-01-27 12:00:00
PAY000003390,ORD00010414,2026-04-07 11:00:00,Stripe,success,1844.24,21.27,INR,2026-04-07 11:00:00
PAY000003391,ORD00006811,2026-07-27 23:00:00,Cashfree,success,754.9,20.7,INR,2026-07-27 23:00:00
PAY000003392,ORD00008476,2026-08-14 20:00:00,razorpay ,success,1091.76,27.51,inr,2026-08-14 20:00:00
PAY000003393,ORD00009883,2026-05-27 06:00:00,PayU,REFUNDED,1329.51,13.51,INR,2026-05-27 06:00:00
PAY000003394,ORD00008948,2026-03-13 06:00:00,Cashfree,Failed,375.63,18.28,INR,2026-03-13 06:00:00
PAY000003395,ORD00011814,2026-03-01 08:00:00,PayU,PENDING,1248.97,24.42,INR,2026-03-01 08:00:00
PAY000003396,ORD00000591,2026-06-18 21:00:00,PayU,success,631.73,12.03,INR,2026-06-18 21:00:00
PAY000003397,ORD00001010,2026-02-27 02:00:00,Razorpay,success,2280.32,14.9,INR,2026-02-27 02:00:00
PAY000003398,ORD00010955,2026-02-10 03:00:00,PayU,success,1430.5,15.29,INR,2026-02-10 03:00:00
PAY000003399,ORD00002312,2026-08-28 20:00:00,Razorpay,success,643.97,3.13,INR,2026-08-28 20:00:00
PAY000003400,ORD00003029,2026-02-12 08:00:00,Cashfree,success,630.2,27.31,INR,2026-02-12 08:00:00
PAY000003401,ORD00001525,2026-07-19 04:00:00,razorpay ,Failed,2010.15,4.33,INR,2026-07-19 04:00:00
PAY000003402,ORD00007635,2026-05-31 16:00:00,PayU,success,540.37,21.23,INR,2026-05-31 16:00:00
PAY000003403,ORD00006357,2026-07-14 13:00:00,PayU,PENDING,617.24,3.71,INR,2026-07-14 13:00:00
PAY000003404,ORD00006191,2026-08-05 07:00:00,Stripe,success,1328.86,15.44,inr,2026-08-05 07:00:00
PAY000003405,ORD00000702,2026-03-08 00:00:00,PayU,success,1685.12,29.9,inr,2026-03-08 00:00:00
PAY000003406,ORD00007915,2026-05-30 12:00:00,PayU,PENDING,1166.58,24.5,INR,2026-05-30 12:00:00
PAY000003407,ORD00003373,2026-02-13 20:00:00,Razorpay,success,1398.13,8.54,INR,2026-02-13 20:00:00
PAY000003408,ORD00007889,2026-05-05 22:00:00,Razorpay,success,1283.76,22.68,Rs,2026-05-05 22:00:00
PAY000003409,ORD00007706,2026-08-19 13:00:00,Razorpay,success,542.44,6.66,Rs,2026-08-19 13:00:00
PAY000003410,ORD00001119,2026-08-06 02:00:00,Razorpay,success,853.2,8.48,INR,2026-08-06 02:00:00
PAY000003411,ORD00002598,2026-01-07 10:00:00,PayU,success,355.84,10.88,INR,2026-01-07 10:00:00
PAY000003412,ORD00010332,2026-04-19 22:00:00,Razorpay,success,2833.93,30.85,INR,2026-04-19 22:00:00
PAY000003413,ORD00004606,2026-07-12 16:00:00,PayU,success,1246.68,33.85,INR,2026-07-12 16:00:00
PAY000003414,ORD00003482,2026-06-06 01:00:00,Cashfree,success,714.78,29.62,INR,2026-06-06 01:00:00
PAY000003415,ORD00008958,2026-06-07 00:00:00,Stripe,success,760.68,32.17,INR,2026-06-07 00:00:00
PAY000003416,ORD00003836,2026-01-24 22:00:00,razorpay ,success,927.18,13.12,INR,2026-01-24 22:00:00
PAY000003417,ORD00011338,2026-02-17 13:00:00,razorpay ,success,1198.61,19.51,INR,2026-02-17 13:00:00
PAY000003418,ORD00000150,2026-03-15 19:00:00,Cashfree,success,1423.81,12.49,INR,2026-03-15 19:00:00
PAY000003419,ORD00010868,2026-02-02 16:00:00,Razorpay,success,1089.78,10.74,inr,2026-02-02 16:00:00
PAY000003420,ORD00007524,2026-04-19 00:00:00,Cashfree,success,1087.53,2.02,INR,2026-04-19 00:00:00
PAY000003421,ORD00004364,2026-04-17 22:00:00,Razorpay,success,516.29,31.73,Rs,2026-04-17 22:00:00
PAY000003422,ORD00002089,2026-07-24 20:00:00,Razorpay,success,1895.52,33.44,INR,2026-07-24 20:00:00
PAY000003423,ORD00011108,2026-06-02 05:00:00,razorpay ,success,4136.42,10.67,INR,2026-06-02 05:00:00
PAY000003424,ORD00011032,2026-02-21 22:00:00,Stripe,PENDING,1229.73,3.13,INR,2026-02-21 22:00:00
PAY000003425,ORD00004358,2026-05-18 21:00:00,Stripe,success,957.54,9.14,inr,2026-05-18 21:00:00
PAY000003426,ORD00011966,2026-01-19 05:00:00,razorpay ,success,1851.38,18.09,INR,2026-01-19 05:00:00
PAY000003427,ORD00005498,2026-08-21 20:00:00,Cashfree,success,975.98,23.99,INR,2026-08-21 20:00:00
PAY000003428,ORD00002895,2026-06-08 22:00:00,Stripe,success,2025.74,11.74,INR,2026-06-08 22:00:00
PAY000003429,ORD00003730,2026-08-04 07:00:00,PayU,success,1189.81,7.92,inr,2026-08-04 07:00:00
PAY000003430,ORD00006476,2026-08-27 16:00:00,razorpay ,success,610.58,9.06,INR,2026-08-27 16:00:00
PAY000003431,ORD00000024,2026-05-04 01:00:00,razorpay ,PENDING,398.08,20.08,INR,2026-05-04 01:00:00
PAY000003432,ORD00001995,2026-04-27 19:00:00,razorpay ,REFUNDED,348.8,32.4,INR,2026-04-27 19:00:00
PAY000003433,ORD00009629,2026-03-02 05:00:00,Cashfree,PENDING,1120.98,32.8,INR,2026-03-02 05:00:00
PAY000003434,ORD00007554,2026-05-28 15:00:00,Razorpay,success,1937.42,30.87,INR,2026-05-28 15:00:00
PAY000003435,ORD00003731,2026-08-15 11:00:00,razorpay ,success,1462.55,9.69,INR,2026-08-15 11:00:00
PAY000003436,ORD00002913,2026-04-23 18:00:00,razorpay ,success,1043.73,22.58,INR,2026-04-23 18:00:00
PAY000003437,ORD00000369,2026-08-26 15:00:00,Stripe,success,388.76,33.82,inr,2026-08-26 15:00:00
PAY000003438,ORD00007125,2026-01-17 20:00:00,Stripe,success,345.6,34.49,INR,2026-01-17 20:00:00
PAY000003439,ORD00009856,2026-06-16 03:00:00,Stripe,success,879.02,5.09,INR,2026-06-16 03:00:00
PAY000003440,ORD00001384,2026-03-12 09:00:00,Cashfree,success,861.14,3.13,INR,2026-03-12 09:00:00
PAY000003441,ORD00002861,2026-03-17 13:00:00,Cashfree,Failed,2189.41,11.2,INR,2026-03-17 13:00:00
PAY000003442,ORD00006526,2026-04-20 06:00:00,Razorpay,success,1364.45,4.75,INR,2026-04-20 06:00:00
PAY000003443,ORD00008055,2026-03-10 01:00:00,PayU,success,773.86,23.93,INR,2026-03-10 01:00:00
PAY000003444,ORD00008495,2026-07-11 06:00:00,Cashfree,success,381.26,3.56,inr,2026-07-11 06:00:00
PAY000003445,ORD00006377,2026-01-14 00:00:00,Razorpay,success,156.51,21.6,INR,2026-01-14 00:00:00
PAY000003446,ORD00007084,2026-05-08 09:00:00,Razorpay,success,1100.42,8.84,INR,2026-05-08 09:00:00
PAY000003447,ORD00001529,2026-02-05 10:00:00,razorpay ,success,1043.91,10.99,INR,2026-02-05 10:00:00
PAY000003448,ORD00005870,2026-02-10 20:00:00,Cashfree,success,1328.48,30.94,INR,2026-02-10 20:00:00
PAY000003449,ORD00007006,2026-07-08 03:00:00,Cashfree,success,755.08,33.27,INR,2026-07-08 03:00:00
PAY000003450,ORD00004959,2026-08-24 10:00:00,Stripe,success,1798.83,22.5,INR,2026-08-24 10:00:00
PAY000003451,ORD00005941,2026-03-10 11:00:00,Stripe,Failed,1565.1,20.64,INR,2026-03-10 11:00:00
PAY000003452,ORD00000236,2026-07-11 19:00:00,PayU,success,1869.74,4.33,INR,2026-07-11 19:00:00
PAY000003453,ORD00003629,2026-01-19 15:00:00,PayU,success,4874.37,16.61,INR,2026-01-19 15:00:00
PAY000003454,ORD00007356,2026-08-20 22:00:00,Razorpay,success,1042.27,32.18,INR,2026-08-20 22:00:00
PAY000003455,ORD00011092,2026-02-05 05:00:00,PayU,success,1392.77,21.01,INR,2026-02-05 05:00:00
PAY000003456,ORD00006365,2026-07-27 07:00:00,PayU,success,913.52,23.3,inr,2026-07-27 07:00:00
PAY000003457,ORD00008573,2026-08-20 10:00:00,razorpay ,success,745.87,4.57,inr,2026-08-20 10:00:00
PAY000003458,ORD00008012,2026-03-22 07:00:00,razorpay ,success,638.52,20.84,INR,2026-03-22 07:00:00
PAY000003459,ORD00007602,2026-04-13 07:00:00,PayU,success,3072.74,31.22,INR,2026-04-13 07:00:00
PAY000003460,ORD00007718,2026-06-02 19:00:00,Razorpay,success,393.18,5.83,INR,2026-06-02 19:00:00
PAY000003461,ORD00008778,2026-07-17 22:00:00,razorpay ,success,597.73,27.66,INR,2026-07-17 22:00:00
PAY000003462,ORD00002862,2026-06-16 21:00:00,PayU,success,650.48,30.65,INR,2026-06-16 21:00:00
PAY000003463,ORD00000561,2026-08-06 23:00:00,Stripe,PENDING,790.07,10.64,INR,2026-08-06 23:00:00
PAY000003464,ORD00001583,2026-04-03 07:00:00,PayU,success,3593.01,12.26,INR,2026-04-03 07:00:00
PAY000003465,ORD00010222,2026-08-05 15:00:00,Stripe,success,7993.96,25.61,inr,2026-08-05 15:00:00
PAY000003466,ORD00006289,2026-01-21 23:00:00,Razorpay,success,620.38,17.59,INR,2026-01-21 23:00:00
PAY000003467,ORD00001885,2026-02-04 05:00:00,Stripe,success,406.29,20.85,INR,2026-02-04 05:00:00
PAY000003468,ORD00006237,2026-02-17 07:00:00,razorpay ,Failed,894.38,12.39,INR,2026-02-17 07:00:00
PAY000003469,ORD00006739,2026-07-02 23:00:00,Cashfree,success,527.69,28.46,inr,2026-07-02 23:00:00
PAY000003470,ORD00005367,2026-01-03 04:00:00,Cashfree,success,1158.76,22.96,inr,2026-01-03 04:00:00
PAY000003471,ORD00008462,2026-03-19 12:00:00,razorpay ,success,1592.92,11.36,INR,2026-03-19 12:00:00
PAY000003472,ORD00001340,2026-06-01 10:00:00,razorpay ,PENDING,1275.92,7.98,Rs,2026-06-01 10:00:00
PAY000003473,ORD00009232,2026-06-13 00:00:00,Cashfree,Failed,1002.13,6.41,INR,2026-06-13 00:00:00
PAY000003474,ORD00011725,2026-05-15 07:00:00,Cashfree,Failed,943.74,16.5,INR,2026-05-15 07:00:00
PAY000003475,ORD00006608,2026-05-09 15:00:00,Razorpay,success,1999.06,9.65,inr,2026-05-09 15:00:00
PAY000003476,ORD00011608,2026-01-20 00:00:00,razorpay ,Failed,903.89,10.59,inr,2026-01-20 00:00:00
PAY000003477,ORD00009892,2026-04-18 07:00:00,PayU,success,1554.47,28.66,INR,2026-04-18 07:00:00
PAY000003478,ORD00008761,2026-03-04 16:00:00,Razorpay,success,2256.06,11.47,inr,2026-03-04 16:00:00
PAY000003479,ORD00002796,2026-04-25 07:00:00,Razorpay,success,482.29,5.25,Rs,2026-04-25 07:00:00
PAY000003480,ORD00011500,2026-01-19 12:00:00,Cashfree,success,396.32,17.59,INR,2026-01-19 12:00:00
PAY000003481,ORD00003092,2026-01-07 10:00:00,PayU,success,1690.46,3.39,INR,2026-01-07 10:00:00
PAY000003482,ORD00007898,2026-01-26 16:00:00,PayU,success,404.55,30.88,INR,2026-01-26 16:00:00
PAY000003483,ORD00002284,2026-04-22 01:00:00,razorpay ,PENDING,1742.6,34.33,INR,2026-04-22 01:00:00
PAY000003484,ORD00000378,2026-06-27 11:00:00,Cashfree,success,1525.21,10.02,INR,2026-06-27 11:00:00
PAY000003485,ORD00009678,2026-06-18 01:00:00,razorpay ,success,940.67,34.94,INR,2026-06-18 01:00:00
PAY000003486,ORD00007953,2026-04-01 14:00:00,PayU,success,1763.32,28.13,inr,2026-04-01 14:00:00
PAY000003487,ORD00011137,2026-03-17 23:00:00,Stripe,success,1118.94,28.47,INR,2026-03-17 23:00:00
PAY000003488,ORD00008218,2026-02-11 18:00:00,Razorpay,success,599.7,16.67,INR,2026-02-11 18:00:00
PAY000003489,ORD00009539,2026-08-27 15:00:00,Razorpay,success,1263.34,22.22,INR,2026-08-27 15:00:00
PAY000003490,ORD00004215,2026-04-22 18:00:00,Cashfree,success,839.79,10.0,inr,2026-04-22 18:00:00
PAY000003491,ORD00004830,2026-04-24 09:00:00,Stripe,Failed,566.34,17.48,inr,2026-04-24 09:00:00
PAY000003492,ORD00010649,2026-01-13 08:00:00,Cashfree,success,639.82,8.01,INR,2026-01-13 08:00:00
PAY000003493,ORD00006982,2026-04-30 13:00:00,PayU,success,1226.59,23.2,INR,2026-04-30 13:00:00
PAY000003494,ORD00006564,2026-05-03 22:00:00,Cashfree,success,4020.72,6.71,INR,2026-05-03 22:00:00
PAY000003495,ORD00005296,2026-07-13 01:00:00,Cashfree,success,1276.94,2.86,INR,2026-07-13 01:00:00
PAY000003496,ORD00010669,2026-01-11 04:00:00,PayU,success,501.85,32.16,INR,2026-01-11 04:00:00
PAY000003497,ORD00002273,2026-06-16 02:00:00,PayU,success,760.61,2.03,INR,2026-06-16 02:00:00
PAY000003498,ORD00002757,2026-06-23 02:00:00,razorpay ,success,575.5,2.72,Rs,2026-06-23 02:00:00
PAY000003499,ORD00009928,2026-06-02 16:00:00,Razorpay,PENDING,974.26,23.31,INR,2026-06-02 16:00:00
PAY000003500,ORD00010736,2026-02-13 00:00:00,Cashfree,success,936.39,21.13,INR,2026-02-13 00:00:00
PAY000003501,ORD00002873,2026-05-13 20:00:00,razorpay ,PENDING,1097.5,5.22,INR,2026-05-13 20:00:00
PAY000003502,ORD00011160,2026-02-23 03:00:00,Stripe,success,1180.78,4.19,Rs,2026-02-23 03:00:00
PAY000003503,ORD00011566,2026-05-25 14:00:00,razorpay ,success,2492.67,7.6,INR,2026-05-25 14:00:00
PAY000003504,ORD00004570,2026-01-10 00:00:00,razorpay ,success,340.68,23.75,INR,2026-01-10 00:00:00
PAY000003505,ORD00004008,2026-05-08 04:00:00,Razorpay,success,837.55,28.68,INR,2026-05-08 04:00:00
PAY000003506,ORD00011147,2026-05-31 22:00:00,PayU,success,1419.14,33.27,inr,2026-05-31 22:00:00
PAY000003507,ORD00006781,2026-04-25 16:00:00,Stripe,success,1496.06,30.98,INR,2026-04-25 16:00:00
PAY000003508,ORD00010527,2026-07-16 21:00:00,Razorpay,Failed,1493.81,25.97,INR,2026-07-16 21:00:00
PAY000003509,ORD00001393,2026-06-06 23:00:00,Razorpay,success,1476.63,5.49,INR,2026-06-06 23:00:00
PAY000003510,ORD00002914,2026-08-03 18:00:00,Cashfree,success,298.53,32.31,INR,2026-08-03 18:00:00
PAY000003511,ORD00001241,2026-05-30 12:00:00,razorpay ,success,1246.19,27.93,inr,2026-05-30 12:00:00
PAY000003512,ORD00005212,2026-07-26 16:00:00,Cashfree,success,1716.98,16.87,Rs,2026-07-26 16:00:00
PAY000003513,ORD00003334,2026-06-02 03:00:00,Cashfree,REFUNDED,673.95,11.78,INR,2026-06-02 03:00:00
PAY000003514,ORD00002850,2026-06-16 02:00:00,Stripe,PENDING,3105.37,29.51,INR,2026-06-16 02:00:00
PAY000003515,ORD00000837,2026-06-09 02:00:00,Cashfree,success,1633.15,26.25,INR,2026-06-09 02:00:00
PAY000003516,ORD00004887,2026-08-18 12:00:00,Cashfree,success,1447.11,11.47,inr,2026-08-18 12:00:00
PAY000003517,ORD00003581,2026-01-18 05:00:00,PayU,success,395.55,2.82,INR,2026-01-18 05:00:00
PAY000003518,ORD00000396,2026-07-17 20:00:00,Stripe,success,1258.07,33.89,INR,2026-07-17 20:00:00
PAY000003519,ORD00003814,2026-06-19 19:00:00,razorpay ,success,1114.37,23.42,INR,2026-06-19 19:00:00
PAY000003520,ORD00006546,2026-07-29 08:00:00,Razorpay,success,2352.42,4.86,INR,2026-07-29 08:00:00
PAY000003521,ORD00011008,2026-08-09 21:00:00,PayU,success,1109.77,19.59,INR,2026-08-09 21:00:00
PAY000003522,ORD00010228,2026-04-13 01:00:00,Stripe,success,865.61,28.97,INR,2026-04-13 01:00:00
PAY000003523,ORD00000097,2026-04-28 19:00:00,PayU,success,2545.54,25.51,INR,2026-04-28 19:00:00
PAY000003524,ORD00004320,2026-03-03 17:00:00,Cashfree,success,644.44,26.25,INR,2026-03-03 17:00:00
PAY000003525,ORD00000980,2026-08-19 09:00:00,PayU,Failed,726.23,22.54,INR,2026-08-19 09:00:00
PAY000003526,ORD00005007,2026-07-26 19:00:00,Cashfree,REFUNDED,2689.09,14.02,INR,2026-07-26 19:00:00
PAY000003527,ORD00011342,2026-02-25 02:00:00,Cashfree,Failed,1520.33,16.73,Rs,2026-02-25 02:00:00
PAY000003528,ORD00006836,2026-08-14 15:00:00,PayU,success,776.88,4.27,inr,2026-08-14 15:00:00
PAY000003529,ORD00008322,2026-01-02 04:00:00,razorpay ,success,539.82,17.73,INR,2026-01-02 04:00:00
PAY000003530,ORD00002775,2026-07-20 17:00:00,razorpay ,PENDING,1402.42,31.76,INR,2026-07-20 17:00:00
PAY000003531,ORD00006854,2026-03-11 07:00:00,razorpay ,success,2240.61,4.92,inr,2026-03-11 07:00:00
PAY000003532,ORD00009232,2026-01-16 07:00:00,Razorpay,success,426.92,6.08,INR,2026-01-16 07:00:00
PAY000003533,ORD00005421,2026-07-31 03:00:00,Cashfree,success,1082.95,7.46,INR,2026-07-31 03:00:00
PAY000003534,ORD00009136,2026-04-29 16:00:00,PayU,success,2069.14,2.0,INR,2026-04-29 16:00:00
PAY000003535,ORD00011895,2026-03-22 17:00:00,Razorpay,success,1835.45,26.49,INR,2026-03-22 17:00:00
PAY000003536,ORD00000888,2026-06-29 10:00:00,PayU,REFUNDED,608.36,17.05,INR,2026-06-29 10:00:00
PAY000003537,ORD00002187,2026-01-14 08:00:00,PayU,success,278.37,21.57,INR,2026-01-14 08:00:00
PAY000003538,ORD00010188,2026-06-10 02:00:00,PayU,success,3137.63,8.01,inr,2026-06-10 02:00:00
PAY000003539,ORD00010606,2026-08-26 06:00:00,Razorpay,success,2210.22,5.49,INR,2026-08-26 06:00:00
PAY000003540,ORD00008040,2026-03-01 18:00:00,razorpay ,Failed,1251.71,8.33,INR,2026-03-01 18:00:00
PAY000003541,ORD00003356,2026-06-06 13:00:00,razorpay ,success,1122.46,28.71,Rs,2026-06-06 13:00:00
PAY000003542,ORD00009626,2026-01-21 03:00:00,razorpay ,success,1055.19,32.8,INR,2026-01-21 03:00:00
PAY000003543,ORD00006878,2026-06-25 16:00:00,Cashfree,success,1434.88,17.02,INR,2026-06-25 16:00:00
PAY000003544,ORD00007728,2026-03-01 11:00:00,Stripe,Failed,1769.33,15.13,INR,2026-03-01 11:00:00
PAY000003545,ORD00003892,2026-03-15 00:00:00,PayU,success,1145.63,22.54,INR,2026-03-15 00:00:00
PAY000003546,ORD00006762,2026-06-19 08:00:00,PayU,Failed,994.13,31.72,INR,2026-06-19 08:00:00
PAY000003547,ORD00007057,2026-08-11 17:00:00,Razorpay,success,1750.4,21.63,INR,2026-08-11 17:00:00
PAY000003548,ORD00006330,2026-06-28 11:00:00,PayU,success,2213.3,10.63,INR,2026-06-28 11:00:00
PAY000003549,ORD00008069,2026-06-25 12:00:00,Stripe,Failed,919.11,8.58,INR,2026-06-25 12:00:00
PAY000003550,ORD00006908,2026-03-19 06:00:00,Stripe,success,833.5,3.18,inr,2026-03-19 06:00:00
PAY000003551,ORD00005735,2026-06-15 02:00:00,Cashfree,success,1193.55,17.08,INR,2026-06-15 02:00:00
PAY000003552,ORD00009853,2026-07-26 18:00:00,Razorpay,PENDING,1083.85,15.66,INR,2026-07-26 18:00:00
PAY000003553,ORD00009749,2026-08-17 15:00:00,Razorpay,success,1512.92,7.33,INR,2026-08-17 15:00:00
PAY000003554,ORD00009482,2026-03-13 11:00:00,razorpay ,success,1757.13,4.12,INR,2026-03-13 11:00:00
PAY000003555,ORD00004885,2026-02-01 10:00:00,PayU,success,1019.74,31.76,INR,2026-02-01 10:00:00
PAY000003556,ORD00003671,2026-01-24 10:00:00,razorpay ,REFUNDED,2057.28,13.02,INR,2026-01-24 10:00:00
PAY000003557,ORD00000430,2026-06-05 08:00:00,PayU,Failed,1245.96,30.18,INR,2026-06-05 08:00:00
PAY000003558,ORD00007340,2026-01-07 07:00:00,Stripe,success,598.53,20.87,INR,2026-01-07 07:00:00
PAY000003559,ORD00002077,2026-06-07 11:00:00,PayU,success,1426.13,3.22,INR,2026-06-07 11:00:00
PAY000003560,ORD00000374,2026-07-30 07:00:00,Stripe,REFUNDED,661.08,19.32,INR,2026-07-30 07:00:00
PAY000003561,ORD00004101,2026-08-07 19:00:00,Cashfree,success,411.85,12.01,INR,2026-08-07 19:00:00
PAY000003562,ORD00001981,2026-01-16 08:00:00,Cashfree,success,487.98,5.13,INR,2026-01-16 08:00:00
PAY000003563,ORD00006870,2026-06-09 12:00:00,PayU,success,577.24,10.38,INR,2026-06-09 12:00:00
PAY000003564,ORD00000436,2026-02-20 23:00:00,Stripe,success,775.77,27.32,INR,2026-02-20 23:00:00
PAY000003565,ORD00002428,2026-03-20 14:00:00,Razorpay,success,1417.79,12.32,INR,2026-03-20 14:00:00
PAY000003566,ORD00007424,2026-02-03 10:00:00,Stripe,success,1675.28,18.71,INR,2026-02-03 10:00:00
PAY000003567,ORD00004944,2026-05-11 22:00:00,Stripe,Failed,440.42,5.71,INR,2026-05-11 22:00:00
PAY000003568,ORD00011740,2026-07-31 01:00:00,Razorpay,success,1053.1,27.05,INR,2026-07-31 01:00:00
PAY000003569,ORD00002682,2026-02-06 19:00:00,Razorpay,success,2154.81,34.58,INR,2026-02-06 19:00:00
PAY000003570,ORD00010480,2026-03-19 06:00:00,Razorpay,PENDING,1329.29,15.9,INR,2026-03-19 06:00:00
PAY000003571,ORD00006488,2026-05-28 13:00:00,Razorpay,Failed,452.86,34.64,INR,2026-05-28 13:00:00
PAY000003572,ORD00003270,2026-01-25 08:00:00,PayU,PENDING,1064.73,3.83,INR,2026-01-25 08:00:00
PAY000003573,ORD00007891,2026-06-12 05:00:00,Cashfree,success,368.66,18.09,INR,2026-06-12 05:00:00
PAY000003574,ORD00003153,2026-07-24 03:00:00,Razorpay,success,1067.55,26.17,INR,2026-07-24 03:00:00
PAY000003575,ORD00002645,2026-07-27 14:00:00,PayU,success,4567.17,4.3,INR,2026-07-27 14:00:00
PAY000003576,ORD00010653,2026-08-07 07:00:00,Cashfree,success,1707.73,3.53,INR,2026-08-07 07:00:00
PAY000003577,ORD00009419,2026-03-03 15:00:00,Stripe,PENDING,906.32,17.1,INR,2026-03-03 15:00:00
PAY000003578,ORD00009075,2026-02-19 19:00:00,Cashfree,Failed,1719.95,19.08,Rs,2026-02-19 19:00:00
PAY000003579,ORD00001696,2026-04-06 21:00:00,Stripe,PENDING,105.52,25.91,inr,2026-04-06 21:00:00
PAY000003580,ORD00006279,2026-07-27 04:00:00,razorpay ,success,1480.54,17.78,inr,2026-07-27 04:00:00
PAY000003581,ORD00007676,2026-02-10 23:00:00,Stripe,success,250.54,28.31,INR,2026-02-10 23:00:00
PAY000003582,ORD00011184,2026-05-05 09:00:00,razorpay ,Failed,1713.8,20.66,INR,2026-05-05 09:00:00
PAY000003583,ORD00003544,2026-03-02 12:00:00,Stripe,success,894.87,10.91,INR,2026-03-02 12:00:00
PAY000003584,ORD00006479,2026-02-12 03:00:00,PayU,success,1100.49,4.87,INR,2026-02-12 03:00:00
PAY000003585,ORD00003932,2026-01-08 11:00:00,Cashfree,success,763.51,19.86,INR,2026-01-08 11:00:00
PAY000003586,ORD00011185,2026-02-27 01:00:00,Cashfree,success,742.35,31.36,INR,2026-02-27 01:00:00
PAY000003587,ORD00000662,2026-06-14 16:00:00,Cashfree,Failed,2833.05,31.09,INR,2026-06-14 16:00:00
PAY000003588,ORD00000460,2026-08-23 16:00:00,razorpay ,success,435.93,33.95,INR,2026-08-23 16:00:00
PAY000003589,ORD00001802,2026-04-26 16:00:00,Stripe,success,4517.88,13.66,INR,2026-04-26 16:00:00
PAY000003590,ORD00011071,2026-05-29 12:00:00,Razorpay,success,2801.15,6.66,inr,2026-05-29 12:00:00
PAY000003591,ORD00003709,2026-03-18 19:00:00,Cashfree,success,1065.28,16.65,INR,2026-03-18 19:00:00
PAY000003592,ORD00004683,2026-02-18 06:00:00,Cashfree,success,3464.5,27.71,INR,2026-02-18 06:00:00
PAY000003593,ORD00009866,2026-08-09 21:00:00,PayU,success,1155.62,26.32,inr,2026-08-09 21:00:00
PAY000003594,ORD00010846,2026-01-01 19:00:00,Cashfree,success,2001.98,24.11,INR,2026-01-01 19:00:00
PAY000003595,ORD00004636,2026-07-21 04:00:00,Cashfree,success,13291.16,15.05,Rs,2026-07-21 04:00:00
PAY000003596,ORD00003017,2026-06-15 03:00:00,razorpay ,success,955.96,21.25,INR,2026-06-15 03:00:00
PAY000003597,ORD00011678,2026-05-25 10:00:00,razorpay ,success,874.53,14.78,INR,2026-05-25 10:00:00
PAY000003598,ORD00008731,2026-04-19 18:00:00,Cashfree,success,632.23,10.55,INR,2026-04-19 18:00:00
PAY000003599,ORD00006539,2026-05-15 23:00:00,razorpay ,PENDING,1288.62,22.68,INR,2026-05-15 23:00:00
PAY000003600,ORD00008586,2026-01-31 13:00:00,Cashfree,success,1105.74,26.34,INR,2026-01-31 13:00:00
PAY000003601,ORD00004616,2026-04-20 16:00:00,Razorpay,Failed,3538.33,33.79,Rs,2026-04-20 16:00:00
PAY000003602,ORD00000445,2026-06-22 19:00:00,PayU,success,779.99,25.23,INR,2026-06-22 19:00:00
PAY000003603,ORD00010710,2026-07-29 03:00:00,Stripe,Failed,360.64,8.51,INR,2026-07-29 03:00:00
PAY000003604,ORD00001574,2026-02-28 10:00:00,,success,3797.16,19.75,INR,2026-02-28 10:00:00
PAY000003605,ORD00000330,2026-05-23 09:00:00,razorpay ,success,546.85,3.74,INR,2026-05-23 09:00:00
PAY000003606,ORD00007886,2026-02-16 20:00:00,Stripe,success,1385.3,7.45,INR,2026-02-16 20:00:00
PAY000003607,ORD00000542,2026-08-03 01:00:00,Stripe,PENDING,464.37,6.18,INR,2026-08-03 01:00:00
PAY000003608,ORD00010121,2026-04-29 20:00:00,Razorpay,Failed,803.31,8.04,INR,2026-04-29 20:00:00
PAY000003609,ORD00006882,2026-08-24 05:00:00,Razorpay,success,709.95,20.13,inr,2026-08-24 05:00:00
PAY000003610,ORD00002639,2026-05-09 22:00:00,razorpay ,success,1954.62,16.07,Rs,2026-05-09 22:00:00
PAY000003611,ORD00008728,2026-04-18 23:00:00,Razorpay,success,1206.03,25.56,INR,2026-04-18 23:00:00
PAY000003612,ORD00010582,2026-08-23 09:00:00,Cashfree,success,695.59,24.85,INR,2026-08-23 09:00:00
PAY000003613,ORD00010632,2026-02-02 02:00:00,Razorpay,success,1464.36,26.23,INR,2026-02-02 02:00:00
PAY000003614,ORD00001688,2026-02-21 11:00:00,Stripe,success,314.96,17.22,INR,2026-02-21 11:00:00
PAY000003615,ORD00001813,2026-04-04 13:00:00,PayU,success,2311.65,31.4,INR,2026-04-04 13:00:00
PAY000003616,ORD00010336,2026-01-05 09:00:00,Razorpay,success,3477.91,34.62,INR,2026-01-05 09:00:00
PAY000003617,ORD00008965,2026-06-10 06:00:00,Razorpay,PENDING,1078.94,33.03,Rs,2026-06-10 06:00:00
PAY000003618,ORD00005388,2026-08-01 19:00:00,PayU,success,573.86,29.75,INR,2026-08-01 19:00:00
PAY000003619,ORD00002404,2026-02-25 04:00:00,Stripe,success,932.86,32.34,INR,2026-02-25 04:00:00
PAY000003620,ORD00001474,2026-01-19 07:00:00,Razorpay,success,544.09,30.44,INR,2026-01-19 07:00:00
PAY000003621,ORD00007228,2026-04-07 04:00:00,,Failed,2317.41,3.77,INR,2026-04-07 04:00:00
PAY000003622,ORD00007779,2026-02-23 16:00:00,PayU,success,688.44,28.02,INR,2026-02-23 16:00:00
PAY000003623,ORD00006869,2026-07-27 01:00:00,PayU,success,803.89,14.31,INR,2026-07-27 01:00:00
PAY000003624,ORD00004880,2026-07-09 20:00:00,razorpay ,success,594.26,3.9,INR,2026-07-09 20:00:00
PAY000003625,ORD00009097,2026-08-22 10:00:00,PayU,REFUNDED,3151.82,3.66,INR,2026-08-22 10:00:00
PAY000003626,ORD00002835,2026-03-19 18:00:00,Razorpay,success,2002.97,13.96,INR,2026-03-19 18:00:00
PAY000003627,ORD00002665,2026-07-13 09:00:00,PayU,success,3745.54,24.12,inr,2026-07-13 09:00:00
PAY000003628,ORD00004375,2026-08-14 08:00:00,Cashfree,success,2558.86,13.03,INR,2026-08-14 08:00:00
PAY000003629,ORD00002023,2026-03-27 19:00:00,razorpay ,REFUNDED,1441.95,3.17,INR,2026-03-27 19:00:00
PAY000003630,ORD00006035,2026-08-20 02:00:00,Stripe,success,3404.32,6.52,INR,2026-08-20 02:00:00
PAY000003631,ORD00006097,2026-06-13 02:00:00,Cashfree,success,2152.14,4.49,INR,2026-06-13 02:00:00
PAY000003632,ORD00009586,2026-05-04 23:00:00,razorpay ,success,513.51,13.42,INR,2026-05-04 23:00:00
PAY000003633,ORD00008327,2026-02-19 01:00:00,Cashfree,success,1082.92,14.45,INR,2026-02-19 01:00:00
PAY000003634,ORD00007140,2026-08-05 08:00:00,Razorpay,success,1054.77,13.49,inr,2026-08-05 08:00:00
PAY000003635,ORD00000352,2026-06-03 12:00:00,razorpay ,success,604.98,12.33,INR,2026-06-03 12:00:00
PAY000003636,ORD00005257,2026-07-14 05:00:00,Razorpay,success,1355.89,13.47,INR,2026-07-14 05:00:00
PAY000003637,ORD00004714,2026-01-11 08:00:00,PayU,success,2526.8,16.29,inr,2026-01-11 08:00:00
PAY000003638,ORD00008932,2026-06-14 18:00:00,Cashfree,Failed,1006.68,13.18,INR,2026-06-14 18:00:00
PAY000003639,ORD00011709,2026-06-10 12:00:00,Razorpay,Failed,825.01,3.41,INR,2026-06-10 12:00:00
PAY000003640,ORD00011726,2026-03-26 00:00:00,Stripe,success,1309.75,9.32,Rs,2026-03-26 00:00:00
PAY000003641,ORD00002803,2026-01-26 21:00:00,Cashfree,success,741.79,18.81,INR,2026-01-26 21:00:00
PAY000003642,ORD00005698,2026-07-17 23:00:00,Cashfree,success,864.69,34.18,INR,2026-07-17 23:00:00
PAY000003643,ORD00000871,2026-05-12 07:00:00,Stripe,success,831.64,2.78,INR,2026-05-12 07:00:00
PAY000003644,ORD00005817,2026-08-22 00:00:00,razorpay ,success,517.21,11.52,inr,2026-08-22 00:00:00
PAY000003645,ORD00003242,2026-04-02 15:00:00,Stripe,success,2963.2,11.86,inr,2026-04-02 15:00:00
PAY000003646,ORD00009498,2026-08-01 15:00:00,PayU,success,995.72,9.73,INR,2026-08-01 15:00:00
PAY000003647,ORD00000805,2026-01-09 15:00:00,PayU,success,2563.12,20.61,INR,2026-01-09 15:00:00
PAY000003648,ORD00007688,2026-05-29 21:00:00,Stripe,success,728.92,10.24,inr,2026-05-29 21:00:00
PAY000003649,ORD00004775,2026-08-19 03:00:00,Stripe,success,638.52,31.98,INR,2026-08-19 03:00:00
PAY000003650,ORD00002970,2026-08-18 17:00:00,Cashfree,success,1927.97,11.77,INR,2026-08-18 17:00:00
PAY000003651,ORD00009955,2026-01-14 20:00:00,razorpay ,success,1318.68,28.72,INR,2026-01-14 20:00:00
PAY000003652,ORD00004041,2026-02-25 15:00:00,Razorpay,success,1216.14,4.71,INR,2026-02-25 15:00:00
PAY000003653,ORD00004594,2026-02-01 00:00:00,Razorpay,success,965.58,3.23,INR,2026-02-01 00:00:00
PAY000003654,ORD00010010,2026-02-21 05:00:00,razorpay ,success,2465.49,34.86,Rs,2026-02-21 05:00:00
PAY000003655,ORD00011625,2026-03-06 03:00:00,razorpay ,success,748.34,23.83,INR,2026-03-06 03:00:00
PAY000003656,ORD00003361,2026-06-16 21:00:00,Cashfree,success,2112.64,27.78,INR,2026-06-16 21:00:00
PAY000003657,ORD00003515,2026-04-04 14:00:00,Razorpay,success,2662.14,20.75,INR,2026-04-04 14:00:00
PAY000003658,ORD00010510,2026-01-06 20:00:00,Stripe,success,1173.47,15.45,INR,2026-01-06 20:00:00
PAY000003659,ORD00004485,2026-01-14 09:00:00,PayU,success,1469.77,34.05,INR,2026-01-14 09:00:00
PAY000003660,ORD00003354,2026-04-25 08:00:00,Cashfree,PENDING,881.04,12.47,INR,2026-04-25 08:00:00
PAY000003661,ORD00004513,2026-03-08 12:00:00,Cashfree,REFUNDED,1611.7,31.46,INR,2026-03-08 12:00:00
PAY000003662,ORD00009960,2026-01-24 05:00:00,Cashfree,success,1829.56,7.91,INR,2026-01-24 05:00:00
PAY000003663,ORD00003406,2026-05-24 10:00:00,Razorpay,success,844.94,19.0,INR,2026-05-24 10:00:00
PAY000003664,ORD00008915,2026-01-23 00:00:00,Cashfree,success,2136.78,4.46,INR,2026-01-23 00:00:00
PAY000003665,ORD00011904,2026-04-09 01:00:00,razorpay ,success,1036.09,28.69,INR,2026-04-09 01:00:00
PAY000003666,ORD00006085,2026-01-21 20:00:00,Razorpay,Failed,2625.55,5.28,INR,2026-01-21 20:00:00
PAY000003667,ORD00002181,2026-04-16 19:00:00,Cashfree,success,2033.63,29.69,INR,2026-04-16 19:00:00
PAY000003668,ORD00009303,2026-07-15 09:00:00,PayU,Failed,1290.34,7.81,INR,2026-07-15 09:00:00
PAY000003669,ORD00011586,2026-01-22 11:00:00,Cashfree,success,593.78,23.72,INR,2026-01-22 11:00:00
PAY000003670,ORD00000646,2026-05-23 10:00:00,Cashfree,Failed,492.19,32.26,INR,2026-05-23 10:00:00
PAY000003671,ORD00010524,2026-01-27 21:00:00,Razorpay,success,2089.95,12.11,INR,2026-01-27 21:00:00
PAY000003672,ORD00007683,2026-04-11 04:00:00,Cashfree,success,4846.06,28.61,INR,2026-04-11 04:00:00
PAY000003673,ORD00009015,2026-01-03 23:00:00,Cashfree,Failed,584.46,25.9,INR,2026-01-03 23:00:00
PAY000003674,ORD00005384,2026-03-21 17:00:00,Cashfree,success,547.98,3.07,inr,2026-03-21 17:00:00
PAY000003675,ORD00009761,2026-01-28 01:00:00,razorpay ,success,1388.51,33.02,INR,2026-01-28 01:00:00
PAY000003676,ORD00002187,2026-08-17 01:00:00,Stripe,success,408.08,10.41,INR,2026-08-17 01:00:00
PAY000003677,ORD00010535,2026-07-03 07:00:00,Stripe,Failed,1091.67,7.2,INR,2026-07-03 07:00:00
PAY000003678,ORD00008800,2026-02-08 10:00:00,Razorpay,success,998.77,6.09,INR,2026-02-08 10:00:00
PAY000003679,ORD00009566,2026-08-17 08:00:00,Razorpay,Failed,791.01,11.28,INR,2026-08-17 08:00:00
PAY000003680,ORD00009922,2026-08-26 02:00:00,Cashfree,success,745.45,2.0,INR,2026-08-26 02:00:00
PAY000003681,ORD00010909,2026-03-19 00:00:00,Cashfree,success,2164.15,3.47,Rs,2026-03-19 00:00:00
PAY000003682,ORD00011717,2026-08-02 08:00:00,razorpay ,success,1029.4,30.99,INR,2026-08-02 08:00:00
PAY000003683,ORD00006520,2026-08-24 14:00:00,PayU,PENDING,457.03,3.85,inr,2026-08-24 14:00:00
PAY000003684,ORD00004296,2026-04-28 02:00:00,Cashfree,success,552.31,11.51,INR,2026-04-28 02:00:00
PAY000003685,ORD00011776,2026-05-17 19:00:00,Stripe,success,816.46,3.23,INR,2026-05-17 19:00:00
PAY000003686,ORD00011773,2026-07-23 12:00:00,razorpay ,success,1498.68,30.53,INR,2026-07-23 12:00:00
PAY000003687,ORD00000347,2026-02-12 05:00:00,PayU,success,512.95,22.21,inr,2026-02-12 05:00:00
PAY000003688,ORD00001727,2026-07-12 08:00:00,Cashfree,Failed,1164.75,21.06,inr,2026-07-12 08:00:00
PAY000003689,ORD00000071,2026-04-17 13:00:00,Razorpay,REFUNDED,1536.63,22.51,INR,2026-04-17 13:00:00
PAY000003690,ORD00009179,2026-05-28 22:00:00,razorpay ,success,1308.31,19.25,INR,2026-05-28 22:00:00
PAY000003691,ORD00007751,2026-01-06 00:00:00,PayU,success,1185.77,20.18,INR,2026-01-06 00:00:00
PAY000003692,ORD00006912,2026-03-17 07:00:00,razorpay ,success,528.51,26.8,inr,2026-03-17 07:00:00
PAY000003693,ORD00009204,2026-04-20 18:00:00,PayU,success,3059.03,8.07,INR,2026-04-20 18:00:00
PAY000003694,ORD00005426,2026-08-04 19:00:00,PayU,success,1069.42,18.33,INR,2026-08-04 19:00:00
PAY000003695,ORD00001306,2026-03-10 08:00:00,Stripe,success,810.04,7.11,INR,2026-03-10 08:00:00
PAY000003696,ORD00000212,2026-05-29 06:00:00,razorpay ,success,1166.1,23.47,INR,2026-05-29 06:00:00
PAY000003697,ORD00003716,2026-02-24 22:00:00,PayU,Failed,1228.02,11.26,INR,2026-02-24 22:00:00
PAY000003698,ORD00002231,2026-03-03 23:00:00,Cashfree,PENDING,635.46,18.61,INR,2026-03-03 23:00:00
PAY000003699,ORD00005380,2026-08-14 06:00:00,razorpay ,success,1755.2,5.68,inr,2026-08-14 06:00:00
PAY000003700,ORD00000651,2026-08-19 05:00:00,Razorpay,Failed,1812.2,24.28,Rs,2026-08-19 05:00:00
PAY000003701,ORD00002044,2026-05-30 12:00:00,Stripe,success,1327.38,11.48,inr,2026-05-30 12:00:00
PAY000003702,ORD00004041,2026-08-27 06:00:00,Razorpay,success,1360.54,2.82,INR,2026-08-27 06:00:00
PAY000003703,ORD00001750,2026-01-21 08:00:00,razorpay ,success,1595.21,6.05,INR,2026-01-21 08:00:00
PAY000003704,ORD00001719,2026-02-16 20:00:00,razorpay ,success,2218.43,15.92,INR,2026-02-16 20:00:00
PAY000003705,ORD00006742,2026-01-08 19:00:00,Razorpay,Failed,3370.81,15.33,INR,2026-01-08 19:00:00
PAY000003706,ORD00007141,2026-01-29 00:00:00,Razorpay,success,837.15,15.3,INR,2026-01-29 00:00:00
PAY000003707,ORD00001502,2026-08-21 13:00:00,Stripe,success,5937.31,4.33,INR,2026-08-21 13:00:00
PAY000003708,ORD00003462,2026-02-04 20:00:00,,success,753.38,10.95,inr,2026-02-04 20:00:00
PAY000003709,ORD00009207,2026-03-24 08:00:00,Cashfree,REFUNDED,2438.16,30.21,INR,2026-03-24 08:00:00
PAY000003710,ORD00006758,2026-07-05 23:00:00,Stripe,success,733.55,24.47,Rs,2026-07-05 23:00:00
PAY000003711,ORD00000264,2026-06-21 13:00:00,PayU,Failed,3524.44,30.53,INR,2026-06-21 13:00:00
PAY000003712,ORD00005324,2026-04-02 10:00:00,Razorpay,success,294.13,33.36,INR,2026-04-02 10:00:00
PAY000003713,ORD00011296,2026-01-28 20:00:00,Razorpay,success,278.46,12.86,INR,2026-01-28 20:00:00
PAY000003714,ORD00007790,2026-07-10 17:00:00,razorpay ,success,575.77,19.99,INR,2026-07-10 17:00:00
PAY000003715,ORD00006504,2026-01-16 13:00:00,Razorpay,success,1337.09,23.24,INR,2026-01-16 13:00:00
PAY000003716,ORD00003156,2026-05-04 00:00:00,Razorpay,success,1599.86,19.75,INR,2026-05-04 00:00:00
PAY000003717,ORD00010570,2026-06-23 06:00:00,razorpay ,success,2215.51,22.1,INR,2026-06-23 06:00:00
PAY000003718,ORD00004251,2026-08-25 18:00:00,Cashfree,success,560.6,2.06,INR,2026-08-25 18:00:00
PAY000003719,ORD00002110,2026-05-10 19:00:00,razorpay ,success,2411.58,19.33,INR,2026-05-10 19:00:00
PAY000003720,ORD00009314,2026-02-03 23:00:00,Razorpay,success,735.31,2.73,INR,2026-02-03 23:00:00
PAY000003721,ORD00001389,2026-03-22 02:00:00,razorpay ,success,680.4,6.42,INR,2026-03-22 02:00:00
PAY000003722,ORD00005792,2026-01-02 06:00:00,razorpay ,Failed,1384.91,20.93,INR,2026-01-02 06:00:00
PAY000003723,ORD00008745,2026-06-17 03:00:00,Razorpay,Failed,589.0,19.57,INR,2026-06-17 03:00:00
PAY000003724,ORD00004520,2026-01-18 12:00:00,PayU,success,1188.41,2.16,INR,2026-01-18 12:00:00
PAY000003725,ORD00010116,2026-02-26 19:00:00,Razorpay,success,978.66,23.0,INR,2026-02-26 19:00:00
PAY000003726,ORD00004069,2026-08-25 12:00:00,Stripe,Failed,820.66,34.28,INR,2026-08-25 12:00:00
PAY000003727,ORD00008704,2026-05-14 07:00:00,Razorpay,success,1377.83,23.16,INR,2026-05-14 07:00:00
PAY000003728,ORD00000175,2026-02-15 14:00:00,Razorpay,success,1556.36,10.65,INR,2026-02-15 14:00:00
PAY000003729,ORD00010170,2026-07-16 06:00:00,PayU,success,1999.1,12.45,INR,2026-07-16 06:00:00
PAY000003730,ORD00010227,2026-08-16 11:00:00,Cashfree,success,1395.39,33.5,INR,2026-08-16 11:00:00
PAY000003731,ORD00011201,2026-03-22 06:00:00,Cashfree,PENDING,474.0,30.82,INR,2026-03-22 06:00:00
PAY000003732,ORD00010071,2026-07-11 16:00:00,razorpay ,success,1306.45,15.05,INR,2026-07-11 16:00:00
PAY000003733,ORD00007829,2026-05-31 19:00:00,Razorpay,success,892.53,15.54,INR,2026-05-31 19:00:00
PAY000003734,ORD00006289,2026-01-20 13:00:00,Stripe,Failed,3257.56,22.74,INR,2026-01-20 13:00:00
PAY000003735,ORD00003451,2026-02-16 00:00:00,razorpay ,success,1216.66,5.47,INR,2026-02-16 00:00:00
PAY000003736,ORD00011143,2026-06-20 12:00:00,razorpay ,success,1637.24,11.14,INR,2026-06-20 12:00:00
PAY000003737,ORD00001176,2026-01-31 18:00:00,PayU,success,1412.24,14.25,INR,2026-01-31 18:00:00
PAY000003738,ORD00002118,2026-03-10 15:00:00,Cashfree,success,1068.64,11.85,Rs,2026-03-10 15:00:00
PAY000003739,ORD00006161,2026-06-22 08:00:00,Stripe,success,864.89,21.57,INR,2026-06-22 08:00:00
PAY000003740,ORD00002777,2026-03-05 17:00:00,Razorpay,success,1878.14,4.24,INR,2026-03-05 17:00:00
PAY000003741,ORD00011079,2026-06-06 09:00:00,PayU,success,283.51,29.47,INR,2026-06-06 09:00:00
PAY000003742,ORD00000069,2026-03-18 05:00:00,Razorpay,success,599.47,16.35,INR,2026-03-18 05:00:00
PAY000003743,ORD00005751,2026-04-18 15:00:00,Razorpay,success,1039.57,33.23,INR,2026-04-18 15:00:00
PAY000003744,ORD00011168,2026-06-14 04:00:00,razorpay ,success,1217.45,13.26,INR,2026-06-14 04:00:00
PAY000003745,ORD00003002,2026-03-11 05:00:00,Stripe,Failed,823.15,15.45,INR,2026-03-11 05:00:00
PAY000003746,ORD00003390,2026-05-27 11:00:00,PayU,PENDING,657.12,8.46,Rs,2026-05-27 11:00:00
PAY000003747,ORD00011720,2026-05-22 22:00:00,Stripe,REFUNDED,2554.75,21.9,INR,2026-05-22 22:00:00
PAY000003748,ORD00004473,2026-04-29 06:00:00,Cashfree,success,2041.6,3.7,inr,2026-04-29 06:00:00
PAY000003749,ORD00002788,2026-08-02 01:00:00,Cashfree,success,1777.56,32.52,INR,2026-08-02 01:00:00
PAY000003750,ORD00007541,2026-01-02 23:00:00,Cashfree,success,2428.95,24.51,INR,2026-01-02 23:00:00
PAY000003751,ORD00000615,2026-08-11 12:00:00,razorpay ,REFUNDED,846.49,27.71,INR,2026-08-11 12:00:00
PAY000003752,ORD00000125,2026-03-15 23:00:00,Stripe,success,853.11,2.23,INR,2026-03-15 23:00:00
PAY000003753,ORD00011427,2026-08-01 05:00:00,Stripe,success,1350.94,24.36,INR,2026-08-01 05:00:00
PAY000003754,ORD00011887,2026-01-04 22:00:00,Cashfree,success,2759.6,24.53,INR,2026-01-04 22:00:00
PAY000003755,ORD00010114,2026-07-13 13:00:00,PayU,success,429.38,28.41,INR,2026-07-13 13:00:00
PAY000003756,ORD00004770,2026-06-01 13:00:00,PayU,success,1875.11,10.41,Rs,2026-06-01 13:00:00
PAY000003757,ORD00007983,2026-03-18 21:00:00,razorpay ,success,1461.82,9.04,INR,2026-03-18 21:00:00
PAY000003758,ORD00004460,2026-06-15 14:00:00,Stripe,success,253.96,17.68,INR,2026-06-15 14:00:00
PAY000003759,ORD00011117,2026-02-22 10:00:00,PayU,success,935.09,14.59,Rs,2026-02-22 10:00:00
PAY000003760,ORD00001095,2026-01-16 08:00:00,razorpay ,PENDING,1066.1,2.92,INR,2026-01-16 08:00:00
PAY000003761,ORD00006393,2026-03-03 11:00:00,Stripe,success,1205.66,17.63,INR,2026-03-03 11:00:00
PAY000003762,ORD00010030,2026-07-13 10:00:00,Stripe,success,1353.94,10.15,INR,2026-07-13 10:00:00
PAY000003763,ORD00010659,2026-06-09 14:00:00,Cashfree,success,3035.28,8.92,INR,2026-06-09 14:00:00
PAY000003764,ORD00004377,2026-06-07 11:00:00,PayU,success,2237.52,20.89,inr,2026-06-07 11:00:00
PAY000003765,ORD00009653,2026-01-21 00:00:00,Razorpay,success,4002.63,28.11,INR,2026-01-21 00:00:00
PAY000003766,ORD00002791,2026-08-12 13:00:00,Razorpay,success,275.46,29.15,INR,2026-08-12 13:00:00
PAY000003767,ORD00007992,2026-07-22 10:00:00,razorpay ,Failed,546.63,3.33,inr,2026-07-22 10:00:00
PAY000003768,ORD00004474,2026-02-03 04:00:00,razorpay ,success,1769.37,33.91,INR,2026-02-03 04:00:00
PAY000003769,ORD00007103,2026-03-11 06:00:00,razorpay ,success,1450.49,7.87,INR,2026-03-11 06:00:00
PAY000003770,ORD00011558,2026-06-15 15:00:00,razorpay ,Failed,498.18,25.6,Rs,2026-06-15 15:00:00
PAY000003771,ORD00011736,2026-01-08 00:00:00,PayU,success,1736.15,18.76,INR,2026-01-08 00:00:00
PAY000003772,ORD00001516,2026-01-09 05:00:00,razorpay ,success,546.78,29.39,inr,2026-01-09 05:00:00
PAY000003773,ORD00001145,2026-02-13 22:00:00,razorpay ,Failed,3911.55,14.28,Rs,2026-02-13 22:00:00
PAY000003774,ORD00004984,2026-06-11 15:00:00,Razorpay,success,3359.92,32.69,INR,2026-06-11 15:00:00
PAY000003775,ORD00009059,2026-01-15 13:00:00,PayU,success,985.25,32.71,INR,2026-01-15 13:00:00
PAY000003776,ORD00011132,2026-06-06 09:00:00,Razorpay,Failed,3132.52,15.72,INR,2026-06-06 09:00:00
PAY000003777,ORD00003843,2026-06-08 21:00:00,razorpay ,success,763.44,30.09,INR,2026-06-08 21:00:00
PAY000003778,ORD00007740,2026-03-16 20:00:00,Razorpay,success,2781.49,21.31,INR,2026-03-16 20:00:00
PAY000003779,ORD00007238,2026-04-25 01:00:00,Cashfree,success,1204.05,21.25,Rs,2026-04-25 01:00:00
PAY000003780,ORD00004880,2026-07-15 11:00:00,Razorpay,Failed,513.41,16.03,INR,2026-07-15 11:00:00
PAY000003781,ORD00005102,2026-02-01 23:00:00,Razorpay,success,2526.46,13.95,INR,2026-02-01 23:00:00
PAY000003782,ORD00011106,2026-07-28 07:00:00,Cashfree,Failed,1693.51,30.52,INR,2026-07-28 07:00:00
PAY000003783,ORD00006349,2026-07-29 03:00:00,Stripe,PENDING,405.95,8.83,INR,2026-07-29 03:00:00
PAY000003784,ORD00001327,2026-01-11 12:00:00,PayU,PENDING,1583.39,21.22,INR,2026-01-11 12:00:00
PAY000003785,ORD00002208,2026-01-27 13:00:00,Stripe,success,1073.84,8.22,INR,2026-01-27 13:00:00
PAY000003786,ORD00006243,2026-02-22 07:00:00,Cashfree,PENDING,2249.28,17.74,INR,2026-02-22 07:00:00
PAY000003787,ORD00004663,2026-01-05 07:00:00,razorpay ,success,1200.68,27.52,INR,2026-01-05 07:00:00
PAY000003788,ORD00010489,2026-04-19 04:00:00,Cashfree,success,1877.83,33.19,Rs,2026-04-19 04:00:00
PAY000003789,ORD00007519,2026-07-11 15:00:00,Cashfree,success,1451.55,19.86,INR,2026-07-11 15:00:00
PAY000003790,ORD00007362,2026-01-09 14:00:00,PayU,success,695.82,28.27,INR,2026-01-09 14:00:00
PAY000003791,ORD00001718,2026-01-06 19:00:00,Razorpay,success,251.34,18.03,INR,2026-01-06 19:00:00
PAY000003792,ORD00000159,2026-02-05 01:00:00,Cashfree,success,645.39,20.54,Rs,2026-02-05 01:00:00
PAY000003793,ORD00007526,2026-03-08 13:00:00,razorpay ,success,1394.22,5.68,INR,2026-03-08 13:00:00
PAY000003794,ORD00009443,2026-05-14 08:00:00,Razorpay,success,3029.36,29.85,INR,2026-05-14 08:00:00
PAY000003795,ORD00002634,2026-01-11 07:00:00,Cashfree,success,2365.53,13.1,INR,2026-01-11 07:00:00
PAY000003796,ORD00010973,2026-05-15 03:00:00,PayU,Failed,4817.17,29.46,INR,2026-05-15 03:00:00
PAY000003797,ORD00006957,2026-03-02 06:00:00,Cashfree,success,535.94,4.86,INR,2026-03-02 06:00:00
PAY000003798,ORD00001878,2026-07-31 00:00:00,Razorpay,success,6494.32,9.64,INR,2026-07-31 00:00:00
PAY000003799,ORD00000020,2026-04-30 14:00:00,Razorpay,success,428.01,21.46,INR,2026-04-30 14:00:00
PAY000003800,ORD00000456,2026-04-04 20:00:00,razorpay ,success,506.5,31.13,INR,2026-04-04 20:00:00
PAY000003801,ORD00000694,2026-04-06 10:00:00,Stripe,Failed,1978.1,11.23,INR,2026-04-06 10:00:00
PAY000003802,ORD00009992,2026-07-30 02:00:00,Cashfree,success,1243.46,16.65,INR,2026-07-30 02:00:00
PAY000003803,ORD00003383,2026-04-06 16:00:00,PayU,success,1457.24,22.76,INR,2026-04-06 16:00:00
PAY000003804,ORD00010890,2026-07-31 16:00:00,razorpay ,success,1339.57,25.33,INR,2026-07-31 16:00:00
PAY000003805,ORD00007927,2026-06-02 12:00:00,Stripe,success,1392.12,25.95,Rs,2026-06-02 12:00:00
PAY000003806,ORD00003929,2026-06-18 18:00:00,Razorpay,success,539.57,15.8,inr,2026-06-18 18:00:00
PAY000003807,ORD00004704,2026-05-13 18:00:00,razorpay ,success,677.53,2.22,INR,2026-05-13 18:00:00
PAY000003808,ORD00005753,2026-03-20 18:00:00,Razorpay,success,4389.42,33.55,INR,2026-03-20 18:00:00
PAY000003809,ORD00007603,2026-03-27 20:00:00,Razorpay,success,521.63,25.28,INR,2026-03-27 20:00:00
PAY000003810,ORD00011081,2026-02-25 22:00:00,Cashfree,success,1356.6,13.32,INR,2026-02-25 22:00:00
PAY000003811,ORD00002687,2026-04-24 06:00:00,Razorpay,PENDING,997.48,9.14,INR,2026-04-24 06:00:00
PAY000003812,ORD00008873,2026-01-11 04:00:00,Razorpay,PENDING,2487.26,12.63,INR,2026-01-11 04:00:00
PAY000003813,ORD00002624,2026-02-23 07:00:00,PayU,PENDING,1397.42,18.53,INR,2026-02-23 07:00:00
PAY000003814,ORD00002303,2026-08-20 17:00:00,razorpay ,success,401.28,24.03,inr,2026-08-20 17:00:00
PAY000003815,ORD00002729,2026-07-25 08:00:00,,success,1419.99,18.45,INR,2026-07-25 08:00:00
PAY000003816,ORD00008768,2026-02-15 05:00:00,razorpay ,Failed,1244.36,6.36,INR,2026-02-15 05:00:00
PAY000003817,ORD00002202,2026-07-10 05:00:00,Razorpay,success,1724.97,5.63,INR,2026-07-10 05:00:00
PAY000003818,ORD00002634,2026-01-26 03:00:00,razorpay ,success,746.21,30.16,INR,2026-01-26 03:00:00
PAY000003819,ORD00002581,2026-01-20 01:00:00,PayU,success,667.67,22.12,INR,2026-01-20 01:00:00
PAY000003820,ORD00010965,2026-08-21 16:00:00,Stripe,Failed,634.4,12.61,INR,2026-08-21 16:00:00
PAY000003821,ORD00003909,2026-01-11 09:00:00,Razorpay,success,1841.88,32.01,INR,2026-01-11 09:00:00
PAY000003822,ORD00004680,2026-03-23 22:00:00,Stripe,success,337.81,15.42,inr,2026-03-23 22:00:00
PAY000003823,ORD00010484,2026-02-22 04:00:00,,success,1718.02,26.86,INR,2026-02-22 04:00:00
PAY000003824,ORD00002585,2026-06-13 23:00:00,,success,675.15,22.45,INR,2026-06-13 23:00:00
PAY000003825,ORD00010549,2026-02-13 15:00:00,Stripe,PENDING,406.98,7.3,INR,2026-02-13 15:00:00
PAY000003826,ORD00002943,2026-03-27 14:00:00,Stripe,success,447.21,5.23,INR,2026-03-27 14:00:00
PAY000003827,ORD00006458,2026-01-05 14:00:00,Stripe,Failed,2071.26,30.48,INR,2026-01-05 14:00:00
PAY000003828,ORD00000866,2026-08-23 13:00:00,razorpay ,success,708.22,14.48,INR,2026-08-23 13:00:00
PAY000003829,ORD00008297,2026-06-07 20:00:00,razorpay ,success,3261.34,13.19,INR,2026-06-07 20:00:00
PAY000003830,ORD00002501,2026-06-15 16:00:00,PayU,success,752.35,20.8,INR,2026-06-15 16:00:00
PAY000003831,ORD00000526,2026-08-04 15:00:00,razorpay ,REFUNDED,589.2,29.01,INR,2026-08-04 15:00:00
PAY000003832,ORD00005706,2026-08-09 07:00:00,Stripe,success,991.31,5.25,Rs,2026-08-09 07:00:00
PAY000003833,ORD00001320,2026-05-24 10:00:00,razorpay ,success,1189.17,2.16,INR,2026-05-24 10:00:00
PAY000003834,ORD00010854,2026-08-24 11:00:00,Cashfree,success,1748.67,32.18,INR,2026-08-24 11:00:00
PAY000003835,ORD00003647,2026-06-03 13:00:00,Stripe,success,792.8,3.53,INR,2026-06-03 13:00:00
PAY000003836,ORD00003945,2026-02-06 11:00:00,Razorpay,success,1056.05,9.81,INR,2026-02-06 11:00:00
PAY000003837,ORD00002084,2026-07-30 21:00:00,Cashfree,success,1196.01,21.2,INR,2026-07-30 21:00:00
PAY000003838,ORD00010045,2026-06-05 07:00:00,razorpay ,success,1761.02,30.91,INR,2026-06-05 07:00:00
PAY000003839,ORD00007360,2026-07-14 06:00:00,Razorpay,success,1731.34,6.58,INR,2026-07-14 06:00:00
PAY000003840,ORD00007310,2026-03-15 08:00:00,razorpay ,success,1330.19,2.27,INR,2026-03-15 08:00:00
PAY000003841,ORD00002311,2026-01-30 09:00:00,Cashfree,Failed,528.75,5.12,INR,2026-01-30 09:00:00
PAY000003842,ORD00008235,2026-03-23 05:00:00,Razorpay,Failed,365.76,19.64,inr,2026-03-23 05:00:00
PAY000003843,ORD00001852,2026-05-14 03:00:00,Stripe,Failed,1124.01,11.22,INR,2026-05-14 03:00:00
PAY000003844,ORD00003413,2026-07-21 09:00:00,razorpay ,success,3814.96,17.37,INR,2026-07-21 09:00:00
PAY000003845,ORD00008165,2026-06-05 21:00:00,Stripe,success,186.59,21.85,INR,2026-06-05 21:00:00
PAY000003846,ORD00007465,2026-02-20 15:00:00,PayU,success,2412.64,7.79,INR,2026-02-20 15:00:00
PAY000003847,ORD00009466,2026-02-19 06:00:00,PayU,Failed,1176.43,31.71,INR,2026-02-19 06:00:00
PAY000003848,ORD00001774,2026-04-02 00:00:00,Stripe,PENDING,2368.1,30.3,inr,2026-04-02 00:00:00
PAY000003849,ORD00002742,2026-04-01 04:00:00,PayU,PENDING,1399.57,3.29,inr,2026-04-01 04:00:00
PAY000003850,ORD00005555,2026-03-26 19:00:00,Razorpay,success,1440.01,27.79,INR,2026-03-26 19:00:00
PAY000003851,ORD00002479,2026-08-07 14:00:00,,Failed,728.78,7.81,INR,2026-08-07 14:00:00
PAY000003852,ORD00011035,2026-06-09 10:00:00,PayU,success,1401.55,26.05,INR,2026-06-09 10:00:00
PAY000003853,ORD00004793,2026-04-04 02:00:00,Razorpay,success,832.62,14.68,inr,2026-04-04 02:00:00
PAY000003854,ORD00010921,2026-01-24 18:00:00,razorpay ,success,1040.05,14.14,INR,2026-01-24 18:00:00
PAY000003855,ORD00001990,2026-03-29 23:00:00,Stripe,Failed,1110.86,34.42,INR,2026-03-29 23:00:00
PAY000003856,ORD00004301,2026-03-10 05:00:00,PayU,success,1388.99,9.47,INR,2026-03-10 05:00:00
PAY000003857,ORD00004104,2026-02-14 09:00:00,razorpay ,success,722.18,11.74,INR,2026-02-14 09:00:00
PAY000003858,ORD00011114,2026-02-09 07:00:00,Cashfree,PENDING,1317.47,5.1,INR,2026-02-09 07:00:00
PAY000003859,ORD00004514,2026-08-24 15:00:00,razorpay ,PENDING,247.68,3.5,inr,2026-08-24 15:00:00
PAY000003860,ORD00003121,2026-08-17 07:00:00,Cashfree,PENDING,1164.29,21.13,INR,2026-08-17 07:00:00
PAY000003861,ORD00003342,2026-07-22 18:00:00,Stripe,Failed,1584.32,34.33,INR,2026-07-22 18:00:00
PAY000003862,ORD00005743,2026-01-07 04:00:00,Cashfree,PENDING,796.92,2.39,INR,2026-01-07 04:00:00
PAY000003863,ORD00011390,2026-03-07 21:00:00,PayU,PENDING,1437.76,21.34,Rs,2026-03-07 21:00:00
PAY000003864,ORD00001096,2026-08-03 15:00:00,Stripe,success,3178.94,5.38,INR,2026-08-03 15:00:00
PAY000003865,ORD00000386,2026-07-16 02:00:00,razorpay ,success,550.95,5.4,inr,2026-07-16 02:00:00
PAY000003866,ORD00000250,2026-05-26 18:00:00,razorpay ,success,1446.76,17.45,INR,2026-05-26 18:00:00
PAY000003867,ORD00010038,2026-07-13 19:00:00,Cashfree,success,7396.18,19.72,INR,2026-07-13 19:00:00
PAY000003868,ORD00000380,2026-04-19 03:00:00,Razorpay,Failed,1297.25,32.84,INR,2026-04-19 03:00:00
PAY000003869,ORD00000516,2026-06-29 03:00:00,Cashfree,success,3366.85,9.78,INR,2026-06-29 03:00:00
PAY000003870,ORD00007029,2026-02-09 02:00:00,Razorpay,success,1753.78,10.55,INR,2026-02-09 02:00:00
PAY000003871,ORD00000156,2026-06-11 19:00:00,Stripe,success,920.78,33.1,INR,2026-06-11 19:00:00
PAY000003872,ORD00011685,2026-03-08 15:00:00,Cashfree,success,971.95,25.19,Rs,2026-03-08 15:00:00
PAY000003873,ORD00006713,2026-01-09 01:00:00,Cashfree,success,674.68,32.0,INR,2026-01-09 01:00:00
PAY000003874,ORD00009324,2026-04-19 04:00:00,Stripe,success,1599.28,5.38,INR,2026-04-19 04:00:00
PAY000003875,ORD00008470,2026-01-07 21:00:00,Stripe,success,911.99,27.3,INR,2026-01-07 21:00:00
PAY000003876,ORD00008486,2026-06-14 06:00:00,Stripe,success,693.78,15.15,INR,2026-06-14 06:00:00
PAY000003877,ORD00011543,2026-07-10 15:00:00,Cashfree,success,5663.97,28.16,INR,2026-07-10 15:00:00
PAY000003878,ORD00001357,2026-02-07 18:00:00,PayU,REFUNDED,337.22,14.25,INR,2026-02-07 18:00:00
PAY000003879,ORD00008864,2026-03-22 13:00:00,Cashfree,success,483.39,5.34,INR,2026-03-22 13:00:00
PAY000003880,ORD00008063,2026-05-04 15:00:00,Stripe,Failed,1465.6,21.68,inr,2026-05-04 15:00:00
PAY000003881,ORD00004808,2026-05-12 13:00:00,Stripe,success,623.9,24.92,Rs,2026-05-12 13:00:00
PAY000003882,ORD00001481,2026-08-10 07:00:00,Stripe,success,1532.37,34.82,INR,2026-08-10 07:00:00
PAY000003883,ORD00006997,2026-07-18 04:00:00,Cashfree,success,1204.26,24.42,INR,2026-07-18 04:00:00
PAY000003884,ORD00000332,2026-01-10 08:00:00,razorpay ,success,3825.5,31.47,INR,2026-01-10 08:00:00
PAY000003885,ORD00000682,2026-04-26 08:00:00,Stripe,success,311.04,2.27,INR,2026-04-26 08:00:00
PAY000003886,ORD00008211,2026-01-05 13:00:00,Razorpay,success,1001.39,24.4,INR,2026-01-05 13:00:00
PAY000003887,ORD00007406,2026-07-02 21:00:00,Razorpay,success,1677.93,13.11,INR,2026-07-02 21:00:00
PAY000003888,ORD00005218,2026-08-09 20:00:00,razorpay ,success,1306.56,8.16,INR,2026-08-09 20:00:00
PAY000003889,ORD00005490,2026-07-26 16:00:00,razorpay ,success,911.24,18.57,INR,2026-07-26 16:00:00
PAY000003890,ORD00003194,2026-05-29 03:00:00,Stripe,PENDING,345.07,8.52,INR,2026-05-29 03:00:00
PAY000003891,ORD00008273,2026-06-25 15:00:00,PayU,REFUNDED,1818.48,13.82,inr,2026-06-25 15:00:00
PAY000003892,ORD00009927,2026-07-26 20:00:00,Cashfree,PENDING,1150.32,4.85,INR,2026-07-26 20:00:00
PAY000003893,ORD00006563,2026-05-12 13:00:00,razorpay ,success,1019.82,9.57,INR,2026-05-12 13:00:00
PAY000003894,ORD00001574,2026-04-15 13:00:00,Cashfree,success,3428.12,4.76,INR,2026-04-15 13:00:00
PAY000003895,ORD00004651,2026-01-22 02:00:00,razorpay ,success,3971.43,5.99,INR,2026-01-22 02:00:00
PAY000003896,ORD00010516,2026-03-06 09:00:00,Stripe,success,1269.76,13.76,Rs,2026-03-06 09:00:00
PAY000003897,ORD00010317,2026-03-26 17:00:00,razorpay ,success,1732.12,10.17,INR,2026-03-26 17:00:00
PAY000003898,ORD00011255,2026-07-23 20:00:00,Cashfree,Failed,1438.27,33.77,INR,2026-07-23 20:00:00
PAY000003899,ORD00007433,2026-02-17 08:00:00,Cashfree,success,712.35,2.15,INR,2026-02-17 08:00:00
PAY000003900,ORD00003427,2026-07-27 20:00:00,Razorpay,success,340.03,25.35,INR,2026-07-27 20:00:00
PAY000003901,ORD00003851,2026-02-04 04:00:00,PayU,Failed,1629.31,5.57,INR,2026-02-04 04:00:00
PAY000003902,ORD00002799,2026-05-17 10:00:00,razorpay ,success,2123.06,16.96,inr,2026-05-17 10:00:00
PAY000003903,ORD00009256,2026-05-20 10:00:00,razorpay ,success,756.76,23.55,INR,2026-05-20 10:00:00
PAY000003904,ORD00006533,2026-03-25 14:00:00,PayU,success,1076.62,21.82,INR,2026-03-25 14:00:00
PAY000003905,ORD00007745,2026-04-09 09:00:00,Razorpay,success,1340.36,4.59,INR,2026-04-09 09:00:00
PAY000003906,ORD00004241,2026-04-24 23:00:00,Stripe,success,1276.38,2.92,INR,2026-04-24 23:00:00
PAY000003907,ORD00011229,2026-03-26 10:00:00,Cashfree,success,171.77,5.46,inr,2026-03-26 10:00:00
PAY000003908,ORD00010388,2026-08-07 18:00:00,Razorpay,success,1689.99,5.24,INR,2026-08-07 18:00:00
PAY000003909,ORD00003303,2026-04-03 16:00:00,Razorpay,success,809.52,27.5,INR,2026-04-03 16:00:00
PAY000003910,ORD00001593,2026-07-28 17:00:00,Cashfree,Failed,1827.12,21.5,INR,2026-07-28 17:00:00
PAY000003911,ORD00008552,2026-04-22 19:00:00,Stripe,success,639.91,28.11,INR,2026-04-22 19:00:00
PAY000003912,ORD00011532,2026-02-23 22:00:00,Cashfree,success,1014.52,31.1,INR,2026-02-23 22:00:00
PAY000003913,ORD00002241,2026-06-24 19:00:00,razorpay ,success,1602.66,25.76,INR,2026-06-24 19:00:00
PAY000003914,ORD00011611,2026-02-25 19:00:00,Razorpay,success,1917.74,32.81,INR,2026-02-25 19:00:00
PAY000003915,ORD00003989,2026-06-11 09:00:00,Razorpay,success,1427.05,4.08,INR,2026-06-11 09:00:00
PAY000003916,ORD00001623,2026-03-10 08:00:00,Cashfree,success,3774.66,22.61,INR,2026-03-10 08:00:00
PAY000003917,ORD00001789,2026-02-14 14:00:00,PayU,success,1090.21,3.51,INR,2026-02-14 14:00:00
PAY000003918,ORD00002173,2026-05-07 08:00:00,razorpay ,success,553.03,10.39,INR,2026-05-07 08:00:00
PAY000003919,ORD00003914,2026-07-01 04:00:00,Cashfree,success,1494.54,29.57,INR,2026-07-01 04:00:00
PAY000003920,ORD00003723,2026-08-13 01:00:00,Cashfree,success,1047.12,21.12,INR,2026-08-13 01:00:00
PAY000003921,ORD00007141,2026-01-05 10:00:00,PayU,success,392.93,24.19,INR,2026-01-05 10:00:00
PAY000003922,ORD00009025,2026-01-13 09:00:00,Stripe,PENDING,962.01,27.61,INR,2026-01-13 09:00:00
PAY000003923,ORD00006047,2026-05-04 21:00:00,Cashfree,success,1131.21,6.38,INR,2026-05-04 21:00:00
PAY000003924,ORD00010636,2026-03-02 07:00:00,Razorpay,success,348.5,20.55,INR,2026-03-02 07:00:00
PAY000003925,ORD00008144,2026-03-09 08:00:00,,success,2076.65,18.16,INR,2026-03-09 08:00:00
PAY000003926,ORD00009756,2026-01-10 15:00:00,razorpay ,success,1131.73,5.13,INR,2026-01-10 15:00:00
PAY000003927,ORD00009827,2026-02-02 21:00:00,PayU,success,1761.53,7.72,INR,2026-02-02 21:00:00
PAY000003928,ORD00003246,2026-02-19 19:00:00,razorpay ,success,922.17,32.07,INR,2026-02-19 19:00:00
PAY000003929,ORD00002922,2026-05-28 16:00:00,Cashfree,success,563.77,20.49,inr,2026-05-28 16:00:00
PAY000003930,ORD00003520,2026-05-03 20:00:00,Cashfree,success,1705.67,33.22,Rs,2026-05-03 20:00:00
PAY000003931,ORD00003156,2026-05-12 09:00:00,Cashfree,Failed,1018.22,8.91,inr,2026-05-12 09:00:00
PAY000003932,ORD00003976,2026-01-16 10:00:00,Stripe,PENDING,780.0,14.55,INR,2026-01-16 10:00:00
PAY000003933,ORD00007469,2026-01-11 23:00:00,Stripe,success,3483.86,23.75,INR,2026-01-11 23:00:00
PAY000003934,ORD00010202,2026-05-28 13:00:00,Cashfree,success,970.28,14.52,inr,2026-05-28 13:00:00
PAY000003935,ORD00000022,2026-08-12 01:00:00,Stripe,success,1101.96,21.78,INR,2026-08-12 01:00:00
PAY000003936,ORD00002756,2026-06-09 01:00:00,Razorpay,PENDING,2242.37,21.64,INR,2026-06-09 01:00:00
PAY000003937,ORD00005124,2026-05-19 10:00:00,PayU,success,371.39,17.34,INR,2026-05-19 10:00:00
PAY000003938,ORD00002982,2026-03-21 15:00:00,Razorpay,success,1706.14,25.67,INR,2026-03-21 15:00:00
PAY000003939,ORD00001271,2026-03-24 13:00:00,Stripe,success,1524.82,5.73,INR,2026-03-24 13:00:00
PAY000003940,ORD00006703,2026-05-25 13:00:00,razorpay ,success,1815.3,17.16,INR,2026-05-25 13:00:00
PAY000003941,ORD00011957,2026-04-08 16:00:00,Stripe,success,1323.84,33.37,INR,2026-04-08 16:00:00
PAY000003942,ORD00007761,2026-03-26 16:00:00,Cashfree,success,793.34,24.7,INR,2026-03-26 16:00:00
PAY000003943,ORD00011497,2026-08-04 01:00:00,PayU,Failed,872.7,22.13,INR,2026-08-04 01:00:00
PAY000003944,ORD00006917,2026-02-18 21:00:00,PayU,success,1604.58,19.9,INR,2026-02-18 21:00:00
PAY000003945,ORD00005076,2026-07-30 10:00:00,razorpay ,success,1294.02,22.51,INR,2026-07-30 10:00:00
PAY000003946,ORD00004912,2026-03-09 16:00:00,Cashfree,success,1293.75,6.3,INR,2026-03-09 16:00:00
PAY000003947,ORD00003301,2026-03-27 07:00:00,razorpay ,success,1657.0,6.74,INR,2026-03-27 07:00:00
PAY000003948,ORD00006543,2026-04-21 23:00:00,Stripe,success,5344.33,9.95,inr,2026-04-21 23:00:00
PAY000003949,ORD00010951,2026-03-09 20:00:00,Cashfree,success,2830.6,15.98,INR,2026-03-09 20:00:00
PAY000003950,ORD00011843,2026-08-13 20:00:00,Stripe,success,242.63,33.96,INR,2026-08-13 20:00:00
PAY000003951,ORD00007689,2026-04-30 04:00:00,Cashfree,success,1466.63,25.34,INR,2026-04-30 04:00:00
PAY000003952,ORD00008503,2026-07-18 01:00:00,Cashfree,PENDING,738.48,20.31,inr,2026-07-18 01:00:00
PAY000003953,ORD00001055,2026-03-03 06:00:00,razorpay ,success,1234.5,18.68,INR,2026-03-03 06:00:00
PAY000003954,ORD00007920,2026-04-29 13:00:00,PayU,success,1176.3,22.52,INR,2026-04-29 13:00:00
PAY000003955,ORD00008925,2026-02-26 15:00:00,Razorpay,success,815.38,2.94,inr,2026-02-26 15:00:00
PAY000003956,ORD00005818,2026-05-18 14:00:00,razorpay ,success,1331.8,27.75,INR,2026-05-18 14:00:00
PAY000003957,ORD00002048,2026-02-01 12:00:00,PayU,success,872.04,8.35,INR,2026-02-01 12:00:00
PAY000003958,ORD00002138,2026-02-27 19:00:00,Cashfree,success,5112.13,22.85,INR,2026-02-27 19:00:00
PAY000003959,ORD00011599,2026-03-31 10:00:00,PayU,Failed,1623.77,3.83,INR,2026-03-31 10:00:00
PAY000003960,ORD00008313,2026-05-29 18:00:00,Stripe,success,1631.03,18.0,INR,2026-05-29 18:00:00
PAY000003961,ORD00006405,2026-06-01 19:00:00,razorpay ,success,1639.08,11.72,INR,2026-06-01 19:00:00
PAY000003962,ORD00009578,2026-08-16 04:00:00,Razorpay,Failed,334.43,24.35,INR,2026-08-16 04:00:00
PAY000003963,ORD00005445,2026-07-05 07:00:00,Stripe,success,495.47,25.34,INR,2026-07-05 07:00:00
PAY000003964,ORD00002683,2026-04-13 13:00:00,razorpay ,REFUNDED,1489.66,20.72,INR,2026-04-13 13:00:00
PAY000003965,ORD00002863,2026-03-22 06:00:00,Razorpay,success,757.68,33.7,INR,2026-03-22 06:00:00
PAY000003966,ORD00003670,2026-01-28 05:00:00,razorpay ,success,953.34,4.11,INR,2026-01-28 05:00:00
PAY000003967,ORD00008858,2026-03-20 15:00:00,razorpay ,Failed,729.47,21.68,inr,2026-03-20 15:00:00
PAY000003968,ORD00001802,2026-06-11 22:00:00,razorpay ,success,872.6,17.49,INR,2026-06-11 22:00:00
PAY000003969,ORD00001600,2026-03-05 03:00:00,razorpay ,success,1567.47,32.26,INR,2026-03-05 03:00:00
PAY000003970,ORD00007935,2026-05-04 22:00:00,razorpay ,success,1495.83,18.85,INR,2026-05-04 22:00:00
PAY000003971,ORD00000595,2026-01-12 17:00:00,PayU,success,983.67,15.74,inr,2026-01-12 17:00:00
PAY000003972,ORD00003470,2026-06-20 04:00:00,Stripe,success,1837.61,20.39,INR,2026-06-20 04:00:00
PAY000003973,ORD00009127,2026-05-20 05:00:00,PayU,success,570.03,26.22,INR,2026-05-20 05:00:00
PAY000003974,ORD00006588,2026-04-17 17:00:00,,success,751.31,3.96,INR,2026-04-17 17:00:00
PAY000003975,ORD00011467,2026-07-25 14:00:00,Stripe,success,1045.35,14.35,INR,2026-07-25 14:00:00
PAY000003976,ORD00009748,2026-02-05 08:00:00,Cashfree,success,1188.74,34.07,INR,2026-02-05 08:00:00
PAY000003977,ORD00001738,2026-01-06 20:00:00,razorpay ,success,403.61,28.11,INR,2026-01-06 20:00:00
PAY000003978,ORD00009226,2026-04-02 23:00:00,razorpay ,success,1140.68,27.81,INR,2026-04-02 23:00:00
PAY000003979,ORD00001229,2026-01-18 21:00:00,PayU,success,2707.67,19.61,inr,2026-01-18 21:00:00
PAY000003980,ORD00004106,2026-06-03 08:00:00,Cashfree,success,867.03,33.13,INR,2026-06-03 08:00:00
PAY000003981,ORD00003975,2026-07-21 00:00:00,razorpay ,success,517.84,27.91,INR,2026-07-21 00:00:00
PAY000003982,ORD00007900,2026-08-12 22:00:00,Stripe,PENDING,1752.16,22.0,INR,2026-08-12 22:00:00
PAY000003983,ORD00003018,2026-05-03 18:00:00,Razorpay,PENDING,243.21,16.21,inr,2026-05-03 18:00:00
PAY000003984,ORD00009088,2026-06-13 05:00:00,Cashfree,success,708.75,21.09,inr,2026-06-13 05:00:00
PAY000003985,ORD00008469,2026-03-14 00:00:00,Cashfree,success,884.42,7.48,INR,2026-03-14 00:00:00
PAY000003986,ORD00010100,2026-02-21 10:00:00,Razorpay,success,2193.36,21.67,INR,2026-02-21 10:00:00
PAY000003987,ORD00007854,2026-08-25 00:00:00,Razorpay,success,1789.87,14.63,Rs,2026-08-25 00:00:00
PAY000003988,ORD00006731,2026-01-13 05:00:00,Razorpay,success,472.26,23.93,Rs,2026-01-13 05:00:00
PAY000003989,ORD00005920,2026-01-30 19:00:00,Razorpay,Failed,385.46,9.51,INR,2026-01-30 19:00:00
PAY000003990,ORD00000029,2026-06-26 11:00:00,razorpay ,success,1828.11,3.84,INR,2026-06-26 11:00:00
PAY000003991,ORD00008145,2026-04-19 09:00:00,Razorpay,success,1952.69,30.06,INR,2026-04-19 09:00:00
PAY000003992,ORD00006810,2026-01-20 00:00:00,razorpay ,success,904.87,29.95,INR,2026-01-20 00:00:00
PAY000003993,ORD00000393,2026-01-07 05:00:00,razorpay ,REFUNDED,1178.32,27.58,INR,2026-01-07 05:00:00
PAY000003994,ORD00005556,2026-02-17 11:00:00,Razorpay,success,2559.11,15.19,INR,2026-02-17 11:00:00
PAY000003995,ORD00008979,2026-02-20 18:00:00,PayU,success,197.05,25.18,Rs,2026-02-20 18:00:00
PAY000003996,ORD00003480,2026-04-05 09:00:00,razorpay ,success,1615.13,33.95,INR,2026-04-05 09:00:00
PAY000003997,ORD00010098,2026-08-28 06:00:00,Razorpay,success,1741.04,12.85,INR,2026-08-28 06:00:00
PAY000003998,ORD00008996,2026-01-06 00:00:00,razorpay ,Failed,1249.55,6.86,INR,2026-01-06 00:00:00
PAY000003999,ORD00009191,2026-05-30 21:00:00,Cashfree,success,1208.89,29.64,INR,2026-05-30 21:00:00
PAY000004000,ORD00000598,2026-06-07 00:00:00,Stripe,success,1293.14,6.37,INR,2026-06-07 00:00:00
PAY000004001,ORD00005415,2026-06-03 03:00:00,PayU,success,795.08,17.2,INR,2026-06-03 03:00:00
PAY000004002,ORD00007482,2026-02-13 02:00:00,Cashfree,success,353.11,5.37,INR,2026-02-13 02:00:00
PAY000004003,ORD00006942,2026-03-18 15:00:00,Razorpay,success,1548.65,32.92,INR,2026-03-18 15:00:00
PAY000004004,ORD00009559,2026-07-18 05:00:00,Razorpay,success,645.0,10.68,INR,2026-07-18 05:00:00
PAY000004005,ORD00001063,2026-04-01 15:00:00,Cashfree,Failed,1016.58,6.09,Rs,2026-04-01 15:00:00
PAY000004006,ORD00001692,2026-06-26 18:00:00,PayU,success,1390.71,25.37,INR,2026-06-26 18:00:00
PAY000004007,ORD00000482,2026-07-09 18:00:00,Razorpay,success,1109.41,31.5,INR,2026-07-09 18:00:00
PAY000004008,ORD00004633,2026-06-23 08:00:00,Cashfree,success,737.84,8.03,INR,2026-06-23 08:00:00
PAY000004009,ORD00007549,2026-08-22 13:00:00,razorpay ,success,431.19,7.5,INR,2026-08-22 13:00:00
PAY000004010,ORD00010664,2026-06-02 16:00:00,Cashfree,success,523.71,14.36,INR,2026-06-02 16:00:00
PAY000004011,ORD00010709,2026-04-09 23:00:00,Razorpay,success,2089.58,31.85,INR,2026-04-09 23:00:00
PAY000004012,ORD00008700,2026-06-12 22:00:00,Cashfree,success,1588.84,19.67,INR,2026-06-12 22:00:00
PAY000004013,ORD00008414,2026-01-07 01:00:00,Cashfree,success,1826.39,28.4,INR,2026-01-07 01:00:00
PAY000004014,ORD00008888,2026-08-21 03:00:00,Cashfree,success,2587.97,21.46,INR,2026-08-21 03:00:00
PAY000004015,ORD00011182,2026-05-27 05:00:00,Razorpay,success,1278.91,16.61,inr,2026-05-27 05:00:00
PAY000004016,ORD00002825,2026-02-02 04:00:00,Stripe,success,3952.82,20.8,INR,2026-02-02 04:00:00
PAY000004017,ORD00000215,2026-08-03 01:00:00,Cashfree,success,2028.84,14.41,INR,2026-08-03 01:00:00
PAY000004018,ORD00010836,2026-01-08 00:00:00,razorpay ,success,1153.46,3.13,INR,2026-01-08 00:00:00
PAY000004019,ORD00005182,2026-07-28 18:00:00,Cashfree,success,1197.2,22.5,INR,2026-07-28 18:00:00
PAY000004020,ORD00009864,2026-06-25 02:00:00,razorpay ,PENDING,6483.94,28.45,INR,2026-06-25 02:00:00
PAY000004021,ORD00009293,2026-05-21 23:00:00,Razorpay,success,627.07,31.81,inr,2026-05-21 23:00:00
PAY000004022,ORD00003532,2026-03-05 14:00:00,razorpay ,success,914.94,19.54,INR,2026-03-05 14:00:00
PAY000004023,ORD00003039,2026-07-06 23:00:00,PayU,success,753.47,24.47,Rs,2026-07-06 23:00:00
PAY000004024,ORD00000718,2026-01-11 21:00:00,razorpay ,Failed,878.9,13.34,INR,2026-01-11 21:00:00
PAY000004025,ORD00006157,2026-02-01 12:00:00,razorpay ,success,1899.93,15.15,INR,2026-02-01 12:00:00
PAY000004026,ORD00009964,2026-01-01 23:00:00,razorpay ,PENDING,312.04,2.43,inr,2026-01-01 23:00:00
PAY000004027,ORD00002527,2026-05-05 21:00:00,PayU,success,2295.03,31.69,INR,2026-05-05 21:00:00
PAY000004028,ORD00011439,2026-08-09 17:00:00,Cashfree,success,490.14,8.85,INR,2026-08-09 17:00:00
PAY000004029,ORD00005923,2026-07-31 23:00:00,razorpay ,success,1999.98,10.72,Rs,2026-07-31 23:00:00
PAY000004030,ORD00001124,2026-08-01 21:00:00,Razorpay,success,493.98,18.98,INR,2026-08-01 21:00:00
PAY000004031,ORD00005596,2026-08-14 01:00:00,Razorpay,success,1142.06,12.86,INR,2026-08-14 01:00:00
PAY000004032,ORD00001120,2026-05-30 05:00:00,Cashfree,success,477.17,19.88,inr,2026-05-30 05:00:00
PAY000004033,ORD00004906,2026-01-03 09:00:00,Cashfree,success,2008.21,4.63,INR,2026-01-03 09:00:00
PAY000004034,ORD00006385,2026-06-20 01:00:00,Cashfree,success,1546.35,6.93,INR,2026-06-20 01:00:00
PAY000004035,ORD00008151,2026-03-30 23:00:00,Stripe,success,578.75,5.15,INR,2026-03-30 23:00:00
PAY000004036,ORD00005305,2026-08-15 02:00:00,Stripe,success,678.77,5.22,INR,2026-08-15 02:00:00
PAY000004037,ORD00007991,2026-01-30 23:00:00,Cashfree,success,1421.16,5.23,INR,2026-01-30 23:00:00
PAY000004038,ORD00007160,2026-01-10 21:00:00,razorpay ,success,717.1,19.25,INR,2026-01-10 21:00:00
PAY000004039,ORD00009398,2026-06-14 03:00:00,Cashfree,success,671.38,21.13,INR,2026-06-14 03:00:00
PAY000004040,ORD00004258,2026-02-17 23:00:00,Cashfree,success,4056.77,17.39,INR,2026-02-17 23:00:00
PAY000004041,ORD00005297,2026-06-04 00:00:00,razorpay ,Failed,643.27,9.19,inr,2026-06-04 00:00:00
PAY000004042,ORD00009082,2026-01-04 07:00:00,razorpay ,success,1051.71,22.61,INR,2026-01-04 07:00:00
PAY000004043,ORD00005240,2026-08-23 16:00:00,Stripe,success,699.0,30.56,INR,2026-08-23 16:00:00
PAY000004044,ORD00008168,2026-04-05 16:00:00,PayU,success,731.61,22.16,INR,2026-04-05 16:00:00
PAY000004045,ORD00000511,2026-02-21 16:00:00,,success,1007.19,10.57,INR,2026-02-21 16:00:00
PAY000004046,ORD00003948,2026-05-12 03:00:00,PayU,Failed,788.32,10.95,INR,2026-05-12 03:00:00
PAY000004047,ORD00001335,2026-07-25 03:00:00,,success,1415.49,34.9,INR,2026-07-25 03:00:00
PAY000004048,ORD00004141,2026-01-22 22:00:00,razorpay ,success,919.97,18.48,inr,2026-01-22 22:00:00
PAY000004049,ORD00004417,2026-07-11 23:00:00,Stripe,success,997.61,22.26,inr,2026-07-11 23:00:00
PAY000004050,ORD00009579,2026-07-08 00:00:00,Stripe,success,1702.07,24.72,INR,2026-07-08 00:00:00
PAY000004051,ORD00005479,2026-05-28 06:00:00,razorpay ,success,1776.67,5.9,inr,2026-05-28 06:00:00
PAY000004052,ORD00004125,2026-05-19 00:00:00,Razorpay,success,1921.13,4.8,INR,2026-05-19 00:00:00
PAY000004053,ORD00001501,2026-08-04 04:00:00,Stripe,success,2077.51,3.22,INR,2026-08-04 04:00:00
PAY000004054,ORD00010749,2026-05-30 17:00:00,Stripe,success,2790.85,33.56,INR,2026-05-30 17:00:00
PAY000004055,ORD00003051,2026-08-08 23:00:00,Razorpay,PENDING,739.78,2.85,INR,2026-08-08 23:00:00
PAY000004056,ORD00001901,2026-05-05 10:00:00,Razorpay,success,1042.67,12.69,INR,2026-05-05 10:00:00
PAY000004057,ORD00005917,2026-05-17 15:00:00,Razorpay,success,1379.8,20.12,INR,2026-05-17 15:00:00
PAY000004058,ORD00004706,2026-02-21 04:00:00,PayU,success,878.05,18.81,Rs,2026-02-21 04:00:00
PAY000004059,ORD00011584,2026-05-19 12:00:00,Stripe,success,621.08,4.62,INR,2026-05-19 12:00:00
PAY000004060,ORD00007282,2026-05-28 19:00:00,razorpay ,success,1061.15,29.8,INR,2026-05-28 19:00:00
PAY000004061,ORD00008035,2026-05-27 00:00:00,razorpay ,success,1662.01,34.42,INR,2026-05-27 00:00:00
PAY000004062,ORD00007557,2026-05-07 10:00:00,razorpay ,REFUNDED,1528.95,6.22,INR,2026-05-07 10:00:00
PAY000004063,ORD00003343,2026-06-24 07:00:00,Razorpay,Failed,696.61,8.84,Rs,2026-06-24 07:00:00
PAY000004064,ORD00004450,2026-03-15 02:00:00,PayU,success,3758.36,20.11,INR,2026-03-15 02:00:00
PAY000004065,ORD00001956,2026-02-22 13:00:00,PayU,success,999.97,17.05,Rs,2026-02-22 13:00:00
PAY000004066,ORD00004960,2026-03-17 23:00:00,Razorpay,success,2332.09,20.78,Rs,2026-03-17 23:00:00
PAY000004067,ORD00006139,2026-02-07 22:00:00,Razorpay,REFUNDED,638.06,2.19,INR,2026-02-07 22:00:00
PAY000004068,ORD00001399,2026-03-22 18:00:00,Razorpay,PENDING,3574.66,30.23,inr,2026-03-22 18:00:00
PAY000004069,ORD00002690,2026-02-15 12:00:00,PayU,success,1420.46,9.9,INR,2026-02-15 12:00:00
PAY000004070,ORD00002069,2026-01-19 14:00:00,razorpay ,success,1679.37,33.08,INR,2026-01-19 14:00:00
PAY000004071,ORD00003736,2026-08-11 01:00:00,Stripe,success,1137.93,24.15,INR,2026-08-11 01:00:00
PAY000004072,ORD00002751,2026-03-27 06:00:00,razorpay ,success,1140.82,33.82,INR,2026-03-27 06:00:00
PAY000004073,ORD00008540,2026-04-19 23:00:00,razorpay ,success,2129.38,32.1,INR,2026-04-19 23:00:00
PAY000004074,ORD00010744,2026-06-15 09:00:00,Cashfree,success,3105.83,20.45,INR,2026-06-15 09:00:00
PAY000004075,ORD00006223,2026-04-04 21:00:00,PayU,success,1835.33,13.23,INR,2026-04-04 21:00:00
PAY000004076,ORD00002555,2026-01-15 00:00:00,Stripe,success,1374.66,4.87,INR,2026-01-15 00:00:00
PAY000004077,ORD00009512,2026-08-20 00:00:00,Cashfree,success,771.17,6.71,INR,2026-08-20 00:00:00
PAY000004078,ORD00000928,2026-08-21 02:00:00,Razorpay,success,2457.62,16.4,INR,2026-08-21 02:00:00
PAY000004079,ORD00005232,2026-08-08 19:00:00,PayU,success,663.7,16.82,INR,2026-08-08 19:00:00
PAY000004080,ORD00007860,2026-03-17 04:00:00,razorpay ,success,4359.51,30.82,INR,2026-03-17 04:00:00
PAY000004081,ORD00009418,2026-05-27 07:00:00,Stripe,Failed,395.99,30.66,INR,2026-05-27 07:00:00
PAY000004082,ORD00003319,2026-06-07 11:00:00,razorpay ,success,455.39,30.3,INR,2026-06-07 11:00:00
PAY000004083,ORD00000136,2026-06-25 04:00:00,PayU,success,1933.04,27.69,INR,2026-06-25 04:00:00
PAY000004084,ORD00000666,2026-04-03 23:00:00,Stripe,REFUNDED,781.05,17.44,inr,2026-04-03 23:00:00
PAY000004085,ORD00004021,2026-02-18 03:00:00,Cashfree,success,1812.33,14.51,INR,2026-02-18 03:00:00
PAY000004086,ORD00004943,2026-05-02 04:00:00,razorpay ,success,640.64,19.34,inr,2026-05-02 04:00:00
PAY000004087,ORD00000436,2026-08-17 00:00:00,Razorpay,success,1516.56,6.13,INR,2026-08-17 00:00:00
PAY000004088,ORD00009353,2026-04-15 10:00:00,Stripe,success,751.75,12.22,INR,2026-04-15 10:00:00
PAY000004089,ORD00008437,2026-04-26 21:00:00,Razorpay,success,1562.15,27.81,inr,2026-04-26 21:00:00
PAY000004090,ORD00005571,2026-07-29 01:00:00,Cashfree,success,2475.82,14.54,INR,2026-07-29 01:00:00
PAY000004091,ORD00008344,2026-07-06 23:00:00,Razorpay,success,1107.68,2.54,INR,2026-07-06 23:00:00
PAY000004092,ORD00004560,2026-08-03 04:00:00,Stripe,REFUNDED,609.5,10.17,INR,2026-08-03 04:00:00
PAY000004093,ORD00006274,2026-03-27 08:00:00,razorpay ,Failed,1083.11,33.39,INR,2026-03-27 08:00:00
PAY000004094,ORD00009872,2026-03-19 07:00:00,Cashfree,success,1098.22,17.53,INR,2026-03-19 07:00:00
PAY000004095,ORD00010666,2026-04-08 16:00:00,Cashfree,success,943.5,7.87,INR,2026-04-08 16:00:00
PAY000004096,ORD00007684,2026-07-10 02:00:00,PayU,success,677.95,30.38,INR,2026-07-10 02:00:00
PAY000004097,ORD00007833,2026-05-08 11:00:00,Cashfree,success,1372.77,24.53,INR,2026-05-08 11:00:00
PAY000004098,ORD00009114,2026-04-19 22:00:00,razorpay ,Failed,937.96,3.78,INR,2026-04-19 22:00:00
PAY000004099,ORD00007613,2026-01-22 09:00:00,Stripe,Failed,1058.28,18.82,INR,2026-01-22 09:00:00
PAY000004100,ORD00006318,2026-03-26 12:00:00,Cashfree,success,1019.3,14.91,INR,2026-03-26 12:00:00
PAY000004101,ORD00005794,2026-05-15 14:00:00,Razorpay,success,591.6,21.99,INR,2026-05-15 14:00:00
PAY000004102,ORD00009783,2026-02-21 16:00:00,Razorpay,success,566.19,27.26,INR,2026-02-21 16:00:00
PAY000004103,ORD00010100,2026-05-09 15:00:00,razorpay ,success,986.23,31.91,INR,2026-05-09 15:00:00
PAY000004104,ORD00007670,2026-05-17 01:00:00,Razorpay,REFUNDED,1346.28,32.61,INR,2026-05-17 01:00:00
PAY000004105,ORD00008922,2026-06-28 19:00:00,PayU,success,1027.15,26.39,Rs,2026-06-28 19:00:00
PAY000004106,ORD00006378,2026-05-05 09:00:00,Cashfree,Failed,887.99,28.41,INR,2026-05-05 09:00:00
PAY000004107,ORD00009550,2026-02-05 23:00:00,Stripe,success,1006.65,4.7,INR,2026-02-05 23:00:00
PAY000004108,ORD00003607,2026-04-30 06:00:00,Cashfree,success,821.32,34.49,INR,2026-04-30 06:00:00
PAY000004109,ORD00001572,2026-07-14 10:00:00,Stripe,success,721.24,34.08,INR,2026-07-14 10:00:00
PAY000004110,ORD00002427,2026-06-05 03:00:00,Cashfree,success,386.35,31.55,INR,2026-06-05 03:00:00
PAY000004111,ORD00005782,2026-08-21 11:00:00,Razorpay,success,998.86,5.17,INR,2026-08-21 11:00:00
PAY000004112,ORD00009496,2026-02-28 06:00:00,PayU,success,1551.72,17.57,Rs,2026-02-28 06:00:00
PAY000004113,ORD00006710,2026-01-10 02:00:00,PayU,success,2320.11,29.49,INR,2026-01-10 02:00:00
PAY000004114,ORD00003427,2026-02-10 11:00:00,Razorpay,success,255.66,34.4,INR,2026-02-10 11:00:00
PAY000004115,ORD00009153,2026-02-07 00:00:00,Stripe,Failed,1724.25,12.5,INR,2026-02-07 00:00:00
PAY000004116,ORD00008370,2026-04-24 10:00:00,Cashfree,success,1806.41,20.64,INR,2026-04-24 10:00:00
PAY000004117,ORD00000617,2026-08-09 02:00:00,PayU,success,7611.26,12.46,INR,2026-08-09 02:00:00
PAY000004118,ORD00005903,2026-02-11 23:00:00,Stripe,success,1333.86,30.32,inr,2026-02-11 23:00:00
PAY000004119,ORD00006251,2026-02-06 19:00:00,Cashfree,Failed,1352.49,18.03,inr,2026-02-06 19:00:00
PAY000004120,ORD00006730,2026-05-25 12:00:00,Stripe,Failed,1335.76,22.11,INR,2026-05-25 12:00:00
PAY000004121,ORD00008220,2026-06-30 10:00:00,razorpay ,success,966.53,30.41,INR,2026-06-30 10:00:00
PAY000004122,ORD00010410,2026-07-19 04:00:00,PayU,success,1893.39,32.93,INR,2026-07-19 04:00:00
PAY000004123,ORD00002381,2026-01-28 10:00:00,PayU,success,894.79,29.73,INR,2026-01-28 10:00:00
PAY000004124,ORD00002514,2026-04-12 10:00:00,Cashfree,success,1098.11,23.92,INR,2026-04-12 10:00:00
PAY000004125,ORD00003483,2026-04-08 02:00:00,Razorpay,success,1099.3,11.02,INR,2026-04-08 02:00:00
PAY000004126,ORD00010288,2026-07-18 14:00:00,Cashfree,success,2418.54,17.63,INR,2026-07-18 14:00:00
PAY000004127,ORD00007926,2026-07-28 21:00:00,Razorpay,success,1662.98,25.29,Rs,2026-07-28 21:00:00
PAY000004128,ORD00003946,2026-03-15 19:00:00,PayU,success,1432.53,12.45,INR,2026-03-15 19:00:00
PAY000004129,ORD00008557,2026-03-18 17:00:00,Stripe,success,5095.38,7.91,INR,2026-03-18 17:00:00
PAY000004130,ORD00009787,2026-01-18 13:00:00,Razorpay,success,923.98,17.17,INR,2026-01-18 13:00:00
PAY000004131,ORD00005150,2026-08-11 15:00:00,razorpay ,success,706.63,10.66,INR,2026-08-11 15:00:00
PAY000004132,ORD00007252,2026-08-19 11:00:00,razorpay ,REFUNDED,1556.26,20.61,INR,2026-08-19 11:00:00
PAY000004133,ORD00009076,2026-02-10 17:00:00,Stripe,success,1437.66,7.14,Rs,2026-02-10 17:00:00
PAY000004134,ORD00011607,2026-01-12 04:00:00,PayU,success,462.47,24.13,INR,2026-01-12 04:00:00
PAY000004135,ORD00007037,2026-01-15 10:00:00,Stripe,success,1061.71,32.58,Rs,2026-01-15 10:00:00
PAY000004136,ORD00002957,2026-01-12 04:00:00,Stripe,success,690.59,9.95,Rs,2026-01-12 04:00:00
PAY000004137,ORD00011489,2026-02-03 14:00:00,PayU,success,894.94,11.6,INR,2026-02-03 14:00:00
PAY000004138,ORD00011415,2026-01-09 01:00:00,Cashfree,Failed,1233.58,2.52,INR,2026-01-09 01:00:00
PAY000004139,ORD00010441,2026-05-29 16:00:00,Razorpay,success,2794.95,3.9,INR,2026-05-29 16:00:00
PAY000004140,ORD00001650,2026-08-28 01:00:00,Razorpay,PENDING,809.9,17.21,inr,2026-08-28 01:00:00
PAY000004141,ORD00011806,2026-05-03 22:00:00,Cashfree,success,1771.59,28.77,INR,2026-05-03 22:00:00
PAY000004142,ORD00011462,2026-05-21 03:00:00,PayU,success,2056.28,13.48,INR,2026-05-21 03:00:00
PAY000004143,ORD00007456,2026-01-06 16:00:00,Razorpay,REFUNDED,603.56,7.03,Rs,2026-01-06 16:00:00
PAY000004144,ORD00007750,2026-03-31 22:00:00,razorpay ,success,858.02,26.82,INR,2026-03-31 22:00:00
PAY000004145,ORD00011601,2026-05-30 04:00:00,Razorpay,success,1072.97,33.78,inr,2026-05-30 04:00:00
PAY000004146,ORD00002104,2026-03-20 15:00:00,Stripe,success,483.06,34.94,inr,2026-03-20 15:00:00
PAY000004147,ORD00001044,2026-06-02 11:00:00,Stripe,success,1007.02,13.43,INR,2026-06-02 11:00:00
PAY000004148,ORD00004774,2026-01-31 13:00:00,PayU,success,1921.62,5.77,INR,2026-01-31 13:00:00
PAY000004149,ORD00011888,2026-03-13 15:00:00,Razorpay,Failed,1190.36,5.36,INR,2026-03-13 15:00:00
PAY000004150,ORD00011889,2026-03-11 16:00:00,razorpay ,success,610.65,25.28,inr,2026-03-11 16:00:00
PAY000004151,ORD00005887,2026-02-23 00:00:00,razorpay ,success,1501.3,21.21,INR,2026-02-23 00:00:00
PAY000004152,ORD00001324,2026-03-25 03:00:00,Stripe,success,3053.45,10.28,INR,2026-03-25 03:00:00
PAY000004153,ORD00007980,2026-02-28 07:00:00,Razorpay,success,913.01,14.62,INR,2026-02-28 07:00:00
PAY000004154,ORD00004926,2026-07-21 09:00:00,Cashfree,success,2428.78,2.86,INR,2026-07-21 09:00:00
PAY000004155,ORD00000816,2026-02-15 07:00:00,razorpay ,success,1552.88,30.77,INR,2026-02-15 07:00:00
PAY000004156,ORD00006637,2026-07-19 19:00:00,Razorpay,success,474.41,9.68,INR,2026-07-19 19:00:00
PAY000004157,ORD00010710,2026-01-24 05:00:00,PayU,success,1060.27,30.04,INR,2026-01-24 05:00:00
PAY000004158,ORD00007262,2026-08-14 23:00:00,Razorpay,PENDING,1872.33,18.47,INR,2026-08-14 23:00:00
PAY000004159,ORD00001863,2026-01-14 21:00:00,Cashfree,success,1966.35,18.05,INR,2026-01-14 21:00:00
PAY000004160,ORD00003483,2026-05-08 19:00:00,razorpay ,REFUNDED,607.98,14.39,INR,2026-05-08 19:00:00
PAY000004161,ORD00004235,2026-03-15 06:00:00,PayU,success,988.67,9.29,Rs,2026-03-15 06:00:00
PAY000004162,ORD00007579,2026-02-05 03:00:00,razorpay ,success,430.92,15.53,INR,2026-02-05 03:00:00
PAY000004163,ORD00000386,2026-07-15 18:00:00,PayU,success,508.37,32.51,INR,2026-07-15 18:00:00
PAY000004164,ORD00009939,2026-06-08 15:00:00,Cashfree,success,244.44,19.36,INR,2026-06-08 15:00:00
PAY000004165,ORD00003130,2026-08-21 07:00:00,PayU,success,1834.5,11.86,INR,2026-08-21 07:00:00
PAY000004166,ORD00005102,2026-08-17 08:00:00,PayU,Failed,2013.78,22.94,INR,2026-08-17 08:00:00
PAY000004167,ORD00011555,2026-05-09 18:00:00,PayU,success,889.49,32.54,inr,2026-05-09 18:00:00
PAY000004168,ORD00008075,2026-04-26 12:00:00,Stripe,success,1926.84,21.27,INR,2026-04-26 12:00:00
PAY000004169,ORD00008159,2026-07-24 07:00:00,Cashfree,success,869.71,24.46,INR,2026-07-24 07:00:00
PAY000004170,ORD00006914,2026-08-13 13:00:00,PayU,success,2007.82,18.55,INR,2026-08-13 13:00:00
PAY000004171,ORD00007459,2026-01-20 10:00:00,Cashfree,Failed,1295.09,8.43,inr,2026-01-20 10:00:00
PAY000004172,ORD00011263,2026-08-14 09:00:00,razorpay ,success,2303.64,27.66,Rs,2026-08-14 09:00:00
PAY000004173,ORD00007244,2026-01-27 03:00:00,PayU,Failed,728.02,24.48,INR,2026-01-27 03:00:00
PAY000004174,ORD00011245,2026-03-10 00:00:00,Stripe,Failed,1981.55,19.54,INR,2026-03-10 00:00:00
PAY000004175,ORD00007229,2026-01-10 06:00:00,PayU,REFUNDED,1424.42,6.92,INR,2026-01-10 06:00:00
PAY000004176,ORD00004433,2026-01-22 18:00:00,Stripe,success,791.62,28.46,INR,2026-01-22 18:00:00
PAY000004177,ORD00006211,2026-06-09 03:00:00,razorpay ,success,938.61,23.0,INR,2026-06-09 03:00:00
PAY000004178,ORD00005145,2026-08-07 22:00:00,Cashfree,REFUNDED,470.56,32.29,INR,2026-08-07 22:00:00
PAY000004179,ORD00002895,2026-08-28 17:00:00,Cashfree,success,1603.77,7.25,INR,2026-08-28 17:00:00
PAY000004180,ORD00003116,2026-04-21 21:00:00,razorpay ,PENDING,1112.69,5.91,INR,2026-04-21 21:00:00
PAY000004181,ORD00011481,2026-04-29 19:00:00,Cashfree,success,1078.13,28.0,INR,2026-04-29 19:00:00
PAY000004182,ORD00006675,2026-04-12 09:00:00,PayU,success,655.4,2.22,INR,2026-04-12 09:00:00
PAY000004183,ORD00001386,2026-08-18 11:00:00,PayU,PENDING,806.42,18.16,INR,2026-08-18 11:00:00
PAY000004184,ORD00003111,2026-05-17 20:00:00,Stripe,success,1064.87,17.18,INR,2026-05-17 20:00:00
PAY000004185,ORD00004370,2026-03-08 11:00:00,razorpay ,success,560.07,19.77,INR,2026-03-08 11:00:00
PAY000004186,ORD00008338,2026-06-02 19:00:00,PayU,PENDING,1281.69,5.59,INR,2026-06-02 19:00:00
PAY000004187,ORD00009004,2026-02-20 02:00:00,PayU,success,522.71,11.66,INR,2026-02-20 02:00:00
PAY000004188,ORD00002630,2026-02-11 16:00:00,razorpay ,success,1732.29,10.28,INR,2026-02-11 16:00:00
PAY000004189,ORD00002908,2026-03-03 13:00:00,Razorpay,success,2074.96,5.77,INR,2026-03-03 13:00:00
PAY000004190,ORD00004948,2026-08-27 05:00:00,PayU,success,604.41,13.3,inr,2026-08-27 05:00:00
PAY000004191,ORD00011098,2026-02-10 18:00:00,Stripe,success,1230.85,3.03,INR,2026-02-10 18:00:00
PAY000004192,ORD00010877,2026-02-27 21:00:00,Cashfree,success,704.53,18.61,inr,2026-02-27 21:00:00
PAY000004193,ORD00010704,2026-04-29 13:00:00,Stripe,PENDING,520.93,8.82,INR,2026-04-29 13:00:00
PAY000004194,ORD00007279,2026-06-04 22:00:00,PayU,success,613.53,19.69,INR,2026-06-04 22:00:00
PAY000004195,ORD00006024,2026-05-06 08:00:00,razorpay ,success,620.65,3.61,inr,2026-05-06 08:00:00
PAY000004196,ORD00000288,2026-03-26 11:00:00,Cashfree,success,3188.24,20.23,Rs,2026-03-26 11:00:00
PAY000004197,ORD00007771,2026-05-20 05:00:00,Razorpay,success,1876.57,25.14,inr,2026-05-20 05:00:00
PAY000004198,ORD00005978,2026-01-19 07:00:00,Cashfree,success,2001.48,34.43,inr,2026-01-19 07:00:00
PAY000004199,ORD00009366,2026-07-01 02:00:00,PayU,PENDING,240.37,22.44,INR,2026-07-01 02:00:00
PAY000004200,ORD00009990,2026-07-15 10:00:00,Stripe,success,813.94,10.41,INR,2026-07-15 10:00:00
PAY000004201,ORD00011155,2026-08-19 04:00:00,Cashfree,success,714.62,29.45,INR,2026-08-19 04:00:00
PAY000004202,ORD00011965,2026-04-13 03:00:00,Stripe,PENDING,965.7,32.06,Rs,2026-04-13 03:00:00
PAY000004203,ORD00002511,2026-05-11 01:00:00,Razorpay,success,2097.29,18.08,INR,2026-05-11 01:00:00
PAY000004204,ORD00002821,2026-07-08 10:00:00,razorpay ,success,529.83,33.55,INR,2026-07-08 10:00:00
PAY000004205,ORD00007050,2026-04-10 03:00:00,Stripe,success,1266.72,13.57,INR,2026-04-10 03:00:00
PAY000004206,ORD00003340,2026-07-20 15:00:00,razorpay ,success,2439.86,10.18,INR,2026-07-20 15:00:00
PAY000004207,ORD00010101,2026-06-04 17:00:00,Cashfree,success,1443.31,13.21,INR,2026-06-04 17:00:00
PAY000004208,ORD00009693,2026-08-03 06:00:00,Cashfree,success,740.92,4.35,INR,2026-08-03 06:00:00
PAY000004209,ORD00005009,2026-05-12 13:00:00,Cashfree,success,1329.49,28.23,INR,2026-05-12 13:00:00
PAY000004210,ORD00008275,2026-04-14 06:00:00,Stripe,success,2142.55,10.78,INR,2026-04-14 06:00:00
PAY000004211,ORD00002644,2026-04-20 03:00:00,Razorpay,success,2300.74,25.06,INR,2026-04-20 03:00:00
PAY000004212,ORD00009778,2026-08-09 12:00:00,Razorpay,Failed,1305.06,14.48,INR,2026-08-09 12:00:00
PAY000004213,ORD00007653,2026-08-12 21:00:00,PayU,success,735.41,29.99,INR,2026-08-12 21:00:00
PAY000004214,ORD00008526,2026-04-04 04:00:00,Razorpay,PENDING,2005.83,5.66,INR,2026-04-04 04:00:00
PAY000004215,ORD00008151,2026-06-18 18:00:00,Stripe,success,1574.99,17.5,INR,2026-06-18 18:00:00
PAY000004216,ORD00003427,2026-01-11 17:00:00,Stripe,success,424.44,19.37,INR,2026-01-11 17:00:00
PAY000004217,ORD00002213,2026-05-03 17:00:00,PayU,success,128.3,32.11,Rs,2026-05-03 17:00:00
PAY000004218,ORD00005716,2026-04-03 08:00:00,razorpay ,success,896.65,31.18,INR,2026-04-03 08:00:00
PAY000004219,ORD00007312,2026-04-29 17:00:00,razorpay ,Failed,1066.72,7.19,inr,2026-04-29 17:00:00
PAY000004220,ORD00002064,2026-08-11 00:00:00,Cashfree,success,583.47,31.73,INR,2026-08-11 00:00:00
PAY000004221,ORD00008409,2026-02-09 11:00:00,Stripe,success,789.22,25.12,INR,2026-02-09 11:00:00
PAY000004222,ORD00009956,2026-01-22 02:00:00,Cashfree,success,1037.71,34.51,INR,2026-01-22 02:00:00
PAY000004223,ORD00000888,2026-04-22 13:00:00,razorpay ,success,1816.83,16.73,INR,2026-04-22 13:00:00
PAY000004224,ORD00002261,2026-03-01 19:00:00,Razorpay,success,725.57,21.26,INR,2026-03-01 19:00:00
PAY000004225,ORD00009944,2026-08-08 07:00:00,razorpay ,success,2081.23,27.16,INR,2026-08-08 07:00:00
PAY000004226,ORD00008461,2026-01-21 23:00:00,PayU,success,1419.9,29.07,Rs,2026-01-21 23:00:00
PAY000004227,ORD00008716,2026-06-12 13:00:00,Razorpay,Failed,1784.27,3.25,INR,2026-06-12 13:00:00
PAY000004228,ORD00003254,2026-08-16 09:00:00,Cashfree,success,1457.56,22.26,INR,2026-08-16 09:00:00
PAY000004229,ORD00007124,2026-08-04 12:00:00,Cashfree,success,748.06,13.99,INR,2026-08-04 12:00:00
PAY000004230,ORD00008445,2026-06-20 04:00:00,Stripe,success,1269.49,34.77,INR,2026-06-20 04:00:00
PAY000004231,ORD00010476,2026-08-25 15:00:00,Stripe,Failed,1236.4,23.36,INR,2026-08-25 15:00:00
PAY000004232,ORD00011534,2026-07-03 03:00:00,PayU,Failed,8415.29,24.93,INR,2026-07-03 03:00:00
PAY000004233,ORD00002804,2026-06-02 15:00:00,Razorpay,success,498.63,21.05,INR,2026-06-02 15:00:00
PAY000004234,ORD00003031,2026-01-06 20:00:00,Cashfree,success,1312.69,19.78,INR,2026-01-06 20:00:00
PAY000004235,ORD00004014,2026-03-02 08:00:00,Razorpay,success,4133.65,34.0,inr,2026-03-02 08:00:00
PAY000004236,ORD00007165,2026-03-22 13:00:00,PayU,success,599.32,12.68,INR,2026-03-22 13:00:00
PAY000004237,ORD00002425,2026-05-23 10:00:00,Stripe,Failed,1065.35,28.93,inr,2026-05-23 10:00:00
PAY000004238,ORD00003896,2026-01-08 13:00:00,razorpay ,success,1469.12,32.08,INR,2026-01-08 13:00:00
PAY000004239,ORD00008471,2026-03-22 10:00:00,Razorpay,success,243.52,4.43,inr,2026-03-22 10:00:00
PAY000004240,ORD00011688,2026-01-31 16:00:00,PayU,success,1388.8,10.41,INR,2026-01-31 16:00:00
PAY000004241,ORD00007514,2026-08-28 19:00:00,PayU,PENDING,850.85,9.87,INR,2026-08-28 19:00:00
PAY000004242,ORD00005228,2026-07-11 18:00:00,Razorpay,success,672.89,5.58,INR,2026-07-11 18:00:00
PAY000004243,ORD00009791,2026-06-30 06:00:00,Cashfree,success,1739.52,18.07,INR,2026-06-30 06:00:00
PAY000004244,ORD00000473,2026-05-31 04:00:00,PayU,success,489.33,12.59,INR,2026-05-31 04:00:00
PAY000004245,ORD00001876,2026-04-26 10:00:00,Stripe,success,4696.87,22.78,INR,2026-04-26 10:00:00
PAY000004246,ORD00004127,2026-06-03 03:00:00,PayU,success,1610.19,8.57,INR,2026-06-03 03:00:00
PAY000004247,ORD00005492,2026-04-04 00:00:00,Cashfree,success,2999.93,21.82,INR,2026-04-04 00:00:00
PAY000004248,ORD00006029,2026-05-11 06:00:00,Stripe,success,5019.73,15.89,INR,2026-05-11 06:00:00
PAY000004249,ORD00000812,2026-02-23 18:00:00,razorpay ,success,1779.42,18.29,INR,2026-02-23 18:00:00
PAY000004250,ORD00005558,2026-03-14 05:00:00,PayU,success,1658.76,5.58,INR,2026-03-14 05:00:00
PAY000004251,ORD00002093,2026-02-02 14:00:00,PayU,success,900.96,33.57,INR,2026-02-02 14:00:00
PAY000004252,ORD00009569,2026-01-26 10:00:00,razorpay ,REFUNDED,522.51,33.99,inr,2026-01-26 10:00:00
PAY000004253,ORD00009437,2026-04-17 18:00:00,Stripe,success,1003.16,14.65,INR,2026-04-17 18:00:00
PAY000004254,ORD00002614,2026-08-15 17:00:00,PayU,success,1165.74,32.51,INR,2026-08-15 17:00:00
PAY000004255,ORD00003583,2026-04-15 00:00:00,Stripe,success,2520.58,21.86,INR,2026-04-15 00:00:00
PAY000004256,ORD00010087,2026-04-30 08:00:00,razorpay ,Failed,3143.92,33.88,INR,2026-04-30 08:00:00
PAY000004257,ORD00002602,2026-02-06 17:00:00,Cashfree,PENDING,1225.93,23.76,INR,2026-02-06 17:00:00
PAY000004258,ORD00001626,2026-05-24 14:00:00,Cashfree,PENDING,1055.03,15.26,INR,2026-05-24 14:00:00
PAY000004259,ORD00003435,2026-07-30 03:00:00,Stripe,success,2258.12,7.78,INR,2026-07-30 03:00:00
PAY000004260,ORD00001809,2026-01-16 03:00:00,Stripe,success,582.99,20.3,INR,2026-01-16 03:00:00
PAY000004261,ORD00009766,2026-01-19 12:00:00,PayU,success,1786.75,15.2,INR,2026-01-19 12:00:00
PAY000004262,ORD00006220,2026-03-26 07:00:00,razorpay ,success,1589.01,27.97,INR,2026-03-26 07:00:00
PAY000004263,ORD00002933,2026-02-03 22:00:00,Stripe,success,1020.05,6.6,INR,2026-02-03 22:00:00
PAY000004264,ORD00011362,2026-02-08 18:00:00,Razorpay,Failed,894.42,3.63,INR,2026-02-08 18:00:00
PAY000004265,ORD00000832,2026-01-15 08:00:00,Razorpay,PENDING,1127.53,25.63,INR,2026-01-15 08:00:00
PAY000004266,ORD00010175,2026-08-19 07:00:00,Cashfree,success,977.18,7.6,INR,2026-08-19 07:00:00
PAY000004267,ORD00011789,2026-08-23 12:00:00,PayU,success,658.58,13.03,INR,2026-08-23 12:00:00
PAY000004268,ORD00005637,2026-08-15 17:00:00,Stripe,success,1844.52,18.26,INR,2026-08-15 17:00:00
PAY000004269,ORD00006065,2026-05-29 02:00:00,Cashfree,success,1559.19,4.38,INR,2026-05-29 02:00:00
PAY000004270,ORD00000635,2026-03-12 08:00:00,razorpay ,success,860.49,25.17,Rs,2026-03-12 08:00:00
PAY000004271,ORD00008978,2026-06-30 12:00:00,Razorpay,success,896.14,10.31,INR,2026-06-30 12:00:00
PAY000004272,ORD00005355,2026-02-21 15:00:00,PayU,success,2206.5,16.94,INR,2026-02-21 15:00:00
PAY000004273,ORD00010324,2026-05-19 22:00:00,Cashfree,success,1113.6,5.95,INR,2026-05-19 22:00:00
PAY000004274,ORD00008058,2026-06-26 21:00:00,Cashfree,success,1434.3,26.77,INR,2026-06-26 21:00:00
PAY000004275,ORD00005210,2026-05-12 14:00:00,PayU,success,16122.28,20.18,INR,2026-05-12 14:00:00
PAY000004276,ORD00004397,2026-06-16 15:00:00,Stripe,success,524.78,9.27,INR,2026-06-16 15:00:00
PAY000004277,ORD00003389,2026-04-06 00:00:00,razorpay ,success,281.51,2.29,INR,2026-04-06 00:00:00
PAY000004278,ORD00009148,2026-04-01 12:00:00,Razorpay,REFUNDED,907.56,16.86,Rs,2026-04-01 12:00:00
PAY000004279,ORD00005978,2026-06-08 08:00:00,Stripe,success,915.01,8.65,INR,2026-06-08 08:00:00
PAY000004280,ORD00001056,2026-06-05 07:00:00,Cashfree,PENDING,341.71,23.68,Rs,2026-06-05 07:00:00
PAY000004281,ORD00008939,2026-03-31 08:00:00,Cashfree,success,1076.44,27.74,inr,2026-03-31 08:00:00
PAY000004282,ORD00002213,2026-07-03 21:00:00,Stripe,success,1183.93,18.69,INR,2026-07-03 21:00:00
PAY000004283,ORD00007143,2026-06-25 12:00:00,Cashfree,success,1465.75,6.22,INR,2026-06-25 12:00:00
PAY000004284,ORD00003838,2026-07-23 07:00:00,Razorpay,success,1704.53,34.04,INR,2026-07-23 07:00:00
PAY000004285,ORD00011669,2026-04-28 22:00:00,razorpay ,success,1565.1,11.72,INR,2026-04-28 22:00:00
PAY000004286,ORD00006952,2026-05-30 09:00:00,PayU,success,422.02,33.59,INR,2026-05-30 09:00:00
PAY000004287,ORD00010697,2026-07-25 16:00:00,Cashfree,success,1123.5,13.58,Rs,2026-07-25 16:00:00
PAY000004288,ORD00000681,2026-03-08 22:00:00,Razorpay,success,735.38,5.95,INR,2026-03-08 22:00:00
PAY000004289,ORD00005563,2026-01-15 14:00:00,razorpay ,success,613.85,29.88,INR,2026-01-15 14:00:00
PAY000004290,ORD00004719,2026-08-19 02:00:00,razorpay ,success,460.04,16.16,INR,2026-08-19 02:00:00
PAY000004291,ORD00008712,2026-08-09 18:00:00,PayU,Failed,750.13,20.88,INR,2026-08-09 18:00:00
PAY000004292,ORD00000616,2026-03-23 12:00:00,PayU,success,1825.92,5.39,INR,2026-03-23 12:00:00
PAY000004293,ORD00008479,2026-06-14 00:00:00,Cashfree,success,1375.28,21.43,inr,2026-06-14 00:00:00
PAY000004294,ORD00010651,2026-01-18 04:00:00,PayU,success,362.45,33.95,INR,2026-01-18 04:00:00
PAY000004295,ORD00004197,2026-04-14 07:00:00,razorpay ,success,1840.74,9.53,INR,2026-04-14 07:00:00
PAY000004296,ORD00005618,2026-04-02 06:00:00,Stripe,REFUNDED,2377.12,19.49,INR,2026-04-02 06:00:00
PAY000004297,ORD00003822,2026-02-02 19:00:00,Razorpay,success,730.64,27.77,INR,2026-02-02 19:00:00
PAY000004298,ORD00009515,2026-08-12 05:00:00,Razorpay,success,1486.49,23.49,INR,2026-08-12 05:00:00
PAY000004299,ORD00003511,2026-06-02 15:00:00,Stripe,success,360.06,21.74,INR,2026-06-02 15:00:00
PAY000004300,ORD00011468,2026-08-03 20:00:00,Stripe,success,237.0,30.35,Rs,2026-08-03 20:00:00
PAY000004301,ORD00000279,2026-02-20 02:00:00,Cashfree,success,791.92,21.81,INR,2026-02-20 02:00:00
PAY000004302,ORD00003564,2026-02-17 08:00:00,PayU,success,1994.42,28.3,INR,2026-02-17 08:00:00
PAY000004303,ORD00006376,2026-01-13 16:00:00,razorpay ,success,1194.54,11.44,INR,2026-01-13 16:00:00
PAY000004304,ORD00007120,2026-02-20 07:00:00,razorpay ,success,822.69,13.92,INR,2026-02-20 07:00:00
PAY000004305,ORD00002880,2026-06-23 01:00:00,PayU,success,2209.37,28.37,INR,2026-06-23 01:00:00
PAY000004306,ORD00001650,2026-06-02 00:00:00,PayU,REFUNDED,2144.98,12.22,inr,2026-06-02 00:00:00
PAY000004307,ORD00003157,2026-02-23 06:00:00,Stripe,success,1101.7,29.22,INR,2026-02-23 06:00:00
PAY000004308,ORD00007580,2026-02-17 09:00:00,razorpay ,success,974.74,25.11,INR,2026-02-17 09:00:00
PAY000004309,ORD00011126,2026-05-18 19:00:00,Cashfree,success,1254.39,8.16,INR,2026-05-18 19:00:00
PAY000004310,ORD00011556,2026-01-13 15:00:00,Cashfree,Failed,3559.27,11.94,INR,2026-01-13 15:00:00
PAY000004311,ORD00010928,2026-01-30 01:00:00,razorpay ,PENDING,1286.2,31.73,INR,2026-01-30 01:00:00
PAY000004312,ORD00008447,2026-03-28 03:00:00,razorpay ,success,631.58,19.99,Rs,2026-03-28 03:00:00
PAY000004313,ORD00006273,2026-02-25 13:00:00,Razorpay,success,965.75,20.36,Rs,2026-02-25 13:00:00
PAY000004314,ORD00001770,2026-08-17 16:00:00,Razorpay,success,1696.87,24.85,INR,2026-08-17 16:00:00
PAY000004315,ORD00010690,2026-02-27 01:00:00,Cashfree,success,432.78,14.52,INR,2026-02-27 01:00:00
PAY000004316,ORD00010453,2026-05-10 09:00:00,razorpay ,Failed,1362.64,27.29,INR,2026-05-10 09:00:00
PAY000004317,ORD00009332,2026-08-24 11:00:00,PayU,success,660.47,21.38,INR,2026-08-24 11:00:00
PAY000004318,ORD00003225,2026-07-13 08:00:00,PayU,Failed,1170.18,32.21,INR,2026-07-13 08:00:00
PAY000004319,ORD00010690,2026-07-05 16:00:00,razorpay ,success,679.89,11.38,INR,2026-07-05 16:00:00
PAY000004320,ORD00007104,2026-02-09 11:00:00,Stripe,Failed,1731.12,2.88,INR,2026-02-09 11:00:00
PAY000004321,ORD00003411,2026-05-13 13:00:00,PayU,success,977.31,12.4,INR,2026-05-13 13:00:00
PAY000004322,ORD00002253,2026-03-23 23:00:00,razorpay ,success,1333.86,14.12,INR,2026-03-23 23:00:00
PAY000004323,ORD00004447,2026-04-21 20:00:00,PayU,success,1365.38,28.72,INR,2026-04-21 20:00:00
PAY000004324,ORD00000631,2026-08-14 07:00:00,Razorpay,success,1065.66,16.75,INR,2026-08-14 07:00:00
PAY000004325,ORD00010060,2026-01-20 23:00:00,Razorpay,success,1374.33,7.97,INR,2026-01-20 23:00:00
PAY000004326,ORD00010244,2026-02-03 10:00:00,razorpay ,success,500.62,8.67,INR,2026-02-03 10:00:00
PAY000004327,ORD00008149,2026-05-30 22:00:00,Cashfree,success,1493.02,33.41,inr,2026-05-30 22:00:00
PAY000004328,ORD00008843,2026-07-04 02:00:00,razorpay ,success,748.83,6.05,inr,2026-07-04 02:00:00
PAY000004329,ORD00009074,2026-03-19 17:00:00,PayU,success,907.73,11.96,INR,2026-03-19 17:00:00
PAY000004330,ORD00010248,2026-05-27 21:00:00,razorpay ,success,2481.11,5.85,inr,2026-05-27 21:00:00
PAY000004331,ORD00010435,2026-01-16 02:00:00,Cashfree,PENDING,922.39,15.83,INR,2026-01-16 02:00:00
PAY000004332,ORD00003906,2026-05-20 19:00:00,PayU,Failed,1336.18,4.31,INR,2026-05-20 19:00:00
PAY000004333,ORD00001471,2026-01-30 02:00:00,PayU,PENDING,1045.76,30.4,INR,2026-01-30 02:00:00
PAY000004334,ORD00002631,2026-06-07 11:00:00,Stripe,success,959.32,2.07,inr,2026-06-07 11:00:00
PAY000004335,ORD00008509,2026-08-03 10:00:00,Stripe,success,1221.49,31.1,INR,2026-08-03 10:00:00
PAY000004336,ORD00005006,2026-03-27 15:00:00,Stripe,Failed,1027.65,13.86,INR,2026-03-27 15:00:00
PAY000004337,ORD00000981,2026-07-03 14:00:00,PayU,success,753.59,11.51,INR,2026-07-03 14:00:00
PAY000004338,ORD00000185,2026-01-09 21:00:00,PayU,success,355.39,32.58,INR,2026-01-09 21:00:00
PAY000004339,ORD00006788,2026-03-02 23:00:00,Stripe,success,1210.24,33.93,INR,2026-03-02 23:00:00
PAY000004340,ORD00007406,2026-04-25 14:00:00,PayU,success,1117.52,10.3,INR,2026-04-25 14:00:00
PAY000004341,ORD00003232,2026-02-16 11:00:00,razorpay ,success,2585.68,14.32,inr,2026-02-16 11:00:00
PAY000004342,ORD00011067,2026-02-26 09:00:00,Razorpay,success,1462.46,12.52,INR,2026-02-26 09:00:00
PAY000004343,ORD00011439,2026-04-28 02:00:00,razorpay ,success,1369.78,14.15,INR,2026-04-28 02:00:00
PAY000004344,ORD00009707,2026-03-12 17:00:00,PayU,success,1754.03,21.76,INR,2026-03-12 17:00:00
PAY000004345,ORD00003000,2026-07-18 02:00:00,Stripe,Failed,1840.99,9.22,INR,2026-07-18 02:00:00
PAY000004346,ORD00006839,2026-02-28 19:00:00,Cashfree,success,903.77,12.16,INR,2026-02-28 19:00:00
PAY000004347,ORD00011064,2026-03-12 07:00:00,razorpay ,success,1280.53,4.07,INR,2026-03-12 07:00:00
PAY000004348,ORD00008657,2026-03-01 00:00:00,razorpay ,success,1112.51,13.24,INR,2026-03-01 00:00:00
PAY000004349,ORD00003837,2026-01-26 15:00:00,razorpay ,success,554.93,14.26,INR,2026-01-26 15:00:00
PAY000004350,ORD00004385,2026-05-18 10:00:00,Cashfree,success,1568.99,31.79,Rs,2026-05-18 10:00:00
PAY000004351,ORD00001372,2026-03-12 09:00:00,razorpay ,success,790.86,9.9,INR,2026-03-12 09:00:00
PAY000004352,ORD00009811,2026-06-25 11:00:00,Razorpay,success,2136.96,15.43,INR,2026-06-25 11:00:00
PAY000004353,ORD00002559,2026-05-10 23:00:00,Stripe,success,3670.78,33.08,INR,2026-05-10 23:00:00
PAY000004354,ORD00006280,2026-03-23 16:00:00,Razorpay,success,1642.76,27.92,INR,2026-03-23 16:00:00
PAY000004355,ORD00005842,2026-02-06 19:00:00,PayU,success,1793.98,12.92,INR,2026-02-06 19:00:00
PAY000004356,ORD00011399,2026-01-07 20:00:00,Razorpay,success,1248.97,24.46,INR,2026-01-07 20:00:00
PAY000004357,ORD00001490,2026-06-19 14:00:00,PayU,Failed,1233.57,21.03,INR,2026-06-19 14:00:00
PAY000004358,ORD00008893,2026-01-03 11:00:00,razorpay ,PENDING,335.67,12.35,INR,2026-01-03 11:00:00
PAY000004359,ORD00009916,2026-04-13 08:00:00,Razorpay,success,516.65,8.28,inr,2026-04-13 08:00:00
PAY000004360,ORD00002982,2026-04-22 07:00:00,Cashfree,Failed,362.73,6.35,inr,2026-04-22 07:00:00
PAY000004361,ORD00011550,2026-06-27 23:00:00,razorpay ,success,1899.34,25.57,INR,2026-06-27 23:00:00
PAY000004362,ORD00009887,2026-02-22 17:00:00,PayU,success,1823.28,4.58,inr,2026-02-22 17:00:00
PAY000004363,ORD00000797,2026-07-30 11:00:00,Cashfree,success,736.87,2.62,INR,2026-07-30 11:00:00
PAY000004364,ORD00001043,2026-05-06 15:00:00,razorpay ,success,1889.96,4.45,inr,2026-05-06 15:00:00
PAY000004365,ORD00005500,2026-02-15 22:00:00,Cashfree,success,1044.51,33.42,INR,2026-02-15 22:00:00
PAY000004366,ORD00008869,2026-06-28 09:00:00,PayU,success,2011.74,27.65,INR,2026-06-28 09:00:00
PAY000004367,ORD00008292,2026-04-15 18:00:00,Razorpay,success,2622.18,31.38,INR,2026-04-15 18:00:00
PAY000004368,ORD00004969,2026-05-05 16:00:00,PayU,success,3797.9,16.57,INR,2026-05-05 16:00:00
PAY000004369,ORD00009501,2026-05-10 02:00:00,Cashfree,success,1896.09,5.75,INR,2026-05-10 02:00:00
PAY000004370,ORD00010326,2026-05-24 05:00:00,Razorpay,Failed,2036.19,7.27,INR,2026-05-24 05:00:00
PAY000004371,ORD00007618,2026-06-14 09:00:00,Razorpay,success,371.77,23.56,INR,2026-06-14 09:00:00
PAY000004372,ORD00003495,2026-02-03 07:00:00,Cashfree,success,375.36,8.39,INR,2026-02-03 07:00:00
PAY000004373,ORD00008116,2026-07-29 22:00:00,Cashfree,success,1271.66,6.54,INR,2026-07-29 22:00:00
PAY000004374,ORD00000036,2026-05-03 14:00:00,Stripe,success,1502.01,33.42,Rs,2026-05-03 14:00:00
PAY000004375,ORD00005767,2026-06-13 21:00:00,PayU,success,2077.64,22.76,INR,2026-06-13 21:00:00
PAY000004376,ORD00004404,2026-08-27 17:00:00,Stripe,PENDING,2045.06,29.33,inr,2026-08-27 17:00:00
PAY000004377,ORD00000920,2026-01-10 00:00:00,razorpay ,REFUNDED,1672.23,8.78,INR,2026-01-10 00:00:00
PAY000004378,ORD00009149,2026-05-20 04:00:00,Stripe,success,985.26,9.27,INR,2026-05-20 04:00:00
PAY000004379,ORD00005253,2026-08-19 07:00:00,razorpay ,success,1113.53,7.9,INR,2026-08-19 07:00:00
PAY000004380,ORD00007395,2026-06-04 07:00:00,Razorpay,success,643.33,14.3,INR,2026-06-04 07:00:00
PAY000004381,ORD00009081,2026-06-27 15:00:00,Cashfree,success,1262.74,27.98,inr,2026-06-27 15:00:00
PAY000004382,ORD00009979,2026-05-02 05:00:00,Stripe,success,198.27,4.39,inr,2026-05-02 05:00:00
PAY000004383,ORD00006628,2026-06-21 05:00:00,Stripe,Failed,373.83,2.44,inr,2026-06-21 05:00:00
PAY000004384,ORD00006615,2026-01-20 14:00:00,PayU,success,2302.12,34.55,INR,2026-01-20 14:00:00
PAY000004385,ORD00009003,2026-05-23 13:00:00,Cashfree,success,1116.28,26.34,INR,2026-05-23 13:00:00
PAY000004386,ORD00000778,2026-05-11 23:00:00,razorpay ,success,1841.64,8.16,INR,2026-05-11 23:00:00
PAY000004387,ORD00005789,2026-05-06 16:00:00,Stripe,success,940.46,27.13,INR,2026-05-06 16:00:00
PAY000004388,ORD00005854,2026-08-06 12:00:00,PayU,REFUNDED,806.51,17.85,INR,2026-08-06 12:00:00
PAY000004389,ORD00005859,2026-04-06 06:00:00,Razorpay,success,484.2,8.9,inr,2026-04-06 06:00:00
PAY000004390,ORD00008290,2026-07-30 03:00:00,Razorpay,success,2585.63,27.88,inr,2026-07-30 03:00:00
PAY000004391,ORD00007464,2026-05-20 04:00:00,Razorpay,success,875.41,14.37,INR,2026-05-20 04:00:00
PAY000004392,ORD00002202,2026-01-06 17:00:00,Razorpay,success,327.74,32.06,INR,2026-01-06 17:00:00
PAY000004393,ORD00011622,2026-07-12 02:00:00,Cashfree,success,600.61,11.08,INR,2026-07-12 02:00:00
PAY000004394,ORD00006223,2026-07-16 20:00:00,razorpay ,REFUNDED,590.94,23.89,inr,2026-07-16 20:00:00
PAY000004395,ORD00006277,2026-04-06 09:00:00,razorpay ,success,1379.13,13.38,INR,2026-04-06 09:00:00
PAY000004396,ORD00010307,2026-03-17 04:00:00,Razorpay,success,1857.65,31.33,INR,2026-03-17 04:00:00
PAY000004397,ORD00004546,2026-04-20 02:00:00,Stripe,success,2715.19,29.87,INR,2026-04-20 02:00:00
PAY000004398,ORD00003309,2026-02-20 13:00:00,Razorpay,PENDING,3605.24,8.43,INR,2026-02-20 13:00:00
PAY000004399,ORD00001068,2026-01-24 20:00:00,Stripe,success,356.11,24.18,INR,2026-01-24 20:00:00
PAY000004400,ORD00008161,2026-03-18 17:00:00,razorpay ,REFUNDED,1088.74,18.94,INR,2026-03-18 17:00:00
PAY000004401,ORD00011561,2026-03-17 08:00:00,Razorpay,success,784.16,10.57,INR,2026-03-17 08:00:00
PAY000004402,ORD00011160,2026-04-15 18:00:00,Cashfree,success,1050.25,5.46,INR,2026-04-15 18:00:00
PAY000004403,ORD00000631,2026-01-12 12:00:00,Stripe,success,802.62,8.74,INR,2026-01-12 12:00:00
PAY000004404,ORD00011473,2026-06-03 06:00:00,razorpay ,success,914.42,4.02,inr,2026-06-03 06:00:00
PAY000004405,ORD00001358,2026-01-10 21:00:00,Cashfree,success,693.93,31.48,INR,2026-01-10 21:00:00
PAY000004406,ORD00006740,2026-08-04 20:00:00,razorpay ,success,2073.32,20.27,INR,2026-08-04 20:00:00
PAY000004407,ORD00005590,2026-01-23 06:00:00,Stripe,success,397.76,32.94,INR,2026-01-23 06:00:00
PAY000004408,ORD00004985,2026-05-22 04:00:00,Razorpay,success,679.2,10.6,INR,2026-05-22 04:00:00
PAY000004409,ORD00011857,2026-03-20 05:00:00,Cashfree,success,1033.96,28.35,INR,2026-03-20 05:00:00
PAY000004410,ORD00010350,2026-01-26 22:00:00,Stripe,Failed,371.71,21.72,INR,2026-01-26 22:00:00
PAY000004411,ORD00002413,2026-02-03 05:00:00,Stripe,success,1062.16,2.64,INR,2026-02-03 05:00:00
PAY000004412,ORD00010654,2026-05-01 23:00:00,Razorpay,success,3632.28,28.39,INR,2026-05-01 23:00:00
PAY000004413,ORD00008254,2026-08-26 11:00:00,PayU,success,3571.37,2.58,inr,2026-08-26 11:00:00
PAY000004414,ORD00001614,2026-02-22 02:00:00,Stripe,success,484.25,2.46,INR,2026-02-22 02:00:00
PAY000004415,ORD00011217,2026-05-27 19:00:00,Razorpay,success,1052.68,9.05,INR,2026-05-27 19:00:00
PAY000004416,ORD00007197,2026-03-09 04:00:00,Stripe,success,1567.93,33.12,INR,2026-03-09 04:00:00
PAY000004417,ORD00006647,2026-06-13 15:00:00,Stripe,success,647.27,10.5,INR,2026-06-13 15:00:00
PAY000004418,ORD00004799,2026-05-16 15:00:00,Cashfree,success,698.09,33.81,INR,2026-05-16 15:00:00
PAY000004419,ORD00001584,2026-01-01 19:00:00,razorpay ,success,2370.26,6.98,INR,2026-01-01 19:00:00
PAY000004420,ORD00009341,2026-04-07 10:00:00,Razorpay,success,1701.39,10.76,INR,2026-04-07 10:00:00
PAY000004421,ORD00009694,2026-01-13 12:00:00,razorpay ,success,747.63,5.24,INR,2026-01-13 12:00:00
PAY000004422,ORD00009469,2026-07-22 14:00:00,PayU,success,961.52,26.44,INR,2026-07-22 14:00:00
PAY000004423,ORD00008144,2026-08-19 10:00:00,Stripe,success,693.9,7.14,INR,2026-08-19 10:00:00
PAY000004424,ORD00008868,2026-08-05 02:00:00,PayU,Failed,1127.0,21.34,INR,2026-08-05 02:00:00
PAY000004425,ORD00007365,2026-04-27 16:00:00,razorpay ,success,1274.64,25.01,INR,2026-04-27 16:00:00
PAY000004426,ORD00006988,2026-02-22 23:00:00,PayU,success,1821.47,19.95,INR,2026-02-22 23:00:00
PAY000004427,ORD00008240,2026-01-17 14:00:00,razorpay ,success,444.94,29.48,INR,2026-01-17 14:00:00
PAY000004428,ORD00010103,2026-02-09 06:00:00,Stripe,PENDING,465.29,12.98,INR,2026-02-09 06:00:00
PAY000004429,ORD00006404,2026-02-06 09:00:00,Stripe,REFUNDED,2442.57,5.45,INR,2026-02-06 09:00:00
PAY000004430,ORD00006507,2026-04-17 07:00:00,razorpay ,success,834.61,4.76,inr,2026-04-17 07:00:00
PAY000004431,ORD00001972,2026-08-21 11:00:00,razorpay ,success,622.19,5.11,INR,2026-08-21 11:00:00
PAY000004432,ORD00001554,2026-02-06 13:00:00,PayU,success,1919.42,25.19,INR,2026-02-06 13:00:00
PAY000004433,ORD00008129,2026-01-31 12:00:00,PayU,success,948.9,17.37,INR,2026-01-31 12:00:00
PAY000004434,ORD00010180,2026-06-09 14:00:00,Razorpay,success,389.56,28.88,INR,2026-06-09 14:00:00
PAY000004435,ORD00006539,2026-02-08 06:00:00,,success,2408.82,26.01,INR,2026-02-08 06:00:00
PAY000004436,ORD00010130,2026-01-20 09:00:00,Cashfree,success,1183.86,2.75,INR,2026-01-20 09:00:00
PAY000004437,ORD00008335,2026-07-25 14:00:00,Cashfree,success,1432.15,13.97,INR,2026-07-25 14:00:00
PAY000004438,ORD00001645,2026-04-07 21:00:00,Cashfree,Failed,2109.82,8.69,INR,2026-04-07 21:00:00
PAY000004439,ORD00006630,2026-08-15 21:00:00,Cashfree,PENDING,1804.29,7.99,INR,2026-08-15 21:00:00
PAY000004440,ORD00008499,2026-05-16 03:00:00,Cashfree,success,2432.66,16.48,INR,2026-05-16 03:00:00
PAY000004441,ORD00002617,2026-01-29 04:00:00,razorpay ,success,2206.13,14.3,INR,2026-01-29 04:00:00
PAY000004442,ORD00002184,2026-01-01 23:00:00,Razorpay,Failed,603.69,25.84,INR,2026-01-01 23:00:00
PAY000004443,ORD00008895,2026-01-12 12:00:00,Cashfree,success,1194.71,3.5,inr,2026-01-12 12:00:00
PAY000004444,ORD00004375,2026-05-01 12:00:00,Stripe,success,1272.05,28.17,INR,2026-05-01 12:00:00
PAY000004445,ORD00005026,2026-03-23 03:00:00,PayU,success,961.58,20.29,INR,2026-03-23 03:00:00
PAY000004446,ORD00003647,2026-03-01 13:00:00,Razorpay,success,677.83,26.31,INR,2026-03-01 13:00:00
PAY000004447,ORD00003112,2026-03-24 03:00:00,Cashfree,PENDING,3679.05,5.93,Rs,2026-03-24 03:00:00
PAY000004448,ORD00008700,2026-05-24 02:00:00,Razorpay,success,2532.78,11.89,INR,2026-05-24 02:00:00
PAY000004449,ORD00010351,2026-03-08 23:00:00,Stripe,success,1072.39,14.03,INR,2026-03-08 23:00:00
PAY000004450,ORD00002654,2026-02-27 15:00:00,Cashfree,REFUNDED,1119.58,17.87,INR,2026-02-27 15:00:00
PAY000004451,ORD00002367,2026-01-22 17:00:00,razorpay ,REFUNDED,461.86,28.1,INR,2026-01-22 17:00:00
PAY000004452,ORD00004238,2026-02-03 09:00:00,PayU,PENDING,783.97,14.84,INR,2026-02-03 09:00:00
PAY000004453,ORD00000430,2026-01-26 01:00:00,razorpay ,success,1988.04,32.65,INR,2026-01-26 01:00:00
PAY000004454,ORD00011203,2026-06-01 03:00:00,Cashfree,success,289.61,20.81,INR,2026-06-01 03:00:00
PAY000004455,ORD00011764,2026-08-28 15:00:00,razorpay ,success,1551.26,30.61,INR,2026-08-28 15:00:00
PAY000004456,ORD00001721,2026-04-05 12:00:00,Stripe,success,881.56,15.13,inr,2026-04-05 12:00:00
PAY000004457,ORD00005934,2026-07-02 16:00:00,Razorpay,success,324.48,33.19,INR,2026-07-02 16:00:00
PAY000004458,ORD00004772,2026-01-07 02:00:00,Stripe,success,533.23,31.25,INR,2026-01-07 02:00:00
PAY000004459,ORD00002626,2026-08-22 11:00:00,Razorpay,success,1405.76,22.01,INR,2026-08-22 11:00:00
PAY000004460,ORD00010468,2026-02-16 07:00:00,Cashfree,Failed,1623.37,5.2,INR,2026-02-16 07:00:00
PAY000004461,ORD00006151,2026-02-14 09:00:00,PayU,success,637.41,4.23,INR,2026-02-14 09:00:00
PAY000004462,ORD00001323,2026-04-11 23:00:00,PayU,success,1813.99,29.76,INR,2026-04-11 23:00:00
PAY000004463,ORD00010815,2026-03-13 11:00:00,Stripe,PENDING,541.29,13.24,INR,2026-03-13 11:00:00
PAY000004464,ORD00011581,2026-06-04 13:00:00,Stripe,success,1172.04,13.19,INR,2026-06-04 13:00:00
PAY000004465,ORD00006306,2026-07-12 15:00:00,Razorpay,PENDING,1239.11,27.5,INR,2026-07-12 15:00:00
PAY000004466,ORD00003140,2026-02-27 20:00:00,razorpay ,success,1478.27,3.16,inr,2026-02-27 20:00:00
PAY000004467,ORD00007360,2026-07-13 01:00:00,Cashfree,success,1350.15,20.99,INR,2026-07-13 01:00:00
PAY000004468,ORD00002698,2026-01-31 17:00:00,Razorpay,PENDING,634.38,4.43,INR,2026-01-31 17:00:00
PAY000004469,ORD00000974,2026-01-31 19:00:00,razorpay ,success,846.34,20.5,INR,2026-01-31 19:00:00
PAY000004470,ORD00010519,2026-03-27 15:00:00,Stripe,success,1323.73,28.01,INR,2026-03-27 15:00:00
PAY000004471,ORD00000414,2026-01-29 08:00:00,razorpay ,success,2789.0,8.75,INR,2026-01-29 08:00:00
PAY000004472,ORD00005578,2026-02-08 21:00:00,Stripe,success,898.0,9.67,INR,2026-02-08 21:00:00
PAY000004473,ORD00005244,2026-06-09 12:00:00,PayU,Failed,309.65,21.49,INR,2026-06-09 12:00:00
PAY000004474,ORD00008663,2026-05-05 10:00:00,Razorpay,PENDING,1291.36,26.12,INR,2026-05-05 10:00:00
PAY000004475,ORD00010849,2026-06-13 03:00:00,razorpay ,success,613.24,28.78,inr,2026-06-13 03:00:00
PAY000004476,ORD00006008,2026-08-20 10:00:00,Stripe,Failed,1058.14,22.11,INR,2026-08-20 10:00:00
PAY000004477,ORD00004528,2026-01-07 03:00:00,PayU,PENDING,1167.9,30.09,INR,2026-01-07 03:00:00
PAY000004478,ORD00002398,2026-05-28 18:00:00,Razorpay,Failed,602.84,15.07,INR,2026-05-28 18:00:00
PAY000004479,ORD00005904,2026-01-23 07:00:00,Cashfree,success,2259.21,34.46,INR,2026-01-23 07:00:00
PAY000004480,ORD00000111,2026-01-29 00:00:00,PayU,REFUNDED,2386.14,16.88,Rs,2026-01-29 00:00:00
PAY000004481,ORD00005504,2026-05-09 13:00:00,Cashfree,success,2305.97,16.81,INR,2026-05-09 13:00:00
PAY000004482,ORD00004369,2026-01-31 17:00:00,PayU,success,3426.0,18.11,INR,2026-01-31 17:00:00
PAY000004483,ORD00010795,2026-06-11 18:00:00,Razorpay,success,1392.29,24.12,INR,2026-06-11 18:00:00
PAY000004484,ORD00011285,2026-06-23 06:00:00,razorpay ,success,1079.2,17.17,INR,2026-06-23 06:00:00
PAY000004485,ORD00002516,2026-03-22 11:00:00,PayU,success,525.76,18.4,INR,2026-03-22 11:00:00
PAY000004486,ORD00007702,2026-08-18 12:00:00,Razorpay,success,1222.77,24.3,INR,2026-08-18 12:00:00
PAY000004487,ORD00005398,2026-01-16 13:00:00,Stripe,success,895.9,2.71,INR,2026-01-16 13:00:00
PAY000004488,ORD00007599,2026-01-19 07:00:00,Cashfree,success,6362.69,21.78,INR,2026-01-19 07:00:00
PAY000004489,ORD00002653,2026-03-28 04:00:00,razorpay ,success,618.59,6.59,INR,2026-03-28 04:00:00
PAY000004490,ORD00008343,2026-05-25 21:00:00,Razorpay,success,1827.51,17.62,INR,2026-05-25 21:00:00
PAY000004491,ORD00001225,2026-07-30 23:00:00,razorpay ,Failed,194.77,22.47,INR,2026-07-30 23:00:00
PAY000004492,ORD00008940,2026-07-29 06:00:00,PayU,success,410.4,31.47,inr,2026-07-29 06:00:00
PAY000004493,ORD00010568,2026-07-03 08:00:00,Cashfree,success,634.56,26.81,INR,2026-07-03 08:00:00
PAY000004494,ORD00006000,2026-01-09 18:00:00,Razorpay,REFUNDED,2144.33,15.43,INR,2026-01-09 18:00:00
PAY000004495,ORD00002177,2026-07-12 10:00:00,PayU,success,800.05,32.29,INR,2026-07-12 10:00:00
PAY000004496,ORD00008238,2026-01-03 20:00:00,razorpay ,success,244.88,12.67,INR,2026-01-03 20:00:00
PAY000004497,ORD00004137,2026-01-25 16:00:00,Razorpay,success,580.95,29.25,INR,2026-01-25 16:00:00
PAY000004498,ORD00008071,2026-03-20 18:00:00,Stripe,success,782.21,17.25,INR,2026-03-20 18:00:00
PAY000004499,ORD00001337,2026-06-01 04:00:00,Cashfree,success,1233.93,26.98,INR,2026-06-01 04:00:00
PAY000004500,ORD00007866,2026-03-12 15:00:00,Stripe,success,943.01,18.21,INR,2026-03-12 15:00:00
PAY000004501,ORD00000376,2026-02-24 06:00:00,Razorpay,success,605.8,3.02,inr,2026-02-24 06:00:00
PAY000004502,ORD00001074,2026-08-25 22:00:00,Stripe,success,901.99,18.53,INR,2026-08-25 22:00:00
PAY000004503,ORD00008759,2026-03-02 05:00:00,Stripe,success,2235.75,33.03,INR,2026-03-02 05:00:00
PAY000004504,ORD00010159,2026-07-16 14:00:00,Cashfree,success,1357.2,32.55,inr,2026-07-16 14:00:00
PAY000004505,ORD00010241,2026-02-18 18:00:00,PayU,success,2849.68,17.55,Rs,2026-02-18 18:00:00
PAY000004506,ORD00000988,2026-03-04 10:00:00,Stripe,success,1230.89,2.68,inr,2026-03-04 10:00:00
PAY000004507,ORD00011839,2026-05-02 03:00:00,,success,1127.14,23.61,INR,2026-05-02 03:00:00
PAY000004508,ORD00009750,2026-07-06 04:00:00,PayU,success,755.22,11.82,INR,2026-07-06 04:00:00
PAY000004509,ORD00002246,2026-03-10 07:00:00,Stripe,success,2213.58,18.76,INR,2026-03-10 07:00:00
PAY000004510,ORD00001876,2026-04-27 23:00:00,razorpay ,success,1704.39,25.07,inr,2026-04-27 23:00:00
PAY000004511,ORD00001736,2026-02-18 10:00:00,PayU,success,866.17,10.59,INR,2026-02-18 10:00:00
PAY000004512,ORD00006095,2026-03-26 06:00:00,Stripe,success,600.67,5.49,INR,2026-03-26 06:00:00
PAY000004513,ORD00007531,2026-03-27 22:00:00,Razorpay,REFUNDED,476.83,5.31,INR,2026-03-27 22:00:00
PAY000004514,ORD00003207,2026-02-06 06:00:00,Stripe,success,1130.11,5.65,Rs,2026-02-06 06:00:00
PAY000004515,ORD00004417,2026-04-19 16:00:00,Razorpay,success,5453.4,25.44,INR,2026-04-19 16:00:00
PAY000004516,ORD00003732,2026-06-21 13:00:00,PayU,success,1231.57,32.26,INR,2026-06-21 13:00:00
PAY000004517,ORD00007019,2026-05-06 15:00:00,Cashfree,PENDING,883.33,22.85,Rs,2026-05-06 15:00:00
PAY000004518,ORD00000702,2026-01-03 19:00:00,Stripe,success,1202.32,10.06,INR,2026-01-03 19:00:00
PAY000004519,ORD00001379,2026-04-01 03:00:00,PayU,PENDING,906.04,6.8,INR,2026-04-01 03:00:00
PAY000004520,ORD00011519,2026-02-22 10:00:00,Stripe,success,2204.09,24.93,inr,2026-02-22 10:00:00
PAY000004521,ORD00003847,2026-05-22 19:00:00,Razorpay,success,652.24,17.54,INR,2026-05-22 19:00:00
PAY000004522,ORD00011771,2026-01-18 01:00:00,Razorpay,success,958.78,5.35,inr,2026-01-18 01:00:00
PAY000004523,ORD00001724,2026-01-30 12:00:00,razorpay ,success,399.25,13.83,INR,2026-01-30 12:00:00
PAY000004524,ORD00011164,2026-06-12 05:00:00,Cashfree,success,1267.61,24.46,INR,2026-06-12 05:00:00
PAY000004525,ORD00000833,2026-08-20 06:00:00,PayU,success,1637.83,29.08,Rs,2026-08-20 06:00:00
PAY000004526,ORD00010402,2026-06-18 14:00:00,,success,680.66,30.28,INR,2026-06-18 14:00:00
PAY000004527,ORD00000541,2026-02-07 13:00:00,Razorpay,success,1262.18,10.61,INR,2026-02-07 13:00:00
PAY000004528,ORD00008424,2026-08-26 22:00:00,Razorpay,success,1149.63,26.26,inr,2026-08-26 22:00:00
PAY000004529,ORD00008787,2026-08-04 06:00:00,Stripe,success,1311.32,31.73,INR,2026-08-04 06:00:00
PAY000004530,ORD00002721,2026-05-22 15:00:00,Razorpay,success,1603.0,32.39,INR,2026-05-22 15:00:00
PAY000004531,ORD00000029,2026-02-27 21:00:00,PayU,success,1573.51,29.44,INR,2026-02-27 21:00:00
PAY000004532,ORD00003689,2026-05-22 06:00:00,razorpay ,success,1268.04,7.04,INR,2026-05-22 06:00:00
PAY000004533,ORD00007476,2026-03-23 12:00:00,Cashfree,success,175.66,26.06,INR,2026-03-23 12:00:00
PAY000004534,ORD00005677,2026-07-19 15:00:00,razorpay ,PENDING,764.51,18.3,INR,2026-07-19 15:00:00
PAY000004535,ORD00005946,2026-02-01 13:00:00,PayU,success,781.1,2.98,INR,2026-02-01 13:00:00
PAY000004536,ORD00000896,2026-08-11 04:00:00,PayU,success,1421.04,2.67,INR,2026-08-11 04:00:00
PAY000004537,ORD00001963,2026-08-02 08:00:00,razorpay ,success,2708.26,13.14,INR,2026-08-02 08:00:00
PAY000004538,ORD00009214,2026-05-06 15:00:00,PayU,success,865.06,27.51,INR,2026-05-06 15:00:00
PAY000004539,ORD00006974,2026-02-13 16:00:00,Stripe,success,4247.05,3.18,INR,2026-02-13 16:00:00
PAY000004540,ORD00003177,2026-06-24 22:00:00,Razorpay,success,746.63,32.37,INR,2026-06-24 22:00:00
PAY000004541,ORD00005879,2026-08-02 06:00:00,Stripe,REFUNDED,1117.47,28.93,INR,2026-08-02 06:00:00
PAY000004542,ORD00011899,2026-05-13 08:00:00,Stripe,Failed,3024.41,9.22,INR,2026-05-13 08:00:00
PAY000004543,ORD00003275,2026-07-10 01:00:00,Cashfree,Failed,1254.38,17.4,INR,2026-07-10 01:00:00
PAY000004544,ORD00002575,2026-06-17 07:00:00,PayU,Failed,1693.92,32.75,INR,2026-06-17 07:00:00
PAY000004545,ORD00010614,2026-07-10 12:00:00,PayU,success,976.27,11.52,Rs,2026-07-10 12:00:00
PAY000004546,ORD00010883,2026-08-26 10:00:00,Cashfree,success,1591.2,5.88,INR,2026-08-26 10:00:00
PAY000004547,ORD00003919,2026-06-07 04:00:00,Razorpay,success,852.66,28.96,INR,2026-06-07 04:00:00
PAY000004548,ORD00010246,2026-08-08 11:00:00,Cashfree,success,1068.59,13.9,Rs,2026-08-08 11:00:00
PAY000004549,ORD00003669,2026-01-21 23:00:00,PayU,Failed,1545.14,8.58,INR,2026-01-21 23:00:00
PAY000004550,ORD00007975,2026-05-22 10:00:00,Stripe,Failed,498.45,25.65,Rs,2026-05-22 10:00:00
PAY000004551,ORD00000750,2026-03-28 12:00:00,Razorpay,success,800.35,33.88,INR,2026-03-28 12:00:00
PAY000004552,ORD00005255,2026-06-09 19:00:00,razorpay ,success,901.58,30.57,INR,2026-06-09 19:00:00
PAY000004553,ORD00008179,2026-06-24 03:00:00,PayU,PENDING,2811.69,12.91,INR,2026-06-24 03:00:00
PAY000004554,ORD00006264,2026-07-26 13:00:00,Stripe,success,1924.18,27.01,INR,2026-07-26 13:00:00
PAY000004555,ORD00005511,2026-05-15 04:00:00,Razorpay,success,1109.79,9.21,INR,2026-05-15 04:00:00
PAY000004556,ORD00011819,2026-06-09 06:00:00,Razorpay,PENDING,935.24,3.01,INR,2026-06-09 06:00:00
PAY000004557,ORD00008297,2026-04-19 04:00:00,Cashfree,Failed,2000.79,15.65,INR,2026-04-19 04:00:00
PAY000004558,ORD00001379,2026-03-05 22:00:00,PayU,success,2345.77,15.63,INR,2026-03-05 22:00:00
PAY000004559,ORD00009078,2026-02-26 04:00:00,Stripe,PENDING,2057.21,24.74,INR,2026-02-26 04:00:00
PAY000004560,ORD00010982,2026-05-09 06:00:00,razorpay ,success,620.72,10.72,INR,2026-05-09 06:00:00
PAY000004561,ORD00000172,2026-01-26 02:00:00,Cashfree,success,1296.39,27.97,INR,2026-01-26 02:00:00
PAY000004562,ORD00010462,2026-06-14 23:00:00,PayU,success,1313.98,19.73,INR,2026-06-14 23:00:00
PAY000004563,ORD00008914,2026-06-25 00:00:00,PayU,success,460.96,2.04,INR,2026-06-25 00:00:00
PAY000004564,ORD00004721,2026-01-18 15:00:00,Stripe,success,2251.74,23.93,INR,2026-01-18 15:00:00
PAY000004565,ORD00005917,2026-07-05 13:00:00,razorpay ,success,518.0,21.33,INR,2026-07-05 13:00:00
PAY000004566,ORD00005407,2026-07-06 14:00:00,Razorpay,success,577.16,21.44,INR,2026-07-06 14:00:00
PAY000004567,ORD00008586,2026-07-23 10:00:00,Cashfree,success,989.8,18.95,INR,2026-07-23 10:00:00
PAY000004568,ORD00009549,2026-06-17 21:00:00,Razorpay,success,942.76,32.79,INR,2026-06-17 21:00:00
PAY000004569,ORD00010125,2026-05-04 17:00:00,razorpay ,success,843.63,8.24,INR,2026-05-04 17:00:00
PAY000004570,ORD00004351,2026-04-02 14:00:00,PayU,Failed,845.4,11.1,inr,2026-04-02 14:00:00
PAY000004571,ORD00005937,2026-06-25 17:00:00,PayU,success,564.39,19.24,INR,2026-06-25 17:00:00
PAY000004572,ORD00009735,2026-07-13 20:00:00,Stripe,success,1819.62,28.93,Rs,2026-07-13 20:00:00
PAY000004573,ORD00005509,2026-04-01 16:00:00,Stripe,success,1590.52,14.93,INR,2026-04-01 16:00:00
PAY000004574,ORD00005950,2026-05-13 07:00:00,Stripe,success,617.88,30.49,INR,2026-05-13 07:00:00
PAY000004575,ORD00001425,2026-03-13 10:00:00,Stripe,success,2428.4,12.06,INR,2026-03-13 10:00:00
PAY000004576,ORD00006872,2026-03-23 16:00:00,Cashfree,success,801.94,6.69,INR,2026-03-23 16:00:00
PAY000004577,ORD00005076,2026-01-24 04:00:00,Cashfree,Failed,671.33,30.38,INR,2026-01-24 04:00:00
PAY000004578,ORD00000861,2026-01-20 23:00:00,Razorpay,success,777.8,4.43,INR,2026-01-20 23:00:00
PAY000004579,ORD00006129,2026-04-06 05:00:00,Cashfree,success,1050.81,33.24,inr,2026-04-06 05:00:00
PAY000004580,ORD00006950,2026-07-28 17:00:00,PayU,success,765.0,11.39,INR,2026-07-28 17:00:00
PAY000004581,ORD00010197,2026-08-25 04:00:00,Cashfree,success,2858.15,12.48,inr,2026-08-25 04:00:00
PAY000004582,ORD00001002,2026-05-15 08:00:00,Razorpay,success,1608.99,2.07,INR,2026-05-15 08:00:00
PAY000004583,ORD00005537,2026-07-21 04:00:00,Stripe,success,1852.61,4.32,INR,2026-07-21 04:00:00
PAY000004584,ORD00000118,2026-02-18 16:00:00,PayU,Failed,189.08,29.61,INR,2026-02-18 16:00:00
PAY000004585,ORD00001978,2026-07-03 02:00:00,Cashfree,success,697.07,20.39,INR,2026-07-03 02:00:00
PAY000004586,ORD00002376,2026-04-27 22:00:00,Stripe,success,1047.9,21.39,INR,2026-04-27 22:00:00
PAY000004587,ORD00002490,2026-01-02 08:00:00,razorpay ,success,1556.95,25.86,INR,2026-01-02 08:00:00
PAY000004588,ORD00006743,2026-07-25 02:00:00,PayU,success,1245.61,8.8,INR,2026-07-25 02:00:00
PAY000004589,ORD00001575,2026-01-22 07:00:00,Razorpay,success,573.19,20.11,INR,2026-01-22 07:00:00
PAY000004590,ORD00000524,2026-01-02 12:00:00,PayU,success,857.11,2.41,Rs,2026-01-02 12:00:00
PAY000004591,ORD00004286,2026-02-28 06:00:00,Stripe,success,609.59,29.36,INR,2026-02-28 06:00:00
PAY000004592,ORD00009450,2026-02-07 16:00:00,Cashfree,success,460.87,30.76,INR,2026-02-07 16:00:00
PAY000004593,ORD00000669,2026-06-02 13:00:00,razorpay ,success,621.61,9.42,INR,2026-06-02 13:00:00
PAY000004594,ORD00001650,2026-06-24 19:00:00,PayU,success,558.79,19.77,INR,2026-06-24 19:00:00
PAY000004595,ORD00001266,2026-03-03 01:00:00,Razorpay,success,593.93,12.1,INR,2026-03-03 01:00:00
PAY000004596,ORD00006372,2026-03-29 06:00:00,Stripe,success,665.26,12.12,INR,2026-03-29 06:00:00
PAY000004597,ORD00011516,2026-01-17 08:00:00,PayU,Failed,1144.49,6.05,INR,2026-01-17 08:00:00
PAY000004598,ORD00006284,2026-08-09 15:00:00,Cashfree,REFUNDED,882.53,20.0,Rs,2026-08-09 15:00:00
PAY000004599,ORD00008548,2026-02-11 18:00:00,Cashfree,PENDING,1737.31,25.44,INR,2026-02-11 18:00:00
PAY000004600,ORD00005797,2026-06-30 22:00:00,Stripe,success,1169.47,27.91,INR,2026-06-30 22:00:00
PAY000004601,ORD00008950,2026-04-06 05:00:00,Cashfree,success,863.74,29.62,INR,2026-04-06 05:00:00
PAY000004602,ORD00001673,2026-03-09 01:00:00,razorpay ,success,363.5,9.94,INR,2026-03-09 01:00:00
PAY000004603,ORD00001234,2026-06-26 07:00:00,razorpay ,success,1520.11,12.57,inr,2026-06-26 07:00:00
PAY000004604,ORD00003053,2026-03-17 12:00:00,Razorpay,success,1891.59,3.66,INR,2026-03-17 12:00:00
PAY000004605,ORD00009427,2026-06-24 09:00:00,Stripe,success,1950.34,11.77,INR,2026-06-24 09:00:00
PAY000004606,ORD00003104,2026-04-22 16:00:00,razorpay ,success,1291.57,3.0,INR,2026-04-22 16:00:00
PAY000004607,ORD00000016,2026-01-27 05:00:00,Razorpay,success,1663.64,18.07,INR,2026-01-27 05:00:00
PAY000004608,ORD00005707,2026-07-18 14:00:00,Razorpay,success,528.47,12.46,INR,2026-07-18 14:00:00
PAY000004609,ORD00006135,2026-03-13 12:00:00,razorpay ,success,283.8,6.79,INR,2026-03-13 12:00:00
PAY000004610,ORD00004710,2026-07-08 06:00:00,Razorpay,success,1447.26,32.49,inr,2026-07-08 06:00:00
PAY000004611,ORD00009476,2026-03-28 01:00:00,Stripe,success,728.08,17.78,INR,2026-03-28 01:00:00
PAY000004612,ORD00009061,2026-07-03 03:00:00,PayU,success,579.95,9.31,Rs,2026-07-03 03:00:00
PAY000004613,ORD00004545,2026-01-07 01:00:00,razorpay ,success,328.46,11.37,INR,2026-01-07 01:00:00
PAY000004614,ORD00005359,2026-02-19 00:00:00,PayU,success,2113.76,11.8,INR,2026-02-19 00:00:00
PAY000004615,ORD00002184,2026-05-15 14:00:00,PayU,success,3770.51,11.43,INR,2026-05-15 14:00:00
PAY000004616,ORD00006595,2026-04-30 05:00:00,Stripe,success,1756.6,25.91,INR,2026-04-30 05:00:00
PAY000004617,ORD00000187,2026-02-10 02:00:00,razorpay ,success,1831.32,16.41,INR,2026-02-10 02:00:00
PAY000004618,ORD00007356,2026-08-28 22:00:00,razorpay ,success,844.43,15.75,INR,2026-08-28 22:00:00
PAY000004619,ORD00008422,2026-07-17 14:00:00,razorpay ,success,692.01,14.48,INR,2026-07-17 14:00:00
PAY000004620,ORD00005092,2026-03-11 22:00:00,razorpay ,success,3985.22,19.69,INR,2026-03-11 22:00:00
PAY000004621,ORD00007305,2026-04-29 00:00:00,razorpay ,PENDING,1853.55,11.64,INR,2026-04-29 00:00:00
PAY000004622,ORD00005043,2026-05-31 22:00:00,Stripe,success,404.23,18.55,INR,2026-05-31 22:00:00
PAY000004623,ORD00004153,2026-08-18 22:00:00,Cashfree,success,1242.76,20.23,INR,2026-08-18 22:00:00
PAY000004624,ORD00003828,2026-03-01 07:00:00,Cashfree,success,701.1,5.19,INR,2026-03-01 07:00:00
PAY000004625,ORD00009270,2026-01-08 11:00:00,Razorpay,success,1642.99,24.67,INR,2026-01-08 11:00:00
PAY000004626,ORD00006818,2026-03-14 06:00:00,PayU,success,1319.25,28.01,INR,2026-03-14 06:00:00
PAY000004627,ORD00009850,2026-04-08 09:00:00,razorpay ,success,1911.07,11.16,INR,2026-04-08 09:00:00
PAY000004628,ORD00005837,2026-03-05 10:00:00,,success,330.14,26.22,Rs,2026-03-05 10:00:00
PAY000004629,ORD00000434,2026-03-12 13:00:00,Razorpay,success,1073.18,29.15,inr,2026-03-12 13:00:00
PAY000004630,ORD00006207,2026-05-15 15:00:00,Cashfree,success,801.03,30.39,INR,2026-05-15 15:00:00
PAY000004631,ORD00001608,2026-05-24 08:00:00,razorpay ,success,855.94,9.92,INR,2026-05-24 08:00:00
PAY000004632,ORD00009234,2026-03-22 09:00:00,PayU,PENDING,1227.31,24.06,INR,2026-03-22 09:00:00
PAY000004633,ORD00003435,2026-08-24 06:00:00,PayU,Failed,1560.18,13.27,INR,2026-08-24 06:00:00
PAY000004634,ORD00004208,2026-01-30 05:00:00,Stripe,REFUNDED,1392.91,16.82,INR,2026-01-30 05:00:00
PAY000004635,ORD00002319,2026-02-11 11:00:00,Cashfree,success,424.43,25.23,Rs,2026-02-11 11:00:00
PAY000004636,ORD00010437,2026-05-28 00:00:00,PayU,success,1787.35,29.11,Rs,2026-05-28 00:00:00
PAY000004637,ORD00006478,2026-05-22 23:00:00,PayU,success,361.62,4.92,INR,2026-05-22 23:00:00
PAY000004638,ORD00009428,2026-07-15 09:00:00,razorpay ,Failed,567.53,13.5,inr,2026-07-15 09:00:00
PAY000004639,ORD00002213,2026-08-13 14:00:00,Razorpay,success,2856.46,6.3,INR,2026-08-13 14:00:00
PAY000004640,ORD00009221,2026-07-19 14:00:00,razorpay ,success,1805.37,23.01,Rs,2026-07-19 14:00:00
PAY000004641,ORD00007331,2026-08-11 10:00:00,PayU,PENDING,1101.03,6.67,INR,2026-08-11 10:00:00
PAY000004642,ORD00009158,2026-02-13 05:00:00,PayU,success,1230.77,27.82,INR,2026-02-13 05:00:00
PAY000004643,ORD00008517,2026-08-03 15:00:00,Razorpay,success,2221.92,6.02,INR,2026-08-03 15:00:00
PAY000004644,ORD00005028,2026-02-22 19:00:00,PayU,success,3058.35,20.74,INR,2026-02-22 19:00:00
PAY000004645,ORD00003257,2026-01-23 10:00:00,Stripe,success,418.48,7.85,INR,2026-01-23 10:00:00
PAY000004646,ORD00007006,2026-04-08 09:00:00,Razorpay,Failed,357.03,13.9,inr,2026-04-08 09:00:00
PAY000004647,ORD00001692,2026-02-11 23:00:00,razorpay ,success,1022.59,7.25,INR,2026-02-11 23:00:00
PAY000004648,ORD00005689,2026-01-25 15:00:00,razorpay ,success,863.78,20.53,inr,2026-01-25 15:00:00
PAY000004649,ORD00010086,2026-04-03 21:00:00,Cashfree,success,1523.55,9.4,INR,2026-04-03 21:00:00
PAY000004650,ORD00004125,2026-06-18 16:00:00,PayU,success,1703.49,34.79,INR,2026-06-18 16:00:00
PAY000004651,ORD00001110,2026-08-20 00:00:00,PayU,Failed,922.15,32.65,INR,2026-08-20 00:00:00
PAY000004652,ORD00006994,2026-01-01 13:00:00,Cashfree,success,1477.19,24.21,inr,2026-01-01 13:00:00
PAY000004653,ORD00003609,2026-03-02 21:00:00,Stripe,success,1743.86,15.04,Rs,2026-03-02 21:00:00
PAY000004654,ORD00011088,2026-03-18 00:00:00,PayU,success,3812.57,7.0,INR,2026-03-18 00:00:00
PAY000004655,ORD00002169,2026-08-18 22:00:00,Stripe,success,1716.4,9.24,inr,2026-08-18 22:00:00
PAY000004656,ORD00004630,2026-04-13 13:00:00,PayU,PENDING,1197.34,25.87,INR,2026-04-13 13:00:00
PAY000004657,ORD00006782,2026-02-25 13:00:00,PayU,success,2849.26,10.89,INR,2026-02-25 13:00:00
PAY000004658,ORD00004215,2026-01-06 23:00:00,Razorpay,Failed,3621.13,17.79,INR,2026-01-06 23:00:00
PAY000004659,ORD00010786,2026-07-19 17:00:00,razorpay ,success,507.73,23.66,inr,2026-07-19 17:00:00
PAY000004660,ORD00009414,2026-06-07 09:00:00,Cashfree,Failed,5170.66,9.56,INR,2026-06-07 09:00:00
PAY000004661,ORD00002489,2026-05-13 09:00:00,Stripe,success,753.79,23.59,Rs,2026-05-13 09:00:00
PAY000004662,ORD00009775,2026-06-18 21:00:00,razorpay ,success,532.84,7.73,INR,2026-06-18 21:00:00
PAY000004663,ORD00010863,2026-02-01 13:00:00,razorpay ,success,665.87,3.2,INR,2026-02-01 13:00:00
PAY000004664,ORD00011978,2026-02-14 23:00:00,PayU,Failed,799.96,5.78,INR,2026-02-14 23:00:00
PAY000004665,ORD00006856,2026-03-24 07:00:00,Cashfree,success,1562.69,33.48,INR,2026-03-24 07:00:00
PAY000004666,ORD00008598,2026-04-19 07:00:00,PayU,success,3148.96,23.72,INR,2026-04-19 07:00:00
PAY000004667,ORD00008969,2026-06-18 05:00:00,Stripe,success,2518.12,7.47,INR,2026-06-18 05:00:00
PAY000004668,ORD00007461,2026-04-20 17:00:00,Cashfree,success,2091.0,17.09,inr,2026-04-20 17:00:00
PAY000004669,ORD00010485,2026-08-25 04:00:00,Stripe,success,2101.06,8.77,Rs,2026-08-25 04:00:00
PAY000004670,ORD00002231,2026-01-08 07:00:00,Razorpay,success,2236.41,32.54,INR,2026-01-08 07:00:00
PAY000004671,ORD00004786,2026-04-30 20:00:00,Cashfree,success,898.04,29.38,Rs,2026-04-30 20:00:00
PAY000004672,ORD00006967,2026-06-01 10:00:00,PayU,PENDING,1490.36,16.19,INR,2026-06-01 10:00:00
PAY000004673,ORD00000533,2026-01-26 13:00:00,Cashfree,success,527.17,17.49,inr,2026-01-26 13:00:00
PAY000004674,ORD00003431,2026-01-28 12:00:00,PayU,success,880.18,10.24,INR,2026-01-28 12:00:00
PAY000004675,ORD00009055,2026-02-07 05:00:00,Razorpay,success,374.09,6.24,Rs,2026-02-07 05:00:00
PAY000004676,ORD00005399,2026-01-31 00:00:00,Stripe,PENDING,1281.28,25.14,INR,2026-01-31 00:00:00
PAY000004677,ORD00005449,2026-01-09 12:00:00,razorpay ,REFUNDED,3161.12,33.8,INR,2026-01-09 12:00:00
PAY000004678,ORD00003993,2026-08-18 03:00:00,PayU,REFUNDED,1078.99,7.87,INR,2026-08-18 03:00:00
PAY000004679,ORD00001907,2026-04-18 22:00:00,Cashfree,success,3060.81,32.13,INR,2026-04-18 22:00:00
PAY000004680,ORD00005611,2026-03-23 10:00:00,Razorpay,success,1969.39,32.04,INR,2026-03-23 10:00:00
PAY000004681,ORD00007162,2026-02-21 17:00:00,Razorpay,success,2524.39,7.81,INR,2026-02-21 17:00:00
PAY000004682,ORD00006350,2026-03-17 00:00:00,razorpay ,success,315.25,18.31,INR,2026-03-17 00:00:00
PAY000004683,ORD00008093,2026-08-18 18:00:00,Razorpay,Failed,1063.68,30.54,INR,2026-08-18 18:00:00
PAY000004684,ORD00001580,2026-04-04 12:00:00,Cashfree,PENDING,1881.62,3.28,inr,2026-04-04 12:00:00
PAY000004685,ORD00006613,2026-03-15 08:00:00,razorpay ,PENDING,3132.28,3.23,INR,2026-03-15 08:00:00
PAY000004686,ORD00010851,2026-03-03 03:00:00,PayU,success,514.44,9.16,INR,2026-03-03 03:00:00
PAY000004687,ORD00004138,2026-03-11 15:00:00,razorpay ,PENDING,2624.54,32.79,INR,2026-03-11 15:00:00
PAY000004688,ORD00008143,2026-06-19 16:00:00,Cashfree,PENDING,2774.63,21.44,INR,2026-06-19 16:00:00
PAY000004689,ORD00007641,2026-02-22 23:00:00,Razorpay,success,746.93,6.03,INR,2026-02-22 23:00:00
PAY000004690,ORD00008512,2026-01-01 21:00:00,Stripe,Failed,1109.47,32.01,INR,2026-01-01 21:00:00
PAY000004691,ORD00004506,2026-01-29 22:00:00,Stripe,success,2167.95,32.7,INR,2026-01-29 22:00:00
PAY000004692,ORD00005889,2026-05-19 12:00:00,razorpay ,success,3535.07,25.3,INR,2026-05-19 12:00:00
PAY000004693,ORD00006963,2026-07-19 19:00:00,Razorpay,success,1127.08,22.25,INR,2026-07-19 19:00:00
PAY000004694,ORD00003374,2026-05-07 21:00:00,PayU,Failed,2803.98,12.41,INR,2026-05-07 21:00:00
PAY000004695,ORD00008761,2026-04-26 22:00:00,Stripe,success,753.49,16.04,inr,2026-04-26 22:00:00
PAY000004696,ORD00006951,2026-02-03 20:00:00,Razorpay,Failed,423.51,15.2,INR,2026-02-03 20:00:00
PAY000004697,ORD00002903,2026-02-26 07:00:00,Razorpay,REFUNDED,1315.01,9.32,INR,2026-02-26 07:00:00
PAY000004698,ORD00009348,2026-08-16 09:00:00,razorpay ,success,1838.76,31.92,INR,2026-08-16 09:00:00
PAY000004699,ORD00006771,2026-07-26 11:00:00,Razorpay,success,1508.8,25.87,INR,2026-07-26 11:00:00
PAY000004700,ORD00008352,2026-08-24 21:00:00,PayU,success,406.19,2.58,INR,2026-08-24 21:00:00
PAY000004701,ORD00007751,2026-03-22 00:00:00,PayU,PENDING,582.96,7.2,Rs,2026-03-22 00:00:00
PAY000004702,ORD00004634,2026-08-22 05:00:00,Razorpay,success,1378.14,20.17,INR,2026-08-22 05:00:00
PAY000004703,ORD00008525,2026-05-08 05:00:00,PayU,success,1400.81,22.69,INR,2026-05-08 05:00:00
PAY000004704,ORD00007672,2026-01-18 08:00:00,Stripe,Failed,2292.72,13.69,INR,2026-01-18 08:00:00
PAY000004705,ORD00011530,2026-06-29 08:00:00,Stripe,success,870.04,32.78,INR,2026-06-29 08:00:00
PAY000004706,ORD00007489,2026-04-03 17:00:00,Stripe,success,802.19,20.53,INR,2026-04-03 17:00:00
PAY000004707,ORD00003268,2026-04-15 09:00:00,Razorpay,success,1119.06,31.05,INR,2026-04-15 09:00:00
PAY000004708,ORD00007058,2026-07-13 00:00:00,PayU,success,956.91,13.23,inr,2026-07-13 00:00:00
PAY000004709,ORD00009067,2026-04-13 12:00:00,Cashfree,Failed,494.2,9.82,INR,2026-04-13 12:00:00
PAY000004710,ORD00010813,2026-08-17 09:00:00,PayU,success,1375.32,32.76,INR,2026-08-17 09:00:00
PAY000004711,ORD00003338,2026-08-15 14:00:00,Razorpay,Failed,1443.28,26.73,Rs,2026-08-15 14:00:00
PAY000004712,ORD00010797,2026-06-22 05:00:00,razorpay ,success,1071.49,18.1,INR,2026-06-22 05:00:00
PAY000004713,ORD00003353,2026-05-05 06:00:00,Stripe,success,1834.36,8.35,INR,2026-05-05 06:00:00
PAY000004714,ORD00010299,2026-07-20 22:00:00,razorpay ,success,2602.57,13.45,INR,2026-07-20 22:00:00
PAY000004715,ORD00000464,2026-05-23 10:00:00,razorpay ,success,3430.22,34.61,INR,2026-05-23 10:00:00
PAY000004716,ORD00002531,2026-01-21 21:00:00,PayU,success,637.25,29.12,INR,2026-01-21 21:00:00
PAY000004717,ORD00008882,2026-01-26 15:00:00,Razorpay,success,1706.01,12.45,INR,2026-01-26 15:00:00
PAY000004718,ORD00002500,2026-02-25 22:00:00,Stripe,PENDING,2230.56,33.46,INR,2026-02-25 22:00:00
PAY000004719,ORD00008050,2026-07-19 16:00:00,Razorpay,success,2212.6,10.58,Rs,2026-07-19 16:00:00
PAY000004720,ORD00006093,2026-05-09 09:00:00,razorpay ,success,587.03,6.95,INR,2026-05-09 09:00:00
PAY000004721,ORD00005975,2026-03-02 14:00:00,Razorpay,success,805.63,26.0,INR,2026-03-02 14:00:00
PAY000004722,ORD00007909,2026-03-12 21:00:00,razorpay ,PENDING,438.04,31.6,INR,2026-03-12 21:00:00
PAY000004723,ORD00008517,2026-04-27 22:00:00,razorpay ,success,1850.79,3.18,INR,2026-04-27 22:00:00
PAY000004724,ORD00003962,2026-07-19 09:00:00,,success,1222.46,27.76,INR,2026-07-19 09:00:00
PAY000004725,ORD00005851,2026-05-22 16:00:00,PayU,PENDING,604.75,6.26,INR,2026-05-22 16:00:00
PAY000004726,ORD00011681,2026-05-30 20:00:00,Cashfree,success,563.11,13.22,INR,2026-05-30 20:00:00
PAY000004727,ORD00003277,2026-07-06 01:00:00,PayU,Failed,681.83,15.44,INR,2026-07-06 01:00:00
PAY000004728,ORD00000761,2026-07-06 04:00:00,PayU,success,463.13,31.13,INR,2026-07-06 04:00:00
PAY000004729,ORD00004273,2026-04-22 19:00:00,Cashfree,success,1679.76,19.25,INR,2026-04-22 19:00:00
PAY000004730,ORD00005791,2026-03-06 01:00:00,Cashfree,success,1071.5,28.02,Rs,2026-03-06 01:00:00
PAY000004731,ORD00007148,2026-06-17 14:00:00,Stripe,success,317.74,10.55,INR,2026-06-17 14:00:00
PAY000004732,ORD00010840,2026-03-21 12:00:00,razorpay ,success,846.13,14.29,INR,2026-03-21 12:00:00
PAY000004733,ORD00004313,2026-03-13 12:00:00,PayU,success,882.5,22.45,INR,2026-03-13 12:00:00
PAY000004734,ORD00003296,2026-01-25 05:00:00,razorpay ,success,855.98,3.16,inr,2026-01-25 05:00:00
PAY000004735,ORD00009644,2026-01-29 02:00:00,Stripe,success,2452.13,27.85,INR,2026-01-29 02:00:00
PAY000004736,ORD00011857,2026-05-29 12:00:00,PayU,success,409.86,33.25,INR,2026-05-29 12:00:00
PAY000004737,ORD00003860,2026-03-23 07:00:00,razorpay ,PENDING,1073.59,21.55,INR,2026-03-23 07:00:00
PAY000004738,ORD00003584,2026-03-18 12:00:00,PayU,success,995.94,9.08,INR,2026-03-18 12:00:00
PAY000004739,ORD00002012,2026-06-23 19:00:00,PayU,success,289.05,31.12,INR,2026-06-23 19:00:00
PAY000004740,ORD00008844,2026-03-08 20:00:00,Razorpay,success,1981.62,15.44,INR,2026-03-08 20:00:00
PAY000004741,ORD00003286,2026-06-24 06:00:00,razorpay ,success,1975.06,33.36,INR,2026-06-24 06:00:00
PAY000004742,ORD00008929,2026-04-12 19:00:00,PayU,success,674.31,28.88,Rs,2026-04-12 19:00:00
PAY000004743,ORD00003465,2026-03-21 16:00:00,PayU,success,1192.51,22.45,INR,2026-03-21 16:00:00
PAY000004744,ORD00000598,2026-06-17 05:00:00,PayU,success,397.33,18.05,INR,2026-06-17 05:00:00
PAY000004745,ORD00002656,2026-06-07 04:00:00,PayU,success,753.93,15.86,INR,2026-06-07 04:00:00
PAY000004746,ORD00008651,2026-06-26 06:00:00,Stripe,success,1766.45,19.71,INR,2026-06-26 06:00:00
PAY000004747,ORD00007160,2026-03-10 02:00:00,razorpay ,success,1830.52,28.06,INR,2026-03-10 02:00:00
PAY000004748,ORD00007261,2026-05-08 11:00:00,PayU,success,569.61,26.16,INR,2026-05-08 11:00:00
PAY000004749,ORD00004584,2026-02-18 04:00:00,Stripe,success,488.26,25.05,INR,2026-02-18 04:00:00
PAY000004750,ORD00007427,2026-07-02 07:00:00,Cashfree,success,1648.59,28.11,INR,2026-07-02 07:00:00
PAY000004751,ORD00001286,2026-07-28 14:00:00,razorpay ,success,1038.84,22.35,INR,2026-07-28 14:00:00
PAY000004752,ORD00006650,2026-08-19 02:00:00,Razorpay,success,343.67,2.37,INR,2026-08-19 02:00:00
PAY000004753,ORD00003516,2026-01-04 23:00:00,Cashfree,success,1175.97,24.76,inr,2026-01-04 23:00:00
PAY000004754,ORD00002909,2026-05-19 11:00:00,PayU,success,697.19,15.01,INR,2026-05-19 11:00:00
PAY000004755,ORD00009425,2026-05-09 02:00:00,Stripe,success,352.37,29.2,INR,2026-05-09 02:00:00
PAY000004756,ORD00009765,2026-06-12 07:00:00,Cashfree,REFUNDED,2532.8,20.37,INR,2026-06-12 07:00:00
PAY000004757,ORD00000273,2026-02-14 11:00:00,razorpay ,success,1244.35,21.47,INR,2026-02-14 11:00:00
PAY000004758,ORD00001878,2026-05-20 12:00:00,Razorpay,success,10833.24,21.54,Rs,2026-05-20 12:00:00
PAY000004759,ORD00007454,2026-07-06 19:00:00,Stripe,PENDING,761.54,3.11,Rs,2026-07-06 19:00:00
PAY000004760,ORD00009650,2026-02-15 12:00:00,razorpay ,success,708.43,9.26,INR,2026-02-15 12:00:00
PAY000004761,ORD00002792,2026-04-27 01:00:00,PayU,success,4616.21,5.38,INR,2026-04-27 01:00:00
PAY000004762,ORD00002278,2026-01-01 19:00:00,razorpay ,success,1749.22,4.7,inr,2026-01-01 19:00:00
PAY000004763,ORD00000820,2026-04-11 16:00:00,Cashfree,REFUNDED,465.07,22.43,inr,2026-04-11 16:00:00
PAY000004764,ORD00001369,2026-01-13 23:00:00,PayU,success,1417.35,15.21,inr,2026-01-13 23:00:00
PAY000004765,ORD00011390,2026-04-22 16:00:00,Cashfree,success,1494.89,8.32,INR,2026-04-22 16:00:00
PAY000004766,ORD00000326,2026-01-01 14:00:00,Cashfree,success,708.25,23.7,INR,2026-01-01 14:00:00
PAY000004767,ORD00008393,2026-05-01 04:00:00,Cashfree,success,3959.96,2.36,INR,2026-05-01 04:00:00
PAY000004768,ORD00003268,2026-08-18 23:00:00,Cashfree,success,1363.97,19.94,Rs,2026-08-18 23:00:00
PAY000004769,ORD00000428,2026-08-17 17:00:00,Cashfree,success,1074.68,29.08,INR,2026-08-17 17:00:00
PAY000004770,ORD00006495,2026-01-24 22:00:00,PayU,REFUNDED,2008.97,4.07,INR,2026-01-24 22:00:00
PAY000004771,ORD00000698,2026-01-20 01:00:00,razorpay ,success,1678.05,21.88,INR,2026-01-20 01:00:00
PAY000004772,ORD00008682,2026-01-25 12:00:00,razorpay ,success,1327.13,34.03,INR,2026-01-25 12:00:00
PAY000004773,ORD00003061,2026-08-11 09:00:00,Cashfree,success,688.82,18.17,INR,2026-08-11 09:00:00
PAY000004774,ORD00003293,2026-06-11 03:00:00,Cashfree,success,1561.25,26.61,INR,2026-06-11 03:00:00
PAY000004775,ORD00009848,2026-06-26 11:00:00,Stripe,REFUNDED,1305.29,15.78,INR,2026-06-26 11:00:00
PAY000004776,ORD00000668,2026-06-23 08:00:00,razorpay ,success,1113.21,4.13,INR,2026-06-23 08:00:00
PAY000004777,ORD00008443,2026-03-09 22:00:00,Stripe,Failed,1658.37,33.74,INR,2026-03-09 22:00:00
PAY000004778,ORD00010621,2026-02-06 09:00:00,Razorpay,Failed,3666.47,27.69,INR,2026-02-06 09:00:00
PAY000004779,ORD00000649,2026-07-15 07:00:00,Razorpay,success,2535.25,31.6,INR,2026-07-15 07:00:00
PAY000004780,ORD00000876,2026-08-05 08:00:00,razorpay ,Failed,796.57,19.97,INR,2026-08-05 08:00:00
PAY000004781,ORD00005688,2026-02-07 19:00:00,Cashfree,success,1832.6,17.62,INR,2026-02-07 19:00:00
PAY000004782,ORD00005738,2026-08-03 06:00:00,PayU,success,1548.31,10.02,INR,2026-08-03 06:00:00
PAY000004783,ORD00004760,2026-08-05 12:00:00,Stripe,success,1090.3,26.89,INR,2026-08-05 12:00:00
PAY000004784,ORD00007480,2026-02-13 20:00:00,Stripe,success,2152.39,14.28,INR,2026-02-13 20:00:00
PAY000004785,ORD00007486,2026-03-18 06:00:00,Stripe,success,2203.31,2.9,INR,2026-03-18 06:00:00
PAY000004786,ORD00009228,2026-02-26 05:00:00,Razorpay,success,1513.26,15.0,inr,2026-02-26 05:00:00
PAY000004787,ORD00011742,2026-05-23 07:00:00,Stripe,REFUNDED,1259.65,15.81,INR,2026-05-23 07:00:00
PAY000004788,ORD00006091,2026-08-19 11:00:00,Stripe,success,785.18,3.44,inr,2026-08-19 11:00:00
PAY000004789,ORD00009556,2026-08-23 10:00:00,Razorpay,success,1451.4,34.69,INR,2026-08-23 10:00:00
PAY000004790,ORD00004572,2026-05-27 02:00:00,Razorpay,success,3065.47,8.19,INR,2026-05-27 02:00:00
PAY000004791,ORD00002706,2026-06-26 07:00:00,razorpay ,success,1469.83,34.16,INR,2026-06-26 07:00:00
PAY000004792,ORD00008614,2026-04-11 23:00:00,Razorpay,PENDING,3453.6,12.56,Rs,2026-04-11 23:00:00
PAY000004793,ORD00003418,2026-01-12 23:00:00,razorpay ,success,726.44,8.03,INR,2026-01-12 23:00:00
PAY000004794,ORD00005239,2026-06-05 01:00:00,Razorpay,success,1411.49,24.51,INR,2026-06-05 01:00:00
PAY000004795,ORD00000988,2026-06-13 05:00:00,PayU,success,2158.95,31.29,INR,2026-06-13 05:00:00
PAY000004796,ORD00009715,2026-02-21 08:00:00,Cashfree,success,4507.92,24.29,INR,2026-02-21 08:00:00
PAY000004797,ORD00001738,2026-03-11 19:00:00,Cashfree,success,1677.72,11.52,INR,2026-03-11 19:00:00
PAY000004798,ORD00000438,2026-02-10 04:00:00,PayU,REFUNDED,660.47,28.54,INR,2026-02-10 04:00:00
PAY000004799,ORD00003950,2026-06-10 18:00:00,razorpay ,Failed,1146.08,21.53,INR,2026-06-10 18:00:00
PAY000004800,ORD00003072,2026-02-15 09:00:00,PayU,REFUNDED,721.47,18.5,INR,2026-02-15 09:00:00
PAY000004801,ORD00003444,2026-06-06 22:00:00,razorpay ,success,694.28,9.14,INR,2026-06-06 22:00:00
PAY000004802,ORD00009103,2026-08-27 03:00:00,Stripe,success,751.01,27.46,INR,2026-08-27 03:00:00
PAY000004803,ORD00009600,2026-04-28 17:00:00,PayU,success,922.46,8.48,INR,2026-04-28 17:00:00
PAY000004804,ORD00006926,2026-02-01 13:00:00,razorpay ,success,2473.18,32.84,INR,2026-02-01 13:00:00
PAY000004805,ORD00000962,2026-07-24 22:00:00,PayU,success,1549.62,19.09,INR,2026-07-24 22:00:00
PAY000004806,ORD00007987,2026-07-21 22:00:00,razorpay ,success,225.96,9.67,INR,2026-07-21 22:00:00
PAY000004807,ORD00006723,2026-06-19 17:00:00,Stripe,success,1553.61,24.86,INR,2026-06-19 17:00:00
PAY000004808,ORD00011489,2026-03-15 03:00:00,Cashfree,success,1000.55,17.02,INR,2026-03-15 03:00:00
PAY000004809,ORD00008623,2026-08-03 14:00:00,razorpay ,success,1227.76,33.42,INR,2026-08-03 14:00:00
PAY000004810,ORD00011814,2026-04-29 01:00:00,PayU,success,760.87,30.78,INR,2026-04-29 01:00:00
PAY000004811,ORD00008744,2026-05-17 16:00:00,Stripe,success,1313.88,9.73,INR,2026-05-17 16:00:00
PAY000004812,ORD00010773,2026-03-27 09:00:00,Stripe,success,1207.08,17.91,inr,2026-03-27 09:00:00
PAY000004813,ORD00000451,2026-08-13 21:00:00,Razorpay,Failed,2126.48,9.02,INR,2026-08-13 21:00:00
PAY000004814,ORD00007034,2026-02-22 08:00:00,Razorpay,success,999.64,30.64,INR,2026-02-22 08:00:00
PAY000004815,ORD00005511,2026-08-14 20:00:00,Cashfree,success,1567.43,19.31,INR,2026-08-14 20:00:00
PAY000004816,ORD00007277,2026-06-10 07:00:00,Cashfree,success,2221.0,14.07,INR,2026-06-10 07:00:00
PAY000004817,ORD00000498,2026-03-09 10:00:00,Cashfree,success,1089.83,11.67,INR,2026-03-09 10:00:00
PAY000004818,ORD00003400,2026-02-10 08:00:00,Cashfree,success,1869.34,11.3,INR,2026-02-10 08:00:00
PAY000004819,ORD00009226,2026-03-20 17:00:00,PayU,success,1624.6,31.98,INR,2026-03-20 17:00:00
PAY000004820,ORD00000796,2026-02-09 21:00:00,Stripe,Failed,206.88,24.67,INR,2026-02-09 21:00:00
PAY000004821,ORD00009498,2026-06-18 05:00:00,PayU,success,2617.6,31.25,INR,2026-06-18 05:00:00
PAY000004822,ORD00010453,2026-05-02 19:00:00,PayU,PENDING,2516.4,10.46,INR,2026-05-02 19:00:00
PAY000004823,ORD00000910,2026-06-08 14:00:00,Razorpay,success,454.6,14.62,INR,2026-06-08 14:00:00
PAY000004824,ORD00006513,2026-03-12 02:00:00,PayU,success,917.44,22.85,inr,2026-03-12 02:00:00
PAY000004825,ORD00011063,2026-03-05 19:00:00,razorpay ,success,1077.43,17.29,INR,2026-03-05 19:00:00
PAY000004826,ORD00002009,2026-05-10 15:00:00,razorpay ,success,2669.88,9.58,INR,2026-05-10 15:00:00
PAY000004827,ORD00000356,2026-06-08 08:00:00,PayU,success,2254.93,13.36,INR,2026-06-08 08:00:00
PAY000004828,ORD00007596,2026-03-10 07:00:00,razorpay ,Failed,2099.07,12.63,INR,2026-03-10 07:00:00
PAY000004829,ORD00010344,2026-03-18 14:00:00,Stripe,success,361.46,16.05,INR,2026-03-18 14:00:00
PAY000004830,ORD00010681,2026-05-21 10:00:00,Cashfree,success,1168.29,20.81,INR,2026-05-21 10:00:00
PAY000004831,ORD00003684,2026-03-09 20:00:00,razorpay ,success,656.44,24.56,inr,2026-03-09 20:00:00
PAY000004832,ORD00001413,2026-07-12 17:00:00,Razorpay,success,306.08,7.61,inr,2026-07-12 17:00:00
PAY000004833,ORD00005753,2026-03-26 22:00:00,razorpay ,success,890.82,29.67,INR,2026-03-26 22:00:00
PAY000004834,ORD00010844,2026-01-24 15:00:00,Cashfree,success,646.61,15.74,INR,2026-01-24 15:00:00
PAY000004835,ORD00010440,2026-05-10 01:00:00,razorpay ,Failed,1711.71,14.95,inr,2026-05-10 01:00:00
PAY000004836,ORD00001018,2026-05-14 15:00:00,razorpay ,PENDING,1380.23,25.26,inr,2026-05-14 15:00:00
PAY000004837,ORD00003400,2026-06-21 07:00:00,Cashfree,success,2251.1,24.37,inr,2026-06-21 07:00:00
PAY000004838,ORD00005149,2026-02-28 04:00:00,Cashfree,success,489.98,6.56,INR,2026-02-28 04:00:00
PAY000004839,ORD00006902,2026-02-23 22:00:00,razorpay ,success,1009.04,7.16,INR,2026-02-23 22:00:00
PAY000004840,ORD00001376,2026-06-27 08:00:00,razorpay ,PENDING,2009.74,31.81,INR,2026-06-27 08:00:00
PAY000004841,ORD00009451,2026-08-21 05:00:00,Razorpay,success,871.14,22.35,INR,2026-08-21 05:00:00
PAY000004842,ORD00000501,2026-04-02 19:00:00,razorpay ,success,1338.11,31.34,INR,2026-04-02 19:00:00
PAY000004843,ORD00002779,2026-08-10 00:00:00,,success,1204.93,18.58,INR,2026-08-10 00:00:00
PAY000004844,ORD00011096,2026-04-15 07:00:00,Razorpay,success,1688.06,10.78,INR,2026-04-15 07:00:00
PAY000004845,ORD00003301,2026-04-24 22:00:00,Cashfree,success,425.18,24.52,inr,2026-04-24 22:00:00
PAY000004846,ORD00006113,2026-04-10 15:00:00,PayU,Failed,726.36,5.02,INR,2026-04-10 15:00:00
PAY000004847,ORD00005019,2026-07-04 00:00:00,razorpay ,success,2818.18,25.26,INR,2026-07-04 00:00:00
PAY000004848,ORD00003956,2026-06-03 10:00:00,Stripe,success,424.4,9.98,INR,2026-06-03 10:00:00
PAY000004849,ORD00009655,2026-02-03 19:00:00,,success,2093.24,34.32,INR,2026-02-03 19:00:00
PAY000004850,ORD00002208,2026-07-08 20:00:00,Stripe,success,1211.21,33.13,inr,2026-07-08 20:00:00
PAY000004851,ORD00004538,2026-05-25 03:00:00,razorpay ,success,1138.69,28.69,INR,2026-05-25 03:00:00
PAY000004852,ORD00000046,2026-04-24 23:00:00,Cashfree,success,373.67,27.71,INR,2026-04-24 23:00:00
PAY000004853,ORD00000022,2026-05-08 19:00:00,Cashfree,success,1247.97,12.73,INR,2026-05-08 19:00:00
PAY000004854,ORD00000452,2026-05-02 06:00:00,PayU,success,1315.71,32.65,INR,2026-05-02 06:00:00
PAY000004855,ORD00011709,2026-06-24 20:00:00,Cashfree,success,1545.97,5.9,INR,2026-06-24 20:00:00
PAY000004856,ORD00000514,2026-04-10 13:00:00,razorpay ,success,516.02,5.01,INR,2026-04-10 13:00:00
PAY000004857,ORD00008290,2026-06-18 16:00:00,razorpay ,PENDING,1787.03,3.65,inr,2026-06-18 16:00:00
PAY000004858,ORD00011093,2026-06-11 01:00:00,Cashfree,success,1301.22,28.01,INR,2026-06-11 01:00:00
PAY000004859,ORD00000046,2026-06-19 04:00:00,razorpay ,success,1438.54,8.77,INR,2026-06-19 04:00:00
PAY000004860,ORD00008063,2026-01-06 19:00:00,Stripe,success,1038.37,17.74,INR,2026-01-06 19:00:00
PAY000004861,ORD00001273,2026-06-15 21:00:00,Cashfree,success,1587.85,29.72,INR,2026-06-15 21:00:00
PAY000004862,ORD00011691,2026-04-17 03:00:00,razorpay ,success,1077.02,34.7,INR,2026-04-17 03:00:00
PAY000004863,ORD00003201,2026-02-01 20:00:00,PayU,success,686.68,27.59,INR,2026-02-01 20:00:00
PAY000004864,ORD00010271,2026-03-03 13:00:00,PayU,success,1762.86,19.73,Rs,2026-03-03 13:00:00
PAY000004865,ORD00009356,2026-07-18 03:00:00,PayU,PENDING,3270.17,27.11,INR,2026-07-18 03:00:00
PAY000004866,ORD00007338,2026-01-02 02:00:00,Cashfree,success,546.52,8.91,INR,2026-01-02 02:00:00
PAY000004867,ORD00000148,2026-01-12 13:00:00,Stripe,success,1017.78,26.1,INR,2026-01-12 13:00:00
PAY000004868,ORD00008487,2026-04-19 01:00:00,Stripe,success,2065.47,17.45,INR,2026-04-19 01:00:00
PAY000004869,ORD00008109,2026-08-26 04:00:00,Stripe,success,955.65,14.65,INR,2026-08-26 04:00:00
PAY000004870,ORD00011086,2026-05-10 15:00:00,razorpay ,success,1576.38,4.82,INR,2026-05-10 15:00:00
PAY000004871,ORD00002545,2026-07-16 11:00:00,Stripe,PENDING,2568.37,26.71,INR,2026-07-16 11:00:00
PAY000004872,ORD00004824,2026-03-22 01:00:00,Razorpay,success,2075.06,28.39,INR,2026-03-22 01:00:00
PAY000004873,ORD00007966,2026-04-02 18:00:00,Cashfree,success,1298.55,13.53,INR,2026-04-02 18:00:00
PAY000004874,ORD00005754,2026-05-18 06:00:00,PayU,success,3692.42,32.42,inr,2026-05-18 06:00:00
PAY000004875,ORD00000852,2026-04-04 16:00:00,Stripe,success,1154.32,18.19,INR,2026-04-04 16:00:00
PAY000004876,ORD00009000,2026-06-14 18:00:00,Razorpay,success,712.06,22.49,Rs,2026-06-14 18:00:00
PAY000004877,ORD00010102,2026-07-23 17:00:00,Stripe,Failed,1430.4,8.36,INR,2026-07-23 17:00:00
PAY000004878,ORD00006008,2026-02-27 17:00:00,razorpay ,success,599.13,3.99,INR,2026-02-27 17:00:00
PAY000004879,ORD00002919,2026-04-18 13:00:00,razorpay ,success,697.79,25.2,INR,2026-04-18 13:00:00
PAY000004880,ORD00005026,2026-06-06 15:00:00,razorpay ,PENDING,1566.77,22.86,inr,2026-06-06 15:00:00
PAY000004881,ORD00002076,2026-07-26 19:00:00,Cashfree,Failed,979.26,9.74,INR,2026-07-26 19:00:00
PAY000004882,ORD00010351,2026-02-05 03:00:00,PayU,success,743.22,9.62,INR,2026-02-05 03:00:00
PAY000004883,ORD00011690,2026-03-24 22:00:00,PayU,success,1177.25,2.59,INR,2026-03-24 22:00:00
PAY000004884,ORD00009941,2026-06-26 04:00:00,Cashfree,success,1531.12,34.97,INR,2026-06-26 04:00:00
PAY000004885,ORD00003420,2026-05-14 10:00:00,Razorpay,success,472.83,4.43,INR,2026-05-14 10:00:00
PAY000004886,ORD00006413,2026-03-03 18:00:00,Stripe,success,2837.66,32.77,INR,2026-03-03 18:00:00
PAY000004887,ORD00011120,2026-05-21 20:00:00,razorpay ,success,1028.85,11.24,INR,2026-05-21 20:00:00
PAY000004888,ORD00011668,2026-03-25 20:00:00,Stripe,success,768.72,23.2,INR,2026-03-25 20:00:00
PAY000004889,ORD00001979,2026-07-26 12:00:00,razorpay ,success,980.59,31.47,INR,2026-07-26 12:00:00
PAY000004890,ORD00000459,2026-04-01 10:00:00,Razorpay,success,861.26,25.47,INR,2026-04-01 10:00:00
PAY000004891,ORD00003735,2026-04-19 09:00:00,razorpay ,success,2056.68,20.78,INR,2026-04-19 09:00:00
PAY000004892,ORD00011688,2026-02-05 21:00:00,Cashfree,success,1307.38,23.79,INR,2026-02-05 21:00:00
PAY000004893,ORD00002007,2026-07-15 03:00:00,Razorpay,success,677.59,25.01,INR,2026-07-15 03:00:00
PAY000004894,ORD00000377,2026-02-28 19:00:00,Razorpay,success,1340.77,4.97,inr,2026-02-28 19:00:00
PAY000004895,ORD00008091,2026-03-18 06:00:00,razorpay ,Failed,1521.39,26.23,INR,2026-03-18 06:00:00
PAY000004896,ORD00006302,2026-06-06 15:00:00,PayU,success,841.18,29.63,INR,2026-06-06 15:00:00
PAY000004897,ORD00008011,2026-07-15 19:00:00,razorpay ,PENDING,688.66,33.18,INR,2026-07-15 19:00:00
PAY000004898,ORD00005412,2026-08-24 22:00:00,PayU,Failed,2394.31,6.54,INR,2026-08-24 22:00:00
PAY000004899,ORD00005933,2026-08-13 05:00:00,Cashfree,REFUNDED,738.79,23.14,INR,2026-08-13 05:00:00
PAY000004900,ORD00011579,2026-05-26 19:00:00,PayU,success,1088.49,13.41,INR,2026-05-26 19:00:00
PAY000004901,ORD00006030,2026-05-20 00:00:00,razorpay ,PENDING,903.83,22.75,Rs,2026-05-20 00:00:00
PAY000004902,ORD00004694,2026-06-27 05:00:00,PayU,success,2231.47,2.78,INR,2026-06-27 05:00:00
PAY000004903,ORD00001042,2026-02-24 11:00:00,Cashfree,REFUNDED,540.21,25.16,INR,2026-02-24 11:00:00
PAY000004904,ORD00006925,2026-01-01 23:00:00,Stripe,success,880.36,8.14,INR,2026-01-01 23:00:00
PAY000004905,ORD00006923,2026-05-09 02:00:00,Cashfree,success,560.11,16.96,inr,2026-05-09 02:00:00
PAY000004906,ORD00000192,2026-05-24 16:00:00,PayU,Failed,1709.56,27.11,INR,2026-05-24 16:00:00
PAY000004907,ORD00000150,2026-04-08 14:00:00,Cashfree,success,1161.91,23.43,INR,2026-04-08 14:00:00
PAY000004908,ORD00005243,2026-04-14 01:00:00,PayU,success,418.07,30.71,INR,2026-04-14 01:00:00
PAY000004909,ORD00007837,2026-06-15 03:00:00,Razorpay,success,205.97,13.83,INR,2026-06-15 03:00:00
PAY000004910,ORD00008178,2026-04-27 03:00:00,Cashfree,success,527.1,32.95,INR,2026-04-27 03:00:00
PAY000004911,ORD00000751,2026-06-27 09:00:00,razorpay ,success,397.73,30.77,inr,2026-06-27 09:00:00
PAY000004912,ORD00003468,2026-02-14 11:00:00,PayU,success,1181.25,7.39,INR,2026-02-14 11:00:00
PAY000004913,ORD00003310,2026-08-17 18:00:00,Stripe,success,753.6,25.23,INR,2026-08-17 18:00:00
PAY000004914,ORD00010748,2026-06-28 17:00:00,Razorpay,success,1402.4,10.23,INR,2026-06-28 17:00:00
PAY000004915,ORD00002089,2026-03-07 09:00:00,Razorpay,REFUNDED,1972.87,23.13,INR,2026-03-07 09:00:00
PAY000004916,ORD00000312,2026-02-18 21:00:00,razorpay ,success,532.96,19.12,INR,2026-02-18 21:00:00
PAY000004917,ORD00006468,2026-01-31 00:00:00,razorpay ,PENDING,984.03,34.69,Rs,2026-01-31 00:00:00
PAY000004918,ORD00009130,2026-04-19 07:00:00,Razorpay,success,405.26,20.46,INR,2026-04-19 07:00:00
PAY000004919,ORD00004842,2026-07-29 01:00:00,PayU,success,802.68,20.58,INR,2026-07-29 01:00:00
PAY000004920,ORD00006375,2026-07-25 01:00:00,PayU,success,1972.33,4.25,inr,2026-07-25 01:00:00
PAY000004921,ORD00006235,2026-02-23 03:00:00,Razorpay,success,978.16,24.2,Rs,2026-02-23 03:00:00
PAY000004922,ORD00000390,2026-01-01 11:00:00,razorpay ,success,1000.79,11.06,INR,2026-01-01 11:00:00
PAY000004923,ORD00008619,2026-05-16 15:00:00,Stripe,success,364.92,10.92,Rs,2026-05-16 15:00:00
PAY000004924,ORD00007872,2026-04-02 22:00:00,razorpay ,success,1915.82,19.82,INR,2026-04-02 22:00:00
PAY000004925,ORD00006864,2026-07-09 22:00:00,PayU,success,1014.48,19.12,INR,2026-07-09 22:00:00
PAY000004926,ORD00011310,2026-07-02 22:00:00,PayU,success,564.38,20.05,INR,2026-07-02 22:00:00
PAY000004927,ORD00000649,2026-03-11 22:00:00,razorpay ,success,714.49,4.99,INR,2026-03-11 22:00:00
PAY000004928,ORD00003154,2026-08-16 15:00:00,PayU,Failed,3641.25,30.15,inr,2026-08-16 15:00:00
PAY000004929,ORD00006589,2026-07-18 00:00:00,Stripe,Failed,2936.72,28.26,INR,2026-07-18 00:00:00
PAY000004930,ORD00001009,2026-06-30 00:00:00,Razorpay,success,695.36,28.91,INR,2026-06-30 00:00:00
PAY000004931,ORD00004256,2026-02-03 16:00:00,PayU,success,515.95,6.72,inr,2026-02-03 16:00:00
PAY000004932,ORD00005324,2026-06-24 16:00:00,Cashfree,success,783.76,24.7,INR,2026-06-24 16:00:00
PAY000004933,ORD00000891,2026-07-15 02:00:00,razorpay ,Failed,667.92,20.36,INR,2026-07-15 02:00:00
PAY000004934,ORD00009057,2026-02-02 03:00:00,Razorpay,success,1479.77,15.23,inr,2026-02-02 03:00:00
PAY000004935,ORD00006624,2026-07-14 16:00:00,PayU,success,1895.83,10.83,INR,2026-07-14 16:00:00
PAY000004936,ORD00006148,2026-04-16 06:00:00,Stripe,success,3299.91,7.48,inr,2026-04-16 06:00:00
PAY000004937,ORD00000689,2026-05-03 00:00:00,PayU,success,561.75,2.97,INR,2026-05-03 00:00:00
PAY000004938,ORD00005222,2026-01-25 21:00:00,razorpay ,success,3607.28,12.18,INR,2026-01-25 21:00:00
PAY000004939,ORD00001814,2026-04-14 07:00:00,Cashfree,Failed,3955.18,24.25,INR,2026-04-14 07:00:00
PAY000004940,ORD00002022,2026-04-06 01:00:00,razorpay ,success,900.2,11.79,Rs,2026-04-06 01:00:00
PAY000004941,ORD00004778,2026-07-26 17:00:00,Razorpay,success,1646.91,22.88,INR,2026-07-26 17:00:00
PAY000004942,ORD00002108,2026-08-06 04:00:00,Razorpay,success,2380.28,21.76,INR,2026-08-06 04:00:00
PAY000004943,ORD00000138,2026-07-21 01:00:00,PayU,success,500.62,23.05,INR,2026-07-21 01:00:00
PAY000004944,ORD00002225,2026-06-21 17:00:00,PayU,success,2186.22,19.02,INR,2026-06-21 17:00:00
PAY000004945,ORD00005485,2026-07-06 20:00:00,PayU,success,1037.24,17.29,INR,2026-07-06 20:00:00
PAY000004946,ORD00001585,2026-08-14 16:00:00,Cashfree,success,940.9,6.04,INR,2026-08-14 16:00:00
PAY000004947,ORD00006931,2026-08-22 20:00:00,PayU,PENDING,932.44,28.33,INR,2026-08-22 20:00:00
PAY000004948,ORD00008995,2026-06-05 15:00:00,razorpay ,success,971.92,4.86,INR,2026-06-05 15:00:00
PAY000004949,ORD00007202,2026-04-10 09:00:00,Stripe,Failed,2074.56,14.6,INR,2026-04-10 09:00:00
PAY000004950,ORD00006267,2026-02-26 17:00:00,Cashfree,success,1464.5,13.89,INR,2026-02-26 17:00:00
PAY000004951,ORD00008880,2026-08-14 15:00:00,Stripe,PENDING,1214.7,24.24,Rs,2026-08-14 15:00:00
PAY000004952,ORD00007290,2026-01-03 17:00:00,PayU,success,1154.1,18.53,INR,2026-01-03 17:00:00
PAY000004953,ORD00011134,2026-08-15 18:00:00,Stripe,success,469.77,29.94,INR,2026-08-15 18:00:00
PAY000004954,ORD00003802,2026-02-21 21:00:00,razorpay ,success,701.29,33.29,INR,2026-02-21 21:00:00
PAY000004955,ORD00010057,2026-03-20 02:00:00,razorpay ,success,1223.45,2.02,INR,2026-03-20 02:00:00
PAY000004956,ORD00001559,2026-04-18 18:00:00,Stripe,success,1281.14,8.11,INR,2026-04-18 18:00:00
PAY000004957,ORD00008186,2026-04-27 11:00:00,Stripe,success,283.11,5.73,inr,2026-04-27 11:00:00
PAY000004958,ORD00006391,2026-06-27 16:00:00,PayU,success,474.97,31.52,INR,2026-06-27 16:00:00
PAY000004959,ORD00006883,2026-03-31 20:00:00,Stripe,Failed,825.32,19.27,INR,2026-03-31 20:00:00
PAY000004960,ORD00003876,2026-05-23 03:00:00,Razorpay,success,2401.06,15.0,INR,2026-05-23 03:00:00
PAY000004961,ORD00000889,2026-08-22 21:00:00,PayU,success,521.55,7.01,INR,2026-08-22 21:00:00
PAY000004962,ORD00006753,2026-04-09 00:00:00,Cashfree,Failed,396.88,25.66,INR,2026-04-09 00:00:00
PAY000004963,ORD00001034,2026-08-14 01:00:00,Razorpay,Failed,755.5,9.13,INR,2026-08-14 01:00:00
PAY000004964,ORD00000783,2026-06-10 06:00:00,razorpay ,success,1129.12,29.03,INR,2026-06-10 06:00:00
PAY000004965,ORD00003946,2026-04-17 07:00:00,Stripe,success,2048.67,27.89,INR,2026-04-17 07:00:00
PAY000004966,ORD00003786,2026-08-06 17:00:00,PayU,success,693.94,22.35,INR,2026-08-06 17:00:00
PAY000004967,ORD00008668,2026-05-18 21:00:00,PayU,success,2334.31,27.78,INR,2026-05-18 21:00:00
PAY000004968,ORD00010528,2026-01-24 05:00:00,Cashfree,success,1374.09,16.93,INR,2026-01-24 05:00:00
PAY000004969,ORD00011964,2026-06-01 08:00:00,Razorpay,Failed,1583.25,31.04,INR,2026-06-01 08:00:00
PAY000004970,ORD00000094,2026-05-31 17:00:00,Razorpay,Failed,926.07,23.73,INR,2026-05-31 17:00:00
PAY000004971,ORD00002661,2026-07-12 19:00:00,Razorpay,success,1164.87,8.51,INR,2026-07-12 19:00:00
PAY000004972,ORD00006644,2026-03-20 23:00:00,Razorpay,success,1239.78,7.03,INR,2026-03-20 23:00:00
PAY000004973,ORD00009079,2026-01-30 09:00:00,Razorpay,Failed,2615.14,23.03,INR,2026-01-30 09:00:00
PAY000004974,ORD00010954,2026-05-19 22:00:00,PayU,success,3862.2,19.9,INR,2026-05-19 22:00:00
PAY000004975,ORD00009979,2026-06-14 16:00:00,Razorpay,success,446.8,29.88,INR,2026-06-14 16:00:00
PAY000004976,ORD00003269,2026-03-12 06:00:00,razorpay ,success,1488.3,12.58,Rs,2026-03-12 06:00:00
PAY000004977,ORD00001284,2026-04-12 17:00:00,razorpay ,Failed,913.11,27.16,INR,2026-04-12 17:00:00
PAY000004978,ORD00005512,2026-03-25 08:00:00,Razorpay,Failed,674.8,21.47,INR,2026-03-25 08:00:00
PAY000004979,ORD00010145,2026-04-21 12:00:00,PayU,REFUNDED,459.84,15.95,INR,2026-04-21 12:00:00
PAY000004980,ORD00002341,2026-02-16 04:00:00,PayU,success,1575.95,4.99,INR,2026-02-16 04:00:00
PAY000004981,ORD00001987,2026-01-23 23:00:00,Stripe,success,886.09,7.83,INR,2026-01-23 23:00:00
PAY000004982,ORD00011839,2026-05-26 06:00:00,Cashfree,success,783.37,12.65,INR,2026-05-26 06:00:00
PAY000004983,ORD00003917,2026-08-18 19:00:00,Stripe,PENDING,938.52,17.27,inr,2026-08-18 19:00:00
PAY000004984,ORD00008010,2026-04-10 17:00:00,PayU,success,458.26,13.63,INR,2026-04-10 17:00:00
PAY000004985,ORD00009937,2026-05-24 13:00:00,razorpay ,success,900.57,12.73,INR,2026-05-24 13:00:00
PAY000004986,ORD00001571,2026-02-14 20:00:00,Cashfree,success,827.82,18.51,INR,2026-02-14 20:00:00
PAY000004987,ORD00010191,2026-04-25 11:00:00,Razorpay,success,462.87,2.45,inr,2026-04-25 11:00:00
PAY000004988,ORD00002794,2026-05-14 09:00:00,Cashfree,PENDING,3650.22,27.16,INR,2026-05-14 09:00:00
PAY000004989,ORD00003752,2026-02-22 10:00:00,Stripe,success,939.97,9.38,INR,2026-02-22 10:00:00
PAY000004990,ORD00002760,2026-05-05 09:00:00,Stripe,success,635.27,11.42,INR,2026-05-05 09:00:00
PAY000004991,ORD00010915,2026-01-18 14:00:00,Razorpay,success,1226.93,16.19,INR,2026-01-18 14:00:00
PAY000004992,ORD00001054,2026-03-31 15:00:00,Stripe,success,1390.62,6.04,INR,2026-03-31 15:00:00
PAY000004993,ORD00003817,2026-03-15 10:00:00,razorpay ,success,516.51,34.66,INR,2026-03-15 10:00:00
PAY000004994,ORD00005406,2026-05-13 16:00:00,Cashfree,success,1628.32,23.66,INR,2026-05-13 16:00:00
PAY000004995,ORD00009357,2026-08-19 09:00:00,razorpay ,success,2643.87,25.37,INR,2026-08-19 09:00:00
PAY000004996,ORD00010733,2026-01-30 23:00:00,Stripe,success,1810.6,14.2,inr,2026-01-30 23:00:00
PAY000004997,ORD00000951,2026-06-05 15:00:00,razorpay ,success,682.04,29.93,inr,2026-06-05 15:00:00
PAY000004998,ORD00006687,2026-05-13 19:00:00,Razorpay,success,554.84,29.73,INR,2026-05-13 19:00:00
PAY000004999,ORD00001529,2026-02-20 00:00:00,razorpay ,success,1144.94,32.83,inr,2026-02-20 00:00:00
PAY000005000,ORD00000275,2026-03-23 23:00:00,Cashfree,success,1266.81,22.64,inr,2026-03-23 23:00:00
PAY000005001,ORD00008917,2026-06-30 00:00:00,Cashfree,success,1075.35,33.97,INR,2026-06-30 00:00:00
PAY000005002,ORD00008035,2026-04-11 16:00:00,PayU,success,1029.15,26.96,INR,2026-04-11 16:00:00
PAY000005003,ORD00011730,2026-02-21 08:00:00,PayU,success,2128.95,26.61,INR,2026-02-21 08:00:00
PAY000005004,ORD00005033,2026-03-11 00:00:00,Stripe,success,564.36,15.78,INR,2026-03-11 00:00:00
PAY000005005,ORD00011728,2026-02-04 17:00:00,razorpay ,success,696.52,27.58,INR,2026-02-04 17:00:00
PAY000005006,ORD00000660,2026-02-01 12:00:00,razorpay ,success,1048.55,18.39,INR,2026-02-01 12:00:00
PAY000005007,ORD00008646,2026-03-26 20:00:00,Razorpay,success,3785.65,28.94,INR,2026-03-26 20:00:00
PAY000005008,ORD00005505,2026-03-10 15:00:00,Cashfree,success,743.21,14.57,INR,2026-03-10 15:00:00
PAY000005009,ORD00006145,2026-08-27 08:00:00,Razorpay,success,865.04,18.68,INR,2026-08-27 08:00:00
PAY000005010,ORD00006412,2026-07-02 07:00:00,PayU,success,819.96,14.13,INR,2026-07-02 07:00:00
PAY000005011,ORD00003167,2026-03-23 08:00:00,Razorpay,success,402.35,30.99,INR,2026-03-23 08:00:00
PAY000005012,ORD00007647,2026-02-08 15:00:00,razorpay ,REFUNDED,1075.01,18.74,INR,2026-02-08 15:00:00
PAY000005013,ORD00000482,2026-01-19 07:00:00,Razorpay,success,2897.62,18.99,INR,2026-01-19 07:00:00
PAY000005014,ORD00003300,2026-04-10 23:00:00,Stripe,success,3317.17,7.48,INR,2026-04-10 23:00:00
PAY000005015,ORD00003920,2026-04-20 17:00:00,PayU,REFUNDED,724.56,25.95,INR,2026-04-20 17:00:00
PAY000005016,ORD00011644,2026-01-22 12:00:00,Stripe,REFUNDED,1188.76,22.59,INR,2026-01-22 12:00:00
PAY000005017,ORD00005622,2026-03-31 10:00:00,razorpay ,success,1972.47,15.78,INR,2026-03-31 10:00:00
PAY000005018,ORD00011536,2026-06-30 01:00:00,Stripe,PENDING,1604.97,11.83,INR,2026-06-30 01:00:00
PAY000005019,ORD00008419,2026-06-07 17:00:00,Razorpay,success,222.24,27.97,INR,2026-06-07 17:00:00
PAY000005020,ORD00006477,2026-04-26 18:00:00,Cashfree,success,1108.43,19.37,INR,2026-04-26 18:00:00
PAY000005021,ORD00004705,2026-04-19 19:00:00,Cashfree,PENDING,298.66,28.1,INR,2026-04-19 19:00:00
PAY000005022,ORD00008053,2026-04-15 02:00:00,PayU,success,882.54,12.53,Rs,2026-04-15 02:00:00
PAY000005023,ORD00008698,2026-03-22 22:00:00,razorpay ,success,287.59,15.04,INR,2026-03-22 22:00:00
PAY000005024,ORD00001771,2026-05-26 13:00:00,Razorpay,PENDING,550.03,14.7,INR,2026-05-26 13:00:00
PAY000005025,ORD00004859,2026-03-10 17:00:00,Stripe,success,1087.93,27.43,INR,2026-03-10 17:00:00
PAY000005026,ORD00007702,2026-02-08 12:00:00,Stripe,success,1760.56,5.91,INR,2026-02-08 12:00:00
PAY000005027,ORD00011813,2026-02-04 06:00:00,Cashfree,success,1088.94,34.33,inr,2026-02-04 06:00:00
PAY000005028,ORD00003481,2026-08-02 21:00:00,Razorpay,success,5102.19,24.73,INR,2026-08-02 21:00:00
PAY000005029,ORD00009208,2026-03-22 09:00:00,Stripe,success,679.69,17.23,inr,2026-03-22 09:00:00
PAY000005030,ORD00004415,2026-01-18 07:00:00,Stripe,success,964.65,32.86,inr,2026-01-18 07:00:00
PAY000005031,ORD00007329,2026-04-26 23:00:00,PayU,success,939.02,19.96,INR,2026-04-26 23:00:00
PAY000005032,ORD00003213,2026-04-16 18:00:00,Razorpay,success,818.42,2.53,INR,2026-04-16 18:00:00
PAY000005033,ORD00002828,2026-08-26 13:00:00,PayU,success,702.91,18.86,INR,2026-08-26 13:00:00
PAY000005034,ORD00007858,2026-03-20 13:00:00,Razorpay,PENDING,2523.78,25.06,INR,2026-03-20 13:00:00
PAY000005035,ORD00003776,2026-08-12 00:00:00,Razorpay,success,1707.49,25.67,INR,2026-08-12 00:00:00
PAY000005036,ORD00000212,2026-05-14 00:00:00,Stripe,success,355.33,15.13,INR,2026-05-14 00:00:00
PAY000005037,ORD00000874,2026-04-16 04:00:00,Stripe,success,1458.42,25.09,INR,2026-04-16 04:00:00
PAY000005038,ORD00002289,2026-06-02 04:00:00,Cashfree,success,1714.19,30.82,INR,2026-06-02 04:00:00
PAY000005039,ORD00008149,2026-04-20 21:00:00,PayU,PENDING,1627.04,6.39,INR,2026-04-20 21:00:00
PAY000005040,ORD00005988,2026-03-28 08:00:00,Stripe,success,343.79,32.33,INR,2026-03-28 08:00:00
PAY000005041,ORD00009700,2026-07-27 14:00:00,Cashfree,Failed,891.22,10.31,INR,2026-07-27 14:00:00
PAY000005042,ORD00009590,2026-01-29 10:00:00,Stripe,success,1431.22,28.3,INR,2026-01-29 10:00:00
PAY000005043,ORD00010539,2026-01-30 22:00:00,razorpay ,PENDING,700.17,9.04,INR,2026-01-30 22:00:00
PAY000005044,ORD00000573,2026-06-20 16:00:00,Cashfree,success,1329.53,30.49,INR,2026-06-20 16:00:00
PAY000005045,ORD00006967,2026-01-09 16:00:00,PayU,PENDING,2423.97,29.75,INR,2026-01-09 16:00:00
PAY000005046,ORD00004653,2026-02-08 16:00:00,Stripe,Failed,928.1,29.4,INR,2026-02-08 16:00:00
PAY000005047,ORD00005352,2026-04-24 04:00:00,razorpay ,Failed,712.26,13.48,inr,2026-04-24 04:00:00
PAY000005048,ORD00001202,2026-08-22 23:00:00,Stripe,REFUNDED,656.43,29.52,INR,2026-08-22 23:00:00
PAY000005049,ORD00008745,2026-08-10 07:00:00,Stripe,success,3249.92,26.57,INR,2026-08-10 07:00:00
PAY000005050,ORD00008535,2026-04-02 02:00:00,Razorpay,success,818.52,33.64,INR,2026-04-02 02:00:00
PAY000005051,ORD00009653,2026-02-23 23:00:00,razorpay ,success,1478.19,27.51,INR,2026-02-23 23:00:00
PAY000005052,ORD00000064,2026-08-26 14:00:00,Stripe,success,629.17,4.16,INR,2026-08-26 14:00:00
PAY000005053,ORD00007773,2026-08-15 22:00:00,Razorpay,success,432.33,10.91,inr,2026-08-15 22:00:00
PAY000005054,ORD00003953,2026-01-06 12:00:00,razorpay ,REFUNDED,379.62,29.43,INR,2026-01-06 12:00:00
PAY000005055,ORD00001602,2026-03-01 14:00:00,Razorpay,success,799.45,34.46,inr,2026-03-01 14:00:00
PAY000005056,ORD00007123,2026-06-12 19:00:00,razorpay ,success,730.57,4.79,INR,2026-06-12 19:00:00
PAY000005057,ORD00000472,2026-08-14 02:00:00,Stripe,PENDING,866.08,11.54,INR,2026-08-14 02:00:00
PAY000005058,ORD00002136,2026-06-21 15:00:00,razorpay ,success,875.04,8.47,INR,2026-06-21 15:00:00
PAY000005059,ORD00004863,2026-03-30 10:00:00,Stripe,success,3161.29,9.8,INR,2026-03-30 10:00:00
PAY000005060,ORD00010577,2026-02-10 02:00:00,razorpay ,success,1385.84,29.41,INR,2026-02-10 02:00:00
PAY000005061,ORD00002457,2026-02-01 12:00:00,PayU,success,1965.31,5.69,INR,2026-02-01 12:00:00
PAY000005062,ORD00004659,2026-03-07 20:00:00,Razorpay,success,3635.07,9.92,INR,2026-03-07 20:00:00
PAY000005063,ORD00007350,2026-08-03 05:00:00,Stripe,REFUNDED,557.0,7.37,INR,2026-08-03 05:00:00
PAY000005064,ORD00002399,2026-03-08 09:00:00,Cashfree,success,857.6,18.36,Rs,2026-03-08 09:00:00
PAY000005065,ORD00002757,2026-03-19 11:00:00,Cashfree,success,251.06,15.14,INR,2026-03-19 11:00:00
PAY000005066,ORD00009272,2026-05-24 19:00:00,Stripe,Failed,1602.4,18.45,inr,2026-05-24 19:00:00
PAY000005067,ORD00006458,2026-07-11 00:00:00,Razorpay,PENDING,1428.54,4.85,INR,2026-07-11 00:00:00
PAY000005068,ORD00009475,2026-02-12 16:00:00,Stripe,success,729.83,16.09,INR,2026-02-12 16:00:00
PAY000005069,ORD00006838,2026-06-14 15:00:00,razorpay ,success,3144.01,21.67,INR,2026-06-14 15:00:00
PAY000005070,ORD00006537,2026-08-03 16:00:00,PayU,success,3658.09,23.03,INR,2026-08-03 16:00:00
PAY000005071,ORD00001876,2026-07-01 06:00:00,Razorpay,success,546.65,33.64,INR,2026-07-01 06:00:00
PAY000005072,ORD00005514,2026-08-05 15:00:00,Razorpay,success,1277.43,15.2,INR,2026-08-05 15:00:00
PAY000005073,ORD00004098,2026-01-19 23:00:00,Stripe,success,1030.29,4.71,INR,2026-01-19 23:00:00
PAY000005074,ORD00000783,2026-06-15 10:00:00,Razorpay,success,658.47,9.88,INR,2026-06-15 10:00:00
PAY000005075,ORD00001362,2026-02-24 07:00:00,Razorpay,success,450.79,5.43,INR,2026-02-24 07:00:00
PAY000005076,ORD00007526,2026-03-16 22:00:00,Cashfree,success,1451.31,14.81,INR,2026-03-16 22:00:00
PAY000005077,ORD00005973,2026-04-23 12:00:00,razorpay ,success,1148.62,12.65,INR,2026-04-23 12:00:00
PAY000005078,ORD00010466,2026-07-09 06:00:00,razorpay ,success,933.24,6.81,INR,2026-07-09 06:00:00
PAY000005079,ORD00000327,2026-01-31 20:00:00,PayU,Failed,6700.23,25.99,Rs,2026-01-31 20:00:00
PAY000005080,ORD00009315,2026-01-12 22:00:00,razorpay ,REFUNDED,996.17,10.28,INR,2026-01-12 22:00:00
PAY000005081,ORD00005477,2026-04-21 12:00:00,Stripe,success,1370.41,9.66,INR,2026-04-21 12:00:00
PAY000005082,ORD00002785,2026-02-21 23:00:00,razorpay ,success,368.54,17.79,INR,2026-02-21 23:00:00
PAY000005083,ORD00004585,2026-07-25 20:00:00,Cashfree,success,1597.31,18.98,INR,2026-07-25 20:00:00
PAY000005084,ORD00010267,2026-06-07 05:00:00,Razorpay,success,841.19,18.68,INR,2026-06-07 05:00:00
PAY000005085,ORD00001224,2026-05-11 16:00:00,razorpay ,PENDING,1995.16,6.18,INR,2026-05-11 16:00:00
PAY000005086,ORD00010000,2026-01-02 21:00:00,razorpay ,success,926.51,25.75,INR,2026-01-02 21:00:00
PAY000005087,ORD00008395,2026-06-01 13:00:00,Cashfree,success,3632.59,16.2,inr,2026-06-01 13:00:00
PAY000005088,ORD00002857,2026-04-01 07:00:00,Stripe,success,383.92,17.26,INR,2026-04-01 07:00:00
PAY000005089,ORD00010419,2026-06-18 19:00:00,Cashfree,success,1519.71,28.45,INR,2026-06-18 19:00:00
PAY000005090,ORD00007206,2026-07-20 01:00:00,Cashfree,success,866.54,24.68,inr,2026-07-20 01:00:00
PAY000005091,ORD00006437,2026-05-04 06:00:00,PayU,success,1177.95,5.55,INR,2026-05-04 06:00:00
PAY000005092,ORD00006075,2026-01-02 12:00:00,razorpay ,success,883.87,8.53,INR,2026-01-02 12:00:00
PAY000005093,ORD00001615,2026-02-01 03:00:00,Stripe,success,764.16,21.19,INR,2026-02-01 03:00:00
PAY000005094,ORD00006792,2026-02-10 15:00:00,PayU,success,1169.25,19.13,INR,2026-02-10 15:00:00
PAY000005095,ORD00010569,2026-03-31 20:00:00,Razorpay,success,540.63,22.99,INR,2026-03-31 20:00:00
PAY000005096,ORD00011702,2026-05-24 20:00:00,Stripe,success,1463.97,18.38,INR,2026-05-24 20:00:00
PAY000005097,ORD00002046,2026-02-24 16:00:00,razorpay ,success,730.14,2.66,INR,2026-02-24 16:00:00
PAY000005098,ORD00000822,2026-04-10 22:00:00,Stripe,success,886.52,23.6,INR,2026-04-10 22:00:00
PAY000005099,ORD00003976,2026-01-05 16:00:00,razorpay ,success,1861.55,28.11,INR,2026-01-05 16:00:00
PAY000005100,ORD00002104,2026-07-25 06:00:00,Razorpay,success,1673.19,18.36,INR,2026-07-25 06:00:00
PAY000005101,ORD00004225,2026-02-14 04:00:00,PayU,PENDING,1111.03,27.69,INR,2026-02-14 04:00:00
PAY000005102,ORD00009916,2026-07-31 22:00:00,razorpay ,REFUNDED,403.91,25.45,INR,2026-07-31 22:00:00
PAY000005103,ORD00008411,2026-06-23 23:00:00,Cashfree,success,1740.72,21.95,INR,2026-06-23 23:00:00
PAY000005104,ORD00006728,2026-07-22 03:00:00,razorpay ,success,6151.92,5.72,INR,2026-07-22 03:00:00
PAY000005105,ORD00009986,2026-08-11 05:00:00,Stripe,success,581.97,3.82,INR,2026-08-11 05:00:00
PAY000005106,ORD00000826,2026-07-16 15:00:00,PayU,PENDING,913.9,13.72,INR,2026-07-16 15:00:00
PAY000005107,ORD00000306,2026-04-16 03:00:00,Razorpay,success,2656.35,9.66,INR,2026-04-16 03:00:00
PAY000005108,ORD00007080,2026-03-08 02:00:00,Razorpay,success,686.68,25.98,INR,2026-03-08 02:00:00
PAY000005109,ORD00011690,2026-07-29 21:00:00,Razorpay,success,965.56,5.79,INR,2026-07-29 21:00:00
PAY000005110,ORD00009979,2026-02-13 22:00:00,razorpay ,success,1968.78,28.69,INR,2026-02-13 22:00:00
PAY000005111,ORD00005770,2026-02-07 05:00:00,razorpay ,success,1649.04,17.41,INR,2026-02-07 05:00:00
PAY000005112,ORD00005864,2026-04-20 15:00:00,PayU,success,248.75,26.51,INR,2026-04-20 15:00:00
PAY000005113,ORD00011532,2026-08-10 07:00:00,razorpay ,Failed,911.1,15.38,Rs,2026-08-10 07:00:00
PAY000005114,ORD00006655,2026-08-26 01:00:00,Stripe,success,809.29,30.79,INR,2026-08-26 01:00:00
PAY000005115,ORD00002819,2026-03-25 16:00:00,PayU,Failed,553.67,8.64,INR,2026-03-25 16:00:00
PAY000005116,ORD00005961,2026-01-08 16:00:00,Stripe,success,977.23,28.34,INR,2026-01-08 16:00:00
PAY000005117,ORD00007044,2026-05-11 22:00:00,Razorpay,success,1614.92,8.74,INR,2026-05-11 22:00:00
PAY000005118,ORD00011364,2026-08-24 10:00:00,Razorpay,success,1395.42,17.48,INR,2026-08-24 10:00:00
PAY000005119,ORD00000017,2026-01-02 14:00:00,Stripe,success,1404.1,3.41,INR,2026-01-02 14:00:00
PAY000005120,ORD00009794,2026-06-11 13:00:00,Razorpay,success,1492.0,25.66,Rs,2026-06-11 13:00:00
PAY000005121,ORD00001055,2026-03-02 00:00:00,PayU,success,1801.79,9.76,INR,2026-03-02 00:00:00
PAY000005122,ORD00000046,2026-05-03 14:00:00,Razorpay,success,2038.29,11.92,INR,2026-05-03 14:00:00
PAY000005123,ORD00000453,2026-03-14 12:00:00,Razorpay,Failed,551.31,20.79,INR,2026-03-14 12:00:00
PAY000005124,ORD00007739,2026-02-11 10:00:00,razorpay ,success,642.57,19.51,inr,2026-02-11 10:00:00
PAY000005125,ORD00007233,2026-08-21 22:00:00,Razorpay,Failed,2295.72,9.97,INR,2026-08-21 22:00:00
PAY000005126,ORD00001956,2026-06-30 04:00:00,Stripe,success,2401.42,18.65,Rs,2026-06-30 04:00:00
PAY000005127,ORD00009964,2026-02-20 00:00:00,Stripe,success,883.1,11.7,inr,2026-02-20 00:00:00
PAY000005128,ORD00011439,2026-05-10 17:00:00,Cashfree,success,1064.2,10.89,INR,2026-05-10 17:00:00
PAY000005129,ORD00001317,2026-07-27 07:00:00,PayU,success,1121.81,11.66,inr,2026-07-27 07:00:00
PAY000005130,ORD00011404,2026-01-15 22:00:00,PayU,success,651.29,7.43,INR,2026-01-15 22:00:00
PAY000005131,ORD00003376,2026-04-24 23:00:00,Cashfree,success,1328.23,5.8,INR,2026-04-24 23:00:00
PAY000005132,ORD00002372,2026-05-01 02:00:00,Razorpay,Failed,1914.98,29.4,INR,2026-05-01 02:00:00
PAY000005133,ORD00004662,2026-02-19 13:00:00,Cashfree,PENDING,1634.68,22.51,INR,2026-02-19 13:00:00
PAY000005134,ORD00007655,2026-02-20 08:00:00,PayU,Failed,1553.28,9.31,inr,2026-02-20 08:00:00
PAY000005135,ORD00000967,2026-01-09 12:00:00,Cashfree,Failed,2241.77,31.18,INR,2026-01-09 12:00:00
PAY000005136,ORD00000625,2026-05-16 04:00:00,Stripe,success,566.4,17.03,INR,2026-05-16 04:00:00
PAY000005137,ORD00007947,2026-05-22 12:00:00,Stripe,success,2741.65,10.85,INR,2026-05-22 12:00:00
PAY000005138,ORD00005492,2026-01-05 14:00:00,PayU,success,661.99,5.02,INR,2026-01-05 14:00:00
PAY000005139,ORD00009906,2026-03-04 06:00:00,Razorpay,PENDING,989.33,24.43,Rs,2026-03-04 06:00:00
PAY000005140,ORD00011589,2026-08-19 00:00:00,Cashfree,success,359.21,18.43,INR,2026-08-19 00:00:00
PAY000005141,ORD00009885,2026-04-05 02:00:00,Razorpay,success,468.5,4.86,INR,2026-04-05 02:00:00
PAY000005142,ORD00000707,2026-03-10 22:00:00,PayU,success,948.73,15.87,INR,2026-03-10 22:00:00
PAY000005143,ORD00001713,2026-02-28 23:00:00,PayU,success,1300.97,23.28,INR,2026-02-28 23:00:00
PAY000005144,ORD00005836,2026-04-07 22:00:00,Stripe,REFUNDED,1825.94,2.82,inr,2026-04-07 22:00:00
PAY000005145,ORD00007278,2026-05-10 12:00:00,razorpay ,success,1007.45,32.53,inr,2026-05-10 12:00:00
PAY000005146,ORD00003515,2026-05-27 13:00:00,Cashfree,success,621.54,20.07,INR,2026-05-27 13:00:00
PAY000005147,ORD00004449,2026-07-04 09:00:00,Cashfree,success,1531.77,14.14,INR,2026-07-04 09:00:00
PAY000005148,ORD00006059,2026-04-17 17:00:00,PayU,success,1580.04,25.9,INR,2026-04-17 17:00:00
PAY000005149,ORD00000268,2026-01-23 00:00:00,Cashfree,success,721.03,7.76,INR,2026-01-23 00:00:00
PAY000005150,ORD00000164,2026-08-08 18:00:00,Razorpay,success,343.02,15.9,INR,2026-08-08 18:00:00
PAY000005151,ORD00005485,2026-01-20 10:00:00,PayU,success,5919.81,2.4,INR,2026-01-20 10:00:00
PAY000005152,ORD00000764,2026-07-04 10:00:00,,success,706.35,13.72,INR,2026-07-04 10:00:00
PAY000005153,ORD00007246,2026-03-08 23:00:00,,success,924.29,3.7,INR,2026-03-08 23:00:00
PAY000005154,ORD00010920,2026-06-19 00:00:00,Cashfree,success,627.73,18.88,INR,2026-06-19 00:00:00
PAY000005155,ORD00006056,2026-03-01 19:00:00,PayU,success,1462.22,26.87,INR,2026-03-01 19:00:00
PAY000005156,ORD00005279,2026-04-22 16:00:00,PayU,success,3042.84,5.81,INR,2026-04-22 16:00:00
PAY000005157,ORD00002112,2026-03-15 17:00:00,Razorpay,success,480.41,31.67,INR,2026-03-15 17:00:00
PAY000005158,ORD00009846,2026-05-31 15:00:00,,success,1225.08,7.41,INR,2026-05-31 15:00:00
PAY000005159,ORD00003823,2026-02-11 13:00:00,Razorpay,Failed,481.72,5.21,INR,2026-02-11 13:00:00
PAY000005160,ORD00007816,2026-01-23 11:00:00,PayU,success,1883.6,20.63,Rs,2026-01-23 11:00:00
PAY000005161,ORD00001405,2026-01-20 06:00:00,Razorpay,success,717.59,13.36,INR,2026-01-20 06:00:00
PAY000005162,ORD00005328,2026-07-28 13:00:00,razorpay ,success,1436.9,3.58,INR,2026-07-28 13:00:00
PAY000005163,ORD00004392,2026-06-29 09:00:00,Cashfree,success,634.79,26.58,INR,2026-06-29 09:00:00
PAY000005164,ORD00005560,2026-02-18 12:00:00,PayU,success,1752.22,8.39,INR,2026-02-18 12:00:00
PAY000005165,ORD00005376,2026-01-18 22:00:00,Razorpay,success,241.78,8.46,INR,2026-01-18 22:00:00
PAY000005166,ORD00003613,2026-04-25 21:00:00,PayU,success,2509.55,3.28,INR,2026-04-25 21:00:00
PAY000005167,ORD00011642,2026-04-27 22:00:00,PayU,success,1880.22,21.77,INR,2026-04-27 22:00:00
PAY000005168,ORD00004633,2026-03-12 13:00:00,PayU,REFUNDED,5887.62,26.69,INR,2026-03-12 13:00:00
PAY000005169,ORD00008458,2026-01-13 00:00:00,Razorpay,success,254.01,17.79,INR,2026-01-13 00:00:00
PAY000005170,ORD00005531,2026-08-20 10:00:00,razorpay ,success,547.38,32.55,INR,2026-08-20 10:00:00
PAY000005171,ORD00010820,2026-03-22 05:00:00,PayU,PENDING,717.05,33.62,INR,2026-03-22 05:00:00
PAY000005172,ORD00008655,2026-04-10 16:00:00,Cashfree,REFUNDED,812.41,30.97,INR,2026-04-10 16:00:00
PAY000005173,ORD00011077,2026-08-06 09:00:00,Cashfree,success,702.77,29.09,INR,2026-08-06 09:00:00
PAY000005174,ORD00006033,2026-06-29 19:00:00,PayU,success,2548.69,12.45,INR,2026-06-29 19:00:00
PAY000005175,ORD00011552,2026-08-17 00:00:00,PayU,success,395.31,31.73,INR,2026-08-17 00:00:00
PAY000005176,ORD00009046,2026-03-19 21:00:00,PayU,success,1513.01,11.18,INR,2026-03-19 21:00:00
PAY000005177,ORD00006711,2026-04-13 09:00:00,Cashfree,success,2177.47,21.12,INR,2026-04-13 09:00:00
PAY000005178,ORD00003235,2026-07-03 04:00:00,Cashfree,success,2702.61,4.55,INR,2026-07-03 04:00:00
PAY000005179,ORD00011370,2026-05-14 03:00:00,Stripe,Failed,1417.53,24.71,INR,2026-05-14 03:00:00
PAY000005180,ORD00007600,2026-01-30 09:00:00,Stripe,success,2737.24,34.68,INR,2026-01-30 09:00:00
PAY000005181,ORD00005472,2026-08-03 10:00:00,Cashfree,success,765.26,9.82,INR,2026-08-03 10:00:00
PAY000005182,ORD00003837,2026-07-21 17:00:00,razorpay ,Failed,1182.98,20.69,Rs,2026-07-21 17:00:00
PAY000005183,ORD00002125,2026-06-13 17:00:00,Cashfree,success,396.93,21.93,INR,2026-06-13 17:00:00
PAY000005184,ORD00001706,2026-04-08 09:00:00,razorpay ,success,2211.12,23.49,inr,2026-04-08 09:00:00
PAY000005185,ORD00008545,2026-08-09 09:00:00,PayU,success,2203.96,21.15,Rs,2026-08-09 09:00:00
PAY000005186,ORD00011414,2026-05-25 18:00:00,Cashfree,PENDING,1020.13,33.92,inr,2026-05-25 18:00:00
PAY000005187,ORD00008017,2026-07-14 11:00:00,Stripe,Failed,1719.13,5.77,inr,2026-07-14 11:00:00
PAY000005188,ORD00011601,2026-03-09 20:00:00,Razorpay,success,739.89,32.39,inr,2026-03-09 20:00:00
PAY000005189,ORD00000401,2026-06-13 21:00:00,Stripe,Failed,1199.32,24.85,INR,2026-06-13 21:00:00
PAY000005190,ORD00004056,2026-06-21 23:00:00,PayU,success,976.96,2.58,INR,2026-06-21 23:00:00
PAY000005191,ORD00008232,2026-05-13 22:00:00,Stripe,success,867.86,14.8,INR,2026-05-13 22:00:00
PAY000005192,ORD00002730,2026-04-06 11:00:00,Razorpay,success,335.98,6.3,INR,2026-04-06 11:00:00
PAY000005193,ORD00007746,2026-02-11 05:00:00,PayU,success,1508.7,27.04,INR,2026-02-11 05:00:00
PAY000005194,ORD00011943,2026-06-19 20:00:00,Stripe,success,786.97,22.03,INR,2026-06-19 20:00:00
PAY000005195,ORD00002862,2026-05-06 01:00:00,Razorpay,success,687.6,9.22,Rs,2026-05-06 01:00:00
PAY000005196,ORD00008953,2026-01-07 01:00:00,Razorpay,REFUNDED,1169.4,26.99,INR,2026-01-07 01:00:00
PAY000005197,ORD00007290,2026-06-15 15:00:00,Stripe,Failed,1538.54,32.23,INR,2026-06-15 15:00:00
PAY000005198,ORD00011482,2026-03-25 07:00:00,Stripe,success,2684.8,15.86,INR,2026-03-25 07:00:00
PAY000005199,ORD00007690,2026-01-20 18:00:00,Razorpay,success,1708.66,7.57,INR,2026-01-20 18:00:00
PAY000005200,ORD00006520,2026-02-08 23:00:00,PayU,success,1841.47,18.6,INR,2026-02-08 23:00:00
PAY000005201,ORD00007075,2026-04-12 11:00:00,PayU,success,1131.74,7.54,inr,2026-04-12 11:00:00
PAY000005202,ORD00011406,2026-01-07 12:00:00,razorpay ,success,599.12,3.32,INR,2026-01-07 12:00:00
PAY000005203,ORD00008524,2026-01-22 06:00:00,Cashfree,Failed,1381.13,26.16,INR,2026-01-22 06:00:00
PAY000005204,ORD00007711,2026-04-29 05:00:00,Razorpay,success,2139.07,10.62,inr,2026-04-29 05:00:00
PAY000005205,ORD00007709,2026-04-03 21:00:00,Stripe,success,1642.68,6.82,INR,2026-04-03 21:00:00
PAY000005206,ORD00006542,2026-07-17 10:00:00,PayU,success,898.9,30.35,INR,2026-07-17 10:00:00
PAY000005207,ORD00007892,2026-07-23 19:00:00,Razorpay,REFUNDED,1881.54,2.64,inr,2026-07-23 19:00:00
PAY000005208,ORD00003307,2026-04-08 07:00:00,razorpay ,Failed,814.56,8.55,INR,2026-04-08 07:00:00
PAY000005209,ORD00003556,2026-07-13 14:00:00,Razorpay,success,1233.4,19.1,Rs,2026-07-13 14:00:00
PAY000005210,ORD00002908,2026-01-21 01:00:00,Razorpay,success,1080.59,29.8,INR,2026-01-21 01:00:00
PAY000005211,ORD00003515,2026-06-26 03:00:00,razorpay ,success,1105.16,13.99,INR,2026-06-26 03:00:00
PAY000005212,ORD00008691,2026-05-06 01:00:00,Stripe,success,1308.03,31.87,INR,2026-05-06 01:00:00
PAY000005213,ORD00000728,2026-02-27 20:00:00,Cashfree,success,513.83,23.39,INR,2026-02-27 20:00:00
PAY000005214,ORD00004335,2026-04-26 22:00:00,Razorpay,Failed,5669.07,30.57,INR,2026-04-26 22:00:00
PAY000005215,ORD00007426,2026-04-02 08:00:00,razorpay ,success,233.58,17.21,INR,2026-04-02 08:00:00
PAY000005216,ORD00004887,2026-03-22 09:00:00,PayU,success,501.99,3.21,INR,2026-03-22 09:00:00
PAY000005217,ORD00011642,2026-02-24 14:00:00,Razorpay,success,1291.48,27.09,INR,2026-02-24 14:00:00
PAY000005218,ORD00011567,2026-06-20 10:00:00,razorpay ,success,1299.2,20.92,INR,2026-06-20 10:00:00
PAY000005219,ORD00009058,2026-01-29 10:00:00,PayU,success,716.31,30.92,INR,2026-01-29 10:00:00
PAY000005220,ORD00006943,2026-05-10 18:00:00,PayU,success,878.32,23.04,INR,2026-05-10 18:00:00
PAY000005221,ORD00002392,2026-02-05 05:00:00,Stripe,REFUNDED,518.43,23.89,Rs,2026-02-05 05:00:00
PAY000005222,ORD00006833,2026-06-20 01:00:00,Cashfree,PENDING,948.15,29.45,INR,2026-06-20 01:00:00
PAY000005223,ORD00001126,2026-06-03 14:00:00,Razorpay,success,2221.57,31.1,INR,2026-06-03 14:00:00
PAY000005224,ORD00003615,2026-08-05 20:00:00,Cashfree,success,779.2,19.53,INR,2026-08-05 20:00:00
PAY000005225,ORD00005488,2026-08-18 03:00:00,Cashfree,success,1721.81,27.9,INR,2026-08-18 03:00:00
PAY000005226,ORD00008283,2026-06-23 23:00:00,razorpay ,success,366.17,31.14,INR,2026-06-23 23:00:00
PAY000005227,ORD00010668,2026-03-13 08:00:00,PayU,success,1850.33,26.59,INR,2026-03-13 08:00:00
PAY000005228,ORD00005348,2026-07-15 04:00:00,PayU,REFUNDED,1839.68,9.28,INR,2026-07-15 04:00:00
PAY000005229,ORD00002267,2026-03-17 22:00:00,Razorpay,success,1008.53,18.5,Rs,2026-03-17 22:00:00
PAY000005230,ORD00002661,2026-06-16 12:00:00,razorpay ,success,1455.63,8.21,INR,2026-06-16 12:00:00
PAY000005231,ORD00008054,2026-08-27 03:00:00,Razorpay,success,2818.89,13.62,INR,2026-08-27 03:00:00
PAY000005232,ORD00011174,2026-02-28 23:00:00,razorpay ,success,684.13,28.57,inr,2026-02-28 23:00:00
PAY000005233,ORD00001362,2026-01-05 11:00:00,Stripe,success,877.23,5.98,INR,2026-01-05 11:00:00
PAY000005234,ORD00006349,2026-02-09 19:00:00,razorpay ,REFUNDED,455.67,20.02,INR,2026-02-09 19:00:00
PAY000005235,ORD00007334,2026-08-07 10:00:00,PayU,success,1933.38,29.68,INR,2026-08-07 10:00:00
PAY000005236,ORD00008129,2026-03-16 11:00:00,PayU,PENDING,603.24,21.5,INR,2026-03-16 11:00:00
PAY000005237,ORD00010746,2026-02-07 04:00:00,razorpay ,REFUNDED,2725.85,27.61,INR,2026-02-07 04:00:00
PAY000005238,ORD00002888,2026-08-06 07:00:00,Razorpay,success,502.62,19.05,inr,2026-08-06 07:00:00
PAY000005239,ORD00000923,2026-07-30 06:00:00,Cashfree,Failed,2143.65,28.62,INR,2026-07-30 06:00:00
PAY000005240,ORD00010035,2026-03-05 17:00:00,Stripe,success,842.22,31.11,Rs,2026-03-05 17:00:00
PAY000005241,ORD00003054,2026-03-18 16:00:00,Razorpay,success,1308.94,24.18,INR,2026-03-18 16:00:00
PAY000005242,ORD00007438,2026-01-06 20:00:00,PayU,success,361.22,24.83,INR,2026-01-06 20:00:00
PAY000005243,ORD00005841,2026-08-15 09:00:00,Razorpay,Failed,2559.34,25.4,INR,2026-08-15 09:00:00
PAY000005244,ORD00000328,2026-02-11 09:00:00,PayU,success,516.21,10.17,INR,2026-02-11 09:00:00
PAY000005245,ORD00005507,2026-03-22 02:00:00,razorpay ,success,992.78,25.93,INR,2026-03-22 02:00:00
PAY000005246,ORD00006440,2026-07-29 02:00:00,Cashfree,success,1310.21,26.5,INR,2026-07-29 02:00:00
PAY000005247,ORD00000195,2026-06-12 03:00:00,Stripe,success,3239.84,10.52,INR,2026-06-12 03:00:00
PAY000005248,ORD00005803,2026-04-23 14:00:00,Cashfree,success,251.25,19.22,INR,2026-04-23 14:00:00
PAY000005249,ORD00001190,2026-07-05 12:00:00,Cashfree,success,1307.79,26.92,INR,2026-07-05 12:00:00
PAY000005250,ORD00009892,2026-05-06 01:00:00,PayU,success,2433.75,27.71,INR,2026-05-06 01:00:00
PAY000005251,ORD00000469,2026-01-26 10:00:00,Cashfree,success,3699.24,27.44,INR,2026-01-26 10:00:00
PAY000005252,ORD00010071,2026-03-28 15:00:00,PayU,success,787.41,32.51,INR,2026-03-28 15:00:00
PAY000005253,ORD00001334,2026-02-06 20:00:00,Cashfree,success,422.08,9.43,INR,2026-02-06 20:00:00
PAY000005254,ORD00001538,2026-07-03 02:00:00,razorpay ,success,428.85,27.33,INR,2026-07-03 02:00:00
PAY000005255,ORD00005169,2026-05-27 12:00:00,Stripe,REFUNDED,797.88,8.39,INR,2026-05-27 12:00:00
PAY000005256,ORD00007664,2026-01-11 17:00:00,PayU,Failed,2826.87,19.12,INR,2026-01-11 17:00:00
PAY000005257,ORD00001338,2026-05-24 10:00:00,razorpay ,success,634.33,32.51,INR,2026-05-24 10:00:00
PAY000005258,ORD00005959,2026-02-09 04:00:00,PayU,PENDING,455.0,23.54,inr,2026-02-09 04:00:00
PAY000005259,ORD00005018,2026-05-01 22:00:00,PayU,success,555.01,18.87,INR,2026-05-01 22:00:00
PAY000005260,ORD00007681,2026-05-12 19:00:00,Stripe,success,1044.49,6.13,INR,2026-05-12 19:00:00
PAY000005261,ORD00003706,2026-03-22 08:00:00,razorpay ,PENDING,1577.13,9.62,INR,2026-03-22 08:00:00
PAY000005262,ORD00004871,2026-04-17 18:00:00,Cashfree,success,535.77,17.79,INR,2026-04-17 18:00:00
PAY000005263,ORD00006831,2026-08-24 22:00:00,Cashfree,REFUNDED,1485.59,15.66,INR,2026-08-24 22:00:00
PAY000005264,ORD00007940,2026-08-07 07:00:00,Stripe,success,2687.73,12.9,INR,2026-08-07 07:00:00
PAY000005265,ORD00010435,2026-08-01 07:00:00,PayU,success,978.43,21.84,INR,2026-08-01 07:00:00
PAY000005266,ORD00003971,2026-04-19 09:00:00,Razorpay,success,1723.79,21.7,INR,2026-04-19 09:00:00
PAY000005267,ORD00006370,2026-05-22 19:00:00,PayU,success,1589.77,34.24,INR,2026-05-22 19:00:00
PAY000005268,ORD00000716,2026-04-19 07:00:00,Cashfree,success,1477.66,7.75,INR,2026-04-19 07:00:00
PAY000005269,ORD00002811,2026-01-27 12:00:00,Razorpay,Failed,416.82,7.5,INR,2026-01-27 12:00:00
PAY000005270,ORD00006099,2026-05-28 00:00:00,PayU,success,591.27,34.05,INR,2026-05-28 00:00:00
PAY000005271,ORD00001886,2026-07-28 18:00:00,Stripe,success,1726.55,3.75,INR,2026-07-28 18:00:00
PAY000005272,ORD00005171,2026-01-09 20:00:00,Razorpay,success,871.76,20.29,INR,2026-01-09 20:00:00
PAY000005273,ORD00008702,2026-04-19 18:00:00,razorpay ,success,2343.41,15.4,Rs,2026-04-19 18:00:00
PAY000005274,ORD00011736,2026-07-01 00:00:00,Stripe,success,1078.28,5.54,inr,2026-07-01 00:00:00
PAY000005275,ORD00001040,2026-02-12 19:00:00,Cashfree,success,1114.89,30.21,INR,2026-02-12 19:00:00
PAY000005276,ORD00008098,2026-02-06 14:00:00,razorpay ,success,919.2,34.68,INR,2026-02-06 14:00:00
PAY000005277,ORD00002317,2026-04-10 20:00:00,Razorpay,success,929.7,29.34,INR,2026-04-10 20:00:00
PAY000005278,ORD00008298,2026-06-25 17:00:00,Cashfree,REFUNDED,2554.96,27.82,Rs,2026-06-25 17:00:00
PAY000005279,ORD00011983,2026-05-08 18:00:00,Razorpay,success,791.75,33.28,INR,2026-05-08 18:00:00
PAY000005280,ORD00000303,2026-06-30 01:00:00,PayU,success,1189.87,27.93,INR,2026-06-30 01:00:00
PAY000005281,ORD00006931,2026-03-27 08:00:00,Stripe,success,1269.25,5.02,INR,2026-03-27 08:00:00
PAY000005282,ORD00008000,2026-02-19 06:00:00,Cashfree,Failed,361.02,4.64,INR,2026-02-19 06:00:00
PAY000005283,ORD00004270,2026-07-22 13:00:00,Razorpay,Failed,3110.39,3.65,INR,2026-07-22 13:00:00
PAY000005284,ORD00011652,2026-01-28 22:00:00,razorpay ,success,1060.25,31.88,INR,2026-01-28 22:00:00
PAY000005285,ORD00002749,2026-05-25 20:00:00,Razorpay,success,782.78,12.74,INR,2026-05-25 20:00:00
PAY000005286,ORD00009434,2026-04-23 13:00:00,PayU,REFUNDED,748.55,6.77,INR,2026-04-23 13:00:00
PAY000005287,ORD00005126,2026-05-25 20:00:00,PayU,PENDING,913.7,28.7,INR,2026-05-25 20:00:00
PAY000005288,ORD00005880,2026-07-31 23:00:00,razorpay ,success,1458.46,33.2,INR,2026-07-31 23:00:00
PAY000005289,ORD00001515,2026-02-10 23:00:00,PayU,success,1415.3,31.29,INR,2026-02-10 23:00:00
PAY000005290,ORD00010634,2026-04-25 20:00:00,Stripe,success,851.23,20.5,INR,2026-04-25 20:00:00
PAY000005291,ORD00006920,2026-01-20 07:00:00,PayU,success,1162.9,10.37,INR,2026-01-20 07:00:00
PAY000005292,ORD00001472,2026-03-25 02:00:00,Cashfree,Failed,1259.65,34.14,INR,2026-03-25 02:00:00
PAY000005293,ORD00004057,2026-08-13 06:00:00,Stripe,success,665.28,15.36,INR,2026-08-13 06:00:00
PAY000005294,ORD00007786,2026-01-30 04:00:00,PayU,success,851.22,23.89,INR,2026-01-30 04:00:00
PAY000005295,ORD00002978,2026-06-21 03:00:00,Stripe,success,816.23,11.82,INR,2026-06-21 03:00:00
PAY000005296,ORD00005004,2026-06-08 00:00:00,razorpay ,success,1149.18,29.39,INR,2026-06-08 00:00:00
PAY000005297,ORD00003036,2026-03-21 08:00:00,PayU,PENDING,1412.19,29.01,INR,2026-03-21 08:00:00
PAY000005298,ORD00008109,2026-07-24 20:00:00,razorpay ,success,524.44,6.16,INR,2026-07-24 20:00:00
PAY000005299,ORD00010181,2026-02-11 14:00:00,PayU,success,1100.82,29.34,INR,2026-02-11 14:00:00
PAY000005300,ORD00001605,2026-05-08 04:00:00,razorpay ,REFUNDED,159.46,5.5,Rs,2026-05-08 04:00:00
PAY000005301,ORD00002153,2026-03-10 08:00:00,PayU,success,886.83,16.47,INR,2026-03-10 08:00:00
PAY000005302,ORD00001234,2026-02-13 14:00:00,Razorpay,success,1206.63,14.81,INR,2026-02-13 14:00:00
PAY000005303,ORD00008752,2026-01-10 00:00:00,PayU,success,980.94,20.4,INR,2026-01-10 00:00:00
PAY000005304,ORD00004673,2026-07-15 05:00:00,Stripe,success,510.18,32.19,INR,2026-07-15 05:00:00
PAY000005305,ORD00001617,2026-02-18 20:00:00,PayU,success,607.14,15.13,INR,2026-02-18 20:00:00
PAY000005306,ORD00006033,2026-07-23 07:00:00,Cashfree,Failed,455.04,29.38,INR,2026-07-23 07:00:00
PAY000005307,ORD00002907,2026-07-06 01:00:00,Cashfree,success,674.29,22.55,INR,2026-07-06 01:00:00
PAY000005308,ORD00010396,2026-03-21 11:00:00,Razorpay,success,753.49,24.24,INR,2026-03-21 11:00:00
PAY000005309,ORD00004579,2026-07-24 01:00:00,razorpay ,success,1056.27,33.52,INR,2026-07-24 01:00:00
PAY000005310,ORD00011703,2026-07-04 11:00:00,Cashfree,success,523.3,14.6,INR,2026-07-04 11:00:00
PAY000005311,ORD00003606,2026-07-16 00:00:00,Stripe,success,709.52,4.88,INR,2026-07-16 00:00:00
PAY000005312,ORD00008882,2026-06-10 10:00:00,PayU,Failed,2377.13,5.66,INR,2026-06-10 10:00:00
PAY000005313,ORD00011298,2026-07-14 15:00:00,PayU,Failed,493.88,27.35,INR,2026-07-14 15:00:00
PAY000005314,ORD00008663,2026-02-26 05:00:00,,success,815.57,6.31,INR,2026-02-26 05:00:00
PAY000005315,ORD00004948,2026-08-13 17:00:00,razorpay ,success,1830.99,34.21,INR,2026-08-13 17:00:00
PAY000005316,ORD00003052,2026-06-27 20:00:00,Cashfree,success,1232.38,32.32,inr,2026-06-27 20:00:00
PAY000005317,ORD00006092,2026-06-14 02:00:00,razorpay ,success,579.07,34.3,INR,2026-06-14 02:00:00
PAY000005318,ORD00003994,2026-04-20 11:00:00,Cashfree,success,879.91,2.57,INR,2026-04-20 11:00:00
PAY000005319,ORD00010327,2026-04-13 04:00:00,Razorpay,Failed,603.01,3.98,INR,2026-04-13 04:00:00
PAY000005320,ORD00001833,2026-07-23 02:00:00,Razorpay,success,1111.22,32.37,INR,2026-07-23 02:00:00
PAY000005321,ORD00009602,2026-01-15 15:00:00,Stripe,REFUNDED,1160.74,25.58,INR,2026-01-15 15:00:00
PAY000005322,ORD00007045,2026-04-12 08:00:00,PayU,success,978.13,16.75,inr,2026-04-12 08:00:00
PAY000005323,ORD00010548,2026-01-03 18:00:00,Stripe,REFUNDED,244.8,7.48,INR,2026-01-03 18:00:00
PAY000005324,ORD00004852,2026-07-09 02:00:00,Stripe,success,1387.16,26.95,INR,2026-07-09 02:00:00
PAY000005325,ORD00005883,2026-03-30 19:00:00,Razorpay,success,1725.97,21.28,INR,2026-03-30 19:00:00
PAY000005326,ORD00006328,2026-02-09 01:00:00,Cashfree,success,982.42,4.24,inr,2026-02-09 01:00:00
PAY000005327,ORD00000314,2026-01-19 21:00:00,Stripe,success,602.38,20.13,INR,2026-01-19 21:00:00
PAY000005328,ORD00006371,2026-03-31 03:00:00,Razorpay,Failed,392.84,10.73,INR,2026-03-31 03:00:00
PAY000005329,ORD00005797,2026-06-17 16:00:00,Razorpay,success,1474.4,12.25,inr,2026-06-17 16:00:00
PAY000005330,ORD00004854,2026-03-05 05:00:00,Cashfree,success,810.25,8.3,INR,2026-03-05 05:00:00
PAY000005331,ORD00002225,2026-03-31 23:00:00,razorpay ,success,1635.19,34.39,INR,2026-03-31 23:00:00
PAY000005332,ORD00009605,2026-01-01 01:00:00,Razorpay,success,1033.42,16.42,INR,2026-01-01 01:00:00
PAY000005333,ORD00001730,2026-08-20 22:00:00,Razorpay,success,644.13,27.22,INR,2026-08-20 22:00:00
PAY000005334,ORD00010090,2026-08-24 10:00:00,razorpay ,Failed,1521.4,15.0,INR,2026-08-24 10:00:00
PAY000005335,ORD00009084,2026-05-20 16:00:00,Razorpay,success,1524.35,10.23,INR,2026-05-20 16:00:00
PAY000005336,ORD00011099,2026-03-17 07:00:00,Cashfree,success,4542.94,20.98,INR,2026-03-17 07:00:00
PAY000005337,ORD00006651,2026-01-28 00:00:00,Cashfree,success,1089.2,24.76,INR,2026-01-28 00:00:00
PAY000005338,ORD00006427,2026-08-09 13:00:00,razorpay ,success,887.62,11.55,inr,2026-08-09 13:00:00
PAY000005339,ORD00002591,2026-05-27 15:00:00,PayU,success,1392.53,25.6,inr,2026-05-27 15:00:00
PAY000005340,ORD00009607,2026-05-14 08:00:00,razorpay ,success,2832.6,2.61,INR,2026-05-14 08:00:00
PAY000005341,ORD00001159,2026-06-08 13:00:00,Cashfree,success,1157.76,12.58,inr,2026-06-08 13:00:00
PAY000005342,ORD00006713,2026-08-01 04:00:00,razorpay ,success,1196.88,4.36,INR,2026-08-01 04:00:00
PAY000005343,ORD00004507,2026-01-11 11:00:00,PayU,success,1320.96,20.9,INR,2026-01-11 11:00:00
PAY000005344,ORD00001874,2026-06-11 15:00:00,Razorpay,success,1858.05,33.67,INR,2026-06-11 15:00:00
PAY000005345,ORD00004315,2026-04-08 20:00:00,razorpay ,Failed,3199.18,15.5,INR,2026-04-08 20:00:00
PAY000005346,ORD00009221,2026-02-13 13:00:00,Stripe,success,753.98,33.81,inr,2026-02-13 13:00:00
PAY000005347,ORD00009109,2026-07-05 04:00:00,PayU,success,607.2,20.16,INR,2026-07-05 04:00:00
PAY000005348,ORD00011225,2026-02-23 09:00:00,PayU,Failed,975.72,22.57,INR,2026-02-23 09:00:00
PAY000005349,ORD00008027,2026-06-17 03:00:00,razorpay ,success,3627.5,14.18,INR,2026-06-17 03:00:00
PAY000005350,ORD00006314,2026-01-22 23:00:00,PayU,success,847.94,12.84,INR,2026-01-22 23:00:00
PAY000005351,ORD00004524,2026-08-07 18:00:00,Cashfree,success,1855.02,8.58,inr,2026-08-07 18:00:00
PAY000005352,ORD00010643,2026-07-24 14:00:00,razorpay ,success,1563.81,4.18,inr,2026-07-24 14:00:00
PAY000005353,ORD00001942,2026-07-30 00:00:00,,success,2533.18,23.66,INR,2026-07-30 00:00:00
PAY000005354,ORD00000184,2026-04-29 23:00:00,Stripe,success,854.17,27.97,INR,2026-04-29 23:00:00
PAY000005355,ORD00005267,2026-02-25 07:00:00,Cashfree,success,464.52,32.5,inr,2026-02-25 07:00:00
PAY000005356,ORD00001162,2026-03-18 17:00:00,Razorpay,success,1244.35,24.34,INR,2026-03-18 17:00:00
PAY000005357,ORD00007727,2026-02-21 08:00:00,Razorpay,success,774.24,5.02,INR,2026-02-21 08:00:00
PAY000005358,ORD00010233,2026-03-07 12:00:00,,success,2491.05,28.84,INR,2026-03-07 12:00:00
PAY000005359,ORD00004549,2026-04-24 14:00:00,Razorpay,REFUNDED,2330.65,25.18,INR,2026-04-24 14:00:00
PAY000005360,ORD00006287,2026-06-25 20:00:00,Razorpay,success,1047.48,14.91,INR,2026-06-25 20:00:00
PAY000005361,ORD00008160,2026-04-15 06:00:00,Stripe,success,1563.07,5.52,Rs,2026-04-15 06:00:00
PAY000005362,ORD00005261,2026-01-06 15:00:00,PayU,success,1161.67,29.39,Rs,2026-01-06 15:00:00
PAY000005363,ORD00001413,2026-06-22 10:00:00,Razorpay,success,1871.58,28.93,INR,2026-06-22 10:00:00
PAY000005364,ORD00006380,2026-04-07 11:00:00,PayU,PENDING,773.67,18.37,INR,2026-04-07 11:00:00
PAY000005365,ORD00005380,2026-03-11 09:00:00,razorpay ,success,660.7,19.5,inr,2026-03-11 09:00:00
PAY000005366,ORD00011303,2026-01-18 01:00:00,Stripe,Failed,1109.14,5.76,Rs,2026-01-18 01:00:00
PAY000005367,ORD00000485,2026-01-11 08:00:00,Stripe,success,1792.18,23.52,INR,2026-01-11 08:00:00
PAY000005368,ORD00007913,2026-02-16 00:00:00,razorpay ,success,696.54,30.21,INR,2026-02-16 00:00:00
PAY000005369,ORD00007287,2026-04-22 15:00:00,Razorpay,success,1229.01,19.19,INR,2026-04-22 15:00:00
PAY000005370,ORD00002620,2026-02-07 18:00:00,razorpay ,success,2554.37,22.39,inr,2026-02-07 18:00:00
PAY000005371,ORD00011946,2026-08-07 00:00:00,Cashfree,Failed,1228.31,16.81,INR,2026-08-07 00:00:00
PAY000005372,ORD00008178,2026-06-21 23:00:00,PayU,success,761.91,2.05,inr,2026-06-21 23:00:00
PAY000005373,ORD00002598,2026-08-10 16:00:00,razorpay ,success,571.54,25.22,INR,2026-08-10 16:00:00
PAY000005374,ORD00000733,2026-08-03 03:00:00,Cashfree,success,3775.48,15.96,INR,2026-08-03 03:00:00
PAY000005375,ORD00009121,2026-04-10 00:00:00,PayU,success,1890.45,3.56,INR,2026-04-10 00:00:00
PAY000005376,ORD00006770,2026-08-19 10:00:00,Razorpay,success,745.32,2.93,INR,2026-08-19 10:00:00
PAY000005377,ORD00008475,2026-07-21 10:00:00,Cashfree,success,1595.22,10.65,inr,2026-07-21 10:00:00
PAY000005378,ORD00002894,2026-07-24 11:00:00,razorpay ,Failed,1953.94,25.78,INR,2026-07-24 11:00:00
PAY000005379,ORD00001692,2026-04-11 23:00:00,PayU,success,1019.14,23.61,INR,2026-04-11 23:00:00
PAY000005380,ORD00002180,2026-04-09 22:00:00,razorpay ,success,939.02,10.12,INR,2026-04-09 22:00:00
PAY000005381,ORD00002107,2026-02-12 02:00:00,Razorpay,Failed,602.48,28.1,INR,2026-02-12 02:00:00
PAY000005382,ORD00001034,2026-04-30 19:00:00,PayU,success,1341.87,32.84,INR,2026-04-30 19:00:00
PAY000005383,ORD00011045,2026-03-15 07:00:00,Cashfree,Failed,473.2,19.6,INR,2026-03-15 07:00:00
PAY000005384,ORD00001716,2026-05-06 17:00:00,razorpay ,success,651.83,15.19,INR,2026-05-06 17:00:00
PAY000005385,ORD00010568,2026-03-21 15:00:00,PayU,success,1158.81,26.03,INR,2026-03-21 15:00:00
PAY000005386,ORD00006079,2026-02-14 01:00:00,PayU,PENDING,2032.53,5.28,INR,2026-02-14 01:00:00
PAY000005387,ORD00008659,2026-03-29 20:00:00,Stripe,success,1963.56,13.16,INR,2026-03-29 20:00:00
PAY000005388,ORD00008377,2026-08-02 16:00:00,Cashfree,success,1487.84,2.87,INR,2026-08-02 16:00:00
PAY000005389,ORD00011123,2026-02-07 18:00:00,Cashfree,Failed,2015.71,27.99,INR,2026-02-07 18:00:00
PAY000005390,ORD00000314,2026-03-19 12:00:00,Cashfree,success,3700.12,11.39,INR,2026-03-19 12:00:00
PAY000005391,ORD00006150,2026-07-06 02:00:00,Stripe,success,643.71,27.38,INR,2026-07-06 02:00:00
PAY000005392,ORD00009484,2026-05-30 11:00:00,Stripe,success,355.21,5.55,INR,2026-05-30 11:00:00
PAY000005393,ORD00001187,2026-07-12 20:00:00,PayU,success,1201.11,34.09,INR,2026-07-12 20:00:00
PAY000005394,ORD00005938,2026-06-22 12:00:00,Cashfree,success,2956.41,18.71,INR,2026-06-22 12:00:00
PAY000005395,ORD00005409,2026-02-17 02:00:00,Razorpay,REFUNDED,1117.37,28.73,inr,2026-02-17 02:00:00
PAY000005396,ORD00000878,2026-06-13 14:00:00,razorpay ,success,702.76,18.15,INR,2026-06-13 14:00:00
PAY000005397,ORD00002371,2026-01-05 12:00:00,Cashfree,Failed,747.45,4.36,INR,2026-01-05 12:00:00
PAY000005398,ORD00009716,2026-07-30 12:00:00,Cashfree,success,881.39,18.44,INR,2026-07-30 12:00:00
PAY000005399,ORD00010532,2026-06-30 09:00:00,Cashfree,success,399.74,29.71,INR,2026-06-30 09:00:00
PAY000005400,ORD00004704,2026-08-13 14:00:00,Stripe,success,675.89,11.51,inr,2026-08-13 14:00:00
PAY000005401,ORD00008031,2026-02-19 05:00:00,Stripe,success,1561.3,26.73,INR,2026-02-19 05:00:00
PAY000005402,ORD00008756,2026-08-10 17:00:00,Stripe,PENDING,2787.88,28.17,INR,2026-08-10 17:00:00
PAY000005403,ORD00007525,2026-01-05 11:00:00,Stripe,REFUNDED,847.56,5.89,INR,2026-01-05 11:00:00
PAY000005404,ORD00009494,2026-01-06 05:00:00,Stripe,success,1564.59,8.73,INR,2026-01-06 05:00:00
PAY000005405,ORD00001647,2026-06-24 18:00:00,Cashfree,success,2178.71,4.17,INR,2026-06-24 18:00:00
PAY000005406,ORD00007165,2026-07-27 15:00:00,Razorpay,success,2515.81,20.42,INR,2026-07-27 15:00:00
PAY000005407,ORD00001740,2026-01-05 14:00:00,Stripe,success,881.06,27.05,INR,2026-01-05 14:00:00
PAY000005408,ORD00002770,2026-07-03 03:00:00,Stripe,success,851.81,5.78,INR,2026-07-03 03:00:00
PAY000005409,ORD00010967,2026-02-25 04:00:00,Cashfree,success,1925.54,14.65,INR,2026-02-25 04:00:00
PAY000005410,ORD00009431,2026-07-02 01:00:00,razorpay ,success,1640.17,14.4,INR,2026-07-02 01:00:00
PAY000005411,ORD00008665,2026-06-09 16:00:00,razorpay ,success,2769.22,26.5,INR,2026-06-09 16:00:00
PAY000005412,ORD00010173,2026-06-21 13:00:00,Razorpay,success,380.0,30.96,inr,2026-06-21 13:00:00
PAY000005413,ORD00010456,2026-04-15 11:00:00,Razorpay,success,1537.51,15.3,INR,2026-04-15 11:00:00
PAY000005414,ORD00003346,2026-01-29 15:00:00,Stripe,success,1617.18,6.73,INR,2026-01-29 15:00:00
PAY000005415,ORD00002478,2026-07-09 14:00:00,Razorpay,success,768.81,27.47,INR,2026-07-09 14:00:00
PAY000005416,ORD00005431,2026-08-26 22:00:00,Razorpay,success,1604.87,3.2,INR,2026-08-26 22:00:00
PAY000005417,ORD00005512,2026-06-06 10:00:00,PayU,success,904.85,28.61,INR,2026-06-06 10:00:00
PAY000005418,ORD00000328,2026-04-29 14:00:00,Stripe,PENDING,1000.37,28.32,INR,2026-04-29 14:00:00
PAY000005419,ORD00005139,2026-01-15 17:00:00,razorpay ,success,2822.84,29.67,INR,2026-01-15 17:00:00
PAY000005420,ORD00008392,2026-07-14 10:00:00,razorpay ,success,2941.06,27.35,inr,2026-07-14 10:00:00
PAY000005421,ORD00010688,2026-01-23 01:00:00,PayU,Failed,1440.44,31.36,INR,2026-01-23 01:00:00
PAY000005422,ORD00011867,2026-08-18 22:00:00,razorpay ,success,700.41,10.31,INR,2026-08-18 22:00:00
PAY000005423,ORD00000166,2026-05-15 00:00:00,Cashfree,success,824.43,26.08,INR,2026-05-15 00:00:00
PAY000005424,ORD00010534,2026-02-20 19:00:00,Razorpay,success,1474.06,15.33,INR,2026-02-20 19:00:00
PAY000005425,ORD00006017,2026-05-18 04:00:00,,PENDING,1255.17,9.91,Rs,2026-05-18 04:00:00
PAY000005426,ORD00009869,2026-01-03 13:00:00,razorpay ,success,699.49,12.03,INR,2026-01-03 13:00:00
PAY000005427,ORD00003823,2026-06-01 02:00:00,Stripe,success,1481.74,12.8,INR,2026-06-01 02:00:00
PAY000005428,ORD00010570,2026-07-19 07:00:00,Cashfree,success,1452.48,25.14,INR,2026-07-19 07:00:00
PAY000005429,ORD00007531,2026-02-06 19:00:00,Cashfree,success,264.67,13.57,INR,2026-02-06 19:00:00
PAY000005430,ORD00002690,2026-06-11 01:00:00,razorpay ,success,1370.88,34.19,INR,2026-06-11 01:00:00
PAY000005431,ORD00003605,2026-06-13 22:00:00,razorpay ,success,1370.7,12.78,INR,2026-06-13 22:00:00
PAY000005432,ORD00008214,2026-06-17 12:00:00,razorpay ,success,2995.24,10.42,INR,2026-06-17 12:00:00
PAY000005433,ORD00009900,2026-01-02 09:00:00,razorpay ,success,641.64,17.12,INR,2026-01-02 09:00:00
PAY000005434,ORD00009404,2026-07-25 07:00:00,Stripe,success,224.85,33.28,INR,2026-07-25 07:00:00
PAY000005435,ORD00002871,2026-05-20 22:00:00,PayU,success,1860.77,11.24,INR,2026-05-20 22:00:00
PAY000005436,ORD00004727,2026-02-07 02:00:00,Cashfree,success,3046.72,20.36,INR,2026-02-07 02:00:00
PAY000005437,ORD00008049,2026-01-23 23:00:00,Razorpay,success,1423.14,22.04,INR,2026-01-23 23:00:00
PAY000005438,ORD00006862,2026-05-08 04:00:00,Cashfree,success,1604.94,27.91,INR,2026-05-08 04:00:00
PAY000005439,ORD00002514,2026-06-14 05:00:00,Cashfree,success,1680.13,11.85,inr,2026-06-14 05:00:00
PAY000005440,ORD00004315,2026-02-16 07:00:00,razorpay ,success,1005.53,6.76,INR,2026-02-16 07:00:00
PAY000005441,ORD00007788,2026-03-04 17:00:00,Cashfree,success,1373.58,20.2,INR,2026-03-04 17:00:00
PAY000005442,ORD00008213,2026-07-21 21:00:00,Stripe,success,1430.84,25.97,INR,2026-07-21 21:00:00
PAY000005443,ORD00002003,2026-06-27 06:00:00,Razorpay,success,355.82,29.36,inr,2026-06-27 06:00:00
PAY000005444,ORD00001146,2026-05-13 19:00:00,razorpay ,Failed,1435.3,22.46,inr,2026-05-13 19:00:00
PAY000005445,ORD00004472,2026-03-21 04:00:00,Razorpay,success,617.94,9.75,INR,2026-03-21 04:00:00
PAY000005446,ORD00010729,2026-01-22 03:00:00,Stripe,success,1096.78,33.35,inr,2026-01-22 03:00:00
PAY000005447,ORD00009638,2026-07-04 03:00:00,razorpay ,success,6803.01,11.33,Rs,2026-07-04 03:00:00
PAY000005448,ORD00006953,2026-06-22 09:00:00,PayU,success,862.05,30.13,INR,2026-06-22 09:00:00
PAY000005449,ORD00010485,2026-02-17 20:00:00,PayU,success,1048.56,20.06,INR,2026-02-17 20:00:00
PAY000005450,ORD00003416,2026-08-13 19:00:00,razorpay ,REFUNDED,1651.6,6.17,INR,2026-08-13 19:00:00
PAY000005451,ORD00004151,2026-05-29 00:00:00,Razorpay,success,648.99,20.75,INR,2026-05-29 00:00:00
PAY000005452,ORD00009250,2026-01-21 00:00:00,razorpay ,REFUNDED,519.37,29.0,Rs,2026-01-21 00:00:00
PAY000005453,ORD00004192,2026-02-14 23:00:00,Stripe,Failed,424.18,2.23,INR,2026-02-14 23:00:00
PAY000005454,ORD00010732,2026-01-20 18:00:00,Razorpay,REFUNDED,639.72,19.64,INR,2026-01-20 18:00:00
PAY000005455,ORD00004541,2026-02-22 18:00:00,Cashfree,success,850.78,31.48,INR,2026-02-22 18:00:00
PAY000005456,ORD00001724,2026-04-30 21:00:00,razorpay ,success,252.42,16.77,INR,2026-04-30 21:00:00
PAY000005457,ORD00008193,2026-07-09 19:00:00,PayU,success,709.82,18.97,INR,2026-07-09 19:00:00
PAY000005458,ORD00006076,2026-04-02 03:00:00,PayU,success,419.69,7.74,INR,2026-04-02 03:00:00
PAY000005459,ORD00011893,2026-07-07 08:00:00,PayU,success,2165.68,15.35,INR,2026-07-07 08:00:00
PAY000005460,ORD00005642,2026-06-26 07:00:00,Cashfree,success,258.78,22.45,INR,2026-06-26 07:00:00
PAY000005461,ORD00007745,2026-06-02 07:00:00,Cashfree,success,890.28,3.71,INR,2026-06-02 07:00:00
PAY000005462,ORD00003972,2026-08-01 14:00:00,PayU,REFUNDED,992.77,22.76,Rs,2026-08-01 14:00:00
PAY000005463,ORD00008647,2026-03-25 22:00:00,Razorpay,success,1903.71,3.79,Rs,2026-03-25 22:00:00
PAY000005464,ORD00006607,2026-03-14 06:00:00,PayU,success,1972.39,26.91,INR,2026-03-14 06:00:00
PAY000005465,ORD00005035,2026-02-12 21:00:00,Stripe,Failed,2936.78,4.14,inr,2026-02-12 21:00:00
PAY000005466,ORD00000973,2026-08-07 08:00:00,Cashfree,success,1266.26,19.1,INR,2026-08-07 08:00:00
PAY000005467,ORD00002318,2026-07-03 17:00:00,PayU,success,1231.89,10.23,INR,2026-07-03 17:00:00
PAY000005468,ORD00001603,2026-08-24 01:00:00,razorpay ,success,297.77,20.12,INR,2026-08-24 01:00:00
PAY000005469,ORD00000567,2026-07-02 17:00:00,razorpay ,success,1516.35,2.11,INR,2026-07-02 17:00:00
PAY000005470,ORD00003294,2026-04-05 10:00:00,Cashfree,success,431.48,7.89,INR,2026-04-05 10:00:00
PAY000005471,ORD00006348,2026-03-16 20:00:00,PayU,success,1674.96,24.3,INR,2026-03-16 20:00:00
PAY000005472,ORD00007287,2026-02-22 20:00:00,Cashfree,success,523.11,29.49,INR,2026-02-22 20:00:00
PAY000005473,ORD00002851,2026-04-25 09:00:00,razorpay ,PENDING,1399.95,2.68,INR,2026-04-25 09:00:00
PAY000005474,ORD00001607,2026-03-08 16:00:00,PayU,success,927.25,25.36,INR,2026-03-08 16:00:00
PAY000005475,ORD00009263,2026-02-23 18:00:00,PayU,success,2169.16,17.97,INR,2026-02-23 18:00:00
PAY000005476,ORD00010107,2026-02-15 03:00:00,PayU,PENDING,855.62,2.49,INR,2026-02-15 03:00:00
PAY000005477,ORD00009871,2026-06-30 22:00:00,Cashfree,success,249.31,12.05,INR,2026-06-30 22:00:00
PAY000005478,ORD00000021,2026-02-03 17:00:00,PayU,REFUNDED,1340.21,9.05,INR,2026-02-03 17:00:00
PAY000005479,ORD00011704,2026-02-26 20:00:00,Cashfree,PENDING,1683.41,23.47,INR,2026-02-26 20:00:00
PAY000005480,ORD00006859,2026-05-23 15:00:00,PayU,success,641.15,7.54,Rs,2026-05-23 15:00:00
PAY000005481,ORD00004943,2026-05-26 00:00:00,PayU,success,1821.11,8.83,INR,2026-05-26 00:00:00
PAY000005482,ORD00008499,2026-03-21 06:00:00,Cashfree,success,1351.0,28.63,INR,2026-03-21 06:00:00
PAY000005483,ORD00010204,2026-07-09 16:00:00,Cashfree,success,1331.23,20.35,Rs,2026-07-09 16:00:00
PAY000005484,ORD00000240,2026-05-29 17:00:00,Cashfree,success,1939.59,26.53,INR,2026-05-29 17:00:00
PAY000005485,ORD00009226,2026-04-18 10:00:00,razorpay ,success,642.04,22.42,INR,2026-04-18 10:00:00
PAY000005486,ORD00001058,2026-08-16 14:00:00,PayU,success,373.07,22.31,inr,2026-08-16 14:00:00
PAY000005487,ORD00005750,2026-06-17 06:00:00,razorpay ,Failed,538.9,31.33,INR,2026-06-17 06:00:00
PAY000005488,ORD00008547,2026-01-31 02:00:00,razorpay ,REFUNDED,317.86,24.34,INR,2026-01-31 02:00:00
PAY000005489,ORD00003684,2026-07-21 13:00:00,Stripe,success,1418.17,4.64,INR,2026-07-21 13:00:00
PAY000005490,ORD00001972,2026-02-03 11:00:00,Stripe,Failed,1010.96,27.84,inr,2026-02-03 11:00:00
PAY000005491,ORD00004356,2026-02-10 10:00:00,Cashfree,success,3500.46,29.81,INR,2026-02-10 10:00:00
PAY000005492,ORD00010222,2026-03-17 20:00:00,razorpay ,success,1710.1,10.25,INR,2026-03-17 20:00:00
PAY000005493,ORD00010455,2026-07-01 10:00:00,Razorpay,REFUNDED,1507.29,11.2,INR,2026-07-01 10:00:00
PAY000005494,ORD00003069,2026-05-12 10:00:00,Cashfree,success,909.16,4.29,INR,2026-05-12 10:00:00
PAY000005495,ORD00001294,2026-01-21 18:00:00,Cashfree,success,1292.46,7.52,Rs,2026-01-21 18:00:00
PAY000005496,ORD00006460,2026-08-08 02:00:00,Stripe,success,1068.73,3.94,INR,2026-08-08 02:00:00
PAY000005497,ORD00008653,2026-02-27 10:00:00,razorpay ,success,1317.98,4.02,Rs,2026-02-27 10:00:00
PAY000005498,ORD00002926,2026-06-27 00:00:00,Stripe,REFUNDED,485.75,14.76,INR,2026-06-27 00:00:00
PAY000005499,ORD00004443,2026-03-08 19:00:00,razorpay ,success,1371.4,30.05,inr,2026-03-08 19:00:00
PAY000005500,ORD00007636,2026-02-27 01:00:00,Razorpay,Failed,473.62,28.06,INR,2026-02-27 01:00:00
PAY000005501,ORD00002314,2026-08-04 18:00:00,Stripe,success,986.16,18.3,INR,2026-08-04 18:00:00
PAY000005502,ORD00009374,2026-07-14 03:00:00,Cashfree,PENDING,360.55,30.93,INR,2026-07-14 03:00:00
PAY000005503,ORD00006857,2026-06-13 09:00:00,Razorpay,success,143.75,29.45,INR,2026-06-13 09:00:00
PAY000005504,ORD00010974,2026-03-10 22:00:00,PayU,success,1974.25,12.64,INR,2026-03-10 22:00:00
PAY000005505,ORD00004040,2026-08-23 09:00:00,Stripe,success,931.75,11.72,INR,2026-08-23 09:00:00
PAY000005506,ORD00010806,2026-05-13 07:00:00,PayU,success,586.86,2.13,INR,2026-05-13 07:00:00
PAY000005507,ORD00006106,2026-05-31 22:00:00,Cashfree,success,347.08,22.89,INR,2026-05-31 22:00:00
PAY000005508,ORD00001047,2026-05-21 11:00:00,Stripe,success,955.62,4.41,inr,2026-05-21 11:00:00
PAY000005509,ORD00010131,2026-01-15 11:00:00,Cashfree,success,674.41,33.7,inr,2026-01-15 11:00:00
PAY000005510,ORD00006555,2026-06-12 23:00:00,razorpay ,success,1103.68,27.07,INR,2026-06-12 23:00:00
PAY000005511,ORD00010561,2026-01-04 22:00:00,Cashfree,success,831.24,20.7,INR,2026-01-04 22:00:00
PAY000005512,ORD00007734,2026-04-27 15:00:00,razorpay ,success,1827.89,28.18,inr,2026-04-27 15:00:00
PAY000005513,ORD00007946,2026-02-06 02:00:00,Razorpay,success,1564.36,5.19,INR,2026-02-06 02:00:00
PAY000005514,ORD00004078,2026-06-10 01:00:00,Razorpay,success,1310.67,33.09,INR,2026-06-10 01:00:00
PAY000005515,ORD00001549,2026-01-28 13:00:00,Cashfree,success,1206.9,15.61,INR,2026-01-28 13:00:00
PAY000005516,ORD00003245,2026-06-23 02:00:00,Razorpay,success,2033.55,8.88,INR,2026-06-23 02:00:00
PAY000005517,ORD00004580,2026-06-21 01:00:00,Cashfree,PENDING,1216.37,28.89,INR,2026-06-21 01:00:00
PAY000005518,ORD00006301,2026-05-27 10:00:00,Stripe,success,756.8,29.24,INR,2026-05-27 10:00:00
PAY000005519,ORD00003677,2026-08-27 18:00:00,Stripe,success,312.56,5.07,INR,2026-08-27 18:00:00
PAY000005520,ORD00008452,2026-06-03 17:00:00,Razorpay,success,2827.8,20.52,INR,2026-06-03 17:00:00
PAY000005521,ORD00005348,2026-01-26 10:00:00,razorpay ,success,975.64,10.11,INR,2026-01-26 10:00:00
PAY000005522,ORD00005105,2026-05-12 20:00:00,razorpay ,success,1124.55,6.95,inr,2026-05-12 20:00:00
PAY000005523,ORD00001778,2026-04-03 00:00:00,Razorpay,REFUNDED,522.15,33.95,INR,2026-04-03 00:00:00
PAY000005524,ORD00007509,2026-08-09 09:00:00,PayU,success,807.71,24.88,INR,2026-08-09 09:00:00
PAY000005525,ORD00002237,2026-08-01 23:00:00,Cashfree,success,1011.32,19.62,INR,2026-08-01 23:00:00
PAY000005526,ORD00011189,2026-03-04 07:00:00,PayU,success,626.61,17.15,INR,2026-03-04 07:00:00
PAY000005527,ORD00008818,2026-06-18 19:00:00,Cashfree,success,874.3,10.77,inr,2026-06-18 19:00:00
PAY000005528,ORD00003176,2026-01-26 19:00:00,razorpay ,success,441.33,32.3,INR,2026-01-26 19:00:00
PAY000005529,ORD00005122,2026-03-18 11:00:00,Cashfree,Failed,3124.95,24.23,INR,2026-03-18 11:00:00
PAY000005530,ORD00000237,2026-02-16 19:00:00,PayU,success,900.96,25.95,INR,2026-02-16 19:00:00
PAY000005531,ORD00001937,2026-01-07 14:00:00,Razorpay,success,1362.81,11.67,Rs,2026-01-07 14:00:00
PAY000005532,ORD00005430,2026-03-02 00:00:00,Stripe,success,1319.74,10.13,inr,2026-03-02 00:00:00
PAY000005533,ORD00004690,2026-05-16 21:00:00,Cashfree,success,2505.04,23.44,INR,2026-05-16 21:00:00
PAY000005534,ORD00006782,2026-06-21 14:00:00,PayU,success,1011.72,31.91,INR,2026-06-21 14:00:00
PAY000005535,ORD00009031,2026-07-07 19:00:00,razorpay ,success,997.61,7.7,INR,2026-07-07 19:00:00
PAY000005536,ORD00006291,2026-06-23 23:00:00,Razorpay,success,526.72,30.71,INR,2026-06-23 23:00:00
PAY000005537,ORD00004218,2026-03-07 10:00:00,Stripe,success,369.58,18.26,INR,2026-03-07 10:00:00
PAY000005538,ORD00011563,2026-07-24 05:00:00,PayU,Failed,898.62,12.48,INR,2026-07-24 05:00:00
PAY000005539,ORD00005652,2026-06-28 11:00:00,Razorpay,Failed,191.12,27.14,INR,2026-06-28 11:00:00
PAY000005540,ORD00009112,2026-02-17 02:00:00,Cashfree,success,1578.15,22.95,INR,2026-02-17 02:00:00
PAY000005541,ORD00005426,2026-04-24 16:00:00,Cashfree,Failed,2947.54,15.24,INR,2026-04-24 16:00:00
PAY000005542,ORD00008095,2026-03-26 00:00:00,Stripe,success,1274.21,27.22,inr,2026-03-26 00:00:00
PAY000005543,ORD00004891,2026-05-27 02:00:00,PayU,success,795.97,22.34,INR,2026-05-27 02:00:00
PAY000005544,ORD00003726,2026-04-25 22:00:00,Stripe,success,1903.09,16.51,INR,2026-04-25 22:00:00
PAY000005545,ORD00009900,2026-05-24 00:00:00,Stripe,PENDING,1117.59,5.68,INR,2026-05-24 00:00:00
PAY000005546,ORD00000070,2026-06-19 19:00:00,razorpay ,success,1985.38,34.62,INR,2026-06-19 19:00:00
PAY000005547,ORD00000772,2026-04-10 06:00:00,PayU,success,1432.43,25.97,INR,2026-04-10 06:00:00
PAY000005548,ORD00005723,2026-05-07 13:00:00,PayU,success,254.4,31.61,Rs,2026-05-07 13:00:00
PAY000005549,ORD00004013,2026-03-06 22:00:00,razorpay ,success,930.78,21.18,INR,2026-03-06 22:00:00
PAY000005550,ORD00001058,2026-04-25 01:00:00,Razorpay,REFUNDED,214.91,25.89,INR,2026-04-25 01:00:00
PAY000005551,ORD00002143,2026-07-13 01:00:00,Razorpay,success,1045.81,7.67,INR,2026-07-13 01:00:00
PAY000005552,ORD00009478,2026-05-09 02:00:00,PayU,REFUNDED,2156.33,21.64,inr,2026-05-09 02:00:00
PAY000005553,ORD00003568,2026-04-03 05:00:00,PayU,success,1187.12,22.3,INR,2026-04-03 05:00:00
PAY000005554,ORD00009435,2026-07-02 20:00:00,Cashfree,success,1528.11,14.26,INR,2026-07-02 20:00:00
PAY000005555,ORD00000967,2026-05-21 07:00:00,Stripe,success,949.39,14.04,INR,2026-05-21 07:00:00
PAY000005556,ORD00007152,2026-06-15 10:00:00,Razorpay,success,716.9,29.65,INR,2026-06-15 10:00:00
PAY000005557,ORD00005663,2026-07-06 05:00:00,Razorpay,success,499.95,10.56,INR,2026-07-06 05:00:00
PAY000005558,ORD00004322,2026-04-08 00:00:00,PayU,Failed,1395.26,15.69,INR,2026-04-08 00:00:00
PAY000005559,ORD00006074,2026-06-10 17:00:00,PayU,success,1009.45,34.67,INR,2026-06-10 17:00:00
PAY000005560,ORD00004526,2026-04-14 22:00:00,razorpay ,success,272.63,7.95,INR,2026-04-14 22:00:00
PAY000005561,ORD00000518,2026-08-16 08:00:00,Razorpay,success,3224.75,24.19,INR,2026-08-16 08:00:00
PAY000005562,ORD00000496,2026-05-29 22:00:00,razorpay ,success,1427.84,19.23,INR,2026-05-29 22:00:00
PAY000005563,ORD00003280,2026-03-18 07:00:00,Stripe,success,862.11,6.09,INR,2026-03-18 07:00:00
PAY000005564,ORD00008587,2026-06-24 23:00:00,Razorpay,success,2228.63,27.69,INR,2026-06-24 23:00:00
PAY000005565,ORD00010384,2026-03-08 16:00:00,Razorpay,success,1036.76,16.41,INR,2026-03-08 16:00:00
PAY000005566,ORD00003919,2026-05-09 06:00:00,PayU,success,873.5,9.24,Rs,2026-05-09 06:00:00
PAY000005567,ORD00008968,2026-01-28 06:00:00,razorpay ,success,442.44,5.19,INR,2026-01-28 06:00:00
PAY000005568,ORD00011928,2026-05-20 02:00:00,razorpay ,success,2287.23,3.61,inr,2026-05-20 02:00:00
PAY000005569,ORD00001889,2026-06-12 21:00:00,razorpay ,success,2913.0,6.98,INR,2026-06-12 21:00:00
PAY000005570,ORD00004841,2026-05-13 01:00:00,razorpay ,success,3427.9,12.63,INR,2026-05-13 01:00:00
PAY000005571,ORD00007540,2026-04-23 04:00:00,Razorpay,Failed,1407.69,14.04,INR,2026-04-23 04:00:00
PAY000005572,ORD00009481,2026-07-07 06:00:00,PayU,Failed,483.07,2.96,INR,2026-07-07 06:00:00
PAY000005573,ORD00004998,2026-05-13 14:00:00,Stripe,PENDING,560.75,30.85,INR,2026-05-13 14:00:00
PAY000005574,ORD00009545,2026-08-05 23:00:00,Razorpay,success,631.74,2.02,INR,2026-08-05 23:00:00
PAY000005575,ORD00010178,2026-07-09 06:00:00,razorpay ,PENDING,1390.02,17.62,INR,2026-07-09 06:00:00
PAY000005576,ORD00001221,2026-04-30 14:00:00,razorpay ,success,857.28,28.39,Rs,2026-04-30 14:00:00
PAY000005577,ORD00009518,2026-04-29 11:00:00,razorpay ,success,1656.0,20.78,INR,2026-04-29 11:00:00
PAY000005578,ORD00001953,2026-01-29 03:00:00,Cashfree,REFUNDED,356.08,30.04,INR,2026-01-29 03:00:00
PAY000005579,ORD00011033,2026-03-16 04:00:00,PayU,success,2532.54,13.57,inr,2026-03-16 04:00:00
PAY000005580,ORD00004942,2026-04-09 00:00:00,Cashfree,success,407.88,16.57,INR,2026-04-09 00:00:00
PAY000005581,ORD00004621,2026-08-28 22:00:00,razorpay ,Failed,628.44,2.21,INR,2026-08-28 22:00:00
PAY000005582,ORD00006154,2026-07-01 12:00:00,PayU,success,617.79,16.86,INR,2026-07-01 12:00:00
PAY000005583,ORD00005917,2026-05-04 13:00:00,PayU,success,965.45,17.77,INR,2026-05-04 13:00:00
PAY000005584,ORD00006922,2026-04-28 22:00:00,Stripe,success,2965.39,17.61,INR,2026-04-28 22:00:00
PAY000005585,ORD00008632,2026-07-07 03:00:00,PayU,success,1844.08,21.93,INR,2026-07-07 03:00:00
PAY000005586,ORD00009838,2026-01-31 02:00:00,PayU,Failed,4491.43,4.76,INR,2026-01-31 02:00:00
PAY000005587,ORD00001002,2026-01-10 17:00:00,PayU,success,2257.31,2.29,INR,2026-01-10 17:00:00
PAY000005588,ORD00002773,2026-06-17 22:00:00,razorpay ,success,1510.18,30.95,INR,2026-06-17 22:00:00
PAY000005589,ORD00006391,2026-01-04 04:00:00,Stripe,success,3920.64,25.42,INR,2026-01-04 04:00:00
PAY000005590,ORD00010037,2026-06-14 16:00:00,Cashfree,success,1185.13,21.55,INR,2026-06-14 16:00:00
PAY000005591,ORD00001145,2026-03-24 08:00:00,Razorpay,success,664.31,22.4,INR,2026-03-24 08:00:00
PAY000005592,ORD00002373,2026-06-02 22:00:00,PayU,success,995.43,33.69,INR,2026-06-02 22:00:00
PAY000005593,ORD00010978,2026-08-09 21:00:00,PayU,success,1301.99,32.62,INR,2026-08-09 21:00:00
PAY000005594,ORD00003955,2026-06-07 14:00:00,Razorpay,success,1140.54,34.51,INR,2026-06-07 14:00:00
PAY000005595,ORD00002748,2026-08-11 21:00:00,Razorpay,success,4122.09,2.48,INR,2026-08-11 21:00:00
PAY000005596,ORD00006905,2026-02-16 05:00:00,razorpay ,PENDING,572.5,33.39,INR,2026-02-16 05:00:00
PAY000005597,ORD00004450,2026-06-30 18:00:00,PayU,REFUNDED,1059.51,32.16,INR,2026-06-30 18:00:00
PAY000005598,ORD00004493,2026-05-08 18:00:00,PayU,success,1908.51,14.02,INR,2026-05-08 18:00:00
PAY000005599,ORD00010003,2026-02-28 01:00:00,Stripe,success,1177.13,24.31,inr,2026-02-28 01:00:00
PAY000005600,ORD00007528,2026-08-12 21:00:00,Cashfree,success,2793.11,33.74,INR,2026-08-12 21:00:00
PAY000005601,ORD00010902,2026-01-20 16:00:00,razorpay ,success,512.41,33.45,INR,2026-01-20 16:00:00
PAY000005602,ORD00007119,2026-06-22 09:00:00,PayU,success,2016.29,8.79,INR,2026-06-22 09:00:00
PAY000005603,ORD00006016,2026-08-23 21:00:00,Cashfree,REFUNDED,862.35,27.34,INR,2026-08-23 21:00:00
PAY000005604,ORD00008484,2026-05-20 17:00:00,PayU,success,1282.64,21.83,INR,2026-05-20 17:00:00
PAY000005605,ORD00003238,2026-03-07 08:00:00,Cashfree,Failed,1342.18,24.03,inr,2026-03-07 08:00:00
PAY000005606,ORD00006103,2026-08-18 09:00:00,Razorpay,success,2662.87,25.51,INR,2026-08-18 09:00:00
PAY000005607,ORD00008658,2026-01-31 13:00:00,Razorpay,success,489.26,14.77,INR,2026-01-31 13:00:00
PAY000005608,ORD00007719,2026-08-09 21:00:00,Razorpay,success,977.39,34.47,INR,2026-08-09 21:00:00
PAY000005609,ORD00002693,2026-05-08 04:00:00,Cashfree,success,1449.23,4.65,inr,2026-05-08 04:00:00
PAY000005610,ORD00007937,2026-07-11 02:00:00,Stripe,Failed,1327.13,4.5,INR,2026-07-11 02:00:00
PAY000005611,ORD00004907,2026-07-14 12:00:00,Cashfree,Failed,963.06,3.09,INR,2026-07-14 12:00:00
PAY000005612,ORD00008366,2026-01-23 08:00:00,PayU,success,1212.4,19.89,INR,2026-01-23 08:00:00
PAY000005613,ORD00005113,2026-05-07 11:00:00,Cashfree,success,758.58,9.92,INR,2026-05-07 11:00:00
PAY000005614,ORD00007292,2026-06-12 10:00:00,PayU,success,436.02,14.14,INR,2026-06-12 10:00:00
PAY000005615,ORD00010937,2026-04-05 03:00:00,Stripe,success,1460.09,13.21,INR,2026-04-05 03:00:00
PAY000005616,ORD00002563,2026-04-08 05:00:00,razorpay ,success,798.32,9.91,INR,2026-04-08 05:00:00
PAY000005617,ORD00009363,2026-04-25 19:00:00,PayU,Failed,2595.67,4.24,INR,2026-04-25 19:00:00
PAY000005618,ORD00010009,2026-08-03 22:00:00,Stripe,success,686.48,34.67,inr,2026-08-03 22:00:00
PAY000005619,ORD00008600,2026-06-03 01:00:00,Cashfree,PENDING,2064.74,32.83,INR,2026-06-03 01:00:00
PAY000005620,ORD00002411,2026-08-02 06:00:00,PayU,success,2060.82,22.6,INR,2026-08-02 06:00:00
PAY000005621,ORD00011201,2026-03-09 08:00:00,razorpay ,Failed,1149.18,30.35,INR,2026-03-09 08:00:00
PAY000005622,ORD00004107,2026-04-06 07:00:00,Razorpay,success,1275.4,8.32,inr,2026-04-06 07:00:00
PAY000005623,ORD00004367,2026-07-16 01:00:00,razorpay ,REFUNDED,302.03,25.28,INR,2026-07-16 01:00:00
PAY000005624,ORD00005236,2026-08-16 05:00:00,Razorpay,success,4667.88,23.4,INR,2026-08-16 05:00:00
PAY000005625,ORD00007629,2026-07-16 21:00:00,razorpay ,Failed,407.39,12.35,INR,2026-07-16 21:00:00
PAY000005626,ORD00002890,2026-02-09 11:00:00,Stripe,success,1189.4,17.61,INR,2026-02-09 11:00:00
PAY000005627,ORD00009924,2026-07-13 19:00:00,Razorpay,Failed,707.65,27.26,inr,2026-07-13 19:00:00
PAY000005628,ORD00005960,2026-06-06 23:00:00,PayU,success,1913.67,2.6,INR,2026-06-06 23:00:00
PAY000005629,ORD00001631,2026-01-11 00:00:00,Stripe,success,1573.79,30.77,INR,2026-01-11 00:00:00
PAY000005630,ORD00002981,2026-03-05 22:00:00,PayU,success,1812.64,4.27,INR,2026-03-05 22:00:00
PAY000005631,ORD00011648,2026-07-23 02:00:00,Cashfree,success,668.43,8.62,INR,2026-07-23 02:00:00
PAY000005632,ORD00008635,2026-08-20 23:00:00,Cashfree,success,879.44,32.09,INR,2026-08-20 23:00:00
PAY000005633,ORD00002155,2026-08-22 10:00:00,PayU,success,672.5,18.66,INR,2026-08-22 10:00:00
PAY000005634,ORD00006175,2026-07-01 06:00:00,Stripe,PENDING,423.12,18.76,INR,2026-07-01 06:00:00
PAY000005635,ORD00008988,2026-05-24 09:00:00,Razorpay,success,896.06,11.44,INR,2026-05-24 09:00:00
PAY000005636,ORD00001092,2026-05-05 16:00:00,PayU,success,1044.63,22.65,INR,2026-05-05 16:00:00
PAY000005637,ORD00001448,2026-02-07 00:00:00,PayU,PENDING,440.8,27.76,INR,2026-02-07 00:00:00
PAY000005638,ORD00006707,2026-03-15 08:00:00,razorpay ,success,1155.19,13.6,INR,2026-03-15 08:00:00
PAY000005639,ORD00003970,2026-01-02 02:00:00,razorpay ,success,1476.22,28.94,INR,2026-01-02 02:00:00
PAY000005640,ORD00007280,2026-05-18 15:00:00,Razorpay,success,563.01,18.87,INR,2026-05-18 15:00:00
PAY000005641,ORD00001451,2026-08-06 18:00:00,Razorpay,success,1365.07,10.01,INR,2026-08-06 18:00:00
PAY000005642,ORD00010694,2026-02-22 04:00:00,Stripe,success,830.29,24.24,INR,2026-02-22 04:00:00
PAY000005643,ORD00009014,2026-04-25 05:00:00,Razorpay,PENDING,2059.49,25.92,inr,2026-04-25 05:00:00
PAY000005644,ORD00006499,2026-07-16 04:00:00,PayU,success,963.49,32.46,INR,2026-07-16 04:00:00
PAY000005645,ORD00006995,2026-05-18 01:00:00,PayU,Failed,780.86,8.26,INR,2026-05-18 01:00:00
PAY000005646,ORD00008904,2026-06-02 06:00:00,Razorpay,success,299.66,4.02,INR,2026-06-02 06:00:00
PAY000005647,ORD00008584,2026-01-30 03:00:00,Stripe,success,3384.66,18.63,inr,2026-01-30 03:00:00
PAY000005648,ORD00006134,2026-08-20 22:00:00,Razorpay,PENDING,698.14,28.38,INR,2026-08-20 22:00:00
PAY000005649,ORD00002586,2026-01-16 16:00:00,Razorpay,success,865.95,18.7,INR,2026-01-16 16:00:00
PAY000005650,ORD00003946,2026-05-02 06:00:00,Razorpay,success,776.92,7.89,INR,2026-05-02 06:00:00
PAY000005651,ORD00008020,2026-02-10 00:00:00,PayU,success,266.93,26.52,INR,2026-02-10 00:00:00
PAY000005652,ORD00006067,2026-08-08 22:00:00,Razorpay,success,1242.5,25.35,INR,2026-08-08 22:00:00
PAY000005653,ORD00000532,2026-03-05 04:00:00,Razorpay,success,755.78,4.58,INR,2026-03-05 04:00:00
PAY000005654,ORD00010980,2026-05-21 06:00:00,Cashfree,success,473.73,7.89,INR,2026-05-21 06:00:00
PAY000005655,ORD00003884,2026-04-06 06:00:00,Razorpay,success,363.19,7.79,INR,2026-04-06 06:00:00
PAY000005656,ORD00005909,2026-05-17 11:00:00,Stripe,success,793.84,25.18,INR,2026-05-17 11:00:00
PAY000005657,ORD00000839,2026-03-17 13:00:00,Razorpay,success,1192.9,22.84,Rs,2026-03-17 13:00:00
PAY000005658,ORD00000423,2026-01-22 06:00:00,PayU,success,1544.63,3.85,INR,2026-01-22 06:00:00
PAY000005659,ORD00002227,2026-04-20 15:00:00,Cashfree,success,1828.58,14.91,INR,2026-04-20 15:00:00
PAY000005660,ORD00006522,2026-01-19 11:00:00,Cashfree,success,1285.43,28.34,INR,2026-01-19 11:00:00
PAY000005661,ORD00003385,2026-02-17 08:00:00,Stripe,success,3235.38,7.36,INR,2026-02-17 08:00:00
PAY000005662,ORD00006628,2026-03-13 14:00:00,razorpay ,success,1832.73,13.37,INR,2026-03-13 14:00:00
PAY000005663,ORD00010169,2026-05-21 10:00:00,Stripe,success,809.82,2.92,INR,2026-05-21 10:00:00
PAY000005664,ORD00006371,2026-07-02 15:00:00,Cashfree,success,3067.64,26.37,INR,2026-07-02 15:00:00
PAY000005665,ORD00003326,2026-06-24 00:00:00,Razorpay,success,554.7,22.04,INR,2026-06-24 00:00:00
PAY000005666,ORD00001222,2026-04-04 12:00:00,Stripe,Failed,747.97,5.89,INR,2026-04-04 12:00:00
PAY000005667,ORD00004558,2026-01-28 15:00:00,Cashfree,PENDING,571.64,23.88,INR,2026-01-28 15:00:00
PAY000005668,ORD00005239,2026-06-19 09:00:00,,success,3897.35,13.94,INR,2026-06-19 09:00:00
PAY000005669,ORD00005918,2026-04-01 04:00:00,Razorpay,success,806.46,13.25,INR,2026-04-01 04:00:00
PAY000005670,ORD00002340,2026-05-07 00:00:00,Cashfree,success,2552.95,22.31,INR,2026-05-07 00:00:00
PAY000005671,ORD00011348,2026-02-02 05:00:00,PayU,success,335.62,5.22,INR,2026-02-02 05:00:00
PAY000005672,ORD00004389,2026-07-23 08:00:00,Cashfree,success,811.13,28.35,Rs,2026-07-23 08:00:00
PAY000005673,ORD00010954,2026-05-19 04:00:00,PayU,success,1391.53,24.89,INR,2026-05-19 04:00:00
PAY000005674,ORD00003195,2026-06-08 10:00:00,razorpay ,success,2986.41,7.39,INR,2026-06-08 10:00:00
PAY000005675,ORD00008156,2026-04-16 12:00:00,PayU,success,1665.71,23.7,INR,2026-04-16 12:00:00
PAY000005676,ORD00008357,2026-08-06 21:00:00,PayU,success,1087.72,6.31,INR,2026-08-06 21:00:00
PAY000005677,ORD00000769,2026-07-22 03:00:00,razorpay ,success,902.38,20.59,INR,2026-07-22 03:00:00
PAY000005678,ORD00009859,2026-05-17 02:00:00,PayU,success,1940.66,11.08,INR,2026-05-17 02:00:00
PAY000005679,ORD00005510,2026-01-15 21:00:00,Cashfree,Failed,1580.42,10.89,inr,2026-01-15 21:00:00
PAY000005680,ORD00004327,2026-04-17 13:00:00,PayU,success,155.44,7.77,INR,2026-04-17 13:00:00
PAY000005681,ORD00004637,2026-04-13 20:00:00,Stripe,success,651.69,22.55,INR,2026-04-13 20:00:00
PAY000005682,ORD00005060,2026-08-09 10:00:00,Stripe,success,717.96,8.65,INR,2026-08-09 10:00:00
PAY000005683,ORD00005138,2026-03-01 22:00:00,Cashfree,success,1452.3,30.57,INR,2026-03-01 22:00:00
PAY000005684,ORD00007468,2026-04-08 08:00:00,razorpay ,success,392.97,13.33,Rs,2026-04-08 08:00:00
PAY000005685,ORD00002030,2026-02-16 05:00:00,PayU,PENDING,713.45,12.5,Rs,2026-02-16 05:00:00
PAY000005686,ORD00005240,2026-04-09 04:00:00,razorpay ,success,1387.61,30.8,INR,2026-04-09 04:00:00
PAY000005687,ORD00008156,2026-07-07 23:00:00,Cashfree,success,1461.45,18.49,INR,2026-07-07 23:00:00
PAY000005688,ORD00005416,2026-05-30 03:00:00,Stripe,Failed,850.8,11.98,INR,2026-05-30 03:00:00
PAY000005689,ORD00004086,2026-05-08 11:00:00,,success,1495.12,11.61,INR,2026-05-08 11:00:00
PAY000005690,ORD00011478,2026-05-16 03:00:00,PayU,success,1412.81,26.14,INR,2026-05-16 03:00:00
PAY000005691,ORD00009606,2026-04-02 01:00:00,Razorpay,success,1035.42,32.34,INR,2026-04-02 01:00:00
PAY000005692,ORD00002149,2026-06-01 04:00:00,PayU,REFUNDED,1929.05,31.83,INR,2026-06-01 04:00:00
PAY000005693,ORD00000395,2026-01-30 19:00:00,PayU,success,1144.95,6.6,INR,2026-01-30 19:00:00
PAY000005694,ORD00010584,2026-02-13 11:00:00,Razorpay,success,643.63,29.63,INR,2026-02-13 11:00:00
PAY000005695,ORD00001439,2026-03-25 23:00:00,PayU,success,671.51,7.45,Rs,2026-03-25 23:00:00
PAY000005696,ORD00009949,2026-08-16 20:00:00,Cashfree,success,1765.24,9.9,INR,2026-08-16 20:00:00
PAY000005697,ORD00000947,2026-04-21 07:00:00,PayU,Failed,831.29,12.65,INR,2026-04-21 07:00:00
PAY000005698,ORD00008557,2026-01-26 11:00:00,Cashfree,PENDING,2171.55,26.68,INR,2026-01-26 11:00:00
PAY000005699,ORD00000763,2026-07-05 16:00:00,Stripe,success,946.93,5.99,inr,2026-07-05 16:00:00
PAY000005700,ORD00011766,2026-02-15 13:00:00,PayU,REFUNDED,1270.2,15.2,inr,2026-02-15 13:00:00
PAY000005701,ORD00008759,2026-07-22 00:00:00,Cashfree,success,765.83,6.49,INR,2026-07-22 00:00:00
PAY000005702,ORD00009628,2026-05-31 14:00:00,Cashfree,REFUNDED,1561.28,9.31,inr,2026-05-31 14:00:00
PAY000005703,ORD00004452,2026-06-29 09:00:00,PayU,Failed,1396.96,12.89,INR,2026-06-29 09:00:00
PAY000005704,ORD00003037,2026-04-29 20:00:00,Cashfree,success,2522.76,18.69,INR,2026-04-29 20:00:00
PAY000005705,ORD00001813,2026-05-21 18:00:00,Stripe,success,2250.27,11.83,INR,2026-05-21 18:00:00
PAY000005706,ORD00010366,2026-01-01 18:00:00,Cashfree,Failed,805.2,3.91,INR,2026-01-01 18:00:00
PAY000005707,ORD00006843,2026-06-22 14:00:00,Cashfree,success,1177.06,11.88,inr,2026-06-22 14:00:00
PAY000005708,ORD00001099,2026-03-14 07:00:00,Stripe,success,637.0,14.29,INR,2026-03-14 07:00:00
PAY000005709,ORD00004599,2026-05-21 00:00:00,PayU,success,1165.96,10.02,Rs,2026-05-21 00:00:00
PAY000005710,ORD00010762,2026-07-07 15:00:00,razorpay ,success,1217.93,33.38,INR,2026-07-07 15:00:00
PAY000005711,ORD00009165,2026-06-30 09:00:00,razorpay ,success,750.03,15.88,INR,2026-06-30 09:00:00
PAY000005712,ORD00009742,2026-08-05 14:00:00,PayU,success,4890.37,23.69,INR,2026-08-05 14:00:00
PAY000005713,ORD00006353,2026-03-15 22:00:00,PayU,PENDING,1349.83,12.44,INR,2026-03-15 22:00:00
PAY000005714,ORD00006897,2026-06-17 09:00:00,razorpay ,success,456.53,22.61,INR,2026-06-17 09:00:00
PAY000005715,ORD00003245,2026-04-09 03:00:00,Razorpay,PENDING,1394.47,33.57,inr,2026-04-09 03:00:00
PAY000005716,ORD00002078,2026-05-10 13:00:00,razorpay ,success,1248.15,8.22,INR,2026-05-10 13:00:00
PAY000005717,ORD00003646,2026-06-14 10:00:00,Stripe,Failed,380.82,6.25,INR,2026-06-14 10:00:00
PAY000005718,ORD00005514,2026-02-12 22:00:00,Cashfree,success,1103.56,14.73,INR,2026-02-12 22:00:00
PAY000005719,ORD00006592,2026-04-01 21:00:00,razorpay ,Failed,1407.33,8.59,INR,2026-04-01 21:00:00
PAY000005720,ORD00005605,2026-05-14 00:00:00,Razorpay,success,394.18,17.34,Rs,2026-05-14 00:00:00
PAY000005721,ORD00008906,2026-05-09 13:00:00,Razorpay,success,708.27,3.68,inr,2026-05-09 13:00:00
PAY000005722,ORD00004530,2026-04-23 07:00:00,Razorpay,success,1948.51,27.21,INR,2026-04-23 07:00:00
PAY000005723,ORD00010590,2026-03-16 02:00:00,Cashfree,success,563.44,9.37,INR,2026-03-16 02:00:00
PAY000005724,ORD00011972,2026-08-13 00:00:00,Cashfree,Failed,1190.23,20.08,INR,2026-08-13 00:00:00
PAY000005725,ORD00008710,2026-07-14 09:00:00,Razorpay,success,700.43,7.06,INR,2026-07-14 09:00:00
PAY000005726,ORD00009272,2026-02-12 20:00:00,Stripe,success,762.54,2.51,INR,2026-02-12 20:00:00
PAY000005727,ORD00005203,2026-04-09 22:00:00,Cashfree,success,393.0,18.24,INR,2026-04-09 22:00:00
PAY000005728,ORD00006811,2026-08-14 03:00:00,razorpay ,Failed,472.08,6.71,inr,2026-08-14 03:00:00
PAY000005729,ORD00007179,2026-05-07 21:00:00,Razorpay,success,836.66,15.49,INR,2026-05-07 21:00:00
PAY000005730,ORD00000670,2026-07-21 17:00:00,PayU,success,742.41,2.46,INR,2026-07-21 17:00:00
PAY000005731,ORD00004445,2026-02-14 15:00:00,Cashfree,success,1242.92,29.35,INR,2026-02-14 15:00:00
PAY000005732,ORD00004556,2026-05-30 23:00:00,Cashfree,success,7363.01,7.08,INR,2026-05-30 23:00:00
PAY000005733,ORD00009860,2026-06-13 10:00:00,Stripe,success,768.9,32.58,INR,2026-06-13 10:00:00
PAY000005734,ORD00011753,2026-05-21 08:00:00,Cashfree,PENDING,296.69,23.71,inr,2026-05-21 08:00:00
PAY000005735,ORD00001798,2026-08-19 11:00:00,Stripe,success,1634.48,24.52,INR,2026-08-19 11:00:00
PAY000005736,ORD00001242,2026-07-20 15:00:00,Cashfree,PENDING,1992.74,10.75,INR,2026-07-20 15:00:00
PAY000005737,ORD00005564,2026-01-08 20:00:00,Razorpay,success,422.0,8.01,INR,2026-01-08 20:00:00
PAY000005738,ORD00008723,2026-05-28 15:00:00,Stripe,success,3051.39,16.22,INR,2026-05-28 15:00:00
PAY000005739,ORD00001149,2026-06-27 01:00:00,PayU,success,1088.51,33.69,INR,2026-06-27 01:00:00
PAY000005740,ORD00009305,2026-02-10 23:00:00,razorpay ,success,2193.62,3.18,inr,2026-02-10 23:00:00
PAY000005741,ORD00009492,2026-05-18 05:00:00,Cashfree,success,1118.75,31.05,INR,2026-05-18 05:00:00
PAY000005742,ORD00001129,2026-03-05 21:00:00,Stripe,success,674.78,14.74,INR,2026-03-05 21:00:00
PAY000005743,ORD00001923,2026-08-24 21:00:00,Stripe,success,732.55,17.5,INR,2026-08-24 21:00:00
PAY000005744,ORD00010093,2026-07-27 10:00:00,Stripe,success,1183.63,34.76,inr,2026-07-27 10:00:00
PAY000005745,ORD00002869,2026-07-26 15:00:00,PayU,success,732.27,9.56,INR,2026-07-26 15:00:00
PAY000005746,ORD00001552,2026-08-02 01:00:00,Stripe,success,647.28,21.37,INR,2026-08-02 01:00:00
PAY000005747,ORD00009685,2026-05-12 01:00:00,Razorpay,PENDING,2397.17,20.64,INR,2026-05-12 01:00:00
PAY000005748,ORD00000989,2026-07-21 14:00:00,Stripe,REFUNDED,871.51,22.94,inr,2026-07-21 14:00:00
PAY000005749,ORD00003839,2026-05-17 02:00:00,Razorpay,success,4555.58,16.39,INR,2026-05-17 02:00:00
PAY000005750,ORD00002991,2026-05-03 15:00:00,Razorpay,PENDING,952.43,18.12,INR,2026-05-03 15:00:00
PAY000005751,ORD00005974,2026-03-23 08:00:00,Cashfree,success,655.54,9.29,inr,2026-03-23 08:00:00
PAY000005752,ORD00007381,2026-08-14 10:00:00,razorpay ,PENDING,771.67,26.29,INR,2026-08-14 10:00:00
PAY000005753,ORD00004939,2026-03-05 09:00:00,Razorpay,success,550.69,4.35,INR,2026-03-05 09:00:00
PAY000005754,ORD00004090,2026-04-04 18:00:00,Razorpay,success,813.63,20.56,INR,2026-04-04 18:00:00
PAY000005755,ORD00007390,2026-01-12 09:00:00,Cashfree,Failed,2316.64,26.98,inr,2026-01-12 09:00:00
PAY000005756,ORD00004589,2026-02-02 13:00:00,razorpay ,success,761.68,22.18,INR,2026-02-02 13:00:00
PAY000005757,ORD00004696,2026-04-03 07:00:00,PayU,success,2236.76,8.74,INR,2026-04-03 07:00:00
PAY000005758,ORD00002095,2026-06-24 18:00:00,Cashfree,success,209.61,6.39,INR,2026-06-24 18:00:00
PAY000005759,ORD00007895,2026-06-26 06:00:00,PayU,success,674.76,21.63,INR,2026-06-26 06:00:00
PAY000005760,ORD00008178,2026-05-03 01:00:00,Stripe,PENDING,493.38,3.76,INR,2026-05-03 01:00:00
PAY000005761,ORD00010231,2026-02-15 04:00:00,Razorpay,success,1151.75,17.04,INR,2026-02-15 04:00:00
PAY000005762,ORD00000007,2026-06-21 06:00:00,Razorpay,success,699.85,7.95,inr,2026-06-21 06:00:00
PAY000005763,ORD00001873,2026-01-14 08:00:00,Cashfree,Failed,2136.62,3.15,INR,2026-01-14 08:00:00
PAY000005764,ORD00001811,2026-02-12 03:00:00,Stripe,success,416.19,11.51,INR,2026-02-12 03:00:00
PAY000005765,ORD00009175,2026-01-15 21:00:00,PayU,success,2364.95,12.14,INR,2026-01-15 21:00:00
PAY000005766,ORD00010251,2026-08-17 09:00:00,PayU,success,793.86,2.1,INR,2026-08-17 09:00:00
PAY000005767,ORD00009505,2026-04-16 02:00:00,PayU,success,436.78,23.76,INR,2026-04-16 02:00:00
PAY000005768,ORD00006079,2026-05-28 09:00:00,Cashfree,PENDING,2346.63,3.3,INR,2026-05-28 09:00:00
PAY000005769,ORD00007276,2026-05-18 21:00:00,PayU,success,1922.45,15.65,INR,2026-05-18 21:00:00
PAY000005770,ORD00001421,2026-07-26 18:00:00,,success,767.09,3.58,INR,2026-07-26 18:00:00
PAY000005771,ORD00005955,2026-07-30 10:00:00,Cashfree,success,6059.65,4.94,INR,2026-07-30 10:00:00
PAY000005772,ORD00001697,2026-08-16 13:00:00,,success,2873.33,5.55,INR,2026-08-16 13:00:00
PAY000005773,ORD00003118,2026-08-18 20:00:00,PayU,success,4178.6,13.14,INR,2026-08-18 20:00:00
PAY000005774,ORD00009853,2026-05-13 21:00:00,Stripe,PENDING,207.94,12.72,INR,2026-05-13 21:00:00
PAY000005775,ORD00011078,2026-06-24 09:00:00,Stripe,success,4169.1,8.23,INR,2026-06-24 09:00:00
PAY000005776,ORD00011247,2026-04-04 05:00:00,Cashfree,success,1065.99,5.91,inr,2026-04-04 05:00:00
PAY000005777,ORD00001171,2026-02-28 12:00:00,PayU,success,739.86,34.48,INR,2026-02-28 12:00:00
PAY000005778,ORD00009033,2026-01-25 03:00:00,PayU,success,205.46,14.45,INR,2026-01-25 03:00:00
PAY000005779,ORD00007359,2026-03-06 21:00:00,Razorpay,Failed,1979.69,19.65,inr,2026-03-06 21:00:00
PAY000005780,ORD00008611,2026-02-27 14:00:00,razorpay ,Failed,336.38,22.48,Rs,2026-02-27 14:00:00
PAY000005781,ORD00004607,2026-05-04 21:00:00,Razorpay,success,1143.57,28.5,inr,2026-05-04 21:00:00
PAY000005782,ORD00008859,2026-07-16 19:00:00,PayU,success,2074.92,16.48,INR,2026-07-16 19:00:00
PAY000005783,ORD00001872,2026-05-30 12:00:00,Stripe,success,975.46,27.56,INR,2026-05-30 12:00:00
PAY000005784,ORD00003701,2026-06-08 06:00:00,Cashfree,REFUNDED,7294.63,10.78,INR,2026-06-08 06:00:00
PAY000005785,ORD00011796,2026-07-25 22:00:00,razorpay ,success,359.8,6.68,inr,2026-07-25 22:00:00
PAY000005786,ORD00010319,2026-04-12 22:00:00,Razorpay,success,629.65,16.92,INR,2026-04-12 22:00:00
PAY000005787,ORD00007087,2026-03-17 13:00:00,PayU,Failed,1697.12,6.29,INR,2026-03-17 13:00:00
PAY000005788,ORD00009212,2026-06-24 21:00:00,Razorpay,success,2700.3,17.51,INR,2026-06-24 21:00:00
PAY000005789,ORD00002792,2026-05-03 11:00:00,razorpay ,success,1985.67,12.88,INR,2026-05-03 11:00:00
PAY000005790,ORD00001354,2026-02-02 07:00:00,Cashfree,success,1495.16,9.11,INR,2026-02-02 07:00:00
PAY000005791,ORD00006372,2026-08-02 18:00:00,razorpay ,success,774.56,31.24,INR,2026-08-02 18:00:00
PAY000005792,ORD00003937,2026-04-10 01:00:00,PayU,success,1150.38,29.05,inr,2026-04-10 01:00:00
PAY000005793,ORD00008133,2026-06-12 19:00:00,Cashfree,Failed,1403.39,7.38,inr,2026-06-12 19:00:00
PAY000005794,ORD00005237,2026-03-04 10:00:00,razorpay ,success,1262.05,23.29,INR,2026-03-04 10:00:00
PAY000005795,ORD00002154,2026-07-03 12:00:00,PayU,success,1833.83,10.24,INR,2026-07-03 12:00:00
PAY000005796,ORD00004852,2026-08-13 08:00:00,Stripe,success,403.48,15.06,INR,2026-08-13 08:00:00
PAY000005797,ORD00003600,2026-08-05 23:00:00,razorpay ,success,2423.32,26.69,INR,2026-08-05 23:00:00
PAY000005798,ORD00000285,2026-06-26 09:00:00,Razorpay,success,1809.32,27.55,INR,2026-06-26 09:00:00
PAY000005799,ORD00002281,2026-05-22 23:00:00,Cashfree,success,2760.36,10.52,inr,2026-05-22 23:00:00
PAY000005800,ORD00000791,2026-01-08 23:00:00,PayU,REFUNDED,1105.33,10.81,INR,2026-01-08 23:00:00
PAY000005801,ORD00010581,2026-07-11 08:00:00,razorpay ,success,796.69,31.78,INR,2026-07-11 08:00:00
PAY000005802,ORD00001567,2026-03-12 12:00:00,Razorpay,success,646.39,12.54,inr,2026-03-12 12:00:00
PAY000005803,ORD00000478,2026-07-10 12:00:00,Cashfree,success,1809.27,9.78,INR,2026-07-10 12:00:00
PAY000005804,ORD00007768,2026-04-22 21:00:00,Cashfree,PENDING,1137.63,14.63,INR,2026-04-22 21:00:00
PAY000005805,ORD00002752,2026-06-29 13:00:00,razorpay ,success,407.06,9.35,INR,2026-06-29 13:00:00
PAY000005806,ORD00007403,2026-03-19 16:00:00,razorpay ,success,448.0,27.73,INR,2026-03-19 16:00:00
PAY000005807,ORD00006411,2026-05-07 11:00:00,Stripe,success,727.31,25.76,INR,2026-05-07 11:00:00
PAY000005808,ORD00002983,2026-03-01 22:00:00,Razorpay,success,2106.24,7.23,INR,2026-03-01 22:00:00
PAY000005809,ORD00001184,2026-03-14 21:00:00,PayU,success,1722.51,23.87,INR,2026-03-14 21:00:00
PAY000005810,ORD00003317,2026-07-29 05:00:00,Stripe,success,1658.81,10.69,INR,2026-07-29 05:00:00
PAY000005811,ORD00007641,2026-02-07 06:00:00,PayU,success,754.13,7.72,INR,2026-02-07 06:00:00
PAY000005812,ORD00010917,2026-08-10 15:00:00,Razorpay,PENDING,1598.82,19.86,INR,2026-08-10 15:00:00
PAY000005813,ORD00006865,2026-03-08 14:00:00,razorpay ,success,1029.2,27.97,INR,2026-03-08 14:00:00
PAY000005814,ORD00005752,2026-02-13 05:00:00,Cashfree,success,1541.5,22.41,inr,2026-02-13 05:00:00
PAY000005815,ORD00002668,2026-07-19 21:00:00,PayU,success,510.23,27.22,inr,2026-07-19 21:00:00
PAY000005816,ORD00002833,2026-06-14 07:00:00,Razorpay,success,402.28,18.18,INR,2026-06-14 07:00:00
PAY000005817,ORD00002963,2026-07-09 14:00:00,Stripe,success,591.66,17.76,INR,2026-07-09 14:00:00
PAY000005818,ORD00000414,2026-08-23 13:00:00,PayU,success,1371.72,34.53,INR,2026-08-23 13:00:00
PAY000005819,ORD00010841,2026-08-09 01:00:00,PayU,success,152.66,16.5,INR,2026-08-09 01:00:00
PAY000005820,ORD00004195,2026-04-27 20:00:00,Razorpay,success,1876.92,4.45,INR,2026-04-27 20:00:00
PAY000005821,ORD00003243,2026-06-08 23:00:00,Razorpay,success,983.58,26.46,INR,2026-06-08 23:00:00
PAY000005822,ORD00000902,2026-06-07 07:00:00,Stripe,success,1449.45,7.86,INR,2026-06-07 07:00:00
PAY000005823,ORD00007317,2026-04-13 06:00:00,razorpay ,success,383.93,23.05,INR,2026-04-13 06:00:00
PAY000005824,ORD00006805,2026-06-19 20:00:00,Razorpay,success,1468.37,15.56,inr,2026-06-19 20:00:00
PAY000005825,ORD00003555,2026-04-18 00:00:00,Razorpay,success,1150.84,2.3,INR,2026-04-18 00:00:00
PAY000005826,ORD00010265,2026-08-25 03:00:00,PayU,success,1145.05,27.2,INR,2026-08-25 03:00:00
PAY000005827,ORD00008684,2026-04-13 00:00:00,Razorpay,success,773.85,14.63,inr,2026-04-13 00:00:00
PAY000005828,ORD00009310,2026-05-03 03:00:00,,success,589.13,25.38,Rs,2026-05-03 03:00:00
PAY000005829,ORD00002513,2026-07-10 21:00:00,Stripe,success,438.26,11.45,inr,2026-07-10 21:00:00
PAY000005830,ORD00010409,2026-02-25 01:00:00,Cashfree,success,6650.98,13.48,INR,2026-02-25 01:00:00
PAY000005831,ORD00004270,2026-06-11 16:00:00,razorpay ,success,725.57,18.38,INR,2026-06-11 16:00:00
PAY000005832,ORD00005919,2026-07-24 19:00:00,PayU,success,2331.14,14.84,inr,2026-07-24 19:00:00
PAY000005833,ORD00000261,2026-04-23 16:00:00,Cashfree,PENDING,1136.21,7.76,inr,2026-04-23 16:00:00
PAY000005834,ORD00003205,2026-07-02 14:00:00,PayU,Failed,505.04,21.05,INR,2026-07-02 14:00:00
PAY000005835,ORD00009694,2026-07-07 13:00:00,PayU,success,538.35,27.95,INR,2026-07-07 13:00:00
PAY000005836,ORD00006121,2026-03-21 08:00:00,Stripe,success,1051.95,2.43,INR,2026-03-21 08:00:00
PAY000005837,ORD00001027,2026-01-01 19:00:00,razorpay ,REFUNDED,1093.68,27.48,INR,2026-01-01 19:00:00
PAY000005838,ORD00009350,2026-01-04 01:00:00,Cashfree,success,1255.09,22.94,INR,2026-01-04 01:00:00
PAY000005839,ORD00004619,2026-04-27 01:00:00,PayU,Failed,2862.09,14.32,INR,2026-04-27 01:00:00
PAY000005840,ORD00000140,2026-01-04 17:00:00,Stripe,success,848.58,29.69,INR,2026-01-04 17:00:00
PAY000005841,ORD00000995,2026-03-08 06:00:00,Razorpay,success,837.75,10.18,inr,2026-03-08 06:00:00
PAY000005842,ORD00009239,2026-05-05 01:00:00,Stripe,success,983.23,4.55,INR,2026-05-05 01:00:00
PAY000005843,ORD00009348,2026-01-10 10:00:00,Razorpay,Failed,468.38,34.91,Rs,2026-01-10 10:00:00
PAY000005844,ORD00001164,2026-01-26 10:00:00,razorpay ,success,2114.86,12.69,INR,2026-01-26 10:00:00
PAY000005845,ORD00010639,2026-05-02 06:00:00,razorpay ,success,494.64,7.14,INR,2026-05-02 06:00:00
PAY000005846,ORD00005660,2026-01-03 04:00:00,Stripe,success,973.99,10.62,INR,2026-01-03 04:00:00
PAY000005847,ORD00001442,2026-06-30 18:00:00,PayU,success,1678.27,28.45,INR,2026-06-30 18:00:00
PAY000005848,ORD00011447,2026-06-20 04:00:00,PayU,success,536.68,8.74,INR,2026-06-20 04:00:00
PAY000005849,ORD00002319,2026-05-30 02:00:00,razorpay ,success,1023.26,20.85,INR,2026-05-30 02:00:00
PAY000005850,ORD00009755,2026-03-10 08:00:00,Cashfree,REFUNDED,853.67,21.89,INR,2026-03-10 08:00:00
PAY000005851,ORD00000897,2026-06-04 19:00:00,Razorpay,success,1389.74,30.35,INR,2026-06-04 19:00:00
PAY000005852,ORD00001567,2026-01-01 18:00:00,Stripe,success,283.61,19.13,INR,2026-01-01 18:00:00
PAY000005853,ORD00001551,2026-07-03 01:00:00,Cashfree,success,541.55,33.18,INR,2026-07-03 01:00:00
PAY000005854,ORD00009457,2026-06-16 09:00:00,razorpay ,success,1085.43,27.42,INR,2026-06-16 09:00:00
PAY000005855,ORD00002230,2026-01-07 13:00:00,Razorpay,success,756.94,30.52,Rs,2026-01-07 13:00:00
PAY000005856,ORD00008713,2026-04-03 05:00:00,Razorpay,success,1006.29,13.9,INR,2026-04-03 05:00:00
PAY000005857,ORD00005049,2026-04-27 00:00:00,Stripe,success,632.24,3.26,INR,2026-04-27 00:00:00
PAY000005858,ORD00005361,2026-06-04 08:00:00,razorpay ,success,1126.61,29.99,INR,2026-06-04 08:00:00
PAY000005859,ORD00004488,2026-06-25 03:00:00,razorpay ,success,362.83,25.57,INR,2026-06-25 03:00:00
PAY000005860,ORD00011264,2026-04-09 09:00:00,razorpay ,success,894.13,13.31,INR,2026-04-09 09:00:00
PAY000005861,ORD00001660,2026-04-30 02:00:00,PayU,success,1057.53,25.99,INR,2026-04-30 02:00:00
PAY000005862,ORD00002507,2026-02-12 23:00:00,Cashfree,Failed,911.84,10.57,Rs,2026-02-12 23:00:00
PAY000005863,ORD00006560,2026-06-30 17:00:00,Stripe,success,716.74,16.19,Rs,2026-06-30 17:00:00
PAY000005864,ORD00000980,2026-06-02 19:00:00,razorpay ,success,799.02,11.19,INR,2026-06-02 19:00:00
PAY000005865,ORD00004685,2026-02-18 13:00:00,Stripe,success,371.03,29.53,INR,2026-02-18 13:00:00
PAY000005866,ORD00006582,2026-01-09 21:00:00,razorpay ,success,2422.48,13.64,INR,2026-01-09 21:00:00
PAY000005867,ORD00002277,2026-03-28 03:00:00,Stripe,REFUNDED,903.25,21.32,INR,2026-03-28 03:00:00
PAY000005868,ORD00007435,2026-06-27 13:00:00,Cashfree,success,2530.25,32.17,INR,2026-06-27 13:00:00
PAY000005869,ORD00002923,2026-05-26 08:00:00,Cashfree,success,1626.17,9.54,INR,2026-05-26 08:00:00
PAY000005870,ORD00001602,2026-05-16 15:00:00,Cashfree,REFUNDED,1712.78,14.76,INR,2026-05-16 15:00:00
PAY000005871,ORD00005887,2026-07-07 23:00:00,Stripe,success,1548.35,9.86,INR,2026-07-07 23:00:00
PAY000005872,ORD00006753,2026-03-08 09:00:00,Cashfree,REFUNDED,1015.79,26.94,INR,2026-03-08 09:00:00
PAY000005873,ORD00004170,2026-01-25 05:00:00,Cashfree,success,1094.11,3.31,INR,2026-01-25 05:00:00
PAY000005874,ORD00009508,2026-05-16 00:00:00,Cashfree,success,1792.15,31.2,inr,2026-05-16 00:00:00
PAY000005875,ORD00010632,2026-06-14 00:00:00,PayU,success,764.67,22.01,INR,2026-06-14 00:00:00
PAY000005876,ORD00005117,2026-04-18 12:00:00,Razorpay,success,1917.27,10.15,INR,2026-04-18 12:00:00
PAY000005877,ORD00004333,2026-02-12 00:00:00,Stripe,success,1170.57,10.86,INR,2026-02-12 00:00:00
PAY000005878,ORD00010785,2026-02-11 16:00:00,Cashfree,success,5051.53,32.38,inr,2026-02-11 16:00:00
PAY000005879,ORD00003469,2026-08-09 22:00:00,Cashfree,success,3257.34,29.43,inr,2026-08-09 22:00:00
PAY000005880,ORD00010971,2026-06-17 09:00:00,razorpay ,success,798.8,2.71,inr,2026-06-17 09:00:00
PAY000005881,ORD00001130,2026-01-26 19:00:00,Stripe,success,454.07,17.76,INR,2026-01-26 19:00:00
PAY000005882,ORD00009704,2026-06-16 20:00:00,Razorpay,success,1967.8,12.19,INR,2026-06-16 20:00:00
PAY000005883,ORD00011549,2026-01-07 04:00:00,razorpay ,success,939.22,4.74,INR,2026-01-07 04:00:00
PAY000005884,ORD00003925,2026-08-27 11:00:00,PayU,success,1061.36,34.24,INR,2026-08-27 11:00:00
PAY000005885,ORD00007312,2026-02-19 14:00:00,razorpay ,success,1301.13,24.21,INR,2026-02-19 14:00:00
PAY000005886,ORD00001957,2026-05-07 05:00:00,PayU,success,403.09,7.95,INR,2026-05-07 05:00:00
PAY000005887,ORD00001652,2026-03-21 15:00:00,Razorpay,success,1174.89,17.14,INR,2026-03-21 15:00:00
PAY000005888,ORD00010181,2026-03-13 04:00:00,Cashfree,success,970.21,4.66,INR,2026-03-13 04:00:00
PAY000005889,ORD00003950,2026-04-28 20:00:00,Stripe,success,1278.45,4.99,INR,2026-04-28 20:00:00
PAY000005890,ORD00002222,2026-04-18 17:00:00,Razorpay,success,1681.91,33.03,INR,2026-04-18 17:00:00
PAY000005891,ORD00009976,2026-08-09 10:00:00,PayU,Failed,975.37,8.79,INR,2026-08-09 10:00:00
PAY000005892,ORD00006509,2026-08-03 13:00:00,razorpay ,success,1691.84,29.61,INR,2026-08-03 13:00:00
PAY000005893,ORD00007130,2026-04-07 02:00:00,Cashfree,success,880.36,18.75,INR,2026-04-07 02:00:00
PAY000005894,ORD00009410,2026-05-22 05:00:00,PayU,Failed,421.04,19.5,INR,2026-05-22 05:00:00
PAY000005895,ORD00000898,2026-02-07 00:00:00,razorpay ,success,1079.65,26.16,INR,2026-02-07 00:00:00
PAY000005896,ORD00011539,2026-01-11 23:00:00,Stripe,success,630.0,30.42,inr,2026-01-11 23:00:00
PAY000005897,ORD00008107,2026-08-05 01:00:00,Stripe,success,881.77,9.63,INR,2026-08-05 01:00:00
PAY000005898,ORD00000140,2026-03-21 13:00:00,Razorpay,success,1250.83,6.28,INR,2026-03-21 13:00:00
PAY000005899,ORD00011718,2026-07-05 08:00:00,Stripe,success,1935.35,3.24,INR,2026-07-05 08:00:00
PAY000005900,ORD00001483,2026-04-29 04:00:00,Razorpay,success,2219.22,27.56,INR,2026-04-29 04:00:00
PAY000005901,ORD00011445,2026-04-15 07:00:00,razorpay ,success,1069.61,22.54,INR,2026-04-15 07:00:00
PAY000005902,ORD00010926,2026-07-11 01:00:00,Razorpay,success,798.96,22.96,INR,2026-07-11 01:00:00
PAY000005903,ORD00007216,2026-08-05 00:00:00,razorpay ,success,1218.96,18.18,INR,2026-08-05 00:00:00
PAY000005904,ORD00010547,2026-04-02 08:00:00,razorpay ,success,1084.49,8.85,inr,2026-04-02 08:00:00
PAY000005905,ORD00002072,2026-01-14 18:00:00,PayU,success,373.61,10.83,INR,2026-01-14 18:00:00
PAY000005906,ORD00005963,2026-05-10 09:00:00,Razorpay,PENDING,2729.61,13.99,INR,2026-05-10 09:00:00
PAY000005907,ORD00010969,2026-03-01 21:00:00,Stripe,success,1178.09,6.3,inr,2026-03-01 21:00:00
PAY000005908,ORD00004478,2026-04-20 08:00:00,PayU,success,1038.84,9.08,inr,2026-04-20 08:00:00
PAY000005909,ORD00006709,2026-04-02 02:00:00,razorpay ,success,1581.63,23.73,INR,2026-04-02 02:00:00
PAY000005910,ORD00009425,2026-07-26 15:00:00,Stripe,success,1019.39,11.97,inr,2026-07-26 15:00:00
PAY000005911,ORD00002938,2026-01-30 02:00:00,PayU,success,2447.93,9.7,INR,2026-01-30 02:00:00
PAY000005912,ORD00001839,2026-05-07 22:00:00,razorpay ,success,2095.49,23.53,INR,2026-05-07 22:00:00
PAY000005913,ORD00005735,2026-07-29 13:00:00,Razorpay,success,1281.8,28.57,inr,2026-07-29 13:00:00
PAY000005914,ORD00009279,2026-02-07 09:00:00,Razorpay,success,4809.61,7.62,INR,2026-02-07 09:00:00
PAY000005915,ORD00000051,2026-01-12 12:00:00,Cashfree,Failed,522.04,15.61,INR,2026-01-12 12:00:00
PAY000005916,ORD00001839,2026-07-28 02:00:00,razorpay ,Failed,851.96,9.82,Rs,2026-07-28 02:00:00
PAY000005917,ORD00010529,2026-02-23 08:00:00,PayU,success,1092.38,21.28,INR,2026-02-23 08:00:00
PAY000005918,ORD00008075,2026-02-25 00:00:00,razorpay ,success,961.17,7.16,INR,2026-02-25 00:00:00
PAY000005919,ORD00008810,2026-01-03 16:00:00,razorpay ,success,921.78,18.22,INR,2026-01-03 16:00:00
PAY000005920,ORD00009168,2026-08-04 19:00:00,Stripe,Failed,3137.2,11.15,INR,2026-08-04 19:00:00
PAY000005921,ORD00010976,2026-04-30 15:00:00,PayU,success,1857.92,30.27,INR,2026-04-30 15:00:00
PAY000005922,ORD00009125,2026-02-25 08:00:00,Cashfree,success,3227.15,17.56,INR,2026-02-25 08:00:00
PAY000005923,ORD00009994,2026-06-28 17:00:00,Razorpay,success,3362.89,6.83,Rs,2026-06-28 17:00:00
PAY000005924,ORD00001759,2026-07-21 07:00:00,Stripe,success,550.93,22.16,INR,2026-07-21 07:00:00
PAY000005925,ORD00004239,2026-01-08 13:00:00,Cashfree,success,752.45,9.82,INR,2026-01-08 13:00:00
PAY000005926,ORD00007925,2026-01-19 01:00:00,PayU,success,619.42,13.02,INR,2026-01-19 01:00:00
PAY000005927,ORD00010788,2026-04-14 22:00:00,Razorpay,Failed,2909.82,34.83,INR,2026-04-14 22:00:00
PAY000005928,ORD00008556,2026-01-04 01:00:00,Stripe,PENDING,445.98,6.22,INR,2026-01-04 01:00:00
PAY000005929,ORD00000635,2026-06-24 13:00:00,Stripe,success,1542.05,10.35,INR,2026-06-24 13:00:00
PAY000005930,ORD00010942,2026-08-11 12:00:00,Stripe,success,810.23,15.36,INR,2026-08-11 12:00:00
PAY000005931,ORD00001157,2026-08-13 04:00:00,razorpay ,PENDING,480.23,26.44,INR,2026-08-13 04:00:00
PAY000005932,ORD00010928,2026-08-11 13:00:00,Cashfree,success,290.48,19.29,INR,2026-08-11 13:00:00
PAY000005933,ORD00009715,2026-05-25 08:00:00,PayU,REFUNDED,851.64,16.83,INR,2026-05-25 08:00:00
PAY000005934,ORD00006541,2026-01-29 11:00:00,Cashfree,success,937.23,19.19,INR,2026-01-29 11:00:00
PAY000005935,ORD00011890,2026-08-13 17:00:00,Razorpay,Failed,2592.13,4.44,Rs,2026-08-13 17:00:00
PAY000005936,ORD00007163,2026-03-30 16:00:00,Razorpay,success,755.36,9.14,inr,2026-03-30 16:00:00
PAY000005937,ORD00006755,2026-06-16 02:00:00,PayU,success,550.43,31.15,INR,2026-06-16 02:00:00
PAY000005938,ORD00011877,2026-01-23 00:00:00,razorpay ,success,498.54,6.81,INR,2026-01-23 00:00:00
PAY000005939,ORD00007921,2026-04-05 04:00:00,razorpay ,success,1149.54,5.0,INR,2026-04-05 04:00:00
PAY000005940,ORD00003800,2026-02-04 04:00:00,Razorpay,success,2986.51,14.53,inr,2026-02-04 04:00:00
PAY000005941,ORD00009837,2026-03-08 20:00:00,PayU,success,3336.68,27.29,INR,2026-03-08 20:00:00
PAY000005942,ORD00011064,2026-04-19 02:00:00,Stripe,success,1006.55,15.98,INR,2026-04-19 02:00:00
PAY000005943,ORD00001485,2026-07-31 18:00:00,PayU,success,953.81,17.55,INR,2026-07-31 18:00:00
PAY000005944,ORD00005040,2026-03-27 01:00:00,Cashfree,Failed,2626.3,7.18,INR,2026-03-27 01:00:00
PAY000005945,ORD00007465,2026-01-31 12:00:00,Razorpay,REFUNDED,438.93,20.51,INR,2026-01-31 12:00:00
PAY000005946,ORD00003971,2026-05-12 16:00:00,razorpay ,Failed,2219.29,12.38,INR,2026-05-12 16:00:00
PAY000005947,ORD00004010,2026-01-04 16:00:00,Cashfree,success,1131.75,18.08,Rs,2026-01-04 16:00:00
PAY000005948,ORD00002406,2026-02-12 10:00:00,razorpay ,success,401.47,14.28,INR,2026-02-12 10:00:00
PAY000005949,ORD00007019,2026-05-06 08:00:00,Stripe,PENDING,2595.71,25.82,INR,2026-05-06 08:00:00
PAY000005950,ORD00007255,2026-06-06 22:00:00,Stripe,success,1606.95,23.06,INR,2026-06-06 22:00:00
PAY000005951,ORD00010743,2026-07-08 18:00:00,PayU,success,1658.25,5.66,INR,2026-07-08 18:00:00
PAY000005952,ORD00009112,2026-05-02 22:00:00,Cashfree,success,3366.25,5.98,INR,2026-05-02 22:00:00
PAY000005953,ORD00002813,2026-05-25 18:00:00,PayU,success,1041.05,32.08,INR,2026-05-25 18:00:00
PAY000005954,ORD00001895,2026-03-24 01:00:00,PayU,success,963.78,14.18,INR,2026-03-24 01:00:00
PAY000005955,ORD00009438,2026-04-01 17:00:00,Cashfree,success,1749.64,4.39,INR,2026-04-01 17:00:00
PAY000005956,ORD00005839,2026-01-26 17:00:00,Cashfree,PENDING,1780.11,16.86,inr,2026-01-26 17:00:00
PAY000005957,ORD00003137,2026-01-20 23:00:00,Cashfree,success,870.69,22.42,INR,2026-01-20 23:00:00
PAY000005958,ORD00011836,2026-04-24 10:00:00,PayU,Failed,2236.17,23.77,inr,2026-04-24 10:00:00
PAY000005959,ORD00009605,2026-03-21 00:00:00,Razorpay,success,1563.51,30.1,INR,2026-03-21 00:00:00
PAY000005960,ORD00005536,2026-03-08 07:00:00,Stripe,success,997.05,27.68,inr,2026-03-08 07:00:00
PAY000005961,ORD00002193,2026-02-08 04:00:00,Stripe,success,1532.9,24.75,INR,2026-02-08 04:00:00
PAY000005962,ORD00003195,2026-06-24 23:00:00,PayU,success,1622.32,2.41,INR,2026-06-24 23:00:00
PAY000005963,ORD00011354,2026-07-07 01:00:00,Cashfree,success,1032.23,5.38,INR,2026-07-07 01:00:00
PAY000005964,ORD00005818,2026-06-01 03:00:00,Stripe,success,825.86,17.62,INR,2026-06-01 03:00:00
PAY000005965,ORD00008265,2026-08-04 23:00:00,razorpay ,success,749.68,7.33,inr,2026-08-04 23:00:00
PAY000005966,ORD00001098,2026-02-18 00:00:00,razorpay ,success,1252.7,4.13,Rs,2026-02-18 00:00:00
PAY000005967,ORD00007655,2026-07-12 04:00:00,Razorpay,success,1828.32,12.27,inr,2026-07-12 04:00:00
PAY000005968,ORD00002146,2026-06-06 14:00:00,Razorpay,Failed,1019.86,8.79,inr,2026-06-06 14:00:00
PAY000005969,ORD00002975,2026-06-16 00:00:00,Stripe,success,1898.32,32.84,INR,2026-06-16 00:00:00
PAY000005970,ORD00008286,2026-01-12 06:00:00,Cashfree,success,617.14,34.99,INR,2026-01-12 06:00:00
PAY000005971,ORD00000415,2026-03-04 20:00:00,razorpay ,REFUNDED,329.73,24.14,INR,2026-03-04 20:00:00
PAY000005972,ORD00001821,2026-01-03 09:00:00,Razorpay,Failed,837.47,25.31,INR,2026-01-03 09:00:00
PAY000005973,ORD00002576,2026-01-16 02:00:00,Razorpay,success,1096.82,19.1,INR,2026-01-16 02:00:00
PAY000005974,ORD00002215,2026-07-08 12:00:00,PayU,success,1326.56,25.34,INR,2026-07-08 12:00:00
PAY000005975,ORD00011718,2026-02-03 10:00:00,PayU,success,1342.7,8.42,INR,2026-02-03 10:00:00
PAY000005976,ORD00003088,2026-07-18 15:00:00,Razorpay,success,1521.0,16.98,INR,2026-07-18 15:00:00
PAY000005977,ORD00002201,2026-03-02 05:00:00,Razorpay,Failed,1556.03,9.65,inr,2026-03-02 05:00:00
PAY000005978,ORD00010721,2026-02-14 19:00:00,PayU,success,375.87,24.76,INR,2026-02-14 19:00:00
PAY000005979,ORD00005374,2026-02-12 14:00:00,Stripe,success,1225.34,31.4,INR,2026-02-12 14:00:00
PAY000005980,ORD00011388,2026-06-11 09:00:00,Cashfree,REFUNDED,976.89,8.43,INR,2026-06-11 09:00:00
PAY000005981,ORD00002233,2026-08-21 04:00:00,Razorpay,Failed,1447.69,4.84,INR,2026-08-21 04:00:00
PAY000005982,ORD00010881,2026-07-20 17:00:00,Stripe,success,517.28,29.93,INR,2026-07-20 17:00:00
PAY000005983,ORD00010436,2026-08-15 09:00:00,PayU,success,1661.72,33.22,INR,2026-08-15 09:00:00
PAY000005984,ORD00004216,2026-05-31 11:00:00,Stripe,success,1870.9,14.57,inr,2026-05-31 11:00:00
PAY000005985,ORD00005200,2026-03-23 14:00:00,Cashfree,success,972.82,2.96,INR,2026-03-23 14:00:00
PAY000005986,ORD00003994,2026-02-21 11:00:00,razorpay ,success,2451.17,2.34,INR,2026-02-21 11:00:00
PAY000005987,ORD00008724,2026-02-11 11:00:00,Razorpay,success,1159.14,20.94,inr,2026-02-11 11:00:00
PAY000005988,ORD00005091,2026-04-12 23:00:00,Stripe,success,1705.32,11.98,INR,2026-04-12 23:00:00
PAY000005989,ORD00001052,2026-03-16 21:00:00,Cashfree,success,2349.6,19.16,INR,2026-03-16 21:00:00
PAY000005990,ORD00007742,2026-01-11 01:00:00,razorpay ,success,428.38,26.52,INR,2026-01-11 01:00:00
PAY000005991,ORD00000504,2026-02-22 17:00:00,Stripe,success,1018.62,3.58,INR,2026-02-22 17:00:00
PAY000005992,ORD00003722,2026-07-03 13:00:00,Razorpay,success,1316.71,10.91,INR,2026-07-03 13:00:00
PAY000005993,ORD00009407,2026-08-22 20:00:00,Razorpay,Failed,1262.4,8.05,INR,2026-08-22 20:00:00
PAY000005994,ORD00007500,2026-01-04 01:00:00,Cashfree,success,547.59,28.89,INR,2026-01-04 01:00:00
PAY000005995,ORD00003607,2026-01-01 08:00:00,Stripe,REFUNDED,847.92,9.08,INR,2026-01-01 08:00:00
PAY000005996,ORD00010466,2026-02-16 12:00:00,Stripe,success,1153.62,28.5,INR,2026-02-16 12:00:00
PAY000005997,ORD00003522,2026-07-18 06:00:00,Cashfree,success,3010.75,14.27,inr,2026-07-18 06:00:00
PAY000005998,ORD00001271,2026-07-24 07:00:00,PayU,success,1456.71,34.75,Rs,2026-07-24 07:00:00
PAY000005999,ORD00007531,2026-03-29 20:00:00,Razorpay,success,977.26,21.94,INR,2026-03-29 20:00:00
PAY000006000,ORD00003515,2026-03-01 11:00:00,Cashfree,success,672.47,18.94,INR,2026-03-01 11:00:00
PAY000006001,ORD00006376,2026-07-03 16:00:00,PayU,success,2128.99,21.5,inr,2026-07-03 16:00:00
PAY000006002,ORD00001137,2026-03-14 02:00:00,Stripe,Failed,1523.87,22.57,INR,2026-03-14 02:00:00
PAY000006003,ORD00001418,2026-05-12 07:00:00,Razorpay,Failed,499.95,28.64,INR,2026-05-12 07:00:00
PAY000006004,ORD00002211,2026-05-18 22:00:00,Razorpay,success,598.54,8.01,inr,2026-05-18 22:00:00
PAY000006005,ORD00006060,2026-04-12 13:00:00,Razorpay,success,844.67,10.46,inr,2026-04-12 13:00:00
PAY000006006,ORD00011952,2026-05-07 18:00:00,Razorpay,success,336.22,3.12,INR,2026-05-07 18:00:00
PAY000006007,ORD00011340,2026-01-25 23:00:00,razorpay ,success,987.01,5.04,INR,2026-01-25 23:00:00
PAY000006008,ORD00002591,2026-05-16 04:00:00,PayU,success,819.43,5.85,INR,2026-05-16 04:00:00
PAY000006009,ORD00010814,2026-05-23 13:00:00,PayU,success,1358.75,24.86,INR,2026-05-23 13:00:00
PAY000006010,ORD00004367,2026-02-17 12:00:00,Stripe,success,1702.22,30.26,INR,2026-02-17 12:00:00
PAY000006011,ORD00009960,2026-02-04 04:00:00,Stripe,success,742.41,24.91,Rs,2026-02-04 04:00:00
PAY000006012,ORD00008960,2026-06-17 07:00:00,PayU,Failed,3558.32,11.57,Rs,2026-06-17 07:00:00
PAY000006013,ORD00004956,2026-06-21 11:00:00,Razorpay,success,5035.93,24.21,INR,2026-06-21 11:00:00
PAY000006014,ORD00005208,2026-04-14 19:00:00,PayU,success,255.26,20.97,INR,2026-04-14 19:00:00
PAY000006015,ORD00002949,2026-08-03 05:00:00,Razorpay,success,1210.88,11.8,INR,2026-08-03 05:00:00
PAY000006016,ORD00011207,2026-01-18 11:00:00,Razorpay,PENDING,2144.25,30.79,INR,2026-01-18 11:00:00
PAY000006017,ORD00010112,2026-01-04 21:00:00,PayU,success,991.4,5.56,Rs,2026-01-04 21:00:00
PAY000006018,ORD00010494,2026-08-16 18:00:00,Cashfree,success,1121.73,15.9,INR,2026-08-16 18:00:00
PAY000006019,ORD00006873,2026-03-20 22:00:00,razorpay ,success,781.89,28.87,INR,2026-03-20 22:00:00
PAY000006020,ORD00003674,2026-08-20 00:00:00,Cashfree,Failed,1948.39,12.94,INR,2026-08-20 00:00:00
PAY000006021,ORD00009351,2026-07-23 16:00:00,PayU,Failed,581.62,21.55,INR,2026-07-23 16:00:00
PAY000006022,ORD00003143,2026-01-05 06:00:00,Stripe,success,354.87,16.77,INR,2026-01-05 06:00:00
PAY000006023,ORD00003013,2026-03-07 02:00:00,Razorpay,success,576.21,16.85,INR,2026-03-07 02:00:00
PAY000006024,ORD00001376,2026-06-10 22:00:00,PayU,success,343.33,14.16,INR,2026-06-10 22:00:00
PAY000006025,ORD00001317,2026-06-28 04:00:00,PayU,success,2611.62,27.74,inr,2026-06-28 04:00:00
PAY000006026,ORD00007639,2026-03-28 23:00:00,Cashfree,success,654.99,6.83,INR,2026-03-28 23:00:00
PAY000006027,ORD00003227,2026-03-29 09:00:00,Razorpay,REFUNDED,767.99,29.43,INR,2026-03-29 09:00:00
PAY000006028,ORD00007799,2026-01-22 04:00:00,PayU,success,2594.16,23.26,INR,2026-01-22 04:00:00
PAY000006029,ORD00000738,2026-04-27 23:00:00,Cashfree,success,1300.58,26.95,INR,2026-04-27 23:00:00
PAY000006030,ORD00002464,2026-07-05 07:00:00,Cashfree,success,2549.24,29.63,inr,2026-07-05 07:00:00
PAY000006031,ORD00001535,2026-05-08 15:00:00,Stripe,success,1989.45,29.58,INR,2026-05-08 15:00:00
PAY000006032,ORD00007891,2026-05-12 21:00:00,Razorpay,success,2472.65,7.79,INR,2026-05-12 21:00:00
PAY000006033,ORD00008985,2026-01-21 11:00:00,razorpay ,success,1462.33,27.3,INR,2026-01-21 11:00:00
PAY000006034,ORD00005470,2026-08-08 16:00:00,razorpay ,PENDING,2204.86,7.15,INR,2026-08-08 16:00:00
PAY000006035,ORD00004760,2026-05-02 19:00:00,PayU,REFUNDED,554.45,33.43,INR,2026-05-02 19:00:00
PAY000006036,ORD00005956,2026-05-17 04:00:00,Stripe,success,4379.21,25.82,INR,2026-05-17 04:00:00
PAY000006037,ORD00011001,2026-02-13 14:00:00,razorpay ,success,770.34,29.65,INR,2026-02-13 14:00:00
PAY000006038,ORD00006696,2026-08-09 11:00:00,Razorpay,Failed,1167.05,7.24,INR,2026-08-09 11:00:00
PAY000006039,ORD00006217,2026-02-26 05:00:00,Razorpay,REFUNDED,586.48,29.08,INR,2026-02-26 05:00:00
PAY000006040,ORD00005657,2026-01-30 04:00:00,Stripe,success,1264.98,25.03,INR,2026-01-30 04:00:00
PAY000006041,ORD00010502,2026-04-03 09:00:00,PayU,success,1193.94,23.61,INR,2026-04-03 09:00:00
PAY000006042,ORD00000547,2026-04-27 23:00:00,Stripe,PENDING,1747.41,17.44,INR,2026-04-27 23:00:00
PAY000006043,ORD00002367,2026-05-31 06:00:00,Cashfree,success,1419.22,7.65,INR,2026-05-31 06:00:00
PAY000006044,ORD00009183,2026-06-24 18:00:00,PayU,success,899.0,17.54,INR,2026-06-24 18:00:00
PAY000006045,ORD00005853,2026-03-09 07:00:00,PayU,success,368.75,28.65,INR,2026-03-09 07:00:00
PAY000006046,ORD00006099,2026-07-18 15:00:00,PayU,Failed,2002.07,3.75,inr,2026-07-18 15:00:00
PAY000006047,ORD00011701,2026-06-17 20:00:00,PayU,success,1761.14,12.01,INR,2026-06-17 20:00:00
PAY000006048,ORD00003519,2026-02-12 01:00:00,Razorpay,success,1558.71,12.57,INR,2026-02-12 01:00:00
PAY000006049,ORD00001828,2026-05-17 09:00:00,PayU,success,1610.22,23.29,INR,2026-05-17 09:00:00
PAY000006050,ORD00003081,2026-03-27 01:00:00,PayU,PENDING,1635.74,25.64,Rs,2026-03-27 01:00:00
PAY000006051,ORD00000765,2026-01-10 14:00:00,razorpay ,success,1043.57,33.65,INR,2026-01-10 14:00:00
PAY000006052,ORD00011340,2026-03-09 02:00:00,razorpay ,PENDING,1489.13,21.15,Rs,2026-03-09 02:00:00
PAY000006053,ORD00009190,2026-06-15 07:00:00,Cashfree,success,1842.64,8.06,inr,2026-06-15 07:00:00
PAY000006054,ORD00001243,2026-08-17 21:00:00,Cashfree,success,1283.05,20.33,INR,2026-08-17 21:00:00
PAY000006055,ORD00002287,2026-02-18 00:00:00,PayU,success,928.93,22.01,INR,2026-02-18 00:00:00
PAY000006056,ORD00004523,2026-06-15 21:00:00,Razorpay,Failed,852.0,19.8,INR,2026-06-15 21:00:00
PAY000006057,ORD00010643,2026-01-31 00:00:00,Razorpay,success,1521.78,2.97,INR,2026-01-31 00:00:00
PAY000006058,ORD00002570,2026-06-21 08:00:00,Stripe,success,273.24,10.42,INR,2026-06-21 08:00:00
PAY000006059,ORD00011751,2026-04-04 02:00:00,razorpay ,success,3537.76,22.96,INR,2026-04-04 02:00:00
PAY000006060,ORD00001585,2026-04-10 19:00:00,Razorpay,success,812.62,31.32,INR,2026-04-10 19:00:00
PAY000006061,ORD00008881,2026-07-27 20:00:00,Razorpay,success,1545.32,17.55,INR,2026-07-27 20:00:00
PAY000006062,ORD00010853,2026-04-20 12:00:00,Stripe,success,522.74,11.28,INR,2026-04-20 12:00:00
PAY000006063,ORD00007419,2026-03-10 02:00:00,PayU,success,1597.48,26.54,INR,2026-03-10 02:00:00
PAY000006064,ORD00009474,2026-01-12 17:00:00,Stripe,success,815.37,24.93,inr,2026-01-12 17:00:00
PAY000006065,ORD00000893,2026-06-09 19:00:00,razorpay ,success,750.52,15.21,INR,2026-06-09 19:00:00
PAY000006066,ORD00011887,2026-04-07 21:00:00,Cashfree,REFUNDED,4975.96,29.18,inr,2026-04-07 21:00:00
PAY000006067,ORD00008446,2026-03-08 08:00:00,Cashfree,success,1189.77,22.39,Rs,2026-03-08 08:00:00
PAY000006068,ORD00004915,2026-05-26 07:00:00,Cashfree,success,2371.48,19.13,Rs,2026-05-26 07:00:00
PAY000006069,ORD00008966,2026-02-09 04:00:00,razorpay ,success,2511.52,11.84,INR,2026-02-09 04:00:00
PAY000006070,ORD00009688,2026-08-28 14:00:00,PayU,success,604.22,29.16,INR,2026-08-28 14:00:00
PAY000006071,ORD00000647,2026-04-06 18:00:00,Razorpay,success,461.95,23.01,INR,2026-04-06 18:00:00
PAY000006072,ORD00001030,2026-03-03 08:00:00,Stripe,success,910.11,19.05,INR,2026-03-03 08:00:00
PAY000006073,ORD00006712,2026-01-22 20:00:00,PayU,success,3855.41,34.62,INR,2026-01-22 20:00:00
PAY000006074,ORD00006810,2026-01-16 03:00:00,PayU,success,734.04,8.81,INR,2026-01-16 03:00:00
PAY000006075,ORD00010583,2026-03-06 15:00:00,razorpay ,Failed,1414.8,10.13,INR,2026-03-06 15:00:00
PAY000006076,ORD00010350,2026-03-23 02:00:00,Razorpay,success,688.68,3.3,INR,2026-03-23 02:00:00
PAY000006077,ORD00010391,2026-03-23 16:00:00,razorpay ,success,1239.54,30.38,INR,2026-03-23 16:00:00
PAY000006078,ORD00005985,2026-04-14 14:00:00,Razorpay,PENDING,1626.08,10.53,INR,2026-04-14 14:00:00
PAY000006079,ORD00005578,2026-03-21 15:00:00,Razorpay,success,1717.41,33.92,INR,2026-03-21 15:00:00
PAY000006080,ORD00001607,2026-04-27 08:00:00,razorpay ,success,703.64,21.97,INR,2026-04-27 08:00:00
PAY000006081,ORD00005660,2026-03-05 16:00:00,PayU,success,1130.32,9.09,INR,2026-03-05 16:00:00
PAY000006082,ORD00003406,2026-02-10 13:00:00,PayU,PENDING,1663.74,23.89,INR,2026-02-10 13:00:00
PAY000006083,ORD00002702,2026-06-11 03:00:00,Cashfree,success,2732.94,24.07,INR,2026-06-11 03:00:00
PAY000006084,ORD00002383,2026-07-17 16:00:00,Razorpay,Failed,1161.5,11.25,INR,2026-07-17 16:00:00
PAY000006085,ORD00011197,2026-04-29 05:00:00,Cashfree,success,644.82,26.26,INR,2026-04-29 05:00:00
PAY000006086,ORD00008625,2026-07-14 11:00:00,Cashfree,success,1312.43,2.16,inr,2026-07-14 11:00:00
PAY000006087,ORD00003298,2026-07-16 08:00:00,Cashfree,success,1513.15,25.93,INR,2026-07-16 08:00:00
PAY000006088,ORD00005231,2026-06-28 18:00:00,Razorpay,PENDING,1166.79,6.04,inr,2026-06-28 18:00:00
PAY000006089,ORD00007857,2026-01-11 08:00:00,Stripe,success,1186.81,32.22,INR,2026-01-11 08:00:00
PAY000006090,ORD00009810,2026-08-13 13:00:00,Stripe,success,1917.91,28.64,INR,2026-08-13 13:00:00
PAY000006091,ORD00007210,2026-07-03 17:00:00,Razorpay,success,1172.43,24.6,INR,2026-07-03 17:00:00
PAY000006092,ORD00011787,2026-06-09 13:00:00,Razorpay,success,290.37,28.93,INR,2026-06-09 13:00:00
PAY000006093,ORD00003724,2026-03-24 14:00:00,razorpay ,success,953.94,16.08,INR,2026-03-24 14:00:00
PAY000006094,ORD00001308,2026-04-26 02:00:00,razorpay ,success,396.07,16.06,INR,2026-04-26 02:00:00
PAY000006095,ORD00000379,2026-01-07 18:00:00,PayU,success,807.41,23.11,INR,2026-01-07 18:00:00
PAY000006096,ORD00002089,2026-08-08 21:00:00,Cashfree,PENDING,889.47,22.92,INR,2026-08-08 21:00:00
PAY000006097,ORD00009667,2026-03-14 01:00:00,PayU,PENDING,634.04,17.64,INR,2026-03-14 01:00:00
PAY000006098,ORD00010976,2026-01-19 16:00:00,razorpay ,success,1390.64,22.42,inr,2026-01-19 16:00:00
PAY000006099,ORD00011524,2026-06-21 07:00:00,Razorpay,success,553.45,19.89,INR,2026-06-21 07:00:00
PAY000006100,ORD00001795,2026-05-03 14:00:00,PayU,success,898.92,6.17,INR,2026-05-03 14:00:00
PAY000006101,ORD00001363,2026-07-31 16:00:00,Cashfree,PENDING,821.23,15.58,INR,2026-07-31 16:00:00
PAY000006102,ORD00008888,2026-02-21 16:00:00,PayU,success,675.27,10.42,INR,2026-02-21 16:00:00
PAY000006103,ORD00008040,2026-08-21 04:00:00,Razorpay,REFUNDED,1691.04,28.22,INR,2026-08-21 04:00:00
PAY000006104,ORD00000291,2026-03-21 14:00:00,razorpay ,success,479.95,6.44,INR,2026-03-21 14:00:00
PAY000006105,ORD00002398,2026-05-02 01:00:00,Cashfree,success,1911.71,34.86,INR,2026-05-02 01:00:00
PAY000006106,ORD00004922,2026-06-17 02:00:00,PayU,PENDING,1763.39,2.76,INR,2026-06-17 02:00:00
PAY000006107,ORD00004563,2026-06-09 08:00:00,Cashfree,success,825.05,30.3,INR,2026-06-09 08:00:00
PAY000006108,ORD00010917,2026-05-25 12:00:00,razorpay ,PENDING,532.6,32.62,INR,2026-05-25 12:00:00
PAY000006109,ORD00009852,2026-04-24 10:00:00,PayU,success,2662.07,20.81,INR,2026-04-24 10:00:00
PAY000006110,ORD00004838,2026-06-16 20:00:00,Cashfree,success,1120.4,10.39,Rs,2026-06-16 20:00:00
PAY000006111,ORD00003064,2026-03-19 16:00:00,Razorpay,success,922.88,34.73,INR,2026-03-19 16:00:00
PAY000006112,ORD00011489,2026-01-05 13:00:00,Stripe,Failed,2389.23,3.8,INR,2026-01-05 13:00:00
PAY000006113,ORD00007626,2026-05-30 12:00:00,razorpay ,success,1952.53,11.72,INR,2026-05-30 12:00:00
PAY000006114,ORD00006163,2026-06-14 13:00:00,Razorpay,success,1231.94,28.33,inr,2026-06-14 13:00:00
PAY000006115,ORD00002948,2026-08-04 12:00:00,Cashfree,success,3211.22,3.54,INR,2026-08-04 12:00:00
PAY000006116,ORD00008998,2026-08-25 21:00:00,Cashfree,Failed,350.87,22.98,INR,2026-08-25 21:00:00
PAY000006117,ORD00004678,2026-07-19 20:00:00,Stripe,success,799.46,12.86,INR,2026-07-19 20:00:00
PAY000006118,ORD00011124,2026-07-26 04:00:00,razorpay ,success,1055.1,33.72,INR,2026-07-26 04:00:00
PAY000006119,ORD00004654,2026-07-27 17:00:00,razorpay ,success,2327.04,11.18,INR,2026-07-27 17:00:00
PAY000006120,ORD00004834,2026-01-23 12:00:00,PayU,success,1335.81,27.05,INR,2026-01-23 12:00:00
PAY000006121,ORD00005947,2026-02-03 07:00:00,razorpay ,success,437.82,30.18,INR,2026-02-03 07:00:00
PAY000006122,ORD00004685,2026-02-21 08:00:00,Cashfree,success,2314.73,4.57,INR,2026-02-21 08:00:00
PAY000006123,ORD00008708,2026-07-25 11:00:00,PayU,PENDING,622.26,30.45,INR,2026-07-25 11:00:00
PAY000006124,ORD00005828,2026-03-05 19:00:00,PayU,Failed,3076.56,21.0,inr,2026-03-05 19:00:00
PAY000006125,ORD00007510,2026-06-16 04:00:00,Cashfree,success,948.27,9.29,INR,2026-06-16 04:00:00
PAY000006126,ORD00000957,2026-01-02 05:00:00,Stripe,success,646.44,23.16,INR,2026-01-02 05:00:00
PAY000006127,ORD00009030,2026-03-04 12:00:00,Razorpay,success,1036.97,9.09,INR,2026-03-04 12:00:00
PAY000006128,ORD00007767,2026-07-02 14:00:00,Stripe,success,1237.05,8.64,INR,2026-07-02 14:00:00
PAY000006129,ORD00004401,2026-02-01 11:00:00,Razorpay,Failed,1107.53,16.34,INR,2026-02-01 11:00:00
PAY000006130,ORD00005857,2026-04-12 03:00:00,Cashfree,success,941.97,12.42,INR,2026-04-12 03:00:00
PAY000006131,ORD00000407,2026-01-04 10:00:00,PayU,success,1961.69,17.38,INR,2026-01-04 10:00:00
PAY000006132,ORD00000487,2026-03-17 02:00:00,Stripe,success,3250.53,6.19,INR,2026-03-17 02:00:00
PAY000006133,ORD00010869,2026-02-21 19:00:00,razorpay ,success,1569.33,12.73,Rs,2026-02-21 19:00:00
PAY000006134,ORD00005310,2026-07-20 01:00:00,razorpay ,success,797.68,31.53,INR,2026-07-20 01:00:00
PAY000006135,ORD00010800,2026-01-14 18:00:00,Stripe,success,738.41,20.1,INR,2026-01-14 18:00:00
PAY000006136,ORD00009246,2026-03-12 03:00:00,Cashfree,success,4774.47,29.83,inr,2026-03-12 03:00:00
PAY000006137,ORD00003580,2026-08-25 13:00:00,razorpay ,Failed,830.87,23.82,INR,2026-08-25 13:00:00
PAY000006138,ORD00002577,2026-05-28 20:00:00,Stripe,PENDING,4182.41,2.31,INR,2026-05-28 20:00:00
PAY000006139,ORD00010018,2026-03-29 14:00:00,Stripe,success,1693.5,21.94,inr,2026-03-29 14:00:00
PAY000006140,ORD00009578,2026-01-21 04:00:00,razorpay ,success,4838.98,20.68,INR,2026-01-21 04:00:00
PAY000006141,ORD00005616,2026-06-15 10:00:00,razorpay ,success,1145.07,4.05,INR,2026-06-15 10:00:00
PAY000006142,ORD00009298,2026-05-01 00:00:00,Cashfree,success,1310.63,13.9,INR,2026-05-01 00:00:00
PAY000006143,ORD00003669,2026-05-11 22:00:00,Razorpay,success,1623.34,31.2,INR,2026-05-11 22:00:00
PAY000006144,ORD00004304,2026-08-24 12:00:00,Razorpay,success,881.22,9.09,INR,2026-08-24 12:00:00
PAY000006145,ORD00009078,2026-01-03 11:00:00,Razorpay,REFUNDED,570.99,25.48,Rs,2026-01-03 11:00:00
PAY000006146,ORD00007609,2026-08-11 02:00:00,PayU,success,607.31,2.61,INR,2026-08-11 02:00:00
PAY000006147,ORD00010808,2026-08-26 13:00:00,PayU,success,926.76,28.9,inr,2026-08-26 13:00:00
PAY000006148,ORD00007198,2026-08-11 21:00:00,Stripe,success,854.87,32.53,INR,2026-08-11 21:00:00
PAY000006149,ORD00004308,2026-06-30 10:00:00,razorpay ,success,1034.89,19.02,INR,2026-06-30 10:00:00
PAY000006150,ORD00001138,2026-04-25 08:00:00,Stripe,success,1372.32,23.98,INR,2026-04-25 08:00:00
PAY000006151,ORD00002520,2026-05-26 07:00:00,PayU,PENDING,507.4,28.31,INR,2026-05-26 07:00:00
PAY000006152,ORD00000276,2026-06-02 00:00:00,Cashfree,success,793.08,9.26,INR,2026-06-02 00:00:00
PAY000006153,ORD00007765,2026-05-12 17:00:00,PayU,success,656.56,22.96,INR,2026-05-12 17:00:00
PAY000006154,ORD00009240,2026-08-15 07:00:00,razorpay ,success,559.78,16.56,inr,2026-08-15 07:00:00
PAY000006155,ORD00011243,2026-03-03 13:00:00,razorpay ,success,1184.87,15.23,INR,2026-03-03 13:00:00
PAY000006156,ORD00001526,2026-03-27 02:00:00,razorpay ,success,2027.88,11.98,INR,2026-03-27 02:00:00
PAY000006157,ORD00004114,2026-08-02 02:00:00,PayU,success,2166.66,7.76,INR,2026-08-02 02:00:00
PAY000006158,ORD00004209,2026-06-21 05:00:00,razorpay ,success,1227.58,10.19,INR,2026-06-21 05:00:00
PAY000006159,ORD00005317,2026-06-15 04:00:00,Stripe,success,389.86,4.25,INR,2026-06-15 04:00:00
PAY000006160,ORD00008096,2026-08-16 20:00:00,PayU,success,2843.95,12.65,INR,2026-08-16 20:00:00
PAY000006161,ORD00009774,2026-06-09 12:00:00,razorpay ,success,2697.54,15.09,INR,2026-06-09 12:00:00
PAY000006162,ORD00006357,2026-04-27 20:00:00,PayU,success,1027.28,22.27,INR,2026-04-27 20:00:00
PAY000006163,ORD00009602,2026-06-13 21:00:00,Cashfree,REFUNDED,2637.48,27.78,INR,2026-06-13 21:00:00
PAY000006164,ORD00009123,2026-02-21 22:00:00,PayU,success,1867.76,4.53,INR,2026-02-21 22:00:00
PAY000006165,ORD00006510,2026-05-15 12:00:00,Stripe,success,3334.75,26.01,inr,2026-05-15 12:00:00
PAY000006166,ORD00008770,2026-03-14 05:00:00,Razorpay,success,1178.67,19.87,inr,2026-03-14 05:00:00
PAY000006167,ORD00001995,2026-02-13 14:00:00,Razorpay,success,492.68,6.1,INR,2026-02-13 14:00:00
PAY000006168,ORD00010300,2026-04-14 00:00:00,Stripe,success,880.09,27.01,Rs,2026-04-14 00:00:00
PAY000006169,ORD00010158,2026-06-02 20:00:00,Stripe,success,881.28,30.27,INR,2026-06-02 20:00:00
PAY000006170,ORD00005206,2026-02-15 13:00:00,PayU,Failed,328.7,30.54,INR,2026-02-15 13:00:00
PAY000006171,ORD00006191,2026-05-16 09:00:00,PayU,success,2135.88,3.65,INR,2026-05-16 09:00:00
PAY000006172,ORD00005847,2026-08-23 21:00:00,Stripe,success,2464.13,15.6,INR,2026-08-23 21:00:00
PAY000006173,ORD00008250,2026-01-01 14:00:00,Stripe,success,1082.48,13.81,INR,2026-01-01 14:00:00
PAY000006174,ORD00000762,2026-03-21 15:00:00,PayU,success,1356.82,25.82,INR,2026-03-21 15:00:00
PAY000006175,ORD00009908,2026-01-06 09:00:00,Stripe,success,1405.51,30.32,INR,2026-01-06 09:00:00
PAY000006176,ORD00001620,2026-01-14 18:00:00,razorpay ,success,895.24,20.61,INR,2026-01-14 18:00:00
PAY000006177,ORD00006997,2026-07-19 07:00:00,Razorpay,success,513.83,33.76,INR,2026-07-19 07:00:00
PAY000006178,ORD00007636,2026-01-16 07:00:00,razorpay ,success,1165.7,9.98,INR,2026-01-16 07:00:00
PAY000006179,ORD00006892,2026-03-02 12:00:00,Razorpay,success,1504.99,3.52,INR,2026-03-02 12:00:00
PAY000006180,ORD00002383,2026-08-17 21:00:00,Cashfree,success,370.45,23.78,inr,2026-08-17 21:00:00
PAY000006181,ORD00006008,2026-03-23 20:00:00,Cashfree,success,1170.89,20.95,INR,2026-03-23 20:00:00
PAY000006182,ORD00007536,2026-08-25 20:00:00,PayU,success,711.8,26.93,INR,2026-08-25 20:00:00
PAY000006183,ORD00001435,2026-01-14 12:00:00,Cashfree,Failed,500.43,17.05,INR,2026-01-14 12:00:00
PAY000006184,ORD00009180,2026-08-17 11:00:00,Stripe,success,2308.9,27.85,INR,2026-08-17 11:00:00
PAY000006185,ORD00006353,2026-04-30 19:00:00,Cashfree,success,641.59,4.14,INR,2026-04-30 19:00:00
PAY000006186,ORD00001957,2026-05-28 19:00:00,PayU,PENDING,1650.51,28.88,INR,2026-05-28 19:00:00
PAY000006187,ORD00003611,2026-01-10 06:00:00,Razorpay,success,1693.27,6.54,INR,2026-01-10 06:00:00
PAY000006188,ORD00010966,2026-07-20 20:00:00,PayU,success,1258.5,15.02,INR,2026-07-20 20:00:00
PAY000006189,ORD00004112,2026-04-11 10:00:00,razorpay ,PENDING,1577.01,28.0,Rs,2026-04-11 10:00:00
PAY000006190,ORD00004403,2026-05-22 10:00:00,Stripe,success,1682.65,11.59,INR,2026-05-22 10:00:00
PAY000006191,ORD00006387,2026-01-27 02:00:00,razorpay ,success,3155.27,26.86,INR,2026-01-27 02:00:00
PAY000006192,ORD00000428,2026-06-29 12:00:00,PayU,REFUNDED,732.11,13.79,INR,2026-06-29 12:00:00
PAY000006193,ORD00001700,2026-01-04 05:00:00,razorpay ,success,421.14,28.37,INR,2026-01-04 05:00:00
PAY000006194,ORD00010212,2026-02-21 18:00:00,PayU,success,638.25,7.49,INR,2026-02-21 18:00:00
PAY000006195,ORD00002799,2026-01-30 02:00:00,razorpay ,success,651.9,3.64,INR,2026-01-30 02:00:00
PAY000006196,ORD00008458,2026-02-01 14:00:00,PayU,success,1000.31,20.4,INR,2026-02-01 14:00:00
PAY000006197,ORD00001097,2026-06-09 20:00:00,PayU,PENDING,872.29,2.93,INR,2026-06-09 20:00:00
PAY000006198,ORD00001799,2026-06-08 14:00:00,Razorpay,PENDING,1742.09,18.97,inr,2026-06-08 14:00:00
PAY000006199,ORD00009843,2026-06-12 03:00:00,Stripe,success,830.69,26.24,INR,2026-06-12 03:00:00
PAY000006200,ORD00008615,2026-03-23 10:00:00,Razorpay,success,1672.33,29.78,INR,2026-03-23 10:00:00
PAY000006201,ORD00004989,2026-05-29 03:00:00,Cashfree,success,601.36,18.62,inr,2026-05-29 03:00:00
PAY000006202,ORD00008350,2026-01-21 17:00:00,Stripe,success,3683.73,3.51,INR,2026-01-21 17:00:00
PAY000006203,ORD00007045,2026-07-28 11:00:00,Cashfree,success,2633.77,19.59,INR,2026-07-28 11:00:00
PAY000006204,ORD00000161,2026-02-22 02:00:00,Cashfree,success,2878.97,2.2,INR,2026-02-22 02:00:00
PAY000006205,ORD00011467,2026-03-25 14:00:00,PayU,success,738.48,6.24,inr,2026-03-25 14:00:00
PAY000006206,ORD00002867,2026-02-05 06:00:00,Cashfree,success,710.24,6.31,INR,2026-02-05 06:00:00
PAY000006207,ORD00001236,2026-02-13 19:00:00,Razorpay,success,1122.05,16.44,INR,2026-02-13 19:00:00
PAY000006208,ORD00010710,2026-01-20 08:00:00,Cashfree,success,720.53,2.52,INR,2026-01-20 08:00:00
PAY000006209,ORD00003794,2026-06-10 14:00:00,Cashfree,success,1971.71,19.71,INR,2026-06-10 14:00:00
PAY000006210,ORD00005096,2026-01-27 06:00:00,Cashfree,success,1139.23,13.6,INR,2026-01-27 06:00:00
PAY000006211,ORD00011899,2026-04-10 21:00:00,Stripe,Failed,1590.22,13.65,inr,2026-04-10 21:00:00
PAY000006212,ORD00005478,2026-02-20 19:00:00,,success,2526.34,10.21,INR,2026-02-20 19:00:00
PAY000006213,ORD00006587,2026-06-02 07:00:00,Cashfree,REFUNDED,951.08,33.39,INR,2026-06-02 07:00:00
PAY000006214,ORD00003817,2026-03-09 06:00:00,Razorpay,success,915.94,5.67,INR,2026-03-09 06:00:00
PAY000006215,ORD00005070,2026-03-25 20:00:00,razorpay ,success,1700.85,12.7,INR,2026-03-25 20:00:00
PAY000006216,ORD00005653,2026-02-09 17:00:00,Razorpay,PENDING,856.02,25.24,INR,2026-02-09 17:00:00
PAY000006217,ORD00001876,2026-02-09 12:00:00,Razorpay,success,1195.61,28.17,INR,2026-02-09 12:00:00
PAY000006218,ORD00011008,2026-01-27 17:00:00,Stripe,success,781.52,27.55,INR,2026-01-27 17:00:00
PAY000006219,ORD00011337,2026-01-21 15:00:00,Cashfree,success,1403.43,8.42,Rs,2026-01-21 15:00:00
PAY000006220,ORD00011569,2026-07-15 13:00:00,razorpay ,success,1023.88,11.91,INR,2026-07-15 13:00:00
PAY000006221,ORD00007694,2026-02-14 01:00:00,Cashfree,success,667.07,27.69,INR,2026-02-14 01:00:00
PAY000006222,ORD00006369,2026-05-20 18:00:00,Stripe,success,2577.55,15.29,INR,2026-05-20 18:00:00
PAY000006223,ORD00007731,2026-05-07 01:00:00,razorpay ,success,1240.05,8.92,INR,2026-05-07 01:00:00
PAY000006224,ORD00002502,2026-05-24 20:00:00,Razorpay,success,1072.53,19.25,INR,2026-05-24 20:00:00
PAY000006225,ORD00006654,2026-05-10 11:00:00,PayU,success,369.77,21.48,Rs,2026-05-10 11:00:00
PAY000006226,ORD00009656,2026-01-14 05:00:00,PayU,success,767.8,9.18,INR,2026-01-14 05:00:00
PAY000006227,ORD00004077,2026-07-06 22:00:00,razorpay ,success,1481.33,25.56,INR,2026-07-06 22:00:00
PAY000006228,ORD00002342,2026-05-14 20:00:00,PayU,success,1411.3,21.37,INR,2026-05-14 20:00:00
PAY000006229,ORD00005842,2026-07-16 16:00:00,razorpay ,success,922.51,26.99,INR,2026-07-16 16:00:00
PAY000006230,ORD00009422,2026-04-06 17:00:00,Razorpay,success,619.42,34.69,INR,2026-04-06 17:00:00
PAY000006231,ORD00002521,2026-04-04 20:00:00,Stripe,success,1150.33,14.68,INR,2026-04-04 20:00:00
PAY000006232,ORD00004738,2026-02-27 10:00:00,Razorpay,success,1860.64,26.54,INR,2026-02-27 10:00:00
PAY000006233,ORD00004992,2026-06-08 06:00:00,Razorpay,REFUNDED,2804.82,4.81,INR,2026-06-08 06:00:00
PAY000006234,ORD00008105,2026-06-15 04:00:00,PayU,success,617.14,31.5,INR,2026-06-15 04:00:00
PAY000006235,ORD00007015,2026-01-03 07:00:00,Razorpay,success,947.62,19.14,INR,2026-01-03 07:00:00
PAY000006236,ORD00004722,2026-05-28 10:00:00,Razorpay,Failed,903.56,8.22,INR,2026-05-28 10:00:00
PAY000006237,ORD00010090,2026-02-01 05:00:00,Razorpay,success,860.82,11.58,INR,2026-02-01 05:00:00
PAY000006238,ORD00010112,2026-04-10 21:00:00,Razorpay,success,1965.7,29.91,INR,2026-04-10 21:00:00
PAY000006239,ORD00009217,2026-06-05 16:00:00,PayU,success,669.12,14.98,Rs,2026-06-05 16:00:00
PAY000006240,ORD00007830,2026-06-29 17:00:00,razorpay ,Failed,1195.03,26.81,INR,2026-06-29 17:00:00
PAY000006241,ORD00006314,2026-01-28 20:00:00,PayU,success,494.32,27.6,INR,2026-01-28 20:00:00
PAY000006242,ORD00011390,2026-08-27 23:00:00,Cashfree,PENDING,433.79,29.97,Rs,2026-08-27 23:00:00
PAY000006243,ORD00000498,2026-03-16 19:00:00,Cashfree,REFUNDED,4276.85,34.45,INR,2026-03-16 19:00:00
PAY000006244,ORD00009733,2026-03-02 14:00:00,razorpay ,success,1459.32,8.85,INR,2026-03-02 14:00:00
PAY000006245,ORD00008500,2026-01-23 19:00:00,Stripe,success,3360.21,21.81,INR,2026-01-23 19:00:00
PAY000006246,ORD00009920,2026-04-17 02:00:00,PayU,success,2979.81,11.86,INR,2026-04-17 02:00:00
PAY000006247,ORD00011203,2026-07-27 19:00:00,Stripe,success,783.31,34.24,Rs,2026-07-27 19:00:00
PAY000006248,ORD00009415,2026-05-04 04:00:00,razorpay ,success,1188.01,4.36,INR,2026-05-04 04:00:00
PAY000006249,ORD00001595,2026-07-30 15:00:00,Razorpay,Failed,1755.78,7.67,INR,2026-07-30 15:00:00
PAY000006250,ORD00011051,2026-03-01 23:00:00,Stripe,success,1455.93,17.53,INR,2026-03-01 23:00:00
PAY000006251,ORD00009603,2026-03-16 17:00:00,Razorpay,success,687.4,3.66,inr,2026-03-16 17:00:00
PAY000006252,ORD00008503,2026-06-05 13:00:00,PayU,success,1047.49,19.97,INR,2026-06-05 13:00:00
PAY000006253,ORD00002368,2026-08-10 14:00:00,Stripe,success,1363.34,34.22,INR,2026-08-10 14:00:00
PAY000006254,ORD00006162,2026-05-12 11:00:00,,success,1574.68,26.86,INR,2026-05-12 11:00:00
PAY000006255,ORD00005413,2026-06-19 13:00:00,Razorpay,success,1664.19,3.39,INR,2026-06-19 13:00:00
PAY000006256,ORD00003762,2026-07-03 06:00:00,Stripe,PENDING,990.15,16.01,Rs,2026-07-03 06:00:00
PAY000006257,ORD00003132,2026-07-05 23:00:00,razorpay ,success,1596.61,15.72,INR,2026-07-05 23:00:00
PAY000006258,ORD00001090,2026-07-27 20:00:00,Cashfree,success,659.92,10.55,INR,2026-07-27 20:00:00
PAY000006259,ORD00005254,2026-01-06 20:00:00,Stripe,success,820.4,7.03,INR,2026-01-06 20:00:00
PAY000006260,ORD00003380,2026-04-15 20:00:00,PayU,Failed,1502.71,18.09,INR,2026-04-15 20:00:00
PAY000006261,ORD00001458,2026-05-30 01:00:00,Stripe,REFUNDED,2581.53,6.76,INR,2026-05-30 01:00:00
PAY000006262,ORD00003209,2026-08-07 07:00:00,Stripe,success,881.39,24.87,INR,2026-08-07 07:00:00
PAY000006263,ORD00000133,2026-07-05 21:00:00,razorpay ,Failed,504.83,14.45,INR,2026-07-05 21:00:00
PAY000006264,ORD00010061,2026-07-25 18:00:00,Cashfree,success,1889.25,8.69,INR,2026-07-25 18:00:00
PAY000006265,ORD00003796,2026-04-14 03:00:00,Cashfree,REFUNDED,1122.4,24.09,INR,2026-04-14 03:00:00
PAY000006266,ORD00004354,2026-06-10 17:00:00,Razorpay,REFUNDED,682.86,29.3,INR,2026-06-10 17:00:00
PAY000006267,ORD00011029,2026-08-19 23:00:00,razorpay ,success,1016.68,27.51,INR,2026-08-19 23:00:00
PAY000006268,ORD00001367,2026-07-10 09:00:00,Razorpay,success,714.27,11.8,INR,2026-07-10 09:00:00
PAY000006269,ORD00007804,2026-03-13 00:00:00,Stripe,PENDING,2203.24,2.94,INR,2026-03-13 00:00:00
PAY000006270,ORD00008335,2026-03-01 11:00:00,Razorpay,success,5166.02,27.39,INR,2026-03-01 11:00:00
PAY000006271,ORD00007754,2026-03-12 01:00:00,Stripe,success,293.35,29.18,INR,2026-03-12 01:00:00
PAY000006272,ORD00007396,2026-01-25 19:00:00,Stripe,success,1194.09,33.37,INR,2026-01-25 19:00:00
PAY000006273,ORD00011171,2026-01-23 04:00:00,Razorpay,success,1663.46,13.16,inr,2026-01-23 04:00:00
PAY000006274,ORD00005826,2026-02-17 22:00:00,Razorpay,success,639.34,16.62,INR,2026-02-17 22:00:00
PAY000006275,ORD00006669,2026-03-01 23:00:00,PayU,success,498.2,30.37,INR,2026-03-01 23:00:00
PAY000006276,ORD00001342,2026-02-23 16:00:00,razorpay ,success,752.33,20.79,INR,2026-02-23 16:00:00
PAY000006277,ORD00001242,2026-07-10 14:00:00,Razorpay,success,994.56,22.28,INR,2026-07-10 14:00:00
PAY000006278,ORD00001647,2026-07-10 22:00:00,razorpay ,success,1007.62,23.76,INR,2026-07-10 22:00:00
PAY000006279,ORD00006335,2026-03-31 04:00:00,Cashfree,PENDING,411.0,8.18,INR,2026-03-31 04:00:00
PAY000006280,ORD00002531,2026-01-09 13:00:00,Cashfree,Failed,1276.37,29.66,INR,2026-01-09 13:00:00
PAY000006281,ORD00009025,2026-01-01 03:00:00,Cashfree,success,489.12,27.92,INR,2026-01-01 03:00:00
PAY000006282,ORD00006542,2026-03-09 11:00:00,PayU,success,1512.81,23.07,INR,2026-03-09 11:00:00
PAY000006283,ORD00011784,2026-03-13 21:00:00,razorpay ,success,2214.69,19.28,INR,2026-03-13 21:00:00
PAY000006284,ORD00003243,2026-07-25 14:00:00,razorpay ,success,825.62,26.16,INR,2026-07-25 14:00:00
PAY000006285,ORD00011454,2026-03-24 22:00:00,Stripe,PENDING,167.24,33.36,INR,2026-03-24 22:00:00
PAY000006286,ORD00007524,2026-03-05 15:00:00,Razorpay,success,430.16,12.7,INR,2026-03-05 15:00:00
PAY000006287,ORD00003767,2026-02-27 03:00:00,PayU,REFUNDED,345.0,11.47,INR,2026-02-27 03:00:00
PAY000006288,ORD00006745,2026-07-18 11:00:00,Stripe,REFUNDED,771.69,34.25,INR,2026-07-18 11:00:00
PAY000006289,ORD00008186,2026-02-14 20:00:00,Cashfree,success,532.54,6.51,INR,2026-02-14 20:00:00
PAY000006290,ORD00001751,2026-08-16 19:00:00,PayU,success,270.32,24.09,INR,2026-08-16 19:00:00
PAY000006291,ORD00000112,2026-01-15 12:00:00,PayU,success,1358.33,14.18,INR,2026-01-15 12:00:00
PAY000006292,ORD00007137,2026-05-14 05:00:00,razorpay ,Failed,641.76,29.4,INR,2026-05-14 05:00:00
PAY000006293,ORD00001864,2026-04-16 09:00:00,razorpay ,success,3303.18,22.72,INR,2026-04-16 09:00:00
PAY000006294,ORD00002546,2026-02-19 19:00:00,PayU,success,553.48,21.25,inr,2026-02-19 19:00:00
PAY000006295,ORD00010526,2026-08-07 19:00:00,Cashfree,success,1137.16,21.9,INR,2026-08-07 19:00:00
PAY000006296,ORD00009903,2026-07-12 12:00:00,Stripe,success,1592.35,23.99,INR,2026-07-12 12:00:00
PAY000006297,ORD00000900,2026-07-15 11:00:00,Razorpay,success,1112.51,3.3,INR,2026-07-15 11:00:00
PAY000006298,ORD00011029,2026-07-29 03:00:00,Stripe,Failed,1794.94,9.74,INR,2026-07-29 03:00:00
PAY000006299,ORD00003390,2026-06-13 21:00:00,razorpay ,success,458.91,15.43,INR,2026-06-13 21:00:00
PAY000006300,ORD00002410,2026-07-22 07:00:00,razorpay ,success,1224.94,10.81,INR,2026-07-22 07:00:00
PAY000006301,ORD00008969,2026-01-30 05:00:00,PayU,success,2115.2,10.03,INR,2026-01-30 05:00:00
PAY000006302,ORD00000992,2026-02-01 17:00:00,Razorpay,success,808.99,21.82,INR,2026-02-01 17:00:00
PAY000006303,ORD00000120,2026-08-13 18:00:00,PayU,success,1121.23,8.52,INR,2026-08-13 18:00:00
PAY000006304,ORD00006588,2026-01-09 00:00:00,Cashfree,success,835.32,29.52,inr,2026-01-09 00:00:00
PAY000006305,ORD00004379,2026-08-03 07:00:00,Cashfree,REFUNDED,639.26,6.99,INR,2026-08-03 07:00:00
PAY000006306,ORD00001465,2026-02-06 03:00:00,Razorpay,success,4538.71,4.11,INR,2026-02-06 03:00:00
PAY000006307,ORD00009634,2026-03-30 05:00:00,Stripe,success,692.04,24.6,INR,2026-03-30 05:00:00
PAY000006308,ORD00011195,2026-05-01 14:00:00,razorpay ,Failed,2551.2,18.02,INR,2026-05-01 14:00:00
PAY000006309,ORD00006942,2026-08-24 00:00:00,Razorpay,success,2269.33,34.74,INR,2026-08-24 00:00:00
PAY000006310,ORD00001049,2026-04-03 15:00:00,Razorpay,Failed,1794.23,33.79,INR,2026-04-03 15:00:00
PAY000006311,ORD00008114,2026-02-14 20:00:00,PayU,success,724.61,9.17,INR,2026-02-14 20:00:00
PAY000006312,ORD00010835,2026-05-24 01:00:00,Cashfree,success,2697.39,8.16,INR,2026-05-24 01:00:00
PAY000006313,ORD00011723,2026-04-09 03:00:00,Razorpay,success,337.18,30.87,Rs,2026-04-09 03:00:00
PAY000006314,ORD00010534,2026-06-10 19:00:00,PayU,success,729.26,25.49,INR,2026-06-10 19:00:00
PAY000006315,ORD00002229,2026-06-13 07:00:00,Cashfree,success,1126.43,21.44,Rs,2026-06-13 07:00:00
PAY000006316,ORD00000279,2026-02-23 05:00:00,Stripe,success,1038.71,33.25,inr,2026-02-23 05:00:00
PAY000006317,ORD00011043,2026-08-02 12:00:00,Cashfree,Failed,2597.56,4.73,inr,2026-08-02 12:00:00
PAY000006318,ORD00006222,2026-02-03 11:00:00,Cashfree,Failed,473.03,6.36,inr,2026-02-03 11:00:00
PAY000006319,ORD00001434,2026-04-06 04:00:00,,REFUNDED,749.59,5.47,INR,2026-04-06 04:00:00
PAY000006320,ORD00000261,2026-03-18 13:00:00,razorpay ,success,1718.95,30.24,INR,2026-03-18 13:00:00
PAY000006321,ORD00004559,2026-02-08 14:00:00,razorpay ,REFUNDED,1259.17,14.16,INR,2026-02-08 14:00:00
PAY000006322,ORD00011082,2026-03-30 13:00:00,Cashfree,REFUNDED,1110.91,17.07,INR,2026-03-30 13:00:00
PAY000006323,ORD00009876,2026-03-17 09:00:00,Stripe,success,558.63,16.02,INR,2026-03-17 09:00:00
PAY000006324,ORD00005801,2026-04-02 17:00:00,razorpay ,REFUNDED,483.25,29.86,INR,2026-04-02 17:00:00
PAY000006325,ORD00003994,2026-08-21 03:00:00,Cashfree,success,1932.63,33.54,INR,2026-08-21 03:00:00
PAY000006326,ORD00007073,2026-07-28 23:00:00,PayU,success,1422.97,32.33,INR,2026-07-28 23:00:00
PAY000006327,ORD00010829,2026-04-10 05:00:00,Cashfree,success,3105.68,11.23,INR,2026-04-10 05:00:00
PAY000006328,ORD00003416,2026-02-14 05:00:00,Razorpay,success,1592.51,13.81,INR,2026-02-14 05:00:00
PAY000006329,ORD00000334,2026-07-05 13:00:00,razorpay ,success,673.17,4.59,INR,2026-07-05 13:00:00
PAY000006330,ORD00006998,2026-01-30 00:00:00,Cashfree,success,1680.85,12.22,inr,2026-01-30 00:00:00
PAY000006331,ORD00002150,2026-03-15 12:00:00,Stripe,success,2327.8,27.17,INR,2026-03-15 12:00:00
PAY000006332,ORD00007780,2026-05-21 08:00:00,PayU,success,2048.97,4.81,inr,2026-05-21 08:00:00
PAY000006333,ORD00010332,2026-01-23 01:00:00,PayU,success,142.79,21.51,INR,2026-01-23 01:00:00
PAY000006334,ORD00004969,2026-08-04 01:00:00,razorpay ,success,1308.57,26.6,INR,2026-08-04 01:00:00
PAY000006335,ORD00010311,2026-05-03 19:00:00,Cashfree,success,1582.21,26.64,INR,2026-05-03 19:00:00
PAY000006336,ORD00006461,2026-06-05 10:00:00,PayU,success,829.95,24.85,INR,2026-06-05 10:00:00
PAY000006337,ORD00010605,2026-05-01 06:00:00,razorpay ,Failed,652.54,18.13,INR,2026-05-01 06:00:00
PAY000006338,ORD00000566,2026-02-12 02:00:00,Razorpay,success,1627.82,4.2,INR,2026-02-12 02:00:00
PAY000006339,ORD00009314,2026-04-04 11:00:00,PayU,success,5304.12,21.45,INR,2026-04-04 11:00:00
PAY000006340,ORD00003490,2026-06-14 05:00:00,Cashfree,PENDING,849.81,11.76,INR,2026-06-14 05:00:00
PAY000006341,ORD00001283,2026-05-12 06:00:00,Cashfree,success,2306.5,25.25,INR,2026-05-12 06:00:00
PAY000006342,ORD00003617,2026-07-30 05:00:00,PayU,success,353.88,29.4,INR,2026-07-30 05:00:00
PAY000006343,ORD00011549,2026-01-03 01:00:00,Stripe,success,2915.34,28.03,INR,2026-01-03 01:00:00
PAY000006344,ORD00000197,2026-01-05 13:00:00,razorpay ,success,3854.03,21.79,INR,2026-01-05 13:00:00
PAY000006345,ORD00003548,2026-01-25 12:00:00,PayU,success,572.42,8.08,INR,2026-01-25 12:00:00
PAY000006346,ORD00005446,2026-05-26 19:00:00,Stripe,success,1019.36,34.2,INR,2026-05-26 19:00:00
PAY000006347,ORD00001616,2026-03-09 14:00:00,Cashfree,success,1093.47,34.47,INR,2026-03-09 14:00:00
PAY000006348,ORD00009032,2026-01-02 23:00:00,Razorpay,success,670.86,26.52,INR,2026-01-02 23:00:00
PAY000006349,ORD00007617,2026-02-14 17:00:00,Stripe,PENDING,1028.15,18.81,INR,2026-02-14 17:00:00
PAY000006350,ORD00006680,2026-08-15 14:00:00,Razorpay,success,849.16,15.23,INR,2026-08-15 14:00:00
PAY000006351,ORD00004709,2026-07-29 23:00:00,razorpay ,success,631.44,14.17,INR,2026-07-29 23:00:00
PAY000006352,ORD00001741,2026-01-06 23:00:00,razorpay ,success,459.42,7.05,INR,2026-01-06 23:00:00
PAY000006353,ORD00011486,2026-05-18 22:00:00,Stripe,success,1741.59,16.68,INR,2026-05-18 22:00:00
PAY000006354,ORD00001552,2026-05-13 12:00:00,Razorpay,success,587.12,13.71,INR,2026-05-13 12:00:00
PAY000006355,ORD00003619,2026-05-31 21:00:00,Cashfree,success,861.43,27.68,INR,2026-05-31 21:00:00
PAY000006356,ORD00007387,2026-02-24 05:00:00,Stripe,success,2193.62,8.06,INR,2026-02-24 05:00:00
PAY000006357,ORD00010591,2026-07-05 23:00:00,razorpay ,success,453.38,26.13,INR,2026-07-05 23:00:00
PAY000006358,ORD00002176,2026-01-23 11:00:00,Cashfree,success,554.93,34.85,inr,2026-01-23 11:00:00
PAY000006359,ORD00008399,2026-06-02 04:00:00,PayU,success,814.87,27.31,INR,2026-06-02 04:00:00
PAY000006360,ORD00003122,2026-07-19 19:00:00,razorpay ,success,577.84,9.44,INR,2026-07-19 19:00:00
PAY000006361,ORD00000550,2026-01-13 08:00:00,Cashfree,success,686.81,5.91,INR,2026-01-13 08:00:00
PAY000006362,ORD00010334,2026-02-20 11:00:00,Stripe,PENDING,724.66,20.84,INR,2026-02-20 11:00:00
PAY000006363,ORD00000493,2026-04-24 06:00:00,PayU,success,1208.42,27.3,INR,2026-04-24 06:00:00
PAY000006364,ORD00009008,2026-04-22 21:00:00,PayU,success,1714.72,12.8,INR,2026-04-22 21:00:00
PAY000006365,ORD00007243,2026-04-19 10:00:00,Stripe,success,1903.27,21.12,INR,2026-04-19 10:00:00
PAY000006366,ORD00002146,2026-05-13 04:00:00,PayU,Failed,3342.39,34.82,inr,2026-05-13 04:00:00
PAY000006367,ORD00008058,2026-07-02 07:00:00,Razorpay,success,1286.7,19.13,INR,2026-07-02 07:00:00
PAY000006368,ORD00005040,2026-01-26 15:00:00,razorpay ,success,661.18,32.37,Rs,2026-01-26 15:00:00
PAY000006369,ORD00004344,2026-07-07 16:00:00,razorpay ,success,1606.04,2.76,inr,2026-07-07 16:00:00
PAY000006370,ORD00011250,2026-04-27 02:00:00,Stripe,success,1916.03,2.73,INR,2026-04-27 02:00:00
PAY000006371,ORD00008976,2026-05-21 21:00:00,Razorpay,success,900.78,25.87,INR,2026-05-21 21:00:00
PAY000006372,ORD00002358,2026-07-29 01:00:00,Razorpay,PENDING,947.29,26.89,inr,2026-07-29 01:00:00
PAY000006373,ORD00005691,2026-03-16 13:00:00,PayU,success,420.98,14.88,Rs,2026-03-16 13:00:00
PAY000006374,ORD00004113,2026-03-16 02:00:00,PayU,Failed,467.79,21.39,INR,2026-03-16 02:00:00
PAY000006375,ORD00008211,2026-03-21 04:00:00,Stripe,Failed,1867.79,20.45,INR,2026-03-21 04:00:00
PAY000006376,ORD00003246,2026-05-16 12:00:00,razorpay ,Failed,742.32,30.78,inr,2026-05-16 12:00:00
PAY000006377,ORD00001359,2026-04-28 03:00:00,Razorpay,success,365.02,9.63,INR,2026-04-28 03:00:00
PAY000006378,ORD00003890,2026-02-17 22:00:00,PayU,success,1537.11,31.02,INR,2026-02-17 22:00:00
PAY000006379,ORD00000821,2026-02-04 16:00:00,Cashfree,success,399.99,7.21,Rs,2026-02-04 16:00:00
PAY000006380,ORD00006568,2026-06-21 05:00:00,razorpay ,success,2854.77,13.63,INR,2026-06-21 05:00:00
PAY000006381,ORD00008234,2026-07-04 16:00:00,Cashfree,Failed,900.44,13.56,Rs,2026-07-04 16:00:00
PAY000006382,ORD00005832,2026-05-07 16:00:00,razorpay ,success,1076.44,23.42,INR,2026-05-07 16:00:00
PAY000006383,ORD00003260,2026-03-01 07:00:00,Razorpay,success,1624.59,8.68,INR,2026-03-01 07:00:00
PAY000006384,ORD00002530,2026-05-30 13:00:00,Cashfree,success,741.14,26.05,INR,2026-05-30 13:00:00
PAY000006385,ORD00011309,2026-01-26 10:00:00,razorpay ,success,569.82,7.54,INR,2026-01-26 10:00:00
PAY000006386,ORD00001963,2026-05-02 11:00:00,Razorpay,success,1167.83,25.34,INR,2026-05-02 11:00:00
PAY000006387,ORD00006841,2026-03-04 23:00:00,PayU,success,1394.57,4.14,INR,2026-03-04 23:00:00
PAY000006388,ORD00000702,2026-08-18 15:00:00,PayU,Failed,546.45,18.39,INR,2026-08-18 15:00:00
PAY000006389,ORD00004907,2026-05-15 11:00:00,Razorpay,success,1148.5,27.89,inr,2026-05-15 11:00:00
PAY000006390,ORD00001140,2026-03-02 21:00:00,PayU,REFUNDED,3178.02,23.26,inr,2026-03-02 21:00:00
PAY000006391,ORD00009512,2026-07-27 20:00:00,Cashfree,success,1070.12,3.47,INR,2026-07-27 20:00:00
PAY000006392,ORD00005476,2026-02-18 18:00:00,razorpay ,success,1634.1,25.98,INR,2026-02-18 18:00:00
PAY000006393,ORD00005144,2026-04-04 14:00:00,Cashfree,success,1731.89,4.81,INR,2026-04-04 14:00:00
PAY000006394,ORD00004397,2026-08-05 00:00:00,PayU,success,1455.68,7.54,INR,2026-08-05 00:00:00
PAY000006395,ORD00006782,2026-08-23 17:00:00,Cashfree,success,1116.22,28.52,INR,2026-08-23 17:00:00
PAY000006396,ORD00009496,2026-04-16 21:00:00,Stripe,success,1257.2,9.5,INR,2026-04-16 21:00:00
PAY000006397,ORD00004981,2026-02-17 16:00:00,Cashfree,success,1946.7,33.31,INR,2026-02-17 16:00:00
PAY000006398,ORD00009955,2026-06-15 10:00:00,Razorpay,PENDING,197.41,4.99,INR,2026-06-15 10:00:00
PAY000006399,ORD00004089,2026-02-01 04:00:00,razorpay ,success,1177.56,32.99,Rs,2026-02-01 04:00:00
PAY000006400,ORD00009867,2026-03-22 15:00:00,Razorpay,success,553.43,15.98,INR,2026-03-22 15:00:00
PAY000006401,ORD00010925,2026-08-17 13:00:00,Razorpay,success,524.85,23.16,INR,2026-08-17 13:00:00
PAY000006402,ORD00000441,2026-03-07 18:00:00,PayU,success,492.17,18.25,INR,2026-03-07 18:00:00
PAY000006403,ORD00005731,2026-04-04 07:00:00,Stripe,REFUNDED,551.91,5.93,INR,2026-04-04 07:00:00
PAY000006404,ORD00001241,2026-02-06 21:00:00,razorpay ,success,1383.65,7.64,INR,2026-02-06 21:00:00
PAY000006405,ORD00007023,2026-02-18 22:00:00,Stripe,success,934.78,2.6,INR,2026-02-18 22:00:00
PAY000006406,ORD00009476,2026-02-22 01:00:00,razorpay ,success,857.24,12.93,inr,2026-02-22 01:00:00
PAY000006407,ORD00006920,2026-04-07 15:00:00,PayU,success,984.65,8.68,INR,2026-04-07 15:00:00
PAY000006408,ORD00011845,2026-05-21 12:00:00,Cashfree,success,1307.96,20.26,inr,2026-05-21 12:00:00
PAY000006409,ORD00007218,2026-04-02 11:00:00,Cashfree,success,2475.55,31.65,INR,2026-04-02 11:00:00
PAY000006410,ORD00010329,2026-03-13 07:00:00,Razorpay,Failed,307.57,12.89,INR,2026-03-13 07:00:00
PAY000006411,ORD00006653,2026-04-05 19:00:00,Cashfree,success,841.9,3.45,INR,2026-04-05 19:00:00
PAY000006412,ORD00003923,2026-08-24 06:00:00,PayU,success,437.1,24.13,INR,2026-08-24 06:00:00
PAY000006413,ORD00006792,2026-08-23 22:00:00,Stripe,success,2330.89,12.63,INR,2026-08-23 22:00:00
PAY000006414,ORD00009651,2026-08-16 17:00:00,razorpay ,PENDING,422.41,5.12,INR,2026-08-16 17:00:00
PAY000006415,ORD00008019,2026-01-22 02:00:00,Cashfree,success,864.4,21.29,INR,2026-01-22 02:00:00
PAY000006416,ORD00000988,2026-05-18 08:00:00,Stripe,success,518.34,24.44,INR,2026-05-18 08:00:00
PAY000006417,ORD00011634,2026-04-07 15:00:00,Cashfree,success,1377.41,31.54,INR,2026-04-07 15:00:00
PAY000006418,ORD00000063,2026-05-16 18:00:00,Stripe,success,438.08,2.57,Rs,2026-05-16 18:00:00
PAY000006419,ORD00007432,2026-06-10 11:00:00,razorpay ,success,3010.07,21.28,INR,2026-06-10 11:00:00
PAY000006420,ORD00011457,2026-05-31 05:00:00,PayU,REFUNDED,1465.97,26.45,Rs,2026-05-31 05:00:00
PAY000006421,ORD00010500,2026-06-23 14:00:00,razorpay ,PENDING,1410.51,6.89,INR,2026-06-23 14:00:00
PAY000006422,ORD00003487,2026-04-26 15:00:00,Cashfree,success,860.87,3.93,INR,2026-04-26 15:00:00
PAY000006423,ORD00005815,2026-03-05 10:00:00,razorpay ,success,2098.47,2.03,inr,2026-03-05 10:00:00
PAY000006424,ORD00002683,2026-06-16 20:00:00,razorpay ,success,1142.08,12.91,INR,2026-06-16 20:00:00
PAY000006425,ORD00005040,2026-01-01 21:00:00,Cashfree,Failed,747.57,31.49,INR,2026-01-01 21:00:00
PAY000006426,ORD00004175,2026-06-24 07:00:00,Razorpay,success,338.17,20.22,inr,2026-06-24 07:00:00
PAY000006427,ORD00009343,2026-08-22 13:00:00,Razorpay,success,2062.71,4.43,INR,2026-08-22 13:00:00
PAY000006428,ORD00011731,2026-07-14 13:00:00,razorpay ,success,702.51,24.3,INR,2026-07-14 13:00:00
PAY000006429,ORD00003974,2026-01-08 08:00:00,Cashfree,success,1915.15,18.44,INR,2026-01-08 08:00:00
PAY000006430,ORD00010736,2026-08-26 06:00:00,Stripe,success,1245.67,23.44,INR,2026-08-26 06:00:00
PAY000006431,ORD00005664,2026-08-12 02:00:00,PayU,success,643.97,21.63,inr,2026-08-12 02:00:00
PAY000006432,ORD00009694,2026-08-24 08:00:00,Razorpay,success,1680.07,9.96,INR,2026-08-24 08:00:00
PAY000006433,ORD00000113,2026-08-01 13:00:00,Stripe,success,765.31,21.11,Rs,2026-08-01 13:00:00
PAY000006434,ORD00004007,2026-05-01 04:00:00,PayU,success,328.58,27.68,Rs,2026-05-01 04:00:00
PAY000006435,ORD00003274,2026-08-16 03:00:00,razorpay ,success,1620.41,23.63,INR,2026-08-16 03:00:00
PAY000006436,ORD00001916,2026-05-06 07:00:00,PayU,success,1490.62,20.13,INR,2026-05-06 07:00:00
PAY000006437,ORD00003508,2026-06-04 01:00:00,Cashfree,success,1324.74,13.35,INR,2026-06-04 01:00:00
PAY000006438,ORD00011749,2026-05-02 08:00:00,Cashfree,success,1278.42,29.18,INR,2026-05-02 08:00:00
PAY000006439,ORD00006299,2026-05-22 01:00:00,Razorpay,success,469.69,7.69,INR,2026-05-22 01:00:00
PAY000006440,ORD00009545,2026-08-25 07:00:00,Stripe,success,892.0,13.79,INR,2026-08-25 07:00:00
PAY000006441,ORD00009819,2026-03-23 07:00:00,Cashfree,success,1074.29,8.75,INR,2026-03-23 07:00:00
PAY000006442,ORD00007707,2026-03-26 04:00:00,Stripe,success,1343.9,4.19,INR,2026-03-26 04:00:00
PAY000006443,ORD00001920,2026-04-29 15:00:00,Razorpay,PENDING,1314.3,2.81,inr,2026-04-29 15:00:00
PAY000006444,ORD00011837,2026-05-12 00:00:00,razorpay ,success,3272.69,23.7,INR,2026-05-12 00:00:00
PAY000006445,ORD00007012,2026-02-02 19:00:00,PayU,success,1984.8,29.65,inr,2026-02-02 19:00:00
PAY000006446,ORD00005057,2026-06-04 23:00:00,Razorpay,success,3617.19,32.01,INR,2026-06-04 23:00:00
PAY000006447,ORD00002902,2026-05-15 08:00:00,Stripe,success,1612.21,17.25,INR,2026-05-15 08:00:00
PAY000006448,ORD00006991,2026-08-19 19:00:00,Cashfree,success,993.39,9.39,INR,2026-08-19 19:00:00
PAY000006449,ORD00010735,2026-02-02 08:00:00,razorpay ,success,1641.26,32.49,INR,2026-02-02 08:00:00
PAY000006450,ORD00005732,2026-06-08 03:00:00,Stripe,success,3237.46,3.87,INR,2026-06-08 03:00:00
PAY000006451,ORD00005780,2026-06-08 08:00:00,Stripe,success,2218.71,15.18,inr,2026-06-08 08:00:00
PAY000006452,ORD00008722,2026-07-05 19:00:00,PayU,success,1577.26,23.87,inr,2026-07-05 19:00:00
PAY000006453,ORD00009113,2026-05-08 14:00:00,Cashfree,success,1982.96,26.99,INR,2026-05-08 14:00:00
PAY000006454,ORD00005349,2026-08-22 11:00:00,Stripe,success,629.21,25.1,inr,2026-08-22 11:00:00
PAY000006455,ORD00011997,2026-07-30 17:00:00,razorpay ,success,1876.59,34.78,INR,2026-07-30 17:00:00
PAY000006456,ORD00006168,2026-06-08 00:00:00,PayU,success,427.79,29.9,INR,2026-06-08 00:00:00
PAY000006457,ORD00006374,2026-03-18 00:00:00,PayU,REFUNDED,1865.86,11.65,INR,2026-03-18 00:00:00
PAY000006458,ORD00002454,2026-07-17 12:00:00,PayU,success,1781.58,8.96,INR,2026-07-17 12:00:00
PAY000006459,ORD00009020,2026-06-05 08:00:00,Cashfree,success,2233.03,23.25,inr,2026-06-05 08:00:00
PAY000006460,ORD00003474,2026-05-06 03:00:00,Stripe,success,1209.76,30.9,INR,2026-05-06 03:00:00
PAY000006461,ORD00011026,2026-08-25 11:00:00,Razorpay,success,1329.47,14.15,INR,2026-08-25 11:00:00
PAY000006462,ORD00008965,2026-01-11 10:00:00,Stripe,success,578.13,18.61,INR,2026-01-11 10:00:00
PAY000006463,ORD00009927,2026-06-27 20:00:00,Razorpay,success,1237.16,21.5,INR,2026-06-27 20:00:00
PAY000006464,ORD00010642,2026-05-30 10:00:00,Razorpay,success,2349.94,12.61,INR,2026-05-30 10:00:00
PAY000006465,ORD00004426,2026-07-13 22:00:00,Stripe,success,1180.56,15.73,INR,2026-07-13 22:00:00
PAY000006466,ORD00007580,2026-06-21 03:00:00,PayU,REFUNDED,1244.57,7.12,INR,2026-06-21 03:00:00
PAY000006467,ORD00008106,2026-08-18 23:00:00,Razorpay,success,635.31,15.94,INR,2026-08-18 23:00:00
PAY000006468,ORD00001727,2026-03-29 02:00:00,Cashfree,success,434.32,31.58,INR,2026-03-29 02:00:00
PAY000006469,ORD00005381,2026-02-04 01:00:00,Razorpay,success,1943.25,26.4,INR,2026-02-04 01:00:00
PAY000006470,ORD00007745,2026-05-15 12:00:00,Stripe,success,1470.83,29.71,INR,2026-05-15 12:00:00
PAY000006471,ORD00003361,2026-01-20 13:00:00,razorpay ,success,386.01,3.89,INR,2026-01-20 13:00:00
PAY000006472,ORD00005735,2026-02-21 09:00:00,Cashfree,success,280.84,14.14,inr,2026-02-21 09:00:00
PAY000006473,ORD00005767,2026-04-08 23:00:00,Stripe,Failed,673.12,8.56,INR,2026-04-08 23:00:00
PAY000006474,ORD00002881,2026-02-04 04:00:00,razorpay ,REFUNDED,1392.62,8.4,INR,2026-02-04 04:00:00
PAY000006475,ORD00011801,2026-05-07 12:00:00,Razorpay,success,367.71,25.3,Rs,2026-05-07 12:00:00
PAY000006476,ORD00005652,2026-04-13 18:00:00,razorpay ,success,1441.82,34.83,INR,2026-04-13 18:00:00
PAY000006477,ORD00011016,2026-01-06 17:00:00,PayU,success,1684.75,21.24,INR,2026-01-06 17:00:00
PAY000006478,ORD00009238,2026-07-26 09:00:00,razorpay ,success,1554.2,23.63,INR,2026-07-26 09:00:00
PAY000006479,ORD00005755,2026-01-11 13:00:00,Stripe,success,1044.36,4.57,INR,2026-01-11 13:00:00
PAY000006480,ORD00007304,2026-03-14 08:00:00,PayU,REFUNDED,711.57,12.81,INR,2026-03-14 08:00:00
PAY000006481,ORD00007596,2026-04-29 12:00:00,Razorpay,success,989.03,13.08,INR,2026-04-29 12:00:00
PAY000006482,ORD00010184,2026-02-16 21:00:00,Cashfree,success,2262.93,2.25,INR,2026-02-16 21:00:00
PAY000006483,ORD00011703,2026-04-15 00:00:00,razorpay ,success,721.01,16.0,inr,2026-04-15 00:00:00
PAY000006484,ORD00010246,2026-06-25 13:00:00,Razorpay,PENDING,1055.13,27.32,INR,2026-06-25 13:00:00
PAY000006485,ORD00004916,2026-07-07 01:00:00,razorpay ,success,437.99,33.97,INR,2026-07-07 01:00:00
PAY000006486,ORD00009596,2026-02-12 19:00:00,PayU,success,1752.86,21.12,INR,2026-02-12 19:00:00
PAY000006487,ORD00007282,2026-03-09 23:00:00,Razorpay,Failed,599.03,18.07,INR,2026-03-09 23:00:00
PAY000006488,ORD00009274,2026-07-09 04:00:00,Razorpay,REFUNDED,587.84,10.21,INR,2026-07-09 04:00:00
PAY000006489,ORD00009880,2026-02-17 04:00:00,Cashfree,Failed,3293.94,15.28,inr,2026-02-17 04:00:00
PAY000006490,ORD00009488,2026-01-27 02:00:00,PayU,Failed,1700.59,16.44,INR,2026-01-27 02:00:00
PAY000006491,ORD00007423,2026-07-02 20:00:00,Razorpay,success,597.12,21.79,INR,2026-07-02 20:00:00
PAY000006492,ORD00001617,2026-02-13 04:00:00,Stripe,Failed,1091.09,24.94,INR,2026-02-13 04:00:00
PAY000006493,ORD00005625,2026-07-29 15:00:00,Cashfree,Failed,1150.99,8.24,INR,2026-07-29 15:00:00
PAY000006494,ORD00009851,2026-01-31 14:00:00,razorpay ,Failed,571.68,28.51,INR,2026-01-31 14:00:00
PAY000006495,ORD00006249,2026-08-07 01:00:00,Razorpay,success,1406.6,34.65,INR,2026-08-07 01:00:00
PAY000006496,ORD00001692,2026-01-27 14:00:00,Cashfree,success,1924.12,29.81,INR,2026-01-27 14:00:00
PAY000006497,ORD00007110,2026-03-16 06:00:00,PayU,success,476.0,6.53,INR,2026-03-16 06:00:00
PAY000006498,ORD00009365,2026-01-04 21:00:00,Stripe,REFUNDED,1625.93,32.62,INR,2026-01-04 21:00:00
PAY000006499,ORD00008427,2026-05-04 21:00:00,Razorpay,success,1859.08,33.87,INR,2026-05-04 21:00:00
PAY000006500,ORD00002054,2026-07-23 05:00:00,razorpay ,success,1951.86,9.14,INR,2026-07-23 05:00:00
PAY000006501,ORD00008275,2026-02-17 07:00:00,Cashfree,success,4375.84,31.34,inr,2026-02-17 07:00:00
PAY000006502,ORD00000905,2026-04-02 06:00:00,razorpay ,success,568.49,7.51,INR,2026-04-02 06:00:00
PAY000006503,ORD00006780,2026-01-23 02:00:00,Stripe,success,1451.03,6.16,INR,2026-01-23 02:00:00
PAY000006504,ORD00008762,2026-07-03 13:00:00,Razorpay,Failed,1678.06,29.54,INR,2026-07-03 13:00:00
PAY000006505,ORD00001506,2026-06-27 09:00:00,razorpay ,success,2454.31,3.26,inr,2026-06-27 09:00:00
PAY000006506,ORD00006403,2026-06-10 09:00:00,Razorpay,success,1176.17,22.36,INR,2026-06-10 09:00:00
PAY000006507,ORD00002137,2026-05-05 05:00:00,Stripe,Failed,1618.19,10.32,INR,2026-05-05 05:00:00
PAY000006508,ORD00001201,2026-05-23 02:00:00,Cashfree,success,1680.18,15.09,INR,2026-05-23 02:00:00
PAY000006509,ORD00005404,2026-02-15 10:00:00,Razorpay,Failed,2317.59,13.32,INR,2026-02-15 10:00:00
PAY000006510,ORD00001453,2026-04-29 18:00:00,PayU,success,1256.24,6.8,INR,2026-04-29 18:00:00
PAY000006511,ORD00006085,2026-07-19 19:00:00,Stripe,success,2192.59,19.62,INR,2026-07-19 19:00:00
PAY000006512,ORD00006436,2026-08-16 04:00:00,razorpay ,PENDING,1718.85,19.09,INR,2026-08-16 04:00:00
PAY000006513,ORD00010265,2026-02-26 22:00:00,Stripe,success,1162.24,18.68,INR,2026-02-26 22:00:00
PAY000006514,ORD00003637,2026-02-04 07:00:00,Razorpay,success,657.46,18.36,inr,2026-02-04 07:00:00
PAY000006515,ORD00010592,2026-01-25 01:00:00,PayU,success,1660.48,19.71,INR,2026-01-25 01:00:00
PAY000006516,ORD00003503,2026-07-08 03:00:00,PayU,PENDING,2466.49,20.72,INR,2026-07-08 03:00:00
PAY000006517,ORD00005243,2026-02-03 07:00:00,Cashfree,success,1440.91,5.61,inr,2026-02-03 07:00:00
PAY000006518,ORD00002997,2026-08-04 12:00:00,Razorpay,success,2055.83,11.18,Rs,2026-08-04 12:00:00
PAY000006519,ORD00006332,2026-07-02 04:00:00,razorpay ,success,1345.6,19.54,INR,2026-07-02 04:00:00
PAY000006520,ORD00003780,2026-03-25 01:00:00,Razorpay,Failed,1076.14,7.75,INR,2026-03-25 01:00:00
PAY000006521,ORD00010330,2026-01-07 02:00:00,razorpay ,Failed,1803.92,5.35,INR,2026-01-07 02:00:00
PAY000006522,ORD00005197,2026-03-23 20:00:00,Stripe,success,549.93,11.54,INR,2026-03-23 20:00:00
PAY000006523,ORD00009060,2026-02-10 02:00:00,razorpay ,success,1050.23,33.63,INR,2026-02-10 02:00:00
PAY000006524,ORD00003364,2026-08-24 09:00:00,Razorpay,REFUNDED,824.61,33.94,INR,2026-08-24 09:00:00
PAY000006525,ORD00003393,2026-04-15 10:00:00,Razorpay,success,846.82,12.81,INR,2026-04-15 10:00:00
PAY000006526,ORD00002557,2026-06-18 16:00:00,PayU,success,2689.49,24.86,INR,2026-06-18 16:00:00
PAY000006527,ORD00007204,2026-04-27 13:00:00,Cashfree,PENDING,1507.4,22.82,INR,2026-04-27 13:00:00
PAY000006528,ORD00004483,2026-05-16 04:00:00,Razorpay,Failed,372.06,15.06,INR,2026-05-16 04:00:00
PAY000006529,ORD00003502,2026-02-11 16:00:00,Cashfree,success,904.47,12.54,Rs,2026-02-11 16:00:00
PAY000006530,ORD00008207,2026-02-22 20:00:00,Stripe,PENDING,620.26,25.06,inr,2026-02-22 20:00:00
PAY000006531,ORD00000331,2026-03-30 06:00:00,Cashfree,success,1069.45,22.91,inr,2026-03-30 06:00:00
PAY000006532,ORD00006245,2026-05-03 11:00:00,razorpay ,success,955.85,11.19,INR,2026-05-03 11:00:00
PAY000006533,ORD00003387,2026-08-12 13:00:00,Razorpay,success,586.27,10.43,INR,2026-08-12 13:00:00
PAY000006534,ORD00001770,2026-07-12 17:00:00,Razorpay,success,755.37,16.67,INR,2026-07-12 17:00:00
PAY000006535,ORD00003706,2026-08-08 14:00:00,Stripe,REFUNDED,958.22,29.23,INR,2026-08-08 14:00:00
PAY000006536,ORD00009957,2026-05-19 00:00:00,PayU,Failed,2796.68,28.67,INR,2026-05-19 00:00:00
PAY000006537,ORD00006626,2026-02-21 10:00:00,Stripe,success,1152.41,3.37,INR,2026-02-21 10:00:00
PAY000006538,ORD00006747,2026-03-26 07:00:00,Stripe,Failed,830.06,17.76,INR,2026-03-26 07:00:00
PAY000006539,ORD00000475,2026-08-21 02:00:00,Razorpay,success,1308.19,18.3,Rs,2026-08-21 02:00:00
PAY000006540,ORD00001892,2026-08-17 21:00:00,PayU,success,1085.66,22.07,INR,2026-08-17 21:00:00
PAY000006541,ORD00009049,2026-05-29 17:00:00,PayU,success,200.89,18.42,INR,2026-05-29 17:00:00
PAY000006542,ORD00001865,2026-07-19 13:00:00,razorpay ,Failed,440.52,9.89,INR,2026-07-19 13:00:00
PAY000006543,ORD00009790,2026-07-20 20:00:00,razorpay ,success,1084.02,30.04,INR,2026-07-20 20:00:00
PAY000006544,ORD00001079,2026-03-23 00:00:00,Stripe,success,3169.37,33.42,INR,2026-03-23 00:00:00
PAY000006545,ORD00001219,2026-04-29 23:00:00,razorpay ,success,330.38,30.2,INR,2026-04-29 23:00:00
PAY000006546,ORD00007859,2026-06-18 08:00:00,Razorpay,success,1920.88,28.51,INR,2026-06-18 08:00:00
PAY000006547,ORD00010477,2026-03-25 02:00:00,razorpay ,REFUNDED,1272.31,33.35,inr,2026-03-25 02:00:00
PAY000006548,ORD00000842,2026-04-05 10:00:00,razorpay ,PENDING,540.83,29.87,INR,2026-04-05 10:00:00
PAY000006549,ORD00003046,2026-05-22 10:00:00,razorpay ,REFUNDED,3251.55,19.69,INR,2026-05-22 10:00:00
PAY000006550,ORD00007182,2026-02-17 02:00:00,Cashfree,success,578.19,25.43,INR,2026-02-17 02:00:00
PAY000006551,ORD00007982,2026-08-28 08:00:00,Razorpay,Failed,1512.12,32.94,INR,2026-08-28 08:00:00
PAY000006552,ORD00002368,2026-05-15 19:00:00,PayU,success,3892.06,2.0,INR,2026-05-15 19:00:00
PAY000006553,ORD00002524,2026-05-16 02:00:00,Stripe,success,1618.12,2.5,INR,2026-05-16 02:00:00
PAY000006554,ORD00002554,2026-05-28 22:00:00,razorpay ,success,1037.33,5.56,INR,2026-05-28 22:00:00
PAY000006555,ORD00002570,2026-05-27 21:00:00,Stripe,success,381.45,9.29,INR,2026-05-27 21:00:00
PAY000006556,ORD00001317,2026-01-02 01:00:00,Razorpay,PENDING,710.44,34.04,Rs,2026-01-02 01:00:00
PAY000006557,ORD00002000,2026-07-08 10:00:00,PayU,success,816.08,25.22,INR,2026-07-08 10:00:00
PAY000006558,ORD00004901,2026-08-14 09:00:00,Razorpay,success,522.15,3.7,INR,2026-08-14 09:00:00
PAY000006559,ORD00009758,2026-02-09 10:00:00,Stripe,success,1133.44,14.12,INR,2026-02-09 10:00:00
PAY000006560,ORD00011016,2026-07-25 10:00:00,PayU,PENDING,2448.24,15.43,INR,2026-07-25 10:00:00
PAY000006561,ORD00010917,2026-03-03 13:00:00,Razorpay,success,1646.18,3.42,Rs,2026-03-03 13:00:00
PAY000006562,ORD00003362,2026-02-06 19:00:00,PayU,success,280.22,15.26,INR,2026-02-06 19:00:00
PAY000006563,ORD00007366,2026-05-27 11:00:00,Cashfree,success,667.79,10.21,INR,2026-05-27 11:00:00
PAY000006564,ORD00000138,2026-04-10 11:00:00,PayU,success,1025.13,5.5,INR,2026-04-10 11:00:00
PAY000006565,ORD00010122,2026-04-13 05:00:00,razorpay ,success,1236.91,19.32,INR,2026-04-13 05:00:00
PAY000006566,ORD00001985,2026-06-03 03:00:00,razorpay ,PENDING,841.24,29.88,INR,2026-06-03 03:00:00
PAY000006567,ORD00004135,2026-04-12 00:00:00,PayU,success,5326.07,8.08,INR,2026-04-12 00:00:00
PAY000006568,ORD00006389,2026-04-17 08:00:00,razorpay ,success,1497.07,18.17,INR,2026-04-17 08:00:00
PAY000006569,ORD00006611,2026-03-15 00:00:00,razorpay ,success,743.17,21.75,INR,2026-03-15 00:00:00
PAY000006570,ORD00000784,2026-03-24 04:00:00,Stripe,REFUNDED,2258.12,12.29,inr,2026-03-24 04:00:00
PAY000006571,ORD00007472,2026-01-12 18:00:00,Cashfree,REFUNDED,3000.13,15.24,INR,2026-01-12 18:00:00
PAY000006572,ORD00002114,2026-04-10 00:00:00,PayU,success,322.41,23.46,INR,2026-04-10 00:00:00
PAY000006573,ORD00006984,2026-05-01 13:00:00,razorpay ,Failed,428.77,32.8,INR,2026-05-01 13:00:00
PAY000006574,ORD00007526,2026-01-16 01:00:00,razorpay ,REFUNDED,1719.42,12.44,INR,2026-01-16 01:00:00
PAY000006575,ORD00005719,2026-02-03 04:00:00,Razorpay,success,3887.03,2.11,Rs,2026-02-03 04:00:00
PAY000006576,ORD00010684,2026-07-18 09:00:00,razorpay ,success,346.65,22.09,INR,2026-07-18 09:00:00
PAY000006577,ORD00010724,2026-05-01 17:00:00,Cashfree,success,1334.14,9.88,inr,2026-05-01 17:00:00
PAY000006578,ORD00010096,2026-08-20 19:00:00,razorpay ,success,1000.24,18.82,inr,2026-08-20 19:00:00
PAY000006579,ORD00008916,2026-05-29 00:00:00,Stripe,success,359.99,26.45,INR,2026-05-29 00:00:00
PAY000006580,ORD00011726,2026-06-07 23:00:00,razorpay ,success,1110.56,28.1,INR,2026-06-07 23:00:00
PAY000006581,ORD00010864,2026-03-01 01:00:00,Cashfree,Failed,1241.82,22.91,INR,2026-03-01 01:00:00
PAY000006582,ORD00010189,2026-01-18 18:00:00,razorpay ,Failed,1121.56,7.08,INR,2026-01-18 18:00:00
PAY000006583,ORD00006212,2026-04-21 01:00:00,PayU,success,1036.88,8.74,INR,2026-04-21 01:00:00
PAY000006584,ORD00000523,2026-01-12 17:00:00,Cashfree,PENDING,301.6,28.75,INR,2026-01-12 17:00:00
PAY000006585,ORD00011894,2026-06-06 02:00:00,razorpay ,success,3310.32,34.93,inr,2026-06-06 02:00:00
PAY000006586,ORD00002655,2026-03-12 09:00:00,razorpay ,success,424.08,7.19,Rs,2026-03-12 09:00:00
PAY000006587,ORD00005389,2026-04-24 23:00:00,PayU,success,3236.82,15.78,INR,2026-04-24 23:00:00
PAY000006588,ORD00003783,2026-02-10 05:00:00,PayU,success,862.22,5.71,INR,2026-02-10 05:00:00
PAY000006589,ORD00011289,2026-07-09 10:00:00,Stripe,Failed,689.26,34.27,INR,2026-07-09 10:00:00
PAY000006590,ORD00000445,2026-03-25 07:00:00,Razorpay,success,1435.06,23.25,INR,2026-03-25 07:00:00
PAY000006591,ORD00010467,2026-01-06 15:00:00,razorpay ,success,651.74,20.65,inr,2026-01-06 15:00:00
PAY000006592,ORD00009866,2026-02-18 02:00:00,Cashfree,success,2645.41,10.13,INR,2026-02-18 02:00:00
PAY000006593,ORD00006001,2026-06-07 17:00:00,Razorpay,success,1907.48,7.27,Rs,2026-06-07 17:00:00
PAY000006594,ORD00006957,2026-04-15 23:00:00,razorpay ,success,942.81,10.16,INR,2026-04-15 23:00:00
PAY000006595,ORD00004949,2026-05-01 19:00:00,Stripe,success,1441.68,25.85,INR,2026-05-01 19:00:00
PAY000006596,ORD00002477,2026-06-19 16:00:00,PayU,success,2486.49,18.59,INR,2026-06-19 16:00:00
PAY000006597,ORD00007270,2026-02-24 05:00:00,razorpay ,success,665.21,8.38,INR,2026-02-24 05:00:00
PAY000006598,ORD00007633,2026-02-07 18:00:00,razorpay ,success,637.86,7.71,INR,2026-02-07 18:00:00
PAY000006599,ORD00004732,2026-08-16 05:00:00,PayU,REFUNDED,368.1,15.25,INR,2026-08-16 05:00:00
PAY000006600,ORD00009652,2026-05-03 20:00:00,Stripe,success,493.43,9.63,Rs,2026-05-03 20:00:00
PAY000006601,ORD00010425,2026-02-22 22:00:00,Cashfree,success,893.6,19.91,inr,2026-02-22 22:00:00
PAY000006602,ORD00005822,2026-02-16 05:00:00,Stripe,success,639.39,15.53,INR,2026-02-16 05:00:00
PAY000006603,ORD00011848,2026-07-30 03:00:00,razorpay ,success,1346.51,31.91,Rs,2026-07-30 03:00:00
PAY000006604,ORD00008307,2026-07-09 16:00:00,razorpay ,success,1311.24,14.31,INR,2026-07-09 16:00:00
PAY000006605,ORD00005062,2026-08-04 20:00:00,razorpay ,success,1546.25,7.49,INR,2026-08-04 20:00:00
PAY000006606,ORD00002937,2026-05-14 21:00:00,Stripe,Failed,446.87,2.3,INR,2026-05-14 21:00:00
PAY000006607,ORD00003903,2026-01-23 12:00:00,razorpay ,success,776.87,23.32,INR,2026-01-23 12:00:00
PAY000006608,ORD00000239,2026-07-13 02:00:00,Stripe,success,1254.16,19.6,Rs,2026-07-13 02:00:00
PAY000006609,ORD00000659,2026-03-01 10:00:00,PayU,success,1736.38,22.73,INR,2026-03-01 10:00:00
PAY000006610,ORD00007331,2026-08-01 12:00:00,Razorpay,success,1888.78,24.97,INR,2026-08-01 12:00:00
PAY000006611,ORD00002280,2026-04-20 22:00:00,razorpay ,success,1053.91,30.43,INR,2026-04-20 22:00:00
PAY000006612,ORD00000939,2026-06-19 10:00:00,Razorpay,success,1582.43,10.13,INR,2026-06-19 10:00:00
PAY000006613,ORD00002752,2026-03-12 16:00:00,Cashfree,success,2717.42,19.07,Rs,2026-03-12 16:00:00
PAY000006614,ORD00003480,2026-07-27 03:00:00,PayU,success,761.53,18.63,INR,2026-07-27 03:00:00
PAY000006615,ORD00011560,2026-08-09 16:00:00,Razorpay,success,409.63,7.6,INR,2026-08-09 16:00:00
PAY000006616,ORD00000180,2026-06-25 01:00:00,PayU,success,4015.13,9.27,INR,2026-06-25 01:00:00
PAY000006617,ORD00008698,2026-06-12 10:00:00,razorpay ,PENDING,1180.06,27.51,INR,2026-06-12 10:00:00
PAY000006618,ORD00009859,2026-06-12 21:00:00,Cashfree,success,1237.59,11.2,INR,2026-06-12 21:00:00
PAY000006619,ORD00000557,2026-04-18 03:00:00,razorpay ,REFUNDED,597.52,4.96,INR,2026-04-18 03:00:00
PAY000006620,ORD00000616,2026-07-16 23:00:00,,success,246.99,16.72,inr,2026-07-16 23:00:00
PAY000006621,ORD00001436,2026-08-24 15:00:00,Razorpay,success,2306.23,2.34,Rs,2026-08-24 15:00:00
PAY000006622,ORD00000721,2026-03-03 13:00:00,Cashfree,success,3826.89,20.04,INR,2026-03-03 13:00:00
PAY000006623,ORD00001405,2026-07-31 12:00:00,Razorpay,success,1015.27,23.78,INR,2026-07-31 12:00:00
PAY000006624,ORD00005228,2026-02-09 21:00:00,Razorpay,success,765.74,6.52,INR,2026-02-09 21:00:00
PAY000006625,ORD00003002,2026-07-18 19:00:00,PayU,success,1415.12,10.8,INR,2026-07-18 19:00:00
PAY000006626,ORD00004461,2026-04-22 20:00:00,razorpay ,success,2416.95,20.12,INR,2026-04-22 20:00:00
PAY000006627,ORD00001550,2026-07-16 21:00:00,razorpay ,success,1238.17,21.3,INR,2026-07-16 21:00:00
PAY000006628,ORD00007886,2026-05-05 12:00:00,Cashfree,success,970.94,3.5,INR,2026-05-05 12:00:00
PAY000006629,ORD00010878,2026-08-23 05:00:00,Cashfree,success,5275.33,30.43,INR,2026-08-23 05:00:00
PAY000006630,ORD00001892,2026-08-10 10:00:00,Razorpay,success,1841.98,5.97,inr,2026-08-10 10:00:00
PAY000006631,ORD00002083,2026-07-29 01:00:00,Cashfree,success,941.4,11.52,INR,2026-07-29 01:00:00
PAY000006632,ORD00001786,2026-06-29 20:00:00,Cashfree,success,1152.79,21.95,INR,2026-06-29 20:00:00
PAY000006633,ORD00010450,2026-03-21 07:00:00,PayU,success,1674.48,31.51,inr,2026-03-21 07:00:00
PAY000006634,ORD00003402,2026-07-17 08:00:00,razorpay ,success,653.23,16.93,INR,2026-07-17 08:00:00
PAY000006635,ORD00007581,2026-06-16 03:00:00,Razorpay,success,769.54,16.58,INR,2026-06-16 03:00:00
PAY000006636,ORD00001218,2026-04-19 14:00:00,Stripe,success,182.82,34.09,INR,2026-04-19 14:00:00
PAY000006637,ORD00005176,2026-06-19 18:00:00,Razorpay,success,426.45,26.56,INR,2026-06-19 18:00:00
PAY000006638,ORD00005264,2026-03-19 12:00:00,Stripe,success,819.99,23.99,inr,2026-03-19 12:00:00
PAY000006639,ORD00011507,2026-02-20 12:00:00,Cashfree,success,330.94,12.44,INR,2026-02-20 12:00:00
PAY000006640,ORD00010558,2026-05-05 18:00:00,PayU,PENDING,1355.34,8.94,INR,2026-05-05 18:00:00
PAY000006641,ORD00011658,2026-08-20 09:00:00,razorpay ,success,865.91,24.32,Rs,2026-08-20 09:00:00
PAY000006642,ORD00002170,2026-05-13 00:00:00,Stripe,success,711.24,12.12,INR,2026-05-13 00:00:00
PAY000006643,ORD00007439,2026-07-29 10:00:00,PayU,success,2319.58,27.44,INR,2026-07-29 10:00:00
PAY000006644,ORD00002276,2026-08-03 22:00:00,Razorpay,success,1591.66,16.16,INR,2026-08-03 22:00:00
PAY000006645,ORD00010912,2026-01-21 00:00:00,Razorpay,PENDING,107.75,9.07,INR,2026-01-21 00:00:00
PAY000006646,ORD00001938,2026-03-08 21:00:00,razorpay ,PENDING,834.85,26.9,INR,2026-03-08 21:00:00
PAY000006647,ORD00008997,2026-04-30 22:00:00,Cashfree,success,868.58,8.02,INR,2026-04-30 22:00:00
PAY000006648,ORD00003613,2026-03-18 07:00:00,PayU,success,955.15,16.93,INR,2026-03-18 07:00:00
PAY000006649,ORD00008100,2026-03-19 17:00:00,Cashfree,success,592.85,26.17,inr,2026-03-19 17:00:00
PAY000006650,ORD00008245,2026-03-17 12:00:00,razorpay ,success,1121.79,9.0,INR,2026-03-17 12:00:00
PAY000006651,ORD00004077,2026-03-27 00:00:00,Cashfree,success,901.17,28.77,INR,2026-03-27 00:00:00
PAY000006652,ORD00007712,2026-02-20 14:00:00,razorpay ,success,818.86,16.34,INR,2026-02-20 14:00:00
PAY000006653,ORD00004124,2026-04-22 18:00:00,razorpay ,success,1282.84,2.89,INR,2026-04-22 18:00:00
PAY000006654,ORD00011446,2026-03-17 17:00:00,Cashfree,success,1311.62,33.54,INR,2026-03-17 17:00:00
PAY000006655,ORD00006365,2026-01-19 00:00:00,Razorpay,Failed,628.84,5.7,INR,2026-01-19 00:00:00
PAY000006656,ORD00002925,2026-07-13 11:00:00,Razorpay,success,999.44,19.15,INR,2026-07-13 11:00:00
PAY000006657,ORD00005565,2026-02-20 01:00:00,Razorpay,success,2964.72,11.16,INR,2026-02-20 01:00:00
PAY000006658,ORD00010420,2026-06-06 01:00:00,Stripe,success,2201.29,32.24,INR,2026-06-06 01:00:00
PAY000006659,ORD00010253,2026-02-17 07:00:00,razorpay ,success,528.59,12.18,INR,2026-02-17 07:00:00
PAY000006660,ORD00002560,2026-04-01 02:00:00,razorpay ,success,1006.75,11.52,INR,2026-04-01 02:00:00
PAY000006661,ORD00011274,2026-05-05 10:00:00,Cashfree,success,510.21,28.41,Rs,2026-05-05 10:00:00
PAY000006662,ORD00003964,2026-02-02 20:00:00,Cashfree,success,2214.91,24.92,Rs,2026-02-02 20:00:00
PAY000006663,ORD00006142,2026-07-19 18:00:00,PayU,Failed,300.66,14.86,INR,2026-07-19 18:00:00
PAY000006664,ORD00008437,2026-05-11 20:00:00,razorpay ,success,963.56,8.95,Rs,2026-05-11 20:00:00
PAY000006665,ORD00003481,2026-07-09 00:00:00,Stripe,PENDING,714.83,17.96,INR,2026-07-09 00:00:00
PAY000006666,ORD00003247,2026-06-24 12:00:00,Stripe,success,635.46,26.8,INR,2026-06-24 12:00:00
PAY000006667,ORD00000730,2026-04-28 12:00:00,PayU,success,1190.09,33.61,INR,2026-04-28 12:00:00
PAY000006668,ORD00011575,2026-02-04 04:00:00,Cashfree,Failed,945.98,13.24,INR,2026-02-04 04:00:00
PAY000006669,ORD00008387,2026-03-17 00:00:00,Razorpay,success,1417.25,10.59,INR,2026-03-17 00:00:00
PAY000006670,ORD00008640,2026-08-28 19:00:00,PayU,success,1317.43,21.18,INR,2026-08-28 19:00:00
PAY000006671,ORD00002383,2026-03-30 20:00:00,Cashfree,Failed,1459.5,30.64,INR,2026-03-30 20:00:00
PAY000006672,ORD00011936,2026-06-14 03:00:00,Razorpay,success,856.57,23.25,INR,2026-06-14 03:00:00
PAY000006673,ORD00001191,2026-04-09 05:00:00,PayU,success,686.67,34.72,INR,2026-04-09 05:00:00
PAY000006674,ORD00010046,2026-03-19 04:00:00,PayU,success,1186.2,34.58,INR,2026-03-19 04:00:00
PAY000006675,ORD00010366,2026-03-15 17:00:00,Razorpay,REFUNDED,796.43,17.49,INR,2026-03-15 17:00:00
PAY000006676,ORD00000304,2026-08-14 01:00:00,PayU,Failed,1141.39,19.58,INR,2026-08-14 01:00:00
PAY000006677,ORD00004401,2026-05-21 06:00:00,Razorpay,success,2973.5,11.03,INR,2026-05-21 06:00:00
PAY000006678,ORD00005189,2026-04-24 00:00:00,Stripe,success,1345.47,21.7,INR,2026-04-24 00:00:00
PAY000006679,ORD00010868,2026-08-09 23:00:00,PayU,success,661.67,12.14,inr,2026-08-09 23:00:00
PAY000006680,ORD00005141,2026-07-22 16:00:00,PayU,success,884.64,2.65,INR,2026-07-22 16:00:00
PAY000006681,ORD00010301,2026-04-29 19:00:00,razorpay ,success,402.85,21.84,INR,2026-04-29 19:00:00
PAY000006682,ORD00000778,2026-01-24 19:00:00,PayU,success,1809.76,31.97,INR,2026-01-24 19:00:00
PAY000006683,ORD00001259,2026-04-08 15:00:00,Cashfree,success,1405.57,7.06,Rs,2026-04-08 15:00:00
PAY000006684,ORD00009138,2026-05-13 06:00:00,Stripe,success,1219.53,21.94,INR,2026-05-13 06:00:00
PAY000006685,ORD00004128,2026-03-30 09:00:00,razorpay ,success,2040.81,11.48,inr,2026-03-30 09:00:00
PAY000006686,ORD00005582,2026-02-16 19:00:00,PayU,success,665.99,12.46,INR,2026-02-16 19:00:00
PAY000006687,ORD00011493,2026-06-22 18:00:00,Cashfree,Failed,493.36,26.61,INR,2026-06-22 18:00:00
PAY000006688,ORD00011213,2026-04-21 19:00:00,Stripe,success,2186.96,20.26,INR,2026-04-21 19:00:00
PAY000006689,ORD00003230,2026-01-03 18:00:00,Cashfree,Failed,1121.6,6.75,INR,2026-01-03 18:00:00
PAY000006690,ORD00008625,2026-06-23 21:00:00,PayU,success,1217.65,4.59,INR,2026-06-23 21:00:00
PAY000006691,ORD00004930,2026-03-04 21:00:00,Cashfree,success,3689.63,28.12,INR,2026-03-04 21:00:00
PAY000006692,ORD00003459,2026-02-06 08:00:00,Cashfree,success,2291.59,2.98,INR,2026-02-06 08:00:00
PAY000006693,ORD00009027,2026-06-28 20:00:00,PayU,success,1401.53,30.21,INR,2026-06-28 20:00:00
PAY000006694,ORD00003320,2026-02-13 19:00:00,razorpay ,success,539.14,13.19,INR,2026-02-13 19:00:00
PAY000006695,ORD00005996,2026-07-01 09:00:00,PayU,PENDING,373.1,5.46,INR,2026-07-01 09:00:00
PAY000006696,ORD00001098,2026-03-06 16:00:00,PayU,success,806.75,11.63,INR,2026-03-06 16:00:00
PAY000006697,ORD00011403,2026-08-08 16:00:00,PayU,success,1548.85,5.05,INR,2026-08-08 16:00:00
PAY000006698,ORD00010208,2026-03-05 02:00:00,Stripe,success,3997.7,15.77,INR,2026-03-05 02:00:00
PAY000006699,ORD00002894,2026-01-11 15:00:00,Cashfree,success,1278.92,21.64,INR,2026-01-11 15:00:00
PAY000006700,ORD00009918,2026-08-28 11:00:00,razorpay ,success,599.75,14.31,INR,2026-08-28 11:00:00
PAY000006701,ORD00005652,2026-08-11 18:00:00,Cashfree,success,1077.38,30.03,inr,2026-08-11 18:00:00
PAY000006702,ORD00011229,2026-07-06 06:00:00,razorpay ,success,1753.02,14.56,inr,2026-07-06 06:00:00
PAY000006703,ORD00011625,2026-04-03 15:00:00,Cashfree,success,2177.55,2.77,inr,2026-04-03 15:00:00
PAY000006704,ORD00004968,2026-03-22 23:00:00,razorpay ,success,2199.69,14.57,Rs,2026-03-22 23:00:00
PAY000006705,ORD00000501,2026-04-19 21:00:00,Cashfree,success,1385.73,31.39,INR,2026-04-19 21:00:00
PAY000006706,ORD00008651,2026-02-12 08:00:00,Cashfree,REFUNDED,1356.52,19.79,inr,2026-02-12 08:00:00
PAY000006707,ORD00007415,2026-02-18 14:00:00,Cashfree,success,1309.42,18.72,INR,2026-02-18 14:00:00
PAY000006708,ORD00005425,2026-03-04 10:00:00,PayU,success,1788.33,30.87,INR,2026-03-04 10:00:00
PAY000006709,ORD00011620,2026-06-03 23:00:00,PayU,success,591.03,32.15,Rs,2026-06-03 23:00:00
PAY000006710,ORD00003052,2026-03-20 02:00:00,razorpay ,success,984.29,30.46,INR,2026-03-20 02:00:00
PAY000006711,ORD00005614,2026-06-01 05:00:00,Razorpay,success,2139.27,24.5,inr,2026-06-01 05:00:00
PAY000006712,ORD00001382,2026-02-24 05:00:00,Cashfree,success,1608.63,16.73,INR,2026-02-24 05:00:00
PAY000006713,ORD00009682,2026-08-18 11:00:00,Cashfree,success,473.71,9.87,INR,2026-08-18 11:00:00
PAY000006714,ORD00004869,2026-07-23 02:00:00,Cashfree,success,1781.35,8.34,Rs,2026-07-23 02:00:00
PAY000006715,ORD00010495,2026-03-04 06:00:00,Cashfree,success,885.21,26.95,INR,2026-03-04 06:00:00
PAY000006716,ORD00002985,2026-06-04 03:00:00,Stripe,success,2173.94,33.62,inr,2026-06-04 03:00:00
PAY000006717,ORD00011342,2026-03-13 07:00:00,razorpay ,success,745.71,6.6,INR,2026-03-13 07:00:00
PAY000006718,ORD00009974,2026-06-27 12:00:00,PayU,REFUNDED,4026.53,20.71,INR,2026-06-27 12:00:00
PAY000006719,ORD00002082,2026-06-30 20:00:00,razorpay ,Failed,595.45,20.84,Rs,2026-06-30 20:00:00
PAY000006720,ORD00005015,2026-01-19 04:00:00,PayU,success,1024.5,11.55,INR,2026-01-19 04:00:00
PAY000006721,ORD00008004,2026-03-28 21:00:00,PayU,success,799.09,23.43,INR,2026-03-28 21:00:00
PAY000006722,ORD00009587,2026-03-21 03:00:00,PayU,Failed,2240.11,26.09,INR,2026-03-21 03:00:00
PAY000006723,ORD00008351,2026-04-24 00:00:00,razorpay ,Failed,1242.13,12.22,INR,2026-04-24 00:00:00
PAY000006724,ORD00008688,2026-01-25 06:00:00,Stripe,PENDING,715.44,29.99,INR,2026-01-25 06:00:00
PAY000006725,ORD00005703,2026-04-11 02:00:00,Razorpay,success,567.78,2.06,INR,2026-04-11 02:00:00
PAY000006726,ORD00007709,2026-07-25 22:00:00,Razorpay,success,546.79,31.87,INR,2026-07-25 22:00:00
PAY000006727,ORD00000983,2026-01-22 21:00:00,Stripe,success,571.83,23.45,INR,2026-01-22 21:00:00
PAY000006728,ORD00007067,2026-07-22 23:00:00,PayU,success,1189.72,29.86,INR,2026-07-22 23:00:00
PAY000006729,ORD00011928,2026-01-20 10:00:00,razorpay ,PENDING,1788.71,15.17,INR,2026-01-20 10:00:00
PAY000006730,ORD00010707,2026-08-24 11:00:00,Cashfree,success,976.57,31.78,INR,2026-08-24 11:00:00
PAY000006731,ORD00000483,2026-05-27 18:00:00,Stripe,success,849.9,16.58,inr,2026-05-27 18:00:00
PAY000006732,ORD00006401,2026-05-20 23:00:00,razorpay ,success,691.57,17.97,INR,2026-05-20 23:00:00
PAY000006733,ORD00002437,2026-04-24 03:00:00,Stripe,Failed,999.45,11.02,INR,2026-04-24 03:00:00
PAY000006734,ORD00005449,2026-04-02 06:00:00,Razorpay,success,2382.24,23.86,INR,2026-04-02 06:00:00
PAY000006735,ORD00007186,2026-08-04 18:00:00,razorpay ,PENDING,1797.44,32.08,Rs,2026-08-04 18:00:00
PAY000006736,ORD00006095,2026-04-04 19:00:00,Cashfree,success,1157.66,3.3,INR,2026-04-04 19:00:00
PAY000006737,ORD00005646,2026-06-21 17:00:00,Cashfree,success,1524.39,10.19,INR,2026-06-21 17:00:00
PAY000006738,ORD00004854,2026-02-13 02:00:00,razorpay ,success,2169.01,30.96,INR,2026-02-13 02:00:00
PAY000006739,ORD00010122,2026-04-07 20:00:00,Stripe,success,1618.94,12.4,INR,2026-04-07 20:00:00
PAY000006740,ORD00010802,2026-05-08 20:00:00,Razorpay,success,3715.91,11.27,INR,2026-05-08 20:00:00
PAY000006741,ORD00011176,2026-08-17 23:00:00,Cashfree,success,637.57,21.33,INR,2026-08-17 23:00:00
PAY000006742,ORD00010321,2026-04-19 12:00:00,PayU,REFUNDED,960.85,27.14,INR,2026-04-19 12:00:00
PAY000006743,ORD00005476,2026-06-18 13:00:00,razorpay ,success,580.75,6.44,INR,2026-06-18 13:00:00
PAY000006744,ORD00010565,2026-03-15 04:00:00,razorpay ,REFUNDED,1070.35,16.93,INR,2026-03-15 04:00:00
PAY000006745,ORD00005293,2026-04-10 16:00:00,razorpay ,success,238.87,22.96,INR,2026-04-10 16:00:00
PAY000006746,ORD00010524,2026-05-10 17:00:00,Cashfree,success,1182.77,32.02,INR,2026-05-10 17:00:00
PAY000006747,ORD00011599,2026-05-27 13:00:00,Razorpay,success,369.47,3.82,INR,2026-05-27 13:00:00
PAY000006748,ORD00007723,2026-05-17 12:00:00,Stripe,success,885.05,20.88,INR,2026-05-17 12:00:00
PAY000006749,ORD00003592,2026-04-08 23:00:00,PayU,success,2944.64,12.93,Rs,2026-04-08 23:00:00
PAY000006750,ORD00005413,2026-02-17 11:00:00,Razorpay,success,507.92,28.27,Rs,2026-02-17 11:00:00
PAY000006751,ORD00005866,2026-03-05 12:00:00,Cashfree,success,2171.64,31.63,INR,2026-03-05 12:00:00
PAY000006752,ORD00003802,2026-08-21 07:00:00,Cashfree,success,1223.69,19.48,Rs,2026-08-21 07:00:00
PAY000006753,ORD00000062,2026-06-07 21:00:00,razorpay ,success,463.63,14.28,INR,2026-06-07 21:00:00
PAY000006754,ORD00007379,2026-08-19 15:00:00,PayU,Failed,623.04,28.46,INR,2026-08-19 15:00:00
PAY000006755,ORD00010944,2026-01-29 21:00:00,PayU,success,1598.54,21.39,INR,2026-01-29 21:00:00
PAY000006756,ORD00010697,2026-05-16 16:00:00,Stripe,success,1267.08,6.43,INR,2026-05-16 16:00:00
PAY000006757,ORD00005695,2026-03-29 15:00:00,razorpay ,success,517.81,14.1,INR,2026-03-29 15:00:00
PAY000006758,ORD00006957,2026-08-13 12:00:00,PayU,REFUNDED,1109.07,22.58,INR,2026-08-13 12:00:00
PAY000006759,ORD00000218,2026-06-18 18:00:00,Stripe,success,4984.47,34.0,INR,2026-06-18 18:00:00
PAY000006760,ORD00000782,2026-01-31 03:00:00,Stripe,Failed,1168.44,2.15,inr,2026-01-31 03:00:00
PAY000006761,ORD00002473,2026-05-16 03:00:00,Razorpay,success,855.69,9.25,INR,2026-05-16 03:00:00
PAY000006762,ORD00002429,2026-06-05 20:00:00,razorpay ,success,394.93,23.4,INR,2026-06-05 20:00:00
PAY000006763,ORD00004833,2026-05-08 22:00:00,PayU,success,2508.74,18.42,INR,2026-05-08 22:00:00
PAY000006764,ORD00001524,2026-03-01 06:00:00,razorpay ,success,1450.16,3.83,INR,2026-03-01 06:00:00
PAY000006765,ORD00001198,2026-04-29 09:00:00,Stripe,Failed,1001.06,2.76,INR,2026-04-29 09:00:00
PAY000006766,ORD00007044,2026-02-08 04:00:00,Cashfree,success,542.46,23.04,INR,2026-02-08 04:00:00
PAY000006767,ORD00001023,2026-02-25 09:00:00,razorpay ,REFUNDED,438.19,11.38,INR,2026-02-25 09:00:00
PAY000006768,ORD00004713,2026-01-17 05:00:00,PayU,success,3389.54,18.42,INR,2026-01-17 05:00:00
PAY000006769,ORD00005384,2026-01-03 17:00:00,PayU,Failed,3131.13,9.12,INR,2026-01-03 17:00:00
PAY000006770,ORD00005766,2026-03-07 23:00:00,razorpay ,success,331.76,27.74,INR,2026-03-07 23:00:00
PAY000006771,ORD00005277,2026-07-25 07:00:00,PayU,success,967.54,34.32,inr,2026-07-25 07:00:00
PAY000006772,ORD00011224,2026-04-25 04:00:00,razorpay ,success,1078.39,9.28,inr,2026-04-25 04:00:00
PAY000006773,ORD00005843,2026-05-03 06:00:00,Cashfree,success,2116.32,18.97,INR,2026-05-03 06:00:00
PAY000006774,ORD00000822,2026-08-13 22:00:00,razorpay ,success,321.88,20.61,INR,2026-08-13 22:00:00
PAY000006775,ORD00011746,2026-02-12 02:00:00,Cashfree,success,2821.0,32.83,INR,2026-02-12 02:00:00
PAY000006776,ORD00002211,2026-01-09 07:00:00,Razorpay,success,474.72,28.35,INR,2026-01-09 07:00:00
PAY000006777,ORD00009602,2026-02-01 04:00:00,Stripe,success,1010.33,29.35,INR,2026-02-01 04:00:00
PAY000006778,ORD00011721,2026-05-20 20:00:00,Razorpay,success,1805.93,14.18,INR,2026-05-20 20:00:00
PAY000006779,ORD00003901,2026-05-31 11:00:00,Stripe,success,818.07,27.83,INR,2026-05-31 11:00:00
PAY000006780,ORD00003236,2026-05-15 08:00:00,PayU,success,2602.74,15.32,INR,2026-05-15 08:00:00
PAY000006781,ORD00008578,2026-08-17 07:00:00,Stripe,Failed,772.58,11.39,INR,2026-08-17 07:00:00
PAY000006782,ORD00002221,2026-05-27 13:00:00,Stripe,success,733.81,22.61,INR,2026-05-27 13:00:00
PAY000006783,ORD00004031,2026-06-19 05:00:00,PayU,Failed,4064.24,24.01,INR,2026-06-19 05:00:00
PAY000006784,ORD00004646,2026-01-02 20:00:00,Razorpay,success,1559.29,16.9,INR,2026-01-02 20:00:00
PAY000006785,ORD00011240,2026-07-07 21:00:00,razorpay ,Failed,995.84,11.4,INR,2026-07-07 21:00:00
PAY000006786,ORD00004141,2026-05-22 04:00:00,razorpay ,REFUNDED,508.98,32.91,INR,2026-05-22 04:00:00
PAY000006787,ORD00007499,2026-04-15 06:00:00,razorpay ,Failed,715.34,7.83,INR,2026-04-15 06:00:00
PAY000006788,ORD00003103,2026-07-05 14:00:00,Razorpay,Failed,2553.65,34.49,INR,2026-07-05 14:00:00
PAY000006789,ORD00007228,2026-01-04 03:00:00,PayU,success,1401.67,28.34,INR,2026-01-04 03:00:00
PAY000006790,ORD00008134,2026-04-06 11:00:00,Stripe,success,481.58,6.59,INR,2026-04-06 11:00:00
PAY000006791,ORD00003525,2026-08-25 20:00:00,PayU,success,714.87,9.3,INR,2026-08-25 20:00:00
PAY000006792,ORD00004525,2026-08-06 14:00:00,razorpay ,success,924.0,24.18,INR,2026-08-06 14:00:00
PAY000006793,ORD00008004,2026-05-09 06:00:00,Razorpay,success,355.18,25.77,INR,2026-05-09 06:00:00
PAY000006794,ORD00002752,2026-02-13 19:00:00,razorpay ,success,3351.0,8.34,INR,2026-02-13 19:00:00
PAY000006795,ORD00004379,2026-05-30 17:00:00,PayU,success,984.79,29.99,INR,2026-05-30 17:00:00
PAY000006796,ORD00010924,2026-04-01 14:00:00,Razorpay,success,885.33,34.44,INR,2026-04-01 14:00:00
PAY000006797,ORD00007591,2026-01-21 12:00:00,PayU,success,364.45,3.01,INR,2026-01-21 12:00:00
PAY000006798,ORD00001300,2026-01-21 09:00:00,Stripe,success,3015.69,12.53,INR,2026-01-21 09:00:00
PAY000006799,ORD00006895,2026-01-29 13:00:00,Razorpay,success,2712.11,34.17,INR,2026-01-29 13:00:00
PAY000006800,ORD00000086,2026-02-13 06:00:00,Stripe,success,1429.46,16.85,INR,2026-02-13 06:00:00
PAY000006801,ORD00004238,2026-02-26 03:00:00,razorpay ,success,637.67,33.34,INR,2026-02-26 03:00:00
PAY000006802,ORD00002642,2026-01-15 22:00:00,Razorpay,success,1190.73,2.46,INR,2026-01-15 22:00:00
PAY000006803,ORD00010096,2026-01-03 03:00:00,Stripe,Failed,1082.62,8.69,INR,2026-01-03 03:00:00
PAY000006804,ORD00005636,2026-06-27 16:00:00,PayU,success,702.5,16.91,INR,2026-06-27 16:00:00
PAY000006805,ORD00001410,2026-04-21 02:00:00,razorpay ,success,629.01,13.73,INR,2026-04-21 02:00:00
PAY000006806,ORD00007251,2026-07-31 13:00:00,Stripe,success,1074.58,15.22,INR,2026-07-31 13:00:00
PAY000006807,ORD00007885,2026-04-13 21:00:00,Stripe,Failed,911.6,12.94,inr,2026-04-13 21:00:00
PAY000006808,ORD00011795,2026-05-07 00:00:00,razorpay ,success,1226.04,26.08,INR,2026-05-07 00:00:00
PAY000006809,ORD00010820,2026-03-03 06:00:00,Cashfree,success,1692.07,6.99,INR,2026-03-03 06:00:00
PAY000006810,ORD00000456,2026-06-02 14:00:00,Cashfree,Failed,820.74,27.78,INR,2026-06-02 14:00:00
PAY000006811,ORD00005557,2026-03-28 17:00:00,razorpay ,success,969.0,30.1,inr,2026-03-28 17:00:00
PAY000006812,ORD00007828,2026-08-04 21:00:00,razorpay ,REFUNDED,693.64,4.15,INR,2026-08-04 21:00:00
PAY000006813,ORD00000360,2026-04-25 05:00:00,razorpay ,success,1833.71,21.28,INR,2026-04-25 05:00:00
PAY000006814,ORD00003693,2026-03-28 21:00:00,razorpay ,success,1334.9,5.58,INR,2026-03-28 21:00:00
PAY000006815,ORD00007227,2026-06-10 19:00:00,Cashfree,success,1087.37,12.45,INR,2026-06-10 19:00:00
PAY000006816,ORD00010465,2026-08-01 03:00:00,Cashfree,success,1001.2,22.84,INR,2026-08-01 03:00:00
PAY000006817,ORD00002910,2026-05-14 09:00:00,Razorpay,success,1173.76,18.18,inr,2026-05-14 09:00:00
PAY000006818,ORD00009590,2026-06-21 12:00:00,PayU,success,813.09,18.26,INR,2026-06-21 12:00:00
PAY000006819,ORD00010613,2026-08-04 03:00:00,Stripe,success,396.02,26.88,INR,2026-08-04 03:00:00
PAY000006820,ORD00010262,2026-08-07 08:00:00,Cashfree,Failed,2344.15,29.98,inr,2026-08-07 08:00:00
PAY000006821,ORD00005360,2026-07-03 20:00:00,Stripe,success,477.47,24.17,INR,2026-07-03 20:00:00
PAY000006822,ORD00004008,2026-05-14 05:00:00,Cashfree,success,877.93,23.89,INR,2026-05-14 05:00:00
PAY000006823,ORD00010468,2026-06-28 20:00:00,razorpay ,success,564.65,4.13,INR,2026-06-28 20:00:00
PAY000006824,ORD00002431,2026-04-23 05:00:00,PayU,PENDING,658.28,28.8,INR,2026-04-23 05:00:00
PAY000006825,ORD00003059,2026-01-20 10:00:00,Stripe,success,829.98,25.35,INR,2026-01-20 10:00:00
PAY000006826,ORD00009729,2026-05-02 11:00:00,PayU,success,473.22,6.83,INR,2026-05-02 11:00:00
PAY000006827,ORD00004798,2026-06-04 06:00:00,Cashfree,Failed,827.02,15.88,INR,2026-06-04 06:00:00
PAY000006828,ORD00004584,2026-07-18 01:00:00,razorpay ,success,788.47,16.92,INR,2026-07-18 01:00:00
PAY000006829,ORD00011758,2026-06-21 18:00:00,razorpay ,success,914.37,32.83,INR,2026-06-21 18:00:00
PAY000006830,ORD00003348,2026-01-26 23:00:00,Razorpay,success,1508.04,5.83,INR,2026-01-26 23:00:00
PAY000006831,ORD00004248,2026-05-02 21:00:00,Razorpay,success,448.36,13.48,INR,2026-05-02 21:00:00
PAY000006832,ORD00002589,2026-08-12 20:00:00,Razorpay,success,769.76,10.67,Rs,2026-08-12 20:00:00
PAY000006833,ORD00005672,2026-08-03 10:00:00,Stripe,success,1312.56,8.73,INR,2026-08-03 10:00:00
PAY000006834,ORD00006310,2026-05-06 15:00:00,razorpay ,Failed,381.16,18.36,INR,2026-05-06 15:00:00
PAY000006835,ORD00000139,2026-04-16 10:00:00,PayU,success,1979.69,24.8,INR,2026-04-16 10:00:00
PAY000006836,ORD00004303,2026-03-31 02:00:00,Cashfree,PENDING,607.79,26.86,INR,2026-03-31 02:00:00
PAY000006837,ORD00003750,2026-04-10 18:00:00,PayU,success,1360.9,9.48,inr,2026-04-10 18:00:00
PAY000006838,ORD00000840,2026-08-03 11:00:00,Cashfree,success,2747.76,22.53,INR,2026-08-03 11:00:00
PAY000006839,ORD00002864,2026-05-01 01:00:00,Razorpay,success,1601.33,4.94,inr,2026-05-01 01:00:00
PAY000006840,ORD00006817,2026-07-17 19:00:00,Cashfree,success,1594.75,27.59,INR,2026-07-17 19:00:00
PAY000006841,ORD00011649,2026-01-21 09:00:00,Stripe,success,536.8,17.48,INR,2026-01-21 09:00:00
PAY000006842,ORD00010431,2026-01-20 11:00:00,PayU,success,894.72,25.71,inr,2026-01-20 11:00:00
PAY000006843,ORD00002961,2026-03-03 07:00:00,PayU,success,868.67,6.9,INR,2026-03-03 07:00:00
PAY000006844,ORD00007005,2026-06-17 20:00:00,Cashfree,success,879.29,2.89,inr,2026-06-17 20:00:00
PAY000006845,ORD00009036,2026-05-28 11:00:00,PayU,success,460.97,18.35,INR,2026-05-28 11:00:00
PAY000006846,ORD00001343,2026-05-03 21:00:00,Stripe,success,1116.11,3.55,INR,2026-05-03 21:00:00
PAY000006847,ORD00006429,2026-06-07 20:00:00,Cashfree,success,1145.05,9.57,INR,2026-06-07 20:00:00
PAY000006848,ORD00005482,2026-03-15 01:00:00,razorpay ,success,990.92,4.75,INR,2026-03-15 01:00:00
PAY000006849,ORD00004247,2026-02-11 17:00:00,PayU,success,432.72,17.33,inr,2026-02-11 17:00:00
PAY000006850,ORD00004732,2026-05-25 01:00:00,Stripe,success,525.89,14.08,INR,2026-05-25 01:00:00
PAY000006851,ORD00006402,2026-05-12 22:00:00,Razorpay,success,1262.12,12.82,INR,2026-05-12 22:00:00
PAY000006852,ORD00009424,2026-04-13 02:00:00,Cashfree,PENDING,1541.29,6.46,INR,2026-04-13 02:00:00
PAY000006853,ORD00010796,2026-05-29 09:00:00,razorpay ,success,856.51,11.24,INR,2026-05-29 09:00:00
PAY000006854,ORD00000581,2026-01-22 20:00:00,PayU,Failed,388.82,20.73,INR,2026-01-22 20:00:00
PAY000006855,ORD00008925,2026-04-09 12:00:00,Cashfree,success,5133.93,34.07,INR,2026-04-09 12:00:00
PAY000006856,ORD00004367,2026-07-26 22:00:00,Razorpay,PENDING,1805.41,16.38,inr,2026-07-26 22:00:00
PAY000006857,ORD00006918,2026-05-26 07:00:00,razorpay ,success,748.19,15.51,INR,2026-05-26 07:00:00
PAY000006858,ORD00008998,2026-02-25 06:00:00,Stripe,success,1038.81,32.58,INR,2026-02-25 06:00:00
PAY000006859,ORD00002974,2026-05-08 00:00:00,Razorpay,PENDING,2298.45,5.08,INR,2026-05-08 00:00:00
PAY000006860,ORD00001675,2026-08-18 23:00:00,Cashfree,success,3676.04,18.6,inr,2026-08-18 23:00:00
PAY000006861,ORD00006447,2026-02-21 07:00:00,Razorpay,Failed,355.22,24.51,INR,2026-02-21 07:00:00
PAY000006862,ORD00007232,2026-07-15 14:00:00,PayU,PENDING,774.11,26.1,INR,2026-07-15 14:00:00
PAY000006863,ORD00006666,2026-02-25 13:00:00,Cashfree,success,714.79,15.15,INR,2026-02-25 13:00:00
PAY000006864,ORD00002831,2026-05-23 15:00:00,Razorpay,success,1384.31,31.57,INR,2026-05-23 15:00:00
PAY000006865,ORD00009001,2026-03-01 07:00:00,Cashfree,success,804.19,3.7,INR,2026-03-01 07:00:00
PAY000006866,ORD00010145,2026-08-09 16:00:00,Razorpay,success,836.59,5.62,INR,2026-08-09 16:00:00
PAY000006867,ORD00003091,2026-06-07 18:00:00,Stripe,success,1448.58,9.48,INR,2026-06-07 18:00:00
PAY000006868,ORD00004384,2026-02-07 11:00:00,Razorpay,success,483.21,29.27,INR,2026-02-07 11:00:00
PAY000006869,ORD00009408,2026-07-14 04:00:00,PayU,success,1631.47,10.61,INR,2026-07-14 04:00:00
PAY000006870,ORD00006555,2026-06-27 06:00:00,Razorpay,success,951.9,32.24,INR,2026-06-27 06:00:00
PAY000006871,ORD00001489,2026-04-12 01:00:00,Cashfree,success,452.63,20.58,inr,2026-04-12 01:00:00
PAY000006872,ORD00006644,2026-06-04 18:00:00,razorpay ,success,453.09,5.4,INR,2026-06-04 18:00:00
PAY000006873,ORD00006160,2026-07-30 04:00:00,Razorpay,success,629.33,22.97,INR,2026-07-30 04:00:00
PAY000006874,ORD00011696,2026-02-23 03:00:00,razorpay ,success,1125.43,21.28,inr,2026-02-23 03:00:00
PAY000006875,ORD00005553,2026-04-23 12:00:00,Razorpay,Failed,1100.87,28.63,INR,2026-04-23 12:00:00
PAY000006876,ORD00005633,2026-02-15 16:00:00,Cashfree,PENDING,496.18,19.65,INR,2026-02-15 16:00:00
PAY000006877,ORD00009646,2026-05-03 12:00:00,PayU,success,888.59,14.11,INR,2026-05-03 12:00:00
PAY000006878,ORD00004227,2026-04-28 22:00:00,Cashfree,success,2689.39,7.21,INR,2026-04-28 22:00:00
PAY000006879,ORD00007044,2026-05-06 06:00:00,PayU,success,467.44,31.35,INR,2026-05-06 06:00:00
PAY000006880,ORD00006385,2026-05-09 19:00:00,PayU,REFUNDED,753.79,24.14,inr,2026-05-09 19:00:00
PAY000006881,ORD00003451,2026-07-10 14:00:00,PayU,success,1487.69,7.16,INR,2026-07-10 14:00:00
PAY000006882,ORD00005994,2026-01-15 09:00:00,razorpay ,success,218.74,22.53,INR,2026-01-15 09:00:00
PAY000006883,ORD00002243,2026-03-22 05:00:00,Razorpay,success,1209.56,28.83,INR,2026-03-22 05:00:00
PAY000006884,ORD00005015,2026-05-22 21:00:00,Razorpay,PENDING,2888.82,14.39,Rs,2026-05-22 21:00:00
PAY000006885,ORD00003373,2026-06-06 01:00:00,Cashfree,success,851.94,3.35,INR,2026-06-06 01:00:00
PAY000006886,ORD00001766,2026-04-21 19:00:00,PayU,success,189.94,4.99,INR,2026-04-21 19:00:00
PAY000006887,ORD00002587,2026-05-29 17:00:00,Cashfree,REFUNDED,1136.92,30.96,INR,2026-05-29 17:00:00
PAY000006888,ORD00010029,2026-07-12 10:00:00,PayU,PENDING,937.19,15.0,INR,2026-07-12 10:00:00
PAY000006889,ORD00000820,2026-03-03 18:00:00,,success,722.41,21.02,INR,2026-03-03 18:00:00
PAY000006890,ORD00006769,2026-02-13 11:00:00,Razorpay,success,581.96,19.72,INR,2026-02-13 11:00:00
PAY000006891,ORD00005904,2026-05-18 18:00:00,Cashfree,success,978.72,5.78,INR,2026-05-18 18:00:00
PAY000006892,ORD00010910,2026-04-27 05:00:00,PayU,PENDING,1572.09,11.52,INR,2026-04-27 05:00:00
PAY000006893,ORD00007182,2026-03-18 18:00:00,PayU,success,7437.36,14.83,INR,2026-03-18 18:00:00
PAY000006894,ORD00002070,2026-02-02 02:00:00,,success,1080.01,32.46,INR,2026-02-02 02:00:00
PAY000006895,ORD00000913,2026-04-24 16:00:00,Razorpay,success,1445.62,3.81,INR,2026-04-24 16:00:00
PAY000006896,ORD00010889,2026-05-28 11:00:00,Stripe,success,756.09,27.52,INR,2026-05-28 11:00:00
PAY000006897,ORD00001441,2026-07-25 23:00:00,Stripe,success,512.92,13.65,INR,2026-07-25 23:00:00
PAY000006898,ORD00011490,2026-07-06 12:00:00,Razorpay,success,1076.0,27.0,INR,2026-07-06 12:00:00
PAY000006899,ORD00005863,2026-07-18 20:00:00,Razorpay,success,2251.9,6.88,inr,2026-07-18 20:00:00
PAY000006900,ORD00011614,2026-02-01 15:00:00,razorpay ,success,893.25,22.64,INR,2026-02-01 15:00:00
PAY000006901,ORD00003532,2026-02-27 00:00:00,razorpay ,PENDING,3132.0,6.16,inr,2026-02-27 00:00:00
PAY000006902,ORD00004870,2026-07-06 12:00:00,Stripe,success,899.88,30.39,INR,2026-07-06 12:00:00
PAY000006903,ORD00008464,2026-06-13 11:00:00,Cashfree,success,692.59,8.93,INR,2026-06-13 11:00:00
PAY000006904,ORD00011787,2026-05-18 22:00:00,Razorpay,success,842.14,15.85,INR,2026-05-18 22:00:00
PAY000006905,ORD00009754,2026-04-30 13:00:00,PayU,success,1028.26,16.93,INR,2026-04-30 13:00:00
PAY000006906,ORD00011488,2026-05-03 19:00:00,Stripe,success,1911.77,10.6,INR,2026-05-03 19:00:00
PAY000006907,ORD00001779,2026-07-16 23:00:00,razorpay ,success,396.17,15.68,INR,2026-07-16 23:00:00
PAY000006908,ORD00007453,2026-03-08 22:00:00,Razorpay,success,569.32,33.17,inr,2026-03-08 22:00:00
PAY000006909,ORD00010603,2026-04-12 08:00:00,PayU,success,2215.71,20.06,INR,2026-04-12 08:00:00
PAY000006910,ORD00005722,2026-04-26 20:00:00,PayU,success,637.44,2.57,INR,2026-04-26 20:00:00
PAY000006911,ORD00008742,2026-07-02 02:00:00,razorpay ,success,1421.71,31.33,INR,2026-07-02 02:00:00
PAY000006912,ORD00010033,2026-04-14 21:00:00,Razorpay,success,1175.78,6.5,INR,2026-04-14 21:00:00
PAY000006913,ORD00000736,2026-05-09 16:00:00,Stripe,success,1325.69,26.17,INR,2026-05-09 16:00:00
PAY000006914,ORD00010494,2026-03-24 17:00:00,Razorpay,success,5938.1,17.03,inr,2026-03-24 17:00:00
PAY000006915,ORD00001275,2026-08-05 10:00:00,Stripe,success,924.26,7.42,INR,2026-08-05 10:00:00
PAY000006916,ORD00002710,2026-03-30 08:00:00,Razorpay,success,879.06,13.24,INR,2026-03-30 08:00:00
PAY000006917,ORD00005077,2026-03-10 08:00:00,Stripe,success,661.17,27.76,INR,2026-03-10 08:00:00
PAY000006918,ORD00000669,2026-02-14 08:00:00,Stripe,success,3373.38,19.31,INR,2026-02-14 08:00:00
PAY000006919,ORD00009148,2026-05-21 02:00:00,razorpay ,success,589.84,20.24,INR,2026-05-21 02:00:00
PAY000006920,ORD00010649,2026-04-29 14:00:00,Stripe,success,2492.31,16.94,INR,2026-04-29 14:00:00
PAY000006921,ORD00002978,2026-04-19 12:00:00,razorpay ,success,753.68,27.2,INR,2026-04-19 12:00:00
PAY000006922,ORD00008262,2026-03-23 12:00:00,Razorpay,success,3081.94,32.81,INR,2026-03-23 12:00:00
PAY000006923,ORD00003859,2026-03-21 09:00:00,Cashfree,PENDING,1137.03,21.34,INR,2026-03-21 09:00:00
PAY000006924,ORD00008716,2026-03-09 10:00:00,PayU,success,1475.33,34.19,INR,2026-03-09 10:00:00
PAY000006925,ORD00008334,2026-01-15 16:00:00,razorpay ,REFUNDED,1881.6,21.82,INR,2026-01-15 16:00:00
PAY000006926,ORD00001036,2026-07-02 18:00:00,Stripe,success,2984.95,29.29,INR,2026-07-02 18:00:00
PAY000006927,ORD00005718,2026-01-10 20:00:00,PayU,success,649.05,19.48,INR,2026-01-10 20:00:00
PAY000006928,ORD00006591,2026-03-02 15:00:00,PayU,success,461.97,32.97,INR,2026-03-02 15:00:00
PAY000006929,ORD00008693,2026-07-27 15:00:00,Razorpay,success,731.93,27.71,INR,2026-07-27 15:00:00
PAY000006930,ORD00009769,2026-05-24 02:00:00,razorpay ,Failed,837.04,12.2,INR,2026-05-24 02:00:00
PAY000006931,ORD00000147,2026-05-26 09:00:00,razorpay ,Failed,606.14,8.14,INR,2026-05-26 09:00:00
PAY000006932,ORD00005469,2026-08-27 15:00:00,razorpay ,Failed,604.84,13.88,INR,2026-08-27 15:00:00
PAY000006933,ORD00003453,2026-02-15 11:00:00,PayU,success,407.73,5.1,INR,2026-02-15 11:00:00
PAY000006934,ORD00000489,2026-06-12 04:00:00,razorpay ,success,1851.53,24.77,INR,2026-06-12 04:00:00
PAY000006935,ORD00009795,2026-04-16 04:00:00,Stripe,success,2592.8,6.22,INR,2026-04-16 04:00:00
PAY000006936,ORD00010139,2026-08-10 03:00:00,Stripe,REFUNDED,1049.87,25.43,INR,2026-08-10 03:00:00
PAY000006937,ORD00001836,2026-03-12 04:00:00,Cashfree,success,1962.62,12.28,INR,2026-03-12 04:00:00
PAY000006938,ORD00000188,2026-01-24 15:00:00,Cashfree,success,1608.86,11.71,INR,2026-01-24 15:00:00
PAY000006939,ORD00003217,2026-08-20 06:00:00,PayU,success,898.18,9.04,inr,2026-08-20 06:00:00
PAY000006940,ORD00004840,2026-01-07 09:00:00,Razorpay,success,592.52,16.25,INR,2026-01-07 09:00:00
PAY000006941,ORD00000376,2026-03-17 07:00:00,Cashfree,success,1128.9,26.52,INR,2026-03-17 07:00:00
PAY000006942,ORD00003200,2026-08-15 13:00:00,Stripe,success,2928.41,12.82,Rs,2026-08-15 13:00:00
PAY000006943,ORD00009967,2026-02-07 04:00:00,PayU,PENDING,1748.51,20.05,INR,2026-02-07 04:00:00
PAY000006944,ORD00003919,2026-03-08 10:00:00,Razorpay,success,607.36,2.21,INR,2026-03-08 10:00:00
PAY000006945,ORD00002356,2026-04-07 04:00:00,Cashfree,success,474.22,30.28,INR,2026-04-07 04:00:00
PAY000006946,ORD00003483,2026-03-08 09:00:00,razorpay ,success,337.47,11.96,INR,2026-03-08 09:00:00
PAY000006947,ORD00008776,2026-02-12 02:00:00,razorpay ,success,1263.08,33.2,INR,2026-02-12 02:00:00
PAY000006948,ORD00008714,2026-04-01 23:00:00,Cashfree,PENDING,292.25,25.49,INR,2026-04-01 23:00:00
PAY000006949,ORD00005842,2026-02-11 18:00:00,razorpay ,success,2489.82,20.17,INR,2026-02-11 18:00:00
PAY000006950,ORD00008137,2026-03-15 10:00:00,Stripe,success,1410.77,32.86,INR,2026-03-15 10:00:00
PAY000006951,ORD00004580,2026-02-12 14:00:00,Stripe,success,1162.99,15.21,INR,2026-02-12 14:00:00
PAY000006952,ORD00006870,2026-07-17 03:00:00,Razorpay,success,1762.5,16.59,inr,2026-07-17 03:00:00
PAY000006953,ORD00007858,2026-03-19 13:00:00,Stripe,success,1269.79,32.56,INR,2026-03-19 13:00:00
PAY000006954,ORD00008238,2026-06-03 21:00:00,PayU,success,284.36,13.12,INR,2026-06-03 21:00:00
PAY000006955,ORD00004087,2026-01-19 12:00:00,Razorpay,success,862.0,18.33,INR,2026-01-19 12:00:00
PAY000006956,ORD00006792,2026-06-29 06:00:00,PayU,success,1303.65,8.2,INR,2026-06-29 06:00:00
PAY000006957,ORD00009987,2026-06-20 01:00:00,Cashfree,success,5531.94,24.5,INR,2026-06-20 01:00:00
PAY000006958,ORD00007939,2026-03-06 23:00:00,Razorpay,success,2416.88,31.98,INR,2026-03-06 23:00:00
PAY000006959,ORD00007593,2026-02-13 08:00:00,Stripe,Failed,529.66,22.07,INR,2026-02-13 08:00:00
PAY000006960,ORD00006955,2026-05-26 22:00:00,Razorpay,success,1059.41,34.08,INR,2026-05-26 22:00:00
PAY000006961,ORD00010105,2026-06-18 20:00:00,Razorpay,success,1567.26,20.57,INR,2026-06-18 20:00:00
PAY000006962,ORD00007499,2026-01-13 18:00:00,razorpay ,success,967.62,15.47,INR,2026-01-13 18:00:00
PAY000006963,ORD00005590,2026-05-04 18:00:00,PayU,success,635.3,6.18,INR,2026-05-04 18:00:00
PAY000006964,ORD00007978,2026-05-31 07:00:00,Razorpay,success,470.0,23.52,INR,2026-05-31 07:00:00
PAY000006965,ORD00008621,2026-06-15 08:00:00,razorpay ,success,1092.71,34.76,INR,2026-06-15 08:00:00
PAY000006966,ORD00010990,2026-05-19 11:00:00,razorpay ,PENDING,1146.4,17.13,INR,2026-05-19 11:00:00
PAY000006967,ORD00002417,2026-01-12 03:00:00,Razorpay,success,732.92,8.05,INR,2026-01-12 03:00:00
PAY000006968,ORD00002684,2026-04-26 03:00:00,PayU,success,508.06,26.4,INR,2026-04-26 03:00:00
PAY000006969,ORD00005854,2026-06-16 23:00:00,Razorpay,success,459.34,11.37,INR,2026-06-16 23:00:00
PAY000006970,ORD00009471,2026-03-04 22:00:00,Razorpay,success,1958.82,24.05,Rs,2026-03-04 22:00:00
PAY000006971,ORD00005188,2026-01-27 15:00:00,Cashfree,success,3318.27,31.69,INR,2026-01-27 15:00:00
PAY000006972,ORD00011465,2026-02-24 06:00:00,PayU,PENDING,382.64,16.81,INR,2026-02-24 06:00:00
PAY000006973,ORD00003690,2026-01-22 00:00:00,Stripe,success,881.6,6.44,INR,2026-01-22 00:00:00
PAY000006974,ORD00005725,2026-01-14 16:00:00,razorpay ,Failed,1884.5,7.1,INR,2026-01-14 16:00:00
PAY000006975,ORD00002923,2026-08-26 15:00:00,razorpay ,success,1260.46,24.1,INR,2026-08-26 15:00:00
PAY000006976,ORD00003706,2026-07-17 13:00:00,PayU,REFUNDED,295.6,10.0,INR,2026-07-17 13:00:00
PAY000006977,ORD00011394,2026-02-22 05:00:00,PayU,success,667.4,30.69,INR,2026-02-22 05:00:00
PAY000006978,ORD00005030,2026-08-10 18:00:00,Stripe,success,1707.07,34.79,INR,2026-08-10 18:00:00
PAY000006979,ORD00007554,2026-05-13 23:00:00,Razorpay,success,1417.78,18.45,INR,2026-05-13 23:00:00
PAY000006980,ORD00010582,2026-02-22 12:00:00,Razorpay,success,819.42,8.52,INR,2026-02-22 12:00:00
PAY000006981,ORD00005331,2026-06-28 16:00:00,PayU,success,2194.57,2.19,INR,2026-06-28 16:00:00
PAY000006982,ORD00006718,2026-03-27 10:00:00,Razorpay,success,242.13,29.77,Rs,2026-03-27 10:00:00
PAY000006983,ORD00005466,2026-03-31 14:00:00,razorpay ,success,1123.31,8.08,INR,2026-03-31 14:00:00
PAY000006984,ORD00002902,2026-04-19 17:00:00,Stripe,REFUNDED,1398.22,12.87,INR,2026-04-19 17:00:00
PAY000006985,ORD00011736,2026-05-11 22:00:00,Razorpay,success,2806.38,22.25,INR,2026-05-11 22:00:00
PAY000006986,ORD00003279,2026-04-19 16:00:00,Cashfree,success,4832.34,2.54,INR,2026-04-19 16:00:00
PAY000006987,ORD00007552,2026-03-06 00:00:00,Stripe,PENDING,981.47,29.73,INR,2026-03-06 00:00:00
PAY000006988,ORD00003057,2026-02-17 05:00:00,razorpay ,success,904.53,22.15,INR,2026-02-17 05:00:00
PAY000006989,ORD00010760,2026-03-07 04:00:00,Stripe,success,1186.96,34.02,Rs,2026-03-07 04:00:00
PAY000006990,ORD00009572,2026-04-17 05:00:00,Razorpay,success,1136.62,13.73,INR,2026-04-17 05:00:00
PAY000006991,ORD00009972,2026-05-17 15:00:00,PayU,PENDING,774.42,27.88,inr,2026-05-17 15:00:00
PAY000006992,ORD00009598,2026-07-22 15:00:00,PayU,success,2520.73,25.18,INR,2026-07-22 15:00:00
PAY000006993,ORD00009728,2026-08-22 11:00:00,Cashfree,success,2032.86,8.83,INR,2026-08-22 11:00:00
PAY000006994,ORD00007928,2026-06-21 11:00:00,Razorpay,Failed,993.54,34.95,INR,2026-06-21 11:00:00
PAY000006995,ORD00000970,2026-05-19 00:00:00,razorpay ,success,1258.15,27.67,INR,2026-05-19 00:00:00
PAY000006996,ORD00007886,2026-03-30 20:00:00,Stripe,PENDING,855.12,34.25,inr,2026-03-30 20:00:00
PAY000006997,ORD00005315,2026-01-19 17:00:00,Razorpay,success,553.98,25.69,inr,2026-01-19 17:00:00
PAY000006998,ORD00002355,2026-07-26 20:00:00,razorpay ,REFUNDED,413.7,26.36,INR,2026-07-26 20:00:00
PAY000006999,ORD00003398,2026-01-21 04:00:00,PayU,Failed,990.18,24.62,INR,2026-01-21 04:00:00
PAY000007000,ORD00011748,2026-05-14 09:00:00,PayU,Failed,792.43,11.82,INR,2026-05-14 09:00:00
PAY000007001,ORD00002181,2026-07-11 05:00:00,Stripe,Failed,3355.69,25.84,inr,2026-07-11 05:00:00
PAY000007002,ORD00006358,2026-05-31 18:00:00,razorpay ,success,1398.48,18.7,INR,2026-05-31 18:00:00
PAY000007003,ORD00009705,2026-01-19 23:00:00,Razorpay,REFUNDED,717.84,5.14,INR,2026-01-19 23:00:00
PAY000007004,ORD00010597,2026-08-06 23:00:00,Razorpay,success,1683.2,6.62,INR,2026-08-06 23:00:00
PAY000007005,ORD00011619,2026-03-03 14:00:00,PayU,success,1733.96,21.23,INR,2026-03-03 14:00:00
PAY000007006,ORD00003997,2026-04-23 22:00:00,Razorpay,success,663.23,14.65,INR,2026-04-23 22:00:00
PAY000007007,ORD00003369,2026-05-24 07:00:00,Razorpay,success,1049.68,14.51,INR,2026-05-24 07:00:00
PAY000007008,ORD00002490,2026-08-01 14:00:00,Stripe,Failed,829.75,6.1,INR,2026-08-01 14:00:00
PAY000007009,ORD00008119,2026-06-02 01:00:00,PayU,success,883.73,14.91,INR,2026-06-02 01:00:00
PAY000007010,ORD00007903,2026-04-20 02:00:00,Cashfree,Failed,2617.69,8.88,INR,2026-04-20 02:00:00
PAY000007011,ORD00004402,2026-06-30 08:00:00,Stripe,success,509.11,34.56,INR,2026-06-30 08:00:00
PAY000007012,ORD00004789,2026-08-17 04:00:00,Stripe,success,1079.86,32.15,INR,2026-08-17 04:00:00
PAY000007013,ORD00011292,2026-03-01 03:00:00,Cashfree,success,1347.9,29.87,INR,2026-03-01 03:00:00
PAY000007014,ORD00010280,2026-03-16 09:00:00,Cashfree,success,1430.32,32.4,INR,2026-03-16 09:00:00
PAY000007015,ORD00011968,2026-02-15 22:00:00,Cashfree,success,3483.97,25.9,inr,2026-02-15 22:00:00
PAY000007016,ORD00001517,2026-05-23 03:00:00,PayU,success,415.76,22.64,INR,2026-05-23 03:00:00
PAY000007017,ORD00006678,2026-06-06 04:00:00,Razorpay,success,869.67,9.7,INR,2026-06-06 04:00:00
PAY000007018,ORD00011169,2026-04-03 12:00:00,Stripe,success,863.69,24.89,INR,2026-04-03 12:00:00
PAY000007019,ORD00011678,2026-06-23 07:00:00,Cashfree,success,438.58,25.46,INR,2026-06-23 07:00:00
PAY000007020,ORD00008226,2026-06-25 15:00:00,Razorpay,Failed,2050.11,12.99,Rs,2026-06-25 15:00:00
PAY000007021,ORD00002964,2026-06-09 00:00:00,Cashfree,success,936.33,23.19,INR,2026-06-09 00:00:00
PAY000007022,ORD00007136,2026-05-15 06:00:00,Razorpay,success,678.29,6.2,INR,2026-05-15 06:00:00
PAY000007023,ORD00011790,2026-01-17 18:00:00,Cashfree,REFUNDED,3288.76,27.51,inr,2026-01-17 18:00:00
PAY000007024,ORD00011535,2026-06-24 03:00:00,Cashfree,success,1008.5,32.42,Rs,2026-06-24 03:00:00
PAY000007025,ORD00006024,2026-05-25 09:00:00,PayU,success,1492.16,31.29,INR,2026-05-25 09:00:00
PAY000007026,ORD00003419,2026-06-20 21:00:00,razorpay ,success,2177.16,17.11,inr,2026-06-20 21:00:00
PAY000007027,ORD00004403,2026-03-10 22:00:00,PayU,PENDING,1258.67,2.14,INR,2026-03-10 22:00:00
PAY000007028,ORD00001378,2026-04-21 22:00:00,Stripe,success,1406.99,4.85,Rs,2026-04-21 22:00:00
PAY000007029,ORD00011206,2026-07-19 22:00:00,Razorpay,success,774.89,4.86,inr,2026-07-19 22:00:00
PAY000007030,ORD00010897,2026-01-04 07:00:00,Razorpay,success,2334.45,16.02,INR,2026-01-04 07:00:00
PAY000007031,ORD00000873,2026-01-01 20:00:00,PayU,success,788.88,25.16,INR,2026-01-01 20:00:00
PAY000007032,ORD00010225,2026-02-24 19:00:00,PayU,success,892.97,6.36,Rs,2026-02-24 19:00:00
PAY000007033,ORD00003538,2026-02-05 00:00:00,Stripe,success,1988.28,26.87,INR,2026-02-05 00:00:00
PAY000007034,ORD00004219,2026-02-11 16:00:00,Razorpay,success,1278.22,14.59,INR,2026-02-11 16:00:00
PAY000007035,ORD00000280,2026-08-20 03:00:00,Stripe,success,849.62,31.64,inr,2026-08-20 03:00:00
PAY000007036,ORD00007652,2026-08-24 07:00:00,razorpay ,success,876.78,30.12,inr,2026-08-24 07:00:00
PAY000007037,ORD00006677,2026-07-30 10:00:00,Stripe,success,1018.71,21.7,INR,2026-07-30 10:00:00
PAY000007038,ORD00002559,2026-08-26 08:00:00,Cashfree,success,1118.49,15.5,INR,2026-08-26 08:00:00
PAY000007039,ORD00010059,2026-06-25 17:00:00,Stripe,success,1439.39,21.72,Rs,2026-06-25 17:00:00
PAY000007040,ORD00006788,2026-01-17 07:00:00,razorpay ,success,2608.79,26.18,INR,2026-01-17 07:00:00
PAY000007041,ORD00004793,2026-07-23 05:00:00,PayU,success,2115.51,2.65,INR,2026-07-23 05:00:00
PAY000007042,ORD00002682,2026-05-27 21:00:00,razorpay ,PENDING,2751.28,25.37,INR,2026-05-27 21:00:00
PAY000007043,ORD00011015,2026-06-19 22:00:00,Stripe,success,2604.54,19.48,inr,2026-06-19 22:00:00
PAY000007044,ORD00006972,2026-07-23 07:00:00,razorpay ,success,967.1,22.68,INR,2026-07-23 07:00:00
PAY000007045,ORD00003047,2026-03-28 14:00:00,Razorpay,PENDING,816.77,31.53,INR,2026-03-28 14:00:00
PAY000007046,ORD00001480,2026-06-10 02:00:00,PayU,success,826.99,27.05,INR,2026-06-10 02:00:00
PAY000007047,ORD00003222,2026-01-09 22:00:00,PayU,success,837.27,4.86,INR,2026-01-09 22:00:00
PAY000007048,ORD00009964,2026-04-16 16:00:00,Cashfree,success,1672.12,31.25,INR,2026-04-16 16:00:00
PAY000007049,ORD00005338,2026-01-11 13:00:00,Razorpay,success,379.07,23.97,INR,2026-01-11 13:00:00
PAY000007050,ORD00005110,2026-08-21 09:00:00,PayU,REFUNDED,647.13,26.96,INR,2026-08-21 09:00:00
PAY000007051,ORD00004568,2026-06-15 00:00:00,Razorpay,success,1497.66,31.09,INR,2026-06-15 00:00:00
PAY000007052,ORD00009158,2026-05-12 21:00:00,Razorpay,success,6667.34,14.02,INR,2026-05-12 21:00:00
PAY000007053,ORD00011596,2026-01-30 07:00:00,Cashfree,success,680.18,20.21,inr,2026-01-30 07:00:00
PAY000007054,ORD00001783,2026-07-02 06:00:00,razorpay ,success,222.06,14.43,inr,2026-07-02 06:00:00
PAY000007055,ORD00000271,2026-01-20 15:00:00,razorpay ,success,2627.42,10.96,INR,2026-01-20 15:00:00
PAY000007056,ORD00007855,2026-07-05 13:00:00,Stripe,Failed,1146.72,21.37,inr,2026-07-05 13:00:00
PAY000007057,ORD00009758,2026-07-06 02:00:00,Stripe,success,2247.14,19.18,INR,2026-07-06 02:00:00
PAY000007058,ORD00003594,2026-05-12 09:00:00,PayU,success,1172.54,14.08,INR,2026-05-12 09:00:00
PAY000007059,ORD00000777,2026-06-04 07:00:00,PayU,REFUNDED,1244.71,13.76,INR,2026-06-04 07:00:00
PAY000007060,ORD00000952,2026-08-20 17:00:00,Cashfree,success,4715.12,20.62,INR,2026-08-20 17:00:00
PAY000007061,ORD00008620,2026-04-17 17:00:00,Stripe,success,1373.72,21.28,INR,2026-04-17 17:00:00
PAY000007062,ORD00010704,2026-08-24 11:00:00,PayU,PENDING,1055.22,34.05,INR,2026-08-24 11:00:00
PAY000007063,ORD00006324,2026-02-27 20:00:00,Stripe,success,783.77,31.11,INR,2026-02-27 20:00:00
PAY000007064,ORD00002324,2026-04-07 03:00:00,PayU,PENDING,1305.95,18.41,INR,2026-04-07 03:00:00
PAY000007065,ORD00008238,2026-03-14 04:00:00,PayU,success,2602.36,6.1,INR,2026-03-14 04:00:00
PAY000007066,ORD00010982,2026-08-08 06:00:00,Stripe,success,835.7,26.66,INR,2026-08-08 06:00:00
PAY000007067,ORD00008922,2026-02-19 22:00:00,razorpay ,success,957.58,7.58,INR,2026-02-19 22:00:00
PAY000007068,ORD00008232,2026-01-26 22:00:00,Cashfree,success,723.51,21.48,INR,2026-01-26 22:00:00
PAY000007069,ORD00001900,2026-01-08 21:00:00,Stripe,success,1010.91,2.78,inr,2026-01-08 21:00:00
PAY000007070,ORD00011545,2026-03-18 05:00:00,Cashfree,success,877.56,21.1,INR,2026-03-18 05:00:00
PAY000007071,ORD00005398,2026-06-05 15:00:00,razorpay ,success,855.46,21.33,INR,2026-06-05 15:00:00
PAY000007072,ORD00009938,2026-02-04 05:00:00,PayU,success,795.17,23.66,INR,2026-02-04 05:00:00
PAY000007073,ORD00001612,2026-03-12 09:00:00,razorpay ,success,512.45,21.58,INR,2026-03-12 09:00:00
PAY000007074,ORD00001657,2026-08-18 01:00:00,razorpay ,success,3712.13,8.44,INR,2026-08-18 01:00:00
PAY000007075,ORD00004675,2026-05-05 12:00:00,Stripe,success,907.88,5.69,INR,2026-05-05 12:00:00
PAY000007076,ORD00002555,2026-03-09 06:00:00,Razorpay,success,865.24,34.11,INR,2026-03-09 06:00:00
PAY000007077,ORD00005473,2026-08-28 04:00:00,PayU,success,2673.46,20.16,INR,2026-08-28 04:00:00
PAY000007078,ORD00000397,2026-01-05 05:00:00,PayU,success,2559.95,24.6,INR,2026-01-05 05:00:00
PAY000007079,ORD00003751,2026-06-21 06:00:00,razorpay ,success,1050.71,5.51,INR,2026-06-21 06:00:00
PAY000007080,ORD00008844,2026-01-14 07:00:00,PayU,success,834.56,4.46,INR,2026-01-14 07:00:00
PAY000007081,ORD00005261,2026-01-27 04:00:00,Razorpay,success,780.58,4.22,INR,2026-01-27 04:00:00
PAY000007082,ORD00004508,2026-04-09 14:00:00,PayU,PENDING,5594.84,3.69,INR,2026-04-09 14:00:00
PAY000007083,ORD00007374,2026-08-24 15:00:00,razorpay ,REFUNDED,826.44,25.87,INR,2026-08-24 15:00:00
PAY000007084,ORD00008127,2026-02-19 00:00:00,Cashfree,success,1771.8,18.88,Rs,2026-02-19 00:00:00
PAY000007085,ORD00002375,2026-05-19 10:00:00,Stripe,PENDING,1527.41,31.32,INR,2026-05-19 10:00:00
PAY000007086,ORD00004377,2026-07-04 00:00:00,Razorpay,Failed,3838.96,32.5,INR,2026-07-04 00:00:00
PAY000007087,ORD00009990,2026-02-14 04:00:00,PayU,success,1654.14,11.44,inr,2026-02-14 04:00:00
PAY000007088,ORD00005296,2026-07-27 11:00:00,Stripe,success,2105.24,16.47,INR,2026-07-27 11:00:00
PAY000007089,ORD00009588,2026-07-30 06:00:00,Razorpay,Failed,664.86,34.91,INR,2026-07-30 06:00:00
PAY000007090,ORD00011909,2026-02-08 04:00:00,Razorpay,success,1036.57,18.65,INR,2026-02-08 04:00:00
PAY000007091,ORD00010152,2026-08-24 10:00:00,razorpay ,success,1951.81,5.73,INR,2026-08-24 10:00:00
PAY000007092,ORD00005507,2026-03-06 06:00:00,Razorpay,success,467.67,15.54,INR,2026-03-06 06:00:00
PAY000007093,ORD00005405,2026-08-24 19:00:00,Cashfree,success,3124.46,33.37,INR,2026-08-24 19:00:00
PAY000007094,ORD00011894,2026-01-17 11:00:00,PayU,success,1294.75,33.84,INR,2026-01-17 11:00:00
PAY000007095,ORD00006626,2026-04-19 12:00:00,razorpay ,success,1181.77,17.92,Rs,2026-04-19 12:00:00
PAY000007096,ORD00002128,2026-02-13 16:00:00,Stripe,success,933.71,13.33,INR,2026-02-13 16:00:00
PAY000007097,ORD00011525,2026-01-10 15:00:00,Razorpay,success,1215.88,29.34,INR,2026-01-10 15:00:00
PAY000007098,ORD00005644,2026-03-24 04:00:00,,Failed,1755.61,33.68,INR,2026-03-24 04:00:00
PAY000007099,ORD00000155,2026-05-22 05:00:00,Razorpay,success,534.92,26.78,INR,2026-05-22 05:00:00
PAY000007100,ORD00002047,2026-03-28 06:00:00,Cashfree,success,3973.67,18.49,INR,2026-03-28 06:00:00
PAY000007101,ORD00002681,2026-01-26 15:00:00,Stripe,success,387.04,7.26,INR,2026-01-26 15:00:00
PAY000007102,ORD00010802,2026-03-24 04:00:00,razorpay ,success,2245.92,22.42,INR,2026-03-24 04:00:00
PAY000007103,ORD00007549,2026-07-30 18:00:00,PayU,PENDING,654.08,27.21,INR,2026-07-30 18:00:00
PAY000007104,ORD00001276,2026-07-04 07:00:00,Cashfree,success,698.01,27.89,INR,2026-07-04 07:00:00
PAY000007105,ORD00006955,2026-07-06 17:00:00,Razorpay,success,2083.01,29.61,INR,2026-07-06 17:00:00
PAY000007106,ORD00000338,2026-06-25 22:00:00,Razorpay,PENDING,5053.69,22.62,INR,2026-06-25 22:00:00
PAY000007107,ORD00010723,2026-01-03 15:00:00,razorpay ,Failed,253.12,7.85,INR,2026-01-03 15:00:00
PAY000007108,ORD00000632,2026-07-14 21:00:00,PayU,success,930.2,15.07,INR,2026-07-14 21:00:00
PAY000007109,ORD00001313,2026-04-03 23:00:00,PayU,success,2864.89,13.28,INR,2026-04-03 23:00:00
PAY000007110,ORD00010213,2026-05-23 10:00:00,PayU,success,1029.03,15.45,INR,2026-05-23 10:00:00
PAY000007111,ORD00010933,2026-04-19 23:00:00,PayU,success,668.94,16.57,INR,2026-04-19 23:00:00
PAY000007112,ORD00005183,2026-02-08 07:00:00,Razorpay,success,321.36,6.67,INR,2026-02-08 07:00:00
PAY000007113,ORD00005553,2026-04-17 17:00:00,razorpay ,success,1519.83,14.45,INR,2026-04-17 17:00:00
PAY000007114,ORD00010990,2026-02-24 19:00:00,Stripe,success,851.21,13.0,INR,2026-02-24 19:00:00
PAY000007115,ORD00011458,2026-04-07 01:00:00,PayU,PENDING,636.51,6.62,INR,2026-04-07 01:00:00
PAY000007116,ORD00002203,2026-04-05 08:00:00,,success,585.33,13.65,INR,2026-04-05 08:00:00
PAY000007117,ORD00001103,2026-07-14 12:00:00,Stripe,success,637.15,4.26,INR,2026-07-14 12:00:00
PAY000007118,ORD00004093,2026-04-02 04:00:00,PayU,PENDING,3250.25,14.76,INR,2026-04-02 04:00:00
PAY000007119,ORD00008830,2026-02-06 07:00:00,Stripe,success,2187.16,15.7,inr,2026-02-06 07:00:00
PAY000007120,ORD00001689,2026-02-03 04:00:00,Razorpay,success,1313.73,13.33,INR,2026-02-03 04:00:00
PAY000007121,ORD00000286,2026-05-21 08:00:00,Stripe,success,770.36,4.58,INR,2026-05-21 08:00:00
PAY000007122,ORD00006688,2026-07-17 01:00:00,PayU,success,411.19,16.48,INR,2026-07-17 01:00:00
PAY000007123,ORD00003560,2026-04-23 02:00:00,PayU,success,990.26,33.78,INR,2026-04-23 02:00:00
PAY000007124,ORD00000633,2026-07-05 01:00:00,razorpay ,PENDING,702.44,31.83,INR,2026-07-05 01:00:00
PAY000007125,ORD00004159,2026-07-10 00:00:00,razorpay ,PENDING,2267.34,15.39,INR,2026-07-10 00:00:00
PAY000007126,ORD00000966,2026-06-28 14:00:00,PayU,success,1077.19,28.36,INR,2026-06-28 14:00:00
PAY000007127,ORD00004789,2026-08-25 14:00:00,PayU,success,771.01,20.07,INR,2026-08-25 14:00:00
PAY000007128,ORD00007055,2026-06-16 22:00:00,razorpay ,PENDING,1763.35,8.09,INR,2026-06-16 22:00:00
PAY000007129,ORD00003085,2026-07-05 22:00:00,Cashfree,success,365.81,4.49,INR,2026-07-05 22:00:00
PAY000007130,ORD00011359,2026-05-05 07:00:00,Stripe,success,1225.4,18.77,INR,2026-05-05 07:00:00
PAY000007131,ORD00010331,2026-04-29 03:00:00,Stripe,success,359.61,28.22,INR,2026-04-29 03:00:00
PAY000007132,ORD00005078,2026-08-27 21:00:00,Stripe,PENDING,449.36,33.18,inr,2026-08-27 21:00:00
PAY000007133,ORD00005937,2026-08-06 05:00:00,Cashfree,success,681.59,7.82,INR,2026-08-06 05:00:00
PAY000007134,ORD00004741,2026-01-18 10:00:00,Razorpay,PENDING,779.43,25.91,INR,2026-01-18 10:00:00
PAY000007135,ORD00010251,2026-01-09 13:00:00,Stripe,success,647.22,5.2,inr,2026-01-09 13:00:00
PAY000007136,ORD00001154,2026-07-22 20:00:00,Cashfree,success,1406.86,33.17,inr,2026-07-22 20:00:00
PAY000007137,ORD00009075,2026-01-22 21:00:00,PayU,success,3241.66,17.02,INR,2026-01-22 21:00:00
PAY000007138,ORD00003848,2026-02-12 09:00:00,Stripe,success,571.84,23.7,INR,2026-02-12 09:00:00
PAY000007139,ORD00006825,2026-03-16 23:00:00,Stripe,success,800.65,6.19,inr,2026-03-16 23:00:00
PAY000007140,ORD00010425,2026-08-11 15:00:00,Stripe,success,935.32,12.92,INR,2026-08-11 15:00:00
PAY000007141,ORD00004902,2026-02-26 13:00:00,Razorpay,success,684.71,3.79,INR,2026-02-26 13:00:00
PAY000007142,ORD00010884,2026-01-24 17:00:00,Razorpay,PENDING,748.81,26.17,INR,2026-01-24 17:00:00
PAY000007143,ORD00009573,2026-02-10 12:00:00,Stripe,success,3875.29,26.9,inr,2026-02-10 12:00:00
PAY000007144,ORD00005724,2026-02-15 22:00:00,Stripe,success,738.51,29.57,INR,2026-02-15 22:00:00
PAY000007145,ORD00001305,2026-03-06 19:00:00,razorpay ,success,838.59,12.79,inr,2026-03-06 19:00:00
PAY000007146,ORD00006110,2026-05-30 22:00:00,Stripe,PENDING,1343.61,6.05,inr,2026-05-30 22:00:00
PAY000007147,ORD00007871,2026-03-20 08:00:00,Razorpay,success,602.63,18.53,INR,2026-03-20 08:00:00
PAY000007148,ORD00000806,2026-06-22 05:00:00,Cashfree,success,322.14,19.7,INR,2026-06-22 05:00:00
PAY000007149,ORD00007771,2026-08-26 16:00:00,razorpay ,Failed,1048.56,15.09,inr,2026-08-26 16:00:00
PAY000007150,ORD00008553,2026-01-21 15:00:00,Razorpay,success,980.64,29.98,INR,2026-01-21 15:00:00
PAY000007151,ORD00006406,2026-05-10 08:00:00,PayU,success,492.64,27.56,INR,2026-05-10 08:00:00
PAY000007152,ORD00001723,2026-05-01 23:00:00,razorpay ,PENDING,2390.63,8.09,INR,2026-05-01 23:00:00
PAY000007153,ORD00000965,2026-03-07 13:00:00,Cashfree,success,1647.56,8.43,INR,2026-03-07 13:00:00
PAY000007154,ORD00010992,2026-01-26 05:00:00,razorpay ,success,1037.56,26.55,INR,2026-01-26 05:00:00
PAY000007155,ORD00000090,2026-05-27 19:00:00,Razorpay,REFUNDED,1036.39,18.71,INR,2026-05-27 19:00:00
PAY000007156,ORD00004831,2026-05-06 06:00:00,Stripe,success,1338.4,18.19,INR,2026-05-06 06:00:00
PAY000007157,ORD00002278,2026-06-13 00:00:00,PayU,success,254.99,8.63,INR,2026-06-13 00:00:00
PAY000007158,ORD00010108,2026-03-09 14:00:00,Cashfree,success,1085.27,32.99,INR,2026-03-09 14:00:00
PAY000007159,ORD00000945,2026-04-02 17:00:00,razorpay ,success,856.81,21.09,inr,2026-04-02 17:00:00
PAY000007160,ORD00010342,2026-08-28 07:00:00,razorpay ,PENDING,497.55,13.12,inr,2026-08-28 07:00:00
PAY000007161,ORD00006077,2026-02-21 21:00:00,Razorpay,success,1594.63,2.22,INR,2026-02-21 21:00:00
PAY000007162,ORD00004707,2026-02-22 08:00:00,Razorpay,success,2659.56,16.98,INR,2026-02-22 08:00:00
PAY000007163,ORD00007299,2026-01-31 01:00:00,razorpay ,success,767.64,29.87,INR,2026-01-31 01:00:00
PAY000007164,ORD00002070,2026-02-14 16:00:00,Razorpay,success,3104.56,24.78,INR,2026-02-14 16:00:00
PAY000007165,ORD00003809,2026-01-26 17:00:00,Stripe,PENDING,1146.72,12.84,INR,2026-01-26 17:00:00
PAY000007166,ORD00002644,2026-08-22 18:00:00,Cashfree,success,1103.54,33.6,INR,2026-08-22 18:00:00
PAY000007167,ORD00004641,2026-01-01 05:00:00,razorpay ,PENDING,975.55,7.6,Rs,2026-01-01 05:00:00
PAY000007168,ORD00005614,2026-04-16 10:00:00,Razorpay,success,712.33,10.05,INR,2026-04-16 10:00:00
PAY000007169,ORD00007195,2026-08-10 10:00:00,Cashfree,success,388.51,18.77,INR,2026-08-10 10:00:00
PAY000007170,ORD00005976,2026-06-30 23:00:00,razorpay ,Failed,2546.7,6.74,INR,2026-06-30 23:00:00
PAY000007171,ORD00009705,2026-06-03 07:00:00,Stripe,Failed,1964.1,24.64,INR,2026-06-03 07:00:00
PAY000007172,ORD00010003,2026-05-06 14:00:00,PayU,success,489.58,27.95,INR,2026-05-06 14:00:00
PAY000007173,ORD00000832,2026-05-17 09:00:00,Stripe,success,2077.51,18.29,INR,2026-05-17 09:00:00
PAY000007174,ORD00006843,2026-02-02 01:00:00,PayU,success,591.76,24.38,INR,2026-02-02 01:00:00
PAY000007175,ORD00011548,2026-01-30 20:00:00,Razorpay,success,786.61,13.48,INR,2026-01-30 20:00:00
PAY000007176,ORD00007509,2026-01-20 18:00:00,PayU,success,2059.48,6.56,inr,2026-01-20 18:00:00
PAY000007177,ORD00004075,2026-07-11 07:00:00,Razorpay,success,2062.09,28.59,INR,2026-07-11 07:00:00
PAY000007178,ORD00000486,2026-07-23 20:00:00,Stripe,success,4147.74,7.86,INR,2026-07-23 20:00:00
PAY000007179,ORD00009842,2026-07-13 16:00:00,PayU,success,1945.53,16.86,INR,2026-07-13 16:00:00
PAY000007180,ORD00005208,2026-02-03 21:00:00,razorpay ,success,613.41,4.51,INR,2026-02-03 21:00:00
PAY000007181,ORD00008434,2026-01-07 08:00:00,Razorpay,REFUNDED,1723.36,25.95,INR,2026-01-07 08:00:00
PAY000007182,ORD00005906,2026-07-24 09:00:00,PayU,success,1370.24,20.66,inr,2026-07-24 09:00:00
PAY000007183,ORD00001541,2026-04-04 21:00:00,razorpay ,success,1571.41,34.45,INR,2026-04-04 21:00:00
PAY000007184,ORD00004858,2026-07-20 10:00:00,,Failed,762.26,34.73,INR,2026-07-20 10:00:00
PAY000007185,ORD00005643,2026-07-26 04:00:00,Cashfree,success,1114.13,26.27,inr,2026-07-26 04:00:00
PAY000007186,ORD00006739,2026-06-26 21:00:00,Stripe,Failed,994.43,27.58,INR,2026-06-26 21:00:00
PAY000007187,ORD00002937,2026-05-10 21:00:00,Stripe,success,1014.4,14.42,inr,2026-05-10 21:00:00
PAY000007188,ORD00010753,2026-02-04 19:00:00,Cashfree,Failed,1249.69,28.11,INR,2026-02-04 19:00:00
PAY000007189,ORD00004695,2026-01-02 21:00:00,Cashfree,success,727.71,4.5,inr,2026-01-02 21:00:00
PAY000007190,ORD00006815,2026-02-25 20:00:00,Stripe,REFUNDED,1755.48,3.73,INR,2026-02-25 20:00:00
PAY000007191,ORD00008115,2026-04-21 01:00:00,razorpay ,success,828.56,12.63,INR,2026-04-21 01:00:00
PAY000007192,ORD00002003,2026-05-11 23:00:00,Stripe,success,358.73,15.32,INR,2026-05-11 23:00:00
PAY000007193,ORD00008568,2026-02-16 03:00:00,Cashfree,PENDING,1733.82,10.98,INR,2026-02-16 03:00:00
PAY000007194,ORD00001914,2026-07-16 00:00:00,Cashfree,success,514.67,4.02,INR,2026-07-16 00:00:00
PAY000007195,ORD00007413,2026-05-14 03:00:00,Stripe,Failed,2096.5,34.46,INR,2026-05-14 03:00:00
PAY000007196,ORD00001317,2026-03-29 01:00:00,Stripe,Failed,548.37,34.58,inr,2026-03-29 01:00:00
PAY000007197,ORD00000435,2026-03-20 16:00:00,PayU,success,1079.82,20.09,inr,2026-03-20 16:00:00
PAY000007198,ORD00009031,2026-02-26 01:00:00,PayU,Failed,807.06,18.76,INR,2026-02-26 01:00:00
PAY000007199,ORD00000838,2026-01-12 22:00:00,Razorpay,success,7328.35,22.73,INR,2026-01-12 22:00:00
PAY000007200,ORD00002473,2026-06-19 23:00:00,Razorpay,success,928.31,29.02,INR,2026-06-19 23:00:00
PAY000007201,ORD00006756,2026-05-17 13:00:00,Razorpay,PENDING,926.79,4.83,INR,2026-05-17 13:00:00
PAY000007202,ORD00006399,2026-04-25 08:00:00,razorpay ,REFUNDED,1310.05,10.44,INR,2026-04-25 08:00:00
PAY000007203,ORD00010812,2026-08-09 09:00:00,Stripe,success,1330.48,24.58,INR,2026-08-09 09:00:00
PAY000007204,ORD00007935,2026-01-05 01:00:00,Cashfree,success,1204.2,12.81,INR,2026-01-05 01:00:00
PAY000007205,ORD00003257,2026-03-23 16:00:00,Razorpay,success,393.84,30.23,INR,2026-03-23 16:00:00
PAY000007206,ORD00006309,2026-01-04 16:00:00,Stripe,success,461.77,28.4,INR,2026-01-04 16:00:00
PAY000007207,ORD00010127,2026-07-18 17:00:00,Cashfree,Failed,279.49,34.11,INR,2026-07-18 17:00:00
PAY000007208,ORD00000160,2026-07-19 07:00:00,Cashfree,success,347.66,31.45,inr,2026-07-19 07:00:00
PAY000007209,ORD00002566,2026-02-10 01:00:00,Razorpay,Failed,799.41,5.3,INR,2026-02-10 01:00:00
PAY000007210,ORD00010221,2026-08-03 22:00:00,Razorpay,PENDING,1954.18,3.45,INR,2026-08-03 22:00:00
PAY000007211,ORD00004482,2026-03-03 18:00:00,Cashfree,REFUNDED,1124.53,22.6,Rs,2026-03-03 18:00:00
PAY000007212,ORD00005446,2026-04-26 00:00:00,PayU,REFUNDED,1457.6,17.48,INR,2026-04-26 00:00:00
PAY000007213,ORD00002970,2026-01-23 22:00:00,PayU,success,1712.89,17.24,INR,2026-01-23 22:00:00
PAY000007214,ORD00005831,2026-07-30 17:00:00,razorpay ,success,382.24,11.68,Rs,2026-07-30 17:00:00
PAY000007215,ORD00006393,2026-06-04 20:00:00,PayU,success,329.06,29.41,INR,2026-06-04 20:00:00
PAY000007216,ORD00008501,2026-07-01 17:00:00,razorpay ,success,1390.68,32.82,INR,2026-07-01 17:00:00
PAY000007217,ORD00001795,2026-08-22 18:00:00,Stripe,success,7801.6,17.48,INR,2026-08-22 18:00:00
PAY000007218,ORD00007560,2026-08-05 16:00:00,Razorpay,success,612.07,31.3,INR,2026-08-05 16:00:00
PAY000007219,ORD00004364,2026-04-12 13:00:00,Cashfree,success,2061.39,30.77,INR,2026-04-12 13:00:00
PAY000007220,ORD00008241,2026-01-31 10:00:00,Cashfree,success,445.89,23.73,INR,2026-01-31 10:00:00
PAY000007221,ORD00009775,2026-07-31 15:00:00,PayU,REFUNDED,343.63,9.98,inr,2026-07-31 15:00:00
PAY000007222,ORD00001753,2026-06-12 01:00:00,Stripe,success,3440.82,31.04,INR,2026-06-12 01:00:00
PAY000007223,ORD00004684,2026-01-28 21:00:00,PayU,success,808.27,21.85,INR,2026-01-28 21:00:00
PAY000007224,ORD00002714,2026-08-01 20:00:00,Stripe,success,526.42,33.07,inr,2026-08-01 20:00:00
PAY000007225,ORD00005559,2026-06-10 03:00:00,Cashfree,success,1025.09,14.71,INR,2026-06-10 03:00:00
PAY000007226,ORD00010752,2026-02-07 03:00:00,Stripe,success,1114.84,29.49,INR,2026-02-07 03:00:00
PAY000007227,ORD00009342,2026-05-18 09:00:00,razorpay ,success,663.23,22.42,INR,2026-05-18 09:00:00
PAY000007228,ORD00008644,2026-05-21 19:00:00,PayU,success,929.78,31.37,INR,2026-05-21 19:00:00
PAY000007229,ORD00008722,2026-07-14 22:00:00,Stripe,success,1132.59,25.74,INR,2026-07-14 22:00:00
PAY000007230,ORD00002892,2026-05-31 04:00:00,Razorpay,success,2592.97,33.72,INR,2026-05-31 04:00:00
PAY000007231,ORD00007555,2026-04-05 20:00:00,Razorpay,Failed,1315.13,20.79,INR,2026-04-05 20:00:00
PAY000007232,ORD00004669,2026-07-13 17:00:00,PayU,PENDING,2312.35,12.42,INR,2026-07-13 17:00:00
PAY000007233,ORD00011627,2026-08-25 08:00:00,PayU,success,5577.1,10.89,inr,2026-08-25 08:00:00
PAY000007234,ORD00004659,2026-01-20 01:00:00,razorpay ,success,645.22,24.82,INR,2026-01-20 01:00:00
PAY000007235,ORD00000395,2026-08-23 18:00:00,Cashfree,success,2830.49,8.4,INR,2026-08-23 18:00:00
PAY000007236,ORD00002902,2026-03-30 17:00:00,PayU,REFUNDED,685.77,21.3,INR,2026-03-30 17:00:00
PAY000007237,ORD00004229,2026-04-01 20:00:00,razorpay ,success,768.06,24.6,INR,2026-04-01 20:00:00
PAY000007238,ORD00004813,2026-05-05 20:00:00,razorpay ,success,1295.27,19.36,INR,2026-05-05 20:00:00
PAY000007239,ORD00010412,2026-01-17 05:00:00,razorpay ,success,439.96,8.03,INR,2026-01-17 05:00:00
PAY000007240,ORD00000401,2026-02-10 18:00:00,razorpay ,success,1690.37,27.19,INR,2026-02-10 18:00:00
PAY000007241,ORD00009357,2026-07-26 18:00:00,razorpay ,success,813.87,6.21,INR,2026-07-26 18:00:00
PAY000007242,ORD00001459,2026-06-11 00:00:00,Razorpay,success,549.4,18.3,Rs,2026-06-11 00:00:00
PAY000007243,ORD00011741,2026-01-03 18:00:00,Cashfree,success,1071.46,21.57,INR,2026-01-03 18:00:00
PAY000007244,ORD00001843,2026-08-05 05:00:00,Cashfree,success,2190.98,29.31,INR,2026-08-05 05:00:00
PAY000007245,ORD00006728,2026-07-27 17:00:00,Razorpay,success,1166.98,17.39,INR,2026-07-27 17:00:00
PAY000007246,ORD00011588,2026-01-17 18:00:00,razorpay ,success,878.45,20.91,INR,2026-01-17 18:00:00
PAY000007247,ORD00005277,2026-06-20 05:00:00,Stripe,success,463.76,34.76,INR,2026-06-20 05:00:00
PAY000007248,ORD00004811,2026-02-06 04:00:00,Cashfree,PENDING,731.08,21.56,INR,2026-02-06 04:00:00
PAY000007249,ORD00011552,2026-07-09 17:00:00,Stripe,success,1281.35,16.54,INR,2026-07-09 17:00:00
PAY000007250,ORD00011631,2026-08-03 18:00:00,Stripe,success,1943.92,29.01,INR,2026-08-03 18:00:00
PAY000007251,ORD00005527,2026-03-02 10:00:00,Stripe,success,1978.97,14.62,inr,2026-03-02 10:00:00
PAY000007252,ORD00009641,2026-07-05 01:00:00,Stripe,success,1691.26,22.38,inr,2026-07-05 01:00:00
PAY000007253,ORD00002778,2026-08-27 03:00:00,Stripe,success,812.51,20.58,INR,2026-08-27 03:00:00
PAY000007254,ORD00006971,2026-01-09 20:00:00,Stripe,success,555.62,9.12,INR,2026-01-09 20:00:00
PAY000007255,ORD00009106,2026-04-23 00:00:00,Stripe,success,406.55,7.4,INR,2026-04-23 00:00:00
PAY000007256,ORD00002063,2026-04-17 02:00:00,Razorpay,success,910.17,21.48,INR,2026-04-17 02:00:00
PAY000007257,ORD00009477,2026-08-20 20:00:00,Cashfree,success,557.63,5.15,INR,2026-08-20 20:00:00
PAY000007258,ORD00002601,2026-04-19 22:00:00,PayU,success,3673.71,2.62,INR,2026-04-19 22:00:00
PAY000007259,ORD00006850,2026-03-31 23:00:00,PayU,success,1110.93,7.48,INR,2026-03-31 23:00:00
PAY000007260,ORD00010431,2026-03-17 18:00:00,razorpay ,success,1162.8,3.96,INR,2026-03-17 18:00:00
PAY000007261,ORD00009773,2026-05-07 05:00:00,Cashfree,Failed,1572.88,12.47,INR,2026-05-07 05:00:00
PAY000007262,ORD00007675,2026-06-01 03:00:00,razorpay ,Failed,637.07,3.3,inr,2026-06-01 03:00:00
PAY000007263,ORD00003305,2026-07-04 21:00:00,PayU,Failed,1745.29,22.36,INR,2026-07-04 21:00:00
PAY000007264,ORD00005126,2026-05-04 23:00:00,razorpay ,success,1152.41,24.58,INR,2026-05-04 23:00:00
PAY000007265,ORD00006755,2026-04-20 22:00:00,PayU,success,2381.79,20.14,INR,2026-04-20 22:00:00
PAY000007266,ORD00008875,2026-06-11 21:00:00,razorpay ,success,3871.55,3.8,INR,2026-06-11 21:00:00
PAY000007267,ORD00011755,2026-01-17 03:00:00,Cashfree,success,573.17,26.47,INR,2026-01-17 03:00:00
PAY000007268,ORD00006109,2026-02-03 23:00:00,razorpay ,success,742.16,7.9,INR,2026-02-03 23:00:00
PAY000007269,ORD00002344,2026-04-07 23:00:00,Stripe,success,1006.21,2.48,INR,2026-04-07 23:00:00
PAY000007270,ORD00002981,2026-02-13 12:00:00,PayU,success,827.28,32.18,INR,2026-02-13 12:00:00
PAY000007271,ORD00002512,2026-08-10 14:00:00,Cashfree,Failed,271.17,13.34,inr,2026-08-10 14:00:00
PAY000007272,ORD00003670,2026-05-05 04:00:00,PayU,Failed,1303.96,27.62,INR,2026-05-05 04:00:00
PAY000007273,ORD00006942,2026-04-11 16:00:00,Stripe,success,705.43,23.27,INR,2026-04-11 16:00:00
PAY000007274,ORD00010131,2026-02-04 17:00:00,PayU,success,774.64,7.24,INR,2026-02-04 17:00:00
PAY000007275,ORD00011710,2026-05-21 18:00:00,Stripe,success,739.05,6.37,INR,2026-05-21 18:00:00
PAY000007276,ORD00002341,2026-04-27 14:00:00,Razorpay,Failed,613.43,32.19,inr,2026-04-27 14:00:00
PAY000007277,ORD00004776,2026-03-12 11:00:00,Cashfree,success,791.06,14.98,INR,2026-03-12 11:00:00
PAY000007278,ORD00000007,2026-01-01 03:00:00,Razorpay,success,1699.55,18.3,INR,2026-01-01 03:00:00
PAY000007279,ORD00011609,2026-04-29 05:00:00,PayU,success,881.88,24.11,INR,2026-04-29 05:00:00
PAY000007280,ORD00007554,2026-03-02 10:00:00,Razorpay,success,1083.64,24.5,INR,2026-03-02 10:00:00
PAY000007281,ORD00002189,2026-02-13 10:00:00,Stripe,success,949.03,6.23,INR,2026-02-13 10:00:00
PAY000007282,ORD00002146,2026-02-19 17:00:00,Cashfree,success,1319.1,28.12,inr,2026-02-19 17:00:00
PAY000007283,ORD00008012,2026-01-13 10:00:00,Stripe,success,938.09,9.54,inr,2026-01-13 10:00:00
PAY000007284,ORD00003100,2026-01-31 20:00:00,Cashfree,success,1535.56,7.85,INR,2026-01-31 20:00:00
PAY000007285,ORD00002067,2026-01-19 18:00:00,Cashfree,Failed,1559.48,10.27,INR,2026-01-19 18:00:00
PAY000007286,ORD00003230,2026-08-17 04:00:00,razorpay ,success,1181.35,33.62,Rs,2026-08-17 04:00:00
PAY000007287,ORD00000363,2026-06-18 12:00:00,Stripe,success,661.68,2.99,INR,2026-06-18 12:00:00
PAY000007288,ORD00000083,2026-05-10 07:00:00,razorpay ,success,1292.8,3.66,INR,2026-05-10 07:00:00
PAY000007289,ORD00006561,2026-04-15 18:00:00,Razorpay,success,848.77,4.28,INR,2026-04-15 18:00:00
PAY000007290,ORD00004033,2026-08-23 08:00:00,Cashfree,success,1192.28,6.34,INR,2026-08-23 08:00:00
PAY000007291,ORD00009854,2026-05-09 02:00:00,razorpay ,success,998.33,7.7,INR,2026-05-09 02:00:00
PAY000007292,ORD00006687,2026-01-06 04:00:00,razorpay ,success,2107.66,14.76,INR,2026-01-06 04:00:00
PAY000007293,ORD00010114,2026-01-14 23:00:00,,success,1928.1,27.96,INR,2026-01-14 23:00:00
PAY000007294,ORD00009591,2026-02-13 21:00:00,Cashfree,success,2663.24,6.72,INR,2026-02-13 21:00:00
PAY000007295,ORD00003592,2026-02-02 21:00:00,Stripe,success,402.77,21.0,INR,2026-02-02 21:00:00
PAY000007296,ORD00001524,2026-06-01 15:00:00,PayU,success,548.87,2.2,Rs,2026-06-01 15:00:00
PAY000007297,ORD00009989,2026-02-17 07:00:00,Stripe,success,1248.29,23.18,INR,2026-02-17 07:00:00
PAY000007298,ORD00007862,2026-04-28 04:00:00,Razorpay,success,1957.98,7.2,INR,2026-04-28 04:00:00
PAY000007299,ORD00009095,2026-04-22 11:00:00,razorpay ,success,944.27,11.78,INR,2026-04-22 11:00:00
PAY000007300,ORD00003710,2026-01-18 21:00:00,Razorpay,success,1078.98,27.32,INR,2026-01-18 21:00:00
PAY000007301,ORD00000837,2026-01-13 07:00:00,Cashfree,success,2785.42,33.53,INR,2026-01-13 07:00:00
PAY000007302,ORD00008049,2026-08-21 19:00:00,razorpay ,REFUNDED,1255.36,31.39,INR,2026-08-21 19:00:00
PAY000007303,ORD00004390,2026-03-09 01:00:00,PayU,success,858.19,22.12,INR,2026-03-09 01:00:00
PAY000007304,ORD00005008,2026-07-07 11:00:00,Razorpay,success,1138.71,25.09,INR,2026-07-07 11:00:00
PAY000007305,ORD00009490,2026-08-20 18:00:00,Razorpay,success,889.82,25.98,INR,2026-08-20 18:00:00
PAY000007306,ORD00009981,2026-01-25 02:00:00,razorpay ,success,675.48,25.59,INR,2026-01-25 02:00:00
PAY000007307,ORD00004682,2026-04-22 19:00:00,Razorpay,success,404.05,20.55,INR,2026-04-22 19:00:00
PAY000007308,ORD00003539,2026-02-20 20:00:00,Razorpay,PENDING,953.3,32.59,INR,2026-02-20 20:00:00
PAY000007309,ORD00002762,2026-02-22 22:00:00,Stripe,success,2158.28,2.89,INR,2026-02-22 22:00:00
PAY000007310,ORD00010915,2026-04-18 08:00:00,Stripe,success,637.56,4.61,INR,2026-04-18 08:00:00
PAY000007311,ORD00011952,2026-08-08 02:00:00,Cashfree,success,1622.69,34.29,INR,2026-08-08 02:00:00
PAY000007312,ORD00008096,2026-03-03 00:00:00,Razorpay,success,646.36,16.69,INR,2026-03-03 00:00:00
PAY000007313,ORD00006325,2026-06-09 06:00:00,Stripe,Failed,1504.56,15.95,INR,2026-06-09 06:00:00
PAY000007314,ORD00000290,2026-04-15 17:00:00,Cashfree,success,1203.1,23.75,inr,2026-04-15 17:00:00
PAY000007315,ORD00006692,2026-03-09 05:00:00,PayU,success,853.62,29.53,inr,2026-03-09 05:00:00
PAY000007316,ORD00000128,2026-03-08 12:00:00,razorpay ,success,1627.84,7.64,INR,2026-03-08 12:00:00
PAY000007317,ORD00004181,2026-01-14 04:00:00,razorpay ,success,2327.3,12.13,INR,2026-01-14 04:00:00
PAY000007318,ORD00003454,2026-03-28 02:00:00,Razorpay,success,878.86,25.59,INR,2026-03-28 02:00:00
PAY000007319,ORD00004244,2026-06-27 05:00:00,Cashfree,success,302.37,15.49,INR,2026-06-27 05:00:00
PAY000007320,ORD00006155,2026-06-23 01:00:00,Razorpay,success,815.38,34.62,INR,2026-06-23 01:00:00
PAY000007321,ORD00009996,2026-02-17 00:00:00,razorpay ,success,1753.79,16.43,inr,2026-02-17 00:00:00
PAY000007322,ORD00004168,2026-02-16 22:00:00,Cashfree,success,670.27,9.54,INR,2026-02-16 22:00:00
PAY000007323,ORD00005499,2026-05-06 17:00:00,Cashfree,REFUNDED,1693.98,23.72,inr,2026-05-06 17:00:00
PAY000007324,ORD00001491,2026-02-16 04:00:00,Razorpay,success,455.62,24.96,INR,2026-02-16 04:00:00
PAY000007325,ORD00004215,2026-04-18 09:00:00,PayU,success,2859.34,4.3,INR,2026-04-18 09:00:00
PAY000007326,ORD00001186,2026-01-27 05:00:00,razorpay ,success,602.16,28.57,Rs,2026-01-27 05:00:00
PAY000007327,ORD00006530,2026-06-03 10:00:00,Razorpay,success,741.42,28.32,INR,2026-06-03 10:00:00
PAY000007328,ORD00008577,2026-08-14 02:00:00,Razorpay,success,356.51,6.38,INR,2026-08-14 02:00:00
PAY000007329,ORD00009295,2026-01-14 21:00:00,razorpay ,PENDING,1293.95,7.67,INR,2026-01-14 21:00:00
PAY000007330,ORD00007394,2026-03-23 06:00:00,razorpay ,success,483.73,24.14,INR,2026-03-23 06:00:00
PAY000007331,ORD00004507,2026-01-07 20:00:00,PayU,success,1653.14,8.4,INR,2026-01-07 20:00:00
PAY000007332,ORD00006401,2026-03-13 14:00:00,PayU,REFUNDED,617.64,29.59,inr,2026-03-13 14:00:00
PAY000007333,ORD00009129,2026-07-08 00:00:00,Stripe,success,807.38,31.46,INR,2026-07-08 00:00:00
PAY000007334,ORD00006261,2026-06-27 07:00:00,Stripe,success,2008.89,8.37,INR,2026-06-27 07:00:00
PAY000007335,ORD00001758,2026-05-08 22:00:00,razorpay ,success,739.93,30.33,inr,2026-05-08 22:00:00
PAY000007336,ORD00011156,2026-07-22 01:00:00,Razorpay,success,2106.8,18.52,INR,2026-07-22 01:00:00
PAY000007337,ORD00007687,2026-01-08 00:00:00,Razorpay,success,536.33,20.11,INR,2026-01-08 00:00:00
PAY000007338,ORD00005446,2026-07-09 01:00:00,Stripe,success,537.37,8.77,INR,2026-07-09 01:00:00
PAY000007339,ORD00003625,2026-04-26 22:00:00,PayU,success,712.91,27.83,INR,2026-04-26 22:00:00
PAY000007340,ORD00004316,2026-05-09 16:00:00,razorpay ,success,772.48,6.69,INR,2026-05-09 16:00:00
PAY000007341,ORD00007829,2026-02-02 05:00:00,razorpay ,success,3920.16,6.8,INR,2026-02-02 05:00:00
PAY000007342,ORD00007962,2026-05-14 13:00:00,PayU,Failed,574.01,5.43,INR,2026-05-14 13:00:00
PAY000007343,ORD00002818,2026-05-18 11:00:00,Razorpay,success,600.13,9.22,INR,2026-05-18 11:00:00
PAY000007344,ORD00004717,2026-02-19 12:00:00,Cashfree,success,995.73,11.48,INR,2026-02-19 12:00:00
PAY000007345,ORD00007503,2026-04-22 04:00:00,Razorpay,success,1782.51,15.79,INR,2026-04-22 04:00:00
PAY000007346,ORD00008728,2026-01-29 00:00:00,Stripe,success,1296.16,12.38,INR,2026-01-29 00:00:00
PAY000007347,ORD00003417,2026-01-09 21:00:00,Stripe,success,791.36,29.31,INR,2026-01-09 21:00:00
PAY000007348,ORD00007240,2026-03-20 07:00:00,Razorpay,success,1152.8,34.42,INR,2026-03-20 07:00:00
PAY000007349,ORD00002196,2026-07-08 20:00:00,Cashfree,success,975.65,15.82,INR,2026-07-08 20:00:00
PAY000007350,ORD00003533,2026-06-12 05:00:00,Stripe,success,3959.38,26.08,INR,2026-06-12 05:00:00
PAY000007351,ORD00010691,2026-02-28 22:00:00,Razorpay,PENDING,1468.66,26.13,INR,2026-02-28 22:00:00
PAY000007352,ORD00004947,2026-04-18 09:00:00,Cashfree,success,1017.64,33.09,inr,2026-04-18 09:00:00
PAY000007353,ORD00009882,2026-06-24 21:00:00,Cashfree,success,1025.51,30.12,Rs,2026-06-24 21:00:00
PAY000007354,ORD00010433,2026-07-27 05:00:00,Cashfree,Failed,1249.71,19.21,INR,2026-07-27 05:00:00
PAY000007355,ORD00010192,2026-07-03 19:00:00,Razorpay,success,3456.38,9.53,INR,2026-07-03 19:00:00
PAY000007356,ORD00003255,2026-04-06 17:00:00,Cashfree,success,1266.3,25.07,Rs,2026-04-06 17:00:00
PAY000007357,ORD00011002,2026-01-14 22:00:00,Cashfree,success,426.69,32.84,INR,2026-01-14 22:00:00
PAY000007358,ORD00009785,2026-04-19 12:00:00,razorpay ,PENDING,1764.28,10.59,INR,2026-04-19 12:00:00
PAY000007359,ORD00003306,2026-03-03 05:00:00,Stripe,success,1549.14,26.35,INR,2026-03-03 05:00:00
PAY000007360,ORD00009946,2026-06-14 04:00:00,razorpay ,success,1942.53,3.07,INR,2026-06-14 04:00:00
PAY000007361,ORD00002535,2026-04-23 19:00:00,Cashfree,success,616.15,12.03,INR,2026-04-23 19:00:00
PAY000007362,ORD00009297,2026-04-21 02:00:00,Razorpay,success,160.72,4.44,Rs,2026-04-21 02:00:00
PAY000007363,ORD00006924,2026-02-23 15:00:00,razorpay ,success,520.3,27.7,Rs,2026-02-23 15:00:00
PAY000007364,ORD00007356,2026-02-14 07:00:00,PayU,success,1508.22,26.49,INR,2026-02-14 07:00:00
PAY000007365,ORD00002770,2026-07-06 20:00:00,Razorpay,success,851.58,15.47,INR,2026-07-06 20:00:00
PAY000007366,ORD00009969,2026-02-25 00:00:00,Stripe,success,851.82,26.98,INR,2026-02-25 00:00:00
PAY000007367,ORD00008403,2026-08-05 20:00:00,Stripe,success,1152.15,8.25,INR,2026-08-05 20:00:00
PAY000007368,ORD00010443,2026-07-15 21:00:00,Cashfree,success,724.62,22.33,inr,2026-07-15 21:00:00
PAY000007369,ORD00005685,2026-05-28 20:00:00,Stripe,success,431.31,3.77,INR,2026-05-28 20:00:00
PAY000007370,ORD00006454,2026-05-06 13:00:00,PayU,success,1637.35,21.76,INR,2026-05-06 13:00:00
PAY000007371,ORD00007971,2026-05-04 20:00:00,Razorpay,success,1615.52,10.71,INR,2026-05-04 20:00:00
PAY000007372,ORD00000340,2026-06-06 20:00:00,Razorpay,success,436.88,7.04,INR,2026-06-06 20:00:00
PAY000007373,ORD00004129,2026-08-18 12:00:00,Stripe,success,1582.52,15.83,INR,2026-08-18 12:00:00
PAY000007374,ORD00000692,2026-06-28 19:00:00,PayU,success,7678.44,18.81,INR,2026-06-28 19:00:00
PAY000007375,ORD00005155,2026-01-19 03:00:00,razorpay ,success,1521.74,19.14,INR,2026-01-19 03:00:00
PAY000007376,ORD00005977,2026-06-22 09:00:00,Razorpay,success,2220.91,20.06,inr,2026-06-22 09:00:00
PAY000007377,ORD00006111,2026-04-19 04:00:00,Stripe,success,827.08,26.03,INR,2026-04-19 04:00:00
PAY000007378,ORD00003029,2026-04-07 13:00:00,Stripe,success,1964.96,13.54,INR,2026-04-07 13:00:00
PAY000007379,ORD00008123,2026-05-09 18:00:00,razorpay ,Failed,843.02,25.66,INR,2026-05-09 18:00:00
PAY000007380,ORD00005179,2026-05-31 18:00:00,PayU,REFUNDED,910.5,32.47,inr,2026-05-31 18:00:00
PAY000007381,ORD00011750,2026-02-09 02:00:00,Stripe,success,946.52,16.62,INR,2026-02-09 02:00:00
PAY000007382,ORD00008679,2026-07-26 22:00:00,razorpay ,REFUNDED,2370.83,4.87,INR,2026-07-26 22:00:00
PAY000007383,ORD00008527,2026-07-07 11:00:00,razorpay ,success,1159.56,10.36,INR,2026-07-07 11:00:00
PAY000007384,ORD00000340,2026-08-16 05:00:00,Stripe,success,956.32,20.39,INR,2026-08-16 05:00:00
PAY000007385,ORD00005339,2026-07-15 14:00:00,PayU,success,758.57,23.14,INR,2026-07-15 14:00:00
PAY000007386,ORD00005692,2026-03-30 23:00:00,Cashfree,REFUNDED,1224.4,11.71,inr,2026-03-30 23:00:00
PAY000007387,ORD00009105,2026-02-27 15:00:00,Stripe,success,965.41,15.7,INR,2026-02-27 15:00:00
PAY000007388,ORD00011561,2026-03-07 14:00:00,Cashfree,success,2084.03,5.74,INR,2026-03-07 14:00:00
PAY000007389,ORD00006303,2026-01-02 08:00:00,razorpay ,success,522.9,8.11,INR,2026-01-02 08:00:00
PAY000007390,ORD00004073,2026-06-06 02:00:00,Razorpay,success,766.9,19.12,INR,2026-06-06 02:00:00
PAY000007391,ORD00000259,2026-07-08 16:00:00,Cashfree,success,1088.09,32.8,INR,2026-07-08 16:00:00
PAY000007392,ORD00000325,2026-05-29 09:00:00,Razorpay,success,655.34,9.44,INR,2026-05-29 09:00:00
PAY000007393,ORD00007029,2026-06-01 01:00:00,Cashfree,success,1506.09,32.36,INR,2026-06-01 01:00:00
PAY000007394,ORD00008944,2026-01-26 08:00:00,PayU,success,850.27,12.42,INR,2026-01-26 08:00:00
PAY000007395,ORD00005117,2026-04-27 18:00:00,Stripe,success,1004.08,22.98,inr,2026-04-27 18:00:00
PAY000007396,ORD00005105,2026-06-14 21:00:00,Cashfree,success,378.76,5.4,INR,2026-06-14 21:00:00
PAY000007397,ORD00006103,2026-01-26 17:00:00,razorpay ,success,1535.22,11.14,INR,2026-01-26 17:00:00
PAY000007398,ORD00006285,2026-05-07 17:00:00,Stripe,success,1745.84,31.57,INR,2026-05-07 17:00:00
PAY000007399,ORD00006430,2026-05-04 00:00:00,Stripe,PENDING,507.4,27.47,inr,2026-05-04 00:00:00
PAY000007400,ORD00011125,2026-08-16 10:00:00,PayU,Failed,2952.05,34.04,INR,2026-08-16 10:00:00
PAY000007401,ORD00009635,2026-04-02 05:00:00,Cashfree,success,2212.48,12.4,INR,2026-04-02 05:00:00
PAY000007402,ORD00006651,2026-08-19 09:00:00,Razorpay,success,914.7,11.4,INR,2026-08-19 09:00:00
PAY000007403,ORD00009746,2026-08-22 18:00:00,Stripe,success,5687.41,21.59,INR,2026-08-22 18:00:00
PAY000007404,ORD00003493,2026-08-12 16:00:00,Stripe,success,1212.95,23.22,INR,2026-08-12 16:00:00
PAY000007405,ORD00005510,2026-04-08 23:00:00,Razorpay,success,632.24,13.94,INR,2026-04-08 23:00:00
PAY000007406,ORD00004393,2026-05-30 09:00:00,Stripe,success,468.64,5.37,INR,2026-05-30 09:00:00
PAY000007407,ORD00009477,2026-02-22 03:00:00,PayU,success,1024.48,17.06,INR,2026-02-22 03:00:00
PAY000007408,ORD00010286,2026-04-22 17:00:00,Cashfree,PENDING,2812.84,18.41,INR,2026-04-22 17:00:00
PAY000007409,ORD00002738,2026-03-06 10:00:00,Stripe,success,1953.42,23.26,INR,2026-03-06 10:00:00
PAY000007410,ORD00004486,2026-08-27 05:00:00,Cashfree,success,535.02,6.0,INR,2026-08-27 05:00:00
PAY000007411,ORD00000576,2026-06-28 11:00:00,Stripe,success,1604.23,9.37,INR,2026-06-28 11:00:00
PAY000007412,ORD00008809,2026-01-01 17:00:00,PayU,Failed,2753.12,4.45,INR,2026-01-01 17:00:00
PAY000007413,ORD00005660,2026-07-24 16:00:00,Stripe,PENDING,1491.59,6.29,INR,2026-07-24 16:00:00
PAY000007414,ORD00011815,2026-04-14 02:00:00,razorpay ,success,227.2,29.84,INR,2026-04-14 02:00:00
PAY000007415,ORD00011020,2026-03-02 08:00:00,Stripe,PENDING,1269.41,13.04,INR,2026-03-02 08:00:00
PAY000007416,ORD00005180,2026-01-14 01:00:00,PayU,success,1259.44,26.91,INR,2026-01-14 01:00:00
PAY000007417,ORD00007917,2026-06-12 11:00:00,razorpay ,success,474.47,31.33,INR,2026-06-12 11:00:00
PAY000007418,ORD00009506,2026-08-26 04:00:00,Cashfree,success,847.89,3.3,INR,2026-08-26 04:00:00
PAY000007419,ORD00011826,2026-02-09 06:00:00,Razorpay,success,965.72,34.05,INR,2026-02-09 06:00:00
PAY000007420,ORD00008235,2026-08-13 00:00:00,PayU,success,332.15,12.69,INR,2026-08-13 00:00:00
PAY000007421,ORD00005073,2026-03-13 00:00:00,Cashfree,success,2272.83,29.68,INR,2026-03-13 00:00:00
PAY000007422,ORD00005654,2026-07-09 18:00:00,Razorpay,success,2006.62,5.88,INR,2026-07-09 18:00:00
PAY000007423,ORD00001987,2026-08-14 18:00:00,PayU,success,612.01,33.78,INR,2026-08-14 18:00:00
PAY000007424,ORD00006731,2026-05-26 11:00:00,razorpay ,REFUNDED,1068.55,20.29,INR,2026-05-26 11:00:00
PAY000007425,ORD00008482,2026-04-07 08:00:00,Stripe,success,2365.55,19.28,INR,2026-04-07 08:00:00
PAY000007426,ORD00003114,2026-04-26 05:00:00,Cashfree,success,1305.06,24.61,INR,2026-04-26 05:00:00
PAY000007427,ORD00011724,2026-05-13 12:00:00,Stripe,success,1504.87,7.55,INR,2026-05-13 12:00:00
PAY000007428,ORD00011091,2026-08-13 03:00:00,Cashfree,success,1436.61,24.68,INR,2026-08-13 03:00:00
PAY000007429,ORD00011660,2026-05-20 08:00:00,Cashfree,success,1252.86,24.04,INR,2026-05-20 08:00:00
PAY000007430,ORD00004926,2026-07-10 11:00:00,Stripe,success,1319.74,13.06,INR,2026-07-10 11:00:00
PAY000007431,ORD00002276,2026-07-25 22:00:00,PayU,success,775.42,32.15,INR,2026-07-25 22:00:00
PAY000007432,ORD00004749,2026-07-06 18:00:00,razorpay ,success,376.49,8.24,INR,2026-07-06 18:00:00
PAY000007433,ORD00010428,2026-04-23 03:00:00,Razorpay,success,1841.02,6.82,inr,2026-04-23 03:00:00
PAY000007434,ORD00008575,2026-01-18 12:00:00,Stripe,success,730.6,13.33,INR,2026-01-18 12:00:00
PAY000007435,ORD00000435,2026-05-29 23:00:00,razorpay ,REFUNDED,2697.52,4.45,INR,2026-05-29 23:00:00
PAY000007436,ORD00004252,2026-03-19 02:00:00,PayU,success,743.55,4.19,INR,2026-03-19 02:00:00
PAY000007437,ORD00010463,2026-04-28 06:00:00,Cashfree,success,1964.33,19.34,INR,2026-04-28 06:00:00
PAY000007438,ORD00007684,2026-08-23 02:00:00,Cashfree,success,1521.04,12.8,INR,2026-08-23 02:00:00
PAY000007439,ORD00005443,2026-01-05 06:00:00,PayU,success,1082.52,3.31,INR,2026-01-05 06:00:00
PAY000007440,ORD00007520,2026-03-21 19:00:00,Stripe,success,817.4,15.92,INR,2026-03-21 19:00:00
PAY000007441,ORD00008228,2026-02-07 15:00:00,Cashfree,success,603.12,32.97,INR,2026-02-07 15:00:00
PAY000007442,ORD00009503,2026-07-06 07:00:00,PayU,success,857.02,29.48,INR,2026-07-06 07:00:00
PAY000007443,ORD00006957,2026-05-20 12:00:00,PayU,success,680.22,11.84,INR,2026-05-20 12:00:00
PAY000007444,ORD00004315,2026-05-23 00:00:00,Cashfree,success,1855.84,6.0,INR,2026-05-23 00:00:00
PAY000007445,ORD00011034,2026-01-09 22:00:00,Razorpay,REFUNDED,346.36,29.73,Rs,2026-01-09 22:00:00
PAY000007446,ORD00007101,2026-03-21 19:00:00,Stripe,success,589.92,21.0,INR,2026-03-21 19:00:00
PAY000007447,ORD00010967,2026-06-23 01:00:00,Cashfree,success,1332.75,33.06,INR,2026-06-23 01:00:00
PAY000007448,ORD00011882,2026-08-17 20:00:00,Razorpay,success,826.61,16.6,INR,2026-08-17 20:00:00
PAY000007449,ORD00010410,2026-02-06 15:00:00,Cashfree,success,927.98,7.65,INR,2026-02-06 15:00:00
PAY000007450,ORD00007562,2026-02-22 02:00:00,razorpay ,Failed,1888.11,26.35,INR,2026-02-22 02:00:00
PAY000007451,ORD00011303,2026-01-19 22:00:00,PayU,success,2312.38,22.78,INR,2026-01-19 22:00:00
PAY000007452,ORD00005789,2026-06-16 00:00:00,Cashfree,success,427.75,18.16,INR,2026-06-16 00:00:00
PAY000007453,ORD00005805,2026-02-27 12:00:00,Cashfree,success,478.28,20.03,INR,2026-02-27 12:00:00
PAY000007454,ORD00002048,2026-04-19 19:00:00,Stripe,success,731.6,3.52,INR,2026-04-19 19:00:00
PAY000007455,ORD00008831,2026-02-10 15:00:00,razorpay ,success,939.45,17.71,INR,2026-02-10 15:00:00
PAY000007456,ORD00006696,2026-03-25 10:00:00,Razorpay,success,1962.63,32.51,INR,2026-03-25 10:00:00
PAY000007457,ORD00000953,2026-02-26 18:00:00,Stripe,success,3789.93,22.5,INR,2026-02-26 18:00:00
PAY000007458,ORD00011802,2026-05-14 21:00:00,razorpay ,success,960.47,20.04,INR,2026-05-14 21:00:00
PAY000007459,ORD00001502,2026-04-12 03:00:00,Cashfree,success,932.77,34.24,INR,2026-04-12 03:00:00
PAY000007460,ORD00008868,2026-02-27 13:00:00,Cashfree,success,1098.22,16.24,INR,2026-02-27 13:00:00
PAY000007461,ORD00008589,2026-06-20 12:00:00,Cashfree,success,1495.88,31.56,INR,2026-06-20 12:00:00
PAY000007462,ORD00006888,2026-07-12 13:00:00,Razorpay,success,1881.07,10.24,INR,2026-07-12 13:00:00
PAY000007463,ORD00000387,2026-01-14 00:00:00,razorpay ,REFUNDED,1208.65,19.17,INR,2026-01-14 00:00:00
PAY000007464,ORD00006990,2026-07-07 05:00:00,Cashfree,success,458.17,4.4,INR,2026-07-07 05:00:00
PAY000007465,ORD00006709,2026-08-10 00:00:00,Stripe,success,3888.33,19.68,INR,2026-08-10 00:00:00
PAY000007466,ORD00001755,2026-04-30 22:00:00,razorpay ,success,1756.35,25.57,INR,2026-04-30 22:00:00
PAY000007467,ORD00003275,2026-01-14 22:00:00,PayU,success,2847.12,12.31,Rs,2026-01-14 22:00:00
PAY000007468,ORD00004863,2026-02-27 05:00:00,Cashfree,REFUNDED,594.41,2.91,INR,2026-02-27 05:00:00
PAY000007469,ORD00010646,2026-03-14 21:00:00,razorpay ,success,2001.08,11.56,INR,2026-03-14 21:00:00
PAY000007470,ORD00009522,2026-03-23 19:00:00,Stripe,success,1940.91,23.5,INR,2026-03-23 19:00:00
PAY000007471,ORD00006125,2026-06-18 03:00:00,,success,717.52,7.34,inr,2026-06-18 03:00:00
PAY000007472,ORD00000014,2026-05-22 04:00:00,Stripe,success,331.35,9.57,INR,2026-05-22 04:00:00
PAY000007473,ORD00002810,2026-08-23 12:00:00,Razorpay,success,2270.83,22.49,INR,2026-08-23 12:00:00
PAY000007474,ORD00006118,2026-05-25 10:00:00,razorpay ,success,675.37,8.31,INR,2026-05-25 10:00:00
PAY000007475,ORD00003936,2026-06-29 02:00:00,razorpay ,success,2976.49,15.48,inr,2026-06-29 02:00:00
PAY000007476,ORD00011679,2026-04-25 02:00:00,razorpay ,PENDING,1809.13,10.33,inr,2026-04-25 02:00:00
PAY000007477,ORD00005707,2026-07-22 15:00:00,razorpay ,success,1167.46,13.76,INR,2026-07-22 15:00:00
PAY000007478,ORD00004318,2026-03-29 07:00:00,Stripe,success,606.9,2.54,Rs,2026-03-29 07:00:00
PAY000007479,ORD00008978,2026-06-25 10:00:00,Cashfree,success,801.35,2.01,INR,2026-06-25 10:00:00
PAY000007480,ORD00003884,2026-03-03 20:00:00,Razorpay,Failed,1343.9,26.6,INR,2026-03-03 20:00:00
PAY000007481,ORD00003853,2026-06-26 09:00:00,Stripe,success,1080.56,21.06,INR,2026-06-26 09:00:00
PAY000007482,ORD00006818,2026-01-26 08:00:00,razorpay ,success,1282.77,4.75,INR,2026-01-26 08:00:00
PAY000007483,ORD00006684,2026-03-10 20:00:00,Stripe,success,1304.43,9.37,inr,2026-03-10 20:00:00
PAY000007484,ORD00007252,2026-05-05 10:00:00,PayU,success,349.19,10.51,INR,2026-05-05 10:00:00
PAY000007485,ORD00009050,2026-05-29 00:00:00,Stripe,success,635.09,12.24,INR,2026-05-29 00:00:00
PAY000007486,ORD00007261,2026-07-13 22:00:00,Stripe,success,287.09,34.4,inr,2026-07-13 22:00:00
PAY000007487,ORD00004362,2026-07-04 06:00:00,PayU,success,505.7,11.36,inr,2026-07-04 06:00:00
PAY000007488,ORD00009691,2026-01-25 05:00:00,Cashfree,Failed,915.93,24.93,INR,2026-01-25 05:00:00
PAY000007489,ORD00005050,2026-03-28 03:00:00,razorpay ,success,2533.84,3.18,INR,2026-03-28 03:00:00
PAY000007490,ORD00007589,2026-01-05 05:00:00,Razorpay,success,1033.26,18.15,Rs,2026-01-05 05:00:00
PAY000007491,ORD00007307,2026-01-17 04:00:00,Stripe,PENDING,1879.66,27.7,inr,2026-01-17 04:00:00
PAY000007492,ORD00009188,2026-08-02 07:00:00,PayU,REFUNDED,874.48,10.64,INR,2026-08-02 07:00:00
PAY000007493,ORD00005327,2026-04-29 03:00:00,PayU,success,810.09,14.07,INR,2026-04-29 03:00:00
PAY000007494,ORD00000973,2026-07-19 01:00:00,razorpay ,success,232.29,27.91,INR,2026-07-19 01:00:00
PAY000007495,ORD00008574,2026-06-23 16:00:00,Cashfree,success,1612.01,23.57,INR,2026-06-23 16:00:00
PAY000007496,ORD00003169,2026-06-30 17:00:00,razorpay ,success,2539.03,15.35,INR,2026-06-30 17:00:00
PAY000007497,ORD00006702,2026-06-21 03:00:00,Razorpay,success,847.31,16.35,INR,2026-06-21 03:00:00
PAY000007498,ORD00007712,2026-06-08 14:00:00,razorpay ,success,1218.99,13.97,INR,2026-06-08 14:00:00
PAY000007499,ORD00009424,2026-05-01 16:00:00,Razorpay,REFUNDED,329.26,22.14,INR,2026-05-01 16:00:00
PAY000007500,ORD00010704,2026-08-26 11:00:00,PayU,success,1020.19,2.01,INR,2026-08-26 11:00:00
PAY000007501,ORD00005197,2026-02-27 16:00:00,razorpay ,success,629.59,16.96,INR,2026-02-27 16:00:00
PAY000007502,ORD00008470,2026-06-11 23:00:00,Razorpay,success,3137.91,20.69,INR,2026-06-11 23:00:00
PAY000007503,ORD00009779,2026-05-05 05:00:00,Stripe,success,342.21,26.45,INR,2026-05-05 05:00:00
PAY000007504,ORD00005695,2026-08-15 20:00:00,razorpay ,success,1867.37,4.97,INR,2026-08-15 20:00:00
PAY000007505,ORD00007914,2026-07-16 23:00:00,Stripe,success,1871.21,25.23,INR,2026-07-16 23:00:00
PAY000007506,ORD00007056,2026-01-10 09:00:00,Stripe,Failed,1425.62,6.79,inr,2026-01-10 09:00:00
PAY000007507,ORD00005324,2026-08-08 09:00:00,Stripe,success,809.37,12.13,INR,2026-08-08 09:00:00
PAY000007508,ORD00010640,2026-05-13 08:00:00,razorpay ,success,283.98,5.34,INR,2026-05-13 08:00:00
PAY000007509,ORD00000403,2026-08-14 18:00:00,Stripe,success,1552.47,13.17,INR,2026-08-14 18:00:00
PAY000007510,ORD00010898,2026-07-27 12:00:00,Cashfree,success,1201.39,30.55,INR,2026-07-27 12:00:00
PAY000007511,ORD00008358,2026-01-08 19:00:00,PayU,success,683.92,15.19,INR,2026-01-08 19:00:00
PAY000007512,ORD00006871,2026-05-22 22:00:00,razorpay ,success,517.66,24.78,inr,2026-05-22 22:00:00
PAY000007513,ORD00008913,2026-06-07 18:00:00,Cashfree,success,1606.39,10.35,Rs,2026-06-07 18:00:00
PAY000007514,ORD00006349,2026-02-06 16:00:00,Cashfree,Failed,302.63,9.78,INR,2026-02-06 16:00:00
PAY000007515,ORD00008222,2026-07-14 12:00:00,razorpay ,success,3049.83,2.96,Rs,2026-07-14 12:00:00
PAY000007516,ORD00011942,2026-01-19 12:00:00,PayU,success,1618.21,33.02,inr,2026-01-19 12:00:00
PAY000007517,ORD00005779,2026-04-13 00:00:00,Razorpay,success,700.52,29.39,INR,2026-04-13 00:00:00
PAY000007518,ORD00009629,2026-06-03 10:00:00,Cashfree,PENDING,1506.29,24.01,INR,2026-06-03 10:00:00
PAY000007519,ORD00002597,2026-06-06 19:00:00,PayU,success,3183.92,14.98,INR,2026-06-06 19:00:00
PAY000007520,ORD00001886,2026-02-08 02:00:00,PayU,REFUNDED,1525.72,32.7,inr,2026-02-08 02:00:00
PAY000007521,ORD00004648,2026-03-17 23:00:00,Cashfree,success,1107.44,12.94,INR,2026-03-17 23:00:00
PAY000007522,ORD00005585,2026-01-31 22:00:00,razorpay ,success,791.62,27.05,INR,2026-01-31 22:00:00
PAY000007523,ORD00005424,2026-02-09 16:00:00,Cashfree,success,762.14,28.63,INR,2026-02-09 16:00:00
PAY000007524,ORD00009745,2026-04-11 06:00:00,Cashfree,success,934.01,12.58,INR,2026-04-11 06:00:00
PAY000007525,ORD00005248,2026-02-28 21:00:00,Razorpay,success,2092.68,11.39,INR,2026-02-28 21:00:00
PAY000007526,ORD00010312,2026-08-06 17:00:00,razorpay ,Failed,571.77,8.45,inr,2026-08-06 17:00:00
PAY000007527,ORD00007062,2026-06-03 21:00:00,razorpay ,success,969.02,17.3,Rs,2026-06-03 21:00:00
PAY000007528,ORD00005244,2026-04-17 07:00:00,Razorpay,success,455.47,15.72,INR,2026-04-17 07:00:00
PAY000007529,ORD00004610,2026-01-28 09:00:00,Razorpay,success,2232.17,31.57,INR,2026-01-28 09:00:00
PAY000007530,ORD00011764,2026-07-08 04:00:00,PayU,success,2767.08,30.58,INR,2026-07-08 04:00:00
PAY000007531,ORD00005305,2026-03-21 06:00:00,razorpay ,success,1684.11,25.81,INR,2026-03-21 06:00:00
PAY000007532,ORD00001064,2026-05-23 06:00:00,Stripe,success,1940.44,21.76,INR,2026-05-23 06:00:00
PAY000007533,ORD00007384,2026-06-11 10:00:00,PayU,success,540.65,8.85,INR,2026-06-11 10:00:00
PAY000007534,ORD00007452,2026-07-01 09:00:00,PayU,REFUNDED,1316.06,18.16,INR,2026-07-01 09:00:00
PAY000007535,ORD00001018,2026-01-25 11:00:00,Stripe,success,539.28,17.58,INR,2026-01-25 11:00:00
PAY000007536,ORD00000473,2026-03-28 20:00:00,PayU,success,685.47,18.9,INR,2026-03-28 20:00:00
PAY000007537,ORD00002733,2026-05-29 20:00:00,PayU,success,551.8,2.11,INR,2026-05-29 20:00:00
PAY000007538,ORD00006033,2026-05-22 05:00:00,Razorpay,success,396.48,11.4,INR,2026-05-22 05:00:00
PAY000007539,ORD00006910,2026-01-21 21:00:00,Razorpay,success,567.43,30.27,INR,2026-01-21 21:00:00
PAY000007540,ORD00005572,2026-07-08 03:00:00,Stripe,success,4427.73,32.37,INR,2026-07-08 03:00:00
PAY000007541,ORD00002801,2026-06-06 08:00:00,Cashfree,Failed,3292.45,9.73,INR,2026-06-06 08:00:00
PAY000007542,ORD00007723,2026-02-13 12:00:00,Razorpay,REFUNDED,1396.85,25.4,INR,2026-02-13 12:00:00
PAY000007543,ORD00011688,2026-03-13 18:00:00,PayU,success,591.17,7.6,Rs,2026-03-13 18:00:00
PAY000007544,ORD00006657,2026-07-02 14:00:00,PayU,success,1197.14,33.25,INR,2026-07-02 14:00:00
PAY000007545,ORD00000528,2026-06-20 22:00:00,PayU,success,541.15,18.23,INR,2026-06-20 22:00:00
PAY000007546,ORD00003804,2026-01-29 19:00:00,PayU,Failed,936.76,27.34,INR,2026-01-29 19:00:00
PAY000007547,ORD00010837,2026-06-19 19:00:00,Razorpay,Failed,902.65,14.36,INR,2026-06-19 19:00:00
PAY000007548,ORD00005620,2026-08-20 18:00:00,PayU,Failed,2935.37,33.12,INR,2026-08-20 18:00:00
PAY000007549,ORD00007580,2026-04-16 03:00:00,Stripe,REFUNDED,645.17,17.68,INR,2026-04-16 03:00:00
PAY000007550,ORD00000248,2026-02-22 04:00:00,Stripe,PENDING,1084.47,5.61,INR,2026-02-22 04:00:00
PAY000007551,ORD00005854,2026-07-31 22:00:00,PayU,success,1001.19,4.15,INR,2026-07-31 22:00:00
PAY000007552,ORD00010878,2026-07-16 09:00:00,Cashfree,success,1270.82,15.59,INR,2026-07-16 09:00:00
PAY000007553,ORD00000899,2026-05-23 12:00:00,Razorpay,success,1469.1,29.71,inr,2026-05-23 12:00:00
PAY000007554,ORD00007552,2026-02-04 02:00:00,PayU,success,2932.73,24.74,INR,2026-02-04 02:00:00
PAY000007555,ORD00000679,2026-07-04 06:00:00,,success,713.05,13.71,Rs,2026-07-04 06:00:00
PAY000007556,ORD00008484,2026-01-03 04:00:00,Stripe,success,361.47,22.36,INR,2026-01-03 04:00:00
PAY000007557,ORD00009062,2026-06-08 00:00:00,Razorpay,success,1322.42,8.38,INR,2026-06-08 00:00:00
PAY000007558,ORD00000393,2026-04-23 15:00:00,razorpay ,success,926.81,16.57,INR,2026-04-23 15:00:00
PAY000007559,ORD00007132,2026-04-29 13:00:00,PayU,success,630.97,13.24,INR,2026-04-29 13:00:00
PAY000007560,ORD00003315,2026-03-08 23:00:00,razorpay ,success,983.74,22.65,INR,2026-03-08 23:00:00
PAY000007561,ORD00008819,2026-06-30 15:00:00,PayU,success,463.71,17.0,INR,2026-06-30 15:00:00
PAY000007562,ORD00006190,2026-05-04 03:00:00,Cashfree,success,529.55,28.67,INR,2026-05-04 03:00:00
PAY000007563,ORD00008412,2026-01-31 12:00:00,PayU,success,828.33,31.81,INR,2026-01-31 12:00:00
PAY000007564,ORD00006306,2026-01-08 01:00:00,Cashfree,Failed,1294.55,3.93,inr,2026-01-08 01:00:00
PAY000007565,ORD00005838,2026-05-17 01:00:00,Stripe,success,387.68,22.48,INR,2026-05-17 01:00:00
PAY000007566,ORD00010058,2026-02-16 13:00:00,Razorpay,success,2176.31,14.44,INR,2026-02-16 13:00:00
PAY000007567,ORD00004418,2026-02-22 03:00:00,Razorpay,success,1354.77,3.48,INR,2026-02-22 03:00:00
PAY000007568,ORD00008818,2026-07-31 22:00:00,razorpay ,Failed,437.59,34.33,INR,2026-07-31 22:00:00
PAY000007569,ORD00010667,2026-08-21 20:00:00,razorpay ,PENDING,807.95,10.61,INR,2026-08-21 20:00:00
PAY000007570,ORD00010824,2026-06-14 17:00:00,Cashfree,success,2139.95,20.61,INR,2026-06-14 17:00:00
PAY000007571,ORD00007217,2026-04-28 19:00:00,razorpay ,Failed,704.38,2.27,inr,2026-04-28 19:00:00
PAY000007572,ORD00011370,2026-05-13 00:00:00,PayU,success,2907.86,14.51,INR,2026-05-13 00:00:00
PAY000007573,ORD00006325,2026-05-10 16:00:00,PayU,Failed,516.22,19.99,INR,2026-05-10 16:00:00
PAY000007574,ORD00008665,2026-07-02 08:00:00,Cashfree,Failed,202.86,21.98,INR,2026-07-02 08:00:00
PAY000007575,ORD00002879,2026-08-26 15:00:00,Stripe,success,1969.63,18.3,INR,2026-08-26 15:00:00
PAY000007576,ORD00000073,2026-05-16 11:00:00,Cashfree,Failed,2033.98,18.25,INR,2026-05-16 11:00:00
PAY000007577,ORD00008455,2026-04-30 08:00:00,Stripe,success,902.87,4.51,INR,2026-04-30 08:00:00
PAY000007578,ORD00005652,2026-03-25 09:00:00,Cashfree,success,1565.25,4.94,INR,2026-03-25 09:00:00
PAY000007579,ORD00008708,2026-04-06 23:00:00,PayU,Failed,2501.4,15.96,INR,2026-04-06 23:00:00
PAY000007580,ORD00008866,2026-01-24 03:00:00,razorpay ,REFUNDED,555.89,19.72,Rs,2026-01-24 03:00:00
PAY000007581,ORD00006736,2026-06-02 05:00:00,Cashfree,success,576.44,19.41,INR,2026-06-02 05:00:00
PAY000007582,ORD00007581,2026-06-28 11:00:00,Razorpay,success,816.1,27.8,inr,2026-06-28 11:00:00
PAY000007583,ORD00003449,2026-05-01 12:00:00,Razorpay,success,314.77,19.91,INR,2026-05-01 12:00:00
PAY000007584,ORD00007003,2026-02-03 19:00:00,PayU,success,370.28,12.29,INR,2026-02-03 19:00:00
PAY000007585,ORD00003407,2026-08-16 22:00:00,Stripe,PENDING,614.56,11.52,INR,2026-08-16 22:00:00
PAY000007586,ORD00008025,2026-07-04 00:00:00,Cashfree,success,1038.09,23.5,INR,2026-07-04 00:00:00
PAY000007587,ORD00009386,2026-01-03 22:00:00,Razorpay,success,696.48,20.86,INR,2026-01-03 22:00:00
PAY000007588,ORD00009893,2026-03-15 13:00:00,Cashfree,success,977.54,15.52,INR,2026-03-15 13:00:00
PAY000007589,ORD00004793,2026-02-20 13:00:00,Razorpay,success,892.66,6.05,INR,2026-02-20 13:00:00
PAY000007590,ORD00008634,2026-05-02 23:00:00,Stripe,success,1247.37,14.82,INR,2026-05-02 23:00:00
PAY000007591,ORD00010796,2026-04-28 17:00:00,PayU,PENDING,1738.13,26.07,INR,2026-04-28 17:00:00
PAY000007592,ORD00005289,2026-03-27 14:00:00,Cashfree,success,708.54,17.79,INR,2026-03-27 14:00:00
PAY000007593,ORD00003731,2026-08-12 08:00:00,Cashfree,success,1362.7,18.4,INR,2026-08-12 08:00:00
PAY000007594,ORD00009311,2026-06-06 08:00:00,Razorpay,success,1341.55,24.53,INR,2026-06-06 08:00:00
PAY000007595,ORD00002234,2026-07-26 16:00:00,Stripe,success,967.23,16.72,INR,2026-07-26 16:00:00
PAY000007596,ORD00004978,2026-07-11 16:00:00,Razorpay,success,4679.39,13.33,inr,2026-07-11 16:00:00
PAY000007597,ORD00009435,2026-07-15 18:00:00,Razorpay,success,2218.23,31.48,INR,2026-07-15 18:00:00
PAY000007598,ORD00003652,2026-06-01 19:00:00,Razorpay,success,2259.95,9.69,inr,2026-06-01 19:00:00
PAY000007599,ORD00004423,2026-08-02 02:00:00,Razorpay,REFUNDED,438.13,20.93,INR,2026-08-02 02:00:00
PAY000007600,ORD00008612,2026-02-18 21:00:00,Stripe,Failed,514.22,12.07,INR,2026-02-18 21:00:00
PAY000007601,ORD00002628,2026-06-11 08:00:00,Stripe,Failed,1625.59,9.17,INR,2026-06-11 08:00:00
PAY000007602,ORD00003847,2026-07-28 23:00:00,Razorpay,success,521.16,27.12,INR,2026-07-28 23:00:00
PAY000007603,ORD00005868,2026-03-25 10:00:00,Cashfree,success,477.7,6.65,INR,2026-03-25 10:00:00
PAY000007604,ORD00001362,2026-04-16 09:00:00,PayU,success,3355.23,26.03,INR,2026-04-16 09:00:00
PAY000007605,ORD00005673,2026-02-09 11:00:00,Stripe,success,1139.7,25.09,INR,2026-02-09 11:00:00
PAY000007606,ORD00001211,2026-05-10 06:00:00,razorpay ,success,1017.02,17.93,INR,2026-05-10 06:00:00
PAY000007607,ORD00009120,2026-02-22 02:00:00,PayU,success,2118.4,19.71,INR,2026-02-22 02:00:00
PAY000007608,ORD00001633,2026-06-02 12:00:00,razorpay ,success,2120.71,33.18,INR,2026-06-02 12:00:00
PAY000007609,ORD00002505,2026-02-22 13:00:00,Razorpay,success,3957.29,4.03,INR,2026-02-22 13:00:00
PAY000007610,ORD00000279,2026-02-01 03:00:00,PayU,PENDING,2166.53,16.41,INR,2026-02-01 03:00:00
PAY000007611,ORD00010570,2026-08-26 16:00:00,Razorpay,REFUNDED,428.74,19.72,INR,2026-08-26 16:00:00
PAY000007612,ORD00000011,2026-07-29 16:00:00,Cashfree,success,1939.09,22.54,INR,2026-07-29 16:00:00
PAY000007613,ORD00001464,2026-08-06 20:00:00,Razorpay,success,1575.3,3.31,INR,2026-08-06 20:00:00
PAY000007614,ORD00008327,2026-04-27 20:00:00,razorpay ,success,1039.64,4.7,INR,2026-04-27 20:00:00
PAY000007615,ORD00004437,2026-03-30 19:00:00,Razorpay,success,1477.68,28.31,INR,2026-03-30 19:00:00
PAY000007616,ORD00007536,2026-07-26 03:00:00,razorpay ,success,904.37,28.29,INR,2026-07-26 03:00:00
PAY000007617,ORD00006280,2026-07-22 02:00:00,Cashfree,Failed,662.52,32.48,INR,2026-07-22 02:00:00
PAY000007618,ORD00003848,2026-05-16 20:00:00,PayU,REFUNDED,235.63,21.74,INR,2026-05-16 20:00:00
PAY000007619,ORD00002779,2026-02-14 17:00:00,Razorpay,success,542.79,30.14,inr,2026-02-14 17:00:00
PAY000007620,ORD00004178,2026-07-18 01:00:00,PayU,success,3740.62,26.52,inr,2026-07-18 01:00:00
PAY000007621,ORD00003529,2026-06-16 11:00:00,razorpay ,success,828.39,19.06,INR,2026-06-16 11:00:00
PAY000007622,ORD00011073,2026-05-01 18:00:00,Cashfree,success,997.79,24.16,INR,2026-05-01 18:00:00
PAY000007623,ORD00000449,2026-05-31 06:00:00,razorpay ,PENDING,1358.62,21.13,INR,2026-05-31 06:00:00
PAY000007624,ORD00008469,2026-03-04 10:00:00,Razorpay,success,280.59,16.27,INR,2026-03-04 10:00:00
PAY000007625,ORD00000977,2026-04-07 22:00:00,razorpay ,success,572.74,17.39,INR,2026-04-07 22:00:00
PAY000007626,ORD00007730,2026-04-21 09:00:00,razorpay ,success,1584.7,11.39,INR,2026-04-21 09:00:00
PAY000007627,ORD00005744,2026-08-27 09:00:00,Cashfree,success,554.64,31.4,INR,2026-08-27 09:00:00
PAY000007628,ORD00008374,2026-03-18 20:00:00,Stripe,success,1873.56,3.19,inr,2026-03-18 20:00:00
PAY000007629,ORD00001848,2026-06-13 09:00:00,razorpay ,success,1122.16,16.76,inr,2026-06-13 09:00:00
PAY000007630,ORD00002303,2026-03-15 11:00:00,Cashfree,success,1955.78,20.81,INR,2026-03-15 11:00:00
PAY000007631,ORD00006510,2026-06-02 01:00:00,Cashfree,success,1323.67,24.18,INR,2026-06-02 01:00:00
PAY000007632,ORD00008621,2026-03-29 17:00:00,PayU,success,753.93,14.74,INR,2026-03-29 17:00:00
PAY000007633,ORD00011158,2026-04-04 20:00:00,razorpay ,success,597.47,19.41,INR,2026-04-04 20:00:00
PAY000007634,ORD00002895,2026-02-17 12:00:00,Razorpay,success,1959.83,32.68,INR,2026-02-17 12:00:00
PAY000007635,ORD00003756,2026-06-28 06:00:00,razorpay ,Failed,1638.35,22.07,Rs,2026-06-28 06:00:00
PAY000007636,ORD00001336,2026-06-14 17:00:00,Stripe,success,487.9,2.87,INR,2026-06-14 17:00:00
PAY000007637,ORD00008495,2026-06-09 08:00:00,Razorpay,PENDING,767.85,6.05,inr,2026-06-09 08:00:00
PAY000007638,ORD00010754,2026-01-30 21:00:00,Cashfree,success,1037.21,7.74,INR,2026-01-30 21:00:00
PAY000007639,ORD00004050,2026-03-20 10:00:00,PayU,PENDING,820.39,7.27,INR,2026-03-20 10:00:00
PAY000007640,ORD00007894,2026-04-12 22:00:00,Cashfree,success,729.14,22.77,INR,2026-04-12 22:00:00
PAY000007641,ORD00007392,2026-08-24 05:00:00,razorpay ,REFUNDED,1498.93,30.08,INR,2026-08-24 05:00:00
PAY000007642,ORD00004460,2026-08-11 04:00:00,Stripe,success,1281.3,14.95,inr,2026-08-11 04:00:00
PAY000007643,ORD00004277,2026-03-08 04:00:00,Cashfree,success,3386.56,25.55,INR,2026-03-08 04:00:00
PAY000007644,ORD00007137,2026-04-01 18:00:00,Razorpay,Failed,1744.07,13.39,INR,2026-04-01 18:00:00
PAY000007645,ORD00001740,2026-04-15 14:00:00,Cashfree,success,1072.68,23.26,INR,2026-04-15 14:00:00
PAY000007646,ORD00004590,2026-04-05 00:00:00,Cashfree,REFUNDED,394.42,34.69,INR,2026-04-05 00:00:00
PAY000007647,ORD00001779,2026-08-06 22:00:00,Stripe,success,441.0,7.23,INR,2026-08-06 22:00:00
PAY000007648,ORD00009779,2026-03-27 03:00:00,Stripe,PENDING,1384.68,31.41,inr,2026-03-27 03:00:00
PAY000007649,ORD00004988,2026-05-24 13:00:00,,Failed,745.22,15.97,inr,2026-05-24 13:00:00
PAY000007650,ORD00005463,2026-05-24 20:00:00,Cashfree,success,4553.92,10.84,INR,2026-05-24 20:00:00
PAY000007651,ORD00003877,2026-01-08 13:00:00,razorpay ,success,628.71,9.11,INR,2026-01-08 13:00:00
PAY000007652,ORD00003516,2026-03-07 23:00:00,Cashfree,success,772.9,16.27,INR,2026-03-07 23:00:00
PAY000007653,ORD00002658,2026-01-21 16:00:00,Cashfree,success,949.62,16.22,INR,2026-01-21 16:00:00
PAY000007654,ORD00005593,2026-04-02 20:00:00,Razorpay,success,304.88,26.95,INR,2026-04-02 20:00:00
PAY000007655,ORD00008800,2026-02-04 13:00:00,Razorpay,success,1100.77,19.55,inr,2026-02-04 13:00:00
PAY000007656,ORD00007985,2026-05-23 20:00:00,Stripe,success,476.72,17.2,INR,2026-05-23 20:00:00
PAY000007657,ORD00011915,2026-06-22 13:00:00,PayU,success,756.39,12.33,INR,2026-06-22 13:00:00
PAY000007658,ORD00011741,2026-03-17 23:00:00,Razorpay,success,1822.28,27.42,inr,2026-03-17 23:00:00
PAY000007659,ORD00006411,2026-02-17 17:00:00,Stripe,success,766.14,6.73,INR,2026-02-17 17:00:00
PAY000007660,ORD00008160,2026-07-04 22:00:00,Razorpay,success,670.98,2.05,INR,2026-07-04 22:00:00
PAY000007661,ORD00001543,2026-06-21 09:00:00,razorpay ,success,294.68,22.4,INR,2026-06-21 09:00:00
PAY000007662,ORD00006520,2026-06-25 20:00:00,PayU,success,1681.31,5.21,INR,2026-06-25 20:00:00
PAY000007663,ORD00005027,2026-06-17 00:00:00,razorpay ,success,806.09,13.3,INR,2026-06-17 00:00:00
PAY000007664,ORD00011410,2026-06-16 06:00:00,Razorpay,success,925.82,9.26,INR,2026-06-16 06:00:00
PAY000007665,ORD00009413,2026-05-15 23:00:00,Razorpay,Failed,362.04,25.42,INR,2026-05-15 23:00:00
PAY000007666,ORD00007885,2026-06-26 21:00:00,Cashfree,success,1185.02,31.85,Rs,2026-06-26 21:00:00
PAY000007667,ORD00004899,2026-02-03 06:00:00,Cashfree,PENDING,1100.86,34.72,INR,2026-02-03 06:00:00
PAY000007668,ORD00005926,2026-01-03 21:00:00,PayU,success,4440.29,6.68,INR,2026-01-03 21:00:00
PAY000007669,ORD00003884,2026-06-29 00:00:00,Razorpay,Failed,1879.97,12.47,INR,2026-06-29 00:00:00
PAY000007670,ORD00011425,2026-07-07 08:00:00,Cashfree,Failed,2411.17,3.67,INR,2026-07-07 08:00:00
PAY000007671,ORD00003818,2026-07-04 03:00:00,PayU,success,1186.15,7.91,INR,2026-07-04 03:00:00
PAY000007672,ORD00010873,2026-04-07 13:00:00,Razorpay,success,2208.33,22.95,INR,2026-04-07 13:00:00
PAY000007673,ORD00009431,2026-06-21 01:00:00,Stripe,REFUNDED,1698.23,2.07,INR,2026-06-21 01:00:00
PAY000007674,ORD00001823,2026-08-12 14:00:00,PayU,success,2378.92,12.76,INR,2026-08-12 14:00:00
PAY000007675,ORD00005280,2026-03-09 04:00:00,PayU,success,1170.87,23.81,inr,2026-03-09 04:00:00
PAY000007676,ORD00007299,2026-03-31 18:00:00,Stripe,success,1148.56,12.0,INR,2026-03-31 18:00:00
PAY000007677,ORD00000552,2026-04-15 02:00:00,razorpay ,PENDING,1980.25,3.35,Rs,2026-04-15 02:00:00
PAY000007678,ORD00004229,2026-04-14 21:00:00,razorpay ,success,1927.62,25.47,inr,2026-04-14 21:00:00
PAY000007679,ORD00003253,2026-02-08 10:00:00,Razorpay,success,1263.54,31.97,INR,2026-02-08 10:00:00
PAY000007680,ORD00006958,2026-02-11 08:00:00,PayU,success,1896.31,32.5,INR,2026-02-11 08:00:00
PAY000007681,ORD00002369,2026-01-17 07:00:00,Cashfree,success,1275.25,9.36,INR,2026-01-17 07:00:00
PAY000007682,ORD00005992,2026-01-03 17:00:00,razorpay ,success,460.4,33.69,inr,2026-01-03 17:00:00
PAY000007683,ORD00004191,2026-02-18 18:00:00,Razorpay,success,872.22,19.33,INR,2026-02-18 18:00:00
PAY000007684,ORD00005104,2026-08-12 16:00:00,Stripe,success,1314.03,28.77,INR,2026-08-12 16:00:00
PAY000007685,ORD00004728,2026-08-23 00:00:00,razorpay ,success,887.22,17.99,Rs,2026-08-23 00:00:00
PAY000007686,ORD00004329,2026-07-26 16:00:00,PayU,success,693.93,26.9,INR,2026-07-26 16:00:00
PAY000007687,ORD00001772,2026-02-19 13:00:00,Stripe,success,958.44,28.92,inr,2026-02-19 13:00:00
PAY000007688,ORD00006007,2026-03-01 23:00:00,PayU,success,2437.93,23.18,INR,2026-03-01 23:00:00
PAY000007689,ORD00006161,2026-03-07 13:00:00,razorpay ,success,712.44,9.98,INR,2026-03-07 13:00:00
PAY000007690,ORD00006659,2026-04-05 19:00:00,Stripe,success,1767.58,19.0,INR,2026-04-05 19:00:00
PAY000007691,ORD00000724,2026-05-25 12:00:00,Cashfree,success,698.96,4.49,INR,2026-05-25 12:00:00
PAY000007692,ORD00007002,2026-08-03 00:00:00,Cashfree,success,2453.47,16.17,INR,2026-08-03 00:00:00
PAY000007693,ORD00009483,2026-05-30 05:00:00,razorpay ,success,2294.07,32.41,Rs,2026-05-30 05:00:00
PAY000007694,ORD00000639,2026-05-07 05:00:00,Cashfree,success,1010.83,3.3,INR,2026-05-07 05:00:00
PAY000007695,ORD00007133,2026-07-09 03:00:00,Cashfree,success,1075.66,7.42,INR,2026-07-09 03:00:00
PAY000007696,ORD00004717,2026-07-26 04:00:00,Cashfree,success,1352.7,18.45,inr,2026-07-26 04:00:00
PAY000007697,ORD00000267,2026-04-06 17:00:00,Cashfree,success,997.79,25.59,INR,2026-04-06 17:00:00
PAY000007698,ORD00001694,2026-06-11 03:00:00,Cashfree,success,1837.22,29.45,INR,2026-06-11 03:00:00
PAY000007699,ORD00007688,2026-07-15 03:00:00,Cashfree,Failed,485.56,27.6,INR,2026-07-15 03:00:00
PAY000007700,ORD00001174,2026-06-06 21:00:00,Razorpay,PENDING,1173.48,18.71,INR,2026-06-06 21:00:00
PAY000007701,ORD00011640,2026-05-30 22:00:00,Razorpay,PENDING,2784.78,9.68,INR,2026-05-30 22:00:00
PAY000007702,ORD00006142,2026-03-30 13:00:00,Cashfree,success,1227.73,28.29,INR,2026-03-30 13:00:00
PAY000007703,ORD00003637,2026-01-14 07:00:00,Cashfree,success,1195.39,17.36,INR,2026-01-14 07:00:00
PAY000007704,ORD00002311,2026-07-02 23:00:00,PayU,success,2179.53,32.52,INR,2026-07-02 23:00:00
PAY000007705,ORD00009279,2026-02-19 13:00:00,Cashfree,success,1843.06,7.97,INR,2026-02-19 13:00:00
PAY000007706,ORD00007503,2026-07-05 01:00:00,Cashfree,success,2908.2,33.73,inr,2026-07-05 01:00:00
PAY000007707,ORD00001785,2026-08-12 23:00:00,razorpay ,success,551.53,27.95,INR,2026-08-12 23:00:00
PAY000007708,ORD00011272,2026-05-18 09:00:00,PayU,success,1666.47,29.66,INR,2026-05-18 09:00:00
PAY000007709,ORD00000235,2026-06-02 04:00:00,Cashfree,success,511.2,10.6,INR,2026-06-02 04:00:00
PAY000007710,ORD00002416,2026-07-07 09:00:00,Stripe,success,843.81,22.91,INR,2026-07-07 09:00:00
PAY000007711,ORD00010574,2026-06-01 13:00:00,razorpay ,success,2896.25,6.98,INR,2026-06-01 13:00:00
PAY000007712,ORD00007026,2026-01-18 19:00:00,PayU,success,1242.37,27.41,INR,2026-01-18 19:00:00
PAY000007713,ORD00002800,2026-07-28 00:00:00,Stripe,success,915.46,30.05,INR,2026-07-28 00:00:00
PAY000007714,ORD00006689,2026-08-09 18:00:00,razorpay ,success,1960.89,28.93,INR,2026-08-09 18:00:00
PAY000007715,ORD00003283,2026-04-14 12:00:00,Razorpay,success,453.08,19.9,INR,2026-04-14 12:00:00
PAY000007716,ORD00005750,2026-02-20 14:00:00,Stripe,success,776.9,25.93,INR,2026-02-20 14:00:00
PAY000007717,ORD00004941,2026-04-10 13:00:00,Stripe,Failed,2549.44,31.76,inr,2026-04-10 13:00:00
PAY000007718,ORD00008497,2026-07-20 16:00:00,razorpay ,success,1035.72,25.23,inr,2026-07-20 16:00:00
PAY000007719,ORD00002486,2026-05-01 18:00:00,Razorpay,success,930.27,33.42,INR,2026-05-01 18:00:00
PAY000007720,ORD00003380,2026-06-20 22:00:00,Cashfree,success,802.88,2.97,inr,2026-06-20 22:00:00
PAY000007721,ORD00007871,2026-07-05 01:00:00,razorpay ,Failed,478.04,4.87,INR,2026-07-05 01:00:00
PAY000007722,ORD00007225,2026-05-28 08:00:00,Razorpay,success,1815.58,14.21,Rs,2026-05-28 08:00:00
PAY000007723,ORD00000033,2026-03-28 02:00:00,Stripe,success,1090.34,8.03,INR,2026-03-28 02:00:00
PAY000007724,ORD00003527,2026-02-14 13:00:00,Razorpay,success,1633.69,13.82,INR,2026-02-14 13:00:00
PAY000007725,ORD00004572,2026-03-16 21:00:00,Cashfree,success,3594.51,29.41,INR,2026-03-16 21:00:00
PAY000007726,ORD00011848,2026-02-18 12:00:00,Stripe,Failed,2401.49,28.58,INR,2026-02-18 12:00:00
PAY000007727,ORD00008365,2026-08-06 16:00:00,Cashfree,success,832.69,34.89,inr,2026-08-06 16:00:00
PAY000007728,ORD00005683,2026-06-24 20:00:00,Razorpay,success,1165.78,7.66,inr,2026-06-24 20:00:00
PAY000007729,ORD00003956,2026-01-15 01:00:00,Stripe,success,635.91,29.23,INR,2026-01-15 01:00:00
PAY000007730,ORD00008318,2026-03-13 06:00:00,razorpay ,success,956.34,17.05,INR,2026-03-13 06:00:00
PAY000007731,ORD00006195,2026-06-11 01:00:00,razorpay ,Failed,1438.5,21.05,INR,2026-06-11 01:00:00
PAY000007732,ORD00009657,2026-04-16 15:00:00,razorpay ,success,666.08,14.67,INR,2026-04-16 15:00:00
PAY000007733,ORD00007840,2026-03-31 00:00:00,razorpay ,success,305.58,5.28,INR,2026-03-31 00:00:00
PAY000007734,ORD00010595,2026-08-03 06:00:00,razorpay ,success,2608.19,26.79,INR,2026-08-03 06:00:00
PAY000007735,ORD00008028,2026-07-14 23:00:00,razorpay ,PENDING,1416.75,32.03,INR,2026-07-14 23:00:00
PAY000007736,ORD00011894,2026-01-04 17:00:00,Stripe,success,618.89,25.46,INR,2026-01-04 17:00:00
PAY000007737,ORD00000768,2026-06-20 13:00:00,Cashfree,success,1256.51,15.63,INR,2026-06-20 13:00:00
PAY000007738,ORD00003873,2026-03-10 02:00:00,razorpay ,success,1280.9,15.75,INR,2026-03-10 02:00:00
PAY000007739,ORD00008120,2026-01-28 14:00:00,Stripe,success,488.83,27.47,INR,2026-01-28 14:00:00
PAY000007740,ORD00002225,2026-05-14 06:00:00,razorpay ,success,1328.35,5.69,INR,2026-05-14 06:00:00
PAY000007741,ORD00008790,2026-04-23 04:00:00,Razorpay,success,3376.94,22.55,INR,2026-04-23 04:00:00
PAY000007742,ORD00009660,2026-06-27 21:00:00,Stripe,Failed,595.1,32.28,INR,2026-06-27 21:00:00
PAY000007743,ORD00010702,2026-06-14 19:00:00,Razorpay,success,996.92,20.52,INR,2026-06-14 19:00:00
PAY000007744,ORD00009254,2026-06-06 06:00:00,Stripe,success,1493.27,6.64,INR,2026-06-06 06:00:00
PAY000007745,ORD00003384,2026-07-12 16:00:00,PayU,success,617.95,30.65,INR,2026-07-12 16:00:00
PAY000007746,ORD00007887,2026-08-19 20:00:00,Stripe,success,679.85,10.49,inr,2026-08-19 20:00:00
PAY000007747,ORD00011907,2026-03-21 18:00:00,PayU,PENDING,2294.51,31.65,inr,2026-03-21 18:00:00
PAY000007748,ORD00001228,2026-08-07 23:00:00,Stripe,success,998.31,13.35,INR,2026-08-07 23:00:00
PAY000007749,ORD00007292,2026-03-28 10:00:00,Cashfree,success,1186.96,22.03,INR,2026-03-28 10:00:00
PAY000007750,ORD00009203,2026-02-12 17:00:00,PayU,success,3040.23,6.41,INR,2026-02-12 17:00:00
PAY000007751,ORD00004220,2026-07-14 07:00:00,Cashfree,success,992.48,15.6,INR,2026-07-14 07:00:00
PAY000007752,ORD00011916,2026-07-20 23:00:00,razorpay ,success,1564.4,34.27,Rs,2026-07-20 23:00:00
PAY000007753,ORD00005798,2026-04-28 11:00:00,PayU,success,2663.13,23.21,INR,2026-04-28 11:00:00
PAY000007754,ORD00002388,2026-07-06 11:00:00,Stripe,success,1527.49,20.88,INR,2026-07-06 11:00:00
PAY000007755,ORD00000574,2026-08-06 23:00:00,Razorpay,success,4445.9,23.14,INR,2026-08-06 23:00:00
PAY000007756,ORD00008424,2026-02-12 12:00:00,razorpay ,success,404.88,10.92,INR,2026-02-12 12:00:00
PAY000007757,ORD00006751,2026-06-01 21:00:00,razorpay ,success,2416.25,14.65,INR,2026-06-01 21:00:00
PAY000007758,ORD00009941,2026-06-21 21:00:00,Cashfree,Failed,480.67,8.22,INR,2026-06-21 21:00:00
PAY000007759,ORD00003637,2026-01-17 07:00:00,Cashfree,success,1315.27,11.44,INR,2026-01-17 07:00:00
PAY000007760,ORD00005468,2026-01-03 02:00:00,Razorpay,success,553.18,13.92,INR,2026-01-03 02:00:00
PAY000007761,ORD00002651,2026-04-14 10:00:00,PayU,success,374.52,33.57,INR,2026-04-14 10:00:00
PAY000007762,ORD00006698,2026-02-12 03:00:00,Razorpay,success,966.4,17.11,INR,2026-02-12 03:00:00
PAY000007763,ORD00006537,2026-07-24 21:00:00,Cashfree,success,429.17,25.88,INR,2026-07-24 21:00:00
PAY000007764,ORD00007024,2026-01-10 23:00:00,Razorpay,Failed,498.56,7.41,INR,2026-01-10 23:00:00
PAY000007765,ORD00003445,2026-02-09 21:00:00,Razorpay,success,2098.89,5.75,INR,2026-02-09 21:00:00
PAY000007766,ORD00000836,2026-03-02 14:00:00,Razorpay,success,1714.39,28.53,INR,2026-03-02 14:00:00
PAY000007767,ORD00000503,2026-03-12 06:00:00,Razorpay,PENDING,2209.62,33.41,INR,2026-03-12 06:00:00
PAY000007768,ORD00001742,2026-01-20 23:00:00,Razorpay,success,454.04,27.61,INR,2026-01-20 23:00:00
PAY000007769,ORD00006332,2026-05-10 16:00:00,Razorpay,success,1651.47,2.39,INR,2026-05-10 16:00:00
PAY000007770,ORD00009951,2026-02-20 18:00:00,PayU,success,1652.0,32.97,INR,2026-02-20 18:00:00
PAY000007771,ORD00005958,2026-07-30 12:00:00,Stripe,success,3698.62,5.14,INR,2026-07-30 12:00:00
PAY000007772,ORD00011570,2026-05-02 18:00:00,PayU,success,2680.69,12.92,inr,2026-05-02 18:00:00
PAY000007773,ORD00005345,2026-04-23 12:00:00,Stripe,success,5287.13,16.71,INR,2026-04-23 12:00:00
PAY000007774,ORD00001480,2026-07-11 02:00:00,PayU,success,2883.67,14.74,INR,2026-07-11 02:00:00
PAY000007775,ORD00005850,2026-01-27 22:00:00,Razorpay,success,1806.88,24.1,inr,2026-01-27 22:00:00
PAY000007776,ORD00005326,2026-02-02 20:00:00,Razorpay,success,1245.99,13.3,INR,2026-02-02 20:00:00
PAY000007777,ORD00007042,2026-04-01 08:00:00,razorpay ,PENDING,1888.94,2.64,INR,2026-04-01 08:00:00
PAY000007778,ORD00004189,2026-03-13 02:00:00,razorpay ,success,1298.53,12.54,INR,2026-03-13 02:00:00
PAY000007779,ORD00008959,2026-02-10 11:00:00,razorpay ,success,1374.83,14.95,INR,2026-02-10 11:00:00
PAY000007780,ORD00005693,2026-02-11 19:00:00,Razorpay,success,663.76,9.29,inr,2026-02-11 19:00:00
PAY000007781,ORD00001229,2026-07-19 03:00:00,razorpay ,success,1537.02,20.23,INR,2026-07-19 03:00:00
PAY000007782,ORD00010090,2026-02-22 18:00:00,Cashfree,REFUNDED,2000.61,8.91,INR,2026-02-22 18:00:00
PAY000007783,ORD00001912,2026-04-17 16:00:00,Razorpay,success,1320.71,22.15,INR,2026-04-17 16:00:00
PAY000007784,ORD00005583,2026-07-25 23:00:00,razorpay ,success,1668.85,19.82,INR,2026-07-25 23:00:00
PAY000007785,ORD00011022,2026-06-15 18:00:00,razorpay ,PENDING,442.14,7.1,INR,2026-06-15 18:00:00
PAY000007786,ORD00006008,2026-06-28 20:00:00,PayU,success,1133.93,3.99,INR,2026-06-28 20:00:00
PAY000007787,ORD00009280,2026-06-11 13:00:00,Stripe,success,1051.24,11.99,INR,2026-06-11 13:00:00
PAY000007788,ORD00002100,2026-04-27 14:00:00,razorpay ,success,2004.69,21.15,INR,2026-04-27 14:00:00
PAY000007789,ORD00006090,2026-02-15 18:00:00,PayU,PENDING,3417.48,15.81,inr,2026-02-15 18:00:00
PAY000007790,ORD00002054,2026-03-24 02:00:00,razorpay ,Failed,1152.53,2.14,INR,2026-03-24 02:00:00
PAY000007791,ORD00004131,2026-06-29 21:00:00,Cashfree,success,1627.48,12.29,INR,2026-06-29 21:00:00
PAY000007792,ORD00009711,2026-01-12 04:00:00,PayU,success,1207.33,25.91,inr,2026-01-12 04:00:00
PAY000007793,ORD00004700,2026-07-05 21:00:00,Razorpay,Failed,390.53,30.72,INR,2026-07-05 21:00:00
PAY000007794,ORD00001441,2026-06-04 12:00:00,Cashfree,success,687.16,23.07,INR,2026-06-04 12:00:00
PAY000007795,ORD00011198,2026-05-17 07:00:00,Cashfree,REFUNDED,1185.91,10.96,INR,2026-05-17 07:00:00
PAY000007796,ORD00008125,2026-03-05 10:00:00,PayU,success,2279.44,18.65,Rs,2026-03-05 10:00:00
PAY000007797,ORD00006673,2026-08-18 01:00:00,Razorpay,REFUNDED,757.71,31.5,inr,2026-08-18 01:00:00
PAY000007798,ORD00000169,2026-01-07 13:00:00,Razorpay,success,437.02,26.45,INR,2026-01-07 13:00:00
PAY000007799,ORD00001840,2026-01-16 17:00:00,Cashfree,success,811.88,24.38,INR,2026-01-16 17:00:00
PAY000007800,ORD00007147,2026-05-09 16:00:00,Cashfree,success,940.68,29.57,INR,2026-05-09 16:00:00
PAY000007801,ORD00009214,2026-01-03 06:00:00,Stripe,PENDING,4279.11,27.91,INR,2026-01-03 06:00:00
PAY000007802,ORD00007545,2026-06-02 15:00:00,razorpay ,PENDING,1448.66,33.02,Rs,2026-06-02 15:00:00
PAY000007803,ORD00010563,2026-04-17 10:00:00,razorpay ,Failed,1440.07,12.81,INR,2026-04-17 10:00:00
PAY000007804,ORD00009061,2026-06-01 07:00:00,razorpay ,success,1246.33,30.53,INR,2026-06-01 07:00:00
PAY000007805,ORD00006804,2026-02-21 09:00:00,razorpay ,success,1816.98,8.09,INR,2026-02-21 09:00:00
PAY000007806,ORD00005727,2026-01-02 10:00:00,Stripe,success,784.02,23.8,inr,2026-01-02 10:00:00
PAY000007807,ORD00001354,2026-05-24 00:00:00,razorpay ,success,2702.58,25.71,INR,2026-05-24 00:00:00
PAY000007808,ORD00010495,2026-04-25 15:00:00,razorpay ,success,311.31,31.21,INR,2026-04-25 15:00:00
PAY000007809,ORD00005627,2026-01-30 18:00:00,Razorpay,Failed,437.47,17.06,INR,2026-01-30 18:00:00
PAY000007810,ORD00004823,2026-07-08 00:00:00,PayU,success,2060.89,23.07,INR,2026-07-08 00:00:00
PAY000007811,ORD00004806,2026-08-15 12:00:00,Cashfree,success,2259.74,15.13,INR,2026-08-15 12:00:00
PAY000007812,ORD00003328,2026-07-12 20:00:00,Razorpay,REFUNDED,591.15,29.29,inr,2026-07-12 20:00:00
PAY000007813,ORD00003555,2026-04-09 03:00:00,razorpay ,PENDING,1358.8,4.85,INR,2026-04-09 03:00:00
PAY000007814,ORD00008725,2026-06-22 05:00:00,Cashfree,success,685.63,22.57,INR,2026-06-22 05:00:00
PAY000007815,ORD00009517,2026-05-21 00:00:00,razorpay ,REFUNDED,932.68,18.75,INR,2026-05-21 00:00:00
PAY000007816,ORD00002374,2026-01-16 04:00:00,Stripe,Failed,2028.84,30.48,INR,2026-01-16 04:00:00
PAY000007817,ORD00002605,2026-08-28 22:00:00,PayU,success,1681.88,29.77,inr,2026-08-28 22:00:00
PAY000007818,ORD00001512,2026-01-08 09:00:00,Cashfree,Failed,1046.97,20.27,INR,2026-01-08 09:00:00
PAY000007819,ORD00007773,2026-08-03 02:00:00,Razorpay,Failed,518.97,30.31,INR,2026-08-03 02:00:00
PAY000007820,ORD00002932,2026-07-06 13:00:00,Stripe,PENDING,536.69,26.23,INR,2026-07-06 13:00:00
PAY000007821,ORD00001810,2026-03-03 16:00:00,PayU,success,1067.98,26.72,INR,2026-03-03 16:00:00
PAY000007822,ORD00003499,2026-02-20 16:00:00,Stripe,PENDING,459.11,5.71,inr,2026-02-20 16:00:00
PAY000007823,ORD00008893,2026-04-17 01:00:00,Razorpay,success,454.26,6.94,Rs,2026-04-17 01:00:00
PAY000007824,ORD00004259,2026-08-25 11:00:00,razorpay ,Failed,918.41,17.79,INR,2026-08-25 11:00:00
PAY000007825,ORD00004099,2026-02-20 03:00:00,Stripe,REFUNDED,465.81,32.55,INR,2026-02-20 03:00:00
PAY000007826,ORD00010682,2026-05-05 17:00:00,Razorpay,success,393.04,22.72,INR,2026-05-05 17:00:00
PAY000007827,ORD00008876,2026-07-11 16:00:00,Stripe,success,1441.78,33.51,INR,2026-07-11 16:00:00
PAY000007828,ORD00005635,2026-06-16 11:00:00,razorpay ,Failed,949.11,15.11,INR,2026-06-16 11:00:00
PAY000007829,ORD00008804,2026-06-30 04:00:00,Razorpay,Failed,1139.1,7.69,INR,2026-06-30 04:00:00
PAY000007830,ORD00009802,2026-06-04 02:00:00,razorpay ,success,665.27,7.7,INR,2026-06-04 02:00:00
PAY000007831,ORD00001718,2026-01-14 13:00:00,,PENDING,1076.47,27.19,INR,2026-01-14 13:00:00
PAY000007832,ORD00011125,2026-03-12 01:00:00,razorpay ,success,537.77,18.87,INR,2026-03-12 01:00:00
PAY000007833,ORD00002478,2026-02-28 00:00:00,razorpay ,success,509.32,26.49,INR,2026-02-28 00:00:00
PAY000007834,ORD00009782,2026-05-19 07:00:00,Cashfree,success,393.17,5.05,INR,2026-05-19 07:00:00
PAY000007835,ORD00007343,2026-05-21 19:00:00,Cashfree,success,1447.07,20.01,INR,2026-05-21 19:00:00
PAY000007836,ORD00007519,2026-03-04 11:00:00,Stripe,success,1951.59,15.83,INR,2026-03-04 11:00:00
PAY000007837,ORD00010544,2026-05-23 03:00:00,Stripe,Failed,2109.19,10.02,INR,2026-05-23 03:00:00
PAY000007838,ORD00008570,2026-05-13 11:00:00,PayU,PENDING,1082.23,19.31,INR,2026-05-13 11:00:00
PAY000007839,ORD00002688,2026-08-25 05:00:00,Cashfree,success,622.82,18.98,INR,2026-08-25 05:00:00
PAY000007840,ORD00003123,2026-01-12 06:00:00,Stripe,success,1833.52,27.62,INR,2026-01-12 06:00:00
PAY000007841,ORD00000724,2026-07-18 19:00:00,PayU,success,230.4,24.79,INR,2026-07-18 19:00:00
PAY000007842,ORD00009827,2026-05-23 07:00:00,Razorpay,success,483.9,6.08,INR,2026-05-23 07:00:00
PAY000007843,ORD00009035,2026-01-05 08:00:00,PayU,success,327.68,7.1,INR,2026-01-05 08:00:00
PAY000007844,ORD00011256,2026-03-14 10:00:00,Stripe,success,1471.67,14.34,inr,2026-03-14 10:00:00
PAY000007845,ORD00006888,2026-04-22 06:00:00,Razorpay,success,555.87,23.76,INR,2026-04-22 06:00:00
PAY000007846,ORD00007573,2026-01-24 13:00:00,PayU,Failed,1949.56,34.1,inr,2026-01-24 13:00:00
PAY000007847,ORD00001994,2026-03-01 09:00:00,Stripe,success,4417.5,15.54,INR,2026-03-01 09:00:00
PAY000007848,ORD00001592,2026-06-17 15:00:00,PayU,success,781.28,7.8,INR,2026-06-17 15:00:00
PAY000007849,ORD00009398,2026-01-08 07:00:00,Stripe,success,345.73,34.93,INR,2026-01-08 07:00:00
PAY000007850,ORD00005861,2026-05-22 04:00:00,Stripe,PENDING,3604.71,4.92,INR,2026-05-22 04:00:00
PAY000007851,ORD00007474,2026-03-14 06:00:00,Razorpay,success,1439.71,12.88,INR,2026-03-14 06:00:00
PAY000007852,ORD00003961,2026-02-07 00:00:00,Stripe,success,545.66,5.86,INR,2026-02-07 00:00:00
PAY000007853,ORD00003957,2026-03-03 23:00:00,PayU,success,899.08,22.15,INR,2026-03-03 23:00:00
PAY000007854,ORD00010004,2026-02-08 02:00:00,Stripe,success,3615.02,31.98,INR,2026-02-08 02:00:00
PAY000007855,ORD00002977,2026-07-10 07:00:00,PayU,success,2440.06,6.83,INR,2026-07-10 07:00:00
PAY000007856,ORD00002056,2026-01-01 00:00:00,Stripe,success,3450.13,3.2,INR,2026-01-01 00:00:00
PAY000007857,ORD00000368,2026-08-28 16:00:00,razorpay ,success,996.55,20.36,INR,2026-08-28 16:00:00
PAY000007858,ORD00004462,2026-08-22 02:00:00,Razorpay,success,1664.87,29.59,INR,2026-08-22 02:00:00
PAY000007859,ORD00009199,2026-01-12 02:00:00,Cashfree,success,501.83,32.65,INR,2026-01-12 02:00:00
PAY000007860,ORD00010628,2026-08-11 13:00:00,Stripe,PENDING,1104.51,9.24,INR,2026-08-11 13:00:00
PAY000007861,ORD00008482,2026-07-31 14:00:00,razorpay ,success,572.38,29.92,INR,2026-07-31 14:00:00
PAY000007862,ORD00000585,2026-08-10 14:00:00,razorpay ,success,1509.11,11.24,INR,2026-08-10 14:00:00
PAY000007863,ORD00010322,2026-02-10 09:00:00,Cashfree,success,1241.47,15.7,inr,2026-02-10 09:00:00
PAY000007864,ORD00002610,2026-04-03 21:00:00,Razorpay,success,1533.52,26.69,INR,2026-04-03 21:00:00
PAY000007865,ORD00002497,2026-04-22 22:00:00,Cashfree,REFUNDED,463.21,5.08,INR,2026-04-22 22:00:00
PAY000007866,ORD00005463,2026-03-30 11:00:00,Stripe,success,738.65,31.68,INR,2026-03-30 11:00:00
PAY000007867,ORD00006924,2026-05-18 14:00:00,Razorpay,success,1969.83,10.36,INR,2026-05-18 14:00:00
PAY000007868,ORD00011222,2026-08-15 01:00:00,Razorpay,success,1347.86,30.41,INR,2026-08-15 01:00:00
PAY000007869,ORD00008182,2026-07-03 10:00:00,Stripe,PENDING,2120.07,15.1,INR,2026-07-03 10:00:00
PAY000007870,ORD00005328,2026-04-04 15:00:00,PayU,Failed,787.26,18.97,INR,2026-04-04 15:00:00
PAY000007871,ORD00006907,2026-01-15 00:00:00,razorpay ,PENDING,1621.32,8.75,INR,2026-01-15 00:00:00
PAY000007872,ORD00005132,2026-08-20 11:00:00,PayU,success,1540.47,34.23,INR,2026-08-20 11:00:00
PAY000007873,ORD00003542,2026-03-22 20:00:00,Cashfree,success,604.17,3.77,inr,2026-03-22 20:00:00
PAY000007874,ORD00006870,2026-02-10 07:00:00,PayU,REFUNDED,478.78,13.06,INR,2026-02-10 07:00:00
PAY000007875,ORD00009959,2026-05-19 12:00:00,Stripe,success,850.44,23.11,inr,2026-05-19 12:00:00
PAY000007876,ORD00007725,2026-06-20 22:00:00,Razorpay,Failed,567.78,3.35,INR,2026-06-20 22:00:00
PAY000007877,ORD00008544,2026-03-22 05:00:00,Cashfree,success,1506.0,11.46,INR,2026-03-22 05:00:00
PAY000007878,ORD00011510,2026-07-15 21:00:00,PayU,success,3213.0,14.37,INR,2026-07-15 21:00:00
PAY000007879,ORD00004393,2026-02-26 20:00:00,razorpay ,success,3118.01,21.16,INR,2026-02-26 20:00:00
PAY000007880,ORD00002808,2026-05-25 17:00:00,Stripe,REFUNDED,1254.58,14.84,Rs,2026-05-25 17:00:00
PAY000007881,ORD00010805,2026-01-08 01:00:00,Cashfree,success,2096.57,5.12,inr,2026-01-08 01:00:00
PAY000007882,ORD00001185,2026-01-28 18:00:00,razorpay ,success,958.66,30.18,inr,2026-01-28 18:00:00
PAY000007883,ORD00011570,2026-05-08 21:00:00,PayU,success,1619.28,19.24,Rs,2026-05-08 21:00:00
PAY000007884,ORD00002969,2026-04-30 12:00:00,razorpay ,success,1389.19,3.07,INR,2026-04-30 12:00:00
PAY000007885,ORD00010596,2026-03-11 09:00:00,Stripe,Failed,217.59,20.8,INR,2026-03-11 09:00:00
PAY000007886,ORD00001226,2026-01-25 08:00:00,razorpay ,success,2028.38,10.93,INR,2026-01-25 08:00:00
PAY000007887,ORD00005530,2026-07-12 18:00:00,Razorpay,success,1688.48,28.99,INR,2026-07-12 18:00:00
PAY000007888,ORD00004354,2026-03-21 03:00:00,PayU,success,2514.2,24.5,INR,2026-03-21 03:00:00
PAY000007889,ORD00000993,2026-04-12 00:00:00,Razorpay,success,2562.39,10.04,INR,2026-04-12 00:00:00
PAY000007890,ORD00011446,2026-01-16 10:00:00,Razorpay,success,1091.64,32.46,INR,2026-01-16 10:00:00
PAY000007891,ORD00009664,2026-08-09 01:00:00,Cashfree,success,414.88,25.84,INR,2026-08-09 01:00:00
PAY000007892,ORD00003154,2026-07-07 02:00:00,razorpay ,PENDING,1226.9,7.2,INR,2026-07-07 02:00:00
PAY000007893,ORD00008588,2026-05-29 00:00:00,Razorpay,success,1760.12,13.33,INR,2026-05-29 00:00:00
PAY000007894,ORD00001930,2026-07-14 07:00:00,Stripe,success,1190.16,28.12,INR,2026-07-14 07:00:00
PAY000007895,ORD00010171,2026-06-02 22:00:00,Stripe,success,817.82,20.13,inr,2026-06-02 22:00:00
PAY000007896,ORD00002641,2026-07-09 08:00:00,PayU,REFUNDED,516.62,14.24,INR,2026-07-09 08:00:00
PAY000007897,ORD00011272,2026-07-31 10:00:00,razorpay ,success,2517.72,2.46,INR,2026-07-31 10:00:00
PAY000007898,ORD00000348,2026-04-30 15:00:00,razorpay ,success,990.42,33.95,INR,2026-04-30 15:00:00
PAY000007899,ORD00003054,2026-01-09 02:00:00,razorpay ,success,733.42,3.57,INR,2026-01-09 02:00:00
PAY000007900,ORD00000072,2026-01-21 12:00:00,PayU,Failed,467.8,13.93,INR,2026-01-21 12:00:00
PAY000007901,ORD00005310,2026-06-27 17:00:00,Razorpay,success,754.26,28.42,INR,2026-06-27 17:00:00
PAY000007902,ORD00010096,2026-02-08 00:00:00,Razorpay,success,1012.68,3.03,Rs,2026-02-08 00:00:00
PAY000007903,ORD00003589,2026-05-21 08:00:00,PayU,success,1264.55,7.79,INR,2026-05-21 08:00:00
PAY000007904,ORD00002594,2026-06-06 04:00:00,razorpay ,success,232.74,25.22,inr,2026-06-06 04:00:00
PAY000007905,ORD00004361,2026-03-27 06:00:00,Stripe,PENDING,711.55,28.9,INR,2026-03-27 06:00:00
PAY000007906,ORD00008040,2026-02-22 09:00:00,PayU,success,483.15,27.38,INR,2026-02-22 09:00:00
PAY000007907,ORD00010555,2026-01-06 11:00:00,Razorpay,success,363.25,6.48,inr,2026-01-06 11:00:00
PAY000007908,ORD00006243,2026-07-18 07:00:00,PayU,success,2032.25,29.71,INR,2026-07-18 07:00:00
PAY000007909,ORD00001880,2026-05-10 23:00:00,Stripe,success,719.7,29.33,INR,2026-05-10 23:00:00
PAY000007910,ORD00002736,2026-06-24 07:00:00,Cashfree,success,995.95,7.24,INR,2026-06-24 07:00:00
PAY000007911,ORD00003306,2026-02-10 21:00:00,Razorpay,success,547.81,3.95,INR,2026-02-10 21:00:00
PAY000007912,ORD00003403,2026-08-14 11:00:00,Razorpay,success,1826.75,3.74,INR,2026-08-14 11:00:00
PAY000007913,ORD00001920,2026-03-05 21:00:00,PayU,success,1832.89,14.56,INR,2026-03-05 21:00:00
PAY000007914,ORD00009315,2026-02-26 10:00:00,Cashfree,success,855.24,17.06,INR,2026-02-26 10:00:00
PAY000007915,ORD00005601,2026-01-08 03:00:00,Cashfree,success,784.84,4.27,INR,2026-01-08 03:00:00
PAY000007916,ORD00002555,2026-03-04 18:00:00,razorpay ,REFUNDED,1660.21,14.5,inr,2026-03-04 18:00:00
PAY000007917,ORD00000179,2026-08-02 16:00:00,Razorpay,PENDING,1381.84,25.14,inr,2026-08-02 16:00:00
PAY000007918,ORD00005804,2026-04-30 06:00:00,Cashfree,success,542.83,27.31,INR,2026-04-30 06:00:00
PAY000007919,ORD00007822,2026-01-08 09:00:00,razorpay ,success,877.02,20.23,INR,2026-01-08 09:00:00
PAY000007920,ORD00007384,2026-07-07 04:00:00,Razorpay,success,828.08,29.33,INR,2026-07-07 04:00:00
PAY000007921,ORD00010707,2026-01-17 18:00:00,Razorpay,success,2109.04,25.31,INR,2026-01-17 18:00:00
PAY000007922,ORD00002213,2026-04-04 09:00:00,Razorpay,success,899.39,34.03,INR,2026-04-04 09:00:00
PAY000007923,ORD00002119,2026-08-21 15:00:00,PayU,success,2714.78,27.02,INR,2026-08-21 15:00:00
PAY000007924,ORD00005439,2026-07-02 19:00:00,Cashfree,Failed,924.77,28.67,Rs,2026-07-02 19:00:00
PAY000007925,ORD00002509,2026-01-20 02:00:00,Stripe,success,372.92,13.32,INR,2026-01-20 02:00:00
PAY000007926,ORD00003664,2026-05-08 11:00:00,razorpay ,success,1158.28,6.91,INR,2026-05-08 11:00:00
PAY000007927,ORD00010937,2026-05-23 08:00:00,Stripe,success,1872.53,7.15,INR,2026-05-23 08:00:00
PAY000007928,ORD00003314,2026-03-17 12:00:00,Stripe,success,2394.23,12.25,INR,2026-03-17 12:00:00
PAY000007929,ORD00006560,2026-02-22 04:00:00,Cashfree,Failed,1658.59,19.68,INR,2026-02-22 04:00:00
PAY000007930,ORD00003608,2026-04-15 10:00:00,Razorpay,success,619.45,6.21,INR,2026-04-15 10:00:00
PAY000007931,ORD00011495,2026-04-06 03:00:00,razorpay ,success,1021.57,5.21,INR,2026-04-06 03:00:00
PAY000007932,ORD00004138,2026-05-03 16:00:00,Cashfree,Failed,644.3,9.47,INR,2026-05-03 16:00:00
PAY000007933,ORD00005523,2026-05-29 05:00:00,PayU,success,6278.92,33.93,Rs,2026-05-29 05:00:00
PAY000007934,ORD00000794,2026-08-21 08:00:00,razorpay ,PENDING,1034.31,19.46,INR,2026-08-21 08:00:00
PAY000007935,ORD00009261,2026-07-09 20:00:00,razorpay ,success,859.13,19.55,INR,2026-07-09 20:00:00
PAY000007936,ORD00002220,2026-07-19 09:00:00,PayU,success,1249.51,29.18,INR,2026-07-19 09:00:00
PAY000007937,ORD00005425,2026-02-26 15:00:00,Cashfree,success,1161.73,7.68,INR,2026-02-26 15:00:00
PAY000007938,ORD00006903,2026-02-16 06:00:00,razorpay ,Failed,854.41,21.62,INR,2026-02-16 06:00:00
PAY000007939,ORD00011198,2026-07-04 05:00:00,PayU,success,1227.61,34.24,INR,2026-07-04 05:00:00
PAY000007940,ORD00006721,2026-03-15 01:00:00,Stripe,success,592.33,2.99,INR,2026-03-15 01:00:00
PAY000007941,ORD00007223,2026-02-21 01:00:00,PayU,success,377.06,20.07,INR,2026-02-21 01:00:00
PAY000007942,ORD00002370,2026-08-28 21:00:00,Razorpay,success,1159.26,34.33,INR,2026-08-28 21:00:00
PAY000007943,ORD00004612,2026-05-05 09:00:00,PayU,success,1411.09,21.29,INR,2026-05-05 09:00:00
PAY000007944,ORD00003763,2026-03-09 06:00:00,Stripe,success,1763.71,11.91,INR,2026-03-09 06:00:00
PAY000007945,ORD00010321,2026-04-10 11:00:00,Razorpay,success,614.22,22.55,INR,2026-04-10 11:00:00
PAY000007946,ORD00008474,2026-02-02 01:00:00,PayU,success,1694.91,28.29,Rs,2026-02-02 01:00:00
PAY000007947,ORD00007729,2026-04-13 17:00:00,Cashfree,success,282.53,23.15,INR,2026-04-13 17:00:00
PAY000007948,ORD00007615,2026-03-01 07:00:00,PayU,success,301.65,8.37,INR,2026-03-01 07:00:00
PAY000007949,ORD00006531,2026-02-14 08:00:00,PayU,success,1446.63,2.18,Rs,2026-02-14 08:00:00
PAY000007950,ORD00001792,2026-08-13 07:00:00,Razorpay,success,1015.23,34.11,INR,2026-08-13 07:00:00
PAY000007951,ORD00001868,2026-04-18 12:00:00,PayU,success,691.89,6.1,INR,2026-04-18 12:00:00
PAY000007952,ORD00008711,2026-01-28 18:00:00,PayU,success,2537.01,10.38,INR,2026-01-28 18:00:00
PAY000007953,ORD00009721,2026-01-29 09:00:00,Cashfree,success,1031.8,6.73,INR,2026-01-29 09:00:00
PAY000007954,ORD00002465,2026-08-04 22:00:00,Razorpay,success,1545.77,11.65,INR,2026-08-04 22:00:00
PAY000007955,ORD00006538,2026-03-25 04:00:00,PayU,success,545.95,30.09,INR,2026-03-25 04:00:00
PAY000007956,ORD00002389,2026-04-20 16:00:00,Cashfree,success,909.19,5.2,INR,2026-04-20 16:00:00
PAY000007957,ORD00010968,2026-04-26 20:00:00,razorpay ,success,1483.93,12.47,INR,2026-04-26 20:00:00
PAY000007958,ORD00003504,2026-02-13 10:00:00,Cashfree,success,651.42,12.71,INR,2026-02-13 10:00:00
PAY000007959,ORD00010274,2026-07-27 08:00:00,PayU,success,2842.5,9.25,INR,2026-07-27 08:00:00
PAY000007960,ORD00004181,2026-01-10 08:00:00,PayU,success,1219.97,3.15,INR,2026-01-10 08:00:00
PAY000007961,ORD00010982,2026-03-26 15:00:00,Cashfree,success,2439.55,3.25,INR,2026-03-26 15:00:00
PAY000007962,ORD00007711,2026-06-10 06:00:00,Cashfree,success,740.29,10.84,INR,2026-06-10 06:00:00
PAY000007963,ORD00000611,2026-08-27 16:00:00,Cashfree,Failed,1888.54,33.62,INR,2026-08-27 16:00:00
PAY000007964,ORD00006632,2026-01-09 07:00:00,Razorpay,success,2911.0,12.5,inr,2026-01-09 07:00:00
PAY000007965,ORD00008034,2026-06-02 17:00:00,Stripe,success,2569.31,15.68,INR,2026-06-02 17:00:00
PAY000007966,ORD00002241,2026-03-19 19:00:00,razorpay ,REFUNDED,614.96,28.98,INR,2026-03-19 19:00:00
PAY000007967,ORD00007564,2026-02-23 00:00:00,Stripe,PENDING,1570.52,17.11,INR,2026-02-23 00:00:00
PAY000007968,ORD00000346,2026-07-14 15:00:00,Stripe,success,1545.13,8.19,Rs,2026-07-14 15:00:00
PAY000007969,ORD00003866,2026-02-06 10:00:00,Razorpay,REFUNDED,982.5,21.96,INR,2026-02-06 10:00:00
PAY000007970,ORD00000416,2026-02-09 07:00:00,razorpay ,success,509.98,22.92,INR,2026-02-09 07:00:00
PAY000007971,ORD00005292,2026-05-18 05:00:00,razorpay ,success,918.8,17.61,INR,2026-05-18 05:00:00
PAY000007972,ORD00003286,2026-04-08 21:00:00,Cashfree,success,613.14,7.89,INR,2026-04-08 21:00:00
PAY000007973,ORD00009427,2026-01-01 14:00:00,PayU,PENDING,4208.18,18.17,Rs,2026-01-01 14:00:00
PAY000007974,ORD00003984,2026-02-19 13:00:00,Stripe,success,905.52,16.22,INR,2026-02-19 13:00:00
PAY000007975,ORD00008467,2026-03-21 22:00:00,Razorpay,success,2492.12,19.27,inr,2026-03-21 22:00:00
PAY000007976,ORD00001361,2026-05-24 23:00:00,Stripe,Failed,527.16,8.09,INR,2026-05-24 23:00:00
PAY000007977,ORD00005164,2026-05-25 06:00:00,Cashfree,success,700.45,8.33,INR,2026-05-25 06:00:00
PAY000007978,ORD00008396,2026-08-17 13:00:00,Cashfree,success,2799.41,29.82,INR,2026-08-17 13:00:00
PAY000007979,ORD00009322,2026-05-31 14:00:00,Stripe,success,3078.26,2.5,INR,2026-05-31 14:00:00
PAY000007980,ORD00004540,2026-05-15 12:00:00,PayU,success,969.02,31.6,INR,2026-05-15 12:00:00
PAY000007981,ORD00001101,2026-07-31 22:00:00,Stripe,Failed,906.82,8.89,INR,2026-07-31 22:00:00
PAY000007982,ORD00006418,2026-08-05 16:00:00,Cashfree,success,4133.9,15.07,INR,2026-08-05 16:00:00
PAY000007983,ORD00003840,2026-04-15 00:00:00,PayU,success,1859.58,20.93,inr,2026-04-15 00:00:00
PAY000007984,ORD00009373,2026-02-03 19:00:00,Stripe,success,3925.65,22.49,INR,2026-02-03 19:00:00
PAY000007985,ORD00008549,2026-07-01 03:00:00,Razorpay,success,1321.41,24.71,INR,2026-07-01 03:00:00
PAY000007986,ORD00008276,2026-03-04 10:00:00,Stripe,success,1312.57,20.25,INR,2026-03-04 10:00:00
PAY000007987,ORD00002353,2026-06-30 15:00:00,Stripe,success,2212.97,27.46,INR,2026-06-30 15:00:00
PAY000007988,ORD00002805,2026-05-12 07:00:00,razorpay ,success,170.24,5.27,Rs,2026-05-12 07:00:00
PAY000007989,ORD00008681,2026-04-08 10:00:00,Stripe,success,1465.88,11.08,INR,2026-04-08 10:00:00
PAY000007990,ORD00008958,2026-05-15 13:00:00,PayU,PENDING,1533.99,11.97,INR,2026-05-15 13:00:00
PAY000007991,ORD00002465,2026-08-01 20:00:00,Stripe,success,406.61,7.49,inr,2026-08-01 20:00:00
PAY000007992,ORD00005888,2026-03-16 04:00:00,PayU,success,300.83,20.5,INR,2026-03-16 04:00:00
PAY000007993,ORD00002153,2026-04-02 07:00:00,razorpay ,Failed,1662.04,22.25,INR,2026-04-02 07:00:00
PAY000007994,ORD00007665,2026-06-06 08:00:00,razorpay ,success,1771.28,14.86,INR,2026-06-06 08:00:00
PAY000007995,ORD00004434,2026-05-19 18:00:00,PayU,success,1687.81,17.63,INR,2026-05-19 18:00:00
PAY000007996,ORD00007995,2026-06-27 14:00:00,Stripe,success,2100.11,28.84,INR,2026-06-27 14:00:00
PAY000007997,ORD00007345,2026-03-12 23:00:00,Stripe,success,2920.71,29.41,INR,2026-03-12 23:00:00
PAY000007998,ORD00006918,2026-01-28 21:00:00,PayU,success,404.6,20.6,INR,2026-01-28 21:00:00
PAY000007999,ORD00010676,2026-03-13 11:00:00,Cashfree,success,523.92,26.96,INR,2026-03-13 11:00:00
PAY000008000,ORD00004506,2026-07-26 12:00:00,razorpay ,success,606.72,11.29,INR,2026-07-26 12:00:00
PAY000008001,ORD00002613,2026-04-25 02:00:00,Razorpay,PENDING,3294.52,21.06,INR,2026-04-25 02:00:00
PAY000008002,ORD00002528,2026-01-09 09:00:00,PayU,success,807.54,29.52,INR,2026-01-09 09:00:00
PAY000008003,ORD00011102,2026-05-27 05:00:00,Stripe,PENDING,727.98,29.13,INR,2026-05-27 05:00:00
PAY000008004,ORD00003796,2026-07-25 07:00:00,Stripe,PENDING,1910.5,12.97,INR,2026-07-25 07:00:00
PAY000008005,ORD00003374,2026-06-26 16:00:00,Cashfree,success,771.97,25.89,INR,2026-06-26 16:00:00
PAY000008006,ORD00011749,2026-02-10 23:00:00,razorpay ,success,2306.4,22.65,inr,2026-02-10 23:00:00
PAY000008007,ORD00002709,2026-02-06 05:00:00,Cashfree,success,1009.69,25.27,INR,2026-02-06 05:00:00
PAY000008008,ORD00010528,2026-03-13 05:00:00,Cashfree,success,1660.13,16.11,INR,2026-03-13 05:00:00
PAY000008009,ORD00003139,2026-01-29 15:00:00,Cashfree,success,525.31,23.64,inr,2026-01-29 15:00:00
PAY000008010,ORD00000160,2026-08-05 04:00:00,razorpay ,success,1233.88,12.84,INR,2026-08-05 04:00:00
PAY000008011,ORD00009294,2026-02-24 07:00:00,Razorpay,success,1003.09,25.23,INR,2026-02-24 07:00:00
PAY000008012,ORD00003332,2026-06-07 16:00:00,Razorpay,PENDING,506.01,21.24,inr,2026-06-07 16:00:00
PAY000008013,ORD00007010,2026-06-26 20:00:00,Cashfree,PENDING,2239.78,15.27,INR,2026-06-26 20:00:00
PAY000008014,ORD00010253,2026-08-18 21:00:00,Cashfree,success,165.76,31.2,INR,2026-08-18 21:00:00
PAY000008015,ORD00011292,2026-06-10 22:00:00,Razorpay,success,2043.39,12.85,INR,2026-06-10 22:00:00
PAY000008016,ORD00010607,2026-02-13 15:00:00,Razorpay,success,2341.55,29.89,inr,2026-02-13 15:00:00
PAY000008017,ORD00011210,2026-03-13 14:00:00,razorpay ,success,294.95,15.2,Rs,2026-03-13 14:00:00
PAY000008018,ORD00003691,2026-04-19 18:00:00,razorpay ,REFUNDED,2180.65,34.61,INR,2026-04-19 18:00:00
PAY000008019,ORD00006408,2026-02-10 09:00:00,PayU,success,1029.36,20.2,INR,2026-02-10 09:00:00
PAY000008020,ORD00011558,2026-07-03 03:00:00,Razorpay,success,1378.7,31.81,INR,2026-07-03 03:00:00
PAY000008021,ORD00008774,2026-08-19 21:00:00,Cashfree,success,494.47,6.09,INR,2026-08-19 21:00:00
PAY000008022,ORD00010713,2026-01-07 06:00:00,Cashfree,success,665.07,27.52,INR,2026-01-07 06:00:00
PAY000008023,ORD00009142,2026-05-19 08:00:00,Cashfree,PENDING,5126.01,27.97,INR,2026-05-19 08:00:00
PAY000008024,ORD00011438,2026-07-20 13:00:00,Razorpay,success,697.96,3.94,INR,2026-07-20 13:00:00
PAY000008025,ORD00007070,2026-01-02 16:00:00,Stripe,success,1001.4,30.15,INR,2026-01-02 16:00:00
PAY000008026,ORD00011310,2026-08-11 16:00:00,PayU,success,587.45,6.31,INR,2026-08-11 16:00:00
PAY000008027,ORD00004963,2026-08-16 13:00:00,razorpay ,success,1176.54,9.76,INR,2026-08-16 13:00:00
PAY000008028,ORD00002949,2026-07-01 03:00:00,Stripe,success,1757.18,14.21,INR,2026-07-01 03:00:00
PAY000008029,ORD00005702,2026-04-07 08:00:00,Razorpay,success,2559.64,5.61,INR,2026-04-07 08:00:00
PAY000008030,ORD00010533,2026-01-15 21:00:00,Cashfree,success,977.81,10.35,inr,2026-01-15 21:00:00
PAY000008031,ORD00008286,2026-01-26 22:00:00,razorpay ,success,307.88,26.61,INR,2026-01-26 22:00:00
PAY000008032,ORD00007061,2026-05-03 02:00:00,Cashfree,REFUNDED,1508.69,18.42,INR,2026-05-03 02:00:00
PAY000008033,ORD00002789,2026-02-04 20:00:00,Razorpay,success,1115.24,28.71,inr,2026-02-04 20:00:00
PAY000008034,ORD00011952,2026-08-18 03:00:00,PayU,success,316.36,8.22,INR,2026-08-18 03:00:00
PAY000008035,ORD00001192,2026-07-03 12:00:00,PayU,REFUNDED,1392.73,30.94,INR,2026-07-03 12:00:00
PAY000008036,ORD00006522,2026-07-03 05:00:00,PayU,Failed,1229.49,9.52,INR,2026-07-03 05:00:00
PAY000008037,ORD00001964,2026-02-09 04:00:00,Cashfree,REFUNDED,907.48,30.6,INR,2026-02-09 04:00:00
PAY000008038,ORD00010273,2026-01-31 15:00:00,Cashfree,success,824.45,20.59,INR,2026-01-31 15:00:00
PAY000008039,ORD00006200,2026-04-01 18:00:00,Cashfree,success,746.54,14.17,INR,2026-04-01 18:00:00
PAY000008040,ORD00009595,2026-04-29 08:00:00,PayU,success,261.99,25.39,INR,2026-04-29 08:00:00
PAY000008041,ORD00005471,2026-01-26 15:00:00,Stripe,success,1372.89,34.31,inr,2026-01-26 15:00:00
PAY000008042,ORD00005572,2026-08-10 04:00:00,Razorpay,success,796.95,24.52,INR,2026-08-10 04:00:00
PAY000008043,ORD00006944,2026-02-08 22:00:00,razorpay ,success,2667.63,34.21,INR,2026-02-08 22:00:00
PAY000008044,ORD00005855,2026-07-06 23:00:00,razorpay ,success,1093.37,29.65,INR,2026-07-06 23:00:00
PAY000008045,ORD00009735,2026-08-13 15:00:00,PayU,PENDING,1295.88,4.61,inr,2026-08-13 15:00:00
PAY000008046,ORD00006377,2026-07-07 21:00:00,Cashfree,success,2252.27,30.31,inr,2026-07-07 21:00:00
PAY000008047,ORD00010214,2026-06-17 10:00:00,Stripe,success,668.24,15.72,INR,2026-06-17 10:00:00
PAY000008048,ORD00000711,2026-02-09 18:00:00,Stripe,success,378.63,12.79,inr,2026-02-09 18:00:00
PAY000008049,ORD00005586,2026-01-19 15:00:00,Stripe,success,480.74,12.41,inr,2026-01-19 15:00:00
PAY000008050,ORD00009271,2026-04-16 13:00:00,PayU,success,2414.19,34.0,INR,2026-04-16 13:00:00
PAY000008051,ORD00008990,2026-03-10 00:00:00,Razorpay,success,1228.38,29.6,INR,2026-03-10 00:00:00
PAY000008052,ORD00009816,2026-05-03 05:00:00,Stripe,success,3700.0,9.08,INR,2026-05-03 05:00:00
PAY000008053,ORD00000148,2026-05-08 07:00:00,Stripe,success,1386.89,4.99,INR,2026-05-08 07:00:00
PAY000008054,ORD00011056,2026-06-24 08:00:00,PayU,success,458.45,2.73,inr,2026-06-24 08:00:00
PAY000008055,ORD00005856,2026-01-22 07:00:00,Razorpay,success,2090.12,12.31,INR,2026-01-22 07:00:00
PAY000008056,ORD00007886,2026-03-25 20:00:00,Cashfree,REFUNDED,560.46,8.36,INR,2026-03-25 20:00:00
PAY000008057,ORD00006366,2026-06-10 08:00:00,razorpay ,PENDING,1604.2,10.13,INR,2026-06-10 08:00:00
PAY000008058,ORD00000817,2026-07-01 23:00:00,Cashfree,success,1332.31,24.63,INR,2026-07-01 23:00:00
PAY000008059,ORD00006766,2026-05-14 07:00:00,razorpay ,success,456.94,20.57,INR,2026-05-14 07:00:00
PAY000008060,ORD00002363,2026-06-04 19:00:00,Razorpay,success,1219.51,9.14,INR,2026-06-04 19:00:00
PAY000008061,ORD00007326,2026-06-18 12:00:00,razorpay ,Failed,951.05,6.07,INR,2026-06-18 12:00:00
PAY000008062,ORD00006133,2026-06-07 04:00:00,PayU,success,305.23,19.93,INR,2026-06-07 04:00:00
PAY000008063,ORD00000622,2026-05-21 13:00:00,Stripe,success,780.37,8.61,inr,2026-05-21 13:00:00
PAY000008064,ORD00005973,2026-07-27 17:00:00,Cashfree,PENDING,900.44,22.43,inr,2026-07-27 17:00:00
PAY000008065,ORD00001686,2026-01-10 20:00:00,Razorpay,PENDING,1198.25,18.95,INR,2026-01-10 20:00:00
PAY000008066,ORD00007044,2026-05-04 15:00:00,Cashfree,success,2986.93,30.23,INR,2026-05-04 15:00:00
PAY000008067,ORD00008878,2026-03-29 18:00:00,Cashfree,success,687.03,32.21,INR,2026-03-29 18:00:00
PAY000008068,ORD00010410,2026-02-10 05:00:00,razorpay ,success,1426.57,22.98,INR,2026-02-10 05:00:00
PAY000008069,ORD00003176,2026-04-09 23:00:00,PayU,success,927.83,16.7,INR,2026-04-09 23:00:00
PAY000008070,ORD00004258,2026-03-15 12:00:00,PayU,success,1616.46,10.79,Rs,2026-03-15 12:00:00
PAY000008071,ORD00005732,2026-01-27 17:00:00,razorpay ,success,2916.7,7.26,INR,2026-01-27 17:00:00
PAY000008072,ORD00006650,2026-05-29 03:00:00,Stripe,success,1109.18,6.95,INR,2026-05-29 03:00:00
PAY000008073,ORD00001301,2026-06-26 16:00:00,Stripe,PENDING,694.06,27.45,INR,2026-06-26 16:00:00
PAY000008074,ORD00001146,2026-02-06 17:00:00,razorpay ,success,523.81,34.76,INR,2026-02-06 17:00:00
PAY000008075,ORD00007660,2026-05-20 00:00:00,Razorpay,success,2345.45,8.02,INR,2026-05-20 00:00:00
PAY000008076,ORD00010089,2026-07-23 00:00:00,Stripe,success,372.29,34.71,INR,2026-07-23 00:00:00
PAY000008077,ORD00004963,2026-06-18 12:00:00,PayU,success,571.81,8.53,INR,2026-06-18 12:00:00
PAY000008078,ORD00002790,2026-04-16 16:00:00,PayU,Failed,380.01,5.57,INR,2026-04-16 16:00:00
PAY000008079,ORD00006583,2026-05-31 04:00:00,PayU,PENDING,2640.78,15.09,INR,2026-05-31 04:00:00
PAY000008080,ORD00010481,2026-06-17 18:00:00,PayU,success,1629.26,34.72,INR,2026-06-17 18:00:00
PAY000008081,ORD00009427,2026-02-28 09:00:00,PayU,success,758.02,29.36,INR,2026-02-28 09:00:00
PAY000008082,ORD00007970,2026-08-27 07:00:00,Razorpay,REFUNDED,644.97,14.7,INR,2026-08-27 07:00:00
PAY000008083,ORD00005260,2026-03-22 08:00:00,Cashfree,success,1705.78,23.45,INR,2026-03-22 08:00:00
PAY000008084,ORD00001063,2026-06-18 06:00:00,Cashfree,success,1445.43,3.06,INR,2026-06-18 06:00:00
PAY000008085,ORD00010097,2026-08-14 06:00:00,razorpay ,success,3975.35,2.59,inr,2026-08-14 06:00:00
PAY000008086,ORD00004501,2026-02-20 02:00:00,Razorpay,success,474.75,6.4,INR,2026-02-20 02:00:00
PAY000008087,ORD00010720,2026-07-09 11:00:00,Razorpay,REFUNDED,1135.98,34.46,INR,2026-07-09 11:00:00
PAY000008088,ORD00004951,2026-01-10 01:00:00,Stripe,success,1055.54,18.06,INR,2026-01-10 01:00:00
PAY000008089,ORD00010683,2026-02-17 05:00:00,Cashfree,success,1692.98,12.63,INR,2026-02-17 05:00:00
PAY000008090,ORD00009028,2026-08-08 15:00:00,razorpay ,success,627.66,15.26,INR,2026-08-08 15:00:00
PAY000008091,ORD00009413,2026-08-09 03:00:00,Cashfree,Failed,1059.39,31.13,INR,2026-08-09 03:00:00
PAY000008092,ORD00006351,2026-01-05 04:00:00,razorpay ,success,3344.45,32.68,INR,2026-01-05 04:00:00
PAY000008093,ORD00002865,2026-01-28 12:00:00,Razorpay,success,1329.17,12.22,INR,2026-01-28 12:00:00
PAY000008094,ORD00005731,2026-06-30 12:00:00,Cashfree,Failed,773.92,30.35,INR,2026-06-30 12:00:00
PAY000008095,ORD00000510,2026-08-17 20:00:00,Cashfree,Failed,1492.81,13.44,INR,2026-08-17 20:00:00
PAY000008096,ORD00008992,2026-06-13 06:00:00,Razorpay,Failed,1203.71,13.72,Rs,2026-06-13 06:00:00
PAY000008097,ORD00007338,2026-04-02 16:00:00,Razorpay,success,1096.79,20.83,INR,2026-04-02 16:00:00
PAY000008098,ORD00004873,2026-03-20 11:00:00,Cashfree,success,417.98,4.6,inr,2026-03-20 11:00:00
PAY000008099,ORD00001003,2026-04-16 03:00:00,Cashfree,success,2451.51,33.21,inr,2026-04-16 03:00:00
PAY000008100,ORD00008996,2026-07-30 13:00:00,razorpay ,success,1272.32,18.55,INR,2026-07-30 13:00:00
PAY000008101,ORD00009709,2026-08-26 14:00:00,razorpay ,success,1421.5,17.25,INR,2026-08-26 14:00:00
PAY000008102,ORD00006260,2026-05-05 02:00:00,razorpay ,success,3691.57,11.24,INR,2026-05-05 02:00:00
PAY000008103,ORD00004093,2026-04-01 20:00:00,PayU,success,1887.54,10.95,INR,2026-04-01 20:00:00
PAY000008104,ORD00010285,2026-01-18 12:00:00,razorpay ,success,502.46,27.77,INR,2026-01-18 12:00:00
PAY000008105,ORD00010896,2026-02-24 07:00:00,Stripe,success,520.9,21.93,inr,2026-02-24 07:00:00
PAY000008106,ORD00004124,2026-05-03 07:00:00,Razorpay,Failed,812.29,19.91,INR,2026-05-03 07:00:00
PAY000008107,ORD00008802,2026-04-08 12:00:00,Stripe,success,532.38,29.0,INR,2026-04-08 12:00:00
PAY000008108,ORD00005373,2026-08-26 17:00:00,razorpay ,success,1795.57,10.99,INR,2026-08-26 17:00:00
PAY000008109,ORD00011419,2026-02-04 21:00:00,PayU,PENDING,588.95,15.32,Rs,2026-02-04 21:00:00
PAY000008110,ORD00008726,2026-01-06 09:00:00,PayU,success,1072.07,10.25,INR,2026-01-06 09:00:00
PAY000008111,ORD00008794,2026-05-08 07:00:00,razorpay ,success,639.89,26.08,INR,2026-05-08 07:00:00
PAY000008112,ORD00000630,2026-07-08 03:00:00,Razorpay,success,995.73,18.38,INR,2026-07-08 03:00:00
PAY000008113,ORD00006091,2026-04-23 18:00:00,Razorpay,success,883.71,19.31,INR,2026-04-23 18:00:00
PAY000008114,ORD00005371,2026-05-16 19:00:00,PayU,success,360.71,15.81,INR,2026-05-16 19:00:00
PAY000008115,ORD00009389,2026-04-20 06:00:00,PayU,success,720.16,6.38,INR,2026-04-20 06:00:00
PAY000008116,ORD00003616,2026-01-05 14:00:00,Cashfree,success,763.33,30.82,INR,2026-01-05 14:00:00
PAY000008117,ORD00004179,2026-07-03 21:00:00,Stripe,success,694.07,29.95,inr,2026-07-03 21:00:00
PAY000008118,ORD00008120,2026-08-10 17:00:00,Cashfree,success,362.51,8.04,INR,2026-08-10 17:00:00
PAY000008119,ORD00001081,2026-02-15 01:00:00,,success,575.72,12.98,Rs,2026-02-15 01:00:00
PAY000008120,ORD00005335,2026-02-02 20:00:00,razorpay ,success,1366.83,7.14,INR,2026-02-02 20:00:00
PAY000008121,ORD00009281,2026-07-22 14:00:00,Razorpay,Failed,3625.73,23.07,INR,2026-07-22 14:00:00
PAY000008122,ORD00001934,2026-04-12 18:00:00,razorpay ,success,479.17,5.59,INR,2026-04-12 18:00:00
PAY000008123,ORD00002817,2026-02-05 09:00:00,razorpay ,success,2073.35,29.53,INR,2026-02-05 09:00:00
PAY000008124,ORD00005398,2026-06-04 12:00:00,Cashfree,success,1436.72,9.7,INR,2026-06-04 12:00:00
PAY000008125,ORD00005407,2026-03-27 04:00:00,Razorpay,success,440.53,3.39,INR,2026-03-27 04:00:00
PAY000008126,ORD00011283,2026-03-09 10:00:00,PayU,success,1480.68,7.62,INR,2026-03-09 10:00:00
PAY000008127,ORD00007004,2026-03-12 08:00:00,Cashfree,PENDING,1622.12,20.39,INR,2026-03-12 08:00:00
PAY000008128,ORD00003548,2026-05-05 14:00:00,Stripe,success,1833.12,24.53,INR,2026-05-05 14:00:00
PAY000008129,ORD00004100,2026-03-23 09:00:00,Cashfree,success,1430.24,19.89,INR,2026-03-23 09:00:00
PAY000008130,ORD00004774,2026-01-10 01:00:00,Razorpay,PENDING,815.06,30.12,INR,2026-01-10 01:00:00
PAY000008131,ORD00009469,2026-06-04 09:00:00,Razorpay,success,893.59,34.26,INR,2026-06-04 09:00:00
PAY000008132,ORD00004095,2026-04-30 15:00:00,Razorpay,success,639.57,14.43,INR,2026-04-30 15:00:00
PAY000008133,ORD00001899,2026-03-11 19:00:00,Cashfree,success,680.39,14.94,INR,2026-03-11 19:00:00
PAY000008134,ORD00006541,2026-01-05 20:00:00,Cashfree,success,327.75,6.03,INR,2026-01-05 20:00:00
PAY000008135,ORD00002327,2026-08-12 21:00:00,Stripe,success,496.54,15.9,INR,2026-08-12 21:00:00
PAY000008136,ORD00003075,2026-01-18 21:00:00,Razorpay,success,1847.53,17.23,INR,2026-01-18 21:00:00
PAY000008137,ORD00011028,2026-04-08 10:00:00,Razorpay,success,1376.32,19.43,INR,2026-04-08 10:00:00
PAY000008138,ORD00004994,2026-01-11 16:00:00,razorpay ,success,1045.34,29.15,INR,2026-01-11 16:00:00
PAY000008139,ORD00001784,2026-02-04 11:00:00,Cashfree,success,680.15,24.65,INR,2026-02-04 11:00:00
PAY000008140,ORD00008896,2026-01-15 23:00:00,Razorpay,success,3139.23,8.28,INR,2026-01-15 23:00:00
PAY000008141,ORD00010502,2026-04-24 01:00:00,Cashfree,success,1058.7,2.03,INR,2026-04-24 01:00:00
PAY000008142,ORD00003390,2026-06-28 02:00:00,Razorpay,success,1205.57,33.44,INR,2026-06-28 02:00:00
PAY000008143,ORD00001281,2026-01-23 07:00:00,Razorpay,success,1304.27,22.5,INR,2026-01-23 07:00:00
PAY000008144,ORD00001740,2026-04-30 15:00:00,PayU,success,1513.86,31.42,INR,2026-04-30 15:00:00
PAY000008145,ORD00003135,2026-03-17 14:00:00,Razorpay,success,812.27,13.56,inr,2026-03-17 14:00:00
PAY000008146,ORD00008055,2026-02-04 06:00:00,Razorpay,success,358.74,23.57,Rs,2026-02-04 06:00:00
PAY000008147,ORD00002205,2026-03-26 20:00:00,razorpay ,success,446.23,19.85,INR,2026-03-26 20:00:00
PAY000008148,ORD00005131,2026-04-20 03:00:00,Razorpay,success,4444.1,30.51,inr,2026-04-20 03:00:00
PAY000008149,ORD00006990,2026-08-17 01:00:00,razorpay ,success,991.23,22.28,INR,2026-08-17 01:00:00
PAY000008150,ORD00009333,2026-08-14 20:00:00,Razorpay,success,1179.65,15.52,INR,2026-08-14 20:00:00
PAY000008151,ORD00010120,2026-05-31 07:00:00,Cashfree,success,1880.12,27.64,INR,2026-05-31 07:00:00
PAY000008152,ORD00009475,2026-06-14 22:00:00,Stripe,PENDING,1031.94,28.49,INR,2026-06-14 22:00:00
PAY000008153,ORD00007643,2026-05-09 10:00:00,PayU,success,1676.25,13.03,INR,2026-05-09 10:00:00
PAY000008154,ORD00009624,2026-06-08 04:00:00,Stripe,success,222.39,4.98,inr,2026-06-08 04:00:00
PAY000008155,ORD00009417,2026-05-22 11:00:00,razorpay ,REFUNDED,267.46,8.95,INR,2026-05-22 11:00:00
PAY000008156,ORD00008733,2026-02-12 21:00:00,Cashfree,Failed,1004.45,32.37,INR,2026-02-12 21:00:00
PAY000008157,ORD00002507,2026-02-16 15:00:00,razorpay ,success,1113.62,34.36,INR,2026-02-16 15:00:00
PAY000008158,ORD00002781,2026-04-07 06:00:00,Cashfree,success,467.47,10.16,INR,2026-04-07 06:00:00
PAY000008159,ORD00001315,2026-06-29 09:00:00,Stripe,success,556.89,5.45,INR,2026-06-29 09:00:00
PAY000008160,ORD00004464,2026-08-13 22:00:00,Razorpay,success,447.07,9.36,inr,2026-08-13 22:00:00
PAY000008161,ORD00003683,2026-02-16 15:00:00,Stripe,success,614.75,13.27,inr,2026-02-16 15:00:00
PAY000008162,ORD00006571,2026-05-23 21:00:00,PayU,success,2492.32,5.2,inr,2026-05-23 21:00:00
PAY000008163,ORD00001507,2026-03-20 18:00:00,razorpay ,success,1754.74,28.5,INR,2026-03-20 18:00:00
PAY000008164,ORD00002894,2026-03-09 11:00:00,,success,1254.36,26.22,INR,2026-03-09 11:00:00
PAY000008165,ORD00002525,2026-05-18 17:00:00,Razorpay,success,525.38,7.58,INR,2026-05-18 17:00:00
PAY000008166,ORD00001153,2026-01-10 11:00:00,Stripe,REFUNDED,2174.4,6.8,Rs,2026-01-10 11:00:00
PAY000008167,ORD00011312,2026-04-27 23:00:00,razorpay ,Failed,1473.96,18.64,INR,2026-04-27 23:00:00
PAY000008168,ORD00005896,2026-04-03 18:00:00,PayU,success,1488.04,8.19,Rs,2026-04-03 18:00:00
PAY000008169,ORD00007797,2026-02-19 18:00:00,Cashfree,success,1217.16,21.14,Rs,2026-02-19 18:00:00
PAY000008170,ORD00011071,2026-05-17 03:00:00,razorpay ,REFUNDED,2698.58,22.84,INR,2026-05-17 03:00:00
PAY000008171,ORD00004565,2026-05-17 18:00:00,Stripe,success,2304.23,4.95,INR,2026-05-17 18:00:00
PAY000008172,ORD00008603,2026-06-28 19:00:00,Cashfree,success,1294.6,8.38,INR,2026-06-28 19:00:00
PAY000008173,ORD00007390,2026-08-27 22:00:00,PayU,Failed,1718.64,7.85,INR,2026-08-27 22:00:00
PAY000008174,ORD00010909,2026-01-06 21:00:00,PayU,success,1675.03,13.57,INR,2026-01-06 21:00:00
PAY000008175,ORD00011480,2026-07-03 15:00:00,Razorpay,success,639.01,28.87,INR,2026-07-03 15:00:00
PAY000008176,ORD00011731,2026-04-11 07:00:00,PayU,success,1217.25,13.71,INR,2026-04-11 07:00:00
PAY000008177,ORD00007677,2026-02-20 06:00:00,Razorpay,success,1146.43,23.83,INR,2026-02-20 06:00:00
PAY000008178,ORD00000881,2026-07-27 18:00:00,Razorpay,success,816.99,3.04,INR,2026-07-27 18:00:00
PAY000008179,ORD00008102,2026-08-08 19:00:00,Stripe,success,549.73,33.28,INR,2026-08-08 19:00:00
PAY000008180,ORD00008679,2026-01-08 12:00:00,razorpay ,success,801.88,33.89,INR,2026-01-08 12:00:00
PAY000008181,ORD00001555,2026-03-03 18:00:00,razorpay ,success,279.56,12.72,INR,2026-03-03 18:00:00
PAY000008182,ORD00002063,2026-03-17 18:00:00,Cashfree,success,874.45,33.76,INR,2026-03-17 18:00:00
PAY000008183,ORD00007191,2026-08-22 11:00:00,razorpay ,success,846.01,18.35,INR,2026-08-22 11:00:00
PAY000008184,ORD00010127,2026-06-25 12:00:00,razorpay ,success,619.38,34.68,INR,2026-06-25 12:00:00
PAY000008185,ORD00006524,2026-03-16 14:00:00,Stripe,success,1456.06,13.69,INR,2026-03-16 14:00:00
PAY000008186,ORD00004948,2026-05-22 00:00:00,Stripe,success,1270.74,3.15,INR,2026-05-22 00:00:00
PAY000008187,ORD00003141,2026-02-24 17:00:00,Razorpay,success,791.04,33.0,INR,2026-02-24 17:00:00
PAY000008188,ORD00006584,2026-03-08 02:00:00,Razorpay,success,1234.83,28.49,INR,2026-03-08 02:00:00
PAY000008189,ORD00000707,2026-07-11 09:00:00,Razorpay,success,447.85,32.09,INR,2026-07-11 09:00:00
PAY000008190,ORD00007044,2026-04-09 19:00:00,PayU,success,683.0,20.28,INR,2026-04-09 19:00:00
PAY000008191,ORD00004714,2026-01-06 14:00:00,PayU,success,905.33,21.42,INR,2026-01-06 14:00:00
PAY000008192,ORD00011510,2026-07-13 19:00:00,Cashfree,success,510.53,17.44,INR,2026-07-13 19:00:00
PAY000008193,ORD00006849,2026-08-09 03:00:00,Stripe,success,729.95,31.2,INR,2026-08-09 03:00:00
PAY000008194,ORD00001756,2026-04-07 17:00:00,Razorpay,success,2907.54,29.84,INR,2026-04-07 17:00:00
PAY000008195,ORD00001956,2026-07-15 13:00:00,Stripe,PENDING,900.87,7.94,INR,2026-07-15 13:00:00
PAY000008196,ORD00003380,2026-03-25 11:00:00,Razorpay,success,1075.15,20.15,INR,2026-03-25 11:00:00
PAY000008197,ORD00009096,2026-08-09 09:00:00,razorpay ,Failed,436.04,24.58,Rs,2026-08-09 09:00:00
PAY000008198,ORD00009578,2026-07-31 10:00:00,Cashfree,Failed,1358.68,11.21,inr,2026-07-31 10:00:00
PAY000008199,ORD00008078,2026-04-20 21:00:00,razorpay ,success,2322.43,22.03,INR,2026-04-20 21:00:00
PAY000008200,ORD00003044,2026-08-17 13:00:00,Razorpay,Failed,1149.31,7.3,INR,2026-08-17 13:00:00
PAY000008201,ORD00006547,2026-05-04 09:00:00,Cashfree,Failed,654.36,4.59,INR,2026-05-04 09:00:00
PAY000008202,ORD00000940,2026-03-18 12:00:00,Razorpay,Failed,3529.01,4.47,INR,2026-03-18 12:00:00
PAY000008203,ORD00007997,2026-02-07 13:00:00,Stripe,success,964.97,32.2,Rs,2026-02-07 13:00:00
PAY000008204,ORD00010088,2026-03-18 17:00:00,PayU,success,794.54,31.93,INR,2026-03-18 17:00:00
PAY000008205,ORD00006939,2026-06-09 07:00:00,Cashfree,success,1987.97,32.35,INR,2026-06-09 07:00:00
PAY000008206,ORD00005397,2026-06-06 19:00:00,razorpay ,success,688.82,26.3,INR,2026-06-06 19:00:00
PAY000008207,ORD00006447,2026-03-13 21:00:00,Razorpay,success,673.14,8.38,INR,2026-03-13 21:00:00
PAY000008208,ORD00003184,2026-08-03 04:00:00,Razorpay,success,1511.02,21.63,INR,2026-08-03 04:00:00
PAY000008209,ORD00006123,2026-02-05 17:00:00,Stripe,Failed,2317.33,11.48,INR,2026-02-05 17:00:00
PAY000008210,ORD00009257,2026-04-23 13:00:00,Stripe,REFUNDED,715.74,32.1,INR,2026-04-23 13:00:00
PAY000008211,ORD00011112,2026-06-25 13:00:00,Stripe,PENDING,1232.4,10.93,INR,2026-06-25 13:00:00
PAY000008212,ORD00009935,2026-06-09 11:00:00,Cashfree,success,821.12,29.14,INR,2026-06-09 11:00:00
PAY000008213,ORD00008172,2026-07-07 00:00:00,Stripe,Failed,1317.42,18.96,INR,2026-07-07 00:00:00
PAY000008214,ORD00004429,2026-07-27 17:00:00,Razorpay,success,1042.09,25.16,INR,2026-07-27 17:00:00
PAY000008215,ORD00002966,2026-07-02 09:00:00,Razorpay,success,1933.98,28.22,INR,2026-07-02 09:00:00
PAY000008216,ORD00003094,2026-01-06 21:00:00,Stripe,success,349.35,24.43,INR,2026-01-06 21:00:00
PAY000008217,ORD00007266,2026-01-13 15:00:00,razorpay ,success,4027.99,27.03,INR,2026-01-13 15:00:00
PAY000008218,ORD00006814,2026-07-24 02:00:00,Stripe,success,1233.46,9.34,Rs,2026-07-24 02:00:00
PAY000008219,ORD00002143,2026-03-27 23:00:00,Razorpay,success,1778.34,34.35,INR,2026-03-27 23:00:00
PAY000008220,ORD00009072,2026-03-13 09:00:00,Stripe,success,1296.49,21.44,INR,2026-03-13 09:00:00
PAY000008221,ORD00009037,2026-07-01 20:00:00,Cashfree,Failed,976.68,13.01,INR,2026-07-01 20:00:00
PAY000008222,ORD00011716,2026-06-23 01:00:00,Stripe,success,538.4,11.01,INR,2026-06-23 01:00:00
PAY000008223,ORD00007421,2026-07-24 16:00:00,PayU,success,475.27,2.52,INR,2026-07-24 16:00:00
PAY000008224,ORD00000124,2026-01-19 21:00:00,razorpay ,success,1459.37,15.46,INR,2026-01-19 21:00:00
PAY000008225,ORD00002428,2026-07-17 01:00:00,Stripe,success,522.37,10.25,INR,2026-07-17 01:00:00
PAY000008226,ORD00007004,2026-04-25 13:00:00,Razorpay,success,758.92,8.57,Rs,2026-04-25 13:00:00
PAY000008227,ORD00000246,2026-03-07 02:00:00,Razorpay,success,1030.45,33.86,INR,2026-03-07 02:00:00
PAY000008228,ORD00006696,2026-01-03 08:00:00,Razorpay,success,797.84,12.29,INR,2026-01-03 08:00:00
PAY000008229,ORD00011204,2026-05-30 08:00:00,,success,1489.94,32.79,INR,2026-05-30 08:00:00
PAY000008230,ORD00010050,2026-02-09 09:00:00,Stripe,PENDING,769.5,19.07,INR,2026-02-09 09:00:00
PAY000008231,ORD00010018,2026-01-13 07:00:00,PayU,PENDING,399.01,20.15,INR,2026-01-13 07:00:00
PAY000008232,ORD00000988,2026-07-15 00:00:00,Stripe,success,3251.79,16.37,inr,2026-07-15 00:00:00
PAY000008233,ORD00010771,2026-04-23 07:00:00,Cashfree,Failed,847.61,34.29,INR,2026-04-23 07:00:00
PAY000008234,ORD00001221,2026-02-03 23:00:00,Stripe,Failed,2973.11,5.81,INR,2026-02-03 23:00:00
PAY000008235,ORD00001699,2026-02-16 18:00:00,Cashfree,success,1827.0,24.18,INR,2026-02-16 18:00:00
PAY000008236,ORD00008116,2026-07-30 15:00:00,Cashfree,success,1744.46,33.54,INR,2026-07-30 15:00:00
PAY000008237,ORD00004293,2026-07-22 21:00:00,razorpay ,success,807.2,2.92,INR,2026-07-22 21:00:00
PAY000008238,ORD00005872,2026-01-12 15:00:00,PayU,success,1363.93,13.38,inr,2026-01-12 15:00:00
PAY000008239,ORD00006117,2026-07-28 06:00:00,Razorpay,success,2963.89,2.11,INR,2026-07-28 06:00:00
PAY000008240,ORD00003520,2026-02-27 21:00:00,Stripe,PENDING,2501.43,11.29,INR,2026-02-27 21:00:00
PAY000008241,ORD00007465,2026-03-25 00:00:00,razorpay ,Failed,476.82,5.89,Rs,2026-03-25 00:00:00
PAY000008242,ORD00001717,2026-02-05 21:00:00,Cashfree,success,666.53,5.87,inr,2026-02-05 21:00:00
PAY000008243,ORD00005753,2026-06-23 11:00:00,Stripe,success,1049.89,6.8,INR,2026-06-23 11:00:00
PAY000008244,ORD00005535,2026-04-08 21:00:00,PayU,success,873.28,3.59,INR,2026-04-08 21:00:00
PAY000008245,ORD00006508,2026-01-23 05:00:00,PayU,success,919.0,18.01,INR,2026-01-23 05:00:00
PAY000008246,ORD00004602,2026-06-07 03:00:00,PayU,success,1573.8,22.22,INR,2026-06-07 03:00:00
PAY000008247,ORD00003752,2026-02-18 21:00:00,razorpay ,success,385.19,5.4,INR,2026-02-18 21:00:00
PAY000008248,ORD00006332,2026-02-20 15:00:00,PayU,success,1643.36,3.28,INR,2026-02-20 15:00:00
PAY000008249,ORD00001473,2026-02-25 06:00:00,Stripe,Failed,790.82,23.28,INR,2026-02-25 06:00:00
PAY000008250,ORD00003618,2026-02-11 14:00:00,PayU,success,758.63,6.1,INR,2026-02-11 14:00:00
PAY000008251,ORD00000171,2026-05-28 07:00:00,razorpay ,success,1282.49,5.07,INR,2026-05-28 07:00:00
PAY000008252,ORD00004151,2026-06-21 11:00:00,Cashfree,success,896.48,16.26,INR,2026-06-21 11:00:00
PAY000008253,ORD00001953,2026-01-08 08:00:00,razorpay ,success,3626.88,18.54,INR,2026-01-08 08:00:00
PAY000008254,ORD00010066,2026-03-22 14:00:00,Razorpay,success,1736.61,27.76,INR,2026-03-22 14:00:00
PAY000008255,ORD00007574,2026-01-12 15:00:00,Razorpay,success,2252.59,4.52,inr,2026-01-12 15:00:00
PAY000008256,ORD00011691,2026-01-28 17:00:00,PayU,success,343.93,17.44,INR,2026-01-28 17:00:00
PAY000008257,ORD00005701,2026-05-06 07:00:00,Cashfree,success,934.75,10.63,INR,2026-05-06 07:00:00
PAY000008258,ORD00007909,2026-06-30 12:00:00,Stripe,success,941.77,27.2,Rs,2026-06-30 12:00:00
PAY000008259,ORD00009571,2026-03-29 06:00:00,razorpay ,success,679.76,29.67,INR,2026-03-29 06:00:00
PAY000008260,ORD00002402,2026-03-10 22:00:00,razorpay ,success,1413.39,2.34,INR,2026-03-10 22:00:00
PAY000008261,ORD00010524,2026-03-24 11:00:00,Stripe,Failed,1047.15,10.44,INR,2026-03-24 11:00:00
PAY000008262,ORD00011019,2026-05-09 15:00:00,razorpay ,success,868.29,8.84,inr,2026-05-09 15:00:00
PAY000008263,ORD00003416,2026-07-27 21:00:00,Razorpay,success,2896.12,32.21,INR,2026-07-27 21:00:00
PAY000008264,ORD00006354,2026-07-25 04:00:00,razorpay ,success,1919.72,10.51,INR,2026-07-25 04:00:00
PAY000008265,ORD00005048,2026-05-02 14:00:00,Stripe,success,1164.51,18.63,INR,2026-05-02 14:00:00
PAY000008266,ORD00003964,2026-01-18 20:00:00,PayU,success,999.68,20.7,INR,2026-01-18 20:00:00
PAY000008267,ORD00005550,2026-01-07 14:00:00,razorpay ,success,473.75,14.09,INR,2026-01-07 14:00:00
PAY000008268,ORD00006911,2026-03-29 10:00:00,Razorpay,success,1040.99,27.13,inr,2026-03-29 10:00:00
PAY000008269,ORD00000022,2026-03-25 17:00:00,Cashfree,success,3663.32,10.08,INR,2026-03-25 17:00:00
PAY000008270,ORD00011732,2026-04-16 19:00:00,PayU,Failed,908.57,34.5,INR,2026-04-16 19:00:00
PAY000008271,ORD00004113,2026-04-23 08:00:00,Razorpay,success,2216.34,11.06,Rs,2026-04-23 08:00:00
PAY000008272,ORD00011607,2026-02-16 10:00:00,PayU,success,1650.2,18.94,INR,2026-02-16 10:00:00
PAY000008273,ORD00009953,2026-01-05 21:00:00,razorpay ,success,356.74,19.42,INR,2026-01-05 21:00:00
PAY000008274,ORD00008100,2026-06-30 03:00:00,Cashfree,success,2988.57,26.32,Rs,2026-06-30 03:00:00
PAY000008275,ORD00010383,2026-06-03 09:00:00,Stripe,Failed,365.43,17.69,inr,2026-06-03 09:00:00
PAY000008276,ORD00003744,2026-07-04 08:00:00,Razorpay,Failed,543.0,17.02,INR,2026-07-04 08:00:00
PAY000008277,ORD00001531,2026-06-13 21:00:00,Razorpay,success,1450.13,11.18,INR,2026-06-13 21:00:00
PAY000008278,ORD00010361,2026-08-03 03:00:00,razorpay ,success,1440.12,12.97,INR,2026-08-03 03:00:00
PAY000008279,ORD00002574,2026-04-16 06:00:00,razorpay ,success,1027.16,25.33,INR,2026-04-16 06:00:00
PAY000008280,ORD00008431,2026-07-03 13:00:00,PayU,success,877.98,17.29,INR,2026-07-03 13:00:00
PAY000008281,ORD00002428,2026-07-06 01:00:00,Razorpay,success,519.61,3.51,inr,2026-07-06 01:00:00
PAY000008282,ORD00009382,2026-08-27 05:00:00,Cashfree,Failed,2463.15,12.08,INR,2026-08-27 05:00:00
PAY000008283,ORD00004997,2026-07-19 08:00:00,Cashfree,success,2292.16,19.7,INR,2026-07-19 08:00:00
PAY000008284,ORD00005844,2026-02-17 07:00:00,Stripe,success,382.3,28.69,Rs,2026-02-17 07:00:00
PAY000008285,ORD00008699,2026-01-12 13:00:00,Razorpay,Failed,2023.35,15.85,INR,2026-01-12 13:00:00
PAY000008286,ORD00009052,2026-05-25 07:00:00,PayU,Failed,1353.51,13.57,INR,2026-05-25 07:00:00
PAY000008287,ORD00010810,2026-03-10 04:00:00,Razorpay,success,660.39,30.25,INR,2026-03-10 04:00:00
PAY000008288,ORD00007141,2026-07-13 02:00:00,Cashfree,success,510.91,18.56,INR,2026-07-13 02:00:00
PAY000008289,ORD00006401,2026-07-08 16:00:00,PayU,success,1145.6,34.05,INR,2026-07-08 16:00:00
PAY000008290,ORD00007609,2026-07-18 14:00:00,Razorpay,success,1191.22,15.4,INR,2026-07-18 14:00:00
PAY000008291,ORD00003582,2026-06-03 07:00:00,Stripe,success,730.97,17.29,INR,2026-06-03 07:00:00
PAY000008292,ORD00002797,2026-02-16 10:00:00,razorpay ,success,623.13,21.02,Rs,2026-02-16 10:00:00
PAY000008293,ORD00002631,2026-05-21 02:00:00,Cashfree,success,1238.61,8.62,INR,2026-05-21 02:00:00
PAY000008294,ORD00003120,2026-01-13 18:00:00,PayU,success,672.96,19.58,inr,2026-01-13 18:00:00
PAY000008295,ORD00001817,2026-04-24 22:00:00,razorpay ,success,1259.01,26.36,INR,2026-04-24 22:00:00
PAY000008296,ORD00004839,2026-02-25 02:00:00,Stripe,success,2008.6,27.15,INR,2026-02-25 02:00:00
PAY000008297,ORD00009171,2026-03-23 09:00:00,PayU,success,3701.13,13.56,INR,2026-03-23 09:00:00
PAY000008298,ORD00001833,2026-06-15 03:00:00,Cashfree,success,718.36,5.49,INR,2026-06-15 03:00:00
PAY000008299,ORD00005753,2026-05-02 10:00:00,Stripe,success,428.69,18.73,INR,2026-05-02 10:00:00
PAY000008300,ORD00005554,2026-05-24 09:00:00,Razorpay,success,612.56,22.84,INR,2026-05-24 09:00:00
PAY000008301,ORD00007108,2026-08-21 23:00:00,razorpay ,success,812.63,25.47,INR,2026-08-21 23:00:00
PAY000008302,ORD00010927,2026-05-24 04:00:00,PayU,success,838.79,12.07,INR,2026-05-24 04:00:00
PAY000008303,ORD00001499,2026-01-19 05:00:00,PayU,success,2002.54,17.27,INR,2026-01-19 05:00:00
PAY000008304,ORD00010432,2026-04-28 15:00:00,Razorpay,success,1228.02,29.02,INR,2026-04-28 15:00:00
PAY000008305,ORD00007645,2026-07-23 01:00:00,Razorpay,success,320.45,22.22,Rs,2026-07-23 01:00:00
PAY000008306,ORD00001252,2026-08-26 21:00:00,Cashfree,success,793.55,33.98,INR,2026-08-26 21:00:00
PAY000008307,ORD00000643,2026-02-24 14:00:00,Cashfree,success,2060.58,32.03,INR,2026-02-24 14:00:00
PAY000008308,ORD00000948,2026-03-31 06:00:00,razorpay ,success,1140.66,23.58,INR,2026-03-31 06:00:00
PAY000008309,ORD00000243,2026-07-02 01:00:00,PayU,success,1718.85,3.33,INR,2026-07-02 01:00:00
PAY000008310,ORD00011458,2026-03-19 19:00:00,Stripe,success,489.63,8.68,INR,2026-03-19 19:00:00
PAY000008311,ORD00011337,2026-04-01 23:00:00,Stripe,Failed,640.12,3.5,INR,2026-04-01 23:00:00
PAY000008312,ORD00007439,2026-04-26 06:00:00,razorpay ,Failed,926.27,9.06,INR,2026-04-26 06:00:00
PAY000008313,ORD00006036,2026-07-03 02:00:00,Razorpay,success,1256.25,26.64,INR,2026-07-03 02:00:00
PAY000008314,ORD00006812,2026-04-19 14:00:00,Razorpay,PENDING,1161.7,16.9,INR,2026-04-19 14:00:00
PAY000008315,ORD00004502,2026-04-21 08:00:00,Stripe,success,608.11,6.57,INR,2026-04-21 08:00:00
PAY000008316,ORD00002819,2026-07-17 01:00:00,Cashfree,success,590.65,8.45,INR,2026-07-17 01:00:00
PAY000008317,ORD00003599,2026-08-12 20:00:00,PayU,success,605.32,33.7,INR,2026-08-12 20:00:00
PAY000008318,ORD00011719,2026-03-22 02:00:00,razorpay ,success,544.0,21.38,INR,2026-03-22 02:00:00
PAY000008319,ORD00002324,2026-06-04 07:00:00,Razorpay,Failed,1182.07,2.19,INR,2026-06-04 07:00:00
PAY000008320,ORD00000648,2026-07-15 07:00:00,razorpay ,PENDING,2455.48,20.14,INR,2026-07-15 07:00:00
PAY000008321,ORD00006721,2026-05-05 20:00:00,Razorpay,success,437.84,24.01,INR,2026-05-05 20:00:00
PAY000008322,ORD00005222,2026-07-29 19:00:00,Razorpay,success,938.99,7.72,INR,2026-07-29 19:00:00
PAY000008323,ORD00010887,2026-06-14 02:00:00,PayU,Failed,1066.28,10.75,inr,2026-06-14 02:00:00
PAY000008324,ORD00011343,2026-03-23 02:00:00,Cashfree,success,469.86,26.59,inr,2026-03-23 02:00:00
PAY000008325,ORD00004437,2026-07-20 13:00:00,razorpay ,success,494.28,21.94,INR,2026-07-20 13:00:00
PAY000008326,ORD00008832,2026-03-25 15:00:00,razorpay ,success,1299.51,34.19,INR,2026-03-25 15:00:00
PAY000008327,ORD00009270,2026-06-03 11:00:00,Razorpay,PENDING,411.34,14.35,INR,2026-06-03 11:00:00
PAY000008328,ORD00001388,2026-07-25 04:00:00,razorpay ,Failed,1212.0,20.38,INR,2026-07-25 04:00:00
PAY000008329,ORD00010038,2026-04-14 19:00:00,PayU,Failed,485.76,34.81,INR,2026-04-14 19:00:00
PAY000008330,ORD00007288,2026-02-19 22:00:00,razorpay ,success,1087.81,7.2,INR,2026-02-19 22:00:00
PAY000008331,ORD00010998,2026-04-22 16:00:00,Stripe,success,381.98,29.62,Rs,2026-04-22 16:00:00
PAY000008332,ORD00004119,2026-01-24 22:00:00,Razorpay,success,736.13,22.12,INR,2026-01-24 22:00:00
PAY000008333,ORD00008316,2026-04-05 12:00:00,PayU,success,337.15,21.93,INR,2026-04-05 12:00:00
PAY000008334,ORD00008725,2026-07-03 15:00:00,Cashfree,success,1434.73,23.65,INR,2026-07-03 15:00:00
PAY000008335,ORD00002073,2026-04-03 16:00:00,PayU,success,1056.39,21.95,INR,2026-04-03 16:00:00
PAY000008336,ORD00006951,2026-02-20 16:00:00,Razorpay,PENDING,3174.21,8.75,inr,2026-02-20 16:00:00
PAY000008337,ORD00001641,2026-01-18 16:00:00,PayU,success,1859.17,11.19,inr,2026-01-18 16:00:00
PAY000008338,ORD00010829,2026-07-16 21:00:00,Stripe,success,575.85,26.24,Rs,2026-07-16 21:00:00
PAY000008339,ORD00000516,2026-08-05 20:00:00,razorpay ,success,1067.72,26.04,INR,2026-08-05 20:00:00
PAY000008340,ORD00006813,2026-07-03 09:00:00,Stripe,success,1306.03,9.22,INR,2026-07-03 09:00:00
PAY000008341,ORD00008302,2026-03-27 08:00:00,Stripe,success,1007.2,15.84,inr,2026-03-27 08:00:00
PAY000008342,ORD00004912,2026-05-09 14:00:00,Stripe,success,1595.5,24.24,INR,2026-05-09 14:00:00
PAY000008343,ORD00011571,2026-01-16 11:00:00,Cashfree,Failed,512.22,26.5,INR,2026-01-16 11:00:00
PAY000008344,ORD00000327,2026-04-20 22:00:00,razorpay ,REFUNDED,686.41,19.45,Rs,2026-04-20 22:00:00
PAY000008345,ORD00011955,2026-07-09 11:00:00,Cashfree,success,369.51,15.4,INR,2026-07-09 11:00:00
PAY000008346,ORD00000535,2026-05-22 04:00:00,razorpay ,success,1129.75,12.05,INR,2026-05-22 04:00:00
PAY000008347,ORD00007301,2026-06-22 10:00:00,razorpay ,REFUNDED,1793.36,19.57,Rs,2026-06-22 10:00:00
PAY000008348,ORD00004904,2026-02-24 00:00:00,PayU,success,1177.65,12.92,INR,2026-02-24 00:00:00
PAY000008349,ORD00001027,2026-03-22 10:00:00,Cashfree,PENDING,1009.22,11.05,INR,2026-03-22 10:00:00
PAY000008350,ORD00010531,2026-06-03 15:00:00,PayU,success,1390.95,3.01,INR,2026-06-03 15:00:00
PAY000008351,ORD00011302,2026-03-19 00:00:00,Razorpay,success,623.22,6.76,INR,2026-03-19 00:00:00
PAY000008352,ORD00004514,2026-07-25 18:00:00,razorpay ,success,1879.82,18.38,INR,2026-07-25 18:00:00
PAY000008353,ORD00010684,2026-05-23 19:00:00,razorpay ,success,1168.01,18.8,INR,2026-05-23 19:00:00
PAY000008354,ORD00002848,2026-04-30 05:00:00,Cashfree,success,890.57,2.67,inr,2026-04-30 05:00:00
PAY000008355,ORD00007434,2026-06-14 14:00:00,Cashfree,PENDING,1123.7,5.77,inr,2026-06-14 14:00:00
PAY000008356,ORD00010170,2026-07-11 10:00:00,razorpay ,success,894.22,10.51,INR,2026-07-11 10:00:00
PAY000008357,ORD00005809,2026-05-19 00:00:00,PayU,success,399.86,10.63,INR,2026-05-19 00:00:00
PAY000008358,ORD00006974,2026-01-14 06:00:00,Stripe,success,1632.19,6.66,INR,2026-01-14 06:00:00
PAY000008359,ORD00000868,2026-08-18 16:00:00,razorpay ,success,1640.43,11.03,INR,2026-08-18 16:00:00
PAY000008360,ORD00008207,2026-05-30 19:00:00,Cashfree,success,238.52,14.22,INR,2026-05-30 19:00:00
PAY000008361,ORD00011501,2026-01-23 04:00:00,Cashfree,Failed,691.69,17.74,INR,2026-01-23 04:00:00
PAY000008362,ORD00008213,2026-05-29 19:00:00,razorpay ,success,3849.09,13.78,INR,2026-05-29 19:00:00
PAY000008363,ORD00002468,2026-06-28 15:00:00,Razorpay,success,1039.52,16.8,INR,2026-06-28 15:00:00
PAY000008364,ORD00005602,2026-06-03 00:00:00,razorpay ,success,1733.85,5.11,INR,2026-06-03 00:00:00
PAY000008365,ORD00001942,2026-02-11 20:00:00,PayU,success,1090.95,12.89,INR,2026-02-11 20:00:00
PAY000008366,ORD00004049,2026-03-16 01:00:00,Cashfree,success,463.44,12.03,INR,2026-03-16 01:00:00
PAY000008367,ORD00003485,2026-01-24 17:00:00,razorpay ,success,2260.91,24.71,INR,2026-01-24 17:00:00
PAY000008368,ORD00004654,2026-05-16 13:00:00,Stripe,success,1727.29,27.45,INR,2026-05-16 13:00:00
PAY000008369,ORD00008498,2026-04-12 16:00:00,Razorpay,success,3171.86,23.0,INR,2026-04-12 16:00:00
PAY000008370,ORD00011373,2026-07-12 03:00:00,razorpay ,Failed,4553.77,10.15,INR,2026-07-12 03:00:00
PAY000008371,ORD00002606,2026-07-07 17:00:00,Stripe,success,1778.81,7.28,INR,2026-07-07 17:00:00
PAY000008372,ORD00003414,2026-05-23 16:00:00,Razorpay,Failed,256.77,3.94,Rs,2026-05-23 16:00:00
PAY000008373,ORD00011478,2026-02-18 12:00:00,Razorpay,success,567.95,12.64,Rs,2026-02-18 12:00:00
PAY000008374,ORD00007676,2026-03-05 00:00:00,Razorpay,success,1697.24,29.75,INR,2026-03-05 00:00:00
PAY000008375,ORD00004340,2026-02-27 01:00:00,Cashfree,success,725.39,12.68,INR,2026-02-27 01:00:00
PAY000008376,ORD00007072,2026-08-12 19:00:00,Razorpay,REFUNDED,2371.66,16.05,INR,2026-08-12 19:00:00
PAY000008377,ORD00004331,2026-01-09 18:00:00,Cashfree,success,1318.07,28.36,INR,2026-01-09 18:00:00
PAY000008378,ORD00004560,2026-03-31 05:00:00,Razorpay,success,1113.37,30.25,INR,2026-03-31 05:00:00
PAY000008379,ORD00006300,2026-02-21 17:00:00,Stripe,success,1418.18,11.49,inr,2026-02-21 17:00:00
PAY000008380,ORD00003799,2026-02-19 15:00:00,Cashfree,success,1014.44,28.2,INR,2026-02-19 15:00:00
PAY000008381,ORD00006502,2026-07-21 14:00:00,razorpay ,success,1928.32,19.42,INR,2026-07-21 14:00:00
PAY000008382,ORD00009804,2026-04-24 03:00:00,razorpay ,success,1917.98,33.72,INR,2026-04-24 03:00:00
PAY000008383,ORD00010728,2026-02-23 13:00:00,Stripe,success,605.46,30.77,INR,2026-02-23 13:00:00
PAY000008384,ORD00003494,2026-07-03 01:00:00,Razorpay,success,847.5,28.37,INR,2026-07-03 01:00:00
PAY000008385,ORD00004960,2026-01-09 04:00:00,,success,1519.69,27.68,Rs,2026-01-09 04:00:00
PAY000008386,ORD00008368,2026-07-26 20:00:00,Razorpay,success,1304.77,7.31,INR,2026-07-26 20:00:00
PAY000008387,ORD00011901,2026-01-29 09:00:00,Cashfree,Failed,1467.98,21.04,INR,2026-01-29 09:00:00
PAY000008388,ORD00007419,2026-02-18 21:00:00,Cashfree,success,1740.84,18.05,Rs,2026-02-18 21:00:00
PAY000008389,ORD00003223,2026-02-11 09:00:00,Stripe,success,578.27,13.43,INR,2026-02-11 09:00:00
PAY000008390,ORD00001227,2026-05-16 08:00:00,PayU,success,437.22,24.46,INR,2026-05-16 08:00:00
PAY000008391,ORD00004445,2026-07-26 15:00:00,Stripe,PENDING,1843.74,5.27,INR,2026-07-26 15:00:00
PAY000008392,ORD00001248,2026-07-17 05:00:00,Cashfree,success,362.33,15.74,INR,2026-07-17 05:00:00
PAY000008393,ORD00006644,2026-03-28 01:00:00,PayU,PENDING,776.25,18.3,INR,2026-03-28 01:00:00
PAY000008394,ORD00010181,2026-01-09 17:00:00,razorpay ,success,2690.02,30.64,INR,2026-01-09 17:00:00
PAY000008395,ORD00003973,2026-06-12 13:00:00,,Failed,578.92,21.41,INR,2026-06-12 13:00:00
PAY000008396,ORD00006988,2026-02-25 23:00:00,PayU,success,2194.72,22.06,INR,2026-02-25 23:00:00
PAY000008397,ORD00009595,2026-05-20 20:00:00,Stripe,success,866.27,22.34,INR,2026-05-20 20:00:00
PAY000008398,ORD00009897,2026-08-12 13:00:00,Stripe,success,1718.02,14.19,INR,2026-08-12 13:00:00
PAY000008399,ORD00001388,2026-03-25 04:00:00,PayU,success,2597.91,30.48,INR,2026-03-25 04:00:00
PAY000008400,ORD00003246,2026-07-17 05:00:00,Cashfree,success,1160.0,18.56,INR,2026-07-17 05:00:00
PAY000008401,ORD00002595,2026-05-15 02:00:00,Cashfree,PENDING,1394.77,10.86,INR,2026-05-15 02:00:00
PAY000008402,ORD00001238,2026-04-24 19:00:00,Cashfree,success,622.47,25.16,INR,2026-04-24 19:00:00
PAY000008403,ORD00006355,2026-01-23 10:00:00,Razorpay,success,2922.43,21.25,INR,2026-01-23 10:00:00
PAY000008404,ORD00010751,2026-02-28 21:00:00,Cashfree,success,952.99,29.89,INR,2026-02-28 21:00:00
PAY000008405,ORD00007651,2026-06-23 04:00:00,Razorpay,success,382.25,28.66,Rs,2026-06-23 04:00:00
PAY000008406,ORD00009482,2026-04-06 12:00:00,Razorpay,success,2451.53,20.16,INR,2026-04-06 12:00:00
PAY000008407,ORD00008885,2026-02-08 22:00:00,Cashfree,success,2496.81,17.5,INR,2026-02-08 22:00:00
PAY000008408,ORD00002048,2026-07-24 13:00:00,Stripe,success,1711.69,11.78,INR,2026-07-24 13:00:00
PAY000008409,ORD00009602,2026-04-20 19:00:00,PayU,success,867.38,22.24,inr,2026-04-20 19:00:00
PAY000008410,ORD00003803,2026-01-01 11:00:00,Cashfree,Failed,788.11,10.19,inr,2026-01-01 11:00:00
PAY000008411,ORD00009466,2026-07-01 19:00:00,Stripe,PENDING,1948.87,28.34,INR,2026-07-01 19:00:00
PAY000008412,ORD00005369,2026-07-20 22:00:00,PayU,success,1406.57,12.89,INR,2026-07-20 22:00:00
PAY000008413,ORD00009452,2026-03-03 08:00:00,Razorpay,success,1974.24,14.17,INR,2026-03-03 08:00:00
PAY000008414,ORD00008581,2026-05-17 16:00:00,Cashfree,success,2149.81,24.42,INR,2026-05-17 16:00:00
PAY000008415,ORD00009993,2026-02-07 14:00:00,razorpay ,success,1230.8,4.91,inr,2026-02-07 14:00:00
PAY000008416,ORD00007796,2026-07-11 01:00:00,PayU,success,321.99,12.06,INR,2026-07-11 01:00:00
PAY000008417,ORD00011116,2026-02-08 17:00:00,razorpay ,success,3942.16,32.72,INR,2026-02-08 17:00:00
PAY000008418,ORD00007196,2026-08-04 12:00:00,Cashfree,Failed,851.62,34.29,INR,2026-08-04 12:00:00
PAY000008419,ORD00002089,2026-07-27 02:00:00,Razorpay,success,585.45,10.25,INR,2026-07-27 02:00:00
PAY000008420,ORD00008680,2026-03-06 18:00:00,razorpay ,success,476.02,5.31,INR,2026-03-06 18:00:00
PAY000008421,ORD00011599,2026-05-26 15:00:00,razorpay ,success,511.9,7.93,inr,2026-05-26 15:00:00
PAY000008422,ORD00009306,2026-07-24 18:00:00,Razorpay,success,753.32,26.58,inr,2026-07-24 18:00:00
PAY000008423,ORD00003949,2026-02-03 18:00:00,PayU,success,1730.14,16.09,INR,2026-02-03 18:00:00
PAY000008424,ORD00000391,2026-03-02 00:00:00,Razorpay,success,855.91,23.49,INR,2026-03-02 00:00:00
PAY000008425,ORD00006085,2026-05-24 20:00:00,PayU,success,1321.08,21.43,INR,2026-05-24 20:00:00
PAY000008426,ORD00007626,2026-07-07 10:00:00,razorpay ,success,672.12,33.86,INR,2026-07-07 10:00:00
PAY000008427,ORD00005346,2026-05-06 21:00:00,razorpay ,success,1521.01,11.26,INR,2026-05-06 21:00:00
PAY000008428,ORD00008926,2026-02-24 05:00:00,Stripe,success,449.0,19.88,INR,2026-02-24 05:00:00
PAY000008429,ORD00010805,2026-04-15 05:00:00,Razorpay,success,1861.41,5.6,INR,2026-04-15 05:00:00
PAY000008430,ORD00004555,2026-02-18 23:00:00,Razorpay,success,1165.03,9.0,Rs,2026-02-18 23:00:00
PAY000008431,ORD00009418,2026-03-17 03:00:00,PayU,success,3348.64,17.08,INR,2026-03-17 03:00:00
PAY000008432,ORD00004972,2026-06-07 22:00:00,Cashfree,success,2614.56,12.24,INR,2026-06-07 22:00:00
PAY000008433,ORD00002970,2026-01-19 14:00:00,razorpay ,success,807.29,17.58,INR,2026-01-19 14:00:00
PAY000008434,ORD00004039,2026-05-07 19:00:00,Stripe,Failed,679.16,7.8,INR,2026-05-07 19:00:00
PAY000008435,ORD00002061,2026-07-19 11:00:00,PayU,success,911.21,13.64,Rs,2026-07-19 11:00:00
PAY000008436,ORD00002849,2026-05-18 09:00:00,Razorpay,success,491.98,32.36,INR,2026-05-18 09:00:00
PAY000008437,ORD00009300,2026-02-27 19:00:00,PayU,Failed,1307.82,15.96,Rs,2026-02-27 19:00:00
PAY000008438,ORD00001031,2026-07-31 11:00:00,Cashfree,success,1144.96,29.64,INR,2026-07-31 11:00:00
PAY000008439,ORD00004433,2026-01-18 06:00:00,Razorpay,success,1430.87,9.55,inr,2026-01-18 06:00:00
PAY000008440,ORD00002951,2026-08-17 11:00:00,razorpay ,success,1647.97,21.17,INR,2026-08-17 11:00:00
PAY000008441,ORD00005815,2026-07-22 05:00:00,Razorpay,success,762.78,33.33,inr,2026-07-22 05:00:00
PAY000008442,ORD00002155,2026-03-09 12:00:00,Razorpay,PENDING,3083.05,5.95,INR,2026-03-09 12:00:00
PAY000008443,ORD00011807,2026-01-27 20:00:00,razorpay ,success,2479.34,6.57,INR,2026-01-27 20:00:00
PAY000008444,ORD00010498,2026-01-29 15:00:00,Stripe,success,612.79,23.22,INR,2026-01-29 15:00:00
PAY000008445,ORD00004136,2026-06-18 06:00:00,razorpay ,success,1071.72,10.11,INR,2026-06-18 06:00:00
PAY000008446,ORD00000419,2026-04-16 03:00:00,Stripe,success,1266.32,13.75,inr,2026-04-16 03:00:00
PAY000008447,ORD00011918,2026-03-18 23:00:00,Razorpay,Failed,1655.39,7.16,INR,2026-03-18 23:00:00
PAY000008448,ORD00004113,2026-08-18 19:00:00,Razorpay,success,1362.73,17.77,INR,2026-08-18 19:00:00
PAY000008449,ORD00004349,2026-05-07 07:00:00,PayU,success,902.86,14.87,INR,2026-05-07 07:00:00
PAY000008450,ORD00005671,2026-04-07 07:00:00,PayU,success,2161.23,28.85,inr,2026-04-07 07:00:00
PAY000008451,ORD00006012,2026-05-12 03:00:00,Cashfree,REFUNDED,2858.23,25.9,INR,2026-05-12 03:00:00
PAY000008452,ORD00005794,2026-02-22 16:00:00,PayU,REFUNDED,343.2,16.77,INR,2026-02-22 16:00:00
PAY000008453,ORD00001863,2026-07-09 11:00:00,Stripe,success,1204.22,6.92,inr,2026-07-09 11:00:00
PAY000008454,ORD00000444,2026-08-27 06:00:00,PayU,success,989.9,7.18,INR,2026-08-27 06:00:00
PAY000008455,ORD00002374,2026-07-16 12:00:00,Stripe,success,847.33,27.38,INR,2026-07-16 12:00:00
PAY000008456,ORD00000622,2026-06-20 15:00:00,Razorpay,success,585.15,10.09,inr,2026-06-20 15:00:00
PAY000008457,ORD00011970,2026-08-02 11:00:00,Stripe,success,2559.16,9.98,INR,2026-08-02 11:00:00
PAY000008458,ORD00001393,2026-01-25 13:00:00,Stripe,success,579.26,27.96,INR,2026-01-25 13:00:00
PAY000008459,ORD00011463,2026-08-24 17:00:00,razorpay ,success,888.54,27.39,INR,2026-08-24 17:00:00
PAY000008460,ORD00007693,2026-02-09 14:00:00,Razorpay,success,1032.37,5.87,INR,2026-02-09 14:00:00
PAY000008461,ORD00003915,2026-07-03 01:00:00,Cashfree,success,1796.61,13.24,INR,2026-07-03 01:00:00
PAY000008462,ORD00002105,2026-05-27 04:00:00,Razorpay,success,531.32,26.94,INR,2026-05-27 04:00:00
PAY000008463,ORD00002761,2026-07-07 06:00:00,PayU,REFUNDED,1248.51,2.7,INR,2026-07-07 06:00:00
PAY000008464,ORD00003843,2026-04-24 15:00:00,Cashfree,success,566.71,23.06,INR,2026-04-24 15:00:00
PAY000008465,ORD00008785,2026-02-09 08:00:00,PayU,success,563.67,3.94,INR,2026-02-09 08:00:00
PAY000008466,ORD00004078,2026-05-07 15:00:00,Stripe,success,1768.59,26.12,INR,2026-05-07 15:00:00
PAY000008467,ORD00000978,2026-06-14 11:00:00,Razorpay,success,2575.39,31.35,INR,2026-06-14 11:00:00
PAY000008468,ORD00003956,2026-05-20 11:00:00,PayU,success,534.75,28.08,INR,2026-05-20 11:00:00
PAY000008469,ORD00004534,2026-08-13 10:00:00,Stripe,success,1998.77,19.83,INR,2026-08-13 10:00:00
PAY000008470,ORD00011651,2026-06-05 20:00:00,Cashfree,Failed,581.86,22.41,INR,2026-06-05 20:00:00
PAY000008471,ORD00004089,2026-05-15 16:00:00,razorpay ,success,498.97,13.61,INR,2026-05-15 16:00:00
PAY000008472,ORD00010195,2026-01-19 08:00:00,razorpay ,REFUNDED,886.01,32.13,INR,2026-01-19 08:00:00
PAY000008473,ORD00005449,2026-05-24 23:00:00,razorpay ,REFUNDED,1575.07,21.31,INR,2026-05-24 23:00:00
PAY000008474,ORD00001598,2026-01-31 19:00:00,Razorpay,success,706.21,20.83,INR,2026-01-31 19:00:00
PAY000008475,ORD00005055,2026-08-03 17:00:00,Cashfree,success,3157.48,30.95,INR,2026-08-03 17:00:00
PAY000008476,ORD00011353,2026-08-14 23:00:00,razorpay ,success,1102.84,32.59,inr,2026-08-14 23:00:00
PAY000008477,ORD00005005,2026-04-29 20:00:00,PayU,success,1038.85,28.47,INR,2026-04-29 20:00:00
PAY000008478,ORD00007266,2026-01-13 00:00:00,Stripe,Failed,2248.04,25.34,Rs,2026-01-13 00:00:00
PAY000008479,ORD00007906,2026-06-17 17:00:00,PayU,success,4915.07,6.78,INR,2026-06-17 17:00:00
PAY000008480,ORD00001660,2026-03-02 01:00:00,razorpay ,success,693.79,25.73,INR,2026-03-02 01:00:00
PAY000008481,ORD00011838,2026-03-16 06:00:00,,success,1177.62,12.47,INR,2026-03-16 06:00:00
PAY000008482,ORD00009888,2026-04-16 12:00:00,razorpay ,success,615.33,33.47,inr,2026-04-16 12:00:00
PAY000008483,ORD00005759,2026-08-04 11:00:00,razorpay ,success,1029.48,2.06,INR,2026-08-04 11:00:00
PAY000008484,ORD00010656,2026-02-04 19:00:00,Stripe,Failed,785.69,27.69,INR,2026-02-04 19:00:00
PAY000008485,ORD00007307,2026-03-13 22:00:00,Stripe,success,365.29,23.95,INR,2026-03-13 22:00:00
PAY000008486,ORD00001153,2026-01-03 04:00:00,PayU,success,1533.09,10.78,INR,2026-01-03 04:00:00
PAY000008487,ORD00005850,2026-03-11 23:00:00,Stripe,Failed,1571.14,16.2,INR,2026-03-11 23:00:00
PAY000008488,ORD00007443,2026-04-28 18:00:00,PayU,success,690.84,8.01,INR,2026-04-28 18:00:00
PAY000008489,ORD00000449,2026-03-12 13:00:00,Razorpay,success,419.54,18.73,INR,2026-03-12 13:00:00
PAY000008490,ORD00006593,2026-05-11 14:00:00,Razorpay,success,2074.71,34.36,INR,2026-05-11 14:00:00
PAY000008491,ORD00003274,2026-05-13 12:00:00,Razorpay,success,4177.66,16.2,INR,2026-05-13 12:00:00
PAY000008492,ORD00011600,2026-04-03 04:00:00,Razorpay,success,708.33,8.78,INR,2026-04-03 04:00:00
PAY000008493,ORD00000282,2026-08-12 23:00:00,PayU,success,936.86,28.04,inr,2026-08-12 23:00:00
PAY000008494,ORD00007751,2026-07-02 04:00:00,razorpay ,PENDING,790.7,7.91,INR,2026-07-02 04:00:00
PAY000008495,ORD00000646,2026-03-26 18:00:00,razorpay ,success,425.93,6.11,INR,2026-03-26 18:00:00
PAY000008496,ORD00009351,2026-01-20 07:00:00,razorpay ,success,879.57,23.65,INR,2026-01-20 07:00:00
PAY000008497,ORD00002245,2026-05-27 17:00:00,PayU,success,645.04,5.78,INR,2026-05-27 17:00:00
PAY000008498,ORD00010443,2026-07-22 09:00:00,razorpay ,success,440.92,13.4,INR,2026-07-22 09:00:00
PAY000008499,ORD00003903,2026-04-23 02:00:00,Cashfree,PENDING,697.04,31.53,INR,2026-04-23 02:00:00
PAY000008500,ORD00010642,2026-04-29 03:00:00,PayU,Failed,2702.41,20.03,inr,2026-04-29 03:00:00
PAY000008501,ORD00000718,2026-08-19 04:00:00,PayU,success,1529.94,2.56,INR,2026-08-19 04:00:00
PAY000008502,ORD00009373,2026-01-17 04:00:00,PayU,success,2436.29,12.32,INR,2026-01-17 04:00:00
PAY000008503,ORD00005188,2026-03-18 08:00:00,Razorpay,success,815.11,9.71,INR,2026-03-18 08:00:00
PAY000008504,ORD00000185,2026-06-08 07:00:00,razorpay ,success,1840.4,33.79,INR,2026-06-08 07:00:00
PAY000008505,ORD00002464,2026-02-07 16:00:00,razorpay ,success,3020.9,32.6,inr,2026-02-07 16:00:00
PAY000008506,ORD00000336,2026-02-19 12:00:00,Razorpay,success,883.25,8.75,INR,2026-02-19 12:00:00
PAY000008507,ORD00003515,2026-08-09 07:00:00,Stripe,success,1058.86,24.01,INR,2026-08-09 07:00:00
PAY000008508,ORD00002882,2026-07-11 14:00:00,Cashfree,success,906.33,10.05,INR,2026-07-11 14:00:00
PAY000008509,ORD00004542,2026-03-21 19:00:00,Cashfree,success,1431.0,3.89,INR,2026-03-21 19:00:00
PAY000008510,ORD00008637,2026-03-30 07:00:00,Stripe,Failed,1118.12,30.07,INR,2026-03-30 07:00:00
PAY000008511,ORD00003582,2026-03-15 21:00:00,Razorpay,success,564.33,12.08,INR,2026-03-15 21:00:00
PAY000008512,ORD00006655,2026-01-09 20:00:00,PayU,success,1191.41,11.59,INR,2026-01-09 20:00:00
PAY000008513,ORD00009397,2026-01-21 23:00:00,Stripe,success,2654.02,21.93,INR,2026-01-21 23:00:00
PAY000008514,ORD00004188,2026-02-12 02:00:00,Cashfree,success,1724.39,26.02,inr,2026-02-12 02:00:00
PAY000008515,ORD00000543,2026-08-22 16:00:00,Razorpay,success,560.65,12.33,INR,2026-08-22 16:00:00
PAY000008516,ORD00006686,2026-08-13 14:00:00,Stripe,success,1972.93,32.75,INR,2026-08-13 14:00:00
PAY000008517,ORD00007321,2026-06-02 16:00:00,PayU,success,1758.53,12.65,inr,2026-06-02 16:00:00
PAY000008518,ORD00004330,2026-07-05 21:00:00,Cashfree,success,1006.09,22.77,INR,2026-07-05 21:00:00
PAY000008519,ORD00000239,2026-04-04 02:00:00,Stripe,success,1091.59,32.45,inr,2026-04-04 02:00:00
PAY000008520,ORD00000137,2026-08-03 23:00:00,Razorpay,success,534.24,2.1,INR,2026-08-03 23:00:00
PAY000008521,ORD00000913,2026-04-04 20:00:00,Razorpay,success,576.83,32.03,INR,2026-04-04 20:00:00
PAY000008522,ORD00002241,2026-02-04 12:00:00,Cashfree,success,815.23,12.62,Rs,2026-02-04 12:00:00
PAY000008523,ORD00009897,2026-02-18 22:00:00,razorpay ,success,397.97,13.76,INR,2026-02-18 22:00:00
PAY000008524,ORD00009788,2026-04-08 05:00:00,razorpay ,success,464.57,32.24,INR,2026-04-08 05:00:00
PAY000008525,ORD00006349,2026-01-27 13:00:00,Stripe,success,2846.64,5.41,inr,2026-01-27 13:00:00
PAY000008526,ORD00011024,2026-02-26 05:00:00,Razorpay,PENDING,533.9,29.07,INR,2026-02-26 05:00:00
PAY000008527,ORD00007300,2026-08-11 05:00:00,PayU,success,1993.48,13.07,INR,2026-08-11 05:00:00
PAY000008528,ORD00011144,2026-04-25 02:00:00,Cashfree,success,1447.0,31.43,INR,2026-04-25 02:00:00
PAY000008529,ORD00000598,2026-04-26 04:00:00,razorpay ,Failed,946.1,22.31,INR,2026-04-26 04:00:00
PAY000008530,ORD00003328,2026-06-19 18:00:00,razorpay ,success,1667.07,7.75,INR,2026-06-19 18:00:00
PAY000008531,ORD00000925,2026-05-11 23:00:00,,success,2797.62,33.4,INR,2026-05-11 23:00:00
PAY000008532,ORD00007798,2026-07-10 17:00:00,Razorpay,success,2007.69,25.68,INR,2026-07-10 17:00:00
PAY000008533,ORD00009848,2026-08-24 11:00:00,Razorpay,success,1592.13,7.45,inr,2026-08-24 11:00:00
PAY000008534,ORD00006513,2026-01-22 13:00:00,Stripe,PENDING,4310.04,8.82,INR,2026-01-22 13:00:00
PAY000008535,ORD00003922,2026-01-08 00:00:00,razorpay ,success,1694.24,34.93,INR,2026-01-08 00:00:00
PAY000008536,ORD00001068,2026-02-04 19:00:00,Cashfree,success,2719.63,25.9,inr,2026-02-04 19:00:00
PAY000008537,ORD00011947,2026-04-05 19:00:00,Razorpay,success,1493.61,23.14,inr,2026-04-05 19:00:00
PAY000008538,ORD00006562,2026-02-08 09:00:00,PayU,REFUNDED,3720.49,30.38,INR,2026-02-08 09:00:00
PAY000008539,ORD00007445,2026-06-10 03:00:00,PayU,success,1384.71,24.86,INR,2026-06-10 03:00:00
PAY000008540,ORD00002436,2026-03-30 22:00:00,Stripe,success,723.85,34.99,INR,2026-03-30 22:00:00
PAY000008541,ORD00003901,2026-04-07 00:00:00,,PENDING,837.63,16.98,INR,2026-04-07 00:00:00
PAY000008542,ORD00001864,2026-08-16 12:00:00,Stripe,success,1407.81,8.18,INR,2026-08-16 12:00:00
PAY000008543,ORD00004080,2026-05-18 05:00:00,Razorpay,success,1332.34,23.75,INR,2026-05-18 05:00:00
PAY000008544,ORD00007540,2026-04-12 22:00:00,Razorpay,success,724.52,16.86,INR,2026-04-12 22:00:00
PAY000008545,ORD00011718,2026-04-25 02:00:00,Stripe,Failed,1714.89,25.41,INR,2026-04-25 02:00:00
PAY000008546,ORD00010618,2026-04-01 22:00:00,PayU,success,568.03,25.96,INR,2026-04-01 22:00:00
PAY000008547,ORD00002869,2026-02-01 16:00:00,Cashfree,success,445.98,18.45,INR,2026-02-01 16:00:00
PAY000008548,ORD00005051,2026-04-05 14:00:00,razorpay ,Failed,549.45,22.07,inr,2026-04-05 14:00:00
PAY000008549,ORD00010606,2026-02-13 11:00:00,Cashfree,success,1793.87,33.96,INR,2026-02-13 11:00:00
PAY000008550,ORD00004352,2026-05-13 00:00:00,Razorpay,Failed,1248.26,4.13,Rs,2026-05-13 00:00:00
PAY000008551,ORD00003284,2026-07-31 18:00:00,Cashfree,success,467.12,21.32,INR,2026-07-31 18:00:00
PAY000008552,ORD00000317,2026-02-01 06:00:00,PayU,success,1672.72,34.92,INR,2026-02-01 06:00:00
PAY000008553,ORD00000685,2026-08-13 17:00:00,Cashfree,success,823.4,19.97,INR,2026-08-13 17:00:00
PAY000008554,ORD00003321,2026-02-16 03:00:00,Cashfree,success,547.64,24.09,inr,2026-02-16 03:00:00
PAY000008555,ORD00006275,2026-05-03 17:00:00,Razorpay,success,1923.33,21.75,INR,2026-05-03 17:00:00
PAY000008556,ORD00000353,2026-02-21 20:00:00,Cashfree,success,1011.26,22.66,INR,2026-02-21 20:00:00
PAY000008557,ORD00010169,2026-04-23 15:00:00,razorpay ,success,2297.12,27.84,INR,2026-04-23 15:00:00
PAY000008558,ORD00009636,2026-03-22 07:00:00,Stripe,REFUNDED,618.83,30.71,INR,2026-03-22 07:00:00
PAY000008559,ORD00005842,2026-07-20 19:00:00,Stripe,success,545.52,18.78,inr,2026-07-20 19:00:00
PAY000008560,ORD00000721,2026-07-12 15:00:00,Stripe,success,2082.71,27.81,INR,2026-07-12 15:00:00
PAY000008561,ORD00009196,2026-08-15 04:00:00,Cashfree,success,472.1,26.22,INR,2026-08-15 04:00:00
PAY000008562,ORD00011872,2026-03-07 18:00:00,razorpay ,success,904.41,26.09,INR,2026-03-07 18:00:00
PAY000008563,ORD00002062,2026-08-10 17:00:00,Stripe,success,3260.61,26.99,INR,2026-08-10 17:00:00
PAY000008564,ORD00001818,2026-03-29 22:00:00,razorpay ,PENDING,1959.4,17.17,INR,2026-03-29 22:00:00
PAY000008565,ORD00003367,2026-03-14 16:00:00,Stripe,success,4031.49,8.93,INR,2026-03-14 16:00:00
PAY000008566,ORD00000507,2026-06-06 17:00:00,Cashfree,success,543.05,6.87,INR,2026-06-06 17:00:00
PAY000008567,ORD00010645,2026-01-14 17:00:00,PayU,success,872.77,4.85,INR,2026-01-14 17:00:00
PAY000008568,ORD00001483,2026-04-29 06:00:00,Cashfree,success,792.18,3.32,INR,2026-04-29 06:00:00
PAY000008569,ORD00010823,2026-03-27 08:00:00,PayU,success,477.85,22.94,INR,2026-03-27 08:00:00
PAY000008570,ORD00000394,2026-06-28 22:00:00,Cashfree,success,2682.46,16.22,INR,2026-06-28 22:00:00
PAY000008571,ORD00005691,2026-06-28 01:00:00,Razorpay,success,463.88,17.38,INR,2026-06-28 01:00:00
PAY000008572,ORD00002226,2026-07-20 16:00:00,Razorpay,success,1232.93,13.32,INR,2026-07-20 16:00:00
PAY000008573,ORD00009744,2026-01-13 09:00:00,PayU,success,864.61,27.38,INR,2026-01-13 09:00:00
PAY000008574,ORD00004562,2026-01-27 22:00:00,Stripe,success,839.17,30.59,Rs,2026-01-27 22:00:00
PAY000008575,ORD00000675,2026-06-05 05:00:00,Stripe,Failed,3285.42,32.93,INR,2026-06-05 05:00:00
PAY000008576,ORD00005033,2026-06-12 22:00:00,Cashfree,success,2437.36,15.81,INR,2026-06-12 22:00:00
PAY000008577,ORD00008985,2026-01-28 23:00:00,Cashfree,success,1835.43,15.34,INR,2026-01-28 23:00:00
PAY000008578,ORD00001756,2026-01-09 09:00:00,razorpay ,success,2761.27,2.95,INR,2026-01-09 09:00:00
PAY000008579,ORD00008323,2026-06-25 14:00:00,PayU,success,1453.97,9.66,Rs,2026-06-25 14:00:00
PAY000008580,ORD00007598,2026-01-18 07:00:00,Cashfree,REFUNDED,1517.67,19.4,INR,2026-01-18 07:00:00
PAY000008581,ORD00003520,2026-02-22 00:00:00,PayU,Failed,1553.65,24.18,INR,2026-02-22 00:00:00
PAY000008582,ORD00009873,2026-02-08 03:00:00,PayU,success,2315.35,14.01,INR,2026-02-08 03:00:00
PAY000008583,ORD00009300,2026-08-20 23:00:00,Cashfree,success,2281.96,23.86,INR,2026-08-20 23:00:00
PAY000008584,ORD00001567,2026-04-26 04:00:00,Cashfree,PENDING,1274.29,15.4,INR,2026-04-26 04:00:00
PAY000008585,ORD00006766,2026-01-13 16:00:00,Razorpay,success,1324.81,13.62,INR,2026-01-13 16:00:00
PAY000008586,ORD00006086,2026-08-18 01:00:00,Razorpay,success,400.63,34.91,INR,2026-08-18 01:00:00
PAY000008587,ORD00009707,2026-07-31 03:00:00,Cashfree,success,1395.04,28.13,inr,2026-07-31 03:00:00
PAY000008588,ORD00000602,2026-01-02 19:00:00,Cashfree,success,1699.7,13.2,INR,2026-01-02 19:00:00
PAY000008589,ORD00000088,2026-06-27 08:00:00,Cashfree,success,1790.05,12.97,INR,2026-06-27 08:00:00
PAY000008590,ORD00010110,2026-08-09 22:00:00,Stripe,success,1132.8,19.53,INR,2026-08-09 22:00:00
PAY000008591,ORD00006764,2026-06-19 11:00:00,PayU,success,2470.61,21.59,inr,2026-06-19 11:00:00
PAY000008592,ORD00005991,2026-06-14 09:00:00,Cashfree,success,1367.86,4.75,Rs,2026-06-14 09:00:00
PAY000008593,ORD00010234,2026-05-19 16:00:00,razorpay ,REFUNDED,1539.02,27.95,INR,2026-05-19 16:00:00
PAY000008594,ORD00006092,2026-02-04 11:00:00,razorpay ,success,978.53,26.66,inr,2026-02-04 11:00:00
PAY000008595,ORD00008103,2026-08-11 18:00:00,Stripe,success,1031.83,20.47,INR,2026-08-11 18:00:00
PAY000008596,ORD00006292,2026-06-11 23:00:00,Stripe,success,454.02,13.83,INR,2026-06-11 23:00:00
PAY000008597,ORD00005239,2026-02-01 01:00:00,razorpay ,PENDING,1752.52,32.64,inr,2026-02-01 01:00:00
PAY000008598,ORD00003441,2026-03-22 00:00:00,PayU,PENDING,992.95,11.15,INR,2026-03-22 00:00:00
PAY000008599,ORD00006733,2026-05-15 04:00:00,Razorpay,PENDING,700.65,8.77,Rs,2026-05-15 04:00:00
PAY000008600,ORD00010402,2026-03-15 04:00:00,Razorpay,success,1087.96,31.66,INR,2026-03-15 04:00:00
PAY000008601,ORD00002294,2026-07-11 13:00:00,PayU,success,807.15,14.95,INR,2026-07-11 13:00:00
PAY000008602,ORD00005841,2026-05-05 08:00:00,Stripe,success,467.29,4.58,INR,2026-05-05 08:00:00
PAY000008603,ORD00007088,2026-06-07 23:00:00,razorpay ,success,809.88,8.65,Rs,2026-06-07 23:00:00
PAY000008604,ORD00005551,2026-06-11 12:00:00,Stripe,success,1530.41,29.5,INR,2026-06-11 12:00:00
PAY000008605,ORD00004834,2026-01-22 16:00:00,PayU,success,700.07,20.11,INR,2026-01-22 16:00:00
PAY000008606,ORD00009658,2026-06-12 15:00:00,razorpay ,success,1609.12,13.87,Rs,2026-06-12 15:00:00
PAY000008607,ORD00002115,2026-06-23 02:00:00,PayU,REFUNDED,713.55,17.9,INR,2026-06-23 02:00:00
PAY000008608,ORD00011063,2026-05-29 15:00:00,Cashfree,success,976.56,24.19,INR,2026-05-29 15:00:00
PAY000008609,ORD00009236,2026-05-10 19:00:00,razorpay ,success,2115.34,13.36,INR,2026-05-10 19:00:00
PAY000008610,ORD00001084,2026-04-30 00:00:00,Stripe,success,1223.71,13.18,INR,2026-04-30 00:00:00
PAY000008611,ORD00007270,2026-08-13 09:00:00,PayU,success,739.34,24.06,Rs,2026-08-13 09:00:00
PAY000008612,ORD00003288,2026-07-01 13:00:00,razorpay ,success,1102.14,12.89,INR,2026-07-01 13:00:00
PAY000008613,ORD00011677,2026-06-10 20:00:00,PayU,success,1668.93,11.66,INR,2026-06-10 20:00:00
PAY000008614,ORD00011654,2026-06-13 09:00:00,PayU,success,1474.24,33.3,INR,2026-06-13 09:00:00
PAY000008615,ORD00002565,2026-07-08 11:00:00,Cashfree,success,245.33,30.8,INR,2026-07-08 11:00:00
PAY000008616,ORD00004591,2026-06-12 07:00:00,Cashfree,success,561.11,12.78,INR,2026-06-12 07:00:00
PAY000008617,ORD00004421,2026-05-05 21:00:00,PayU,Failed,1039.09,21.58,INR,2026-05-05 21:00:00
PAY000008618,ORD00001090,2026-08-02 16:00:00,PayU,PENDING,2139.51,18.93,INR,2026-08-02 16:00:00
PAY000008619,ORD00009471,2026-03-18 10:00:00,Razorpay,REFUNDED,2357.87,9.17,inr,2026-03-18 10:00:00
PAY000008620,ORD00000926,2026-04-04 16:00:00,Cashfree,success,564.39,22.46,INR,2026-04-04 16:00:00
PAY000008621,ORD00009464,2026-07-27 21:00:00,Razorpay,Failed,413.02,9.07,inr,2026-07-27 21:00:00
PAY000008622,ORD00006045,2026-08-16 13:00:00,PayU,success,892.63,19.36,INR,2026-08-16 13:00:00
PAY000008623,ORD00008262,2026-04-28 09:00:00,razorpay ,success,586.37,20.22,INR,2026-04-28 09:00:00
PAY000008624,ORD00008576,2026-01-09 10:00:00,Razorpay,success,1515.62,29.01,INR,2026-01-09 10:00:00
PAY000008625,ORD00003829,2026-05-12 04:00:00,Cashfree,success,1096.5,28.97,INR,2026-05-12 04:00:00
PAY000008626,ORD00008102,2026-03-18 15:00:00,razorpay ,PENDING,4300.9,19.05,INR,2026-03-18 15:00:00
PAY000008627,ORD00004319,2026-08-02 23:00:00,PayU,success,765.05,10.39,inr,2026-08-02 23:00:00
PAY000008628,ORD00001355,2026-06-27 02:00:00,PayU,success,3515.77,20.59,INR,2026-06-27 02:00:00
PAY000008629,ORD00001155,2026-07-21 23:00:00,PayU,success,1833.37,33.82,INR,2026-07-21 23:00:00
PAY000008630,ORD00000680,2026-02-19 21:00:00,Cashfree,REFUNDED,1253.85,26.13,INR,2026-02-19 21:00:00
PAY000008631,ORD00006088,2026-03-02 09:00:00,Cashfree,success,558.62,25.75,INR,2026-03-02 09:00:00
PAY000008632,ORD00007761,2026-06-17 02:00:00,PayU,PENDING,2414.89,24.44,INR,2026-06-17 02:00:00
PAY000008633,ORD00000982,2026-02-12 04:00:00,razorpay ,success,776.86,23.32,INR,2026-02-12 04:00:00
PAY000008634,ORD00004412,2026-04-03 13:00:00,Cashfree,success,1521.51,2.26,INR,2026-04-03 13:00:00
PAY000008635,ORD00006667,2026-01-03 22:00:00,Stripe,success,1110.63,19.12,INR,2026-01-03 22:00:00
PAY000008636,ORD00009782,2026-08-27 02:00:00,Stripe,success,1762.71,5.53,INR,2026-08-27 02:00:00
PAY000008637,ORD00011381,2026-07-04 23:00:00,Stripe,success,1072.0,18.89,INR,2026-07-04 23:00:00
PAY000008638,ORD00010191,2026-06-05 20:00:00,PayU,success,2914.64,14.13,INR,2026-06-05 20:00:00
PAY000008639,ORD00005543,2026-07-15 05:00:00,Cashfree,success,614.67,12.59,INR,2026-07-15 05:00:00
PAY000008640,ORD00009646,2026-08-27 10:00:00,razorpay ,Failed,1359.14,19.6,INR,2026-08-27 10:00:00
PAY000008641,ORD00000998,2026-06-10 16:00:00,razorpay ,success,1308.12,19.02,inr,2026-06-10 16:00:00
PAY000008642,ORD00011769,2026-07-04 16:00:00,PayU,Failed,403.82,19.92,Rs,2026-07-04 16:00:00
PAY000008643,ORD00011604,2026-06-20 09:00:00,PayU,REFUNDED,3446.82,9.6,INR,2026-06-20 09:00:00
PAY000008644,ORD00004990,2026-04-20 03:00:00,Razorpay,success,609.7,3.15,INR,2026-04-20 03:00:00
PAY000008645,ORD00007291,2026-05-06 15:00:00,PayU,success,404.04,15.07,INR,2026-05-06 15:00:00
PAY000008646,ORD00011481,2026-07-13 02:00:00,PayU,REFUNDED,3407.96,20.94,INR,2026-07-13 02:00:00
PAY000008647,ORD00001775,2026-05-23 10:00:00,Razorpay,PENDING,1017.09,32.76,INR,2026-05-23 10:00:00
PAY000008648,ORD00010145,2026-07-13 17:00:00,Cashfree,PENDING,266.8,4.79,INR,2026-07-13 17:00:00
PAY000008649,ORD00009232,2026-04-12 01:00:00,razorpay ,success,3541.68,30.64,INR,2026-04-12 01:00:00
PAY000008650,ORD00008925,2026-05-31 12:00:00,Razorpay,success,1638.15,9.83,INR,2026-05-31 12:00:00
PAY000008651,ORD00002129,2026-08-16 03:00:00,razorpay ,success,1498.45,23.71,INR,2026-08-16 03:00:00
PAY000008652,ORD00000962,2026-02-25 22:00:00,Stripe,PENDING,389.77,6.76,INR,2026-02-25 22:00:00
PAY000008653,ORD00010654,2026-02-26 13:00:00,Cashfree,Failed,609.94,11.05,INR,2026-02-26 13:00:00
PAY000008654,ORD00003165,2026-04-15 08:00:00,Razorpay,success,639.34,13.18,INR,2026-04-15 08:00:00
PAY000008655,ORD00003112,2026-08-10 20:00:00,Razorpay,success,773.96,16.85,INR,2026-08-10 20:00:00
PAY000008656,ORD00010694,2026-04-19 03:00:00,Cashfree,success,1120.78,21.54,INR,2026-04-19 03:00:00
PAY000008657,ORD00000120,2026-05-25 04:00:00,Cashfree,success,543.82,11.21,INR,2026-05-25 04:00:00
PAY000008658,ORD00003840,2026-02-21 09:00:00,razorpay ,success,1863.37,28.51,Rs,2026-02-21 09:00:00
PAY000008659,ORD00006466,2026-02-21 03:00:00,Cashfree,success,630.42,19.18,inr,2026-02-21 03:00:00
PAY000008660,ORD00004432,2026-05-19 00:00:00,Stripe,success,269.32,28.97,inr,2026-05-19 00:00:00
PAY000008661,ORD00003081,2026-04-30 06:00:00,razorpay ,success,2268.06,34.78,INR,2026-04-30 06:00:00
PAY000008662,ORD00007081,2026-01-04 01:00:00,razorpay ,REFUNDED,2011.36,18.26,INR,2026-01-04 01:00:00
PAY000008663,ORD00004644,2026-06-01 12:00:00,PayU,PENDING,1228.14,13.08,INR,2026-06-01 12:00:00
PAY000008664,ORD00011000,2026-03-21 12:00:00,PayU,success,1696.24,12.74,INR,2026-03-21 12:00:00
PAY000008665,ORD00003264,2026-05-07 06:00:00,Stripe,success,1622.41,22.29,INR,2026-05-07 06:00:00
PAY000008666,ORD00001547,2026-05-28 15:00:00,Stripe,success,1053.13,7.66,INR,2026-05-28 15:00:00
PAY000008667,ORD00010629,2026-07-21 07:00:00,Cashfree,Failed,399.92,6.94,INR,2026-07-21 07:00:00
PAY000008668,ORD00010114,2026-07-09 05:00:00,Cashfree,success,1638.73,3.29,INR,2026-07-09 05:00:00
PAY000008669,ORD00003431,2026-03-01 05:00:00,razorpay ,PENDING,2501.88,13.54,inr,2026-03-01 05:00:00
PAY000008670,ORD00001324,2026-07-23 11:00:00,PayU,Failed,1301.7,13.55,Rs,2026-07-23 11:00:00
PAY000008671,ORD00009176,2026-04-05 07:00:00,razorpay ,success,493.96,27.83,INR,2026-04-05 07:00:00
PAY000008672,ORD00003260,2026-05-01 18:00:00,Cashfree,success,4310.36,21.58,INR,2026-05-01 18:00:00
PAY000008673,ORD00007516,2026-06-07 19:00:00,Razorpay,success,522.34,5.44,INR,2026-06-07 19:00:00
PAY000008674,ORD00001318,2026-05-28 02:00:00,Stripe,success,511.41,24.92,INR,2026-05-28 02:00:00
PAY000008675,ORD00003272,2026-01-07 07:00:00,Cashfree,Failed,1640.63,32.95,INR,2026-01-07 07:00:00
PAY000008676,ORD00006191,2026-04-02 18:00:00,PayU,PENDING,955.92,32.21,INR,2026-04-02 18:00:00
PAY000008677,ORD00008767,2026-03-14 06:00:00,Cashfree,success,777.9,17.69,INR,2026-03-14 06:00:00
PAY000008678,ORD00002884,2026-05-17 12:00:00,razorpay ,success,846.77,27.19,inr,2026-05-17 12:00:00
PAY000008679,ORD00011259,2026-02-04 16:00:00,Cashfree,success,1112.0,5.42,INR,2026-02-04 16:00:00
PAY000008680,ORD00008644,2026-06-11 09:00:00,Cashfree,success,1595.45,33.85,INR,2026-06-11 09:00:00
PAY000008681,ORD00006652,2026-02-15 16:00:00,Cashfree,success,4865.8,26.28,INR,2026-02-15 16:00:00
PAY000008682,ORD00004687,2026-06-25 22:00:00,razorpay ,success,2487.69,7.89,INR,2026-06-25 22:00:00
PAY000008683,ORD00009692,2026-04-08 01:00:00,Razorpay,Failed,1662.73,16.62,INR,2026-04-08 01:00:00
PAY000008684,ORD00010348,2026-01-10 22:00:00,Stripe,success,715.23,20.02,INR,2026-01-10 22:00:00
PAY000008685,ORD00008341,2026-04-09 22:00:00,Stripe,Failed,357.8,23.34,INR,2026-04-09 22:00:00
PAY000008686,ORD00011489,2026-03-21 19:00:00,Cashfree,REFUNDED,2594.91,24.94,INR,2026-03-21 19:00:00
PAY000008687,ORD00004968,2026-06-24 06:00:00,razorpay ,Failed,373.33,8.67,INR,2026-06-24 06:00:00
PAY000008688,ORD00011166,2026-01-02 11:00:00,Cashfree,success,1929.7,12.4,INR,2026-01-02 11:00:00
PAY000008689,ORD00010683,2026-03-01 14:00:00,PayU,success,1519.06,7.41,INR,2026-03-01 14:00:00
PAY000008690,ORD00001028,2026-02-09 12:00:00,razorpay ,success,867.08,18.72,INR,2026-02-09 12:00:00
PAY000008691,ORD00005042,2026-04-21 00:00:00,Stripe,success,585.43,29.02,INR,2026-04-21 00:00:00
PAY000008692,ORD00009207,2026-08-09 17:00:00,Stripe,success,508.88,32.84,inr,2026-08-09 17:00:00
PAY000008693,ORD00001169,2026-02-25 09:00:00,razorpay ,success,367.72,27.59,INR,2026-02-25 09:00:00
PAY000008694,ORD00009372,2026-03-26 16:00:00,Cashfree,Failed,2063.42,33.27,INR,2026-03-26 16:00:00
PAY000008695,ORD00003077,2026-08-13 21:00:00,razorpay ,success,2960.9,5.44,inr,2026-08-13 21:00:00
PAY000008696,ORD00008669,2026-03-17 05:00:00,razorpay ,success,2035.96,16.42,INR,2026-03-17 05:00:00
PAY000008697,ORD00009950,2026-03-09 12:00:00,Stripe,success,2003.76,21.01,INR,2026-03-09 12:00:00
PAY000008698,ORD00000723,2026-05-23 21:00:00,Cashfree,success,1374.69,28.71,INR,2026-05-23 21:00:00
PAY000008699,ORD00002289,2026-06-06 12:00:00,Cashfree,success,708.4,4.07,INR,2026-06-06 12:00:00
PAY000008700,ORD00011199,2026-08-12 08:00:00,razorpay ,Failed,554.72,11.43,INR,2026-08-12 08:00:00
PAY000008701,ORD00004179,2026-07-27 18:00:00,Cashfree,success,1132.68,21.15,inr,2026-07-27 18:00:00
PAY000008702,ORD00008155,2026-06-26 19:00:00,razorpay ,success,1824.27,2.37,INR,2026-06-26 19:00:00
PAY000008703,ORD00003448,2026-01-02 13:00:00,PayU,success,951.5,24.6,INR,2026-01-02 13:00:00
PAY000008704,ORD00009803,2026-04-05 01:00:00,Stripe,success,1655.52,27.43,INR,2026-04-05 01:00:00
PAY000008705,ORD00007219,2026-01-22 19:00:00,Cashfree,success,1627.88,2.95,INR,2026-01-22 19:00:00
PAY000008706,ORD00011933,2026-05-21 18:00:00,razorpay ,Failed,917.27,26.41,INR,2026-05-21 18:00:00
PAY000008707,ORD00001447,2026-07-07 06:00:00,Razorpay,success,1373.62,23.13,inr,2026-07-07 06:00:00
PAY000008708,ORD00006960,2026-03-03 12:00:00,Stripe,success,1002.55,5.5,INR,2026-03-03 12:00:00
PAY000008709,ORD00009214,2026-07-22 09:00:00,Stripe,success,1571.01,10.38,INR,2026-07-22 09:00:00
PAY000008710,ORD00006084,2026-04-30 10:00:00,razorpay ,PENDING,881.66,31.78,INR,2026-04-30 10:00:00
PAY000008711,ORD00002016,2026-06-12 14:00:00,razorpay ,success,493.67,20.92,INR,2026-06-12 14:00:00
PAY000008712,ORD00009995,2026-06-14 09:00:00,Cashfree,success,747.49,4.67,INR,2026-06-14 09:00:00
PAY000008713,ORD00010958,2026-07-03 03:00:00,Cashfree,success,2663.47,29.56,INR,2026-07-03 03:00:00
PAY000008714,ORD00001780,2026-05-31 10:00:00,Stripe,success,1146.9,21.62,INR,2026-05-31 10:00:00
PAY000008715,ORD00001971,2026-06-22 22:00:00,Stripe,success,427.52,32.61,INR,2026-06-22 22:00:00
PAY000008716,ORD00005064,2026-04-26 22:00:00,Cashfree,success,822.88,27.52,INR,2026-04-26 22:00:00
PAY000008717,ORD00003369,2026-06-22 13:00:00,Cashfree,success,2206.4,8.67,INR,2026-06-22 13:00:00
PAY000008718,ORD00003987,2026-01-31 07:00:00,Stripe,PENDING,3208.73,30.14,Rs,2026-01-31 07:00:00
PAY000008719,ORD00002793,2026-08-03 18:00:00,razorpay ,success,1943.74,4.33,inr,2026-08-03 18:00:00
PAY000008720,ORD00011775,2026-04-30 05:00:00,Razorpay,success,759.05,33.61,INR,2026-04-30 05:00:00
PAY000008721,ORD00006538,2026-03-22 03:00:00,Razorpay,REFUNDED,1384.94,32.65,INR,2026-03-22 03:00:00
PAY000008722,ORD00004518,2026-06-20 17:00:00,razorpay ,success,1939.09,19.22,inr,2026-06-20 17:00:00
PAY000008723,ORD00003491,2026-01-11 01:00:00,Stripe,success,974.87,8.94,INR,2026-01-11 01:00:00
PAY000008724,ORD00005838,2026-03-05 11:00:00,Cashfree,success,2216.42,13.43,INR,2026-03-05 11:00:00
PAY000008725,ORD00002326,2026-06-05 04:00:00,Stripe,success,1030.87,31.56,INR,2026-06-05 04:00:00
PAY000008726,ORD00007216,2026-03-21 19:00:00,Cashfree,success,670.15,20.29,inr,2026-03-21 19:00:00
PAY000008727,ORD00010889,2026-03-08 01:00:00,Stripe,success,1432.29,15.72,INR,2026-03-08 01:00:00
PAY000008728,ORD00004751,2026-05-09 16:00:00,Razorpay,success,2705.82,12.45,INR,2026-05-09 16:00:00
PAY000008729,ORD00007403,2026-01-24 13:00:00,Cashfree,success,4214.57,15.73,INR,2026-01-24 13:00:00
PAY000008730,ORD00007985,2026-04-02 21:00:00,PayU,success,1323.8,29.63,INR,2026-04-02 21:00:00
PAY000008731,ORD00009422,2026-07-04 21:00:00,razorpay ,success,1254.97,13.81,INR,2026-07-04 21:00:00
PAY000008732,ORD00003972,2026-05-26 16:00:00,Cashfree,success,1084.38,10.64,INR,2026-05-26 16:00:00
PAY000008733,ORD00003704,2026-03-22 08:00:00,Stripe,success,349.03,4.26,INR,2026-03-22 08:00:00
PAY000008734,ORD00004518,2026-01-04 19:00:00,Cashfree,success,1582.5,2.32,INR,2026-01-04 19:00:00
PAY000008735,ORD00007731,2026-01-07 22:00:00,Stripe,success,838.28,29.14,INR,2026-01-07 22:00:00
PAY000008736,ORD00000234,2026-02-06 11:00:00,razorpay ,success,3234.85,31.56,inr,2026-02-06 11:00:00
PAY000008737,ORD00003568,2026-07-08 05:00:00,Stripe,success,1133.07,17.41,INR,2026-07-08 05:00:00
PAY000008738,ORD00010725,2026-04-13 18:00:00,Cashfree,success,870.69,15.15,INR,2026-04-13 18:00:00
PAY000008739,ORD00005544,2026-05-09 22:00:00,razorpay ,success,3063.69,19.36,INR,2026-05-09 22:00:00
PAY000008740,ORD00001753,2026-04-02 19:00:00,razorpay ,success,1938.19,29.56,inr,2026-04-02 19:00:00
PAY000008741,ORD00008561,2026-05-11 21:00:00,Stripe,success,1667.01,5.13,inr,2026-05-11 21:00:00
PAY000008742,ORD00002600,2026-01-03 22:00:00,Stripe,success,1907.67,24.74,INR,2026-01-03 22:00:00
PAY000008743,ORD00008312,2026-01-06 14:00:00,razorpay ,success,1289.51,4.06,INR,2026-01-06 14:00:00
PAY000008744,ORD00002680,2026-02-10 02:00:00,PayU,success,2846.57,29.56,INR,2026-02-10 02:00:00
PAY000008745,ORD00011221,2026-07-14 12:00:00,razorpay ,success,630.65,7.77,INR,2026-07-14 12:00:00
PAY000008746,ORD00007746,2026-04-04 23:00:00,Stripe,success,828.16,19.73,INR,2026-04-04 23:00:00
PAY000008747,ORD00011084,2026-06-30 16:00:00,razorpay ,success,1365.01,2.71,INR,2026-06-30 16:00:00
PAY000008748,ORD00008610,2026-05-03 03:00:00,razorpay ,success,1117.08,23.86,INR,2026-05-03 03:00:00
PAY000008749,ORD00007565,2026-02-07 18:00:00,Cashfree,success,570.44,30.29,INR,2026-02-07 18:00:00
PAY000008750,ORD00009744,2026-08-12 07:00:00,Razorpay,success,1113.92,21.4,INR,2026-08-12 07:00:00
PAY000008751,ORD00002397,2026-08-23 02:00:00,Stripe,success,1044.71,15.93,INR,2026-08-23 02:00:00
PAY000008752,ORD00001822,2026-04-05 18:00:00,PayU,Failed,1069.2,13.89,INR,2026-04-05 18:00:00
PAY000008753,ORD00002739,2026-05-16 09:00:00,razorpay ,Failed,395.45,14.42,INR,2026-05-16 09:00:00
PAY000008754,ORD00000320,2026-06-11 21:00:00,razorpay ,success,467.58,3.84,INR,2026-06-11 21:00:00
PAY000008755,ORD00002431,2026-02-11 19:00:00,PayU,success,779.36,23.18,INR,2026-02-11 19:00:00
PAY000008756,ORD00003698,2026-01-04 00:00:00,Razorpay,Failed,2836.75,17.55,inr,2026-01-04 00:00:00
PAY000008757,ORD00000998,2026-08-20 16:00:00,Razorpay,success,1515.92,14.07,INR,2026-08-20 16:00:00
PAY000008758,ORD00010444,2026-03-20 01:00:00,Razorpay,success,2761.62,2.95,INR,2026-03-20 01:00:00
PAY000008759,ORD00009956,2026-07-09 22:00:00,Cashfree,success,1587.41,32.9,INR,2026-07-09 22:00:00
PAY000008760,ORD00005156,2026-01-17 00:00:00,PayU,success,2681.1,5.74,INR,2026-01-17 00:00:00
PAY000008761,ORD00006274,2026-03-14 01:00:00,razorpay ,success,815.26,19.02,INR,2026-03-14 01:00:00
PAY000008762,ORD00004339,2026-06-15 06:00:00,razorpay ,success,1678.31,13.99,INR,2026-06-15 06:00:00
PAY000008763,ORD00003899,2026-04-15 07:00:00,Razorpay,PENDING,567.8,7.22,INR,2026-04-15 07:00:00
PAY000008764,ORD00007537,2026-01-01 08:00:00,razorpay ,success,2380.16,26.3,inr,2026-01-01 08:00:00
PAY000008765,ORD00000186,2026-06-17 12:00:00,Razorpay,success,906.85,11.65,Rs,2026-06-17 12:00:00
PAY000008766,ORD00004015,2026-06-03 07:00:00,Razorpay,success,1580.78,19.43,INR,2026-06-03 07:00:00
PAY000008767,ORD00006242,2026-03-22 18:00:00,PayU,success,2002.53,22.13,INR,2026-03-22 18:00:00
PAY000008768,ORD00010758,2026-04-25 10:00:00,PayU,success,962.17,5.89,INR,2026-04-25 10:00:00
PAY000008769,ORD00007672,2026-01-09 16:00:00,PayU,success,1424.44,17.16,inr,2026-01-09 16:00:00
PAY000008770,ORD00001977,2026-05-07 03:00:00,PayU,success,1138.37,3.84,INR,2026-05-07 03:00:00
PAY000008771,ORD00010767,2026-08-18 10:00:00,razorpay ,success,1149.98,9.54,INR,2026-08-18 10:00:00
PAY000008772,ORD00006097,2026-01-23 21:00:00,razorpay ,success,1265.42,17.06,INR,2026-01-23 21:00:00
PAY000008773,ORD00004982,2026-06-07 08:00:00,Cashfree,REFUNDED,1872.56,7.36,INR,2026-06-07 08:00:00
PAY000008774,ORD00004919,2026-04-14 11:00:00,Razorpay,success,1508.78,27.35,INR,2026-04-14 11:00:00
PAY000008775,ORD00005102,2026-02-11 08:00:00,PayU,success,357.24,24.49,INR,2026-02-11 08:00:00
PAY000008776,ORD00001977,2026-03-15 01:00:00,Cashfree,success,1500.82,7.79,INR,2026-03-15 01:00:00
PAY000008777,ORD00002742,2026-04-09 02:00:00,razorpay ,success,1578.43,22.86,INR,2026-04-09 02:00:00
PAY000008778,ORD00008816,2026-06-29 00:00:00,Razorpay,success,5818.31,28.46,INR,2026-06-29 00:00:00
PAY000008779,ORD00002749,2026-05-11 09:00:00,Stripe,success,713.21,4.97,inr,2026-05-11 09:00:00
PAY000008780,ORD00010436,2026-01-03 19:00:00,razorpay ,success,2469.91,3.41,INR,2026-01-03 19:00:00
PAY000008781,ORD00007726,2026-08-02 07:00:00,PayU,success,599.08,3.58,INR,2026-08-02 07:00:00
PAY000008782,ORD00002658,2026-03-06 08:00:00,razorpay ,success,2553.71,31.61,INR,2026-03-06 08:00:00
PAY000008783,ORD00011615,2026-05-05 12:00:00,razorpay ,success,583.49,23.71,INR,2026-05-05 12:00:00
PAY000008784,ORD00009819,2026-04-11 07:00:00,razorpay ,success,1338.86,27.08,INR,2026-04-11 07:00:00
PAY000008785,ORD00011055,2026-03-20 00:00:00,Razorpay,success,1073.09,33.38,INR,2026-03-20 00:00:00
PAY000008786,ORD00002097,2026-07-08 16:00:00,Stripe,success,911.62,15.82,INR,2026-07-08 16:00:00
PAY000008787,ORD00011226,2026-03-17 09:00:00,Razorpay,Failed,1364.88,16.57,INR,2026-03-17 09:00:00
PAY000008788,ORD00010810,2026-05-23 16:00:00,Cashfree,success,1585.24,25.42,INR,2026-05-23 16:00:00
PAY000008789,ORD00005306,2026-07-20 02:00:00,Cashfree,PENDING,277.47,21.72,INR,2026-07-20 02:00:00
PAY000008790,ORD00008866,2026-03-08 08:00:00,Cashfree,success,804.12,25.21,INR,2026-03-08 08:00:00
PAY000008791,ORD00010650,2026-08-28 05:00:00,Cashfree,REFUNDED,1686.65,21.79,INR,2026-08-28 05:00:00
PAY000008792,ORD00006596,2026-03-07 16:00:00,PayU,success,1262.54,2.17,INR,2026-03-07 16:00:00
PAY000008793,ORD00007697,2026-07-12 00:00:00,PayU,success,759.82,20.01,INR,2026-07-12 00:00:00
PAY000008794,ORD00001085,2026-08-20 00:00:00,razorpay ,success,1494.65,18.51,INR,2026-08-20 00:00:00
PAY000008795,ORD00002525,2026-08-05 22:00:00,PayU,success,1661.7,18.1,inr,2026-08-05 22:00:00
PAY000008796,ORD00002821,2026-03-27 14:00:00,Cashfree,success,1428.2,22.0,INR,2026-03-27 14:00:00
PAY000008797,ORD00007082,2026-08-21 16:00:00,Cashfree,success,835.0,21.07,INR,2026-08-21 16:00:00
PAY000008798,ORD00011088,2026-08-24 19:00:00,PayU,success,1383.47,27.99,INR,2026-08-24 19:00:00
PAY000008799,ORD00010739,2026-01-05 01:00:00,Stripe,success,1557.26,6.58,INR,2026-01-05 01:00:00
PAY000008800,ORD00003441,2026-06-22 15:00:00,PayU,success,847.34,28.81,Rs,2026-06-22 15:00:00
PAY000008801,ORD00001058,2026-01-27 21:00:00,Cashfree,success,2039.52,9.76,INR,2026-01-27 21:00:00
PAY000008802,ORD00005454,2026-07-22 07:00:00,Cashfree,success,925.72,15.98,INR,2026-07-22 07:00:00
PAY000008803,ORD00001847,2026-01-12 09:00:00,Cashfree,PENDING,2401.41,25.31,INR,2026-01-12 09:00:00
PAY000008804,ORD00005060,2026-02-15 00:00:00,razorpay ,success,272.35,25.23,INR,2026-02-15 00:00:00
PAY000008805,ORD00004536,2026-05-27 18:00:00,Stripe,success,1050.1,14.05,INR,2026-05-27 18:00:00
PAY000008806,ORD00004429,2026-07-28 01:00:00,Razorpay,success,2583.52,11.58,inr,2026-07-28 01:00:00
PAY000008807,ORD00004489,2026-02-20 08:00:00,Razorpay,success,328.38,14.46,INR,2026-02-20 08:00:00
PAY000008808,ORD00002848,2026-02-07 16:00:00,Cashfree,success,1579.16,29.63,INR,2026-02-07 16:00:00
PAY000008809,ORD00002850,2026-08-15 05:00:00,Stripe,success,1294.46,26.21,INR,2026-08-15 05:00:00
PAY000008810,ORD00011372,2026-01-12 19:00:00,Cashfree,success,461.86,25.62,INR,2026-01-12 19:00:00
PAY000008811,ORD00011410,2026-02-23 05:00:00,razorpay ,success,2145.28,21.92,Rs,2026-02-23 05:00:00
PAY000008812,ORD00007918,2026-07-14 18:00:00,PayU,success,1510.15,2.13,INR,2026-07-14 18:00:00
PAY000008813,ORD00007614,2026-06-09 09:00:00,Cashfree,REFUNDED,780.36,17.81,INR,2026-06-09 09:00:00
PAY000008814,ORD00005297,2026-05-18 02:00:00,Cashfree,success,3994.59,23.7,inr,2026-05-18 02:00:00
PAY000008815,ORD00010009,2026-03-14 10:00:00,razorpay ,success,745.62,8.77,INR,2026-03-14 10:00:00
PAY000008816,ORD00003248,2026-07-18 19:00:00,PayU,Failed,926.23,24.29,Rs,2026-07-18 19:00:00
PAY000008817,ORD00009249,2026-01-02 04:00:00,Razorpay,PENDING,2483.14,2.36,INR,2026-01-02 04:00:00
PAY000008818,ORD00000099,2026-08-05 16:00:00,Stripe,success,2795.65,26.43,INR,2026-08-05 16:00:00
PAY000008819,ORD00007323,2026-08-21 07:00:00,razorpay ,success,2192.19,9.3,INR,2026-08-21 07:00:00
PAY000008820,ORD00008509,2026-04-21 21:00:00,Razorpay,success,1910.65,5.83,INR,2026-04-21 21:00:00
PAY000008821,ORD00000181,2026-05-29 08:00:00,Stripe,success,663.39,25.09,INR,2026-05-29 08:00:00
PAY000008822,ORD00011557,2026-04-07 21:00:00,PayU,success,1475.3,17.27,INR,2026-04-07 21:00:00
PAY000008823,ORD00011058,2026-05-18 05:00:00,razorpay ,PENDING,745.89,13.5,inr,2026-05-18 05:00:00
PAY000008824,ORD00000854,2026-06-09 15:00:00,Stripe,success,1882.54,17.78,INR,2026-06-09 15:00:00
PAY000008825,ORD00010739,2026-05-31 10:00:00,Cashfree,success,2987.02,29.92,INR,2026-05-31 10:00:00
PAY000008826,ORD00009082,2026-08-13 00:00:00,PayU,Failed,2108.53,26.94,inr,2026-08-13 00:00:00
PAY000008827,ORD00010041,2026-03-17 12:00:00,Cashfree,success,645.91,27.2,INR,2026-03-17 12:00:00
PAY000008828,ORD00005930,2026-01-18 00:00:00,Razorpay,success,766.56,20.46,INR,2026-01-18 00:00:00
PAY000008829,ORD00006114,2026-07-11 07:00:00,PayU,success,787.68,32.6,INR,2026-07-11 07:00:00
PAY000008830,ORD00006728,2026-08-11 22:00:00,PayU,success,708.15,8.93,inr,2026-08-11 22:00:00
PAY000008831,ORD00009575,2026-02-10 17:00:00,Cashfree,success,1800.45,24.0,INR,2026-02-10 17:00:00
PAY000008832,ORD00000630,2026-07-18 11:00:00,razorpay ,success,3552.58,25.47,INR,2026-07-18 11:00:00
PAY000008833,ORD00011125,2026-08-26 11:00:00,Stripe,Failed,2007.85,20.5,INR,2026-08-26 11:00:00
PAY000008834,ORD00007631,2026-02-21 16:00:00,razorpay ,success,384.6,18.24,INR,2026-02-21 16:00:00
PAY000008835,ORD00003733,2026-05-11 07:00:00,Cashfree,success,1035.79,13.86,INR,2026-05-11 07:00:00
PAY000008836,ORD00008287,2026-02-26 05:00:00,PayU,success,794.63,21.95,inr,2026-02-26 05:00:00
PAY000008837,ORD00005777,2026-02-08 20:00:00,Stripe,success,664.15,15.41,inr,2026-02-08 20:00:00
PAY000008838,ORD00006316,2026-06-10 04:00:00,Razorpay,success,305.54,31.89,INR,2026-06-10 04:00:00
PAY000008839,ORD00011350,2026-06-02 07:00:00,Cashfree,success,929.95,13.93,INR,2026-06-02 07:00:00
PAY000008840,ORD00004495,2026-07-18 18:00:00,razorpay ,success,1107.42,18.68,INR,2026-07-18 18:00:00
PAY000008841,ORD00006952,2026-01-27 21:00:00,Cashfree,success,874.47,30.18,INR,2026-01-27 21:00:00
PAY000008842,ORD00009167,2026-02-08 18:00:00,Stripe,success,1598.86,16.92,INR,2026-02-08 18:00:00
PAY000008843,ORD00000894,2026-04-22 14:00:00,razorpay ,success,2437.09,12.53,INR,2026-04-22 14:00:00
PAY000008844,ORD00006313,2026-01-02 01:00:00,Stripe,success,4999.68,16.76,INR,2026-01-02 01:00:00
PAY000008845,ORD00009464,2026-07-10 14:00:00,PayU,success,640.52,28.21,INR,2026-07-10 14:00:00
PAY000008846,ORD00004330,2026-03-19 08:00:00,Razorpay,PENDING,969.84,13.74,INR,2026-03-19 08:00:00
PAY000008847,ORD00005057,2026-01-20 01:00:00,Stripe,PENDING,782.98,19.25,INR,2026-01-20 01:00:00
PAY000008848,ORD00002955,2026-06-22 14:00:00,razorpay ,success,2103.92,21.61,INR,2026-06-22 14:00:00
PAY000008849,ORD00011982,2026-07-25 01:00:00,Cashfree,success,1389.6,5.96,INR,2026-07-25 01:00:00
PAY000008850,ORD00001719,2026-03-19 22:00:00,Razorpay,success,636.6,24.78,INR,2026-03-19 22:00:00
PAY000008851,ORD00002245,2026-03-09 08:00:00,Cashfree,success,1386.67,28.37,INR,2026-03-09 08:00:00
PAY000008852,ORD00007638,2026-03-18 18:00:00,razorpay ,Failed,1694.31,9.06,INR,2026-03-18 18:00:00
PAY000008853,ORD00000223,2026-06-01 20:00:00,PayU,success,3556.53,28.63,INR,2026-06-01 20:00:00
PAY000008854,ORD00006881,2026-06-23 18:00:00,razorpay ,success,449.8,15.75,Rs,2026-06-23 18:00:00
PAY000008855,ORD00003971,2026-03-29 02:00:00,Cashfree,PENDING,427.18,27.41,INR,2026-03-29 02:00:00
PAY000008856,ORD00011791,2026-07-01 19:00:00,Razorpay,success,747.37,28.81,INR,2026-07-01 19:00:00
PAY000008857,ORD00008548,2026-05-19 03:00:00,Cashfree,success,606.66,19.47,INR,2026-05-19 03:00:00
PAY000008858,ORD00009690,2026-03-26 08:00:00,Razorpay,success,1592.18,9.44,INR,2026-03-26 08:00:00
PAY000008859,ORD00008738,2026-04-14 10:00:00,Cashfree,success,605.14,11.38,INR,2026-04-14 10:00:00
PAY000008860,ORD00001799,2026-03-10 10:00:00,Cashfree,Failed,1865.56,22.82,INR,2026-03-10 10:00:00
PAY000008861,ORD00008048,2026-08-12 18:00:00,PayU,success,1275.84,32.32,INR,2026-08-12 18:00:00
PAY000008862,ORD00009326,2026-08-28 17:00:00,Cashfree,success,1150.1,6.98,INR,2026-08-28 17:00:00
PAY000008863,ORD00004741,2026-02-10 18:00:00,Stripe,success,417.85,26.54,inr,2026-02-10 18:00:00
PAY000008864,ORD00004210,2026-08-06 21:00:00,Stripe,PENDING,412.25,33.27,INR,2026-08-06 21:00:00
PAY000008865,ORD00007823,2026-07-14 18:00:00,Cashfree,REFUNDED,671.95,15.25,Rs,2026-07-14 18:00:00
PAY000008866,ORD00011182,2026-03-09 14:00:00,razorpay ,success,787.0,24.14,INR,2026-03-09 14:00:00
PAY000008867,ORD00002420,2026-06-22 03:00:00,PayU,PENDING,848.91,13.82,INR,2026-06-22 03:00:00
PAY000008868,ORD00007698,2026-03-18 12:00:00,razorpay ,PENDING,3284.35,15.88,INR,2026-03-18 12:00:00
PAY000008869,ORD00006532,2026-04-02 21:00:00,PayU,success,810.8,33.51,INR,2026-04-02 21:00:00
PAY000008870,ORD00010849,2026-06-09 00:00:00,Stripe,success,3027.5,2.28,INR,2026-06-09 00:00:00
PAY000008871,ORD00002129,2026-04-22 00:00:00,razorpay ,success,527.13,27.55,INR,2026-04-22 00:00:00
PAY000008872,ORD00005076,2026-02-25 04:00:00,razorpay ,success,951.13,24.82,Rs,2026-02-25 04:00:00
PAY000008873,ORD00003808,2026-02-06 19:00:00,Razorpay,Failed,884.52,22.65,inr,2026-02-06 19:00:00
PAY000008874,ORD00011920,2026-06-25 05:00:00,Razorpay,success,898.06,11.54,inr,2026-06-25 05:00:00
PAY000008875,ORD00008721,2026-07-21 00:00:00,Razorpay,success,1732.61,11.74,INR,2026-07-21 00:00:00
PAY000008876,ORD00007005,2026-04-27 17:00:00,Stripe,Failed,2161.16,12.22,INR,2026-04-27 17:00:00
PAY000008877,ORD00006599,2026-05-02 04:00:00,Stripe,success,1568.59,25.37,INR,2026-05-02 04:00:00
PAY000008878,ORD00004783,2026-03-09 14:00:00,razorpay ,success,940.56,26.03,inr,2026-03-09 14:00:00
PAY000008879,ORD00011503,2026-04-01 15:00:00,razorpay ,PENDING,594.63,5.41,INR,2026-04-01 15:00:00
PAY000008880,ORD00009800,2026-03-06 06:00:00,razorpay ,Failed,816.25,32.02,inr,2026-03-06 06:00:00
PAY000008881,ORD00011774,2026-07-25 05:00:00,Razorpay,success,1625.02,15.9,INR,2026-07-25 05:00:00
PAY000008882,ORD00010497,2026-04-29 22:00:00,PayU,REFUNDED,792.59,6.39,INR,2026-04-29 22:00:00
PAY000008883,ORD00001964,2026-07-27 17:00:00,razorpay ,success,618.24,10.66,INR,2026-07-27 17:00:00
PAY000008884,ORD00003368,2026-05-29 05:00:00,PayU,REFUNDED,864.28,16.56,INR,2026-05-29 05:00:00
PAY000008885,ORD00003528,2026-04-05 07:00:00,Razorpay,success,4351.93,10.59,INR,2026-04-05 07:00:00
PAY000008886,ORD00006143,2026-03-01 15:00:00,Razorpay,success,1273.41,8.77,INR,2026-03-01 15:00:00
PAY000008887,ORD00000230,2026-07-26 22:00:00,Stripe,success,469.31,17.28,inr,2026-07-26 22:00:00
PAY000008888,ORD00002150,2026-05-22 13:00:00,razorpay ,PENDING,682.56,21.0,inr,2026-05-22 13:00:00
PAY000008889,ORD00010231,2026-01-31 06:00:00,PayU,PENDING,1162.1,9.16,INR,2026-01-31 06:00:00
PAY000008890,ORD00011370,2026-07-20 20:00:00,,success,3590.13,20.92,INR,2026-07-20 20:00:00
PAY000008891,ORD00005876,2026-02-11 09:00:00,PayU,success,943.26,13.1,INR,2026-02-11 09:00:00
PAY000008892,ORD00009274,2026-03-09 19:00:00,Razorpay,REFUNDED,1711.23,13.43,INR,2026-03-09 19:00:00
PAY000008893,ORD00008608,2026-08-20 16:00:00,PayU,success,616.71,13.25,inr,2026-08-20 16:00:00
PAY000008894,ORD00003693,2026-01-18 17:00:00,PayU,success,947.71,31.64,INR,2026-01-18 17:00:00
PAY000008895,ORD00007485,2026-04-14 14:00:00,razorpay ,success,533.23,14.75,INR,2026-04-14 14:00:00
PAY000008896,ORD00001746,2026-06-04 03:00:00,razorpay ,success,1245.55,4.04,INR,2026-06-04 03:00:00
PAY000008897,ORD00003448,2026-01-11 05:00:00,PayU,success,1977.12,16.17,INR,2026-01-11 05:00:00
PAY000008898,ORD00005423,2026-04-07 00:00:00,Stripe,success,367.45,3.17,INR,2026-04-07 00:00:00
PAY000008899,ORD00004243,2026-05-18 19:00:00,PayU,success,1236.08,6.57,INR,2026-05-18 19:00:00
PAY000008900,ORD00010972,2026-04-13 17:00:00,Razorpay,success,2175.01,28.57,INR,2026-04-13 17:00:00
PAY000008901,ORD00005591,2026-03-01 22:00:00,razorpay ,success,623.82,4.25,INR,2026-03-01 22:00:00
PAY000008902,ORD00007153,2026-03-03 11:00:00,Razorpay,success,1228.74,5.22,INR,2026-03-03 11:00:00
PAY000008903,ORD00001920,2026-01-25 01:00:00,Stripe,success,819.21,8.54,inr,2026-01-25 01:00:00
PAY000008904,ORD00006428,2026-06-26 00:00:00,Razorpay,success,688.9,32.1,INR,2026-06-26 00:00:00
PAY000008905,ORD00008773,2026-05-30 08:00:00,razorpay ,success,467.32,14.62,INR,2026-05-30 08:00:00
PAY000008906,ORD00003497,2026-01-09 06:00:00,Razorpay,success,743.27,23.05,INR,2026-01-09 06:00:00
PAY000008907,ORD00004569,2026-04-11 00:00:00,PayU,success,1057.09,5.87,INR,2026-04-11 00:00:00
PAY000008908,ORD00008828,2026-01-25 01:00:00,razorpay ,success,1825.85,27.71,Rs,2026-01-25 01:00:00
PAY000008909,ORD00000018,2026-07-01 15:00:00,razorpay ,success,788.57,22.43,INR,2026-07-01 15:00:00
PAY000008910,ORD00004216,2026-06-15 12:00:00,Stripe,success,818.12,8.5,INR,2026-06-15 12:00:00
PAY000008911,ORD00008845,2026-03-13 12:00:00,Stripe,success,1839.13,25.11,INR,2026-03-13 12:00:00
PAY000008912,ORD00000315,2026-08-19 10:00:00,razorpay ,success,1234.67,2.19,INR,2026-08-19 10:00:00
PAY000008913,ORD00004617,2026-07-02 21:00:00,Razorpay,success,1649.09,32.26,INR,2026-07-02 21:00:00
PAY000008914,ORD00010858,2026-07-30 16:00:00,Cashfree,success,918.27,18.67,INR,2026-07-30 16:00:00
PAY000008915,ORD00005581,2026-02-18 02:00:00,Cashfree,Failed,1527.56,14.49,INR,2026-02-18 02:00:00
PAY000008916,ORD00008264,2026-03-10 14:00:00,PayU,success,1591.7,33.99,INR,2026-03-10 14:00:00
PAY000008917,ORD00010456,2026-06-07 07:00:00,razorpay ,success,990.39,22.59,INR,2026-06-07 07:00:00
PAY000008918,ORD00008155,2026-04-29 17:00:00,PayU,success,610.47,27.09,INR,2026-04-29 17:00:00
PAY000008919,ORD00010800,2026-07-02 23:00:00,Razorpay,success,1855.75,31.89,INR,2026-07-02 23:00:00
PAY000008920,ORD00005718,2026-07-16 07:00:00,Stripe,PENDING,1142.17,13.58,INR,2026-07-16 07:00:00
PAY000008921,ORD00007724,2026-05-24 01:00:00,Razorpay,Failed,1171.63,21.71,INR,2026-05-24 01:00:00
PAY000008922,ORD00000216,2026-01-13 03:00:00,PayU,Failed,1216.15,4.41,INR,2026-01-13 03:00:00
PAY000008923,ORD00004797,2026-01-11 21:00:00,razorpay ,PENDING,1205.06,33.99,INR,2026-01-11 21:00:00
PAY000008924,ORD00002392,2026-02-24 14:00:00,razorpay ,Failed,1092.94,13.47,INR,2026-02-24 14:00:00
PAY000008925,ORD00007762,2026-05-06 12:00:00,Cashfree,success,1639.92,4.42,INR,2026-05-06 12:00:00
PAY000008926,ORD00008115,2026-01-19 19:00:00,PayU,success,1521.87,28.12,INR,2026-01-19 19:00:00
PAY000008927,ORD00005433,2026-02-16 16:00:00,Cashfree,success,359.08,10.54,INR,2026-02-16 16:00:00
PAY000008928,ORD00003473,2026-03-09 08:00:00,Cashfree,success,452.23,34.67,inr,2026-03-09 08:00:00
PAY000008929,ORD00003962,2026-04-18 03:00:00,razorpay ,success,329.49,30.54,INR,2026-04-18 03:00:00
PAY000008930,ORD00004306,2026-07-07 21:00:00,Cashfree,success,1009.08,5.06,INR,2026-07-07 21:00:00
PAY000008931,ORD00006661,2026-08-18 20:00:00,Stripe,Failed,1186.26,11.83,Rs,2026-08-18 20:00:00
PAY000008932,ORD00008179,2026-01-31 04:00:00,Stripe,success,2942.09,6.93,INR,2026-01-31 04:00:00
PAY000008933,ORD00006285,2026-07-13 13:00:00,Stripe,success,517.48,8.88,INR,2026-07-13 13:00:00
PAY000008934,ORD00010627,2026-03-06 09:00:00,razorpay ,success,959.29,21.89,INR,2026-03-06 09:00:00
PAY000008935,ORD00009202,2026-06-22 08:00:00,Razorpay,success,950.26,6.72,INR,2026-06-22 08:00:00
PAY000008936,ORD00002063,2026-04-11 01:00:00,Stripe,success,2198.71,9.5,inr,2026-04-11 01:00:00
PAY000008937,ORD00006243,2026-01-14 10:00:00,PayU,success,841.83,24.36,INR,2026-01-14 10:00:00
PAY000008938,ORD00004283,2026-06-13 15:00:00,Cashfree,success,412.82,7.16,INR,2026-06-13 15:00:00
PAY000008939,ORD00002668,2026-05-30 18:00:00,Stripe,success,847.39,25.81,Rs,2026-05-30 18:00:00
PAY000008940,ORD00006405,2026-07-23 05:00:00,PayU,success,470.41,18.78,inr,2026-07-23 05:00:00
PAY000008941,ORD00005352,2026-07-10 12:00:00,Cashfree,success,1934.41,29.49,inr,2026-07-10 12:00:00
PAY000008942,ORD00001713,2026-06-24 07:00:00,Razorpay,success,476.35,18.33,INR,2026-06-24 07:00:00
PAY000008943,ORD00010308,2026-02-25 12:00:00,PayU,success,299.81,31.19,inr,2026-02-25 12:00:00
PAY000008944,ORD00008622,2026-08-12 12:00:00,PayU,REFUNDED,475.47,7.28,INR,2026-08-12 12:00:00
PAY000008945,ORD00011679,2026-05-10 03:00:00,PayU,success,713.94,14.92,INR,2026-05-10 03:00:00
PAY000008946,ORD00006582,2026-04-19 00:00:00,razorpay ,success,1806.49,15.51,Rs,2026-04-19 00:00:00
PAY000008947,ORD00001261,2026-08-03 06:00:00,PayU,success,1146.45,11.64,INR,2026-08-03 06:00:00
PAY000008948,ORD00003330,2026-08-20 14:00:00,Cashfree,success,441.75,33.04,INR,2026-08-20 14:00:00
PAY000008949,ORD00001180,2026-06-02 07:00:00,Stripe,Failed,535.38,20.85,INR,2026-06-02 07:00:00
PAY000008950,ORD00007644,2026-06-11 22:00:00,Cashfree,success,2030.24,20.39,INR,2026-06-11 22:00:00
PAY000008951,ORD00011483,2026-04-29 22:00:00,Razorpay,success,972.59,21.25,INR,2026-04-29 22:00:00
PAY000008952,ORD00007133,2026-08-28 18:00:00,PayU,success,412.31,15.63,INR,2026-08-28 18:00:00
PAY000008953,ORD00003027,2026-06-24 15:00:00,Stripe,success,904.74,13.02,INR,2026-06-24 15:00:00
PAY000008954,ORD00010990,2026-06-03 13:00:00,,success,1049.13,4.61,Rs,2026-06-03 13:00:00
PAY000008955,ORD00006487,2026-08-25 12:00:00,Cashfree,success,1022.48,34.17,inr,2026-08-25 12:00:00
PAY000008956,ORD00011898,2026-03-06 21:00:00,razorpay ,PENDING,1681.04,4.76,inr,2026-03-06 21:00:00
PAY000008957,ORD00006727,2026-07-12 04:00:00,razorpay ,success,595.97,5.12,INR,2026-07-12 04:00:00
PAY000008958,ORD00002224,2026-02-19 08:00:00,Stripe,success,709.79,6.52,INR,2026-02-19 08:00:00
PAY000008959,ORD00004125,2026-08-15 21:00:00,PayU,success,424.19,2.12,INR,2026-08-15 21:00:00
PAY000008960,ORD00007935,2026-07-21 05:00:00,Stripe,success,931.08,9.42,INR,2026-07-21 05:00:00
PAY000008961,ORD00003797,2026-04-15 04:00:00,Cashfree,success,1706.61,20.05,INR,2026-04-15 04:00:00
PAY000008962,ORD00011942,2026-04-06 11:00:00,,Failed,1172.92,3.94,INR,2026-04-06 11:00:00
PAY000008963,ORD00008052,2026-01-01 01:00:00,Stripe,success,1127.54,14.49,inr,2026-01-01 01:00:00
PAY000008964,ORD00009090,2026-01-20 15:00:00,razorpay ,success,1976.78,34.56,inr,2026-01-20 15:00:00
PAY000008965,ORD00007746,2026-07-03 12:00:00,razorpay ,success,3589.51,31.1,INR,2026-07-03 12:00:00
PAY000008966,ORD00006567,2026-02-27 08:00:00,Cashfree,success,1451.41,22.31,INR,2026-02-27 08:00:00
PAY000008967,ORD00000782,2026-01-09 22:00:00,Cashfree,REFUNDED,3946.69,2.65,inr,2026-01-09 22:00:00
PAY000008968,ORD00008289,2026-04-13 17:00:00,Cashfree,success,611.2,8.14,INR,2026-04-13 17:00:00
PAY000008969,ORD00008374,2026-02-12 06:00:00,Razorpay,success,1516.73,23.52,INR,2026-02-12 06:00:00
PAY000008970,ORD00008456,2026-02-04 18:00:00,Razorpay,success,619.88,16.68,INR,2026-02-04 18:00:00
PAY000008971,ORD00003029,2026-03-23 11:00:00,Cashfree,success,582.05,7.54,inr,2026-03-23 11:00:00
PAY000008972,ORD00008564,2026-03-16 07:00:00,PayU,success,1604.37,12.37,INR,2026-03-16 07:00:00
PAY000008973,ORD00006672,2026-01-14 11:00:00,Razorpay,success,1538.52,9.6,inr,2026-01-14 11:00:00
PAY000008974,ORD00009910,2026-06-07 01:00:00,PayU,REFUNDED,714.14,18.39,INR,2026-06-07 01:00:00
PAY000008975,ORD00001703,2026-06-25 08:00:00,PayU,success,267.98,10.78,INR,2026-06-25 08:00:00
PAY000008976,ORD00004890,2026-05-04 07:00:00,Stripe,success,2216.29,7.74,INR,2026-05-04 07:00:00
PAY000008977,ORD00010859,2026-06-01 17:00:00,Razorpay,PENDING,3881.23,34.0,INR,2026-06-01 17:00:00
PAY000008978,ORD00008506,2026-08-20 12:00:00,PayU,success,510.77,18.46,INR,2026-08-20 12:00:00
PAY000008979,ORD00008701,2026-07-09 01:00:00,PayU,success,393.15,17.69,INR,2026-07-09 01:00:00
PAY000008980,ORD00006812,2026-08-27 12:00:00,razorpay ,success,625.74,26.88,INR,2026-08-27 12:00:00
PAY000008981,ORD00001459,2026-04-08 13:00:00,Stripe,success,2243.74,3.18,INR,2026-04-08 13:00:00
PAY000008982,ORD00008551,2026-05-06 03:00:00,razorpay ,success,327.98,6.76,INR,2026-05-06 03:00:00
PAY000008983,ORD00002586,2026-05-05 18:00:00,,success,1090.48,12.0,INR,2026-05-05 18:00:00
PAY000008984,ORD00002363,2026-03-04 20:00:00,Cashfree,success,2301.51,7.88,INR,2026-03-04 20:00:00
PAY000008985,ORD00001004,2026-01-28 15:00:00,Razorpay,success,2811.64,6.74,INR,2026-01-28 15:00:00
PAY000008986,ORD00009937,2026-02-10 19:00:00,,Failed,2058.77,11.78,INR,2026-02-10 19:00:00
PAY000008987,ORD00009856,2026-07-11 21:00:00,Cashfree,Failed,2088.04,28.37,INR,2026-07-11 21:00:00
PAY000008988,ORD00008265,2026-07-12 20:00:00,PayU,PENDING,1107.51,22.74,INR,2026-07-12 20:00:00
PAY000008989,ORD00009381,2026-04-27 11:00:00,Stripe,success,592.13,31.49,INR,2026-04-27 11:00:00
PAY000008990,ORD00011595,2026-05-25 16:00:00,Stripe,Failed,675.61,5.86,inr,2026-05-25 16:00:00
PAY000008991,ORD00010543,2026-07-27 03:00:00,Razorpay,success,2639.23,24.28,INR,2026-07-27 03:00:00
PAY000008992,ORD00001996,2026-03-01 11:00:00,Razorpay,PENDING,4251.95,18.93,INR,2026-03-01 11:00:00
PAY000008993,ORD00001044,2026-04-07 12:00:00,Stripe,PENDING,1182.17,18.21,INR,2026-04-07 12:00:00
PAY000008994,ORD00004387,2026-07-06 21:00:00,Cashfree,success,1080.06,10.5,INR,2026-07-06 21:00:00
PAY000008995,ORD00003471,2026-02-28 03:00:00,razorpay ,success,392.44,34.65,INR,2026-02-28 03:00:00
PAY000008996,ORD00003874,2026-06-24 23:00:00,Stripe,success,1946.32,13.33,INR,2026-06-24 23:00:00
PAY000008997,ORD00006803,2026-02-08 01:00:00,Cashfree,Failed,1270.46,21.69,INR,2026-02-08 01:00:00
PAY000008998,ORD00006913,2026-01-23 01:00:00,razorpay ,Failed,768.03,18.92,INR,2026-01-23 01:00:00
PAY000008999,ORD00005918,2026-03-09 05:00:00,PayU,success,759.11,5.0,INR,2026-03-09 05:00:00
PAY000009000,ORD00008102,2026-02-18 08:00:00,PayU,success,989.85,25.33,INR,2026-02-18 08:00:00
PAY000009001,ORD00001053,2026-07-30 13:00:00,Stripe,success,561.67,24.44,INR,2026-07-30 13:00:00
PAY000009002,ORD00011754,2026-02-09 23:00:00,Razorpay,success,1415.44,29.83,INR,2026-02-09 23:00:00
PAY000009003,ORD00003052,2026-07-02 01:00:00,Cashfree,success,944.8,14.14,INR,2026-07-02 01:00:00
PAY000009004,ORD00004759,2026-01-17 04:00:00,razorpay ,success,1716.12,30.44,INR,2026-01-17 04:00:00
PAY000009005,ORD00005226,2026-07-17 02:00:00,razorpay ,success,778.24,13.11,INR,2026-07-17 02:00:00
PAY000009006,ORD00004649,2026-04-23 20:00:00,PayU,success,2106.86,27.55,INR,2026-04-23 20:00:00
PAY000009007,ORD00001559,2026-02-21 03:00:00,razorpay ,success,698.5,25.89,INR,2026-02-21 03:00:00
PAY000009008,ORD00006601,2026-02-11 09:00:00,Stripe,Failed,1217.6,18.56,INR,2026-02-11 09:00:00
PAY000009009,ORD00000692,2026-07-05 07:00:00,PayU,PENDING,937.56,12.94,INR,2026-07-05 07:00:00
PAY000009010,ORD00005208,2026-06-07 10:00:00,Razorpay,success,3076.24,30.83,INR,2026-06-07 10:00:00
PAY000009011,ORD00010207,2026-01-30 23:00:00,Stripe,success,4596.32,23.17,INR,2026-01-30 23:00:00
PAY000009012,ORD00005358,2026-03-14 13:00:00,Cashfree,success,323.38,16.3,INR,2026-03-14 13:00:00
PAY000009013,ORD00004833,2026-02-11 06:00:00,Razorpay,success,611.2,5.04,INR,2026-02-11 06:00:00
PAY000009014,ORD00011595,2026-05-16 11:00:00,Cashfree,success,1853.19,20.6,INR,2026-05-16 11:00:00
PAY000009015,ORD00001826,2026-06-14 06:00:00,razorpay ,success,1608.75,33.78,INR,2026-06-14 06:00:00
PAY000009016,ORD00007084,2026-06-14 18:00:00,Razorpay,Failed,1766.59,17.65,INR,2026-06-14 18:00:00
PAY000009017,ORD00002096,2026-07-20 10:00:00,Stripe,success,3165.58,24.35,INR,2026-07-20 10:00:00
PAY000009018,ORD00002440,2026-08-17 06:00:00,razorpay ,success,888.09,20.9,INR,2026-08-17 06:00:00
PAY000009019,ORD00007010,2026-04-21 14:00:00,Razorpay,success,1988.32,14.0,Rs,2026-04-21 14:00:00
PAY000009020,ORD00002406,2026-06-08 08:00:00,Cashfree,PENDING,1559.31,24.92,Rs,2026-06-08 08:00:00
PAY000009021,ORD00000179,2026-05-01 06:00:00,Stripe,success,2242.87,17.16,INR,2026-05-01 06:00:00
PAY000009022,ORD00003678,2026-01-17 07:00:00,Razorpay,success,1390.16,13.05,INR,2026-01-17 07:00:00
PAY000009023,ORD00011547,2026-05-07 19:00:00,razorpay ,PENDING,1001.7,12.58,INR,2026-05-07 19:00:00
PAY000009024,ORD00006876,2026-08-10 14:00:00,PayU,success,1004.62,15.79,INR,2026-08-10 14:00:00
PAY000009025,ORD00003627,2026-08-06 15:00:00,Stripe,Failed,984.8,12.42,inr,2026-08-06 15:00:00
PAY000009026,ORD00009829,2026-03-02 15:00:00,razorpay ,success,4137.4,27.16,INR,2026-03-02 15:00:00
PAY000009027,ORD00009282,2026-02-26 22:00:00,Stripe,success,428.58,30.52,INR,2026-02-26 22:00:00
PAY000009028,ORD00001041,2026-08-24 06:00:00,razorpay ,success,1629.56,11.3,INR,2026-08-24 06:00:00
PAY000009029,ORD00003529,2026-01-12 17:00:00,PayU,success,1352.61,18.24,INR,2026-01-12 17:00:00
PAY000009030,ORD00001789,2026-01-30 19:00:00,Stripe,success,1663.01,21.66,INR,2026-01-30 19:00:00
PAY000009031,ORD00001043,2026-08-14 03:00:00,Cashfree,success,705.35,14.66,INR,2026-08-14 03:00:00
PAY000009032,ORD00007916,2026-08-13 03:00:00,PayU,success,436.69,25.48,INR,2026-08-13 03:00:00
PAY000009033,ORD00001591,2026-07-23 01:00:00,PayU,success,821.89,20.13,INR,2026-07-23 01:00:00
PAY000009034,ORD00001437,2026-06-05 01:00:00,razorpay ,success,826.97,32.4,INR,2026-06-05 01:00:00
PAY000009035,ORD00006465,2026-01-15 09:00:00,Razorpay,PENDING,2957.89,14.17,inr,2026-01-15 09:00:00
PAY000009036,ORD00000722,2026-05-13 06:00:00,Cashfree,Failed,1814.89,16.74,inr,2026-05-13 06:00:00
PAY000009037,ORD00010933,2026-03-14 14:00:00,PayU,success,1874.2,15.38,INR,2026-03-14 14:00:00
PAY000009038,ORD00002117,2026-01-03 21:00:00,PayU,success,2562.52,5.57,INR,2026-01-03 21:00:00
PAY000009039,ORD00006281,2026-07-05 21:00:00,Stripe,success,1935.87,31.34,INR,2026-07-05 21:00:00
PAY000009040,ORD00004908,2026-05-31 05:00:00,Razorpay,success,924.05,13.89,INR,2026-05-31 05:00:00
PAY000009041,ORD00009713,2026-05-11 19:00:00,PayU,Failed,1050.56,19.82,INR,2026-05-11 19:00:00
PAY000009042,ORD00008674,2026-04-02 01:00:00,Stripe,success,748.18,8.07,INR,2026-04-02 01:00:00
PAY000009043,ORD00001608,2026-03-17 15:00:00,Razorpay,success,1695.78,28.38,inr,2026-03-17 15:00:00
PAY000009044,ORD00006842,2026-01-11 16:00:00,Stripe,success,2074.37,27.3,INR,2026-01-11 16:00:00
PAY000009045,ORD00010688,2026-06-13 09:00:00,Stripe,success,2330.68,17.73,INR,2026-06-13 09:00:00
PAY000009046,ORD00001947,2026-03-15 11:00:00,PayU,success,1435.08,25.28,INR,2026-03-15 11:00:00
PAY000009047,ORD00011626,2026-06-06 11:00:00,Stripe,success,800.55,16.08,INR,2026-06-06 11:00:00
PAY000009048,ORD00011154,2026-04-20 01:00:00,razorpay ,success,1269.87,4.22,INR,2026-04-20 01:00:00
PAY000009049,ORD00008907,2026-08-05 09:00:00,Stripe,REFUNDED,1438.86,14.83,INR,2026-08-05 09:00:00
PAY000009050,ORD00011399,2026-06-05 01:00:00,Cashfree,success,2552.72,5.46,inr,2026-06-05 01:00:00
PAY000009051,ORD00002866,2026-08-03 10:00:00,razorpay ,Failed,930.35,16.52,INR,2026-08-03 10:00:00
PAY000009052,ORD00009737,2026-08-02 01:00:00,Stripe,success,1011.8,32.64,INR,2026-08-02 01:00:00
PAY000009053,ORD00011148,2026-02-02 15:00:00,PayU,REFUNDED,794.84,3.83,INR,2026-02-02 15:00:00
PAY000009054,ORD00009469,2026-07-06 00:00:00,razorpay ,success,1929.36,34.52,INR,2026-07-06 00:00:00
PAY000009055,ORD00002225,2026-05-27 00:00:00,Cashfree,success,3068.47,5.4,INR,2026-05-27 00:00:00
PAY000009056,ORD00004581,2026-04-27 16:00:00,Cashfree,success,786.35,13.95,INR,2026-04-27 16:00:00
PAY000009057,ORD00008406,2026-04-04 00:00:00,razorpay ,success,810.97,22.59,INR,2026-04-04 00:00:00
PAY000009058,ORD00000631,2026-05-20 21:00:00,Cashfree,success,246.54,16.69,INR,2026-05-20 21:00:00
PAY000009059,ORD00006111,2026-06-10 18:00:00,Razorpay,success,1194.14,26.03,INR,2026-06-10 18:00:00
PAY000009060,ORD00002189,2026-03-10 16:00:00,PayU,PENDING,1922.66,29.14,INR,2026-03-10 16:00:00
PAY000009061,ORD00009975,2026-07-25 03:00:00,Stripe,success,383.49,22.84,inr,2026-07-25 03:00:00
PAY000009062,ORD00008939,2026-02-07 01:00:00,Razorpay,success,3027.8,9.5,INR,2026-02-07 01:00:00
PAY000009063,ORD00003807,2026-01-16 17:00:00,razorpay ,success,965.34,32.62,INR,2026-01-16 17:00:00
PAY000009064,ORD00003800,2026-06-08 20:00:00,razorpay ,success,1808.93,17.19,inr,2026-06-08 20:00:00
PAY000009065,ORD00002574,2026-03-17 20:00:00,Cashfree,Failed,1518.51,3.09,INR,2026-03-17 20:00:00
PAY000009066,ORD00010508,2026-06-20 01:00:00,Razorpay,success,3256.34,27.03,inr,2026-06-20 01:00:00
PAY000009067,ORD00001587,2026-08-22 12:00:00,Razorpay,success,1718.85,21.79,INR,2026-08-22 12:00:00
PAY000009068,ORD00000873,2026-05-26 00:00:00,Stripe,success,408.31,15.72,INR,2026-05-26 00:00:00
PAY000009069,ORD00006364,2026-03-12 17:00:00,,success,1574.01,25.0,INR,2026-03-12 17:00:00
PAY000009070,ORD00004590,2026-07-21 12:00:00,Stripe,REFUNDED,404.93,2.09,INR,2026-07-21 12:00:00
PAY000009071,ORD00001824,2026-02-25 22:00:00,razorpay ,success,1892.56,18.92,INR,2026-02-25 22:00:00
PAY000009072,ORD00007838,2026-08-18 13:00:00,Stripe,Failed,702.28,17.68,INR,2026-08-18 13:00:00
PAY000009073,ORD00008900,2026-08-26 03:00:00,razorpay ,Failed,3829.69,3.61,INR,2026-08-26 03:00:00
PAY000009074,ORD00002661,2026-03-12 20:00:00,Cashfree,success,963.76,24.71,Rs,2026-03-12 20:00:00
PAY000009075,ORD00001451,2026-06-10 20:00:00,Cashfree,Failed,1582.38,25.45,INR,2026-06-10 20:00:00
PAY000009076,ORD00009897,2026-08-22 12:00:00,razorpay ,success,1345.44,21.88,INR,2026-08-22 12:00:00
PAY000009077,ORD00003779,2026-02-19 01:00:00,Cashfree,success,1245.18,9.4,INR,2026-02-19 01:00:00
PAY000009078,ORD00010746,2026-03-12 01:00:00,Cashfree,success,1225.81,16.78,Rs,2026-03-12 01:00:00
PAY000009079,ORD00002963,2026-03-14 04:00:00,PayU,Failed,296.82,9.16,inr,2026-03-14 04:00:00
PAY000009080,ORD00005924,2026-02-06 11:00:00,Stripe,success,904.85,24.73,inr,2026-02-06 11:00:00
PAY000009081,ORD00011762,2026-08-11 01:00:00,Cashfree,success,675.09,3.23,inr,2026-08-11 01:00:00
PAY000009082,ORD00003797,2026-03-23 09:00:00,Cashfree,PENDING,3630.36,31.37,Rs,2026-03-23 09:00:00
PAY000009083,ORD00006330,2026-04-24 09:00:00,PayU,success,1338.68,22.63,INR,2026-04-24 09:00:00
PAY000009084,ORD00009877,2026-07-17 08:00:00,razorpay ,success,1175.25,13.28,INR,2026-07-17 08:00:00
PAY000009085,ORD00001256,2026-03-14 05:00:00,PayU,success,2575.15,15.63,INR,2026-03-14 05:00:00
PAY000009086,ORD00005346,2026-06-13 21:00:00,razorpay ,success,936.38,3.75,INR,2026-06-13 21:00:00
PAY000009087,ORD00007771,2026-06-20 13:00:00,Cashfree,PENDING,1917.21,6.56,INR,2026-06-20 13:00:00
PAY000009088,ORD00009670,2026-07-15 17:00:00,Stripe,success,1666.29,20.31,INR,2026-07-15 17:00:00
PAY000009089,ORD00001506,2026-06-20 14:00:00,PayU,PENDING,1061.2,17.99,inr,2026-06-20 14:00:00
PAY000009090,ORD00000683,2026-05-15 20:00:00,Razorpay,success,1447.26,4.19,INR,2026-05-15 20:00:00
PAY000009091,ORD00009227,2026-04-19 19:00:00,Stripe,success,1301.35,3.29,inr,2026-04-19 19:00:00
PAY000009092,ORD00001371,2026-05-16 06:00:00,Stripe,PENDING,786.05,19.25,Rs,2026-05-16 06:00:00
PAY000009093,ORD00006617,2026-01-02 09:00:00,Razorpay,Failed,1016.22,10.57,INR,2026-01-02 09:00:00
PAY000009094,ORD00010651,2026-07-27 17:00:00,Razorpay,success,1259.18,23.78,INR,2026-07-27 17:00:00
PAY000009095,ORD00008392,2026-02-08 20:00:00,PayU,success,714.06,29.74,Rs,2026-02-08 20:00:00
PAY000009096,ORD00008132,2026-04-08 12:00:00,razorpay ,success,1203.09,7.29,INR,2026-04-08 12:00:00
PAY000009097,ORD00003211,2026-05-29 13:00:00,PayU,success,833.89,31.5,INR,2026-05-29 13:00:00
PAY000009098,ORD00005509,2026-05-13 01:00:00,PayU,REFUNDED,355.93,27.02,INR,2026-05-13 01:00:00
PAY000009099,ORD00002483,2026-04-28 05:00:00,razorpay ,success,1131.64,34.85,INR,2026-04-28 05:00:00
PAY000009100,ORD00005406,2026-05-27 13:00:00,Stripe,success,553.55,4.81,INR,2026-05-27 13:00:00
PAY000009101,ORD00006389,2026-06-24 07:00:00,Stripe,success,520.67,29.01,INR,2026-06-24 07:00:00
PAY000009102,ORD00009149,2026-03-16 18:00:00,PayU,success,2136.95,23.87,INR,2026-03-16 18:00:00
PAY000009103,ORD00005473,2026-02-27 13:00:00,razorpay ,success,1306.16,16.39,INR,2026-02-27 13:00:00
PAY000009104,ORD00002176,2026-06-24 19:00:00,Razorpay,PENDING,1216.39,5.93,inr,2026-06-24 19:00:00
PAY000009105,ORD00008759,2026-02-20 11:00:00,Stripe,PENDING,586.36,34.58,INR,2026-02-20 11:00:00
PAY000009106,ORD00009873,2026-06-25 18:00:00,Cashfree,REFUNDED,876.73,23.97,INR,2026-06-25 18:00:00
PAY000009107,ORD00003675,2026-07-31 07:00:00,razorpay ,PENDING,1081.57,25.38,INR,2026-07-31 07:00:00
PAY000009108,ORD00001488,2026-01-03 06:00:00,Razorpay,success,456.53,4.56,INR,2026-01-03 06:00:00
PAY000009109,ORD00006280,2026-04-13 20:00:00,PayU,success,4784.09,3.47,INR,2026-04-13 20:00:00
PAY000009110,ORD00008228,2026-02-09 05:00:00,razorpay ,success,1375.07,32.48,INR,2026-02-09 05:00:00
PAY000009111,ORD00002577,2026-04-06 14:00:00,Cashfree,success,822.53,32.17,INR,2026-04-06 14:00:00
PAY000009112,ORD00003845,2026-05-20 13:00:00,PayU,success,1619.52,28.93,INR,2026-05-20 13:00:00
PAY000009113,ORD00007403,2026-08-14 22:00:00,Razorpay,success,426.91,25.31,Rs,2026-08-14 22:00:00
PAY000009114,ORD00008402,2026-08-21 23:00:00,razorpay ,success,1310.69,14.9,INR,2026-08-21 23:00:00
PAY000009115,ORD00001674,2026-05-29 21:00:00,Cashfree,success,1931.44,20.85,INR,2026-05-29 21:00:00
PAY000009116,ORD00010763,2026-08-26 08:00:00,razorpay ,success,644.83,19.25,INR,2026-08-26 08:00:00
PAY000009117,ORD00010063,2026-04-26 19:00:00,razorpay ,success,405.99,13.88,INR,2026-04-26 19:00:00
PAY000009118,ORD00011933,2026-06-29 16:00:00,Cashfree,success,1362.53,14.75,inr,2026-06-29 16:00:00
PAY000009119,ORD00001421,2026-05-30 18:00:00,Stripe,success,1639.54,20.59,INR,2026-05-30 18:00:00
PAY000009120,ORD00004360,2026-07-16 17:00:00,Stripe,success,535.3,3.67,INR,2026-07-16 17:00:00
PAY000009121,ORD00003219,2026-01-28 17:00:00,Razorpay,success,637.22,15.89,INR,2026-01-28 17:00:00
PAY000009122,ORD00002984,2026-03-19 16:00:00,PayU,success,844.56,14.04,inr,2026-03-19 16:00:00
PAY000009123,ORD00008919,2026-06-28 16:00:00,Cashfree,REFUNDED,576.49,19.44,INR,2026-06-28 16:00:00
PAY000009124,ORD00011251,2026-07-07 22:00:00,Razorpay,success,337.84,30.54,INR,2026-07-07 22:00:00
PAY000009125,ORD00005707,2026-05-01 14:00:00,Cashfree,success,448.08,21.97,INR,2026-05-01 14:00:00
PAY000009126,ORD00008206,2026-08-12 17:00:00,razorpay ,REFUNDED,2059.62,9.31,inr,2026-08-12 17:00:00
PAY000009127,ORD00001282,2026-04-08 02:00:00,Cashfree,success,2565.81,22.89,inr,2026-04-08 02:00:00
PAY000009128,ORD00011409,2026-03-18 21:00:00,razorpay ,success,1834.22,6.74,INR,2026-03-18 21:00:00
PAY000009129,ORD00011543,2026-04-23 09:00:00,Stripe,success,2997.51,18.19,INR,2026-04-23 09:00:00
PAY000009130,ORD00002953,2026-05-06 04:00:00,Razorpay,REFUNDED,662.06,19.83,INR,2026-05-06 04:00:00
PAY000009131,ORD00007229,2026-08-05 14:00:00,razorpay ,PENDING,2572.09,15.63,Rs,2026-08-05 14:00:00
PAY000009132,ORD00006044,2026-07-19 02:00:00,Stripe,success,1500.48,19.36,INR,2026-07-19 02:00:00
PAY000009133,ORD00000180,2026-06-25 05:00:00,razorpay ,success,1366.11,22.36,INR,2026-06-25 05:00:00
PAY000009134,ORD00002490,2026-07-14 07:00:00,Stripe,success,2066.25,24.3,INR,2026-07-14 07:00:00
PAY000009135,ORD00000777,2026-03-14 11:00:00,Cashfree,success,739.17,3.15,INR,2026-03-14 11:00:00
PAY000009136,ORD00003225,2026-08-19 00:00:00,Cashfree,Failed,1113.92,11.78,INR,2026-08-19 00:00:00
PAY000009137,ORD00006601,2026-07-16 00:00:00,razorpay ,success,4621.93,33.84,INR,2026-07-16 00:00:00
PAY000009138,ORD00010990,2026-07-27 03:00:00,PayU,success,904.87,3.25,INR,2026-07-27 03:00:00
PAY000009139,ORD00008227,2026-08-26 14:00:00,Stripe,PENDING,588.31,25.94,INR,2026-08-26 14:00:00
PAY000009140,ORD00009120,2026-05-15 05:00:00,Razorpay,success,2859.31,34.93,INR,2026-05-15 05:00:00
PAY000009141,ORD00000746,2026-05-27 20:00:00,Razorpay,REFUNDED,1236.69,6.57,INR,2026-05-27 20:00:00
PAY000009142,ORD00011099,2026-06-17 00:00:00,PayU,success,903.11,34.1,INR,2026-06-17 00:00:00
PAY000009143,ORD00000381,2026-04-19 12:00:00,Stripe,success,1709.24,25.98,INR,2026-04-19 12:00:00
PAY000009144,ORD00004618,2026-05-26 22:00:00,PayU,PENDING,1494.51,15.43,INR,2026-05-26 22:00:00
PAY000009145,ORD00000644,2026-01-12 23:00:00,Razorpay,success,1006.37,8.15,INR,2026-01-12 23:00:00
PAY000009146,ORD00003861,2026-04-22 04:00:00,Razorpay,success,911.72,24.07,inr,2026-04-22 04:00:00
PAY000009147,ORD00003956,2026-03-13 20:00:00,Cashfree,success,937.72,15.61,Rs,2026-03-13 20:00:00
PAY000009148,ORD00011545,2026-08-08 15:00:00,Razorpay,success,1853.86,29.87,INR,2026-08-08 15:00:00
PAY000009149,ORD00011372,2026-08-02 10:00:00,PayU,success,721.66,9.78,INR,2026-08-02 10:00:00
PAY000009150,ORD00010979,2026-05-03 01:00:00,Stripe,Failed,1234.54,30.31,Rs,2026-05-03 01:00:00
PAY000009151,ORD00007708,2026-05-13 05:00:00,Cashfree,success,1063.71,14.28,INR,2026-05-13 05:00:00
PAY000009152,ORD00006918,2026-04-28 12:00:00,Cashfree,PENDING,628.9,22.57,INR,2026-04-28 12:00:00
PAY000009153,ORD00010664,2026-08-08 21:00:00,Razorpay,PENDING,1053.42,24.37,inr,2026-08-08 21:00:00
PAY000009154,ORD00005688,2026-06-08 22:00:00,Cashfree,success,507.51,9.99,INR,2026-06-08 22:00:00
PAY000009155,ORD00001041,2026-04-22 23:00:00,Cashfree,success,1891.21,12.28,Rs,2026-04-22 23:00:00
PAY000009156,ORD00008085,2026-08-14 12:00:00,razorpay ,success,344.73,8.08,Rs,2026-08-14 12:00:00
PAY000009157,ORD00011557,2026-08-15 06:00:00,Razorpay,success,1392.12,14.29,INR,2026-08-15 06:00:00
PAY000009158,ORD00006290,2026-05-19 13:00:00,Razorpay,REFUNDED,1119.53,25.55,INR,2026-05-19 13:00:00
PAY000009159,ORD00004628,2026-08-15 22:00:00,Stripe,success,1132.05,22.01,INR,2026-08-15 22:00:00
PAY000009160,ORD00007666,2026-04-02 10:00:00,razorpay ,success,1657.4,27.45,INR,2026-04-02 10:00:00
PAY000009161,ORD00004591,2026-07-18 11:00:00,PayU,success,1466.04,22.94,INR,2026-07-18 11:00:00
PAY000009162,ORD00005759,2026-04-10 20:00:00,razorpay ,Failed,445.57,5.82,INR,2026-04-10 20:00:00
PAY000009163,ORD00002920,2026-02-14 21:00:00,razorpay ,success,1680.27,14.27,Rs,2026-02-14 21:00:00
PAY000009164,ORD00004377,2026-05-19 10:00:00,razorpay ,success,1274.18,4.75,INR,2026-05-19 10:00:00
PAY000009165,ORD00011512,2026-07-31 02:00:00,Razorpay,success,4386.51,33.64,INR,2026-07-31 02:00:00
PAY000009166,ORD00004140,2026-03-20 18:00:00,Cashfree,Failed,2352.91,7.98,INR,2026-03-20 18:00:00
PAY000009167,ORD00007059,2026-03-24 02:00:00,Stripe,REFUNDED,318.73,2.48,inr,2026-03-24 02:00:00
PAY000009168,ORD00003562,2026-05-27 10:00:00,Stripe,success,636.32,29.42,INR,2026-05-27 10:00:00
PAY000009169,ORD00010356,2026-01-25 05:00:00,razorpay ,success,1105.62,33.84,INR,2026-01-25 05:00:00
PAY000009170,ORD00004718,2026-08-13 22:00:00,Stripe,success,1268.66,4.44,INR,2026-08-13 22:00:00
PAY000009171,ORD00004695,2026-04-22 13:00:00,razorpay ,success,3706.78,30.74,INR,2026-04-22 13:00:00
PAY000009172,ORD00002357,2026-02-17 08:00:00,razorpay ,success,436.69,12.73,INR,2026-02-17 08:00:00
PAY000009173,ORD00002183,2026-03-26 12:00:00,Stripe,success,578.36,8.85,INR,2026-03-26 12:00:00
PAY000009174,ORD00003319,2026-07-08 13:00:00,PayU,success,2685.13,3.27,INR,2026-07-08 13:00:00
PAY000009175,ORD00000512,2026-06-02 14:00:00,Stripe,success,1493.93,28.75,inr,2026-06-02 14:00:00
PAY000009176,ORD00004814,2026-04-07 02:00:00,Cashfree,success,911.45,16.57,INR,2026-04-07 02:00:00
PAY000009177,ORD00010191,2026-01-02 19:00:00,PayU,success,923.9,9.35,inr,2026-01-02 19:00:00
PAY000009178,ORD00002463,2026-03-29 02:00:00,Stripe,success,2853.34,33.58,INR,2026-03-29 02:00:00
PAY000009179,ORD00000543,2026-01-25 17:00:00,PayU,REFUNDED,708.21,22.11,inr,2026-01-25 17:00:00
PAY000009180,ORD00002121,2026-02-14 16:00:00,razorpay ,Failed,1048.99,13.87,INR,2026-02-14 16:00:00
PAY000009181,ORD00007429,2026-01-24 20:00:00,razorpay ,success,2890.49,27.06,INR,2026-01-24 20:00:00
PAY000009182,ORD00003707,2026-03-26 21:00:00,Razorpay,success,1450.83,21.14,INR,2026-03-26 21:00:00
PAY000009183,ORD00004161,2026-01-12 00:00:00,Cashfree,success,871.5,25.81,INR,2026-01-12 00:00:00
PAY000009184,ORD00004513,2026-04-30 07:00:00,Cashfree,success,1709.07,27.55,INR,2026-04-30 07:00:00
PAY000009185,ORD00008309,2026-04-09 16:00:00,PayU,Failed,317.17,22.05,inr,2026-04-09 16:00:00
PAY000009186,ORD00008701,2026-04-11 13:00:00,Razorpay,success,1506.9,30.09,INR,2026-04-11 13:00:00
PAY000009187,ORD00009686,2026-02-06 15:00:00,Stripe,success,1255.79,13.99,INR,2026-02-06 15:00:00
PAY000009188,ORD00008700,2026-07-19 23:00:00,Cashfree,Failed,2064.31,5.65,INR,2026-07-19 23:00:00
PAY000009189,ORD00004091,2026-06-02 16:00:00,razorpay ,success,654.81,17.35,Rs,2026-06-02 16:00:00
PAY000009190,ORD00006702,2026-03-15 10:00:00,razorpay ,PENDING,1002.21,13.66,inr,2026-03-15 10:00:00
PAY000009191,ORD00010266,2026-05-01 11:00:00,razorpay ,success,3933.52,19.81,INR,2026-05-01 11:00:00
PAY000009192,ORD00011297,2026-01-08 02:00:00,Razorpay,success,632.54,25.68,INR,2026-01-08 02:00:00
PAY000009193,ORD00008438,2026-04-14 06:00:00,Cashfree,success,492.14,17.5,inr,2026-04-14 06:00:00
PAY000009194,ORD00002276,2026-08-19 15:00:00,Cashfree,Failed,1684.29,2.65,INR,2026-08-19 15:00:00
PAY000009195,ORD00001150,2026-07-08 06:00:00,PayU,success,2569.81,30.35,INR,2026-07-08 06:00:00
PAY000009196,ORD00009527,2026-08-20 20:00:00,Cashfree,success,1107.24,12.18,Rs,2026-08-20 20:00:00
PAY000009197,ORD00008545,2026-05-07 20:00:00,razorpay ,success,1330.46,11.94,INR,2026-05-07 20:00:00
PAY000009198,ORD00001050,2026-03-26 14:00:00,Stripe,success,1456.14,2.7,INR,2026-03-26 14:00:00
PAY000009199,ORD00004951,2026-07-12 10:00:00,razorpay ,Failed,989.02,3.62,INR,2026-07-12 10:00:00
PAY000009200,ORD00001410,2026-07-19 13:00:00,Cashfree,Failed,4884.95,10.68,INR,2026-07-19 13:00:00
PAY000009201,ORD00010937,2026-07-05 15:00:00,Cashfree,success,974.74,23.3,INR,2026-07-05 15:00:00
PAY000009202,ORD00004451,2026-05-11 05:00:00,Stripe,success,2802.4,28.92,INR,2026-05-11 05:00:00
PAY000009203,ORD00010382,2026-07-07 23:00:00,razorpay ,success,739.51,3.84,Rs,2026-07-07 23:00:00
PAY000009204,ORD00001798,2026-07-30 09:00:00,razorpay ,success,1899.34,14.14,INR,2026-07-30 09:00:00
PAY000009205,ORD00007237,2026-06-22 13:00:00,Cashfree,Failed,524.09,25.47,INR,2026-06-22 13:00:00
PAY000009206,ORD00002981,2026-01-06 04:00:00,razorpay ,success,935.38,15.7,INR,2026-01-06 04:00:00
PAY000009207,ORD00003447,2026-08-01 15:00:00,Razorpay,success,3506.07,17.44,INR,2026-08-01 15:00:00
PAY000009208,ORD00002258,2026-01-27 22:00:00,Stripe,success,666.41,13.02,INR,2026-01-27 22:00:00
PAY000009209,ORD00002849,2026-01-15 04:00:00,razorpay ,success,1046.56,25.07,INR,2026-01-15 04:00:00
PAY000009210,ORD00008021,2026-06-18 14:00:00,Cashfree,success,674.43,32.85,INR,2026-06-18 14:00:00
PAY000009211,ORD00003993,2026-01-18 10:00:00,PayU,success,634.35,3.7,INR,2026-01-18 10:00:00
PAY000009212,ORD00009453,2026-08-12 11:00:00,Cashfree,success,633.58,16.45,INR,2026-08-12 11:00:00
PAY000009213,ORD00004132,2026-06-22 08:00:00,Razorpay,success,688.38,27.86,INR,2026-06-22 08:00:00
PAY000009214,ORD00008461,2026-08-13 15:00:00,Cashfree,PENDING,2675.28,5.6,INR,2026-08-13 15:00:00
PAY000009215,ORD00004451,2026-01-21 04:00:00,Razorpay,success,2996.87,32.32,INR,2026-01-21 04:00:00
PAY000009216,ORD00004997,2026-06-28 05:00:00,PayU,success,8701.66,11.11,INR,2026-06-28 05:00:00
PAY000009217,ORD00011083,2026-03-12 05:00:00,razorpay ,success,3141.53,12.19,INR,2026-03-12 05:00:00
PAY000009218,ORD00009008,2026-05-20 09:00:00,Razorpay,success,730.59,20.73,INR,2026-05-20 09:00:00
PAY000009219,ORD00009568,2026-02-01 08:00:00,Cashfree,success,1952.81,17.97,inr,2026-02-01 08:00:00
PAY000009220,ORD00000260,2026-05-29 10:00:00,razorpay ,success,3189.13,24.32,INR,2026-05-29 10:00:00
PAY000009221,ORD00010828,2026-01-31 21:00:00,Cashfree,success,1203.87,15.93,INR,2026-01-31 21:00:00
PAY000009222,ORD00006431,2026-05-19 01:00:00,Stripe,success,711.16,2.26,INR,2026-05-19 01:00:00
PAY000009223,ORD00009601,2026-02-21 08:00:00,Cashfree,success,2186.44,2.93,INR,2026-02-21 08:00:00
PAY000009224,ORD00000362,2026-08-01 15:00:00,razorpay ,success,1445.31,22.35,INR,2026-08-01 15:00:00
PAY000009225,ORD00005404,2026-04-25 03:00:00,Cashfree,success,535.11,28.76,INR,2026-04-25 03:00:00
PAY000009226,ORD00004280,2026-02-13 13:00:00,PayU,success,1222.7,27.47,INR,2026-02-13 13:00:00
PAY000009227,ORD00004287,2026-04-14 16:00:00,PayU,success,1502.44,23.22,INR,2026-04-14 16:00:00
PAY000009228,ORD00008924,2026-07-11 06:00:00,Stripe,Failed,1283.25,17.05,INR,2026-07-11 06:00:00
PAY000009229,ORD00009039,2026-07-05 21:00:00,Stripe,success,301.62,11.47,INR,2026-07-05 21:00:00
PAY000009230,ORD00005919,2026-01-02 05:00:00,Stripe,success,1000.97,32.65,INR,2026-01-02 05:00:00
PAY000009231,ORD00005689,2026-07-01 20:00:00,razorpay ,success,2148.46,21.99,INR,2026-07-01 20:00:00
PAY000009232,ORD00011354,2026-06-15 17:00:00,PayU,success,2863.05,19.77,INR,2026-06-15 17:00:00
PAY000009233,ORD00006300,2026-01-16 10:00:00,Cashfree,success,2267.25,19.22,INR,2026-01-16 10:00:00
PAY000009234,ORD00007496,2026-03-03 21:00:00,PayU,success,3080.67,31.81,INR,2026-03-03 21:00:00
PAY000009235,ORD00010933,2026-01-10 00:00:00,Stripe,REFUNDED,1122.85,7.89,INR,2026-01-10 00:00:00
PAY000009236,ORD00006976,2026-03-20 19:00:00,Cashfree,Failed,932.06,15.83,INR,2026-03-20 19:00:00
PAY000009237,ORD00007503,2026-05-08 13:00:00,Razorpay,Failed,540.3,15.23,INR,2026-05-08 13:00:00
PAY000009238,ORD00003161,2026-04-24 23:00:00,Razorpay,PENDING,334.65,8.92,INR,2026-04-24 23:00:00
PAY000009239,ORD00006619,2026-07-28 10:00:00,PayU,success,877.37,8.98,INR,2026-07-28 10:00:00
PAY000009240,ORD00006310,2026-04-11 14:00:00,razorpay ,success,686.47,28.03,inr,2026-04-11 14:00:00
PAY000009241,ORD00006197,2026-06-04 16:00:00,Cashfree,success,1187.73,16.73,INR,2026-06-04 16:00:00
PAY000009242,ORD00002914,2026-04-24 00:00:00,PayU,success,690.32,2.76,INR,2026-04-24 00:00:00
PAY000009243,ORD00009322,2026-05-15 23:00:00,Cashfree,success,546.49,31.21,INR,2026-05-15 23:00:00
PAY000009244,ORD00006288,2026-07-18 00:00:00,razorpay ,success,312.67,19.69,INR,2026-07-18 00:00:00
PAY000009245,ORD00008524,2026-05-10 14:00:00,Cashfree,success,1263.21,27.08,inr,2026-05-10 14:00:00
PAY000009246,ORD00009331,2026-05-21 20:00:00,PayU,success,3772.49,27.3,INR,2026-05-21 20:00:00
PAY000009247,ORD00008062,2026-06-07 00:00:00,razorpay ,success,945.68,2.75,inr,2026-06-07 00:00:00
PAY000009248,ORD00009247,2026-06-07 07:00:00,PayU,success,511.41,26.43,INR,2026-06-07 07:00:00
PAY000009249,ORD00000782,2026-08-06 18:00:00,,success,596.56,6.47,INR,2026-08-06 18:00:00
PAY000009250,ORD00011432,2026-01-02 17:00:00,PayU,Failed,5374.69,5.86,INR,2026-01-02 17:00:00
PAY000009251,ORD00008627,2026-04-18 14:00:00,Stripe,Failed,354.19,22.46,INR,2026-04-18 14:00:00
PAY000009252,ORD00009473,2026-04-04 18:00:00,Stripe,success,674.7,33.31,INR,2026-04-04 18:00:00
PAY000009253,ORD00006133,2026-01-14 06:00:00,razorpay ,success,1280.44,34.99,INR,2026-01-14 06:00:00
PAY000009254,ORD00006119,2026-08-15 17:00:00,Razorpay,Failed,2929.34,34.7,INR,2026-08-15 17:00:00
PAY000009255,ORD00006153,2026-08-11 12:00:00,Razorpay,success,1516.8,8.31,INR,2026-08-11 12:00:00
PAY000009256,ORD00003813,2026-03-22 17:00:00,Cashfree,success,404.07,25.37,INR,2026-03-22 17:00:00
PAY000009257,ORD00009639,2026-08-15 06:00:00,Cashfree,success,341.62,9.52,INR,2026-08-15 06:00:00
PAY000009258,ORD00009071,2026-04-03 18:00:00,Stripe,success,145.42,21.93,INR,2026-04-03 18:00:00
PAY000009259,ORD00006362,2026-05-18 22:00:00,PayU,success,1780.01,21.29,INR,2026-05-18 22:00:00
PAY000009260,ORD00004187,2026-06-30 16:00:00,Razorpay,PENDING,1543.74,13.0,Rs,2026-06-30 16:00:00
PAY000009261,ORD00000734,2026-07-01 08:00:00,razorpay ,success,1351.79,32.26,INR,2026-07-01 08:00:00
PAY000009262,ORD00005377,2026-04-23 19:00:00,Razorpay,success,1441.21,15.68,inr,2026-04-23 19:00:00
PAY000009263,ORD00006126,2026-07-11 18:00:00,razorpay ,success,915.32,9.36,INR,2026-07-11 18:00:00
PAY000009264,ORD00006202,2026-03-18 10:00:00,PayU,success,775.72,32.67,inr,2026-03-18 10:00:00
PAY000009265,ORD00003495,2026-02-18 20:00:00,PayU,success,1718.23,8.88,INR,2026-02-18 20:00:00
PAY000009266,ORD00004126,2026-06-03 01:00:00,Cashfree,success,389.69,34.95,INR,2026-06-03 01:00:00
PAY000009267,ORD00000233,2026-04-26 07:00:00,Stripe,success,1335.15,28.07,INR,2026-04-26 07:00:00
PAY000009268,ORD00004410,2026-05-08 17:00:00,razorpay ,success,4210.39,8.61,INR,2026-05-08 17:00:00
PAY000009269,ORD00009831,2026-07-27 07:00:00,Stripe,success,2136.04,12.64,INR,2026-07-27 07:00:00
PAY000009270,ORD00008443,2026-04-11 15:00:00,Stripe,success,1396.61,16.35,INR,2026-04-11 15:00:00
PAY000009271,ORD00006654,2026-06-22 00:00:00,Stripe,REFUNDED,1249.28,19.96,INR,2026-06-22 00:00:00
PAY000009272,ORD00011991,2026-01-03 15:00:00,Stripe,success,604.0,3.95,INR,2026-01-03 15:00:00
PAY000009273,ORD00008455,2026-03-26 06:00:00,Razorpay,success,806.23,23.32,INR,2026-03-26 06:00:00
PAY000009274,ORD00002976,2026-01-12 07:00:00,PayU,success,1813.87,13.25,INR,2026-01-12 07:00:00
PAY000009275,ORD00004107,2026-04-14 06:00:00,Razorpay,success,712.38,5.56,INR,2026-04-14 06:00:00
PAY000009276,ORD00011082,2026-05-11 06:00:00,Cashfree,success,409.45,3.67,Rs,2026-05-11 06:00:00
PAY000009277,ORD00007330,2026-02-23 11:00:00,Cashfree,Failed,782.92,23.31,INR,2026-02-23 11:00:00
PAY000009278,ORD00007986,2026-02-21 05:00:00,Razorpay,success,3333.73,15.87,INR,2026-02-21 05:00:00
PAY000009279,ORD00006061,2026-06-05 17:00:00,PayU,success,1373.39,8.71,INR,2026-06-05 17:00:00
PAY000009280,ORD00004569,2026-08-03 17:00:00,razorpay ,success,1780.17,19.0,INR,2026-08-03 17:00:00
PAY000009281,ORD00011301,2026-06-03 10:00:00,razorpay ,success,2957.73,10.86,INR,2026-06-03 10:00:00
PAY000009282,ORD00006680,2026-05-23 10:00:00,PayU,success,1220.97,28.34,INR,2026-05-23 10:00:00
PAY000009283,ORD00008532,2026-08-18 10:00:00,razorpay ,success,802.81,7.0,INR,2026-08-18 10:00:00
PAY000009284,ORD00010087,2026-02-18 19:00:00,razorpay ,success,1444.09,2.12,INR,2026-02-18 19:00:00
PAY000009285,ORD00007587,2026-07-24 23:00:00,razorpay ,success,1622.1,2.81,INR,2026-07-24 23:00:00
PAY000009286,ORD00003661,2026-08-04 20:00:00,Stripe,REFUNDED,1220.66,7.08,INR,2026-08-04 20:00:00
PAY000009287,ORD00003118,2026-07-24 01:00:00,Razorpay,success,2153.29,8.93,INR,2026-07-24 01:00:00
PAY000009288,ORD00005346,2026-07-25 10:00:00,razorpay ,success,1315.29,11.79,INR,2026-07-25 10:00:00
PAY000009289,ORD00000617,2026-05-14 12:00:00,Stripe,success,767.93,12.54,INR,2026-05-14 12:00:00
PAY000009290,ORD00003983,2026-02-05 18:00:00,PayU,success,1078.96,4.32,INR,2026-02-05 18:00:00
PAY000009291,ORD00003652,2026-07-18 14:00:00,Cashfree,success,3945.36,34.98,INR,2026-07-18 14:00:00
PAY000009292,ORD00009425,2026-08-19 10:00:00,PayU,success,1362.19,2.68,INR,2026-08-19 10:00:00
PAY000009293,ORD00006158,2026-01-17 04:00:00,Razorpay,success,507.6,21.0,INR,2026-01-17 04:00:00
PAY000009294,ORD00000713,2026-02-08 20:00:00,PayU,PENDING,2298.16,33.24,Rs,2026-02-08 20:00:00
PAY000009295,ORD00010648,2026-01-31 12:00:00,razorpay ,success,1815.19,10.72,INR,2026-01-31 12:00:00
PAY000009296,ORD00003608,2026-06-03 20:00:00,Cashfree,success,556.46,29.46,INR,2026-06-03 20:00:00
PAY000009297,ORD00002162,2026-02-25 08:00:00,Stripe,success,795.95,19.47,inr,2026-02-25 08:00:00
PAY000009298,ORD00004204,2026-04-23 22:00:00,Stripe,success,1783.86,7.93,INR,2026-04-23 22:00:00
PAY000009299,ORD00001926,2026-01-02 09:00:00,Razorpay,success,1534.35,10.5,INR,2026-01-02 09:00:00
PAY000009300,ORD00002724,2026-05-14 10:00:00,Razorpay,success,720.61,18.77,INR,2026-05-14 10:00:00
PAY000009301,ORD00001479,2026-01-13 19:00:00,Stripe,success,871.67,34.98,Rs,2026-01-13 19:00:00
PAY000009302,ORD00004668,2026-06-13 01:00:00,Cashfree,success,6391.52,28.34,Rs,2026-06-13 01:00:00
PAY000009303,ORD00002157,2026-01-15 04:00:00,Razorpay,success,3222.76,5.1,INR,2026-01-15 04:00:00
PAY000009304,ORD00002953,2026-04-06 22:00:00,Razorpay,success,420.95,9.61,INR,2026-04-06 22:00:00
PAY000009305,ORD00011263,2026-07-06 09:00:00,,success,1497.27,12.62,INR,2026-07-06 09:00:00
PAY000009306,ORD00002072,2026-02-18 15:00:00,PayU,success,794.88,6.5,inr,2026-02-18 15:00:00
PAY000009307,ORD00002791,2026-04-09 23:00:00,Razorpay,success,973.55,11.5,INR,2026-04-09 23:00:00
PAY000009308,ORD00007741,2026-01-28 14:00:00,Razorpay,PENDING,4335.59,12.56,INR,2026-01-28 14:00:00
PAY000009309,ORD00006133,2026-02-15 16:00:00,Stripe,success,2545.63,24.07,INR,2026-02-15 16:00:00
PAY000009310,ORD00011156,2026-02-03 10:00:00,PayU,success,9432.23,13.59,INR,2026-02-03 10:00:00
PAY000009311,ORD00002544,2026-05-26 01:00:00,razorpay ,success,834.92,5.64,INR,2026-05-26 01:00:00
PAY000009312,ORD00004387,2026-05-02 01:00:00,razorpay ,success,558.05,28.89,INR,2026-05-02 01:00:00
PAY000009313,ORD00009599,2026-02-06 06:00:00,PayU,success,466.0,34.81,INR,2026-02-06 06:00:00
PAY000009314,ORD00003108,2026-04-18 18:00:00,razorpay ,PENDING,1194.2,25.03,INR,2026-04-18 18:00:00
PAY000009315,ORD00004142,2026-05-28 23:00:00,Razorpay,PENDING,631.13,2.47,INR,2026-05-28 23:00:00
PAY000009316,ORD00001144,2026-03-22 03:00:00,Stripe,PENDING,3200.75,26.48,INR,2026-03-22 03:00:00
PAY000009317,ORD00002392,2026-06-16 12:00:00,razorpay ,PENDING,1015.78,22.04,INR,2026-06-16 12:00:00
PAY000009318,ORD00011231,2026-02-04 07:00:00,Stripe,success,1667.87,31.04,INR,2026-02-04 07:00:00
PAY000009319,ORD00000532,2026-05-21 20:00:00,Razorpay,success,689.1,8.24,INR,2026-05-21 20:00:00
PAY000009320,ORD00003962,2026-01-05 09:00:00,Stripe,success,1015.07,18.44,INR,2026-01-05 09:00:00
PAY000009321,ORD00003673,2026-03-03 06:00:00,PayU,success,835.23,22.67,INR,2026-03-03 06:00:00
PAY000009322,ORD00007092,2026-08-13 10:00:00,Stripe,Failed,2010.48,7.3,INR,2026-08-13 10:00:00
PAY000009323,ORD00008934,2026-03-19 02:00:00,razorpay ,success,730.86,26.63,INR,2026-03-19 02:00:00
PAY000009324,ORD00006624,2026-02-15 20:00:00,Razorpay,success,896.49,14.54,INR,2026-02-15 20:00:00
PAY000009325,ORD00005413,2026-03-07 10:00:00,Cashfree,success,353.84,24.87,Rs,2026-03-07 10:00:00
PAY000009326,ORD00009125,2026-02-04 20:00:00,Razorpay,success,999.08,25.52,INR,2026-02-04 20:00:00
PAY000009327,ORD00004522,2026-03-29 08:00:00,PayU,Failed,642.75,4.01,INR,2026-03-29 08:00:00
PAY000009328,ORD00011701,2026-06-18 02:00:00,PayU,success,678.66,6.94,INR,2026-06-18 02:00:00
PAY000009329,ORD00009017,2026-06-12 18:00:00,razorpay ,success,1276.12,32.02,INR,2026-06-12 18:00:00
PAY000009330,ORD00005229,2026-07-29 22:00:00,PayU,success,1915.38,26.69,inr,2026-07-29 22:00:00
PAY000009331,ORD00001333,2026-04-11 05:00:00,Cashfree,Failed,1484.24,28.81,Rs,2026-04-11 05:00:00
PAY000009332,ORD00008252,2026-03-09 22:00:00,Razorpay,Failed,674.98,4.98,INR,2026-03-09 22:00:00
PAY000009333,ORD00007272,2026-06-22 17:00:00,Stripe,success,6453.83,28.86,INR,2026-06-22 17:00:00
PAY000009334,ORD00006873,2026-05-27 01:00:00,Razorpay,success,1898.2,3.87,INR,2026-05-27 01:00:00
PAY000009335,ORD00002988,2026-08-12 02:00:00,Razorpay,success,1182.05,17.44,INR,2026-08-12 02:00:00
PAY000009336,ORD00006937,2026-06-07 09:00:00,PayU,success,278.12,12.61,INR,2026-06-07 09:00:00
PAY000009337,ORD00003315,2026-07-12 11:00:00,Stripe,success,949.88,16.68,Rs,2026-07-12 11:00:00
PAY000009338,ORD00000985,2026-04-22 03:00:00,Razorpay,success,733.58,7.16,INR,2026-04-22 03:00:00
PAY000009339,ORD00007485,2026-07-04 06:00:00,razorpay ,success,618.64,2.16,INR,2026-07-04 06:00:00
PAY000009340,ORD00002672,2026-03-07 14:00:00,Stripe,REFUNDED,1268.57,24.78,INR,2026-03-07 14:00:00
PAY000009341,ORD00000483,2026-05-16 05:00:00,razorpay ,PENDING,1104.02,14.1,INR,2026-05-16 05:00:00
PAY000009342,ORD00006980,2026-01-14 00:00:00,Cashfree,success,1793.73,17.62,INR,2026-01-14 00:00:00
PAY000009343,ORD00002041,2026-01-06 08:00:00,Stripe,success,1540.35,33.18,INR,2026-01-06 08:00:00
PAY000009344,ORD00000303,2026-08-22 16:00:00,Cashfree,success,1669.94,33.92,INR,2026-08-22 16:00:00
PAY000009345,ORD00011435,2026-05-03 08:00:00,razorpay ,success,925.1,31.07,inr,2026-05-03 08:00:00
PAY000009346,ORD00001131,2026-05-17 05:00:00,Razorpay,success,748.33,23.73,INR,2026-05-17 05:00:00
PAY000009347,ORD00003116,2026-02-12 21:00:00,Cashfree,success,1001.84,15.09,INR,2026-02-12 21:00:00
PAY000009348,ORD00009285,2026-08-22 01:00:00,Cashfree,PENDING,515.54,23.67,INR,2026-08-22 01:00:00
PAY000009349,ORD00009303,2026-02-11 18:00:00,Razorpay,success,242.21,31.67,INR,2026-02-11 18:00:00
PAY000009350,ORD00008074,2026-03-29 09:00:00,razorpay ,success,1240.76,23.02,INR,2026-03-29 09:00:00
PAY000009351,ORD00004793,2026-08-22 21:00:00,Stripe,success,658.97,5.78,INR,2026-08-22 21:00:00
PAY000009352,ORD00005122,2026-01-10 07:00:00,PayU,success,835.33,20.18,INR,2026-01-10 07:00:00
PAY000009353,ORD00007577,2026-08-10 17:00:00,Stripe,success,996.08,24.09,inr,2026-08-10 17:00:00
PAY000009354,ORD00007754,2026-06-01 07:00:00,Stripe,success,2672.1,15.73,INR,2026-06-01 07:00:00
PAY000009355,ORD00008160,2026-07-22 21:00:00,PayU,success,888.3,18.35,INR,2026-07-22 21:00:00
PAY000009356,ORD00005828,2026-04-10 06:00:00,PayU,Failed,2845.48,12.3,inr,2026-04-10 06:00:00
PAY000009357,ORD00009763,2026-05-10 01:00:00,Stripe,success,1145.27,15.2,INR,2026-05-10 01:00:00
PAY000009358,ORD00000434,2026-08-10 09:00:00,Cashfree,success,449.6,17.64,INR,2026-08-10 09:00:00
PAY000009359,ORD00011586,2026-07-30 00:00:00,razorpay ,success,1219.64,6.9,inr,2026-07-30 00:00:00
PAY000009360,ORD00004346,2026-07-19 07:00:00,Razorpay,success,1533.11,21.32,INR,2026-07-19 07:00:00
PAY000009361,ORD00002781,2026-04-01 16:00:00,PayU,success,611.81,6.4,INR,2026-04-01 16:00:00
PAY000009362,ORD00000448,2026-03-25 21:00:00,Razorpay,success,847.78,3.87,INR,2026-03-25 21:00:00
PAY000009363,ORD00009101,2026-08-13 17:00:00,Cashfree,success,1443.98,20.81,inr,2026-08-13 17:00:00
PAY000009364,ORD00001606,2026-05-24 05:00:00,Stripe,PENDING,1052.02,29.23,INR,2026-05-24 05:00:00
PAY000009365,ORD00011630,2026-06-16 12:00:00,Cashfree,success,1174.06,18.81,INR,2026-06-16 12:00:00
PAY000009366,ORD00000284,2026-05-20 01:00:00,PayU,success,536.77,12.77,Rs,2026-05-20 01:00:00
PAY000009367,ORD00011856,2026-04-06 18:00:00,Razorpay,success,408.34,8.36,INR,2026-04-06 18:00:00
PAY000009368,ORD00002038,2026-02-23 22:00:00,PayU,success,782.54,2.31,Rs,2026-02-23 22:00:00
PAY000009369,ORD00009512,2026-01-14 19:00:00,Razorpay,success,712.5,8.22,inr,2026-01-14 19:00:00
PAY000009370,ORD00010217,2026-03-01 12:00:00,Cashfree,success,335.75,33.4,INR,2026-03-01 12:00:00
PAY000009371,ORD00006766,2026-01-09 12:00:00,razorpay ,Failed,729.56,16.73,INR,2026-01-09 12:00:00
PAY000009372,ORD00004265,2026-06-17 14:00:00,Cashfree,success,623.37,8.37,INR,2026-06-17 14:00:00
PAY000009373,ORD00006360,2026-08-28 18:00:00,razorpay ,success,2935.46,21.0,INR,2026-08-28 18:00:00
PAY000009374,ORD00008988,2026-04-02 16:00:00,Cashfree,success,1250.68,21.11,inr,2026-04-02 16:00:00
PAY000009375,ORD00008831,2026-02-15 06:00:00,PayU,success,722.24,19.77,INR,2026-02-15 06:00:00
PAY000009376,ORD00005937,2026-04-03 11:00:00,Cashfree,success,1633.78,33.22,INR,2026-04-03 11:00:00
PAY000009377,ORD00002508,2026-02-27 00:00:00,Razorpay,REFUNDED,290.04,30.09,INR,2026-02-27 00:00:00
PAY000009378,ORD00001396,2026-02-24 20:00:00,Stripe,success,562.93,6.82,INR,2026-02-24 20:00:00
PAY000009379,ORD00004172,2026-02-18 04:00:00,Stripe,success,1023.52,19.79,INR,2026-02-18 04:00:00
PAY000009380,ORD00005080,2026-02-05 15:00:00,razorpay ,success,1982.9,33.93,INR,2026-02-05 15:00:00
PAY000009381,ORD00010758,2026-01-24 06:00:00,Cashfree,success,2033.96,14.32,INR,2026-01-24 06:00:00
PAY000009382,ORD00006340,2026-04-18 03:00:00,PayU,success,715.18,11.76,Rs,2026-04-18 03:00:00
PAY000009383,ORD00005437,2026-06-14 01:00:00,Razorpay,success,1532.14,9.71,INR,2026-06-14 01:00:00
PAY000009384,ORD00000098,2026-07-19 15:00:00,,success,1001.42,34.74,INR,2026-07-19 15:00:00
PAY000009385,ORD00005692,2026-04-21 22:00:00,PayU,success,977.27,17.72,Rs,2026-04-21 22:00:00
PAY000009386,ORD00011939,2026-05-31 13:00:00,Stripe,PENDING,2136.76,20.32,INR,2026-05-31 13:00:00
PAY000009387,ORD00007584,2026-06-17 02:00:00,Stripe,success,2751.66,5.07,INR,2026-06-17 02:00:00
PAY000009388,ORD00003446,2026-08-26 10:00:00,Stripe,success,1508.74,16.78,Rs,2026-08-26 10:00:00
PAY000009389,ORD00009806,2026-03-17 17:00:00,Stripe,PENDING,919.97,29.53,INR,2026-03-17 17:00:00
PAY000009390,ORD00010499,2026-03-04 07:00:00,Stripe,success,1690.15,7.33,INR,2026-03-04 07:00:00
PAY000009391,ORD00003577,2026-04-25 13:00:00,Razorpay,success,545.07,11.61,inr,2026-04-25 13:00:00
PAY000009392,ORD00008863,2026-08-28 14:00:00,Razorpay,success,1127.57,30.53,INR,2026-08-28 14:00:00
PAY000009393,ORD00009718,2026-08-08 20:00:00,razorpay ,success,755.11,17.18,INR,2026-08-08 20:00:00
PAY000009394,ORD00000921,2026-06-26 20:00:00,Razorpay,success,740.28,8.54,INR,2026-06-26 20:00:00
PAY000009395,ORD00010349,2026-07-04 21:00:00,razorpay ,success,713.88,12.05,INR,2026-07-04 21:00:00
PAY000009396,ORD00005408,2026-04-15 15:00:00,PayU,PENDING,982.81,22.92,INR,2026-04-15 15:00:00
PAY000009397,ORD00007161,2026-08-05 16:00:00,Stripe,success,1405.29,11.34,INR,2026-08-05 16:00:00
PAY000009398,ORD00011601,2026-01-06 05:00:00,Cashfree,success,337.55,5.22,INR,2026-01-06 05:00:00
PAY000009399,ORD00008150,2026-08-06 13:00:00,Stripe,success,2066.92,22.23,INR,2026-08-06 13:00:00
PAY000009400,ORD00007962,2026-02-10 08:00:00,Razorpay,success,1187.15,32.45,INR,2026-02-10 08:00:00
PAY000009401,ORD00004806,2026-07-05 14:00:00,Stripe,success,1018.33,17.65,INR,2026-07-05 14:00:00
PAY000009402,ORD00007340,2026-01-24 08:00:00,PayU,success,345.77,27.82,Rs,2026-01-24 08:00:00
PAY000009403,ORD00005581,2026-06-20 16:00:00,Cashfree,success,562.95,6.85,INR,2026-06-20 16:00:00
PAY000009404,ORD00011921,2026-02-09 14:00:00,Stripe,success,924.25,18.43,INR,2026-02-09 14:00:00
PAY000009405,ORD00004662,2026-08-13 16:00:00,razorpay ,success,1312.9,29.35,INR,2026-08-13 16:00:00
PAY000009406,ORD00005185,2026-01-05 12:00:00,razorpay ,success,642.5,3.99,INR,2026-01-05 12:00:00
PAY000009407,ORD00008913,2026-07-23 05:00:00,PayU,success,1851.58,31.77,INR,2026-07-23 05:00:00
PAY000009408,ORD00001855,2026-08-02 03:00:00,Stripe,success,1111.35,5.3,inr,2026-08-02 03:00:00
PAY000009409,ORD00002768,2026-04-27 06:00:00,razorpay ,success,6415.54,27.09,INR,2026-04-27 06:00:00
PAY000009410,ORD00003820,2026-07-31 22:00:00,PayU,success,1467.16,29.95,INR,2026-07-31 22:00:00
PAY000009411,ORD00009957,2026-08-06 18:00:00,Razorpay,success,1043.36,26.77,INR,2026-08-06 18:00:00
PAY000009412,ORD00010409,2026-05-21 04:00:00,Razorpay,success,620.95,6.38,INR,2026-05-21 04:00:00
PAY000009413,ORD00002066,2026-05-16 17:00:00,Razorpay,success,3528.89,13.36,inr,2026-05-16 17:00:00
PAY000009414,ORD00007857,2026-01-03 19:00:00,Razorpay,Failed,4304.17,10.95,INR,2026-01-03 19:00:00
PAY000009415,ORD00010453,2026-08-16 21:00:00,Cashfree,success,1140.95,7.1,INR,2026-08-16 21:00:00
PAY000009416,ORD00011740,2026-05-19 08:00:00,PayU,success,1526.3,22.21,INR,2026-05-19 08:00:00
PAY000009417,ORD00001160,2026-07-05 06:00:00,PayU,success,1183.25,3.58,INR,2026-07-05 06:00:00
PAY000009418,ORD00002449,2026-08-12 03:00:00,razorpay ,success,1882.34,14.99,INR,2026-08-12 03:00:00
PAY000009419,ORD00003512,2026-01-30 19:00:00,razorpay ,success,594.6,34.21,INR,2026-01-30 19:00:00
PAY000009420,ORD00003617,2026-01-11 08:00:00,Stripe,Failed,1260.75,12.2,inr,2026-01-11 08:00:00
PAY000009421,ORD00006026,2026-03-15 17:00:00,Razorpay,success,221.62,9.97,INR,2026-03-15 17:00:00
PAY000009422,ORD00010786,2026-05-28 08:00:00,razorpay ,success,976.92,17.71,INR,2026-05-28 08:00:00
PAY000009423,ORD00010941,2026-06-24 16:00:00,PayU,Failed,1850.05,34.74,INR,2026-06-24 16:00:00
PAY000009424,ORD00011366,2026-05-06 04:00:00,razorpay ,success,603.86,27.89,INR,2026-05-06 04:00:00
PAY000009425,ORD00007188,2026-06-30 21:00:00,Cashfree,success,1487.34,33.21,INR,2026-06-30 21:00:00
PAY000009426,ORD00002558,2026-06-18 05:00:00,Razorpay,PENDING,1808.61,14.26,INR,2026-06-18 05:00:00
PAY000009427,ORD00002128,2026-03-08 11:00:00,Razorpay,success,4021.7,30.54,Rs,2026-03-08 11:00:00
PAY000009428,ORD00009936,2026-03-20 19:00:00,PayU,success,1411.71,20.43,INR,2026-03-20 19:00:00
PAY000009429,ORD00002300,2026-04-25 02:00:00,Cashfree,PENDING,422.84,2.36,INR,2026-04-25 02:00:00
PAY000009430,ORD00010876,2026-02-02 21:00:00,Stripe,success,722.28,27.19,INR,2026-02-02 21:00:00
PAY000009431,ORD00000810,2026-01-27 03:00:00,Razorpay,success,495.13,5.17,INR,2026-01-27 03:00:00
PAY000009432,ORD00009227,2026-07-02 04:00:00,Razorpay,success,1245.76,21.39,inr,2026-07-02 04:00:00
PAY000009433,ORD00000714,2026-03-08 04:00:00,Stripe,success,813.06,10.15,INR,2026-03-08 04:00:00
PAY000009434,ORD00000475,2026-08-07 08:00:00,Cashfree,success,879.49,9.65,inr,2026-08-07 08:00:00
PAY000009435,ORD00007830,2026-08-07 22:00:00,razorpay ,success,1180.98,11.74,INR,2026-08-07 22:00:00
PAY000009436,ORD00006641,2026-01-30 19:00:00,razorpay ,PENDING,2208.46,31.62,INR,2026-01-30 19:00:00
PAY000009437,ORD00010709,2026-03-19 16:00:00,PayU,success,570.64,29.32,INR,2026-03-19 16:00:00
PAY000009438,ORD00007878,2026-04-25 03:00:00,razorpay ,PENDING,1858.45,4.02,inr,2026-04-25 03:00:00
PAY000009439,ORD00006460,2026-07-22 01:00:00,Stripe,success,1380.39,33.71,INR,2026-07-22 01:00:00
PAY000009440,ORD00008702,2026-08-20 23:00:00,Razorpay,REFUNDED,1124.53,18.19,INR,2026-08-20 23:00:00
PAY000009441,ORD00008320,2026-04-26 01:00:00,razorpay ,success,456.48,12.42,INR,2026-04-26 01:00:00
PAY000009442,ORD00007795,2026-02-16 06:00:00,Stripe,success,470.51,17.24,INR,2026-02-16 06:00:00
PAY000009443,ORD00009596,2026-08-22 08:00:00,razorpay ,Failed,1696.5,9.21,INR,2026-08-22 08:00:00
PAY000009444,ORD00003285,2026-06-25 14:00:00,Stripe,success,845.97,17.01,inr,2026-06-25 14:00:00
PAY000009445,ORD00010826,2026-06-01 14:00:00,Razorpay,REFUNDED,829.14,28.64,INR,2026-06-01 14:00:00
PAY000009446,ORD00000537,2026-04-15 19:00:00,PayU,success,924.65,25.5,INR,2026-04-15 19:00:00
PAY000009447,ORD00000780,2026-06-03 10:00:00,Razorpay,success,2531.34,10.85,INR,2026-06-03 10:00:00
PAY000009448,ORD00000800,2026-02-01 13:00:00,Stripe,REFUNDED,790.34,13.36,INR,2026-02-01 13:00:00
PAY000009449,ORD00010911,2026-06-03 10:00:00,Stripe,success,553.15,23.23,INR,2026-06-03 10:00:00
PAY000009450,ORD00010008,2026-01-06 08:00:00,razorpay ,success,1486.76,20.18,INR,2026-01-06 08:00:00
PAY000009451,ORD00010454,2026-04-08 14:00:00,razorpay ,success,849.68,24.15,INR,2026-04-08 14:00:00
PAY000009452,ORD00008872,2026-07-10 16:00:00,PayU,success,769.09,21.04,Rs,2026-07-10 16:00:00
PAY000009453,ORD00010398,2026-01-19 17:00:00,Cashfree,success,963.78,12.35,INR,2026-01-19 17:00:00
PAY000009454,ORD00000223,2026-04-10 20:00:00,razorpay ,success,500.17,24.66,INR,2026-04-10 20:00:00
PAY000009455,ORD00005056,2026-01-26 04:00:00,PayU,REFUNDED,544.41,20.96,INR,2026-01-26 04:00:00
PAY000009456,ORD00000173,2026-03-19 02:00:00,Razorpay,success,884.28,10.27,INR,2026-03-19 02:00:00
PAY000009457,ORD00008977,2026-02-13 05:00:00,razorpay ,success,711.8,32.09,INR,2026-02-13 05:00:00
PAY000009458,ORD00006945,2026-02-11 21:00:00,Razorpay,success,1243.97,11.57,inr,2026-02-11 21:00:00
PAY000009459,ORD00006717,2026-06-09 01:00:00,Stripe,success,656.51,4.97,INR,2026-06-09 01:00:00
PAY000009460,ORD00009867,2026-08-08 22:00:00,Stripe,success,1243.83,14.23,INR,2026-08-08 22:00:00
PAY000009461,ORD00005250,2026-04-28 02:00:00,Cashfree,Failed,2112.2,14.0,INR,2026-04-28 02:00:00
PAY000009462,ORD00005480,2026-05-02 02:00:00,Stripe,success,863.69,10.98,inr,2026-05-02 02:00:00
PAY000009463,ORD00004473,2026-03-30 09:00:00,Cashfree,success,1193.57,25.8,inr,2026-03-30 09:00:00
PAY000009464,ORD00002770,2026-06-19 19:00:00,PayU,success,1220.94,2.37,INR,2026-06-19 19:00:00
PAY000009465,ORD00002623,2026-07-30 06:00:00,Stripe,success,821.92,5.86,INR,2026-07-30 06:00:00
PAY000009466,ORD00007655,2026-08-09 05:00:00,Stripe,success,1128.86,4.18,INR,2026-08-09 05:00:00
PAY000009467,ORD00001139,2026-08-10 00:00:00,PayU,success,1012.5,5.05,INR,2026-08-10 00:00:00
PAY000009468,ORD00003706,2026-04-10 21:00:00,Stripe,success,2448.13,27.81,INR,2026-04-10 21:00:00
PAY000009469,ORD00004555,2026-03-08 14:00:00,Cashfree,success,735.91,24.21,INR,2026-03-08 14:00:00
PAY000009470,ORD00006312,2026-02-14 14:00:00,Stripe,PENDING,4322.67,20.31,INR,2026-02-14 14:00:00
PAY000009471,ORD00009319,2026-01-10 21:00:00,Cashfree,success,747.94,27.48,INR,2026-01-10 21:00:00
PAY000009472,ORD00001860,2026-01-28 09:00:00,PayU,Failed,996.4,21.44,INR,2026-01-28 09:00:00
PAY000009473,ORD00002333,2026-02-20 23:00:00,PayU,success,1341.63,22.74,INR,2026-02-20 23:00:00
PAY000009474,ORD00000414,2026-03-25 05:00:00,PayU,success,1784.01,17.64,INR,2026-03-25 05:00:00
PAY000009475,ORD00000261,2026-02-20 02:00:00,PayU,success,368.85,30.42,INR,2026-02-20 02:00:00
PAY000009476,ORD00008946,2026-05-04 20:00:00,Stripe,success,2340.95,5.86,INR,2026-05-04 20:00:00
PAY000009477,ORD00007872,2026-07-06 06:00:00,Stripe,success,1372.97,17.66,INR,2026-07-06 06:00:00
PAY000009478,ORD00003250,2026-03-16 02:00:00,Stripe,success,381.78,22.53,INR,2026-03-16 02:00:00
PAY000009479,ORD00007473,2026-07-03 12:00:00,Stripe,success,307.45,16.47,INR,2026-07-03 12:00:00
PAY000009480,ORD00011223,2026-07-15 01:00:00,Stripe,Failed,787.47,32.7,INR,2026-07-15 01:00:00
PAY000009481,ORD00001398,2026-07-15 22:00:00,Razorpay,success,2027.96,30.39,INR,2026-07-15 22:00:00
PAY000009482,ORD00004141,2026-05-14 12:00:00,razorpay ,success,1743.84,34.77,INR,2026-05-14 12:00:00
PAY000009483,ORD00002387,2026-07-10 09:00:00,razorpay ,PENDING,1172.12,9.31,Rs,2026-07-10 09:00:00
PAY000009484,ORD00011178,2026-02-21 17:00:00,Cashfree,success,673.35,16.41,INR,2026-02-21 17:00:00
PAY000009485,ORD00009736,2026-07-13 21:00:00,PayU,success,676.28,12.45,INR,2026-07-13 21:00:00
PAY000009486,ORD00011370,2026-08-26 17:00:00,Stripe,success,907.51,2.2,INR,2026-08-26 17:00:00
PAY000009487,ORD00011515,2026-01-28 21:00:00,PayU,PENDING,985.19,18.01,INR,2026-01-28 21:00:00
PAY000009488,ORD00010444,2026-03-09 19:00:00,Razorpay,success,904.84,25.99,INR,2026-03-09 19:00:00
PAY000009489,ORD00002766,2026-02-17 22:00:00,Stripe,success,1058.49,31.46,INR,2026-02-17 22:00:00
PAY000009490,ORD00009625,2026-05-10 09:00:00,razorpay ,Failed,3618.6,34.12,INR,2026-05-10 09:00:00
PAY000009491,ORD00002138,2026-08-01 11:00:00,Stripe,success,2199.88,2.67,INR,2026-08-01 11:00:00
PAY000009492,ORD00006458,2026-07-21 14:00:00,razorpay ,success,591.26,17.38,Rs,2026-07-21 14:00:00
PAY000009493,ORD00011335,2026-06-24 15:00:00,Razorpay,success,1148.77,10.6,inr,2026-06-24 15:00:00
PAY000009494,ORD00008063,2026-07-11 09:00:00,razorpay ,success,2398.23,20.32,INR,2026-07-11 09:00:00
PAY000009495,ORD00005070,2026-04-28 21:00:00,razorpay ,success,1139.32,22.98,INR,2026-04-28 21:00:00
PAY000009496,ORD00007505,2026-01-06 08:00:00,Stripe,success,1456.84,4.56,INR,2026-01-06 08:00:00
PAY000009497,ORD00004848,2026-08-20 03:00:00,Cashfree,success,899.67,29.1,INR,2026-08-20 03:00:00
PAY000009498,ORD00008632,2026-02-01 21:00:00,Stripe,success,292.43,31.4,INR,2026-02-01 21:00:00
PAY000009499,ORD00002035,2026-01-26 19:00:00,razorpay ,success,3483.9,26.69,INR,2026-01-26 19:00:00
PAY000009500,ORD00001651,2026-07-30 06:00:00,Razorpay,success,412.59,2.37,INR,2026-07-30 06:00:00
PAY000003541,ORD00003356,2026-06-06 13:00:00,razorpay ,success,1122.46,28.71,Rs,2026-06-06 13:00:00
PAY000003277,ORD00011484,2026-03-20 03:00:00,razorpay ,Failed,394.5,30.86,INR,2026-03-20 03:00:00
PAY000005415,ORD00002478,2026-07-09 14:00:00,Razorpay,success,768.81,27.47,INR,2026-07-09 14:00:00
PAY000006969,ORD00005854,2026-06-16 23:00:00,Razorpay,success,459.34,11.37,INR,2026-06-16 23:00:00
PAY000007955,ORD00006538,2026-03-25 04:00:00,PayU,success,545.95,30.09,INR,2026-03-25 04:00:00
PAY000002716,ORD00005840,2026-04-25 22:00:00,PayU,success,1279.19,6.48,INR,2026-04-25 22:00:00
PAY000005242,ORD00007438,2026-01-06 20:00:00,PayU,success,361.22,24.83,INR,2026-01-06 20:00:00
PAY000008118,ORD00008120,2026-08-10 17:00:00,Cashfree,success,362.51,8.04,INR,2026-08-10 17:00:00
PAY000007794,ORD00001441,2026-06-04 12:00:00,Cashfree,success,687.16,23.07,INR,2026-06-04 12:00:00
PAY000006169,ORD00010158,2026-06-02 20:00:00,Stripe,success,881.28,30.27,INR,2026-06-02 20:00:00
PAY000005579,ORD00011033,2026-03-16 04:00:00,PayU,success,2532.54,13.57,inr,2026-03-16 04:00:00
PAY000006902,ORD00004870,2026-07-06 12:00:00,Stripe,success,899.88,30.39,INR,2026-07-06 12:00:00
PAY000005799,ORD00002281,2026-05-22 23:00:00,Cashfree,success,2760.36,10.52,inr,2026-05-22 23:00:00
PAY000005755,ORD00007390,2026-01-12 09:00:00,Cashfree,Failed,2316.64,26.98,inr,2026-01-12 09:00:00
PAY000005566,ORD00003919,2026-05-09 06:00:00,PayU,success,873.5,9.24,Rs,2026-05-09 06:00:00
PAY000001227,ORD00004298,2026-04-22 16:00:00,razorpay ,success,689.22,14.45,Rs,2026-04-22 16:00:00
PAY000007075,ORD00004675,2026-05-05 12:00:00,Stripe,success,907.88,5.69,INR,2026-05-05 12:00:00
PAY000006165,ORD00006510,2026-05-15 12:00:00,Stripe,success,3334.75,26.01,inr,2026-05-15 12:00:00
PAY000005375,ORD00009121,2026-04-10 00:00:00,PayU,success,1890.45,3.56,INR,2026-04-10 00:00:00
PAY000002164,ORD00008303,2026-07-08 19:00:00,Cashfree,success,1191.12,30.21,INR,2026-07-08 19:00:00
PAY000002286,ORD00004696,2026-07-22 14:00:00,razorpay ,success,536.53,33.04,INR,2026-07-22 14:00:00
PAY000006539,ORD00000475,2026-08-21 02:00:00,Razorpay,success,1308.19,18.3,Rs,2026-08-21 02:00:00
PAY000006334,ORD00004969,2026-08-04 01:00:00,razorpay ,success,1308.57,26.6,INR,2026-08-04 01:00:00
PAY000004708,ORD00007058,2026-07-13 00:00:00,PayU,success,956.91,13.23,inr,2026-07-13 00:00:00
PAY000007689,ORD00006161,2026-03-07 13:00:00,razorpay ,success,712.44,9.98,INR,2026-03-07 13:00:00
PAY000005195,ORD00002862,2026-05-06 01:00:00,Razorpay,success,687.6,9.22,Rs,2026-05-06 01:00:00
PAY000004565,ORD00005917,2026-07-05 13:00:00,razorpay ,success,518.0,21.33,INR,2026-07-05 13:00:00
PAY000008059,ORD00006766,2026-05-14 07:00:00,razorpay ,success,456.94,20.57,INR,2026-05-14 07:00:00
PAY000007085,ORD00002375,2026-05-19 10:00:00,Stripe,PENDING,1527.41,31.32,INR,2026-05-19 10:00:00
PAY000007893,ORD00008588,2026-05-29 00:00:00,Razorpay,success,1760.12,13.33,INR,2026-05-29 00:00:00
